solid 
facet normal -0.4694731026963434 0.0 -0.8829467740722928
outer loop
vertex 205.87124633789062 -149.0 323.6275939941406
vertex 205.87124633789062 -137.0 323.6275939941406
vertex 209.13816833496094 -146.8000030517578 321.8905334472656
endloop
endfacet
facet normal -0.4694731026963434 -0.0 -0.8829467740722928
outer loop
vertex 205.87124633789062 -137.0 323.6275939941406
vertex 209.13816833496094 -139.1999969482422 321.8905334472656
vertex 209.13816833496094 -146.8000030517578 321.8905334472656
endloop
endfacet
facet normal -0.8829469245704478 0.0 0.4694728196515622
outer loop
vertex 205.87124633789062 -149.0 323.6275939941406
vertex 208.38214111328125 -149.0 328.3498840332031
vertex 208.38214111328125 -137.0 328.3498840332031
endloop
endfacet
facet normal -0.8829469245704478 0.0 0.4694728196515622
outer loop
vertex 205.87124633789062 -149.0 323.6275939941406
vertex 208.38214111328125 -137.0 328.3498840332031
vertex 205.87124633789062 -137.0 323.6275939941406
endloop
endfacet
facet normal -0.4694711684139521 -3.684398088163641e-06 -0.882947802542406
outer loop
vertex 205.87124633789062 -149.0 323.6275939941406
vertex 209.13816833496094 -146.8000030517578 321.8905334472656
vertex 222.02920532226562 -146.8000030517578 315.0362548828125
endloop
endfacet
facet normal 0.0 -1.0 0.0
outer loop
vertex 205.87124633789062 -149.0 323.6275939941406
vertex 225.2960968017578 -149.0 313.2992248535156
vertex 208.38214111328125 -149.0 328.3498840332031
endloop
endfacet
facet normal -0.46947131261677716 3.409722829399259e-06 -0.882947725869575
outer loop
vertex 205.87124633789062 -137.0 323.6275939941406
vertex 225.2960968017578 -137.0 313.2992248535156
vertex 209.13816833496094 -139.1999969482422 321.8905334472656
endloop
endfacet
facet normal -0.0 0.9999999999999999 0.0
outer loop
vertex 205.87124633789062 -137.0 323.6275939941406
vertex 208.38214111328125 -137.0 328.3498840332031
vertex 227.38973999023438 -137.0 317.2367858886719
endloop
endfacet
facet normal -0.4694713126182364 -2.325875465127948e-06 -0.8829477258723194
outer loop
vertex 205.87124633789062 -149.0 323.6275939941406
vertex 222.02920532226562 -146.8000030517578 315.0362548828125
vertex 225.2960968017578 -149.0 313.2992248535156
endloop
endfacet
facet normal -0.469471168416151 2.051203270274781e-06 -0.8829478025465417
outer loop
vertex 209.13816833496094 -139.1999969482422 321.8905334472656
vertex 225.2960968017578 -137.0 313.2992248535156
vertex 222.02920532226562 -139.1999969482422 315.0362548828125
endloop
endfacet
facet normal -0.0 1.0 0.0
outer loop
vertex 209.13816833496094 -146.8000030517578 321.8905334472656
vertex 214.91265869140625 -146.8000030517578 332.75079345703125
vertex 222.02920532226562 -146.8000030517578 315.0362548828125
endloop
endfacet
facet normal 0.8829480080865526 0.0 -0.4694707818554731
outer loop
vertex 209.13816833496094 -146.8000030517578 321.8905334472656
vertex 209.13816833496094 -139.1999969482422 321.8905334472656
vertex 214.91265869140625 -139.1999969482422 332.75079345703125
endloop
endfacet
facet normal 0.8829480080865526 0.0 -0.4694707818554731
outer loop
vertex 209.13816833496094 -146.8000030517578 321.8905334472656
vertex 214.91265869140625 -139.1999969482422 332.75079345703125
vertex 214.91265869140625 -146.8000030517578 332.75079345703125
endloop
endfacet
facet normal -0.882947689237993 0.0 0.46947138152318574
outer loop
vertex 208.38214111328125 -149.0 328.3498840332031
vertex 218.57960510253906 -146.0 347.5285339355469
vertex 208.38214111328125 -137.0 328.3498840332031
endloop
endfacet
facet normal 0.0 -1.0 0.0
outer loop
vertex 208.38214111328125 -149.0 328.3498840332031
vertex 227.38973999023438 -149.0 317.2367858886719
vertex 218.68008422851562 -149.0 347.7174987792969
endloop
endfacet
facet normal 0.0 -1.0 0.0
outer loop
vertex 209.13816833496094 -139.1999969482422 321.8905334472656
vertex 227.80368041992188 -139.1999969482422 325.8965148925781
vertex 214.91265869140625 -139.1999969482422 332.75079345703125
endloop
endfacet
facet normal -0.8829475987928019 -1.3948707132106011e-06 0.46947155162382254
outer loop
vertex 208.38214111328125 -149.0 328.3498840332031
vertex 218.68008422851562 -149.0 347.7174987792969
vertex 218.57960510253906 -146.0 347.5285339355469
endloop
endfacet
facet normal -0.882947689237993 0.0 0.46947138152318574
outer loop
vertex 208.38214111328125 -137.0 328.3498840332031
vertex 218.57960510253906 -146.0 347.5285339355469
vertex 218.57960510253906 -137.0 347.5285339355469
endloop
endfacet
facet normal 0.0 1.0 0.0
outer loop
vertex 208.38214111328125 -137.0 328.3498840332031
vertex 218.57960510253906 -137.0 347.5285339355469
vertex 219.00328063964844 -137.0 347.5285339355469
endloop
endfacet
facet normal -0.8829384192333767 0.0 0.46948881545960797
outer loop
vertex 218.57960510253906 -146.0 347.5285339355469
vertex 218.68008422851562 -149.0 347.7174987792969
vertex 218.68008422851562 -146.0 347.7174987792969
endloop
endfacet
facet normal 0.0 -1.0 0.0
outer loop
vertex 218.22813415527344 -146.0 347.5285339355469
vertex 218.57960510253906 -146.0 347.5285339355469
vertex 218.68008422851562 -146.0 347.7174987792969
endloop
endfacet
facet normal 0.0 0.0 -1.0
outer loop
vertex 218.22813415527344 -146.0 347.5285339355469
vertex 218.22813415527344 -112.0 347.5285339355469
vertex 218.57960510253906 -146.0 347.5285339355469
endloop
endfacet
facet normal 0.0 0.0 -1.0
outer loop
vertex 218.57960510253906 -146.0 347.5285339355469
vertex 218.22813415527344 -112.0 347.5285339355469
vertex 218.57960510253906 -137.0 347.5285339355469
endloop
endfacet
facet normal 0.0 0.0 -1.0
outer loop
vertex 218.57960510253906 -137.0 347.5285339355469
vertex 218.22813415527344 -112.0 347.5285339355469
vertex 219.00328063964844 -137.0 347.5285339355469
endloop
endfacet
facet normal -1.0 0.0 0.0
outer loop
vertex 218.22813415527344 -146.0 347.5285339355469
vertex 218.22813415527344 -146.0 359.5285339355469
vertex 218.22813415527344 -115.0 355.07269287109375
endloop
endfacet
facet normal -1.0 0.0 0.0
outer loop
vertex 218.22813415527344 -146.0 347.5285339355469
vertex 218.22813415527344 -115.0 355.07269287109375
vertex 218.22813415527344 -112.0 347.5285339355469
endloop
endfacet
facet normal 0.0 0.0 -1.0
outer loop
vertex 215.98574829101562 -115.0 355.07269287109375
vertex 218.22813415527344 -112.0 355.07269287109375
vertex 218.22813415527344 -115.0 355.07269287109375
endloop
endfacet
facet normal -0.9999999999999999 0.0 0.0
outer loop
vertex 218.22813415527344 -112.0 347.5285339355469
vertex 218.22813415527344 -115.0 355.07269287109375
vertex 218.22813415527344 -112.0 355.07269287109375
endloop
endfacet
facet normal 0.0 -1.0 0.0
outer loop
vertex 215.98574829101562 -115.0 355.07269287109375
vertex 218.22813415527344 -115.0 359.5285339355469
vertex 216.22813415527344 -115.0 361.5285339355469
endloop
endfacet
facet normal -1.0 0.0 0.0
outer loop
vertex 218.22813415527344 -146.0 359.5285339355469
vertex 218.22813415527344 -115.0 359.5285339355469
vertex 218.22813415527344 -115.0 355.07269287109375
endloop
endfacet
facet normal 0.0 -1.0 0.0
outer loop
vertex 215.98574829101562 -115.0 355.07269287109375
vertex 218.22813415527344 -115.0 355.07269287109375
vertex 218.22813415527344 -115.0 359.5285339355469
endloop
endfacet
facet normal -0.9992959231452745 0.0 0.03751876843972367
outer loop
vertex 215.98574829101562 -115.0 355.07269287109375
vertex 216.22813415527344 -115.0 361.5285339355469
vertex 216.22813415527344 -7.0 361.5285339355469
endloop
endfacet
facet normal -0.9992959297947199 0.0 0.037518591334246745
outer loop
vertex 202.2551727294922 -7.0 329.24920654296875
vertex 202.49755859375 -7.0 335.705078125
vertex 202.2551727294922 5.0 329.24920654296875
endloop
endfacet
facet normal 0.0 0.0 -1.0
outer loop
vertex 202.2551727294922 -7.0 329.24920654296875
vertex 207.3980255126953 5.0 329.24920654296875
vertex 216.0043487548828 -5.0 329.24920654296875
endloop
endfacet
facet normal -0.0 -1.0 0.0
outer loop
vertex 202.2551727294922 -7.0 329.24920654296875
vertex 227.16085815429688 -7.0 343.2369384765625
vertex 202.49755859375 -7.0 335.705078125
endloop
endfacet
facet normal -0.4694676954236088 0.0 -0.8829496491610638
outer loop
vertex 214.26614379882812 -2.799999952316284 319.1639709472656
vertex 211.4407196044922 -5.0 320.666259765625
vertex 211.4407196044922 5.0 320.666259765625
endloop
endfacet
facet normal -0.8829477926394907 0.0 0.46947118705310426
outer loop
vertex 211.4407196044922 -5.0 320.666259765625
vertex 214.7204132080078 -5.0 326.83447265625
vertex 214.7204132080078 5.0 326.83447265625
endloop
endfacet
facet normal -0.4694713342609157 5.994503443560509e-06 -0.8829477143474247
outer loop
vertex 214.26614379882812 -2.799999952316284 319.1639709472656
vertex 222.74244689941406 -2.799999952316284 314.65704345703125
vertex 211.4407196044922 -5.0 320.666259765625
endloop
endfacet
facet normal 0.0 -1.0 0.0
outer loop
vertex 211.4407196044922 -5.0 320.666259765625
vertex 225.56787109375 -5.0 313.15472412109375
vertex 214.7204132080078 -5.0 326.83447265625
endloop
endfacet
facet normal -0.0 1.0 0.0
outer loop
vertex 214.26614379882812 -2.799999952316284 319.1639709472656
vertex 220.04063415527344 -2.799999952316284 330.0242004394531
vertex 222.74244689941406 -2.799999952316284 314.65704345703125
endloop
endfacet
facet normal -0.8829477801442928 0.0 0.46947121055317703
outer loop
vertex 214.7204132080078 -5.0 326.83447265625
vertex 216.0043487548828 -5.0 329.24920654296875
vertex 216.0043487548828 5.0 329.24920654296875
endloop
endfacet
facet normal 0.8829474612424443 0.0 -0.46947181032040936
outer loop
vertex 214.26614379882812 -2.799999952316284 319.1639709472656
vertex 220.04063415527344 2.799999952316284 330.0242004394531
vertex 220.04063415527344 -2.799999952316284 330.0242004394531
endloop
endfacet
facet normal 0.0 0.0 -1.0
outer loop
vertex 202.2551727294922 -7.0 329.24920654296875
vertex 216.0043487548828 -5.0 329.24920654296875
vertex 234.12545776367188 -5.0 329.24920654296875
endloop
endfacet
facet normal -0.9992959231452745 0.0 0.03751876843972367
outer loop
vertex 215.98574829101562 -115.0 355.07269287109375
vertex 216.22813415527344 -7.0 361.5285339355469
vertex 215.98574829101562 -7.0 355.07269287109375
endloop
endfacet
facet normal 0.0 -1.0 0.0
outer loop
vertex 202.49755859375 -7.0 335.705078125
vertex 227.56483459472656 -7.0 353.9967041015625
vertex 215.98574829101562 -7.0 355.07269287109375
endloop
endfacet
facet normal 0.0 -1.0 0.0
outer loop
vertex 202.49755859375 -7.0 335.705078125
vertex 227.16085815429688 -7.0 343.2369384765625
vertex 227.56483459472656 -7.0 353.9967041015625
endloop
endfacet
facet normal 0.0 -1.0 0.0
outer loop
vertex 202.49755859375 -7.0 335.705078125
vertex 215.98574829101562 -7.0 355.07269287109375
vertex 216.22813415527344 -7.0 361.5285339355469
endloop
endfacet
facet normal -0.8829475850784313 0.0 0.46947157741887463
outer loop
vertex 202.49755859375 -7.0 335.705078125
vertex 216.22813415527344 -7.0 361.5285339355469
vertex 216.22813415527344 -5.0 361.5285339355469
endloop
endfacet
facet normal -0.8829475850784313 0.0 0.46947157741887463
outer loop
vertex 202.49755859375 -7.0 335.705078125
vertex 216.22813415527344 -5.0 361.5285339355469
vertex 216.22813415527344 7.0 361.5285339355469
endloop
endfacet
facet normal 0.0 1.0 0.0
outer loop
vertex 205.87124633789062 -137.0 323.6275939941406
vertex 227.38973999023438 -137.0 317.2367858886719
vertex 225.2960968017578 -137.0 313.2992248535156
endloop
endfacet
facet normal -0.46947009153901886 0.0 -0.8829483751331928
outer loop
vertex 222.02920532226562 -146.8000030517578 315.0362548828125
vertex 222.02920532226562 -139.1999969482422 315.0362548828125
vertex 225.2960968017578 -147.7373046875 313.2992248535156
endloop
endfacet
facet normal 0.0 -1.0 0.0
outer loop
vertex 208.38214111328125 -149.0 328.3498840332031
vertex 225.2960968017578 -149.0 313.2992248535156
vertex 227.38973999023438 -149.0 317.2367858886719
endloop
endfacet
facet normal 0.0 -1.0 0.0
outer loop
vertex 209.13816833496094 -139.1999969482422 321.8905334472656
vertex 222.02920532226562 -139.1999969482422 315.0362548828125
vertex 227.80368041992188 -139.1999969482422 325.8965148925781
endloop
endfacet
facet normal 0.0 1.0 0.0
outer loop
vertex 214.91265869140625 -146.8000030517578 332.75079345703125
vertex 227.80368041992188 -146.8000030517578 325.8965148925781
vertex 222.02920532226562 -146.8000030517578 315.0362548828125
endloop
endfacet
facet normal -0.4694700915390189 -0.0 -0.8829483751331928
outer loop
vertex 222.02920532226562 -146.8000030517578 315.0362548828125
vertex 225.2960968017578 -147.7373046875 313.2992248535156
vertex 225.2960968017578 -149.0 313.2992248535156
endloop
endfacet
facet normal -0.4694700915390188 -0.0 -0.8829483751331927
outer loop
vertex 222.02920532226562 -139.1999969482422 315.0362548828125
vertex 225.2960968017578 -137.0 313.2992248535156
vertex 225.2960968017578 -147.7373046875 313.2992248535156
endloop
endfacet
facet normal -0.8829485223178232 0.0 0.4694698147237716
outer loop
vertex 222.02920532226562 -146.8000030517578 315.0362548828125
vertex 227.80368041992188 -146.8000030517578 325.8965148925781
vertex 222.02920532226562 -139.1999969482422 315.0362548828125
endloop
endfacet
facet normal 0.8829471422028867 0.0 -0.4694724103456508
outer loop
vertex 225.2960968017578 -149.0 313.2992248535156
vertex 225.2960968017578 -147.7373046875 313.2992248535156
vertex 227.38973999023438 -149.0 317.2367858886719
endloop
endfacet
facet normal 0.8829471422028867 0.0 -0.4694724103456508
outer loop
vertex 225.2960968017578 -147.7373046875 313.2992248535156
vertex 225.2960968017578 -137.0 313.2992248535156
vertex 227.38973999023438 -149.0 317.2367858886719
endloop
endfacet
facet normal 0.8829471422028867 0.0 -0.46947241034565085
outer loop
vertex 225.2960968017578 -137.0 313.2992248535156
vertex 227.38973999023438 -137.0 317.2367858886719
vertex 227.38973999023438 -149.0 317.2367858886719
endloop
endfacet
facet normal -0.8829485223178232 0.0 0.4694698147237716
outer loop
vertex 222.02920532226562 -139.1999969482422 315.0362548828125
vertex 227.80368041992188 -146.8000030517578 325.8965148925781
vertex 227.80368041992188 -139.1999969482422 325.8965148925781
endloop
endfacet
facet normal -0.46947160164017826 0.0 -0.8829475721997347
outer loop
vertex 214.91265869140625 -146.8000030517578 332.75079345703125
vertex 214.91265869140625 -139.1999969482422 332.75079345703125
vertex 227.80368041992188 -139.1999969482422 325.8965148925781
endloop
endfacet
facet normal -0.46947160164017826 -0.0 -0.8829475721997347
outer loop
vertex 214.91265869140625 -146.8000030517578 332.75079345703125
vertex 227.80368041992188 -139.1999969482422 325.8965148925781
vertex 227.80368041992188 -146.8000030517578 325.8965148925781
endloop
endfacet
facet normal -0.0 1.0 0.0
outer loop
vertex 208.38214111328125 -137.0 328.3498840332031
vertex 237.68768310546875 -137.0 336.6044006347656
vertex 227.38973999023438 -137.0 317.2367858886719
endloop
endfacet
facet normal 0.8829475987936609 0.0 -0.4694715516242792
outer loop
vertex 227.38973999023438 -149.0 317.2367858886719
vertex 227.38973999023438 -137.0 317.2367858886719
vertex 237.68768310546875 -137.0 336.6044006347656
endloop
endfacet
facet normal 0.0 -1.0 0.0
outer loop
vertex 218.68008422851562 -149.0 347.7174987792969
vertex 227.38973999023438 -149.0 317.2367858886719
vertex 237.68768310546875 -149.0 336.6044006347656
endloop
endfacet
facet normal 0.8829475987936609 0.0 -0.4694715516242792
outer loop
vertex 227.38973999023438 -149.0 317.2367858886719
vertex 237.68768310546875 -137.0 336.6044006347656
vertex 237.68768310546875 -149.0 336.6044006347656
endloop
endfacet
facet normal -0.0 1.0 0.0
outer loop
vertex 208.38214111328125 -137.0 328.3498840332031
vertex 219.00328063964844 -137.0 347.5285339355469
vertex 237.68768310546875 -137.0 336.6044006347656
endloop
endfacet
facet normal -0.8829474142016371 0.0 0.46947189879122947
outer loop
vertex 218.68008422851562 -149.0 347.7174987792969
vertex 224.9601287841797 -146.0 359.5285339355469
vertex 218.68008422851562 -146.0 347.7174987792969
endloop
endfacet
facet normal 0.0 -1.0 0.0
outer loop
vertex 218.22813415527344 -146.0 347.5285339355469
vertex 218.68008422851562 -146.0 347.7174987792969
vertex 224.9601287841797 -146.0 359.5285339355469
endloop
endfacet
facet normal 0.0 -1.0 0.0
outer loop
vertex 218.22813415527344 -146.0 347.5285339355469
vertex 224.9601287841797 -146.0 359.5285339355469
vertex 218.22813415527344 -146.0 359.5285339355469
endloop
endfacet
facet normal 0.0 -0.0 0.9999999999999999
outer loop
vertex 218.22813415527344 -146.0 359.5285339355469
vertex 224.9601287841797 -137.0 359.5285339355469
vertex 218.22813415527344 -115.0 359.5285339355469
endloop
endfacet
facet normal 0.0 0.0 1.0
outer loop
vertex 218.22813415527344 -146.0 359.5285339355469
vertex 224.9601287841797 -146.0 359.5285339355469
vertex 224.9601287841797 -137.0 359.5285339355469
endloop
endfacet
facet normal -0.8829475805055793 1.5795298281223913e-06 0.4694715860165007
outer loop
vertex 218.68008422851562 -149.0 347.7174987792969
vertex 228.97801208496094 -149.0 367.0850830078125
vertex 224.9601287841797 -146.0 359.5285339355469
endloop
endfacet
facet normal 0.0 0.0 -1.0
outer loop
vertex 219.00328063964844 -137.0 347.5285339355469
vertex 218.22813415527344 -112.0 347.5285339355469
vertex 250.22813415527344 -112.0 347.5285339355469
endloop
endfacet
facet normal -0.0 1.0 0.0
outer loop
vertex 219.00328063964844 -137.0 347.5285339355469
vertex 243.49615478515625 -137.0 347.5285339355469
vertex 237.68768310546875 -137.0 336.6044006347656
endloop
endfacet
facet normal 0.0 -0.9999999999999999 0.0
outer loop
vertex 218.68008422851562 -149.0 347.7174987792969
vertex 237.68768310546875 -149.0 336.6044006347656
vertex 228.97801208496094 -149.0 367.0850830078125
endloop
endfacet
facet normal 0.0 1.0 0.0
outer loop
vertex 218.22813415527344 -112.0 347.5285339355469
vertex 218.22813415527344 -112.0 355.07269287109375
vertex 250.22813415527344 -112.0 355.07269287109375
endloop
endfacet
facet normal -0.0 0.0 0.9999999999999999
outer loop
vertex 218.22813415527344 -115.0 359.5285339355469
vertex 224.9601287841797 -137.0 359.5285339355469
vertex 241.90257263183594 -137.0 359.5285339355469
endloop
endfacet
facet normal 0.0 -1.0 0.0
outer loop
vertex 218.22813415527344 -115.0 359.5285339355469
vertex 252.22813415527344 -115.0 361.5285339355469
vertex 216.22813415527344 -115.0 361.5285339355469
endloop
endfacet
facet normal 0.0 -0.0 -0.9999999999999999
outer loop
vertex 215.98574829101562 -115.0 355.07269287109375
vertex 251.98574829101562 -7.0 355.07269287109375
vertex 218.22813415527344 -112.0 355.07269287109375
endloop
endfacet
facet normal -0.46947136569384595 6.201634389729486e-06 -0.8829476976328182
outer loop
vertex 211.4407196044922 -5.0 320.666259765625
vertex 222.74244689941406 -2.799999952316284 314.65704345703125
vertex 225.56787109375 -5.0 313.15472412109375
endloop
endfacet
facet normal 0.0 -1.0 0.0
outer loop
vertex 214.7204132080078 -5.0 326.83447265625
vertex 225.56787109375 -5.0 313.15472412109375
vertex 228.5441131591797 -5.0 318.7522277832031
endloop
endfacet
facet normal -0.46947513025807625 0.0 -0.8829456959910742
outer loop
vertex 222.74244689941406 -2.799999952316284 314.65704345703125
vertex 222.74244689941406 2.799999952316284 314.65704345703125
vertex 225.56787109375 -5.0 313.15472412109375
endloop
endfacet
facet normal -0.8829474612424443 0.0 0.46947181032040936
outer loop
vertex 222.74244689941406 -2.799999952316284 314.65704345703125
vertex 228.51693725585938 -2.799999952316284 325.51727294921875
vertex 222.74244689941406 2.799999952316284 314.65704345703125
endloop
endfacet
facet normal 0.8829478168368896 0.0 -0.46947114154436603
outer loop
vertex 225.56787109375 -5.0 313.15472412109375
vertex 225.56787109375 5.0 313.15472412109375
vertex 228.5441131591797 -5.0 318.7522277832031
endloop
endfacet
facet normal -0.0 1.0 -0.0
outer loop
vertex 222.74244689941406 -2.799999952316284 314.65704345703125
vertex 220.04063415527344 -2.799999952316284 330.0242004394531
vertex 228.51693725585938 -2.799999952316284 325.51727294921875
endloop
endfacet
facet normal 0.0 -1.0 0.0
outer loop
vertex 214.7204132080078 -5.0 326.83447265625
vertex 228.5441131591797 -5.0 318.7522277832031
vertex 234.12545776367188 -5.0 329.24920654296875
endloop
endfacet
facet normal 0.0 -0.9999999999999999 0.0
outer loop
vertex 214.7204132080078 -5.0 326.83447265625
vertex 234.12545776367188 -5.0 329.24920654296875
vertex 216.0043487548828 -5.0 329.24920654296875
endloop
endfacet
facet normal 0.0 -0.9999999999999999 0.0
outer loop
vertex 202.2551727294922 -7.0 329.24920654296875
vertex 238.2551727294922 -7.0 329.24920654296875
vertex 227.16085815429688 -7.0 343.2369384765625
endloop
endfacet
facet normal 0.0 0.0 -1.0
outer loop
vertex 202.2551727294922 -7.0 329.24920654296875
vertex 234.12545776367188 -5.0 329.24920654296875
vertex 238.2551727294922 -7.0 329.24920654296875
endloop
endfacet
facet normal -0.46947133426935067 -0.0 -0.8829477143632886
outer loop
vertex 220.04063415527344 -2.799999952316284 330.0242004394531
vertex 228.51693725585938 2.799999952316284 325.51727294921875
vertex 228.51693725585938 -2.799999952316284 325.51727294921875
endloop
endfacet
facet normal 0.8829475233349714 0.0 -0.46947169354141044
outer loop
vertex 228.5441131591797 -5.0 318.7522277832031
vertex 234.12545776367188 5.0 329.24920654296875
vertex 234.12545776367188 -5.0 329.24920654296875
endloop
endfacet
facet normal 0.0 0.0 -1.0
outer loop
vertex 234.12545776367188 -5.0 329.24920654296875
vertex 234.12545776367188 5.0 329.24920654296875
vertex 238.2551727294922 -7.0 329.24920654296875
endloop
endfacet
facet normal -0.9992959271349532 0.0 0.03751866217623702
outer loop
vertex 227.16085815429688 -11.0 343.2369384765625
vertex 227.56483459472656 -7.0 353.9967041015625
vertex 227.16085815429688 -7.0 343.2369384765625
endloop
endfacet
facet normal -0.9992959271349532 0.0 0.03751866217623702
outer loop
vertex 227.16085815429688 -11.0 343.2369384765625
vertex 227.56483459472656 -11.0 353.9967041015625
vertex 227.56483459472656 -7.0 353.9967041015625
endloop
endfacet
facet normal 0.0 0.0 -1.0
outer loop
vertex 215.98574829101562 -115.0 355.07269287109375
vertex 215.98574829101562 -7.0 355.07269287109375
vertex 251.98574829101562 -7.0 355.07269287109375
endloop
endfacet
facet normal -0.322364314793854 0.0 -0.9466156815453086
outer loop
vertex 227.16085815429688 -11.0 343.2369384765625
vertex 227.16085815429688 -7.0 343.2369384765625
vertex 237.69285583496094 -7.0 339.65032958984375
endloop
endfacet
facet normal 0.35109319503969044 -0.9362477277990399 -0.013181827944437233
outer loop
vertex 227.16085815429688 -11.0 343.2369384765625
vertex 237.8275146484375 -7.0 343.2369079589844
vertex 227.56483459472656 -11.0 353.9967041015625
endloop
endfacet
facet normal 0.0 -1.0 0.0
outer loop
vertex 227.16085815429688 -7.0 343.2369384765625
vertex 238.2551727294922 -7.0 329.24920654296875
vertex 237.69285583496094 -7.0 339.65032958984375
endloop
endfacet
facet normal 0.35109319486656615 -0.9362477273376606 -0.013181865325239081
outer loop
vertex 227.16085815429688 -11.0 343.2369384765625
vertex 237.69285583496094 -7.0 339.65032958984375
vertex 237.8275146484375 -7.0 343.2369079589844
endloop
endfacet
facet normal 0.0 -0.0 1.0
outer loop
vertex 227.56483459472656 -11.0 353.9967041015625
vertex 238.23150634765625 -7.0 353.9967041015625
vertex 227.56483459472656 -7.0 353.9967041015625
endloop
endfacet
facet normal 0.0 -1.0 0.0
outer loop
vertex 215.98574829101562 -7.0 355.07269287109375
vertex 227.56483459472656 -7.0 353.9967041015625
vertex 251.98574829101562 -7.0 355.07269287109375
endloop
endfacet
facet normal 0.351092785720756 -0.9362478750262458 -0.0131822730846634
outer loop
vertex 227.56483459472656 -11.0 353.9967041015625
vertex 237.8275146484375 -7.0 343.2369079589844
vertex 238.23150634765625 -7.0 353.9967041015625
endloop
endfacet
facet normal -0.8829478404446455 0.0 0.469471097144581
outer loop
vertex 224.9601287841797 -146.0 359.5285339355469
vertex 228.97801208496094 -149.0 367.0850830078125
vertex 224.9601287841797 -137.0 359.5285339355469
endloop
endfacet
facet normal -0.8829478404446455 0.0 0.469471097144581
outer loop
vertex 224.9601287841797 -137.0 359.5285339355469
vertex 228.97801208496094 -149.0 367.0850830078125
vertex 228.97801208496094 -137.0 367.0850830078125
endloop
endfacet
facet normal -0.0 1.0 0.0
outer loop
vertex 224.9601287841797 -137.0 359.5285339355469
vertex 228.97801208496094 -137.0 367.0850830078125
vertex 241.90257263183594 -137.0 359.5285339355469
endloop
endfacet
facet normal -0.8829475987936609 0.0 0.4694715516242792
outer loop
vertex 228.97801208496094 -149.0 367.0850830078125
vertex 239.2759552001953 -137.0 386.45269775390625
vertex 228.97801208496094 -137.0 367.0850830078125
endloop
endfacet
facet normal -0.8829475987936609 0.0 0.4694715516242792
outer loop
vertex 228.97801208496094 -149.0 367.0850830078125
vertex 239.2759552001953 -149.0 386.45269775390625
vertex 239.2759552001953 -137.0 386.45269775390625
endloop
endfacet
facet normal 0.0 0.0 1.0
outer loop
vertex 216.22813415527344 -5.0 361.5285339355469
vertex 233.16757202148438 -5.0 361.5285339355469
vertex 233.16757202148438 5.0 361.5285339355469
endloop
endfacet
facet normal 0.0 -0.0 1.0
outer loop
vertex 216.22813415527344 -115.0 361.5285339355469
vertex 251.64749145507812 -6.77419376373291 361.5285339355469
vertex 216.22813415527344 -7.0 361.5285339355469
endloop
endfacet
facet normal 0.0 -0.0 1.0
outer loop
vertex 216.22813415527344 -7.0 361.5285339355469
vertex 251.64749145507812 -6.77419376373291 361.5285339355469
vertex 216.22813415527344 -5.0 361.5285339355469
endloop
endfacet
facet normal -0.0 -0.0 1.0
outer loop
vertex 216.22813415527344 -5.0 361.5285339355469
vertex 251.64749145507812 -6.77419376373291 361.5285339355469
vertex 233.16757202148438 -5.0 361.5285339355469
endloop
endfacet
facet normal -0.8829474904297151 0.0 0.4694717554271697
outer loop
vertex 233.16757202148438 -5.0 361.5285339355469
vertex 235.3162841796875 -5.0 365.5696716308594
vertex 233.16757202148438 5.0 361.5285339355469
endloop
endfacet
facet normal -0.9992958412396237 0.0 0.03752094989726268
outer loop
vertex 229.71632385253906 -7.0 380.8961486816406
vertex 229.95872497558594 -7.0 387.3520202636719
vertex 229.71632385253906 5.0 380.8961486816406
endloop
endfacet
facet normal 0.0 0.0 -1.0
outer loop
vertex 229.71632385253906 -7.0 380.8961486816406
vertex 229.71632385253906 5.0 380.8961486816406
vertex 243.4654998779297 -5.0 380.8961486816406
endloop
endfacet
facet normal 0.0 0.0 -0.9999999999999999
outer loop
vertex 202.2551727294922 -7.0 329.24920654296875
vertex 202.2551727294922 5.0 329.24920654296875
vertex 207.3980255126953 5.0 329.24920654296875
endloop
endfacet
facet normal -0.999296041711847 -1.6060231563091803e-06 0.037515610303645135
outer loop
vertex 202.49755859375 -7.0 335.705078125
vertex 202.2590789794922 6.77419376373291 329.35333251953125
vertex 202.2551727294922 5.0 329.24920654296875
endloop
endfacet
facet normal -0.9992959111408066 0.0 0.03751908817209026
outer loop
vertex 202.49755859375 -7.0 335.705078125
vertex 202.49755859375 5.0 335.705078125
vertex 202.2590789794922 6.77419376373291 329.35333251953125
endloop
endfacet
facet normal -0.9992959111408067 0.0 0.03751908817209026
outer loop
vertex 202.2590789794922 6.77419376373291 329.35333251953125
vertex 202.49755859375 5.0 335.705078125
vertex 202.49755859375 7.0 335.705078125
endloop
endfacet
facet normal -0.999297067228552 0.0 0.0374882838819621
outer loop
vertex 202.2551727294922 5.0 329.24920654296875
vertex 202.2590789794922 6.77419376373291 329.35333251953125
vertex 202.2551727294922 115.0 329.24920654296875
endloop
endfacet
facet normal -0.9992959111408066 0.0 0.03751908817209026
outer loop
vertex 202.2590789794922 6.77419376373291 329.35333251953125
vertex 202.49755859375 7.0 335.705078125
vertex 202.49755859375 115.0 335.705078125
endloop
endfacet
facet normal -0.8829477926394907 0.0 0.46947118705310426
outer loop
vertex 211.4407196044922 -5.0 320.666259765625
vertex 214.7204132080078 5.0 326.83447265625
vertex 211.4407196044922 5.0 320.666259765625
endloop
endfacet
facet normal -0.4694676954236088 0.0 -0.8829496491610637
outer loop
vertex 214.26614379882812 -2.799999952316284 319.1639709472656
vertex 211.4407196044922 5.0 320.666259765625
vertex 214.26614379882812 2.799999952316284 319.1639709472656
endloop
endfacet
facet normal -0.46947136569429254 -6.046285955172655e-06 -0.8829476976336582
outer loop
vertex 214.26614379882812 2.799999952316284 319.1639709472656
vertex 211.4407196044922 5.0 320.666259765625
vertex 225.56787109375 5.0 313.15472412109375
endloop
endfacet
facet normal 0.8829474612424443 0.0 -0.46947181032040936
outer loop
vertex 214.26614379882812 -2.799999952316284 319.1639709472656
vertex 214.26614379882812 2.799999952316284 319.1639709472656
vertex 220.04063415527344 2.799999952316284 330.0242004394531
endloop
endfacet
facet normal -0.0 0.9999999999999999 0.0
outer loop
vertex 211.4407196044922 5.0 320.666259765625
vertex 214.7204132080078 5.0 326.83447265625
vertex 228.5441131591797 5.0 318.7522277832031
endloop
endfacet
facet normal 0.0 0.0 -1.0
outer loop
vertex 216.0043487548828 -5.0 329.24920654296875
vertex 207.3980255126953 5.0 329.24920654296875
vertex 216.0043487548828 5.0 329.24920654296875
endloop
endfacet
facet normal 0.0 -0.0 -1.0
outer loop
vertex 207.3980255126953 5.0 329.24920654296875
vertex 216.40890502929688 7.0 329.24920654296875
vertex 216.0043487548828 5.0 329.24920654296875
endloop
endfacet
facet normal -0.8829477801442928 0.0 0.46947121055317703
outer loop
vertex 214.7204132080078 -5.0 326.83447265625
vertex 216.0043487548828 5.0 329.24920654296875
vertex 214.7204132080078 5.0 326.83447265625
endloop
endfacet
facet normal 0.0 -0.0 -0.9999999999999999
outer loop
vertex 202.2551727294922 5.0 329.24920654296875
vertex 238.2551727294922 115.0 329.24920654296875
vertex 207.3980255126953 5.0 329.24920654296875
endloop
endfacet
facet normal -0.8829475850784313 0.0 0.46947157741887463
outer loop
vertex 202.49755859375 -7.0 335.705078125
vertex 216.22813415527344 7.0 361.5285339355469
vertex 202.49755859375 5.0 335.705078125
endloop
endfacet
facet normal -0.8829475850784313 0.0 0.46947157741887463
outer loop
vertex 202.49755859375 5.0 335.705078125
vertex 216.22813415527344 7.0 361.5285339355469
vertex 202.49755859375 7.0 335.705078125
endloop
endfacet
facet normal -0.0 0.9999999999999999 0.0
outer loop
vertex 202.49755859375 7.0 335.705078125
vertex 216.22813415527344 7.0 361.5285339355469
vertex 227.16085815429688 7.0 343.2369384765625
endloop
endfacet
facet normal 0.0 0.0 -1.0
outer loop
vertex 202.2551727294922 5.0 329.24920654296875
vertex 202.2551727294922 115.0 329.24920654296875
vertex 204.49755859375 112.0 329.24920654296875
endloop
endfacet
facet normal -0.9992959297947195 2.9200393853097365e-08 0.03751859133424674
outer loop
vertex 202.2590789794922 6.77419376373291 329.35333251953125
vertex 202.49755859375 115.0 335.705078125
vertex 202.2551727294922 115.0 329.24920654296875
endloop
endfacet
facet normal 0.0 -1.0 0.0
outer loop
vertex 204.49755859375 112.0 324.3580017089844
vertex 209.48696899414062 112.0 321.705078125
vertex 204.49755859375 112.0 329.24920654296875
endloop
endfacet
facet normal -0.46947253067171213 0.0 -0.8829470782242265
outer loop
vertex 204.49755859375 112.0 324.3580017089844
vertex 204.49755859375 146.0 324.3580017089844
vertex 209.48696899414062 137.0 321.705078125
endloop
endfacet
facet normal -0.46947253067171213 -0.0 -0.8829470782242265
outer loop
vertex 204.49755859375 112.0 324.3580017089844
vertex 209.48696899414062 137.0 321.705078125
vertex 209.48696899414062 112.0 321.705078125
endloop
endfacet
facet normal -0.4694740607828382 -1.088079487610508e-06 -0.8829462646451866
outer loop
vertex 204.49755859375 146.0 324.3580017089844
vertex 205.87124633789062 146.0 323.6275939941406
vertex 209.48696899414062 137.0 321.705078125
endloop
endfacet
facet normal -0.46947310269634346 0.0 -0.8829467740722929
outer loop
vertex 205.87124633789062 146.0 323.6275939941406
vertex 205.87124633789062 146.86798095703125 323.6275939941406
vertex 209.13816833496094 144.48635864257812 321.8905334472656
endloop
endfacet
facet normal -0.46947310269634335 0.0 -0.8829467740722927
outer loop
vertex 205.87124633789062 146.86798095703125 323.6275939941406
vertex 205.87124633789062 149.0 323.6275939941406
vertex 209.13816833496094 146.8000030517578 321.8905334472656
endloop
endfacet
facet normal -0.4694731026963434 -0.0 -0.8829467740722928
outer loop
vertex 205.87124633789062 146.0 323.6275939941406
vertex 209.13816833496094 144.48635864257812 321.8905334472656
vertex 209.13816833496094 139.1999969482422 321.8905334472656
endloop
endfacet
facet normal -0.4694789915555889 -3.6290485747801518e-06 -0.882943642864468
outer loop
vertex 205.87124633789062 146.0 323.6275939941406
vertex 209.13816833496094 139.1999969482422 321.8905334472656
vertex 209.48696899414062 137.0 321.705078125
endloop
endfacet
facet normal -0.4694731026963434 -0.0 -0.8829467740722928
outer loop
vertex 205.87124633789062 146.86798095703125 323.6275939941406
vertex 209.13816833496094 146.8000030517578 321.8905334472656
vertex 209.13816833496094 144.48635864257812 321.8905334472656
endloop
endfacet
facet normal 0.0 0.0 -1.0
outer loop
vertex 202.2551727294922 115.0 329.24920654296875
vertex 204.49755859375 115.0 329.24920654296875
vertex 204.49755859375 112.0 329.24920654296875
endloop
endfacet
facet normal -0.0 1.0 0.0
outer loop
vertex 202.2551727294922 115.0 329.24920654296875
vertex 204.49755859375 115.0 333.705078125
vertex 204.49755859375 115.0 329.24920654296875
endloop
endfacet
facet normal -0.9999999999999999 0.0 0.0
outer loop
vertex 204.49755859375 112.0 324.3580017089844
vertex 204.49755859375 112.0 329.24920654296875
vertex 204.49755859375 115.0 329.24920654296875
endloop
endfacet
facet normal -1.0 0.0 0.0
outer loop
vertex 204.49755859375 112.0 324.3580017089844
vertex 204.49755859375 115.0 329.24920654296875
vertex 204.49755859375 146.0 333.705078125
endloop
endfacet
facet normal -0.0 1.0 0.0
outer loop
vertex 202.2551727294922 115.0 329.24920654296875
vertex 202.49755859375 115.0 335.705078125
vertex 204.49755859375 115.0 333.705078125
endloop
endfacet
facet normal -1.0 0.0 0.0
outer loop
vertex 204.49755859375 115.0 329.24920654296875
vertex 204.49755859375 115.0 333.705078125
vertex 204.49755859375 146.0 333.705078125
endloop
endfacet
facet normal -1.0 0.0 0.0
outer loop
vertex 204.49755859375 112.0 324.3580017089844
vertex 204.49755859375 146.0 333.705078125
vertex 204.49755859375 146.0 324.3580017089844
endloop
endfacet
facet normal -0.0 1.0 0.0
outer loop
vertex 204.49755859375 146.0 324.3580017089844
vertex 208.38214111328125 146.0 328.3498840332031
vertex 205.87124633789062 146.0 323.6275939941406
endloop
endfacet
facet normal -0.0 1.0 0.0
outer loop
vertex 204.49755859375 146.0 324.3580017089844
vertex 204.49755859375 146.0 333.705078125
vertex 208.38214111328125 146.0 328.3498840332031
endloop
endfacet
facet normal -0.8829469245704475 0.0 0.46947281965156207
outer loop
vertex 205.87124633789062 146.0 323.6275939941406
vertex 208.38214111328125 146.0 328.3498840332031
vertex 205.87124633789062 146.86798095703125 323.6275939941406
endloop
endfacet
facet normal -0.8829469245704478 0.0 0.4694728196515621
outer loop
vertex 205.87124633789062 146.86798095703125 323.6275939941406
vertex 208.38214111328125 149.0 328.3498840332031
vertex 205.87124633789062 149.0 323.6275939941406
endloop
endfacet
facet normal -0.8829469245704478 0.0 0.4694728196515622
outer loop
vertex 205.87124633789062 146.86798095703125 323.6275939941406
vertex 208.38214111328125 146.0 328.3498840332031
vertex 208.38214111328125 149.0 328.3498840332031
endloop
endfacet
facet normal -0.8829472578072433 0.0 0.4694721929259172
outer loop
vertex 208.38214111328125 146.0 328.3498840332031
vertex 211.22955322265625 146.0 333.705078125
vertex 208.38214111328125 149.0 328.3498840332031
endloop
endfacet
facet normal 0.0 -0.0 0.9999999999999999
outer loop
vertex 204.49755859375 115.0 333.705078125
vertex 211.22955322265625 146.0 333.705078125
vertex 204.49755859375 146.0 333.705078125
endloop
endfacet
facet normal -0.0 1.0 0.0
outer loop
vertex 204.49755859375 146.0 333.705078125
vertex 211.22955322265625 146.0 333.705078125
vertex 208.38214111328125 146.0 328.3498840332031
endloop
endfacet
facet normal 0.0 0.0 1.0
outer loop
vertex 204.49755859375 115.0 333.705078125
vertex 211.22955322265625 137.0 333.705078125
vertex 211.22955322265625 146.0 333.705078125
endloop
endfacet
facet normal 0.0 0.0 -0.9999999999999999
outer loop
vertex 202.2551727294922 5.0 329.24920654296875
vertex 204.49755859375 112.0 329.24920654296875
vertex 236.49755859375 112.0 329.24920654296875
endloop
endfacet
facet normal 0.0 -0.0 1.0
outer loop
vertex 202.49755859375 7.0 335.705078125
vertex 238.49755859375 115.0 335.705078125
vertex 202.49755859375 115.0 335.705078125
endloop
endfacet
facet normal 0.0 0.0 -1.0
outer loop
vertex 209.48696899414062 112.0 321.705078125
vertex 209.48696899414062 137.0 321.705078125
vertex 219.7472686767578 137.0 321.705078125
endloop
endfacet
facet normal -0.46947116841616354 -2.0380684713345235e-06 -0.8829478025465652
outer loop
vertex 209.48696899414062 137.0 321.705078125
vertex 209.13816833496094 139.1999969482422 321.8905334472656
vertex 222.02920532226562 139.1999969482422 315.0362548828125
endloop
endfacet
facet normal -0.46947131261677716 3.409722829399259e-06 -0.882947725869575
outer loop
vertex 205.87124633789062 149.0 323.6275939941406
vertex 225.2960968017578 149.0 313.2992248535156
vertex 209.13816833496094 146.8000030517578 321.8905334472656
endloop
endfacet
facet normal -0.0 0.9999999999999999 0.0
outer loop
vertex 205.87124633789062 149.0 323.6275939941406
vertex 208.38214111328125 149.0 328.3498840332031
vertex 227.38973999023438 149.0 317.2367858886719
endloop
endfacet
facet normal 0.0 -1.0 0.0
outer loop
vertex 209.48696899414062 112.0 321.705078125
vertex 236.49755859375 112.0 321.705078125
vertex 204.49755859375 112.0 329.24920654296875
endloop
endfacet
facet normal -0.46947116699117725 -2.0484890196548243e-06 -0.8829478033042191
outer loop
vertex 209.48696899414062 137.0 321.705078125
vertex 222.02920532226562 139.1999969482422 315.0362548828125
vertex 225.2960968017578 137.0 313.2992248535156
endloop
endfacet
facet normal 0.0 -0.9999999999999999 0.0
outer loop
vertex 209.48696899414062 137.0 321.705078125
vertex 225.2960968017578 137.0 313.2992248535156
vertex 219.7472686767578 137.0 321.705078125
endloop
endfacet
facet normal -0.469471168416151 2.051203270274781e-06 -0.8829478025465417
outer loop
vertex 209.13816833496094 146.8000030517578 321.8905334472656
vertex 225.2960968017578 149.0 313.2992248535156
vertex 222.02920532226562 146.8000030517578 315.0362548828125
endloop
endfacet
facet normal -0.0 1.0 0.0
outer loop
vertex 209.13816833496094 139.1999969482422 321.8905334472656
vertex 214.91265869140625 139.1999969482422 332.75079345703125
vertex 222.02920532226562 139.1999969482422 315.0362548828125
endloop
endfacet
facet normal 0.0 1.0 0.0
outer loop
vertex 202.49755859375 115.0 335.705078125
vertex 236.49755859375 115.0 333.705078125
vertex 204.49755859375 115.0 333.705078125
endloop
endfacet
facet normal 0.8829480080865526 0.0 -0.4694707818554731
outer loop
vertex 209.13816833496094 139.1999969482422 321.8905334472656
vertex 209.13816833496094 144.48635864257812 321.8905334472656
vertex 214.91265869140625 146.8000030517578 332.75079345703125
endloop
endfacet
facet normal 0.8829480080865525 0.0 -0.46947078185547303
outer loop
vertex 209.13816833496094 144.48635864257812 321.8905334472656
vertex 209.13816833496094 146.8000030517578 321.8905334472656
vertex 214.91265869140625 146.8000030517578 332.75079345703125
endloop
endfacet
facet normal 0.8829480080865526 0.0 -0.4694707818554731
outer loop
vertex 209.13816833496094 139.1999969482422 321.8905334472656
vertex 214.91265869140625 146.8000030517578 332.75079345703125
vertex 214.91265869140625 139.1999969482422 332.75079345703125
endloop
endfacet
facet normal -0.8829475987927091 -1.468407865838236e-06 0.4694715516237732
outer loop
vertex 208.38214111328125 149.0 328.3498840332031
vertex 211.22955322265625 146.0 333.705078125
vertex 218.68008422851562 149.0 347.7174987792969
endloop
endfacet
facet normal 0.0 -0.0 1.0
outer loop
vertex 204.49755859375 115.0 333.705078125
vertex 236.49755859375 115.0 333.705078125
vertex 211.22955322265625 137.0 333.705078125
endloop
endfacet
facet normal 0.0 -1.0 0.0
outer loop
vertex 209.13816833496094 146.8000030517578 321.8905334472656
vertex 227.80368041992188 146.8000030517578 325.8965148925781
vertex 214.91265869140625 146.8000030517578 332.75079345703125
endloop
endfacet
facet normal -0.8829477291100243 0.0 0.46947130653475644
outer loop
vertex 211.22955322265625 137.0 333.705078125
vertex 218.68008422851562 137.0 347.7174987792969
vertex 211.22955322265625 146.0 333.705078125
endloop
endfacet
facet normal -0.8829477291100242 0.0 0.4694713065347564
outer loop
vertex 211.22955322265625 146.0 333.705078125
vertex 218.68008422851562 137.0 347.7174987792969
vertex 218.68008422851562 149.0 347.7174987792969
endloop
endfacet
facet normal -0.4694713342601713 -6.2534171331847365e-06 -0.8829477143460247
outer loop
vertex 214.26614379882812 2.799999952316284 319.1639709472656
vertex 225.56787109375 5.0 313.15472412109375
vertex 222.74244689941406 2.799999952316284 314.65704345703125
endloop
endfacet
facet normal 0.0 1.0 0.0
outer loop
vertex 211.4407196044922 5.0 320.666259765625
vertex 228.5441131591797 5.0 318.7522277832031
vertex 225.56787109375 5.0 313.15472412109375
endloop
endfacet
facet normal -0.0 1.0 0.0
outer loop
vertex 214.7204132080078 5.0 326.83447265625
vertex 216.0043487548828 5.0 329.24920654296875
vertex 228.5441131591797 5.0 318.7522277832031
endloop
endfacet
facet normal 0.0 -1.0 0.0
outer loop
vertex 214.26614379882812 2.799999952316284 319.1639709472656
vertex 228.51693725585938 2.799999952316284 325.51727294921875
vertex 220.04063415527344 2.799999952316284 330.0242004394531
endloop
endfacet
facet normal 0.0 -1.0 0.0
outer loop
vertex 214.26614379882812 2.799999952316284 319.1639709472656
vertex 222.74244689941406 2.799999952316284 314.65704345703125
vertex 228.51693725585938 2.799999952316284 325.51727294921875
endloop
endfacet
facet normal -0.46947513025807625 0.0 -0.8829456959910742
outer loop
vertex 225.56787109375 -5.0 313.15472412109375
vertex 222.74244689941406 2.799999952316284 314.65704345703125
vertex 225.56787109375 5.0 313.15472412109375
endloop
endfacet
facet normal 0.8829478168368896 0.0 -0.46947114154436603
outer loop
vertex 228.5441131591797 -5.0 318.7522277832031
vertex 225.56787109375 5.0 313.15472412109375
vertex 228.5441131591797 5.0 318.7522277832031
endloop
endfacet
facet normal -0.8829474612424443 0.0 0.46947181032040936
outer loop
vertex 228.51693725585938 -2.799999952316284 325.51727294921875
vertex 228.51693725585938 2.799999952316284 325.51727294921875
vertex 222.74244689941406 2.799999952316284 314.65704345703125
endloop
endfacet
facet normal 0.0 0.0 -1.0
outer loop
vertex 216.0043487548828 5.0 329.24920654296875
vertex 216.40890502929688 7.0 329.24920654296875
vertex 234.12545776367188 5.0 329.24920654296875
endloop
endfacet
facet normal -0.46947133426935067 0.0 -0.8829477143632886
outer loop
vertex 220.04063415527344 -2.799999952316284 330.0242004394531
vertex 220.04063415527344 2.799999952316284 330.0242004394531
vertex 228.51693725585938 2.799999952316284 325.51727294921875
endloop
endfacet
facet normal -0.0 0.9999999999999999 0.0
outer loop
vertex 216.0043487548828 5.0 329.24920654296875
vertex 234.12545776367188 5.0 329.24920654296875
vertex 228.5441131591797 5.0 318.7522277832031
endloop
endfacet
facet normal -0.0 1.0 0.0
outer loop
vertex 202.49755859375 7.0 335.705078125
vertex 237.69285583496094 7.0 339.65032958984375
vertex 238.49755859375 7.0 335.705078125
endloop
endfacet
facet normal 0.0 -0.0 -1.0
outer loop
vertex 207.3980255126953 5.0 329.24920654296875
vertex 238.2551727294922 115.0 329.24920654296875
vertex 216.40890502929688 7.0 329.24920654296875
endloop
endfacet
facet normal 0.0 0.0 1.0
outer loop
vertex 202.49755859375 7.0 335.705078125
vertex 238.49755859375 7.0 335.705078125
vertex 238.49755859375 115.0 335.705078125
endloop
endfacet
facet normal 0.8829475233349714 0.0 -0.46947169354141044
outer loop
vertex 228.5441131591797 -5.0 318.7522277832031
vertex 228.5441131591797 5.0 318.7522277832031
vertex 234.12545776367188 5.0 329.24920654296875
endloop
endfacet
facet normal 0.0 -0.0 -0.9999999999999999
outer loop
vertex 216.40890502929688 7.0 329.24920654296875
vertex 234.20054626464844 7.0 329.24920654296875
vertex 234.12545776367188 5.0 329.24920654296875
endloop
endfacet
facet normal 0.0 0.0 -1.0
outer loop
vertex 234.12545776367188 5.0 329.24920654296875
vertex 234.20054626464844 7.0 329.24920654296875
vertex 238.2551727294922 5.0 329.24920654296875
endloop
endfacet
facet normal 0.0 -0.0 -1.0
outer loop
vertex 216.40890502929688 7.0 329.24920654296875
vertex 238.2551727294922 115.0 329.24920654296875
vertex 234.20054626464844 7.0 329.24920654296875
endloop
endfacet
facet normal -0.0 1.0 0.0
outer loop
vertex 202.49755859375 7.0 335.705078125
vertex 227.16085815429688 7.0 343.2369384765625
vertex 237.69285583496094 7.0 339.65032958984375
endloop
endfacet
facet normal -0.9992959271349532 0.0 0.03751866217623702
outer loop
vertex 227.16085815429688 7.0 343.2369384765625
vertex 227.56483459472656 11.0 353.9967041015625
vertex 227.16085815429688 11.0 343.2369384765625
endloop
endfacet
facet normal -0.0 1.0 -0.0
outer loop
vertex 227.16085815429688 7.0 343.2369384765625
vertex 216.22813415527344 7.0 361.5285339355469
vertex 227.56483459472656 7.0 353.9967041015625
endloop
endfacet
facet normal -0.9992959271349532 0.0 0.03751866217623702
outer loop
vertex 227.16085815429688 7.0 343.2369384765625
vertex 227.56483459472656 7.0 353.9967041015625
vertex 227.56483459472656 11.0 353.9967041015625
endloop
endfacet
facet normal -0.0 0.9999999999999999 -0.0
outer loop
vertex 227.56483459472656 7.0 353.9967041015625
vertex 216.22813415527344 7.0 361.5285339355469
vertex 238.23150634765625 7.0 353.9967041015625
endloop
endfacet
facet normal -0.322364314793854 0.0 -0.9466156815453086
outer loop
vertex 227.16085815429688 7.0 343.2369384765625
vertex 227.16085815429688 11.0 343.2369384765625
vertex 237.69285583496094 7.0 339.65032958984375
endloop
endfacet
facet normal 0.35109279887141187 0.9362478765715941 -0.013181813070260921
outer loop
vertex 227.16085815429688 11.0 343.2369384765625
vertex 227.56483459472656 11.0 353.9967041015625
vertex 238.0968475341797 7.0 350.4101257324219
endloop
endfacet
facet normal 0.3510930681980847 0.9362477689479178 -0.01318228369067252
outer loop
vertex 227.16085815429688 11.0 343.2369384765625
vertex 238.0968475341797 7.0 350.4101257324219
vertex 237.69285583496094 7.0 339.65032958984375
endloop
endfacet
facet normal 0.0 -0.0 1.0
outer loop
vertex 227.56483459472656 7.0 353.9967041015625
vertex 238.23150634765625 7.0 353.9967041015625
vertex 227.56483459472656 11.0 353.9967041015625
endloop
endfacet
facet normal 0.3510927876790131 0.9362478802482673 -0.013181850037299683
outer loop
vertex 227.56483459472656 11.0 353.9967041015625
vertex 238.23150634765625 7.0 353.9967041015625
vertex 238.0968475341797 7.0 350.4101257324219
endloop
endfacet
facet normal 0.0 1.0 0.0
outer loop
vertex 216.22813415527344 7.0 361.5285339355469
vertex 251.98574829101562 7.0 355.07269287109375
vertex 238.23150634765625 7.0 353.9967041015625
endloop
endfacet
facet normal 0.0 0.0 -1.0
outer loop
vertex 202.2551727294922 5.0 329.24920654296875
vertex 236.49755859375 112.0 329.24920654296875
vertex 238.2551727294922 115.0 329.24920654296875
endloop
endfacet
facet normal 0.0 0.0 -1.0
outer loop
vertex 209.48696899414062 112.0 321.705078125
vertex 219.7472686767578 137.0 321.705078125
vertex 236.49755859375 112.0 321.705078125
endloop
endfacet
facet normal 0.0 1.0 0.0
outer loop
vertex 205.87124633789062 149.0 323.6275939941406
vertex 227.38973999023438 149.0 317.2367858886719
vertex 225.2960968017578 149.0 313.2992248535156
endloop
endfacet
facet normal -0.46947009153901886 0.0 -0.8829483751331928
outer loop
vertex 222.02920532226562 139.1999969482422 315.0362548828125
vertex 222.02920532226562 146.8000030517578 315.0362548828125
vertex 225.2960968017578 137.0 313.2992248535156
endloop
endfacet
facet normal 0.0 -1.0 0.0
outer loop
vertex 209.13816833496094 146.8000030517578 321.8905334472656
vertex 222.02920532226562 146.8000030517578 315.0362548828125
vertex 227.80368041992188 146.8000030517578 325.8965148925781
endloop
endfacet
facet normal 0.0 1.0 0.0
outer loop
vertex 214.91265869140625 139.1999969482422 332.75079345703125
vertex 227.80368041992188 139.1999969482422 325.8965148925781
vertex 222.02920532226562 139.1999969482422 315.0362548828125
endloop
endfacet
facet normal 0.0 -1.0 0.0
outer loop
vertex 219.7472686767578 137.0 321.705078125
vertex 225.2960968017578 137.0 313.2992248535156
vertex 227.38973999023438 137.0 317.2367858886719
endloop
endfacet
facet normal -0.46947009153901886 -0.0 -0.8829483751331928
outer loop
vertex 222.02920532226562 146.8000030517578 315.0362548828125
vertex 225.2960968017578 149.0 313.2992248535156
vertex 225.2960968017578 137.0 313.2992248535156
endloop
endfacet
facet normal -0.8829485223178232 0.0 0.4694698147237716
outer loop
vertex 222.02920532226562 139.1999969482422 315.0362548828125
vertex 227.80368041992188 139.1999969482422 325.8965148925781
vertex 222.02920532226562 146.8000030517578 315.0362548828125
endloop
endfacet
facet normal 0.8829471422028867 0.0 -0.46947241034565085
outer loop
vertex 225.2960968017578 137.0 313.2992248535156
vertex 225.2960968017578 149.0 313.2992248535156
vertex 227.38973999023438 137.0 317.2367858886719
endloop
endfacet
facet normal 0.8829471422028867 0.0 -0.46947241034565085
outer loop
vertex 225.2960968017578 149.0 313.2992248535156
vertex 227.38973999023438 149.0 317.2367858886719
vertex 227.38973999023438 137.0 317.2367858886719
endloop
endfacet
facet normal 0.0 -1.0 0.0
outer loop
vertex 219.7472686767578 137.0 321.705078125
vertex 227.38973999023438 137.0 317.2367858886719
vertex 229.7655792236328 137.0 321.705078125
endloop
endfacet
facet normal -0.8829485223178232 0.0 0.4694698147237716
outer loop
vertex 222.02920532226562 146.8000030517578 315.0362548828125
vertex 227.80368041992188 139.1999969482422 325.8965148925781
vertex 227.80368041992188 146.8000030517578 325.8965148925781
endloop
endfacet
facet normal -0.46947160164017826 0.0 -0.8829475721997347
outer loop
vertex 214.91265869140625 139.1999969482422 332.75079345703125
vertex 214.91265869140625 146.8000030517578 332.75079345703125
vertex 227.80368041992188 146.8000030517578 325.8965148925781
endloop
endfacet
facet normal 0.0 -1.0 0.0
outer loop
vertex 204.49755859375 112.0 329.24920654296875
vertex 236.49755859375 112.0 321.705078125
vertex 236.49755859375 112.0 329.24920654296875
endloop
endfacet
facet normal -0.0 1.0 0.0
outer loop
vertex 202.49755859375 115.0 335.705078125
vertex 238.49755859375 115.0 335.705078125
vertex 236.49755859375 115.0 333.705078125
endloop
endfacet
facet normal -0.46947160164017826 -0.0 -0.8829475721997347
outer loop
vertex 214.91265869140625 139.1999969482422 332.75079345703125
vertex 227.80368041992188 146.8000030517578 325.8965148925781
vertex 227.80368041992188 139.1999969482422 325.8965148925781
endloop
endfacet
facet normal -0.0 1.0 0.0
outer loop
vertex 208.38214111328125 149.0 328.3498840332031
vertex 237.68768310546875 149.0 336.6044006347656
vertex 227.38973999023438 149.0 317.2367858886719
endloop
endfacet
facet normal 0.0 0.0 -1.0
outer loop
vertex 219.7472686767578 137.0 321.705078125
vertex 229.7655792236328 137.0 321.705078125
vertex 236.49755859375 112.0 321.705078125
endloop
endfacet
facet normal 0.8829470925579866 0.0 -0.46947250371390004
outer loop
vertex 227.38973999023438 137.0 317.2367858886719
vertex 227.38973999023438 149.0 317.2367858886719
vertex 229.7655792236328 146.0 321.705078125
endloop
endfacet
facet normal 0.8829470925579868 0.0 -0.4694725037139001
outer loop
vertex 227.38973999023438 137.0 317.2367858886719
vertex 229.7655792236328 146.0 321.705078125
vertex 229.7655792236328 137.0 321.705078125
endloop
endfacet
facet normal 0.8829477379470148 2.318991779491092e-06 -0.4694712899090551
outer loop
vertex 227.38973999023438 149.0 317.2367858886719
vertex 236.14608764648438 146.0 333.705078125
vertex 229.7655792236328 146.0 321.705078125
endloop
endfacet
facet normal 0.0 0.0 -1.0
outer loop
vertex 229.7655792236328 137.0 321.705078125
vertex 229.7655792236328 146.0 321.705078125
vertex 236.49755859375 112.0 321.705078125
endloop
endfacet
facet normal 0.0 0.0 -1.0
outer loop
vertex 229.7655792236328 146.0 321.705078125
vertex 236.49755859375 146.0 321.705078125
vertex 236.49755859375 112.0 321.705078125
endloop
endfacet
facet normal -0.0 -0.0 1.0
outer loop
vertex 211.22955322265625 137.0 333.705078125
vertex 236.49755859375 115.0 333.705078125
vertex 236.14608764648438 137.0 333.705078125
endloop
endfacet
facet normal 0.0 -1.0 0.0
outer loop
vertex 211.22955322265625 137.0 333.705078125
vertex 236.14608764648438 137.0 333.705078125
vertex 237.68768310546875 137.0 336.6044006347656
endloop
endfacet
facet normal 0.8829475987935609 4.7616580064743966e-07 -0.469471551624226
outer loop
vertex 227.38973999023438 149.0 317.2367858886719
vertex 237.68768310546875 149.0 336.6044006347656
vertex 236.14608764648438 146.0 333.705078125
endloop
endfacet
facet normal -0.0 1.0 0.0
outer loop
vertex 229.7655792236328 146.0 321.705078125
vertex 236.14608764648438 146.0 333.705078125
vertex 236.49755859375 146.0 321.705078125
endloop
endfacet
facet normal 0.0 -1.0 0.0
outer loop
vertex 211.22955322265625 137.0 333.705078125
vertex 237.68768310546875 137.0 336.6044006347656
vertex 218.68008422851562 137.0 347.7174987792969
endloop
endfacet
facet normal -0.0 1.0 0.0
outer loop
vertex 208.38214111328125 149.0 328.3498840332031
vertex 218.68008422851562 149.0 347.7174987792969
vertex 237.68768310546875 149.0 336.6044006347656
endloop
endfacet
facet normal -0.8829475805066807 0.0 0.4694715860170863
outer loop
vertex 218.68008422851562 137.0 347.7174987792969
vertex 228.97801208496094 149.0 367.0850830078125
vertex 218.68008422851562 149.0 347.7174987792969
endloop
endfacet
facet normal -0.8829475805066807 0.0 0.4694715860170863
outer loop
vertex 218.68008422851562 137.0 347.7174987792969
vertex 228.97801208496094 137.0 367.0850830078125
vertex 228.97801208496094 149.0 367.0850830078125
endloop
endfacet
facet normal 0.0 -0.9999999999999999 0.0
outer loop
vertex 218.68008422851562 137.0 347.7174987792969
vertex 237.68768310546875 137.0 336.6044006347656
vertex 228.97801208496094 137.0 367.0850830078125
endloop
endfacet
facet normal -0.0 0.9999999999999999 0.0
outer loop
vertex 218.68008422851562 149.0 347.7174987792969
vertex 228.97801208496094 149.0 367.0850830078125
vertex 237.68768310546875 149.0 336.6044006347656
endloop
endfacet
facet normal 0.0 -0.0 1.0
outer loop
vertex 216.22813415527344 -5.0 361.5285339355469
vertex 233.16757202148438 5.0 361.5285339355469
vertex 216.22813415527344 7.0 361.5285339355469
endloop
endfacet
facet normal -0.0 0.0 1.0
outer loop
vertex 216.22813415527344 7.0 361.5285339355469
vertex 233.16757202148438 5.0 361.5285339355469
vertex 242.22816467285156 5.0 361.5285339355469
endloop
endfacet
facet normal -0.8829474904297151 0.0 0.4694717554271697
outer loop
vertex 235.3162841796875 -5.0 365.5696716308594
vertex 235.3162841796875 5.0 365.5696716308594
vertex 233.16757202148438 5.0 361.5285339355469
endloop
endfacet
facet normal -0.9992958412396237 0.0 0.03752094989726268
outer loop
vertex 229.95872497558594 -7.0 387.3520202636719
vertex 229.95872497558594 5.0 387.3520202636719
vertex 229.71632385253906 5.0 380.8961486816406
endloop
endfacet
facet normal -0.9992958412386246 1.4141197853586128e-06 0.03752094989722517
outer loop
vertex 229.71632385253906 5.0 380.8961486816406
vertex 229.95872497558594 5.0 387.3520202636719
vertex 229.72073364257812 7.0 381.0135192871094
endloop
endfacet
facet normal -0.9992958579695861 0.0 0.03752050432535299
outer loop
vertex 229.72073364257812 7.0 381.0135192871094
vertex 229.95872497558594 5.0 387.3520202636719
vertex 229.95872497558594 7.0 387.3520202636719
endloop
endfacet
facet normal 0.0 0.0 -0.9999999999999999
outer loop
vertex 229.71632385253906 5.0 380.8961486816406
vertex 230.29696655273438 6.77419376373291 380.8961486816406
vertex 243.4654998779297 -5.0 380.8961486816406
endloop
endfacet
facet normal -0.999294937457809 0.0 0.03754501260079392
outer loop
vertex 229.71632385253906 5.0 380.8961486816406
vertex 229.72073364257812 7.0 381.0135192871094
vertex 229.71632385253906 115.0 380.8961486816406
endloop
endfacet
facet normal -0.9992958579695861 0.0 0.037520504325353
outer loop
vertex 229.72073364257812 7.0 381.0135192871094
vertex 229.95872497558594 7.0 387.3520202636719
vertex 229.95872497558594 115.0 387.3520202636719
endloop
endfacet
facet normal -0.8829474595494228 0.0 0.46947181350451733
outer loop
vertex 229.95872497558594 -7.0 387.3520202636719
vertex 239.42654418945312 7.0 405.15838623046875
vertex 229.95872497558594 5.0 387.3520202636719
endloop
endfacet
facet normal -0.8829474595494228 0.0 0.46947181350451733
outer loop
vertex 229.95872497558594 5.0 387.3520202636719
vertex 239.42654418945312 7.0 405.15838623046875
vertex 229.95872497558594 7.0 387.3520202636719
endloop
endfacet
facet normal 0.0 0.0 -0.9999999999999999
outer loop
vertex 229.71632385253906 5.0 380.8961486816406
vertex 229.71632385253906 115.0 380.8961486816406
vertex 231.95872497558594 112.0 380.8961486816406
endloop
endfacet
facet normal -0.9992958412396232 -2.6187403432593078e-08 0.037520949897262665
outer loop
vertex 229.72073364257812 7.0 381.0135192871094
vertex 229.95872497558594 115.0 387.3520202636719
vertex 229.71632385253906 115.0 380.8961486816406
endloop
endfacet
facet normal -0.8829479320943227 0.0 0.4694709247763482
outer loop
vertex 228.97801208496094 137.0 367.0850830078125
vertex 232.31019592285156 137.0 373.3520202636719
vertex 228.97801208496094 149.0 367.0850830078125
endloop
endfacet
facet normal -0.8829479320943225 0.0 0.46947092477634816
outer loop
vertex 228.97801208496094 149.0 367.0850830078125
vertex 232.31019592285156 137.0 373.3520202636719
vertex 232.31019592285156 146.0 373.3520202636719
endloop
endfacet
facet normal 0.0 0.0 -1.0
outer loop
vertex 229.71632385253906 115.0 380.8961486816406
vertex 231.95872497558594 115.0 380.8961486816406
vertex 231.95872497558594 112.0 380.8961486816406
endloop
endfacet
facet normal -0.0 1.0 0.0
outer loop
vertex 229.71632385253906 115.0 380.8961486816406
vertex 229.95872497558594 115.0 387.3520202636719
vertex 231.95872497558594 115.0 385.3520202636719
endloop
endfacet
facet normal -0.0 1.0 0.0
outer loop
vertex 229.71632385253906 115.0 380.8961486816406
vertex 231.95872497558594 115.0 385.3520202636719
vertex 231.95872497558594 115.0 380.8961486816406
endloop
endfacet
facet normal -0.9999999999999999 0.0 0.0
outer loop
vertex 231.95872497558594 112.0 373.3520202636719
vertex 231.95872497558594 112.0 380.8961486816406
vertex 231.95872497558594 115.0 380.8961486816406
endloop
endfacet
facet normal -1.0 0.0 0.0
outer loop
vertex 231.95872497558594 112.0 373.3520202636719
vertex 231.95872497558594 115.0 380.8961486816406
vertex 231.95872497558594 146.0 385.3520202636719
endloop
endfacet
facet normal -1.0 0.0 0.0
outer loop
vertex 231.95872497558594 115.0 380.8961486816406
vertex 231.95872497558594 115.0 385.3520202636719
vertex 231.95872497558594 146.0 385.3520202636719
endloop
endfacet
facet normal 0.0 0.0 -1.0
outer loop
vertex 231.95872497558594 112.0 373.3520202636719
vertex 231.95872497558594 146.0 373.3520202636719
vertex 232.31019592285156 137.0 373.3520202636719
endloop
endfacet
facet normal -1.0 0.0 0.0
outer loop
vertex 231.95872497558594 112.0 373.3520202636719
vertex 231.95872497558594 146.0 385.3520202636719
vertex 231.95872497558594 146.0 373.3520202636719
endloop
endfacet
facet normal 0.0 0.0 -1.0
outer loop
vertex 232.31019592285156 137.0 373.3520202636719
vertex 231.95872497558594 146.0 373.3520202636719
vertex 232.31019592285156 146.0 373.3520202636719
endloop
endfacet
facet normal -0.8829475987924155 1.6796785768514422e-06 0.469471551623617
outer loop
vertex 228.97801208496094 149.0 367.0850830078125
vertex 232.31019592285156 146.0 373.3520202636719
vertex 239.2759552001953 149.0 386.45269775390625
endloop
endfacet
facet normal -0.0 1.0 0.0
outer loop
vertex 231.95872497558594 146.0 373.3520202636719
vertex 231.95872497558594 146.0 385.3520202636719
vertex 232.31019592285156 146.0 373.3520202636719
endloop
endfacet
facet normal 0.0 -0.0 0.9999999999999999
outer loop
vertex 231.95872497558594 115.0 385.3520202636719
vertex 238.6907196044922 146.0 385.3520202636719
vertex 231.95872497558594 146.0 385.3520202636719
endloop
endfacet
facet normal 0.0 1.0 -0.0
outer loop
vertex 232.31019592285156 146.0 373.3520202636719
vertex 231.95872497558594 146.0 385.3520202636719
vertex 238.6907196044922 146.0 385.3520202636719
endloop
endfacet
facet normal 0.8829473593071009 0.0 -0.4694720020327273
outer loop
vertex 237.68768310546875 -149.0 336.6044006347656
vertex 237.68768310546875 -137.0 336.6044006347656
vertex 243.49615478515625 -137.0 347.5285339355469
endloop
endfacet
facet normal 0.0 -0.0 -0.9999999999999999
outer loop
vertex 219.00328063964844 -137.0 347.5285339355469
vertex 250.22813415527344 -112.0 347.5285339355469
vertex 243.49615478515625 -137.0 347.5285339355469
endloop
endfacet
facet normal 0.882947359307101 0.0 -0.4694720020327273
outer loop
vertex 237.68768310546875 -149.0 336.6044006347656
vertex 243.49615478515625 -137.0 347.5285339355469
vertex 243.49615478515625 -146.0 347.5285339355469
endloop
endfacet
facet normal 0.8829475805050139 -1.943147270734566e-06 -0.46947158601620004
outer loop
vertex 237.68768310546875 -149.0 336.6044006347656
vertex 243.49615478515625 -146.0 347.5285339355469
vertex 247.98561096191406 -149.0 355.97198486328125
endloop
endfacet
facet normal 0.0 -0.9999999999999999 0.0
outer loop
vertex 228.97801208496094 -149.0 367.0850830078125
vertex 237.68768310546875 -149.0 336.6044006347656
vertex 247.98561096191406 -149.0 355.97198486328125
endloop
endfacet
facet normal -0.0 1.0 0.0
outer loop
vertex 218.22813415527344 -112.0 347.5285339355469
vertex 250.22813415527344 -112.0 355.07269287109375
vertex 250.22813415527344 -112.0 347.5285339355469
endloop
endfacet
facet normal -0.0 0.0 1.0
outer loop
vertex 218.22813415527344 -115.0 359.5285339355469
vertex 241.90257263183594 -137.0 359.5285339355469
vertex 250.22813415527344 -115.0 359.5285339355469
endloop
endfacet
facet normal 0.0 -1.0 0.0
outer loop
vertex 218.22813415527344 -115.0 359.5285339355469
vertex 250.22813415527344 -115.0 359.5285339355469
vertex 252.22813415527344 -115.0 361.5285339355469
endloop
endfacet
facet normal 0.0 -0.0 -1.0
outer loop
vertex 218.22813415527344 -112.0 355.07269287109375
vertex 251.98574829101562 -7.0 355.07269287109375
vertex 250.22813415527344 -112.0 355.07269287109375
endloop
endfacet
facet normal 0.0 0.0 -1.0
outer loop
vertex 243.49615478515625 -146.0 347.5285339355469
vertex 243.49615478515625 -137.0 347.5285339355469
vertex 250.22813415527344 -146.0 347.5285339355469
endloop
endfacet
facet normal 0.0 0.0 -1.0
outer loop
vertex 243.49615478515625 -137.0 347.5285339355469
vertex 250.22813415527344 -112.0 347.5285339355469
vertex 250.22813415527344 -146.0 347.5285339355469
endloop
endfacet
facet normal 0.8829478666944787 0.0 -0.469471047775759
outer loop
vertex 243.49615478515625 -146.0 347.5285339355469
vertex 247.98561096191406 -146.0 355.97198486328125
vertex 247.98561096191406 -149.0 355.97198486328125
endloop
endfacet
facet normal 0.0 -0.9999999999999999 0.0
outer loop
vertex 243.49615478515625 -146.0 347.5285339355469
vertex 250.22813415527344 -146.0 347.5285339355469
vertex 247.98561096191406 -146.0 355.97198486328125
endloop
endfacet
facet normal 0.8829474323010658 0.0 -0.4694718647511849
outer loop
vertex 247.98561096191406 -149.0 355.97198486328125
vertex 247.98561096191406 -146.0 355.97198486328125
vertex 249.8766632080078 -146.0 359.5285339355469
endloop
endfacet
facet normal 0.0 0.0 0.9999999999999999
outer loop
vertex 241.90257263183594 -137.0 359.5285339355469
vertex 249.8766632080078 -137.0 359.5285339355469
vertex 250.22813415527344 -115.0 359.5285339355469
endloop
endfacet
facet normal -0.0 -1.0 0.0
outer loop
vertex 250.22813415527344 -146.0 347.5285339355469
vertex 250.22813415527344 -146.0 359.5285339355469
vertex 247.98561096191406 -146.0 355.97198486328125
endloop
endfacet
facet normal 1.0 0.0 -0.0
outer loop
vertex 250.22813415527344 -146.0 347.5285339355469
vertex 250.22813415527344 -112.0 347.5285339355469
vertex 250.22813415527344 -146.0 359.5285339355469
endloop
endfacet
facet normal 0.0 -1.0 0.0
outer loop
vertex 247.98561096191406 -146.0 355.97198486328125
vertex 250.22813415527344 -146.0 359.5285339355469
vertex 249.8766632080078 -146.0 359.5285339355469
endloop
endfacet
facet normal 0.0 0.0 1.0
outer loop
vertex 249.8766632080078 -146.0 359.5285339355469
vertex 250.22813415527344 -146.0 359.5285339355469
vertex 250.22813415527344 -115.0 359.5285339355469
endloop
endfacet
facet normal 0.0 -0.0 1.0
outer loop
vertex 249.8766632080078 -146.0 359.5285339355469
vertex 250.22813415527344 -115.0 359.5285339355469
vertex 249.8766632080078 -137.0 359.5285339355469
endloop
endfacet
facet normal 1.0 0.0 0.0
outer loop
vertex 250.22813415527344 -112.0 347.5285339355469
vertex 250.22813415527344 -115.0 355.07269287109375
vertex 250.22813415527344 -146.0 359.5285339355469
endloop
endfacet
facet normal 0.9999999999999999 0.0 -0.0
outer loop
vertex 250.22813415527344 -112.0 347.5285339355469
vertex 250.22813415527344 -112.0 355.07269287109375
vertex 250.22813415527344 -115.0 355.07269287109375
endloop
endfacet
facet normal 0.0 0.0 -1.0
outer loop
vertex 250.22813415527344 -115.0 355.07269287109375
vertex 250.22813415527344 -112.0 355.07269287109375
vertex 251.98574829101562 -115.0 355.07269287109375
endloop
endfacet
facet normal 1.0 -0.0 0.0
outer loop
vertex 250.22813415527344 -146.0 359.5285339355469
vertex 250.22813415527344 -115.0 355.07269287109375
vertex 250.22813415527344 -115.0 359.5285339355469
endloop
endfacet
facet normal 0.0 -1.0 0.0
outer loop
vertex 250.22813415527344 -115.0 355.07269287109375
vertex 251.98574829101562 -115.0 355.07269287109375
vertex 250.22813415527344 -115.0 359.5285339355469
endloop
endfacet
facet normal -0.0 -1.0 0.0
outer loop
vertex 251.98574829101562 -115.0 355.07269287109375
vertex 252.22813415527344 -115.0 361.5285339355469
vertex 250.22813415527344 -115.0 359.5285339355469
endloop
endfacet
facet normal 0.0 0.0 -1.0
outer loop
vertex 250.22813415527344 -112.0 355.07269287109375
vertex 251.98574829101562 -7.0 355.07269287109375
vertex 251.98574829101562 -115.0 355.07269287109375
endloop
endfacet
facet normal 0.9992959231452745 0.0 -0.03751876843972367
outer loop
vertex 251.98574829101562 -115.0 355.07269287109375
vertex 251.98574829101562 -7.0 355.07269287109375
vertex 252.22813415527344 -115.0 361.5285339355469
endloop
endfacet
facet normal 0.8829475694758289 0.0 -0.4694716067630995
outer loop
vertex 238.2551727294922 -7.0 329.24920654296875
vertex 238.2551727294922 5.0 329.24920654296875
vertex 242.85147094726562 -5.0407867431640625 337.8935852050781
endloop
endfacet
facet normal 0.8830087211738872 -0.0006529869983148154 -0.46935612485492995
outer loop
vertex 238.2551727294922 -7.0 329.24920654296875
vertex 242.85147094726562 -5.0407867431640625 337.8935852050781
vertex 242.968505859375 -5.0 338.11370849609375
endloop
endfacet
facet normal 0.3510921449220173 -0.93624799975283 -0.01319047887235257
outer loop
vertex 242.85147094726562 -5.0407867431640625 337.8935852050781
vertex 242.9588623046875 -5.0 337.8570251464844
vertex 242.968505859375 -5.0 338.11370849609375
endloop
endfacet
facet normal -0.32227405618131666 -0.0 -0.9466464137746688
outer loop
vertex 242.85147094726562 -5.0407867431640625 337.8935852050781
vertex 242.9588623046875 5.0 337.8570251464844
vertex 242.9588623046875 -5.0 337.8570251464844
endloop
endfacet
facet normal 0.9992949994628472 0.0 -0.03754336224352155
outer loop
vertex 242.9588623046875 -5.0 337.8570251464844
vertex 242.968505859375 5.0 338.11370849609375
vertex 242.968505859375 -5.0 338.11370849609375
endloop
endfacet
facet normal -0.0 -1.0 0.0
outer loop
vertex 238.2551727294922 -7.0 329.24920654296875
vertex 251.98574829101562 -7.0 355.07269287109375
vertex 237.69285583496094 -7.0 339.65032958984375
endloop
endfacet
facet normal 0.8829478150576191 3.460747562837802e-07 -0.46947114489056363
outer loop
vertex 238.2551727294922 -7.0 329.24920654296875
vertex 242.968505859375 -5.0 338.11370849609375
vertex 251.98574829101562 -7.0 355.07269287109375
endloop
endfacet
facet normal -0.0 -1.0 0.0
outer loop
vertex 237.69285583496094 -7.0 339.65032958984375
vertex 251.98574829101562 -7.0 355.07269287109375
vertex 237.8275146484375 -7.0 343.2369079589844
endloop
endfacet
facet normal 0.0 -1.0 0.0
outer loop
vertex 227.56483459472656 -7.0 353.9967041015625
vertex 238.23150634765625 -7.0 353.9967041015625
vertex 251.98574829101562 -7.0 355.07269287109375
endloop
endfacet
facet normal -0.0 -0.9999999999999999 0.0
outer loop
vertex 237.8275146484375 -7.0 343.2369079589844
vertex 251.98574829101562 -7.0 355.07269287109375
vertex 238.23150634765625 -7.0 353.9967041015625
endloop
endfacet
facet normal 0.9992969359856674 1.6154152313042675e-06 -0.03749178212685637
outer loop
vertex 251.98574829101562 -7.0 355.07269287109375
vertex 251.98965454101562 -6.77419376373291 355.17681884765625
vertex 252.22813415527344 -115.0 361.5285339355469
endloop
endfacet
facet normal 0.9992959043821753 0.0 -0.037519268183298704
outer loop
vertex 251.98965454101562 -6.77419376373291 355.17681884765625
vertex 252.22813415527344 -7.0 361.5285339355469
vertex 252.22813415527344 -115.0 361.5285339355469
endloop
endfacet
facet normal 0.8829477981398666 0.0 -0.46947117670839095
outer loop
vertex 242.968505859375 -5.0 338.11370849609375
vertex 242.968505859375 5.0 338.11370849609375
vertex 251.98574829101562 -7.0 355.07269287109375
endloop
endfacet
facet normal 0.8829477981398667 0.0 -0.46947117670839106
outer loop
vertex 251.98574829101562 -7.0 355.07269287109375
vertex 242.968505859375 5.0 338.11370849609375
vertex 251.98574829101562 -5.0 355.07269287109375
endloop
endfacet
facet normal 0.9992970672285522 0.0 -0.0374882838819621
outer loop
vertex 251.98574829101562 -7.0 355.07269287109375
vertex 251.98574829101562 -5.0 355.07269287109375
vertex 251.98965454101562 -6.77419376373291 355.17681884765625
endloop
endfacet
facet normal 0.999296035717381 -1.6154074135316687e-06 -0.03751576997633496
outer loop
vertex 251.98965454101562 -6.77419376373291 355.17681884765625
vertex 251.98574829101562 -5.0 355.07269287109375
vertex 252.22813415527344 7.0 361.5285339355469
endloop
endfacet
facet normal 0.9992959043821754 0.0 -0.03751926818329871
outer loop
vertex 251.98965454101562 -6.77419376373291 355.17681884765625
vertex 252.22813415527344 7.0 361.5285339355469
vertex 252.22813415527344 -7.0 361.5285339355469
endloop
endfacet
facet normal 0.0 0.9999999999999999 0.0
outer loop
vertex 228.97801208496094 -137.0 367.0850830078125
vertex 249.8766632080078 -137.0 359.5285339355469
vertex 241.90257263183594 -137.0 359.5285339355469
endloop
endfacet
facet normal 0.0 -1.0 0.0
outer loop
vertex 228.97801208496094 -149.0 367.0850830078125
vertex 247.98561096191406 -149.0 355.97198486328125
vertex 239.2759552001953 -149.0 386.45269775390625
endloop
endfacet
facet normal -0.0 1.0 0.0
outer loop
vertex 228.97801208496094 -137.0 367.0850830078125
vertex 239.2759552001953 -137.0 386.45269775390625
vertex 249.8766632080078 -137.0 359.5285339355469
endloop
endfacet
facet normal 0.0 0.0 1.0
outer loop
vertex 216.22813415527344 -115.0 361.5285339355469
vertex 252.22813415527344 -115.0 361.5285339355469
vertex 252.22813415527344 -7.0 361.5285339355469
endloop
endfacet
facet normal 0.0 -1.0 0.0
outer loop
vertex 247.98561096191406 -149.0 355.97198486328125
vertex 258.2835388183594 -149.0 375.339599609375
vertex 239.2759552001953 -149.0 386.45269775390625
endloop
endfacet
facet normal 0.8829478871449105 -1.3008480292096664e-06 -0.4694710093122323
outer loop
vertex 247.98561096191406 -149.0 355.97198486328125
vertex 249.8766632080078 -146.0 359.5285339355469
vertex 258.2835388183594 -149.0 375.339599609375
endloop
endfacet
facet normal 0.8829479894585794 0.0 -0.4694708168896681
outer loop
vertex 249.8766632080078 -146.0 359.5285339355469
vertex 249.8766632080078 -137.0 359.5285339355469
vertex 258.2835388183594 -137.0 375.339599609375
endloop
endfacet
facet normal -0.0 1.0 -0.0
outer loop
vertex 249.8766632080078 -137.0 359.5285339355469
vertex 239.2759552001953 -137.0 386.45269775390625
vertex 258.2835388183594 -137.0 375.339599609375
endloop
endfacet
facet normal -0.8829477351318149 0.0 0.46947129520940717
outer loop
vertex 239.2759552001953 -149.0 386.45269775390625
vertex 246.040771484375 -146.0 399.17547607421875
vertex 239.2759552001953 -137.0 386.45269775390625
endloop
endfacet
facet normal -0.8829481975115719 4.730697294676923e-06 0.46947042557405744
outer loop
vertex 239.2759552001953 -149.0 386.45269775390625
vertex 247.06298828125 -149.0 401.0980224609375
vertex 246.040771484375 -146.0 399.17547607421875
endloop
endfacet
facet normal -0.882947735131815 0.0 0.46947129520940717
outer loop
vertex 239.2759552001953 -137.0 386.45269775390625
vertex 246.040771484375 -146.0 399.17547607421875
vertex 246.040771484375 -137.0 399.17547607421875
endloop
endfacet
facet normal 0.0 -1.0 0.0
outer loop
vertex 239.2759552001953 -149.0 386.45269775390625
vertex 258.2835388183594 -149.0 375.339599609375
vertex 247.06298828125 -149.0 401.0980224609375
endloop
endfacet
facet normal -0.0 1.0 0.0
outer loop
vertex 239.2759552001953 -137.0 386.45269775390625
vertex 246.040771484375 -137.0 399.17547607421875
vertex 258.2835388183594 -137.0 375.339599609375
endloop
endfacet
facet normal 0.0 -0.9999999999999999 0.0
outer loop
vertex 245.68930053710938 -146.0 399.17547607421875
vertex 246.040771484375 -146.0 399.17547607421875
vertex 245.68930053710938 -146.0 401.82843017578125
endloop
endfacet
facet normal 0.0 -1.0 0.0
outer loop
vertex 246.040771484375 -146.0 399.17547607421875
vertex 247.06300354003906 -146.0 401.0980224609375
vertex 245.68930053710938 -146.0 401.82843017578125
endloop
endfacet
facet normal 0.0 0.0 -1.0
outer loop
vertex 245.68930053710938 -146.0 399.17547607421875
vertex 245.68930053710938 -112.0 399.17547607421875
vertex 246.040771484375 -146.0 399.17547607421875
endloop
endfacet
facet normal 0.0 0.0 -1.0
outer loop
vertex 246.040771484375 -146.0 399.17547607421875
vertex 245.68930053710938 -112.0 399.17547607421875
vertex 246.040771484375 -137.0 399.17547607421875
endloop
endfacet
facet normal -1.0 0.0 0.0
outer loop
vertex 245.68930053710938 -146.0 399.17547607421875
vertex 245.68930053710938 -146.0 401.82843017578125
vertex 245.68930053710938 -112.0 401.82843017578125
endloop
endfacet
facet normal -0.882947169997163 6.319223397534876e-06 0.46947235802980797
outer loop
vertex 246.040771484375 -146.0 399.17547607421875
vertex 247.06298828125 -149.0 401.0980224609375
vertex 247.06300354003906 -146.86798095703125 401.0980224609375
endloop
endfacet
facet normal -0.88294835262433 0.0 0.4694701338722002
outer loop
vertex 246.040771484375 -146.0 399.17547607421875
vertex 247.06300354003906 -146.86798095703125 401.0980224609375
vertex 247.06300354003906 -146.0 401.0980224609375
endloop
endfacet
facet normal 0.4694750078607881 -3.3600169467005533e-06 0.8829457610650968
outer loop
vertex 247.06298828125 -149.0 401.0980224609375
vertex 250.59478759765625 -146.5 399.2201232910156
vertex 247.06300354003906 -146.86798095703125 401.0980224609375
endloop
endfacet
facet normal 0.4694699953285577 2.4089986976317633e-06 0.8829484262857037
outer loop
vertex 245.68930053710938 -146.0 401.82843017578125
vertex 247.06300354003906 -146.0 401.0980224609375
vertex 250.6787567138672 -137.0 399.17547607421875
endloop
endfacet
facet normal 0.4694746699803334 0.0 0.8829459407273228
outer loop
vertex 247.06300354003906 -146.86798095703125 401.0980224609375
vertex 250.6787567138672 -137.0 399.17547607421875
vertex 247.06300354003906 -146.0 401.0980224609375
endloop
endfacet
facet normal 0.4694733829539657 0.0 0.882946625055988
outer loop
vertex 245.68930053710938 -146.0 401.82843017578125
vertex 250.6787567138672 -137.0 399.17547607421875
vertex 245.68930053710938 -112.0 401.82843017578125
endloop
endfacet
facet normal -1.0 0.0 0.0
outer loop
vertex 245.68930053710938 -146.0 399.17547607421875
vertex 245.68930053710938 -112.0 401.82843017578125
vertex 245.68930053710938 -112.0 399.17547607421875
endloop
endfacet
facet normal 0.0 0.0 -1.0
outer loop
vertex 246.040771484375 -137.0 399.17547607421875
vertex 245.68930053710938 -112.0 399.17547607421875
vertex 250.6787567138672 -137.0 399.17547607421875
endloop
endfacet
facet normal -0.0 1.0 0.0
outer loop
vertex 245.68930053710938 -112.0 399.17547607421875
vertex 245.68930053710938 -112.0 401.82843017578125
vertex 250.6787567138672 -112.0 399.17547607421875
endloop
endfacet
facet normal 0.46947473494000275 -0.0 0.8829459061873576
outer loop
vertex 247.06300354003906 -146.86798095703125 401.0980224609375
vertex 250.59478759765625 -146.5 399.2201232910156
vertex 250.59478759765625 -145.0738067626953 399.2201232910156
endloop
endfacet
facet normal 0.4694747349400028 -0.0 0.8829459061873577
outer loop
vertex 247.06300354003906 -146.86798095703125 401.0980224609375
vertex 250.59478759765625 -145.0738067626953 399.2201232910156
vertex 250.59478759765625 -139.5 399.2201232910156
endloop
endfacet
facet normal 0.46947494570897974 -1.295937854582087e-07 0.8829457941184915
outer loop
vertex 247.06300354003906 -146.86798095703125 401.0980224609375
vertex 250.59478759765625 -139.5 399.2201232910156
vertex 250.6787567138672 -137.0 399.17547607421875
endloop
endfacet
facet normal -0.8829472992442171 0.0 0.4694721149944297
outer loop
vertex 250.59478759765625 -146.5 399.2201232910156
vertex 255.28948974609375 -146.5 408.049560546875
vertex 250.59478759765625 -145.0738067626953 399.2201232910156
endloop
endfacet
facet normal -0.8829472992442171 0.0 0.4694721149944297
outer loop
vertex 250.59478759765625 -145.0738067626953 399.2201232910156
vertex 255.28948974609375 -139.5 408.049560546875
vertex 250.59478759765625 -139.5 399.2201232910156
endloop
endfacet
facet normal 0.0 0.0 -1.0
outer loop
vertex 245.68930053710938 -112.0 399.17547607421875
vertex 250.6787567138672 -112.0 399.17547607421875
vertex 250.6787567138672 -137.0 399.17547607421875
endloop
endfacet
facet normal 0.4694733829539656 -0.0 0.8829466250559878
outer loop
vertex 245.68930053710938 -112.0 401.82843017578125
vertex 250.6787567138672 -137.0 399.17547607421875
vertex 250.6787567138672 -112.0 399.17547607421875
endloop
endfacet
facet normal 0.0 -0.0 1.0
outer loop
vertex 216.22813415527344 -115.0 361.5285339355469
vertex 252.22813415527344 -7.0 361.5285339355469
vertex 251.64749145507812 -6.77419376373291 361.5285339355469
endloop
endfacet
facet normal 0.0 -1.0 0.0
outer loop
vertex 233.16757202148438 -5.0 361.5285339355469
vertex 242.22816467285156 -5.0 361.5285339355469
vertex 235.3162841796875 -5.0 365.5696716308594
endloop
endfacet
facet normal -0.8829479917478467 0.0 0.46947081258417384
outer loop
vertex 235.3162841796875 -5.0 365.5696716308594
vertex 243.4654998779297 -5.0 380.8961486816406
vertex 235.3162841796875 5.0 365.5696716308594
endloop
endfacet
facet normal 0.0 -1.0 0.0
outer loop
vertex 235.3162841796875 -5.0 365.5696716308594
vertex 242.22816467285156 -5.0 361.5285339355469
vertex 243.4654998779297 -5.0 380.8961486816406
endloop
endfacet
facet normal -0.0 -0.0 1.0
outer loop
vertex 233.16757202148438 -5.0 361.5285339355469
vertex 251.64749145507812 -6.77419376373291 361.5285339355469
vertex 242.22816467285156 -5.0 361.5285339355469
endloop
endfacet
facet normal -0.0 -0.0 1.0
outer loop
vertex 242.22816467285156 -5.0 361.5285339355469
vertex 251.64749145507812 -6.77419376373291 361.5285339355469
vertex 251.2886962890625 -5.0 361.5285339355469
endloop
endfacet
facet normal 0.0 -0.9999999999999999 0.0
outer loop
vertex 242.22816467285156 -5.0 361.5285339355469
vertex 251.2886962890625 -5.0 361.5285339355469
vertex 252.52606201171875 -5.0 380.8961486816406
endloop
endfacet
facet normal -0.0 0.0 1.0
outer loop
vertex 251.2886962890625 -5.0 361.5285339355469
vertex 251.64749145507812 -6.77419376373291 361.5285339355469
vertex 252.22813415527344 7.0 361.5285339355469
endloop
endfacet
facet normal -0.0 0.0 1.0
outer loop
vertex 251.64749145507812 -6.77419376373291 361.5285339355469
vertex 252.22813415527344 -7.0 361.5285339355469
vertex 252.22813415527344 7.0 361.5285339355469
endloop
endfacet
facet normal 0.0 -1.0 0.0
outer loop
vertex 242.22816467285156 -5.0 361.5285339355469
vertex 252.52606201171875 -5.0 380.8961486816406
vertex 243.4654998779297 -5.0 380.8961486816406
endloop
endfacet
facet normal 0.0 0.0 -1.0
outer loop
vertex 229.71632385253906 -7.0 380.8961486816406
vertex 243.4654998779297 -5.0 380.8961486816406
vertex 265.7163391113281 -7.0 380.8961486816406
endloop
endfacet
facet normal -0.0 -1.0 0.0
outer loop
vertex 229.71632385253906 -7.0 380.8961486816406
vertex 254.6220245361328 -7.0 394.88385009765625
vertex 229.95872497558594 -7.0 387.3520202636719
endloop
endfacet
facet normal 0.0 -0.9999999999999999 0.0
outer loop
vertex 229.95872497558594 -7.0 387.3520202636719
vertex 254.6220245361328 -7.0 394.88385009765625
vertex 239.42654418945312 -7.0 405.15838623046875
endloop
endfacet
facet normal -0.8829474595494229 0.0 0.4694718135045174
outer loop
vertex 229.95872497558594 -7.0 387.3520202636719
vertex 239.42654418945312 -7.0 405.15838623046875
vertex 239.42654418945312 7.0 405.15838623046875
endloop
endfacet
facet normal 0.0 -1.0 0.0
outer loop
vertex 229.71632385253906 -7.0 380.8961486816406
vertex 265.7163391113281 -7.0 380.8961486816406
vertex 254.6220245361328 -7.0 394.88385009765625
endloop
endfacet
facet normal 0.0 -1.0 0.0
outer loop
vertex 239.42654418945312 -7.0 405.15838623046875
vertex 254.6220245361328 -7.0 394.88385009765625
vertex 254.70281982421875 -7.0 397.0358581542969
endloop
endfacet
facet normal 0.4694710329076116 -0.0 0.8829478746000017
outer loop
vertex 239.42654418945312 -7.0 405.15838623046875
vertex 254.70281982421875 -7.0 397.0358581542969
vertex 254.70281982421875 7.0 397.0358581542969
endloop
endfacet
facet normal 0.8829479894585796 0.0 -0.46947081688966813
outer loop
vertex 249.8766632080078 -146.0 359.5285339355469
vertex 258.2835388183594 -137.0 375.339599609375
vertex 258.2835388183594 -149.0 375.339599609375
endloop
endfacet
facet normal 0.882946968482865 0.0 -0.46947273706459103
outer loop
vertex 258.2835388183594 -149.0 375.339599609375
vertex 258.2835388183594 -137.0 375.339599609375
vertex 266.48785400390625 -149.0 390.7696228027344
endloop
endfacet
facet normal 0.0 -0.9999999999999999 0.0
outer loop
vertex 247.06298828125 -149.0 401.0980224609375
vertex 258.2835388183594 -149.0 375.339599609375
vertex 266.48785400390625 -149.0 390.7696228027344
endloop
endfacet
facet normal 0.0 1.0 0.0
outer loop
vertex 246.040771484375 -137.0 399.17547607421875
vertex 266.48785400390625 -137.0 390.7696228027344
vertex 258.2835388183594 -137.0 375.339599609375
endloop
endfacet
facet normal 0.4694721065424698 1.8975249668452315e-06 0.8829473037361715
outer loop
vertex 247.06298828125 -149.0 401.0980224609375
vertex 266.48785400390625 -149.0 390.7696228027344
vertex 250.59478759765625 -146.5 399.2201232910156
endloop
endfacet
facet normal -0.0 1.0 0.0
outer loop
vertex 246.040771484375 -137.0 399.17547607421875
vertex 250.6787567138672 -137.0 399.17547607421875
vertex 266.48785400390625 -137.0 390.7696228027344
endloop
endfacet
facet normal 0.46947150818088523 1.850670944450747e-08 0.882947621892921
outer loop
vertex 250.59478759765625 -139.5 399.2201232910156
vertex 262.9560546875 -139.5 392.64752197265625
vertex 250.6787567138672 -137.0 399.17547607421875
endloop
endfacet
facet normal 0.0 -1.0 0.0
outer loop
vertex 250.59478759765625 -146.5 399.2201232910156
vertex 260.61773681640625 -146.5 395.02337646484375
vertex 259.5581970214844 -146.5 395.58673095703125
endloop
endfacet
facet normal 0.0 1.0 0.0
outer loop
vertex 250.59478759765625 -139.5 399.2201232910156
vertex 253.8720245361328 -139.5 398.6101379394531
vertex 262.9560546875 -139.5 392.64752197265625
endloop
endfacet
facet normal 0.0 1.0 0.0
outer loop
vertex 253.8720245361328 -139.5 398.6101379394531
vertex 254.9315643310547 -139.5 398.0467529296875
vertex 262.9560546875 -139.5 392.64752197265625
endloop
endfacet
facet normal 0.0 -1.0 0.0
outer loop
vertex 250.59478759765625 -146.5 399.2201232910156
vertex 262.9560546875 -146.5 392.64752197265625
vertex 260.61773681640625 -146.5 395.02337646484375
endloop
endfacet
facet normal 0.0 1.0 0.0
outer loop
vertex 259.5581970214844 -139.5 395.58673095703125
vertex 262.9560546875 -139.5 392.64752197265625
vertex 254.9315643310547 -139.5 398.0467529296875
endloop
endfacet
facet normal 0.4694715081787983 -2.9818286992700045e-06 0.882947621888996
outer loop
vertex 250.59478759765625 -146.5 399.2201232910156
vertex 266.48785400390625 -149.0 390.7696228027344
vertex 262.9560546875 -146.5 392.64752197265625
endloop
endfacet
facet normal -0.08092704311793836 -0.985030163735436 -0.15220509263335327
outer loop
vertex 259.5581970214844 -146.5 395.58673095703125
vertex 260.61773681640625 -146.5 395.02337646484375
vertex 260.4971618652344 -146.85000610351562 397.3526306152344
endloop
endfacet
facet normal -0.08093389857679864 -0.9850295596785964 -0.1522053567406584
outer loop
vertex 260.61773681640625 -146.5 395.02337646484375
vertex 261.5566711425781 -146.85000610351562 396.78924560546875
vertex 260.4971618652344 -146.85000610351562 397.3526306152344
endloop
endfacet
facet normal 0.4694718735064108 2.3198132499265705e-06 0.8829474276427782
outer loop
vertex 250.6787567138672 -137.0 399.17547607421875
vertex 262.9560546875 -139.5 392.64752197265625
vertex 266.48785400390625 -137.0 390.7696228027344
endloop
endfacet
facet normal -0.08092704311793836 0.985030163735436 -0.15220509263335327
outer loop
vertex 259.5581970214844 -139.5 395.58673095703125
vertex 260.4971618652344 -139.14999389648438 397.3526306152344
vertex 260.61773681640625 -139.5 395.02337646484375
endloop
endfacet
facet normal 0.0 1.0 0.0
outer loop
vertex 259.5581970214844 -139.5 395.58673095703125
vertex 260.61773681640625 -139.5 395.02337646484375
vertex 262.9560546875 -139.5 392.64752197265625
endloop
endfacet
facet normal -0.08093389857679864 0.9850295596785964 -0.1522053567406584
outer loop
vertex 260.61773681640625 -139.5 395.02337646484375
vertex 260.4971618652344 -139.14999389648438 397.3526306152344
vertex 261.5566711425781 -139.14999389648438 396.78924560546875
endloop
endfacet
facet normal 0.0 -1.0 0.0
outer loop
vertex 250.59478759765625 -146.5 399.2201232910156
vertex 254.9315643310547 -146.5 398.0467529296875
vertex 253.8720245361328 -146.5 398.6101379394531
endloop
endfacet
facet normal 0.0 -1.0 0.0
outer loop
vertex 250.59478759765625 -146.5 399.2201232910156
vertex 259.5581970214844 -146.5 395.58673095703125
vertex 254.9315643310547 -146.5 398.0467529296875
endloop
endfacet
facet normal -0.08093208126490742 -0.9850295596844575 -0.15220632302888903
outer loop
vertex 253.8720245361328 -146.5 398.6101379394531
vertex 254.9315643310547 -146.5 398.0467529296875
vertex 254.8109588623047 -146.85000610351562 400.3760070800781
endloop
endfacet
facet normal 0.0 -0.9999999999999999 0.0
outer loop
vertex 250.59478759765625 -146.5 399.2201232910156
vertex 253.8720245361328 -146.5 398.6101379394531
vertex 258.0972595214844 -146.5 406.556640625
endloop
endfacet
facet normal -0.08093208126490742 0.9850295596844575 -0.15220632302888903
outer loop
vertex 253.8720245361328 -139.5 398.6101379394531
vertex 254.8109588623047 -139.14999389648438 400.3760070800781
vertex 254.9315643310547 -139.5 398.0467529296875
endloop
endfacet
facet normal -0.0 1.0 0.0
outer loop
vertex 250.59478759765625 -139.5 399.2201232910156
vertex 255.28948974609375 -139.5 408.049560546875
vertex 253.8720245361328 -139.5 398.6101379394531
endloop
endfacet
facet normal -0.080927605607276 -0.9850299540555323 -0.1522061505459922
outer loop
vertex 254.9315643310547 -146.5 398.0467529296875
vertex 255.87049865722656 -146.85000610351562 399.8126525878906
vertex 254.8109588623047 -146.85000610351562 400.3760070800781
endloop
endfacet
facet normal -0.8829473828484101 -1.018142606823084e-05 0.4694719576476126
outer loop
vertex 253.8720245361328 -146.5 398.6101379394531
vertex 254.8109588623047 -146.85000610351562 400.3760070800781
vertex 258.0972595214844 -146.5 406.556640625
endloop
endfacet
facet normal 0.0 -1.0 0.0
outer loop
vertex 254.8109588623047 -146.85000610351562 400.3760070800781
vertex 255.87049865722656 -146.85000610351562 399.8126525878906
vertex 257.6278076171875 -146.85000610351562 405.6737060546875
endloop
endfacet
facet normal 0.8829481300408749 -2.1656124355261566e-05 -0.4694705519927042
outer loop
vertex 254.9315643310547 -146.5 398.0467529296875
vertex 259.15679931640625 -146.5 405.9932861328125
vertex 255.87049865722656 -146.85000610351562 399.8126525878906
endloop
endfacet
facet normal -0.080927605607276 0.9850299540555323 -0.1522061505459922
outer loop
vertex 254.9315643310547 -139.5 398.0467529296875
vertex 254.8109588623047 -139.14999389648438 400.3760070800781
vertex 255.87049865722656 -139.14999389648438 399.8126525878906
endloop
endfacet
facet normal -0.8829473828484101 1.018142606823084e-05 0.4694719576476126
outer loop
vertex 253.8720245361328 -139.5 398.6101379394531
vertex 258.0972595214844 -139.5 406.556640625
vertex 254.8109588623047 -139.14999389648438 400.3760070800781
endloop
endfacet
facet normal -0.0 1.0 0.0
outer loop
vertex 254.8109588623047 -139.14999389648438 400.3760070800781
vertex 257.6278076171875 -139.14999389648438 405.6737060546875
vertex 255.87049865722656 -139.14999389648438 399.8126525878906
endloop
endfacet
facet normal 0.8829481300408749 2.1656124355261566e-05 -0.4694705519927042
outer loop
vertex 254.9315643310547 -139.5 398.0467529296875
vertex 255.87049865722656 -139.14999389648438 399.8126525878906
vertex 259.15679931640625 -139.5 405.9932861328125
endloop
endfacet
facet normal -0.882947299244217 0.0 0.4694721149944296
outer loop
vertex 250.59478759765625 -145.0738067626953 399.2201232910156
vertex 255.28948974609375 -146.5 408.049560546875
vertex 255.28948974609375 -139.5 408.049560546875
endloop
endfacet
facet normal 0.0 -1.0 0.0
outer loop
vertex 250.59478759765625 -146.5 399.2201232910156
vertex 258.0972595214844 -146.5 406.556640625
vertex 255.28948974609375 -146.5 408.049560546875
endloop
endfacet
facet normal -0.8829467463130541 -3.849275204085161e-05 0.4694731533256182
outer loop
vertex 254.8109588623047 -146.85000610351562 400.3760070800781
vertex 257.6278076171875 -146.85000610351562 405.6737060546875
vertex 258.5667419433594 -146.5 407.4396057128906
endloop
endfacet
facet normal -0.8829469471776409 -2.872754930027078e-05 0.46947277625482414
outer loop
vertex 254.8109588623047 -146.85000610351562 400.3760070800781
vertex 258.5667419433594 -146.5 407.4396057128906
vertex 258.0972595214844 -146.5 406.556640625
endloop
endfacet
facet normal -0.6454410140053425 0.0 0.7638101187073626
outer loop
vertex 255.28948974609375 -146.5 408.049560546875
vertex 256.9347839355469 -140.3000030517578 409.43988037109375
vertex 255.28948974609375 -139.5 408.049560546875
endloop
endfacet
facet normal 0.17435150230557514 -0.928481857281321 0.32790699038480053
outer loop
vertex 255.28948974609375 -146.5 408.049560546875
vertex 258.0972595214844 -146.5 406.556640625
vertex 258.2146301269531 -146.39999389648438 406.77740478515625
endloop
endfacet
facet normal -0.6454410140053424 0.0 0.7638101187073626
outer loop
vertex 255.28948974609375 -146.5 408.049560546875
vertex 256.9347839355469 -145.6999969482422 409.43988037109375
vertex 256.9347839355469 -140.3000030517578 409.43988037109375
endloop
endfacet
facet normal 0.17435725181234504 0.9284759444403399 0.32792067537144587
outer loop
vertex 256.9347839355469 -140.3000030517578 409.43988037109375
vertex 258.2146301269531 -139.60000610351562 406.77740478515625
vertex 255.28948974609375 -139.5 408.049560546875
endloop
endfacet
facet normal -0.0 1.0 0.0
outer loop
vertex 253.8720245361328 -139.5 398.6101379394531
vertex 255.28948974609375 -139.5 408.049560546875
vertex 258.0972595214844 -139.5 406.556640625
endloop
endfacet
facet normal -0.8829467463130541 3.849275204085161e-05 0.4694731533256182
outer loop
vertex 254.8109588623047 -139.14999389648438 400.3760070800781
vertex 258.5667419433594 -139.5 407.4396057128906
vertex 257.6278076171875 -139.14999389648438 405.6737060546875
endloop
endfacet
facet normal -0.8829469471776409 2.872754930027078e-05 0.46947277625482414
outer loop
vertex 254.8109588623047 -139.14999389648438 400.3760070800781
vertex 258.0972595214844 -139.5 406.556640625
vertex 258.5667419433594 -139.5 407.4396057128906
endloop
endfacet
facet normal 0.17435150230557514 0.928481857281321 0.32790699038480053
outer loop
vertex 255.28948974609375 -139.5 408.049560546875
vertex 258.2146301269531 -139.60000610351562 406.77740478515625
vertex 258.0972595214844 -139.5 406.556640625
endloop
endfacet
facet normal 0.0 -1.0 0.0
outer loop
vertex 254.9315643310547 -146.5 398.0467529296875
vertex 263.783447265625 -146.5 403.5332336425781
vertex 259.15679931640625 -146.5 405.9932861328125
endloop
endfacet
facet normal 0.0 1.0 -0.0
outer loop
vertex 259.5581970214844 -139.5 395.58673095703125
vertex 254.9315643310547 -139.5 398.0467529296875
vertex 259.15679931640625 -139.5 405.9932861328125
endloop
endfacet
facet normal -0.0 -1.0 0.0
outer loop
vertex 259.5581970214844 -146.5 395.58673095703125
vertex 263.783447265625 -146.5 403.5332336425781
vertex 254.9315643310547 -146.5 398.0467529296875
endloop
endfacet
facet normal -0.8829466794805989 -3.767896299812719e-05 0.46947327908463565
outer loop
vertex 259.5581970214844 -146.5 395.58673095703125
vertex 260.4971618652344 -146.85000610351562 397.3526306152344
vertex 263.783447265625 -146.5 403.5332336425781
endloop
endfacet
facet normal -0.8829466794805989 3.767896299812719e-05 0.46947327908463565
outer loop
vertex 259.5581970214844 -139.5 395.58673095703125
vertex 263.783447265625 -139.5 403.5332336425781
vertex 260.4971618652344 -139.14999389648438 397.3526306152344
endloop
endfacet
facet normal -0.0 1.0 -0.0
outer loop
vertex 259.5581970214844 -139.5 395.58673095703125
vertex 259.15679931640625 -139.5 405.9932861328125
vertex 263.783447265625 -139.5 403.5332336425781
endloop
endfacet
facet normal 0.0 -1.0 0.0
outer loop
vertex 255.87049865722656 -146.85000610351562 399.8126525878906
vertex 258.6873474121094 -146.85000610351562 405.1103515625
vertex 257.6278076171875 -146.85000610351562 405.6737060546875
endloop
endfacet
facet normal 0.8829467469645504 -2.4413445103976935e-06 -0.46947315367202636
outer loop
vertex 255.87049865722656 -146.85000610351562 399.8126525878906
vertex 259.62628173828125 -146.5 406.876220703125
vertex 258.6873474121094 -146.85000610351562 405.1103515625
endloop
endfacet
facet normal 0.882940177311634 0.00031526782222738225 -0.46948540328225413
outer loop
vertex 255.87049865722656 -146.85000610351562 399.8126525878906
vertex 259.15679931640625 -146.5 405.9932861328125
vertex 259.62628173828125 -146.5 406.876220703125
endloop
endfacet
facet normal 0.080927605607276 -0.9850299540555323 0.1522061505459922
outer loop
vertex 257.6278076171875 -146.85000610351562 405.6737060546875
vertex 258.6873474121094 -146.85000610351562 405.1103515625
vertex 258.5667419433594 -146.5 407.4396057128906
endloop
endfacet
facet normal 0.8829402211910267 0.0 -0.4694854266142249
outer loop
vertex 259.15679931640625 -146.5 405.9932861328125
vertex 259.274169921875 -146.39999389648438 406.2140197753906
vertex 259.62628173828125 -146.5 406.876220703125
endloop
endfacet
facet normal -0.8829469424452061 -0.00010744723231733345 0.4694727737385356
outer loop
vertex 258.0972595214844 -146.5 406.556640625
vertex 258.5667419433594 -146.5 407.4396057128906
vertex 258.2146301269531 -146.39999389648438 406.77740478515625
endloop
endfacet
facet normal 0.17436578764130004 0.9284731516286142 0.32792404426186533
outer loop
vertex 256.9347839355469 -140.3000030517578 409.43988037109375
vertex 259.274169921875 -139.60000610351562 406.2140197753906
vertex 258.2146301269531 -139.60000610351562 406.77740478515625
endloop
endfacet
facet normal 0.0 0.9999999999999999 -0.0
outer loop
vertex 259.274169921875 -146.39999389648438 406.2140197753906
vertex 258.2146301269531 -146.39999389648438 406.77740478515625
vertex 258.5667419433594 -146.39999389648438 407.4396057128906
endloop
endfacet
facet normal -0.8829402211910268 0.0 0.46948542661422493
outer loop
vertex 258.2146301269531 -146.39999389648438 406.77740478515625
vertex 258.5667419433594 -146.5 407.4396057128906
vertex 258.5667419433594 -146.39999389648438 407.4396057128906
endloop
endfacet
facet normal 0.08093208126490742 -0.9850295596844575 0.15220632302888903
outer loop
vertex 258.6873474121094 -146.85000610351562 405.1103515625
vertex 259.62628173828125 -146.5 406.876220703125
vertex 258.5667419433594 -146.5 407.4396057128906
endloop
endfacet
facet normal -0.0 0.9999999999999999 -0.0
outer loop
vertex 259.274169921875 -146.39999389648438 406.2140197753906
vertex 258.5667419433594 -146.39999389648438 407.4396057128906
vertex 259.62628173828125 -146.39999389648438 406.876220703125
endloop
endfacet
facet normal 0.46948306661257094 -0.0 0.8829414760696522
outer loop
vertex 258.5667419433594 -146.5 407.4396057128906
vertex 259.62628173828125 -146.5 406.876220703125
vertex 259.62628173828125 -146.39999389648438 406.876220703125
endloop
endfacet
facet normal 0.46948306661257094 0.0 0.8829414760696522
outer loop
vertex 258.5667419433594 -146.5 407.4396057128906
vertex 259.62628173828125 -146.39999389648438 406.876220703125
vertex 258.5667419433594 -146.39999389648438 407.4396057128906
endloop
endfacet
facet normal -0.0 1.0 0.0
outer loop
vertex 255.87049865722656 -139.14999389648438 399.8126525878906
vertex 257.6278076171875 -139.14999389648438 405.6737060546875
vertex 258.6873474121094 -139.14999389648438 405.1103515625
endloop
endfacet
facet normal 0.8829467469645504 2.4413445103976935e-06 -0.46947315367202636
outer loop
vertex 255.87049865722656 -139.14999389648438 399.8126525878906
vertex 258.6873474121094 -139.14999389648438 405.1103515625
vertex 259.62628173828125 -139.5 406.876220703125
endloop
endfacet
facet normal 0.882940177311634 -0.00031526782222738225 -0.46948540328225413
outer loop
vertex 255.87049865722656 -139.14999389648438 399.8126525878906
vertex 259.62628173828125 -139.5 406.876220703125
vertex 259.15679931640625 -139.5 405.9932861328125
endloop
endfacet
facet normal 0.080927605607276 0.9850299540555323 0.1522061505459922
outer loop
vertex 257.6278076171875 -139.14999389648438 405.6737060546875
vertex 258.5667419433594 -139.5 407.4396057128906
vertex 258.6873474121094 -139.14999389648438 405.1103515625
endloop
endfacet
facet normal 0.8829402211910267 0.0 -0.4694854266142249
outer loop
vertex 259.15679931640625 -139.5 405.9932861328125
vertex 259.62628173828125 -139.5 406.876220703125
vertex 259.274169921875 -139.60000610351562 406.2140197753906
endloop
endfacet
facet normal -0.8829469424452061 0.00010744723231733345 0.4694727737385356
outer loop
vertex 258.0972595214844 -139.5 406.556640625
vertex 258.2146301269531 -139.60000610351562 406.77740478515625
vertex 258.5667419433594 -139.5 407.4396057128906
endloop
endfacet
facet normal 0.0 -0.9999999999999999 0.0
outer loop
vertex 258.2146301269531 -139.60000610351562 406.77740478515625
vertex 259.62628173828125 -139.60000610351562 406.876220703125
vertex 258.5667419433594 -139.60000610351562 407.4396057128906
endloop
endfacet
facet normal -0.8829402211910268 0.0 0.46948542661422493
outer loop
vertex 258.2146301269531 -139.60000610351562 406.77740478515625
vertex 258.5667419433594 -139.60000610351562 407.4396057128906
vertex 258.5667419433594 -139.5 407.4396057128906
endloop
endfacet
facet normal 0.08093208126490742 0.9850295596844575 0.15220632302888903
outer loop
vertex 258.6873474121094 -139.14999389648438 405.1103515625
vertex 258.5667419433594 -139.5 407.4396057128906
vertex 259.62628173828125 -139.5 406.876220703125
endloop
endfacet
facet normal -0.0 -0.9999999999999999 0.0
outer loop
vertex 259.274169921875 -139.60000610351562 406.2140197753906
vertex 259.62628173828125 -139.60000610351562 406.876220703125
vertex 258.2146301269531 -139.60000610351562 406.77740478515625
endloop
endfacet
facet normal 0.46948306661257094 -0.0 0.8829414760696522
outer loop
vertex 258.5667419433594 -139.5 407.4396057128906
vertex 259.62628173828125 -139.60000610351562 406.876220703125
vertex 259.62628173828125 -139.5 406.876220703125
endloop
endfacet
facet normal 0.46948306661257094 0.0 0.8829414760696522
outer loop
vertex 258.5667419433594 -139.60000610351562 407.4396057128906
vertex 259.62628173828125 -139.60000610351562 406.876220703125
vertex 258.5667419433594 -139.5 407.4396057128906
endloop
endfacet
facet normal 0.17436692371858667 -0.9284680544970347 0.32793787169433136
outer loop
vertex 259.15679931640625 -146.5 405.9932861328125
vertex 263.90081787109375 -146.39999389648438 403.7539978027344
vertex 259.274169921875 -146.39999389648438 406.2140197753906
endloop
endfacet
facet normal 0.17436158967040077 -0.9284714831635517 0.32793100036392614
outer loop
vertex 255.28948974609375 -146.5 408.049560546875
vertex 258.2146301269531 -146.39999389648438 406.77740478515625
vertex 267.8833312988281 -145.6999969482422 403.6184387207031
endloop
endfacet
facet normal 0.8829402211910268 0.0 -0.46948542661422493
outer loop
vertex 259.274169921875 -146.39999389648438 406.2140197753906
vertex 259.62628173828125 -146.39999389648438 406.876220703125
vertex 259.62628173828125 -146.5 406.876220703125
endloop
endfacet
facet normal 0.1743579756682993 -0.928476082905738 0.3279198984399545
outer loop
vertex 255.28948974609375 -146.5 408.049560546875
vertex 267.8833312988281 -145.6999969482422 403.6184387207031
vertex 256.9347839355469 -145.6999969482422 409.43988037109375
endloop
endfacet
facet normal 0.17435639752643556 0.9284770233623416 0.32791807472264967
outer loop
vertex 256.9347839355469 -140.3000030517578 409.43988037109375
vertex 263.90081787109375 -139.60000610351562 403.7539978027344
vertex 259.274169921875 -139.60000610351562 406.2140197753906
endloop
endfacet
facet normal 0.4694712958583191 0.0 0.8829477347867826
outer loop
vertex 256.9347839355469 -145.6999969482422 409.43988037109375
vertex 267.8833312988281 -145.6999969482422 403.6184387207031
vertex 256.9347839355469 -140.3000030517578 409.43988037109375
endloop
endfacet
facet normal 0.17436861004290394 0.9284680545068347 0.32793697503026253
outer loop
vertex 259.15679931640625 -139.5 405.9932861328125
vertex 259.274169921875 -139.60000610351562 406.2140197753906
vertex 263.783447265625 -139.5 403.5332336425781
endloop
endfacet
facet normal 0.8829402211910268 0.0 -0.46948542661422493
outer loop
vertex 259.274169921875 -139.60000610351562 406.2140197753906
vertex 259.62628173828125 -139.5 406.876220703125
vertex 259.62628173828125 -139.60000610351562 406.876220703125
endloop
endfacet
facet normal 0.882946968482865 0.0 -0.46947273706459103
outer loop
vertex 258.2835388183594 -137.0 375.339599609375
vertex 266.48785400390625 -137.0 390.7696228027344
vertex 266.48785400390625 -149.0 390.7696228027344
endloop
endfacet
facet normal 0.4694731536734254 0.0 0.8829467469671817
outer loop
vertex 262.9560546875 -146.5 392.64752197265625
vertex 266.48785400390625 -137.0 390.7696228027344
vertex 262.9560546875 -139.5 392.64752197265625
endloop
endfacet
facet normal 0.4694731536734254 -0.0 0.8829467469671816
outer loop
vertex 262.9560546875 -146.5 392.64752197265625
vertex 266.48785400390625 -149.0 390.7696228027344
vertex 266.48785400390625 -137.0 390.7696228027344
endloop
endfacet
facet normal 0.0 -1.0 0.0
outer loop
vertex 260.61773681640625 -146.5 395.02337646484375
vertex 262.9560546875 -146.5 392.64752197265625
vertex 267.6507568359375 -146.5 401.4769592285156
endloop
endfacet
facet normal 0.882947299244217 0.0 -0.4694721149944296
outer loop
vertex 262.9560546875 -146.5 392.64752197265625
vertex 262.9560546875 -139.5 392.64752197265625
vertex 267.6507568359375 -139.5 401.4769592285156
endloop
endfacet
facet normal -0.0 1.0 0.0
outer loop
vertex 260.61773681640625 -139.5 395.02337646484375
vertex 267.6507568359375 -139.5 401.4769592285156
vertex 262.9560546875 -139.5 392.64752197265625
endloop
endfacet
facet normal 0.882946680106191 1.6275722593759947e-06 -0.46947327941727046
outer loop
vertex 260.61773681640625 -146.5 395.02337646484375
vertex 264.8429870605469 -146.5 402.9698791503906
vertex 261.5566711425781 -146.85000610351562 396.78924560546875
endloop
endfacet
facet normal 0.0 -1.0 0.0
outer loop
vertex 260.4971618652344 -146.85000610351562 397.3526306152344
vertex 261.5566711425781 -146.85000610351562 396.78924560546875
vertex 263.31396484375 -146.85000610351562 402.6502990722656
endloop
endfacet
facet normal 0.0 -1.0 0.0
outer loop
vertex 261.5566711425781 -146.85000610351562 396.78924560546875
vertex 264.3735046386719 -146.85000610351562 402.0869445800781
vertex 263.31396484375 -146.85000610351562 402.6502990722656
endloop
endfacet
facet normal -0.8829487866939839 6.334109474389356e-05 0.46946931322880636
outer loop
vertex 260.4971618652344 -146.85000610351562 397.3526306152344
vertex 263.31396484375 -146.85000610351562 402.6502990722656
vertex 264.2529296875 -146.5 404.41619873046875
endloop
endfacet
facet normal -0.882946947236933 -2.6286246427678683e-05 0.4694727762863505
outer loop
vertex 260.4971618652344 -146.85000610351562 397.3526306152344
vertex 264.2529296875 -146.5 404.41619873046875
vertex 263.783447265625 -146.5 403.5332336425781
endloop
endfacet
facet normal 0.882946680106191 -1.6275722593759947e-06 -0.46947327941727046
outer loop
vertex 260.61773681640625 -139.5 395.02337646484375
vertex 261.5566711425781 -139.14999389648438 396.78924560546875
vertex 264.8429870605469 -139.5 402.9698791503906
endloop
endfacet
facet normal -0.0 1.0 0.0
outer loop
vertex 260.4971618652344 -139.14999389648438 397.3526306152344
vertex 263.31396484375 -139.14999389648438 402.6502990722656
vertex 261.5566711425781 -139.14999389648438 396.78924560546875
endloop
endfacet
facet normal -0.0 1.0 0.0
outer loop
vertex 261.5566711425781 -139.14999389648438 396.78924560546875
vertex 263.31396484375 -139.14999389648438 402.6502990722656
vertex 264.3735046386719 -139.14999389648438 402.0869445800781
endloop
endfacet
facet normal -0.8829487866939839 -6.334109474389356e-05 0.46946931322880636
outer loop
vertex 260.4971618652344 -139.14999389648438 397.3526306152344
vertex 264.2529296875 -139.5 404.41619873046875
vertex 263.31396484375 -139.14999389648438 402.6502990722656
endloop
endfacet
facet normal -0.882946947236933 2.6286246427678683e-05 0.4694727762863505
outer loop
vertex 260.4971618652344 -139.14999389648438 397.3526306152344
vertex 263.783447265625 -139.5 403.5332336425781
vertex 264.2529296875 -139.5 404.41619873046875
endloop
endfacet
facet normal 0.0 -1.0 0.0
outer loop
vertex 260.61773681640625 -146.5 395.02337646484375
vertex 267.6507568359375 -146.5 401.4769592285156
vertex 264.8429870605469 -146.5 402.9698791503906
endloop
endfacet
facet normal 0.8829477999779862 -5.132373063492814e-05 -0.46947117044596953
outer loop
vertex 261.5566711425781 -146.85000610351562 396.78924560546875
vertex 265.3124694824219 -146.5 403.85284423828125
vertex 264.3735046386719 -146.85000610351562 402.0869445800781
endloop
endfacet
facet normal 0.882946947499878 -9.765211500993022e-06 -0.46947277642616125
outer loop
vertex 261.5566711425781 -146.85000610351562 396.78924560546875
vertex 264.8429870605469 -146.5 402.9698791503906
vertex 265.3124694824219 -146.5 403.85284423828125
endloop
endfacet
facet normal 0.08092704311793836 -0.985030163735436 0.15220509263335327
outer loop
vertex 263.31396484375 -146.85000610351562 402.6502990722656
vertex 264.3735046386719 -146.85000610351562 402.0869445800781
vertex 264.2529296875 -146.5 404.41619873046875
endloop
endfacet
facet normal 0.8829469469756689 -3.581574428955091e-05 -0.4694727761474334
outer loop
vertex 264.8429870605469 -146.5 402.9698791503906
vertex 264.9603576660156 -146.39999389648438 403.19061279296875
vertex 265.3124694824219 -146.5 403.85284423828125
endloop
endfacet
facet normal -0.0 1.0 0.0
outer loop
vertex 260.61773681640625 -139.5 395.02337646484375
vertex 264.8429870605469 -139.5 402.9698791503906
vertex 267.6507568359375 -139.5 401.4769592285156
endloop
endfacet
facet normal 0.8829477999779862 5.132373063492814e-05 -0.46947117044596953
outer loop
vertex 261.5566711425781 -139.14999389648438 396.78924560546875
vertex 264.3735046386719 -139.14999389648438 402.0869445800781
vertex 265.3124694824219 -139.5 403.85284423828125
endloop
endfacet
facet normal 0.882946947499878 9.765211500993022e-06 -0.46947277642616125
outer loop
vertex 261.5566711425781 -139.14999389648438 396.78924560546875
vertex 265.3124694824219 -139.5 403.85284423828125
vertex 264.8429870605469 -139.5 402.9698791503906
endloop
endfacet
facet normal 0.08092704311793836 0.985030163735436 0.15220509263335327
outer loop
vertex 263.31396484375 -139.14999389648438 402.6502990722656
vertex 264.2529296875 -139.5 404.41619873046875
vertex 264.3735046386719 -139.14999389648438 402.0869445800781
endloop
endfacet
facet normal 0.8829469469756689 3.581574428955091e-05 -0.4694727761474334
outer loop
vertex 264.8429870605469 -139.5 402.9698791503906
vertex 265.3124694824219 -139.5 403.85284423828125
vertex 264.9603576660156 -139.60000610351562 403.19061279296875
endloop
endfacet
facet normal 0.17435241015184066 -0.9284818572658591 0.32790650771581986
outer loop
vertex 259.15679931640625 -146.5 405.9932861328125
vertex 263.783447265625 -146.5 403.5332336425781
vertex 263.90081787109375 -146.39999389648438 403.7539978027344
endloop
endfacet
facet normal 0.17435158936490178 -0.9284852483360069 0.3278973420269772
outer loop
vertex 259.274169921875 -146.39999389648438 406.2140197753906
vertex 267.8833312988281 -145.6999969482422 403.6184387207031
vertex 258.2146301269531 -146.39999389648438 406.77740478515625
endloop
endfacet
facet normal 0.174372439330194 0.9284674841016056 0.32793655387600923
outer loop
vertex 256.9347839355469 -140.3000030517578 409.43988037109375
vertex 264.9603576660156 -139.60000610351562 403.19061279296875
vertex 263.90081787109375 -139.60000610351562 403.7539978027344
endloop
endfacet
facet normal 0.17434638250018414 0.9284835599909637 0.3279048912956409
outer loop
vertex 256.9347839355469 -140.3000030517578 409.43988037109375
vertex 267.6507568359375 -139.5 401.4769592285156
vertex 264.9603576660156 -139.60000610351562 403.19061279296875
endloop
endfacet
facet normal 0.1743507239399028 0.9284818572937962 0.327907404213285
outer loop
vertex 259.274169921875 -139.60000610351562 406.2140197753906
vertex 263.90081787109375 -139.60000610351562 403.7539978027344
vertex 263.783447265625 -139.5 403.5332336425781
endloop
endfacet
facet normal -0.8829469424452061 -0.00010744723231733345 0.4694727737385356
outer loop
vertex 263.783447265625 -146.5 403.5332336425781
vertex 264.2529296875 -146.5 404.41619873046875
vertex 263.90081787109375 -146.39999389648438 403.7539978027344
endloop
endfacet
facet normal 0.17435793816694006 -0.9284757106954283 0.3279209722582448
outer loop
vertex 259.274169921875 -146.39999389648438 406.2140197753906
vertex 263.90081787109375 -146.39999389648438 403.7539978027344
vertex 267.8833312988281 -145.6999969482422 403.6184387207031
endloop
endfacet
facet normal -0.8829402211910268 0.0 0.46948542661422493
outer loop
vertex 263.90081787109375 -146.39999389648438 403.7539978027344
vertex 264.2529296875 -146.5 404.41619873046875
vertex 264.2529296875 -146.39999389648438 404.41619873046875
endloop
endfacet
facet normal 0.0 0.9999999999999999 -0.0
outer loop
vertex 264.9603576660156 -146.39999389648438 403.19061279296875
vertex 263.90081787109375 -146.39999389648438 403.7539978027344
vertex 264.2529296875 -146.39999389648438 404.41619873046875
endloop
endfacet
facet normal 0.08092704311793836 -0.985030163735436 0.15220509263335327
outer loop
vertex 264.3735046386719 -146.85000610351562 402.0869445800781
vertex 265.3124694824219 -146.5 403.85284423828125
vertex 264.2529296875 -146.5 404.41619873046875
endloop
endfacet
facet normal 0.4694632405567484 0.0 0.882952017816346
outer loop
vertex 264.2529296875 -146.5 404.41619873046875
vertex 265.3124694824219 -146.39999389648438 403.85284423828125
vertex 264.2529296875 -146.39999389648438 404.41619873046875
endloop
endfacet
facet normal 0.17435772265559737 0.928476298479037 0.3279194225919228
outer loop
vertex 256.9347839355469 -140.3000030517578 409.43988037109375
vertex 267.8833312988281 -140.3000030517578 403.6184387207031
vertex 267.6507568359375 -139.5 401.4769592285156
endloop
endfacet
facet normal 0.4694712958583191 -0.0 0.8829477347867826
outer loop
vertex 256.9347839355469 -140.3000030517578 409.43988037109375
vertex 267.8833312988281 -145.6999969482422 403.6184387207031
vertex 267.8833312988281 -140.3000030517578 403.6184387207031
endloop
endfacet
facet normal -0.0 1.0 -0.0
outer loop
vertex 264.9603576660156 -146.39999389648438 403.19061279296875
vertex 264.2529296875 -146.39999389648438 404.41619873046875
vertex 265.3124694824219 -146.39999389648438 403.85284423828125
endloop
endfacet
facet normal 0.882949189538135 0.0 -0.46946855985672814
outer loop
vertex 264.9603576660156 -146.39999389648438 403.19061279296875
vertex 265.3124694824219 -146.39999389648438 403.85284423828125
vertex 265.3124694824219 -146.5 403.85284423828125
endloop
endfacet
facet normal 0.4694632405567484 -0.0 0.882952017816346
outer loop
vertex 264.2529296875 -146.5 404.41619873046875
vertex 265.3124694824219 -146.5 403.85284423828125
vertex 265.3124694824219 -146.39999389648438 403.85284423828125
endloop
endfacet
facet normal 0.17435824005720696 -0.928479582193396 0.327909849766869
outer loop
vertex 264.9603576660156 -146.39999389648438 403.19061279296875
vertex 267.8833312988281 -145.6999969482422 403.6184387207031
vertex 263.90081787109375 -146.39999389648438 403.7539978027344
endloop
endfacet
facet normal -0.8829469424452061 0.00010744723231733345 0.4694727737385356
outer loop
vertex 263.783447265625 -139.5 403.5332336425781
vertex 263.90081787109375 -139.60000610351562 403.7539978027344
vertex 264.2529296875 -139.5 404.41619873046875
endloop
endfacet
facet normal -0.8829402211910268 0.0 0.46948542661422493
outer loop
vertex 263.90081787109375 -139.60000610351562 403.7539978027344
vertex 264.2529296875 -139.60000610351562 404.41619873046875
vertex 264.2529296875 -139.5 404.41619873046875
endloop
endfacet
facet normal 0.08092704311793836 0.985030163735436 0.15220509263335327
outer loop
vertex 264.3735046386719 -139.14999389648438 402.0869445800781
vertex 264.2529296875 -139.5 404.41619873046875
vertex 265.3124694824219 -139.5 403.85284423828125
endloop
endfacet
facet normal 0.0 -1.0 0.0
outer loop
vertex 263.90081787109375 -139.60000610351562 403.7539978027344
vertex 265.3124694824219 -139.60000610351562 403.85284423828125
vertex 264.2529296875 -139.60000610351562 404.41619873046875
endloop
endfacet
facet normal 0.4694632405567484 0.0 0.882952017816346
outer loop
vertex 264.2529296875 -139.60000610351562 404.41619873046875
vertex 265.3124694824219 -139.60000610351562 403.85284423828125
vertex 264.2529296875 -139.5 404.41619873046875
endloop
endfacet
facet normal -0.0 -0.9999999999999999 0.0
outer loop
vertex 264.9603576660156 -139.60000610351562 403.19061279296875
vertex 265.3124694824219 -139.60000610351562 403.85284423828125
vertex 263.90081787109375 -139.60000610351562 403.7539978027344
endloop
endfacet
facet normal 0.882949189538135 0.0 -0.46946855985672814
outer loop
vertex 264.9603576660156 -139.60000610351562 403.19061279296875
vertex 265.3124694824219 -139.5 403.85284423828125
vertex 265.3124694824219 -139.60000610351562 403.85284423828125
endloop
endfacet
facet normal 0.4694632405567484 -0.0 0.882952017816346
outer loop
vertex 264.2529296875 -139.5 404.41619873046875
vertex 265.3124694824219 -139.60000610351562 403.85284423828125
vertex 265.3124694824219 -139.5 403.85284423828125
endloop
endfacet
facet normal 0.882947299244217 0.0 -0.4694721149944296
outer loop
vertex 262.9560546875 -146.5 392.64752197265625
vertex 267.6507568359375 -139.5 401.4769592285156
vertex 267.6507568359375 -146.5 401.4769592285156
endloop
endfacet
facet normal 0.17436770213613417 -0.9284680545019794 0.3279374577889416
outer loop
vertex 264.8429870605469 -146.5 402.9698791503906
vertex 267.6507568359375 -146.5 401.4769592285156
vertex 264.9603576660156 -146.39999389648438 403.19061279296875
endloop
endfacet
facet normal 0.1743560666040134 -0.9284765171000842 0.3279196841180381
outer loop
vertex 264.9603576660156 -146.39999389648438 403.19061279296875
vertex 267.6507568359375 -146.5 401.4769592285156
vertex 267.8833312988281 -145.6999969482422 403.6184387207031
endloop
endfacet
facet normal 0.9941541863023332 0.0 -0.1079696895315807
outer loop
vertex 267.6507568359375 -146.5 401.4769592285156
vertex 267.6507568359375 -139.5 401.4769592285156
vertex 267.8833312988281 -145.6999969482422 403.6184387207031
endloop
endfacet
facet normal 0.9941541863023332 0.0 -0.1079696895315807
outer loop
vertex 267.6507568359375 -139.5 401.4769592285156
vertex 267.8833312988281 -140.3000030517578 403.6184387207031
vertex 267.8833312988281 -145.6999969482422 403.6184387207031
endloop
endfacet
facet normal 0.17436770213613417 0.9284680545019794 0.3279374577889416
outer loop
vertex 264.8429870605469 -139.5 402.9698791503906
vertex 264.9603576660156 -139.60000610351562 403.19061279296875
vertex 267.6507568359375 -139.5 401.4769592285156
endloop
endfacet
facet normal 0.0 -0.9999999999999999 0.0
outer loop
vertex 251.2886962890625 -5.0 361.5285339355469
vertex 259.43792724609375 -5.0 376.8550109863281
vertex 252.52606201171875 -5.0 380.8961486816406
endloop
endfacet
facet normal 0.8829476273660181 0.0 -0.46947149788748566
outer loop
vertex 251.2886962890625 -5.0 361.5285339355469
vertex 259.43792724609375 5.0 376.8550109863281
vertex 259.43792724609375 -5.0 376.8550109863281
endloop
endfacet
facet normal 0.0 0.0 -1.0
outer loop
vertex 243.4654998779297 -5.0 380.8961486816406
vertex 252.52606201171875 -5.0 380.8961486816406
vertex 265.7163391113281 -7.0 380.8961486816406
endloop
endfacet
facet normal 0.0 -1.0 0.0
outer loop
vertex 252.52606201171875 -5.0 380.8961486816406
vertex 259.43792724609375 -5.0 376.8550109863281
vertex 261.5866394042969 -5.0 380.8961486816406
endloop
endfacet
facet normal 0.0 0.0 -1.0
outer loop
vertex 252.52606201171875 -5.0 380.8961486816406
vertex 261.5866394042969 -5.0 380.8961486816406
vertex 265.7163391113281 -7.0 380.8961486816406
endloop
endfacet
facet normal 0.8829474904297151 0.0 -0.4694717554271697
outer loop
vertex 259.43792724609375 -5.0 376.8550109863281
vertex 261.5866394042969 5.0 380.8961486816406
vertex 261.5866394042969 -5.0 380.8961486816406
endloop
endfacet
facet normal 0.0 0.0 -1.0
outer loop
vertex 261.5866394042969 -5.0 380.8961486816406
vertex 261.5866394042969 5.0 380.8961486816406
vertex 265.7163391113281 -7.0 380.8961486816406
endloop
endfacet
facet normal 0.8829479522368425 0.0 -0.4694708868937096
outer loop
vertex 265.7163391113281 -7.0 380.8961486816406
vertex 265.7163391113281 5.0 380.8961486816406
vertex 269.9791259765625 -5.182941913604736 388.9132995605469
endloop
endfacet
facet normal -0.9992959630405345 0.0 0.03751770583192443
outer loop
vertex 254.6220245361328 -11.0 394.88385009765625
vertex 254.70281982421875 -11.0 397.0358581542969
vertex 254.70281982421875 -7.0 397.0358581542969
endloop
endfacet
facet normal -0.9992959630405345 0.0 0.03751770583192443
outer loop
vertex 254.6220245361328 -11.0 394.88385009765625
vertex 254.70281982421875 -7.0 397.0358581542969
vertex 254.6220245361328 -7.0 394.88385009765625
endloop
endfacet
facet normal 0.4694648831157732 0.0 0.8829511444701191
outer loop
vertex 254.70281982421875 -11.0 397.0358581542969
vertex 255.72280883789062 -2.5 396.4935302734375
vertex 254.70281982421875 -7.0 397.0358581542969
endloop
endfacet
facet normal 0.4694648831157732 -0.0 0.8829511444701192
outer loop
vertex 254.70281982421875 -7.0 397.0358581542969
vertex 255.72280883789062 -2.5 396.4935302734375
vertex 255.72280883789062 2.5 396.4935302734375
endloop
endfacet
facet normal 0.3510933398462431 -0.9362476781573112 -0.013181496904901353
outer loop
vertex 254.6220245361328 -11.0 394.88385009765625
vertex 265.1540222167969 -7.0 391.2972717285156
vertex 254.70281982421875 -11.0 397.0358581542969
endloop
endfacet
facet normal -0.32236185691218683 0.0 -0.9466165185586648
outer loop
vertex 254.6220245361328 -11.0 394.88385009765625
vertex 254.6220245361328 -7.0 394.88385009765625
vertex 265.1540222167969 -7.0 391.2972717285156
endloop
endfacet
facet normal 0.0 -1.0 0.0
outer loop
vertex 255.72280883789062 -2.5 396.4935302734375
vertex 258.8675842285156 -2.5 395.9539489746094
vertex 257.80804443359375 -2.5 396.5173034667969
endloop
endfacet
facet normal 0.46947332650310497 -1.2996339795263564e-06 0.8829466550706334
outer loop
vertex 254.70281982421875 -11.0 397.0358581542969
vertex 265.16070556640625 -7.0 391.47528076171875
vertex 255.72280883789062 -2.5 396.4935302734375
endloop
endfacet
facet normal 0.0 -1.0 0.0
outer loop
vertex 255.72280883789062 -2.5 396.4935302734375
vertex 261.46343994140625 -2.5 394.5736999511719
vertex 258.8675842285156 -2.5 395.9539489746094
endloop
endfacet
facet normal -0.08092621490638092 -0.9850304724662334 -0.15220353495853953
outer loop
vertex 257.80804443359375 -2.5 396.5173034667969
vertex 258.8675842285156 -2.5 395.9539489746094
vertex 258.7469787597656 -2.8499999046325684 398.283203125
endloop
endfacet
facet normal -0.08092621490638092 -0.9850304724662334 -0.15220353495853953
outer loop
vertex 258.8675842285156 -2.5 395.9539489746094
vertex 259.8065185546875 -2.8499999046325684 397.7198486328125
vertex 258.7469787597656 -2.8499999046325684 398.283203125
endloop
endfacet
facet normal 0.0 -1.0 0.0
outer loop
vertex 255.72280883789062 -2.5 396.4935302734375
vertex 263.6693115234375 -2.5 392.2682800292969
vertex 262.5229797363281 -2.5 394.01031494140625
endloop
endfacet
facet normal 0.0 -1.0 0.0
outer loop
vertex 255.72280883789062 -2.5 396.4935302734375
vertex 262.5229797363281 -2.5 394.01031494140625
vertex 261.46343994140625 -2.5 394.5736999511719
endloop
endfacet
facet normal -0.8829485642599559 0.0 0.4694697358417074
outer loop
vertex 255.72280883789062 -2.5 396.4935302734375
vertex 260.41748046875 -2.5 405.3229675292969
vertex 255.72280883789062 2.5 396.4935302734375
endloop
endfacet
facet normal 0.0 -1.0 0.0
outer loop
vertex 255.72280883789062 -2.5 396.4935302734375
vertex 257.80804443359375 -2.5 396.5173034667969
vertex 262.0332946777344 -2.5 404.4638366699219
endloop
endfacet
facet normal 0.0 -1.0 0.0
outer loop
vertex 255.72280883789062 -2.5 396.4935302734375
vertex 262.0332946777344 -2.5 404.4638366699219
vertex 260.41748046875 -2.5 405.3229675292969
endloop
endfacet
facet normal -0.8829474270617962 3.0210610085057598e-05 0.46947187363278003
outer loop
vertex 257.80804443359375 -2.5 396.5173034667969
vertex 258.7469787597656 -2.8499999046325684 398.283203125
vertex 262.0332946777344 -2.5 404.4638366699219
endloop
endfacet
facet normal 0.0 -1.0 0.0
outer loop
vertex 258.7469787597656 -2.8499999046325684 398.283203125
vertex 259.8065185546875 -2.8499999046325684 397.7198486328125
vertex 261.5638122558594 -2.8499999046325684 403.58087158203125
endloop
endfacet
facet normal 0.8829480854625714 -2.219897671392814e-05 -0.46947063580716664
outer loop
vertex 258.8675842285156 -2.5 395.9539489746094
vertex 263.0928039550781 -2.5 403.90045166015625
vertex 259.8065185546875 -2.8499999046325684 397.7198486328125
endloop
endfacet
facet normal 0.0 -1.0 0.0
outer loop
vertex 259.8065185546875 -2.8499999046325684 397.7198486328125
vertex 262.62335205078125 -2.8499999046325684 403.01751708984375
vertex 261.5638122558594 -2.8499999046325684 403.58087158203125
endloop
endfacet
facet normal -0.8829466794252585 -3.9307231415834366e-05 0.46947327905521047
outer loop
vertex 258.7469787597656 -2.8499999046325684 398.283203125
vertex 261.5638122558594 -2.8499999046325684 403.58087158203125
vertex 262.50274658203125 -2.5 405.3467712402344
endloop
endfacet
facet normal -0.8829528411740193 0.0002621355476227172 0.4694616188227547
outer loop
vertex 258.7469787597656 -2.8499999046325684 398.283203125
vertex 262.50274658203125 -2.5 405.3467712402344
vertex 262.0332946777344 -2.5 404.4638366699219
endloop
endfacet
facet normal 0.0 -1.0 0.0
outer loop
vertex 265.7163391113281 -7.0 380.8961486816406
vertex 265.1540222167969 -7.0 391.2972717285156
vertex 254.6220245361328 -7.0 394.88385009765625
endloop
endfacet
facet normal 0.35109319534360545 -0.9362477281500073 -0.013181794922038331
outer loop
vertex 254.70281982421875 -11.0 397.0358581542969
vertex 265.1540222167969 -7.0 391.2972717285156
vertex 265.16070556640625 -7.0 391.47528076171875
endloop
endfacet
facet normal 0.4694732794174148 -1.4263064057594386e-06 0.8829466801064625
outer loop
vertex 255.72280883789062 -2.5 396.4935302734375
vertex 265.16070556640625 -7.0 391.47528076171875
vertex 263.6693115234375 -2.5 392.2682800292969
endloop
endfacet
facet normal -0.08092907001196376 -0.9850306821434683 -0.15220065986378686
outer loop
vertex 261.46343994140625 -2.5 394.5736999511719
vertex 262.5229797363281 -2.5 394.01031494140625
vertex 262.40240478515625 -2.8499999046325684 396.339599609375
endloop
endfacet
facet normal -0.08093144980335909 -0.9850304724534417 -0.15220075154504203
outer loop
vertex 262.5229797363281 -2.5 394.01031494140625
vertex 263.4619140625 -2.8499999046325684 395.7762145996094
vertex 262.40240478515625 -2.8499999046325684 396.339599609375
endloop
endfacet
facet normal 0.46947663448013915 -0.0 0.8829448961725764
outer loop
vertex 263.6693115234375 -2.5 392.2682800292969
vertex 265.16070556640625 -7.0 391.47528076171875
vertex 265.16070556640625 7.0 391.47528076171875
endloop
endfacet
facet normal 0.8829474270617962 -3.0210610085057598e-05 -0.46947187363278003
outer loop
vertex 262.5229797363281 -2.5 394.01031494140625
vertex 266.74822998046875 -2.5 401.95684814453125
vertex 263.4619140625 -2.8499999046325684 395.7762145996094
endloop
endfacet
facet normal 0.0 -0.9999999999999999 0.0
outer loop
vertex 262.5229797363281 -2.5 394.01031494140625
vertex 263.6693115234375 -2.5 392.2682800292969
vertex 268.364013671875 -2.5 401.09771728515625
endloop
endfacet
facet normal 0.0 -1.0 0.0
outer loop
vertex 265.7163391113281 -7.0 380.8961486816406
vertex 269.9791259765625 -7.0 388.9132995605469
vertex 265.1540222167969 -7.0 391.2972717285156
endloop
endfacet
facet normal 0.0 -1.0 0.0
outer loop
vertex 265.1540222167969 -7.0 391.2972717285156
vertex 269.9791259765625 -7.0 388.9132995605469
vertex 265.16070556640625 -7.0 391.47528076171875
endloop
endfacet
facet normal 0.8829479522368426 0.0 -0.4694708868937097
outer loop
vertex 265.7163391113281 -7.0 380.8961486816406
vertex 269.9791259765625 -5.191174507141113 388.9132995605469
vertex 269.9791259765625 -7.0 388.9132995605469
endloop
endfacet
facet normal 0.8829479522368425 0.0 -0.46947088689370964
outer loop
vertex 265.7163391113281 -7.0 380.8961486816406
vertex 269.9791259765625 -5.182941913604736 388.9132995605469
vertex 269.9791259765625 -5.191174507141113 388.9132995605469
endloop
endfacet
facet normal 0.46946893755976726 -0.0 0.8829489887114109
outer loop
vertex 265.16070556640625 -7.0 391.47528076171875
vertex 269.9791259765625 -7.0 388.9132995605469
vertex 269.9791259765625 -5.191174507141113 388.9132995605469
endloop
endfacet
facet normal 0.4694689375597673 -0.0 0.882948988711411
outer loop
vertex 265.16070556640625 -7.0 391.47528076171875
vertex 269.9791259765625 -5.191174507141113 388.9132995605469
vertex 269.9791259765625 -5.182941913604736 388.9132995605469
endloop
endfacet
facet normal 0.46946893755976726 -0.0 0.8829489887114109
outer loop
vertex 265.16070556640625 -7.0 391.47528076171875
vertex 269.9791259765625 -5.182941913604736 388.9132995605469
vertex 269.9791259765625 5.182941913604736 388.9132995605469
endloop
endfacet
facet normal 0.0 -1.0 0.0
outer loop
vertex 258.8675842285156 -2.5 395.9539489746094
vertex 261.46343994140625 -2.5 394.5736999511719
vertex 265.6886901855469 -2.5 402.52020263671875
endloop
endfacet
facet normal -0.8829466794805767 -3.767963033398042e-05 0.46947327908462383
outer loop
vertex 261.46343994140625 -2.5 394.5736999511719
vertex 262.40240478515625 -2.8499999046325684 396.339599609375
vertex 265.6886901855469 -2.5 402.52020263671875
endloop
endfacet
facet normal 0.8829466794252585 3.9307231415834366e-05 -0.46947327905521047
outer loop
vertex 259.8065185546875 -2.8499999046325684 397.7198486328125
vertex 263.5622863769531 -2.5 404.7834167480469
vertex 262.62335205078125 -2.8499999046325684 403.01751708984375
endloop
endfacet
facet normal 0.0 -1.0 0.0
outer loop
vertex 258.8675842285156 -2.5 395.9539489746094
vertex 265.6886901855469 -2.5 402.52020263671875
vertex 263.0928039550781 -2.5 403.90045166015625
endloop
endfacet
facet normal 0.8829469472369222 2.628671198599837e-05 -0.4694727762863447
outer loop
vertex 259.8065185546875 -2.8499999046325684 397.7198486328125
vertex 263.0928039550781 -2.5 403.90045166015625
vertex 263.5622863769531 -2.5 404.7834167480469
endloop
endfacet
facet normal 0.0 -1.0 0.0
outer loop
vertex 262.40240478515625 -2.8499999046325684 396.339599609375
vertex 263.4619140625 -2.8499999046325684 395.7762145996094
vertex 265.2192077636719 -2.8499999046325684 401.63726806640625
endloop
endfacet
facet normal 0.0 -1.0 0.0
outer loop
vertex 263.4619140625 -2.8499999046325684 395.7762145996094
vertex 266.27874755859375 -2.8499999046325684 401.07391357421875
vertex 265.2192077636719 -2.8499999046325684 401.63726806640625
endloop
endfacet
facet normal 0.8829477999779451 -5.1324639634614106e-05 -0.4694711704459477
outer loop
vertex 263.4619140625 -2.8499999046325684 395.7762145996094
vertex 267.21771240234375 -2.5 402.8398132324219
vertex 266.27874755859375 -2.8499999046325684 401.07391357421875
endloop
endfacet
facet normal -0.8829487866939213 6.334221658430616e-05 0.46946931322877306
outer loop
vertex 262.40240478515625 -2.8499999046325684 396.339599609375
vertex 265.2192077636719 -2.8499999046325684 401.63726806640625
vertex 266.1581726074219 -2.5 403.4031677246094
endloop
endfacet
facet normal -0.8829469472369222 -2.628671198599837e-05 0.4694727762863447
outer loop
vertex 262.40240478515625 -2.8499999046325684 396.339599609375
vertex 266.1581726074219 -2.5 403.4031677246094
vertex 265.6886901855469 -2.5 402.52020263671875
endloop
endfacet
facet normal 0.17435737542337568 -0.928475993361926 0.3279204711299014
outer loop
vertex 265.6886901855469 -2.5 402.52020263671875
vertex 265.8060607910156 -2.4000000953674316 402.7409362792969
vertex 263.0928039550781 -2.5 403.90045166015625
endloop
endfacet
facet normal 0.17436476969857082 -0.9284686535220763 0.32793732101556655
outer loop
vertex 260.41748046875 -2.5 405.3229675292969
vertex 262.0332946777344 -2.5 404.4638366699219
vertex 262.150634765625 -2.4000000953674316 404.6845703125
endloop
endfacet
facet normal 0.08092621490638092 -0.9850304724662334 0.15220353495853953
outer loop
vertex 262.62335205078125 -2.8499999046325684 403.01751708984375
vertex 262.50274658203125 -2.5 405.3467712402344
vertex 261.5638122558594 -2.8499999046325684 403.58087158203125
endloop
endfacet
facet normal -0.8829528534796648 -0.00020209206288069004 0.469461625365605
outer loop
vertex 262.0332946777344 -2.5 404.4638366699219
vertex 262.50274658203125 -2.5 405.3467712402344
vertex 262.150634765625 -2.4000000953674316 404.6845703125
endloop
endfacet
facet normal -0.6454340295772067 0.0 0.7638160206906697
outer loop
vertex 260.41748046875 -2.5 405.3229675292969
vertex 262.06280517578125 -1.7000000476837158 406.7132873535156
vertex 262.06280517578125 1.7000000476837158 406.7132873535156
endloop
endfacet
facet normal -0.8829402211910267 0.0 0.4694854266142249
outer loop
vertex 262.150634765625 -2.4000000953674316 404.6845703125
vertex 262.50274658203125 -2.5 405.3467712402344
vertex 262.50274658203125 -2.4000000953674316 405.3467712402344
endloop
endfacet
facet normal -0.0 1.0 0.0
outer loop
vertex 262.150634765625 -2.4000000953674316 404.6845703125
vertex 262.50274658203125 -2.4000000953674316 405.3467712402344
vertex 263.2101745605469 -2.4000000953674316 404.1212158203125
endloop
endfacet
facet normal 0.08092621490638092 -0.9850304724662334 0.15220353495853953
outer loop
vertex 262.62335205078125 -2.8499999046325684 403.01751708984375
vertex 263.5622863769531 -2.5 404.7834167480469
vertex 262.50274658203125 -2.5 405.3467712402344
endloop
endfacet
facet normal 0.0 1.0 0.0
outer loop
vertex 262.50274658203125 -2.4000000953674316 405.3467712402344
vertex 263.5622863769531 -2.4000000953674316 404.7834167480469
vertex 263.2101745605469 -2.4000000953674316 404.1212158203125
endloop
endfacet
facet normal 0.8829469424445742 0.00010745389285188747 -0.4694727737381996
outer loop
vertex 263.0928039550781 -2.5 403.90045166015625
vertex 263.2101745605469 -2.4000000953674316 404.1212158203125
vertex 263.5622863769531 -2.5 404.7834167480469
endloop
endfacet
facet normal 0.8829402211910267 0.0 -0.4694854266142249
outer loop
vertex 263.2101745605469 -2.4000000953674316 404.1212158203125
vertex 263.5622863769531 -2.4000000953674316 404.7834167480469
vertex 263.5622863769531 -2.5 404.7834167480469
endloop
endfacet
facet normal 0.4694632405567483 0.0 0.8829520178163459
outer loop
vertex 262.50274658203125 -2.5 405.3467712402344
vertex 263.5622863769531 -2.4000000953674316 404.7834167480469
vertex 262.50274658203125 -2.4000000953674316 405.3467712402344
endloop
endfacet
facet normal 0.4694632405567483 -0.0 0.8829520178163459
outer loop
vertex 262.50274658203125 -2.5 405.3467712402344
vertex 263.5622863769531 -2.5 404.7834167480469
vertex 263.5622863769531 -2.4000000953674316 404.7834167480469
endloop
endfacet
facet normal 0.17434418141916833 -0.9284897947554432 0.32788840699279875
outer loop
vertex 263.0928039550781 -2.5 403.90045166015625
vertex 265.8060607910156 -2.4000000953674316 402.7409362792969
vertex 263.2101745605469 -2.4000000953674316 404.1212158203125
endloop
endfacet
facet normal 0.17435428511380577 -0.9284813795345158 0.327906863484338
outer loop
vertex 260.41748046875 -2.5 405.3229675292969
vertex 262.150634765625 -2.4000000953674316 404.6845703125
vertex 268.59661865234375 -1.7000000476837158 403.23919677734375
endloop
endfacet
facet normal 0.17435797356195712 -0.9284735356445546 0.327927111814604
outer loop
vertex 262.150634765625 -2.4000000953674316 404.6845703125
vertex 263.2101745605469 -2.4000000953674316 404.1212158203125
vertex 268.59661865234375 -1.7000000476837158 403.23919677734375
endloop
endfacet
facet normal 0.17435640796656526 -0.9284775139521161 0.3279166800976961
outer loop
vertex 260.41748046875 -2.5 405.3229675292969
vertex 268.59661865234375 -1.7000000476837158 403.23919677734375
vertex 262.06280517578125 -1.7000000476837158 406.7132873535156
endloop
endfacet
facet normal 0.4694715971267608 0.0 0.8829475745995615
outer loop
vertex 262.06280517578125 -1.7000000476837158 406.7132873535156
vertex 268.59661865234375 -1.7000000476837158 403.23919677734375
vertex 262.06280517578125 1.7000000476837158 406.7132873535156
endloop
endfacet
facet normal 0.8829472992442171 0.0 -0.4694721149944297
outer loop
vertex 263.6693115234375 -2.5 392.2682800292969
vertex 268.364013671875 2.5 401.09771728515625
vertex 268.364013671875 -2.5 401.09771728515625
endloop
endfacet
facet normal 0.0 -1.0 0.0
outer loop
vertex 262.5229797363281 -2.5 394.01031494140625
vertex 268.364013671875 -2.5 401.09771728515625
vertex 266.74822998046875 -2.5 401.95684814453125
endloop
endfacet
facet normal 0.8829469474998765 -9.765384453623324e-06 -0.4694727764261604
outer loop
vertex 263.4619140625 -2.8499999046325684 395.7762145996094
vertex 266.74822998046875 -2.5 401.95684814453125
vertex 267.21771240234375 -2.5 402.8398132324219
endloop
endfacet
facet normal 0.08092565242611731 -0.9850306821390409 0.1522024770629668
outer loop
vertex 265.2192077636719 -2.8499999046325684 401.63726806640625
vertex 266.27874755859375 -2.8499999046325684 401.07391357421875
vertex 266.1581726074219 -2.5 403.4031677246094
endloop
endfacet
facet normal -0.8829469469755986 3.581796446776976e-05 0.46947277614739596
outer loop
vertex 265.6886901855469 -2.5 402.52020263671875
vertex 266.1581726074219 -2.5 403.4031677246094
vertex 265.8060607910156 -2.4000000953674316 402.7409362792969
endloop
endfacet
facet normal -0.8829491895381352 0.0 0.46946855985672825
outer loop
vertex 265.8060607910156 -2.4000000953674316 402.7409362792969
vertex 266.1581726074219 -2.5 403.4031677246094
vertex 266.1581726074219 -2.4000000953674316 403.4031677246094
endloop
endfacet
facet normal 0.17435609944360303 -0.9284796411036206 0.32791082117384335
outer loop
vertex 263.2101745605469 -2.4000000953674316 404.1212158203125
vertex 265.8060607910156 -2.4000000953674316 402.7409362792969
vertex 268.59661865234375 -1.7000000476837158 403.23919677734375
endloop
endfacet
facet normal 0.08092565242611731 -0.9850306821390409 0.1522024770629668
outer loop
vertex 266.27874755859375 -2.8499999046325684 401.07391357421875
vertex 267.21771240234375 -2.5 402.8398132324219
vertex 266.1581726074219 -2.5 403.4031677246094
endloop
endfacet
facet normal -0.0 1.0 0.0
outer loop
vertex 265.8060607910156 -2.4000000953674316 402.7409362792969
vertex 266.1581726074219 -2.4000000953674316 403.4031677246094
vertex 266.8656005859375 -2.4000000953674316 402.1775817871094
endloop
endfacet
facet normal 0.4694632405567483 0.0 0.8829520178163459
outer loop
vertex 266.1581726074219 -2.5 403.4031677246094
vertex 267.21771240234375 -2.4000000953674316 402.8398132324219
vertex 266.1581726074219 -2.4000000953674316 403.4031677246094
endloop
endfacet
facet normal 0.0 1.0 0.0
outer loop
vertex 266.1581726074219 -2.4000000953674316 403.4031677246094
vertex 267.21771240234375 -2.4000000953674316 402.8398132324219
vertex 266.8656005859375 -2.4000000953674316 402.1775817871094
endloop
endfacet
facet normal 0.17435872275243255 -0.9284759933703981 0.3279197547190357
outer loop
vertex 266.74822998046875 -2.5 401.95684814453125
vertex 268.364013671875 -2.5 401.09771728515625
vertex 266.8656005859375 -2.4000000953674316 402.1775817871094
endloop
endfacet
facet normal 0.8829469469755986 -3.581796446776976e-05 -0.46947277614739596
outer loop
vertex 266.74822998046875 -2.5 401.95684814453125
vertex 266.8656005859375 -2.4000000953674316 402.1775817871094
vertex 267.21771240234375 -2.5 402.8398132324219
endloop
endfacet
facet normal 0.8829491895381352 0.0 -0.46946855985672825
outer loop
vertex 266.8656005859375 -2.4000000953674316 402.1775817871094
vertex 267.21771240234375 -2.4000000953674316 402.8398132324219
vertex 267.21771240234375 -2.5 402.8398132324219
endloop
endfacet
facet normal 0.4694632405567483 -0.0 0.8829520178163459
outer loop
vertex 266.1581726074219 -2.5 403.4031677246094
vertex 267.21771240234375 -2.5 402.8398132324219
vertex 267.21771240234375 -2.4000000953674316 402.8398132324219
endloop
endfacet
facet normal 0.17435389858069494 -0.9284770077173968 0.3279194477152301
outer loop
vertex 265.8060607910156 -2.4000000953674316 402.7409362792969
vertex 266.8656005859375 -2.4000000953674316 402.1775817871094
vertex 268.59661865234375 -1.7000000476837158 403.23919677734375
endloop
endfacet
facet normal 0.9941526654992479 0.0 -0.10798369173509759
outer loop
vertex 268.364013671875 -2.5 401.09771728515625
vertex 268.364013671875 2.5 401.09771728515625
vertex 268.59661865234375 -1.7000000476837158 403.23919677734375
endloop
endfacet
facet normal 0.17435611465074632 -0.9284777052999496 0.3279162942655275
outer loop
vertex 266.8656005859375 -2.4000000953674316 402.1775817871094
vertex 268.364013671875 -2.5 401.09771728515625
vertex 268.59661865234375 -1.7000000476837158 403.23919677734375
endloop
endfacet
facet normal 0.0 0.0 -1.0
outer loop
vertex 234.12545776367188 5.0 329.24920654296875
vertex 238.2551727294922 5.0 329.24920654296875
vertex 238.2551727294922 -7.0 329.24920654296875
endloop
endfacet
facet normal 0.0 0.0 -1.0
outer loop
vertex 234.20054626464844 7.0 329.24920654296875
vertex 238.2551727294922 7.0 329.24920654296875
vertex 238.2551727294922 5.0 329.24920654296875
endloop
endfacet
facet normal 0.8829475694758288 0.0 -0.46947160676309946
outer loop
vertex 242.85147094726562 -5.0407867431640625 337.8935852050781
vertex 238.2551727294922 5.0 329.24920654296875
vertex 238.2551727294922 7.0 329.24920654296875
endloop
endfacet
facet normal 0.8829475694758289 0.0 -0.46947160676309946
outer loop
vertex 242.85147094726562 -5.0407867431640625 337.8935852050781
vertex 238.2551727294922 7.0 329.24920654296875
vertex 242.85147094726562 5.0407867431640625 337.8935852050781
endloop
endfacet
facet normal 0.0 0.0 -1.0
outer loop
vertex 234.20054626464844 7.0 329.24920654296875
vertex 238.2551727294922 115.0 329.24920654296875
vertex 238.2551727294922 7.0 329.24920654296875
endloop
endfacet
facet normal 0.9992959297947198 0.0 -0.037518591334246745
outer loop
vertex 238.2551727294922 7.0 329.24920654296875
vertex 238.2551727294922 115.0 329.24920654296875
vertex 238.49755859375 7.0 335.705078125
endloop
endfacet
facet normal -0.32227405618131666 0.0 -0.9466464137746688
outer loop
vertex 242.85147094726562 -5.0407867431640625 337.8935852050781
vertex 242.85147094726562 5.0407867431640625 337.8935852050781
vertex 242.9588623046875 5.0 337.8570251464844
endloop
endfacet
facet normal 0.9992949994628472 0.0 -0.03754336224352155
outer loop
vertex 242.9588623046875 -5.0 337.8570251464844
vertex 242.9588623046875 5.0 337.8570251464844
vertex 242.968505859375 5.0 338.11370849609375
endloop
endfacet
facet normal 0.3510921449220173 0.93624799975283 -0.01319047887235257
outer loop
vertex 242.85147094726562 5.0407867431640625 337.8935852050781
vertex 242.968505859375 5.0 338.11370849609375
vertex 242.9588623046875 5.0 337.8570251464844
endloop
endfacet
facet normal 0.0 1.0 0.0
outer loop
vertex 238.2551727294922 7.0 329.24920654296875
vertex 238.49755859375 7.0 335.705078125
vertex 251.98574829101562 7.0 355.07269287109375
endloop
endfacet
facet normal 0.8829478150546555 2.6139922341727467e-06 -0.46947114488898783
outer loop
vertex 238.2551727294922 7.0 329.24920654296875
vertex 251.98574829101562 7.0 355.07269287109375
vertex 242.85147094726562 5.0407867431640625 337.8935852050781
endloop
endfacet
facet normal 0.0 1.0 -0.0
outer loop
vertex 238.49755859375 7.0 335.705078125
vertex 237.69285583496094 7.0 339.65032958984375
vertex 251.98574829101562 7.0 355.07269287109375
endloop
endfacet
facet normal 0.0 1.0 0.0
outer loop
vertex 237.69285583496094 7.0 339.65032958984375
vertex 238.0968475341797 7.0 350.4101257324219
vertex 251.98574829101562 7.0 355.07269287109375
endloop
endfacet
facet normal -0.0 1.0 0.0
outer loop
vertex 216.22813415527344 7.0 361.5285339355469
vertex 252.22813415527344 7.0 361.5285339355469
vertex 251.98574829101562 7.0 355.07269287109375
endloop
endfacet
facet normal 0.0 1.0 0.0
outer loop
vertex 238.0968475341797 7.0 350.4101257324219
vertex 238.23150634765625 7.0 353.9967041015625
vertex 251.98574829101562 7.0 355.07269287109375
endloop
endfacet
facet normal 0.8829520591550575 -8.723383183059149e-05 -0.4694631547034364
outer loop
vertex 242.85147094726562 5.0407867431640625 337.8935852050781
vertex 251.98574829101562 7.0 355.07269287109375
vertex 242.968505859375 5.0 338.11370849609375
endloop
endfacet
facet normal 0.8829477981398667 0.0 -0.46947117670839106
outer loop
vertex 251.98574829101562 -5.0 355.07269287109375
vertex 242.968505859375 5.0 338.11370849609375
vertex 251.98574829101562 7.0 355.07269287109375
endloop
endfacet
facet normal 0.9992959231452745 0.0 -0.03751876843972367
outer loop
vertex 251.98574829101562 -5.0 355.07269287109375
vertex 251.98574829101562 7.0 355.07269287109375
vertex 252.22813415527344 7.0 361.5285339355469
endloop
endfacet
facet normal 0.9992959297947198 0.0 -0.037518591334246745
outer loop
vertex 238.49755859375 7.0 335.705078125
vertex 238.2551727294922 115.0 329.24920654296875
vertex 238.49755859375 115.0 335.705078125
endloop
endfacet
facet normal 1.0 0.0 -0.0
outer loop
vertex 236.49755859375 112.0 321.705078125
vertex 236.49755859375 146.0 321.705078125
vertex 236.49755859375 115.0 329.24920654296875
endloop
endfacet
facet normal 0.9999999999999999 0.0 -0.0
outer loop
vertex 236.49755859375 112.0 321.705078125
vertex 236.49755859375 115.0 329.24920654296875
vertex 236.49755859375 112.0 329.24920654296875
endloop
endfacet
facet normal 0.0 0.0 -1.0
outer loop
vertex 236.49755859375 112.0 329.24920654296875
vertex 236.49755859375 115.0 329.24920654296875
vertex 238.2551727294922 115.0 329.24920654296875
endloop
endfacet
facet normal -0.0 1.0 0.0
outer loop
vertex 236.49755859375 115.0 329.24920654296875
vertex 236.49755859375 115.0 333.705078125
vertex 238.2551727294922 115.0 329.24920654296875
endloop
endfacet
facet normal 0.0 1.0 -0.0
outer loop
vertex 238.2551727294922 115.0 329.24920654296875
vertex 236.49755859375 115.0 333.705078125
vertex 238.49755859375 115.0 335.705078125
endloop
endfacet
facet normal 1.0 0.0 -0.0
outer loop
vertex 236.49755859375 115.0 329.24920654296875
vertex 236.49755859375 146.0 333.705078125
vertex 236.49755859375 115.0 333.705078125
endloop
endfacet
facet normal 1.0 0.0 -0.0
outer loop
vertex 236.49755859375 146.0 321.705078125
vertex 236.49755859375 146.0 333.705078125
vertex 236.49755859375 115.0 329.24920654296875
endloop
endfacet
facet normal 0.0 1.0 -0.0
outer loop
vertex 236.49755859375 146.0 321.705078125
vertex 236.14608764648438 146.0 333.705078125
vertex 236.49755859375 146.0 333.705078125
endloop
endfacet
facet normal 0.0 -0.0 1.0
outer loop
vertex 236.49755859375 115.0 333.705078125
vertex 236.49755859375 146.0 333.705078125
vertex 236.14608764648438 137.0 333.705078125
endloop
endfacet
facet normal 0.0 -0.0 1.0
outer loop
vertex 236.14608764648438 137.0 333.705078125
vertex 236.49755859375 146.0 333.705078125
vertex 236.14608764648438 146.0 333.705078125
endloop
endfacet
facet normal 0.882947803027199 0.0 -0.469471167516646
outer loop
vertex 236.14608764648438 137.0 333.705078125
vertex 236.14608764648438 146.0 333.705078125
vertex 237.68768310546875 137.0 336.6044006347656
endloop
endfacet
facet normal 0.882947803027199 0.0 -0.4694711675166461
outer loop
vertex 237.68768310546875 137.0 336.6044006347656
vertex 236.14608764648438 146.0 333.705078125
vertex 237.68768310546875 149.0 336.6044006347656
endloop
endfacet
facet normal 0.8829475805066807 0.0 -0.4694715860170863
outer loop
vertex 237.68768310546875 137.0 336.6044006347656
vertex 237.68768310546875 149.0 336.6044006347656
vertex 247.98561096191406 137.0 355.97198486328125
endloop
endfacet
facet normal 0.0 -0.9999999999999999 0.0
outer loop
vertex 228.97801208496094 137.0 367.0850830078125
vertex 237.68768310546875 137.0 336.6044006347656
vertex 247.98561096191406 137.0 355.97198486328125
endloop
endfacet
facet normal 0.0 0.9999999999999999 0.0
outer loop
vertex 228.97801208496094 149.0 367.0850830078125
vertex 247.98561096191406 149.0 355.97198486328125
vertex 237.68768310546875 149.0 336.6044006347656
endloop
endfacet
facet normal 0.8829475805066807 0.0 -0.4694715860170863
outer loop
vertex 237.68768310546875 149.0 336.6044006347656
vertex 247.98561096191406 149.0 355.97198486328125
vertex 247.98561096191406 137.0 355.97198486328125
endloop
endfacet
facet normal -0.0 0.0 1.0
outer loop
vertex 216.22813415527344 7.0 361.5285339355469
vertex 242.22816467285156 5.0 361.5285339355469
vertex 252.22813415527344 7.0 361.5285339355469
endloop
endfacet
facet normal -0.0 1.0 0.0
outer loop
vertex 233.16757202148438 5.0 361.5285339355469
vertex 235.3162841796875 5.0 365.5696716308594
vertex 242.22816467285156 5.0 361.5285339355469
endloop
endfacet
facet normal -0.0 1.0 0.0
outer loop
vertex 235.3162841796875 5.0 365.5696716308594
vertex 243.4654998779297 5.0 380.8961486816406
vertex 242.22816467285156 5.0 361.5285339355469
endloop
endfacet
facet normal 0.0 0.0 -1.0
outer loop
vertex 230.29696655273438 6.77419376373291 380.8961486816406
vertex 243.4654998779297 5.0 380.8961486816406
vertex 243.4654998779297 -5.0 380.8961486816406
endloop
endfacet
facet normal -0.8829479917478467 0.0 0.46947081258417384
outer loop
vertex 235.3162841796875 5.0 365.5696716308594
vertex 243.4654998779297 -5.0 380.8961486816406
vertex 243.4654998779297 5.0 380.8961486816406
endloop
endfacet
facet normal -0.0 -0.0 -1.0
outer loop
vertex 230.29696655273438 6.77419376373291 380.8961486816406
vertex 252.52606201171875 5.0 380.8961486816406
vertex 243.4654998779297 5.0 380.8961486816406
endloop
endfacet
facet normal 0.0 -0.0 -1.0
outer loop
vertex 229.71632385253906 5.0 380.8961486816406
vertex 263.9587097167969 112.0 380.8961486816406
vertex 230.29696655273438 6.77419376373291 380.8961486816406
endloop
endfacet
facet normal 0.0 0.0 1.0
outer loop
vertex 242.22816467285156 5.0 361.5285339355469
vertex 251.2886962890625 5.0 361.5285339355469
vertex 252.22813415527344 7.0 361.5285339355469
endloop
endfacet
facet normal -0.0 0.9999999999999999 0.0
outer loop
vertex 242.22816467285156 5.0 361.5285339355469
vertex 243.4654998779297 5.0 380.8961486816406
vertex 251.2886962890625 5.0 361.5285339355469
endloop
endfacet
facet normal 0.0 -0.0 1.0
outer loop
vertex 251.2886962890625 -5.0 361.5285339355469
vertex 252.22813415527344 7.0 361.5285339355469
vertex 251.2886962890625 5.0 361.5285339355469
endloop
endfacet
facet normal -0.0 -0.0 -1.0
outer loop
vertex 230.29696655273438 6.77419376373291 380.8961486816406
vertex 261.5866394042969 5.0 380.8961486816406
vertex 252.52606201171875 5.0 380.8961486816406
endloop
endfacet
facet normal -0.0 1.0 0.0
outer loop
vertex 243.4654998779297 5.0 380.8961486816406
vertex 252.52606201171875 5.0 380.8961486816406
vertex 251.2886962890625 5.0 361.5285339355469
endloop
endfacet
facet normal -0.0 -0.0 -1.0
outer loop
vertex 230.29696655273438 6.77419376373291 380.8961486816406
vertex 265.7163391113281 5.0 380.8961486816406
vertex 261.5866394042969 5.0 380.8961486816406
endloop
endfacet
facet normal -0.0 0.9999999999999999 0.0
outer loop
vertex 229.95872497558594 7.0 387.3520202636719
vertex 239.42654418945312 7.0 405.15838623046875
vertex 254.6220245361328 7.0 394.88385009765625
endloop
endfacet
facet normal 0.4694710329076116 0.0 0.8829478746000017
outer loop
vertex 239.42654418945312 -7.0 405.15838623046875
vertex 254.70281982421875 7.0 397.0358581542969
vertex 239.42654418945312 7.0 405.15838623046875
endloop
endfacet
facet normal -0.0 1.0 0.0
outer loop
vertex 229.95872497558594 7.0 387.3520202636719
vertex 254.6220245361328 7.0 394.88385009765625
vertex 265.1540222167969 7.0 391.2972717285156
endloop
endfacet
facet normal 0.0 1.0 0.0
outer loop
vertex 239.42654418945312 7.0 405.15838623046875
vertex 254.70281982421875 7.0 397.0358581542969
vertex 254.6220245361328 7.0 394.88385009765625
endloop
endfacet
facet normal 0.0 0.0 -1.0
outer loop
vertex 229.71632385253906 5.0 380.8961486816406
vertex 231.95872497558594 112.0 380.8961486816406
vertex 263.9587097167969 112.0 380.8961486816406
endloop
endfacet
facet normal 0.0 -1.0 0.0
outer loop
vertex 228.97801208496094 137.0 367.0850830078125
vertex 247.98561096191406 137.0 355.97198486328125
vertex 232.31019592285156 137.0 373.3520202636719
endloop
endfacet
facet normal -0.0 1.0 0.0
outer loop
vertex 228.97801208496094 149.0 367.0850830078125
vertex 239.2759552001953 149.0 386.45269775390625
vertex 247.98561096191406 149.0 355.97198486328125
endloop
endfacet
facet normal 0.0 -0.0 1.0
outer loop
vertex 231.95872497558594 115.0 385.3520202636719
vertex 241.1585235595703 137.0 385.3520202636719
vertex 238.6907196044922 137.0 385.3520202636719
endloop
endfacet
facet normal 0.0 0.0 1.0
outer loop
vertex 231.95872497558594 115.0 385.3520202636719
vertex 238.6907196044922 137.0 385.3520202636719
vertex 238.6907196044922 146.0 385.3520202636719
endloop
endfacet
facet normal -0.882947272556968 -1.7571595403259693e-06 0.46947216518247786
outer loop
vertex 232.31019592285156 146.0 373.3520202636719
vertex 238.6907196044922 146.0 385.3520202636719
vertex 239.2759552001953 149.0 386.45269775390625
endloop
endfacet
facet normal 0.0 0.0 -1.0
outer loop
vertex 231.95872497558594 112.0 373.3520202636719
vertex 232.31019592285156 137.0 373.3520202636719
vertex 257.2267150878906 137.0 373.3520202636719
endloop
endfacet
facet normal 0.0 -1.0 0.0
outer loop
vertex 231.95872497558594 112.0 373.3520202636719
vertex 263.9587097167969 112.0 373.3520202636719
vertex 231.95872497558594 112.0 380.8961486816406
endloop
endfacet
facet normal 0.0 -1.0 0.0
outer loop
vertex 232.31019592285156 137.0 373.3520202636719
vertex 247.98561096191406 137.0 355.97198486328125
vertex 257.2267150878906 137.0 373.3520202636719
endloop
endfacet
facet normal -0.0 1.0 -0.0
outer loop
vertex 247.98561096191406 149.0 355.97198486328125
vertex 239.2759552001953 149.0 386.45269775390625
vertex 258.2835388183594 149.0 375.339599609375
endloop
endfacet
facet normal 0.8829481112996169 0.0 -0.4694705877394655
outer loop
vertex 247.98561096191406 137.0 355.97198486328125
vertex 247.98561096191406 149.0 355.97198486328125
vertex 257.2267150878906 146.0 373.3520202636719
endloop
endfacet
facet normal 0.0 -0.0 1.0
outer loop
vertex 231.95872497558594 115.0 385.3520202636719
vertex 263.9587097167969 115.0 385.3520202636719
vertex 241.1585235595703 137.0 385.3520202636719
endloop
endfacet
facet normal 0.0 0.0 -1.0
outer loop
vertex 231.95872497558594 112.0 373.3520202636719
vertex 257.2267150878906 137.0 373.3520202636719
vertex 263.9587097167969 112.0 373.3520202636719
endloop
endfacet
facet normal 0.0 -0.0 1.0
outer loop
vertex 229.95872497558594 7.0 387.3520202636719
vertex 265.9587097167969 115.0 387.3520202636719
vertex 229.95872497558594 115.0 387.3520202636719
endloop
endfacet
facet normal 0.0 -1.0 0.0
outer loop
vertex 238.6907196044922 137.0 385.3520202636719
vertex 241.1585235595703 137.0 385.3520202636719
vertex 239.2759552001953 137.0 386.45269775390625
endloop
endfacet
facet normal -0.8829492578130258 0.0 0.4694684314492582
outer loop
vertex 238.6907196044922 137.0 385.3520202636719
vertex 239.2759552001953 137.0 386.45269775390625
vertex 238.6907196044922 146.0 385.3520202636719
endloop
endfacet
facet normal -0.8829492578130259 0.0 0.46946843144925826
outer loop
vertex 238.6907196044922 146.0 385.3520202636719
vertex 239.2759552001953 137.0 386.45269775390625
vertex 239.2759552001953 149.0 386.45269775390625
endloop
endfacet
facet normal -0.0 1.0 -0.0
outer loop
vertex 231.95872497558594 115.0 385.3520202636719
vertex 229.95872497558594 115.0 387.3520202636719
vertex 263.9587097167969 115.0 385.3520202636719
endloop
endfacet
facet normal -0.8829481975214519 0.0 0.4694704255793107
outer loop
vertex 239.2759552001953 137.0 386.45269775390625
vertex 247.06298828125 149.0 401.0980224609375
vertex 239.2759552001953 149.0 386.45269775390625
endloop
endfacet
facet normal -0.0 -1.0 0.0
outer loop
vertex 241.1585235595703 137.0 385.3520202636719
vertex 247.06298828125 137.0 401.0980224609375
vertex 239.2759552001953 137.0 386.45269775390625
endloop
endfacet
facet normal -0.8829481975214519 0.0 0.4694704255793107
outer loop
vertex 239.2759552001953 137.0 386.45269775390625
vertex 247.06298828125 137.0 401.0980224609375
vertex 247.06298828125 149.0 401.0980224609375
endloop
endfacet
facet normal -0.0 1.0 0.0
outer loop
vertex 239.2759552001953 149.0 386.45269775390625
vertex 247.06298828125 149.0 401.0980224609375
vertex 258.2835388183594 149.0 375.339599609375
endloop
endfacet
facet normal 0.0 -1.0 0.0
outer loop
vertex 241.1585235595703 137.0 385.3520202636719
vertex 263.60723876953125 137.0 385.3520202636719
vertex 247.06298828125 137.0 401.0980224609375
endloop
endfacet
facet normal 0.4694731536734254 0.0 0.8829467469671816
outer loop
vertex 247.06298828125 137.0 401.0980224609375
vertex 250.59478759765625 146.5 399.2201232910156
vertex 247.06298828125 149.0 401.0980224609375
endloop
endfacet
facet normal 0.4694731536734254 -0.0 0.8829467469671817
outer loop
vertex 247.06298828125 137.0 401.0980224609375
vertex 250.59478759765625 139.5 399.2201232910156
vertex 250.59478759765625 146.5 399.2201232910156
endloop
endfacet
facet normal 0.8829476273660181 0.0 -0.46947149788748566
outer loop
vertex 251.2886962890625 -5.0 361.5285339355469
vertex 251.2886962890625 5.0 361.5285339355469
vertex 259.43792724609375 5.0 376.8550109863281
endloop
endfacet
facet normal -0.0 0.9999999999999999 0.0
outer loop
vertex 251.2886962890625 5.0 361.5285339355469
vertex 252.52606201171875 5.0 380.8961486816406
vertex 259.43792724609375 5.0 376.8550109863281
endloop
endfacet
facet normal 0.0 0.0 -1.0
outer loop
vertex 230.29696655273438 6.77419376373291 380.8961486816406
vertex 265.7163391113281 7.0 380.8961486816406
vertex 265.7163391113281 5.0 380.8961486816406
endloop
endfacet
facet normal 0.8829474904297151 0.0 -0.4694717554271697
outer loop
vertex 259.43792724609375 -5.0 376.8550109863281
vertex 259.43792724609375 5.0 376.8550109863281
vertex 261.5866394042969 5.0 380.8961486816406
endloop
endfacet
facet normal -0.0 1.0 0.0
outer loop
vertex 252.52606201171875 5.0 380.8961486816406
vertex 261.5866394042969 5.0 380.8961486816406
vertex 259.43792724609375 5.0 376.8550109863281
endloop
endfacet
facet normal 0.0 0.0 -1.0
outer loop
vertex 230.29696655273438 6.77419376373291 380.8961486816406
vertex 265.7163391113281 115.0 380.8961486816406
vertex 265.7163391113281 7.0 380.8961486816406
endloop
endfacet
facet normal 0.0 0.0 -1.0
outer loop
vertex 265.7163391113281 -7.0 380.8961486816406
vertex 261.5866394042969 5.0 380.8961486816406
vertex 265.7163391113281 5.0 380.8961486816406
endloop
endfacet
facet normal 0.8829479522368426 0.0 -0.46947088689370964
outer loop
vertex 269.9791259765625 -5.182941913604736 388.9132995605469
vertex 265.7163391113281 5.0 380.8961486816406
vertex 265.7163391113281 7.0 380.8961486816406
endloop
endfacet
facet normal 0.9992960183442651 0.0 -0.037516232770603807
outer loop
vertex 265.7163391113281 7.0 380.8961486816406
vertex 265.7163391113281 115.0 380.8961486816406
vertex 265.9587097167969 7.0 387.3520202636719
endloop
endfacet
facet normal -0.0 1.0 0.0
outer loop
vertex 229.95872497558594 7.0 387.3520202636719
vertex 265.1540222167969 7.0 391.2972717285156
vertex 265.9587097167969 7.0 387.3520202636719
endloop
endfacet
facet normal 0.46946488311577317 0.0 0.8829511444701191
outer loop
vertex 254.70281982421875 -7.0 397.0358581542969
vertex 255.72280883789062 2.5 396.4935302734375
vertex 254.70281982421875 7.0 397.0358581542969
endloop
endfacet
facet normal -0.9992959630405345 0.0 0.03751770583192443
outer loop
vertex 254.6220245361328 7.0 394.88385009765625
vertex 254.70281982421875 7.0 397.0358581542969
vertex 254.70281982421875 11.0 397.0358581542969
endloop
endfacet
facet normal -0.9992959630405345 0.0 0.03751770583192443
outer loop
vertex 254.6220245361328 7.0 394.88385009765625
vertex 254.70281982421875 11.0 397.0358581542969
vertex 254.6220245361328 11.0 394.88385009765625
endloop
endfacet
facet normal -0.32236185691218683 0.0 -0.9466165185586648
outer loop
vertex 254.6220245361328 7.0 394.88385009765625
vertex 254.6220245361328 11.0 394.88385009765625
vertex 265.1540222167969 7.0 391.2972717285156
endloop
endfacet
facet normal 0.4694732794164934 2.441174291371436e-06 0.8829466801047297
outer loop
vertex 254.70281982421875 7.0 397.0358581542969
vertex 255.72280883789062 2.5 396.4935302734375
vertex 263.6693115234375 2.5 392.2682800292969
endloop
endfacet
facet normal 0.46947293897268827 0.0 0.8829468611260514
outer loop
vertex 254.70281982421875 7.0 397.0358581542969
vertex 265.16070556640625 7.0 391.47528076171875
vertex 254.70281982421875 11.0 397.0358581542969
endloop
endfacet
facet normal -0.0 1.0 0.0
outer loop
vertex 255.72280883789062 2.5 396.4935302734375
vertex 257.80804443359375 2.5 396.5173034667969
vertex 263.6693115234375 2.5 392.2682800292969
endloop
endfacet
facet normal -0.08092621490638092 0.9850304724662334 -0.15220353495853953
outer loop
vertex 257.80804443359375 2.5 396.5173034667969
vertex 258.7469787597656 2.8499999046325684 398.283203125
vertex 258.8675842285156 2.5 395.9539489746094
endloop
endfacet
facet normal -0.08092621490638092 0.9850304724662334 -0.15220353495853953
outer loop
vertex 258.8675842285156 2.5 395.9539489746094
vertex 258.7469787597656 2.8499999046325684 398.283203125
vertex 259.8065185546875 2.8499999046325684 397.7198486328125
endloop
endfacet
facet normal 0.3510933354073797 0.9362476798242335 -0.01318149673824805
outer loop
vertex 254.6220245361328 11.0 394.88385009765625
vertex 254.70281982421875 11.0 397.0358581542969
vertex 265.16070556640625 7.0 391.47528076171875
endloop
endfacet
facet normal 0.0 1.0 0.0
outer loop
vertex 258.8675842285156 2.5 395.9539489746094
vertex 261.46343994140625 2.5 394.5736999511719
vertex 263.6693115234375 2.5 392.2682800292969
endloop
endfacet
facet normal 0.4694729389721088 1.5710365476526442e-06 0.8829468611249616
outer loop
vertex 254.70281982421875 7.0 397.0358581542969
vertex 263.6693115234375 2.5 392.2682800292969
vertex 265.16070556640625 7.0 391.47528076171875
endloop
endfacet
facet normal 0.0 1.0 0.0
outer loop
vertex 257.80804443359375 2.5 396.5173034667969
vertex 258.8675842285156 2.5 395.9539489746094
vertex 263.6693115234375 2.5 392.2682800292969
endloop
endfacet
facet normal -0.0 1.0 0.0
outer loop
vertex 255.72280883789062 2.5 396.4935302734375
vertex 260.41748046875 2.5 405.3229675292969
vertex 257.80804443359375 2.5 396.5173034667969
endloop
endfacet
facet normal -0.8829485642599559 0.0 0.4694697358417074
outer loop
vertex 260.41748046875 -2.5 405.3229675292969
vertex 260.41748046875 2.5 405.3229675292969
vertex 255.72280883789062 2.5 396.4935302734375
endloop
endfacet
facet normal -0.8829474270617962 -3.0210610085057598e-05 0.46947187363278003
outer loop
vertex 257.80804443359375 2.5 396.5173034667969
vertex 262.0332946777344 2.5 404.4638366699219
vertex 258.7469787597656 2.8499999046325684 398.283203125
endloop
endfacet
facet normal -0.0 1.0 0.0
outer loop
vertex 258.7469787597656 2.8499999046325684 398.283203125
vertex 261.5638122558594 2.8499999046325684 403.58087158203125
vertex 259.8065185546875 2.8499999046325684 397.7198486328125
endloop
endfacet
facet normal -0.0 0.9999999999999999 0.0
outer loop
vertex 258.8675842285156 2.5 395.9539489746094
vertex 263.0928039550781 2.5 403.90045166015625
vertex 261.46343994140625 2.5 394.5736999511719
endloop
endfacet
facet normal 0.8829480854625714 2.219897671392814e-05 -0.46947063580716664
outer loop
vertex 258.8675842285156 2.5 395.9539489746094
vertex 259.8065185546875 2.8499999046325684 397.7198486328125
vertex 263.0928039550781 2.5 403.90045166015625
endloop
endfacet
facet normal -0.0 1.0 0.0
outer loop
vertex 257.80804443359375 2.5 396.5173034667969
vertex 260.41748046875 2.5 405.3229675292969
vertex 262.0332946777344 2.5 404.4638366699219
endloop
endfacet
facet normal -0.0 1.0 0.0
outer loop
vertex 259.8065185546875 2.8499999046325684 397.7198486328125
vertex 261.5638122558594 2.8499999046325684 403.58087158203125
vertex 262.62335205078125 2.8499999046325684 403.01751708984375
endloop
endfacet
facet normal -0.8829466794252585 3.9307231415834366e-05 0.46947327905521047
outer loop
vertex 258.7469787597656 2.8499999046325684 398.283203125
vertex 262.50274658203125 2.5 405.3467712402344
vertex 261.5638122558594 2.8499999046325684 403.58087158203125
endloop
endfacet
facet normal -0.8829528411740193 -0.0002621355476227172 0.4694616188227547
outer loop
vertex 258.7469787597656 2.8499999046325684 398.283203125
vertex 262.0332946777344 2.5 404.4638366699219
vertex 262.50274658203125 2.5 405.3467712402344
endloop
endfacet
facet normal -0.6454340295772067 0.0 0.7638160206906696
outer loop
vertex 260.41748046875 -2.5 405.3229675292969
vertex 262.06280517578125 1.7000000476837158 406.7132873535156
vertex 260.41748046875 2.5 405.3229675292969
endloop
endfacet
facet normal 0.0 0.0 1.0
outer loop
vertex 229.95872497558594 7.0 387.3520202636719
vertex 265.9587097167969 7.0 387.3520202636719
vertex 265.9587097167969 115.0 387.3520202636719
endloop
endfacet
facet normal 0.0 1.0 0.0
outer loop
vertex 261.46343994140625 2.5 394.5736999511719
vertex 262.5229797363281 2.5 394.01031494140625
vertex 263.6693115234375 2.5 392.2682800292969
endloop
endfacet
facet normal 0.35109324900640987 0.9362477079980701 -0.013181796936808463
outer loop
vertex 254.6220245361328 11.0 394.88385009765625
vertex 265.16070556640625 7.0 391.47528076171875
vertex 265.1540222167969 7.0 391.2972717285156
endloop
endfacet
facet normal -0.08092907001196376 0.9850306821434683 -0.15220065986378686
outer loop
vertex 261.46343994140625 2.5 394.5736999511719
vertex 262.40240478515625 2.8499999046325684 396.339599609375
vertex 262.5229797363281 2.5 394.01031494140625
endloop
endfacet
facet normal -0.08093144980335909 0.9850304724534417 -0.15220075154504203
outer loop
vertex 262.5229797363281 2.5 394.01031494140625
vertex 262.40240478515625 2.8499999046325684 396.339599609375
vertex 263.4619140625 2.8499999046325684 395.7762145996094
endloop
endfacet
facet normal 0.4694766344801391 0.0 0.8829448961725764
outer loop
vertex 263.6693115234375 -2.5 392.2682800292969
vertex 265.16070556640625 7.0 391.47528076171875
vertex 263.6693115234375 2.5 392.2682800292969
endloop
endfacet
facet normal -0.0 1.0 0.0
outer loop
vertex 262.5229797363281 2.5 394.01031494140625
vertex 266.74822998046875 2.5 401.95684814453125
vertex 263.6693115234375 2.5 392.2682800292969
endloop
endfacet
facet normal 0.8829474270617962 3.0210610085057598e-05 -0.46947187363278003
outer loop
vertex 262.5229797363281 2.5 394.01031494140625
vertex 263.4619140625 2.8499999046325684 395.7762145996094
vertex 266.74822998046875 2.5 401.95684814453125
endloop
endfacet
facet normal 0.8829472992442171 0.0 -0.4694721149944297
outer loop
vertex 263.6693115234375 -2.5 392.2682800292969
vertex 263.6693115234375 2.5 392.2682800292969
vertex 268.364013671875 2.5 401.09771728515625
endloop
endfacet
facet normal 0.0 1.0 0.0
outer loop
vertex 265.7163391113281 7.0 380.8961486816406
vertex 265.9587097167969 7.0 387.3520202636719
vertex 269.9791259765625 7.0 388.9132995605469
endloop
endfacet
facet normal 0.4694689375597674 0.0 0.882948988711411
outer loop
vertex 265.16070556640625 -7.0 391.47528076171875
vertex 269.9791259765625 7.0 388.9132995605469
vertex 265.16070556640625 7.0 391.47528076171875
endloop
endfacet
facet normal -0.0 1.0 0.0
outer loop
vertex 265.1540222167969 7.0 391.2972717285156
vertex 265.16070556640625 7.0 391.47528076171875
vertex 269.9791259765625 7.0 388.9132995605469
endloop
endfacet
facet normal 0.0 1.0 0.0
outer loop
vertex 265.1540222167969 7.0 391.2972717285156
vertex 269.9791259765625 7.0 388.9132995605469
vertex 265.9587097167969 7.0 387.3520202636719
endloop
endfacet
facet normal 0.8829479522368426 0.0 -0.46947088689370964
outer loop
vertex 269.9791259765625 -5.182941913604736 388.9132995605469
vertex 265.7163391113281 7.0 380.8961486816406
vertex 269.9791259765625 5.182941913604736 388.9132995605469
endloop
endfacet
facet normal 0.8829479522368426 0.0 -0.46947088689370964
outer loop
vertex 265.7163391113281 7.0 380.8961486816406
vertex 269.9791259765625 7.0 388.9132995605469
vertex 269.9791259765625 5.182941913604736 388.9132995605469
endloop
endfacet
facet normal 0.46946893755976726 -0.0 0.8829489887114108
outer loop
vertex 265.16070556640625 -7.0 391.47528076171875
vertex 269.9791259765625 5.182941913604736 388.9132995605469
vertex 269.9791259765625 7.0 388.9132995605469
endloop
endfacet
facet normal -0.8829466794805767 3.767963033398042e-05 0.46947327908462383
outer loop
vertex 261.46343994140625 2.5 394.5736999511719
vertex 265.6886901855469 2.5 402.52020263671875
vertex 262.40240478515625 2.8499999046325684 396.339599609375
endloop
endfacet
facet normal -0.0 0.9999999999999999 0.0
outer loop
vertex 261.46343994140625 2.5 394.5736999511719
vertex 263.0928039550781 2.5 403.90045166015625
vertex 265.6886901855469 2.5 402.52020263671875
endloop
endfacet
facet normal 0.8829466794252585 -3.9307231415834366e-05 -0.46947327905521047
outer loop
vertex 259.8065185546875 2.8499999046325684 397.7198486328125
vertex 262.62335205078125 2.8499999046325684 403.01751708984375
vertex 263.5622863769531 2.5 404.7834167480469
endloop
endfacet
facet normal 0.8829469472369222 -2.628671198599837e-05 -0.4694727762863447
outer loop
vertex 259.8065185546875 2.8499999046325684 397.7198486328125
vertex 263.5622863769531 2.5 404.7834167480469
vertex 263.0928039550781 2.5 403.90045166015625
endloop
endfacet
facet normal -0.0 1.0 0.0
outer loop
vertex 262.40240478515625 2.8499999046325684 396.339599609375
vertex 265.2192077636719 2.8499999046325684 401.63726806640625
vertex 263.4619140625 2.8499999046325684 395.7762145996094
endloop
endfacet
facet normal -0.0 1.0 0.0
outer loop
vertex 263.4619140625 2.8499999046325684 395.7762145996094
vertex 265.2192077636719 2.8499999046325684 401.63726806640625
vertex 266.27874755859375 2.8499999046325684 401.07391357421875
endloop
endfacet
facet normal 0.8829477999779451 5.1324639634614106e-05 -0.4694711704459477
outer loop
vertex 263.4619140625 2.8499999046325684 395.7762145996094
vertex 266.27874755859375 2.8499999046325684 401.07391357421875
vertex 267.21771240234375 2.5 402.8398132324219
endloop
endfacet
facet normal -0.8829487866939213 -6.334221658430616e-05 0.46946931322877306
outer loop
vertex 262.40240478515625 2.8499999046325684 396.339599609375
vertex 266.1581726074219 2.5 403.4031677246094
vertex 265.2192077636719 2.8499999046325684 401.63726806640625
endloop
endfacet
facet normal -0.8829469472369222 2.628671198599837e-05 0.4694727762863447
outer loop
vertex 262.40240478515625 2.8499999046325684 396.339599609375
vertex 265.6886901855469 2.5 402.52020263671875
vertex 266.1581726074219 2.5 403.4031677246094
endloop
endfacet
facet normal 0.17436038079408814 0.9284759933778567 0.32791887309263357
outer loop
vertex 265.6886901855469 2.5 402.52020263671875
vertex 263.2101745605469 2.4000000953674316 404.1212158203125
vertex 265.8060607910156 2.4000000953674316 402.7409362792969
endloop
endfacet
facet normal 0.17436476969857082 0.9284686535220763 0.32793732101556655
outer loop
vertex 260.41748046875 2.5 405.3229675292969
vertex 262.150634765625 2.4000000953674316 404.6845703125
vertex 262.0332946777344 2.5 404.4638366699219
endloop
endfacet
facet normal 0.08092621490638092 0.9850304724662334 0.15220353495853953
outer loop
vertex 262.62335205078125 2.8499999046325684 403.01751708984375
vertex 261.5638122558594 2.8499999046325684 403.58087158203125
vertex 262.50274658203125 2.5 405.3467712402344
endloop
endfacet
facet normal -0.8829528534796648 0.00020209206288069004 0.469461625365605
outer loop
vertex 262.0332946777344 2.5 404.4638366699219
vertex 262.150634765625 2.4000000953674316 404.6845703125
vertex 262.50274658203125 2.5 405.3467712402344
endloop
endfacet
facet normal 0.17435732538409904 0.9284776894464157 0.3279156953931124
outer loop
vertex 260.41748046875 2.5 405.3229675292969
vertex 262.06280517578125 1.7000000476837158 406.7132873535156
vertex 262.150634765625 2.4000000953674316 404.6845703125
endloop
endfacet
facet normal 0.1743519581750181 0.9284786609998553 0.3279157982599379
outer loop
vertex 262.150634765625 2.4000000953674316 404.6845703125
vertex 262.06280517578125 1.7000000476837158 406.7132873535156
vertex 263.2101745605469 2.4000000953674316 404.1212158203125
endloop
endfacet
facet normal -0.8829402211910267 0.0 0.4694854266142249
outer loop
vertex 262.150634765625 2.4000000953674316 404.6845703125
vertex 262.50274658203125 2.4000000953674316 405.3467712402344
vertex 262.50274658203125 2.5 405.3467712402344
endloop
endfacet
facet normal 0.08092621490638092 0.9850304724662334 0.15220353495853953
outer loop
vertex 262.62335205078125 2.8499999046325684 403.01751708984375
vertex 262.50274658203125 2.5 405.3467712402344
vertex 263.5622863769531 2.5 404.7834167480469
endloop
endfacet
facet normal 0.0 -1.0 0.0
outer loop
vertex 262.150634765625 2.4000000953674316 404.6845703125
vertex 263.2101745605469 2.4000000953674316 404.1212158203125
vertex 263.5622863769531 2.4000000953674316 404.7834167480469
endloop
endfacet
facet normal 0.8829469424445742 -0.00010745389285188747 -0.4694727737381996
outer loop
vertex 263.0928039550781 2.5 403.90045166015625
vertex 263.5622863769531 2.5 404.7834167480469
vertex 263.2101745605469 2.4000000953674316 404.1212158203125
endloop
endfacet
facet normal 0.8829402211910267 0.0 -0.4694854266142249
outer loop
vertex 263.2101745605469 2.4000000953674316 404.1212158203125
vertex 263.5622863769531 2.5 404.7834167480469
vertex 263.5622863769531 2.4000000953674316 404.7834167480469
endloop
endfacet
facet normal 0.0 -1.0 0.0
outer loop
vertex 262.150634765625 2.4000000953674316 404.6845703125
vertex 263.5622863769531 2.4000000953674316 404.7834167480469
vertex 262.50274658203125 2.4000000953674316 405.3467712402344
endloop
endfacet
facet normal 0.4694632405567483 0.0 0.8829520178163459
outer loop
vertex 262.50274658203125 2.4000000953674316 405.3467712402344
vertex 263.5622863769531 2.4000000953674316 404.7834167480469
vertex 262.50274658203125 2.5 405.3467712402344
endloop
endfacet
facet normal 0.4694632405567483 -0.0 0.8829520178163459
outer loop
vertex 262.50274658203125 2.5 405.3467712402344
vertex 263.5622863769531 2.4000000953674316 404.7834167480469
vertex 263.5622863769531 2.5 404.7834167480469
endloop
endfacet
facet normal 0.17436034063012662 0.9284760275981768 0.3279187975564313
outer loop
vertex 263.2101745605469 2.4000000953674316 404.1212158203125
vertex 262.06280517578125 1.7000000476837158 406.7132873535156
vertex 265.8060607910156 2.4000000953674316 402.7409362792969
endloop
endfacet
facet normal 0.1743411762487416 0.928489794806764 0.32789000473314006
outer loop
vertex 265.6886901855469 2.5 402.52020263671875
vertex 263.0928039550781 2.5 403.90045166015625
vertex 263.2101745605469 2.4000000953674316 404.1212158203125
endloop
endfacet
facet normal 0.1743478834524314 0.9284821327133518 0.3279081346470729
outer loop
vertex 262.06280517578125 1.7000000476837158 406.7132873535156
vertex 266.8656005859375 2.4000000953674316 402.1775817871094
vertex 265.8060607910156 2.4000000953674316 402.7409362792969
endloop
endfacet
facet normal -0.0 1.0 0.0
outer loop
vertex 263.6693115234375 2.5 392.2682800292969
vertex 266.74822998046875 2.5 401.95684814453125
vertex 268.364013671875 2.5 401.09771728515625
endloop
endfacet
facet normal 0.8829469474998765 9.765384453623324e-06 -0.4694727764261604
outer loop
vertex 263.4619140625 2.8499999046325684 395.7762145996094
vertex 267.21771240234375 2.5 402.8398132324219
vertex 266.74822998046875 2.5 401.95684814453125
endloop
endfacet
facet normal 0.17435577067405997 0.9284779310808116 0.32791583787391304
outer loop
vertex 262.06280517578125 1.7000000476837158 406.7132873535156
vertex 268.364013671875 2.5 401.09771728515625
vertex 266.8656005859375 2.4000000953674316 402.1775817871094
endloop
endfacet
facet normal 0.08092565242611731 0.9850306821390409 0.1522024770629668
outer loop
vertex 265.2192077636719 2.8499999046325684 401.63726806640625
vertex 266.1581726074219 2.5 403.4031677246094
vertex 266.27874755859375 2.8499999046325684 401.07391357421875
endloop
endfacet
facet normal -0.8829469469755986 -3.581796446776976e-05 0.46947277614739596
outer loop
vertex 265.6886901855469 2.5 402.52020263671875
vertex 265.8060607910156 2.4000000953674316 402.7409362792969
vertex 266.1581726074219 2.5 403.4031677246094
endloop
endfacet
facet normal -0.8829491895381352 0.0 0.46946855985672825
outer loop
vertex 265.8060607910156 2.4000000953674316 402.7409362792969
vertex 266.1581726074219 2.4000000953674316 403.4031677246094
vertex 266.1581726074219 2.5 403.4031677246094
endloop
endfacet
facet normal 0.08092565242611731 0.9850306821390409 0.1522024770629668
outer loop
vertex 266.27874755859375 2.8499999046325684 401.07391357421875
vertex 266.1581726074219 2.5 403.4031677246094
vertex 267.21771240234375 2.5 402.8398132324219
endloop
endfacet
facet normal 0.0 -1.0 0.0
outer loop
vertex 265.8060607910156 2.4000000953674316 402.7409362792969
vertex 266.8656005859375 2.4000000953674316 402.1775817871094
vertex 267.21771240234375 2.4000000953674316 402.8398132324219
endloop
endfacet
facet normal 0.0 -1.0 0.0
outer loop
vertex 265.8060607910156 2.4000000953674316 402.7409362792969
vertex 267.21771240234375 2.4000000953674316 402.8398132324219
vertex 266.1581726074219 2.4000000953674316 403.4031677246094
endloop
endfacet
facet normal 0.4694632405567483 0.0 0.8829520178163459
outer loop
vertex 266.1581726074219 2.4000000953674316 403.4031677246094
vertex 267.21771240234375 2.4000000953674316 402.8398132324219
vertex 266.1581726074219 2.5 403.4031677246094
endloop
endfacet
facet normal 0.17435872275243255 0.9284759933703981 0.3279197547190357
outer loop
vertex 266.74822998046875 2.5 401.95684814453125
vertex 266.8656005859375 2.4000000953674316 402.1775817871094
vertex 268.364013671875 2.5 401.09771728515625
endloop
endfacet
facet normal 0.8829469469755986 3.581796446776976e-05 -0.46947277614739596
outer loop
vertex 266.74822998046875 2.5 401.95684814453125
vertex 267.21771240234375 2.5 402.8398132324219
vertex 266.8656005859375 2.4000000953674316 402.1775817871094
endloop
endfacet
facet normal 0.8829491895381352 0.0 -0.46946855985672825
outer loop
vertex 266.8656005859375 2.4000000953674316 402.1775817871094
vertex 267.21771240234375 2.5 402.8398132324219
vertex 267.21771240234375 2.4000000953674316 402.8398132324219
endloop
endfacet
facet normal 0.4694632405567483 -0.0 0.8829520178163459
outer loop
vertex 266.1581726074219 2.5 403.4031677246094
vertex 267.21771240234375 2.4000000953674316 402.8398132324219
vertex 267.21771240234375 2.5 402.8398132324219
endloop
endfacet
facet normal 0.994152665499248 0.0 -0.10798369173509759
outer loop
vertex 268.59661865234375 -1.7000000476837158 403.23919677734375
vertex 268.364013671875 2.5 401.09771728515625
vertex 268.59661865234375 1.7000000476837158 403.23919677734375
endloop
endfacet
facet normal 0.17435619598583854 0.9284776945630124 0.3279162814199706
outer loop
vertex 262.06280517578125 1.7000000476837158 406.7132873535156
vertex 268.59661865234375 1.7000000476837158 403.23919677734375
vertex 268.364013671875 2.5 401.09771728515625
endloop
endfacet
facet normal 0.4694715971267608 -0.0 0.8829475745995615
outer loop
vertex 268.59661865234375 -1.7000000476837158 403.23919677734375
vertex 268.59661865234375 1.7000000476837158 403.23919677734375
vertex 262.06280517578125 1.7000000476837158 406.7132873535156
endloop
endfacet
facet normal 0.0 0.0 -1.0
outer loop
vertex 230.29696655273438 6.77419376373291 380.8961486816406
vertex 263.9587097167969 112.0 380.8961486816406
vertex 265.7163391113281 115.0 380.8961486816406
endloop
endfacet
facet normal 0.8829481112996169 0.0 -0.4694705877394655
outer loop
vertex 247.98561096191406 137.0 355.97198486328125
vertex 257.2267150878906 146.0 373.3520202636719
vertex 257.2267150878906 137.0 373.3520202636719
endloop
endfacet
facet normal 0.8829478871413249 -3.1327955309453726e-06 -0.46947100931032576
outer loop
vertex 247.98561096191406 149.0 355.97198486328125
vertex 258.2835388183594 149.0 375.339599609375
vertex 257.2267150878906 146.0 373.3520202636719
endloop
endfacet
facet normal 0.0 -1.0 0.0
outer loop
vertex 231.95872497558594 112.0 380.8961486816406
vertex 263.9587097167969 112.0 373.3520202636719
vertex 263.9587097167969 112.0 380.8961486816406
endloop
endfacet
facet normal -0.0 -0.0 0.9999999999999999
outer loop
vertex 241.1585235595703 137.0 385.3520202636719
vertex 263.9587097167969 115.0 385.3520202636719
vertex 263.60723876953125 137.0 385.3520202636719
endloop
endfacet
facet normal 0.8829459270673523 0.0 -0.46947469567078276
outer loop
vertex 257.2267150878906 146.0 373.3520202636719
vertex 258.2835388183594 149.0 375.339599609375
vertex 258.2835388183594 146.0 375.339599609375
endloop
endfacet
facet normal 0.0 0.0 -1.0
outer loop
vertex 257.2267150878906 137.0 373.3520202636719
vertex 257.2267150878906 146.0 373.3520202636719
vertex 263.9587097167969 112.0 373.3520202636719
endloop
endfacet
facet normal -0.0 1.0 0.0
outer loop
vertex 257.2267150878906 146.0 373.3520202636719
vertex 258.2835388183594 146.0 375.339599609375
vertex 263.9587097167969 146.0 373.3520202636719
endloop
endfacet
facet normal 0.8829475396532144 0.0 -0.46947166285126896
outer loop
vertex 258.2835388183594 146.0 375.339599609375
vertex 258.2835388183594 149.0 375.339599609375
vertex 263.60723876953125 146.0 385.3520202636719
endloop
endfacet
facet normal 0.9992960183442651 0.0 -0.037516232770603807
outer loop
vertex 265.9587097167969 7.0 387.3520202636719
vertex 265.7163391113281 115.0 380.8961486816406
vertex 265.9587097167969 115.0 387.3520202636719
endloop
endfacet
facet normal 0.9999999999999999 0.0 -0.0
outer loop
vertex 263.9587097167969 112.0 373.3520202636719
vertex 263.9587097167969 115.0 380.8961486816406
vertex 263.9587097167969 112.0 380.8961486816406
endloop
endfacet
facet normal 1.0 0.0 -0.0
outer loop
vertex 263.9587097167969 112.0 373.3520202636719
vertex 263.9587097167969 146.0 373.3520202636719
vertex 263.9587097167969 115.0 380.8961486816406
endloop
endfacet
facet normal 0.0 0.0 -1.0
outer loop
vertex 263.9587097167969 112.0 380.8961486816406
vertex 263.9587097167969 115.0 380.8961486816406
vertex 265.7163391113281 115.0 380.8961486816406
endloop
endfacet
facet normal -0.0 1.0 0.0
outer loop
vertex 263.9587097167969 115.0 380.8961486816406
vertex 263.9587097167969 115.0 385.3520202636719
vertex 265.7163391113281 115.0 380.8961486816406
endloop
endfacet
facet normal 0.0 0.9999999999999999 -0.0
outer loop
vertex 265.7163391113281 115.0 380.8961486816406
vertex 263.9587097167969 115.0 385.3520202636719
vertex 265.9587097167969 115.0 387.3520202636719
endloop
endfacet
facet normal 1.0 0.0 -0.0
outer loop
vertex 263.9587097167969 115.0 380.8961486816406
vertex 263.9587097167969 146.0 385.3520202636719
vertex 263.9587097167969 115.0 385.3520202636719
endloop
endfacet
facet normal 0.0 0.0 -1.0
outer loop
vertex 257.2267150878906 146.0 373.3520202636719
vertex 263.9587097167969 146.0 373.3520202636719
vertex 263.9587097167969 112.0 373.3520202636719
endloop
endfacet
facet normal -0.0 1.0 0.0
outer loop
vertex 258.2835388183594 146.0 375.339599609375
vertex 263.60723876953125 146.0 385.3520202636719
vertex 263.9587097167969 146.0 373.3520202636719
endloop
endfacet
facet normal 0.8829469684735286 -4.598738404615455e-06 -0.4694727370596268
outer loop
vertex 258.2835388183594 149.0 375.339599609375
vertex 266.48785400390625 149.0 390.7696228027344
vertex 263.60723876953125 146.0 385.3520202636719
endloop
endfacet
facet normal 1.0 -0.0 0.0
outer loop
vertex 263.9587097167969 115.0 380.8961486816406
vertex 263.9587097167969 146.0 373.3520202636719
vertex 263.9587097167969 146.0 385.3520202636719
endloop
endfacet
facet normal 0.0 -0.0 1.0
outer loop
vertex 263.9587097167969 115.0 385.3520202636719
vertex 263.9587097167969 146.0 385.3520202636719
vertex 263.60723876953125 137.0 385.3520202636719
endloop
endfacet
facet normal 0.0 1.0 -0.0
outer loop
vertex 263.9587097167969 146.0 373.3520202636719
vertex 263.60723876953125 146.0 385.3520202636719
vertex 263.9587097167969 146.0 385.3520202636719
endloop
endfacet
facet normal 0.0 -0.0 1.0
outer loop
vertex 263.60723876953125 137.0 385.3520202636719
vertex 263.9587097167969 146.0 385.3520202636719
vertex 263.60723876953125 146.0 385.3520202636719
endloop
endfacet
facet normal -0.0 1.0 0.0
outer loop
vertex 229.95872497558594 115.0 387.3520202636719
vertex 265.9587097167969 115.0 387.3520202636719
vertex 263.9587097167969 115.0 385.3520202636719
endloop
endfacet
facet normal 0.0 0.9999999999999999 0.0
outer loop
vertex 247.06298828125 149.0 401.0980224609375
vertex 266.48785400390625 149.0 390.7696228027344
vertex 258.2835388183594 149.0 375.339599609375
endloop
endfacet
facet normal 0.4694721065424698 1.8975249668452315e-06 0.8829473037361715
outer loop
vertex 247.06298828125 137.0 401.0980224609375
vertex 266.48785400390625 137.0 390.7696228027344
vertex 250.59478759765625 139.5 399.2201232910156
endloop
endfacet
facet normal 0.0 -1.0 0.0
outer loop
vertex 247.06298828125 137.0 401.0980224609375
vertex 263.60723876953125 137.0 385.3520202636719
vertex 266.48785400390625 137.0 390.7696228027344
endloop
endfacet
facet normal 0.469472270423233 3.2339060634453197e-06 0.8829472165951919
outer loop
vertex 247.06298828125 149.0 401.0980224609375
vertex 262.9560546875 146.5 392.64752197265625
vertex 266.48785400390625 147.73731994628906 390.7696228027344
endloop
endfacet
facet normal 0.4694715081787983 -2.9818286992700045e-06 0.882947621888996
outer loop
vertex 266.48785400390625 137.0 390.7696228027344
vertex 262.9560546875 139.5 392.64752197265625
vertex 250.59478759765625 139.5 399.2201232910156
endloop
endfacet
facet normal 0.46947210654331506 -0.0 0.8829473037377612
outer loop
vertex 247.06298828125 149.0 401.0980224609375
vertex 266.48785400390625 147.73731994628906 390.7696228027344
vertex 266.48785400390625 149.0 390.7696228027344
endloop
endfacet
facet normal 0.4694715081787983 -2.9818286992700045e-06 0.882947621888996
outer loop
vertex 247.06298828125 149.0 401.0980224609375
vertex 250.59478759765625 146.5 399.2201232910156
vertex 262.9560546875 146.5 392.64752197265625
endloop
endfacet
facet normal 0.8829459128856963 0.0 -0.46947472234236864
outer loop
vertex 263.60723876953125 137.0 385.3520202636719
vertex 263.60723876953125 146.0 385.3520202636719
vertex 266.48785400390625 137.0 390.7696228027344
endloop
endfacet
facet normal 0.8829459128856966 0.0 -0.46947472234236876
outer loop
vertex 263.60723876953125 146.0 385.3520202636719
vertex 266.48785400390625 147.73731994628906 390.7696228027344
vertex 266.48785400390625 137.0 390.7696228027344
endloop
endfacet
facet normal 0.8829459128856963 0.0 -0.46947472234236864
outer loop
vertex 263.60723876953125 146.0 385.3520202636719
vertex 266.48785400390625 149.0 390.7696228027344
vertex 266.48785400390625 147.73731994628906 390.7696228027344
endloop
endfacet
facet normal 0.4694731536734254 0.0 0.8829467469671817
outer loop
vertex 266.48785400390625 147.73731994628906 390.7696228027344
vertex 262.9560546875 146.5 392.64752197265625
vertex 262.9560546875 139.5 392.64752197265625
endloop
endfacet
facet normal 0.46947315367342546 -0.0 0.8829467469671817
outer loop
vertex 266.48785400390625 137.0 390.7696228027344
vertex 266.48785400390625 147.73731994628906 390.7696228027344
vertex 262.9560546875 139.5 392.64752197265625
endloop
endfacet
facet normal -0.882947299244217 0.0 0.4694721149944296
outer loop
vertex 255.28948974609375 139.5 408.049560546875
vertex 250.59478759765625 146.5 399.2201232910156
vertex 250.59478759765625 139.5 399.2201232910156
endloop
endfacet
facet normal 0.0 1.0 0.0
outer loop
vertex 254.9315643310547 146.5 398.0467529296875
vertex 262.9560546875 146.5 392.64752197265625
vertex 250.59478759765625 146.5 399.2201232910156
endloop
endfacet
facet normal -0.0 -1.0 -0.0
outer loop
vertex 259.5581970214844 139.5 395.58673095703125
vertex 250.59478759765625 139.5 399.2201232910156
vertex 262.9560546875 139.5 392.64752197265625
endloop
endfacet
facet normal 0.0 1.0 0.0
outer loop
vertex 254.9315643310547 146.5 398.0467529296875
vertex 259.5581970214844 146.5 395.58673095703125
vertex 262.9560546875 146.5 392.64752197265625
endloop
endfacet
facet normal -0.08092704311793836 -0.985030163735436 -0.15220509263335327
outer loop
vertex 259.5581970214844 139.5 395.58673095703125
vertex 260.61773681640625 139.5 395.02337646484375
vertex 260.4971618652344 139.14999389648438 397.3526306152344
endloop
endfacet
facet normal 0.0 -1.0 0.0
outer loop
vertex 259.5581970214844 139.5 395.58673095703125
vertex 262.9560546875 139.5 392.64752197265625
vertex 260.61773681640625 139.5 395.02337646484375
endloop
endfacet
facet normal -0.08093389857679864 -0.9850295596785964 -0.1522053567406584
outer loop
vertex 260.61773681640625 139.5 395.02337646484375
vertex 261.5566711425781 139.14999389648438 396.78924560546875
vertex 260.4971618652344 139.14999389648438 397.3526306152344
endloop
endfacet
facet normal -0.08092704311793836 0.985030163735436 -0.15220509263335327
outer loop
vertex 259.5581970214844 146.5 395.58673095703125
vertex 260.4971618652344 146.85000610351562 397.3526306152344
vertex 260.61773681640625 146.5 395.02337646484375
endloop
endfacet
facet normal 0.0 1.0 0.0
outer loop
vertex 259.5581970214844 146.5 395.58673095703125
vertex 260.61773681640625 146.5 395.02337646484375
vertex 262.9560546875 146.5 392.64752197265625
endloop
endfacet
facet normal -0.08093389857679864 0.9850295596785964 -0.1522053567406584
outer loop
vertex 260.61773681640625 146.5 395.02337646484375
vertex 260.4971618652344 146.85000610351562 397.3526306152344
vertex 261.5566711425781 146.85000610351562 396.78924560546875
endloop
endfacet
facet normal -0.0 -1.0 -0.0
outer loop
vertex 253.8720245361328 139.5 398.6101379394531
vertex 250.59478759765625 139.5 399.2201232910156
vertex 254.9315643310547 139.5 398.0467529296875
endloop
endfacet
facet normal -0.0 -1.0 -0.0
outer loop
vertex 254.9315643310547 139.5 398.0467529296875
vertex 250.59478759765625 139.5 399.2201232910156
vertex 259.5581970214844 139.5 395.58673095703125
endloop
endfacet
facet normal -0.08093208126490742 -0.9850295596844575 -0.15220632302888903
outer loop
vertex 253.8720245361328 139.5 398.6101379394531
vertex 254.9315643310547 139.5 398.0467529296875
vertex 254.8109588623047 139.14999389648438 400.3760070800781
endloop
endfacet
facet normal -0.0 -0.9999999999999999 0.0
outer loop
vertex 253.8720245361328 139.5 398.6101379394531
vertex 258.0972595214844 139.5 406.556640625
vertex 250.59478759765625 139.5 399.2201232910156
endloop
endfacet
facet normal 0.0 1.0 0.0
outer loop
vertex 253.8720245361328 146.5 398.6101379394531
vertex 254.9315643310547 146.5 398.0467529296875
vertex 250.59478759765625 146.5 399.2201232910156
endloop
endfacet
facet normal -0.08093208126490742 0.9850295596844575 -0.15220632302888903
outer loop
vertex 253.8720245361328 146.5 398.6101379394531
vertex 254.8109588623047 146.85000610351562 400.3760070800781
vertex 254.9315643310547 146.5 398.0467529296875
endloop
endfacet
facet normal 0.0 1.0 -0.0
outer loop
vertex 253.8720245361328 146.5 398.6101379394531
vertex 250.59478759765625 146.5 399.2201232910156
vertex 255.28948974609375 146.5 408.049560546875
endloop
endfacet
facet normal -0.080927605607276 -0.9850299540555323 -0.1522061505459922
outer loop
vertex 254.9315643310547 139.5 398.0467529296875
vertex 255.87049865722656 139.14999389648438 399.8126525878906
vertex 254.8109588623047 139.14999389648438 400.3760070800781
endloop
endfacet
facet normal -0.8829473828484101 -1.018142606823084e-05 0.4694719576476126
outer loop
vertex 253.8720245361328 139.5 398.6101379394531
vertex 254.8109588623047 139.14999389648438 400.3760070800781
vertex 258.0972595214844 139.5 406.556640625
endloop
endfacet
facet normal 0.0 -1.0 0.0
outer loop
vertex 254.8109588623047 139.14999389648438 400.3760070800781
vertex 255.87049865722656 139.14999389648438 399.8126525878906
vertex 257.6278076171875 139.14999389648438 405.6737060546875
endloop
endfacet
facet normal 0.8829481300408749 -2.1656124355261566e-05 -0.4694705519927042
outer loop
vertex 254.9315643310547 139.5 398.0467529296875
vertex 259.15679931640625 139.5 405.9932861328125
vertex 255.87049865722656 139.14999389648438 399.8126525878906
endloop
endfacet
facet normal -0.080927605607276 0.9850299540555323 -0.1522061505459922
outer loop
vertex 254.9315643310547 146.5 398.0467529296875
vertex 254.8109588623047 146.85000610351562 400.3760070800781
vertex 255.87049865722656 146.85000610351562 399.8126525878906
endloop
endfacet
facet normal -0.8829473828484101 1.018142606823084e-05 0.4694719576476126
outer loop
vertex 253.8720245361328 146.5 398.6101379394531
vertex 258.0972595214844 146.5 406.556640625
vertex 254.8109588623047 146.85000610351562 400.3760070800781
endloop
endfacet
facet normal -0.0 1.0 0.0
outer loop
vertex 254.8109588623047 146.85000610351562 400.3760070800781
vertex 257.6278076171875 146.85000610351562 405.6737060546875
vertex 255.87049865722656 146.85000610351562 399.8126525878906
endloop
endfacet
facet normal 0.8829481300408749 2.1656124355261566e-05 -0.4694705519927042
outer loop
vertex 254.9315643310547 146.5 398.0467529296875
vertex 255.87049865722656 146.85000610351562 399.8126525878906
vertex 259.15679931640625 146.5 405.9932861328125
endloop
endfacet
facet normal 0.0 -1.0 -0.0
outer loop
vertex 255.28948974609375 139.5 408.049560546875
vertex 250.59478759765625 139.5 399.2201232910156
vertex 258.0972595214844 139.5 406.556640625
endloop
endfacet
facet normal -0.882947299244217 0.0 0.4694721149944296
outer loop
vertex 255.28948974609375 139.5 408.049560546875
vertex 255.28948974609375 146.5 408.049560546875
vertex 250.59478759765625 146.5 399.2201232910156
endloop
endfacet
facet normal -0.8829467463130541 -3.849275204085161e-05 0.4694731533256182
outer loop
vertex 254.8109588623047 139.14999389648438 400.3760070800781
vertex 257.6278076171875 139.14999389648438 405.6737060546875
vertex 258.5667419433594 139.5 407.4396057128906
endloop
endfacet
facet normal -0.8829469471776409 -2.872754930027078e-05 0.46947277625482414
outer loop
vertex 254.8109588623047 139.14999389648438 400.3760070800781
vertex 258.5667419433594 139.5 407.4396057128906
vertex 258.0972595214844 139.5 406.556640625
endloop
endfacet
facet normal 0.17435150230557514 -0.928481857281321 0.32790699038480053
outer loop
vertex 255.28948974609375 139.5 408.049560546875
vertex 258.0972595214844 139.5 406.556640625
vertex 258.2146301269531 139.60000610351562 406.77740478515625
endloop
endfacet
facet normal -0.0 1.0 0.0
outer loop
vertex 253.8720245361328 146.5 398.6101379394531
vertex 255.28948974609375 146.5 408.049560546875
vertex 258.0972595214844 146.5 406.556640625
endloop
endfacet
facet normal -0.8829469471776409 2.872754930027078e-05 0.46947277625482414
outer loop
vertex 254.8109588623047 146.85000610351562 400.3760070800781
vertex 258.0972595214844 146.5 406.556640625
vertex 258.5667419433594 146.5 407.4396057128906
endloop
endfacet
facet normal -0.8829467463130541 3.849275204085161e-05 0.4694731533256182
outer loop
vertex 254.8109588623047 146.85000610351562 400.3760070800781
vertex 258.5667419433594 146.5 407.4396057128906
vertex 257.6278076171875 146.85000610351562 405.6737060546875
endloop
endfacet
facet normal -0.6454410140053425 0.0 0.7638101187073626
outer loop
vertex 255.28948974609375 139.5 408.049560546875
vertex 256.9347839355469 145.6999969482422 409.43988037109375
vertex 255.28948974609375 146.5 408.049560546875
endloop
endfacet
facet normal -0.6454410140053424 0.0 0.7638101187073626
outer loop
vertex 255.28948974609375 139.5 408.049560546875
vertex 256.9347839355469 140.3000030517578 409.43988037109375
vertex 256.9347839355469 145.6999969482422 409.43988037109375
endloop
endfacet
facet normal 0.17435150230557514 0.928481857281321 0.32790699038480053
outer loop
vertex 255.28948974609375 146.5 408.049560546875
vertex 258.2146301269531 146.39999389648438 406.77740478515625
vertex 258.0972595214844 146.5 406.556640625
endloop
endfacet
facet normal 0.17435725181234504 0.9284759444403399 0.32792067537144587
outer loop
vertex 255.28948974609375 146.5 408.049560546875
vertex 256.9347839355469 145.6999969482422 409.43988037109375
vertex 258.2146301269531 146.39999389648438 406.77740478515625
endloop
endfacet
facet normal 0.0 -1.0 0.0
outer loop
vertex 254.9315643310547 139.5 398.0467529296875
vertex 263.783447265625 139.5 403.5332336425781
vertex 259.15679931640625 139.5 405.9932861328125
endloop
endfacet
facet normal -0.0 1.0 0.0
outer loop
vertex 254.9315643310547 146.5 398.0467529296875
vertex 259.15679931640625 146.5 405.9932861328125
vertex 259.5581970214844 146.5 395.58673095703125
endloop
endfacet
facet normal 0.0 -1.0 0.0
outer loop
vertex 254.9315643310547 139.5 398.0467529296875
vertex 259.5581970214844 139.5 395.58673095703125
vertex 263.783447265625 139.5 403.5332336425781
endloop
endfacet
facet normal -0.8829466794805989 -3.767896299812719e-05 0.46947327908463565
outer loop
vertex 259.5581970214844 139.5 395.58673095703125
vertex 260.4971618652344 139.14999389648438 397.3526306152344
vertex 263.783447265625 139.5 403.5332336425781
endloop
endfacet
facet normal -0.8829466794805989 3.767896299812719e-05 0.46947327908463565
outer loop
vertex 259.5581970214844 146.5 395.58673095703125
vertex 263.783447265625 146.5 403.5332336425781
vertex 260.4971618652344 146.85000610351562 397.3526306152344
endloop
endfacet
facet normal -0.0 1.0 -0.0
outer loop
vertex 259.5581970214844 146.5 395.58673095703125
vertex 259.15679931640625 146.5 405.9932861328125
vertex 263.783447265625 146.5 403.5332336425781
endloop
endfacet
facet normal 0.0 -1.0 0.0
outer loop
vertex 255.87049865722656 139.14999389648438 399.8126525878906
vertex 258.6873474121094 139.14999389648438 405.1103515625
vertex 257.6278076171875 139.14999389648438 405.6737060546875
endloop
endfacet
facet normal 0.8829467469645504 -2.4413445103976935e-06 -0.46947315367202636
outer loop
vertex 255.87049865722656 139.14999389648438 399.8126525878906
vertex 259.62628173828125 139.5 406.876220703125
vertex 258.6873474121094 139.14999389648438 405.1103515625
endloop
endfacet
facet normal 0.882940177311634 0.00031526782222738225 -0.46948540328225413
outer loop
vertex 255.87049865722656 139.14999389648438 399.8126525878906
vertex 259.15679931640625 139.5 405.9932861328125
vertex 259.62628173828125 139.5 406.876220703125
endloop
endfacet
facet normal 0.080927605607276 -0.9850299540555323 0.1522061505459922
outer loop
vertex 257.6278076171875 139.14999389648438 405.6737060546875
vertex 258.6873474121094 139.14999389648438 405.1103515625
vertex 258.5667419433594 139.5 407.4396057128906
endloop
endfacet
facet normal 0.8829402211910267 0.0 -0.4694854266142249
outer loop
vertex 259.15679931640625 139.5 405.9932861328125
vertex 259.274169921875 139.60000610351562 406.2140197753906
vertex 259.62628173828125 139.5 406.876220703125
endloop
endfacet
facet normal -0.8829469424452061 -0.00010744723231733345 0.4694727737385356
outer loop
vertex 258.0972595214844 139.5 406.556640625
vertex 258.5667419433594 139.5 407.4396057128906
vertex 258.2146301269531 139.60000610351562 406.77740478515625
endloop
endfacet
facet normal -0.0 0.9999999999999999 0.0
outer loop
vertex 258.2146301269531 139.60000610351562 406.77740478515625
vertex 258.5667419433594 139.60000610351562 407.4396057128906
vertex 259.274169921875 139.60000610351562 406.2140197753906
endloop
endfacet
facet normal -0.8829402211910268 0.0 0.46948542661422493
outer loop
vertex 258.2146301269531 139.60000610351562 406.77740478515625
vertex 258.5667419433594 139.5 407.4396057128906
vertex 258.5667419433594 139.60000610351562 407.4396057128906
endloop
endfacet
facet normal 0.08093208126490742 -0.9850295596844575 0.15220632302888903
outer loop
vertex 258.6873474121094 139.14999389648438 405.1103515625
vertex 259.62628173828125 139.5 406.876220703125
vertex 258.5667419433594 139.5 407.4396057128906
endloop
endfacet
facet normal 0.0 0.9999999999999999 0.0
outer loop
vertex 258.5667419433594 139.60000610351562 407.4396057128906
vertex 259.62628173828125 139.60000610351562 406.876220703125
vertex 259.274169921875 139.60000610351562 406.2140197753906
endloop
endfacet
facet normal 0.46948306661257094 -0.0 0.8829414760696522
outer loop
vertex 258.5667419433594 139.5 407.4396057128906
vertex 259.62628173828125 139.5 406.876220703125
vertex 259.62628173828125 139.60000610351562 406.876220703125
endloop
endfacet
facet normal 0.46948306661257094 0.0 0.8829414760696522
outer loop
vertex 258.5667419433594 139.5 407.4396057128906
vertex 259.62628173828125 139.60000610351562 406.876220703125
vertex 258.5667419433594 139.60000610351562 407.4396057128906
endloop
endfacet
facet normal -0.0 1.0 0.0
outer loop
vertex 255.87049865722656 146.85000610351562 399.8126525878906
vertex 257.6278076171875 146.85000610351562 405.6737060546875
vertex 258.6873474121094 146.85000610351562 405.1103515625
endloop
endfacet
facet normal 0.882940177311634 -0.00031526782222738225 -0.46948540328225413
outer loop
vertex 255.87049865722656 146.85000610351562 399.8126525878906
vertex 259.62628173828125 146.5 406.876220703125
vertex 259.15679931640625 146.5 405.9932861328125
endloop
endfacet
facet normal 0.8829467469645504 2.4413445103976935e-06 -0.46947315367202636
outer loop
vertex 255.87049865722656 146.85000610351562 399.8126525878906
vertex 258.6873474121094 146.85000610351562 405.1103515625
vertex 259.62628173828125 146.5 406.876220703125
endloop
endfacet
facet normal 0.080927605607276 0.9850299540555323 0.1522061505459922
outer loop
vertex 257.6278076171875 146.85000610351562 405.6737060546875
vertex 258.5667419433594 146.5 407.4396057128906
vertex 258.6873474121094 146.85000610351562 405.1103515625
endloop
endfacet
facet normal 0.8829402211910267 0.0 -0.4694854266142249
outer loop
vertex 259.15679931640625 146.5 405.9932861328125
vertex 259.62628173828125 146.5 406.876220703125
vertex 259.274169921875 146.39999389648438 406.2140197753906
endloop
endfacet
facet normal -0.8829469424452061 0.00010744723231733345 0.4694727737385356
outer loop
vertex 258.0972595214844 146.5 406.556640625
vertex 258.2146301269531 146.39999389648438 406.77740478515625
vertex 258.5667419433594 146.5 407.4396057128906
endloop
endfacet
facet normal 0.17436578764130004 0.9284731516286142 0.32792404426186533
outer loop
vertex 256.9347839355469 145.6999969482422 409.43988037109375
vertex 259.274169921875 146.39999389648438 406.2140197753906
vertex 258.2146301269531 146.39999389648438 406.77740478515625
endloop
endfacet
facet normal 0.0 -0.9999999999999999 0.0
outer loop
vertex 258.2146301269531 146.39999389648438 406.77740478515625
vertex 259.62628173828125 146.39999389648438 406.876220703125
vertex 258.5667419433594 146.39999389648438 407.4396057128906
endloop
endfacet
facet normal -0.8829402211910268 0.0 0.46948542661422493
outer loop
vertex 258.2146301269531 146.39999389648438 406.77740478515625
vertex 258.5667419433594 146.39999389648438 407.4396057128906
vertex 258.5667419433594 146.5 407.4396057128906
endloop
endfacet
facet normal 0.08093208126490742 0.9850295596844575 0.15220632302888903
outer loop
vertex 258.6873474121094 146.85000610351562 405.1103515625
vertex 258.5667419433594 146.5 407.4396057128906
vertex 259.62628173828125 146.5 406.876220703125
endloop
endfacet
facet normal 0.0 -0.9999999999999999 0.0
outer loop
vertex 258.2146301269531 146.39999389648438 406.77740478515625
vertex 259.274169921875 146.39999389648438 406.2140197753906
vertex 259.62628173828125 146.39999389648438 406.876220703125
endloop
endfacet
facet normal 0.46948306661257094 -0.0 0.8829414760696522
outer loop
vertex 258.5667419433594 146.5 407.4396057128906
vertex 259.62628173828125 146.39999389648438 406.876220703125
vertex 259.62628173828125 146.5 406.876220703125
endloop
endfacet
facet normal 0.46948306661257094 0.0 0.8829414760696522
outer loop
vertex 258.5667419433594 146.39999389648438 407.4396057128906
vertex 259.62628173828125 146.39999389648438 406.876220703125
vertex 258.5667419433594 146.5 407.4396057128906
endloop
endfacet
facet normal 0.17436692371858667 -0.9284680544970347 0.32793787169433136
outer loop
vertex 259.15679931640625 139.5 405.9932861328125
vertex 263.90081787109375 139.60000610351562 403.7539978027344
vertex 259.274169921875 139.60000610351562 406.2140197753906
endloop
endfacet
facet normal 0.8829402211910268 0.0 -0.46948542661422493
outer loop
vertex 259.274169921875 139.60000610351562 406.2140197753906
vertex 259.62628173828125 139.60000610351562 406.876220703125
vertex 259.62628173828125 139.5 406.876220703125
endloop
endfacet
facet normal 0.17436158967040077 -0.9284714831635517 0.32793100036392614
outer loop
vertex 255.28948974609375 139.5 408.049560546875
vertex 258.2146301269531 139.60000610351562 406.77740478515625
vertex 267.8833312988281 140.3000030517578 403.6184387207031
endloop
endfacet
facet normal 0.17436861004290394 0.9284680545068347 0.32793697503026253
outer loop
vertex 259.15679931640625 146.5 405.9932861328125
vertex 259.274169921875 146.39999389648438 406.2140197753906
vertex 263.783447265625 146.5 403.5332336425781
endloop
endfacet
facet normal 0.1743579756682993 -0.928476082905738 0.3279198984399545
outer loop
vertex 255.28948974609375 139.5 408.049560546875
vertex 267.8833312988281 140.3000030517578 403.6184387207031
vertex 256.9347839355469 140.3000030517578 409.43988037109375
endloop
endfacet
facet normal 0.8829402211910268 0.0 -0.46948542661422493
outer loop
vertex 259.274169921875 146.39999389648438 406.2140197753906
vertex 259.62628173828125 146.5 406.876220703125
vertex 259.62628173828125 146.39999389648438 406.876220703125
endloop
endfacet
facet normal 0.17435639752643556 0.9284770233623416 0.32791807472264967
outer loop
vertex 256.9347839355469 145.6999969482422 409.43988037109375
vertex 263.90081787109375 146.39999389648438 403.7539978027344
vertex 259.274169921875 146.39999389648438 406.2140197753906
endloop
endfacet
facet normal 0.4694712958583191 0.0 0.8829477347867826
outer loop
vertex 256.9347839355469 140.3000030517578 409.43988037109375
vertex 267.8833312988281 140.3000030517578 403.6184387207031
vertex 256.9347839355469 145.6999969482422 409.43988037109375
endloop
endfacet
facet normal 0.0 -1.0 0.0
outer loop
vertex 260.61773681640625 139.5 395.02337646484375
vertex 262.9560546875 139.5 392.64752197265625
vertex 267.6507568359375 139.5 401.4769592285156
endloop
endfacet
facet normal 0.882947299244217 0.0 -0.4694721149944296
outer loop
vertex 267.6507568359375 146.5 401.4769592285156
vertex 262.9560546875 139.5 392.64752197265625
vertex 262.9560546875 146.5 392.64752197265625
endloop
endfacet
facet normal -0.0 1.0 0.0
outer loop
vertex 260.61773681640625 146.5 395.02337646484375
vertex 267.6507568359375 146.5 401.4769592285156
vertex 262.9560546875 146.5 392.64752197265625
endloop
endfacet
facet normal 0.882946680106191 1.6275722593759947e-06 -0.46947327941727046
outer loop
vertex 260.61773681640625 139.5 395.02337646484375
vertex 264.8429870605469 139.5 402.9698791503906
vertex 261.5566711425781 139.14999389648438 396.78924560546875
endloop
endfacet
facet normal 0.0 -1.0 0.0
outer loop
vertex 260.4971618652344 139.14999389648438 397.3526306152344
vertex 261.5566711425781 139.14999389648438 396.78924560546875
vertex 263.31396484375 139.14999389648438 402.6502990722656
endloop
endfacet
facet normal 0.0 -1.0 0.0
outer loop
vertex 261.5566711425781 139.14999389648438 396.78924560546875
vertex 264.3735046386719 139.14999389648438 402.0869445800781
vertex 263.31396484375 139.14999389648438 402.6502990722656
endloop
endfacet
facet normal -0.8829487866939839 6.334109474389356e-05 0.46946931322880636
outer loop
vertex 260.4971618652344 139.14999389648438 397.3526306152344
vertex 263.31396484375 139.14999389648438 402.6502990722656
vertex 264.2529296875 139.5 404.41619873046875
endloop
endfacet
facet normal -0.882946947236933 -2.6286246427678683e-05 0.4694727762863505
outer loop
vertex 260.4971618652344 139.14999389648438 397.3526306152344
vertex 264.2529296875 139.5 404.41619873046875
vertex 263.783447265625 139.5 403.5332336425781
endloop
endfacet
facet normal 0.882946680106191 -1.6275722593759947e-06 -0.46947327941727046
outer loop
vertex 260.61773681640625 146.5 395.02337646484375
vertex 261.5566711425781 146.85000610351562 396.78924560546875
vertex 264.8429870605469 146.5 402.9698791503906
endloop
endfacet
facet normal -0.0 1.0 0.0
outer loop
vertex 260.4971618652344 146.85000610351562 397.3526306152344
vertex 263.31396484375 146.85000610351562 402.6502990722656
vertex 261.5566711425781 146.85000610351562 396.78924560546875
endloop
endfacet
facet normal -0.882946947236933 2.6286246427678683e-05 0.4694727762863505
outer loop
vertex 260.4971618652344 146.85000610351562 397.3526306152344
vertex 263.783447265625 146.5 403.5332336425781
vertex 264.2529296875 146.5 404.41619873046875
endloop
endfacet
facet normal -0.0 1.0 0.0
outer loop
vertex 261.5566711425781 146.85000610351562 396.78924560546875
vertex 263.31396484375 146.85000610351562 402.6502990722656
vertex 264.3735046386719 146.85000610351562 402.0869445800781
endloop
endfacet
facet normal -0.8829487866939839 -6.334109474389356e-05 0.46946931322880636
outer loop
vertex 260.4971618652344 146.85000610351562 397.3526306152344
vertex 264.2529296875 146.5 404.41619873046875
vertex 263.31396484375 146.85000610351562 402.6502990722656
endloop
endfacet
facet normal 0.0 -1.0 0.0
outer loop
vertex 260.61773681640625 139.5 395.02337646484375
vertex 267.6507568359375 139.5 401.4769592285156
vertex 264.8429870605469 139.5 402.9698791503906
endloop
endfacet
facet normal 0.8829477999779862 -5.132373063492814e-05 -0.46947117044596953
outer loop
vertex 261.5566711425781 139.14999389648438 396.78924560546875
vertex 265.3124694824219 139.5 403.85284423828125
vertex 264.3735046386719 139.14999389648438 402.0869445800781
endloop
endfacet
facet normal 0.882946947499878 -9.765211500993022e-06 -0.46947277642616125
outer loop
vertex 261.5566711425781 139.14999389648438 396.78924560546875
vertex 264.8429870605469 139.5 402.9698791503906
vertex 265.3124694824219 139.5 403.85284423828125
endloop
endfacet
facet normal 0.08092704311793836 -0.985030163735436 0.15220509263335327
outer loop
vertex 263.31396484375 139.14999389648438 402.6502990722656
vertex 264.3735046386719 139.14999389648438 402.0869445800781
vertex 264.2529296875 139.5 404.41619873046875
endloop
endfacet
facet normal 0.8829469469756689 -3.581574428955091e-05 -0.4694727761474334
outer loop
vertex 264.8429870605469 139.5 402.9698791503906
vertex 264.9603576660156 139.60000610351562 403.19061279296875
vertex 265.3124694824219 139.5 403.85284423828125
endloop
endfacet
facet normal -0.0 1.0 0.0
outer loop
vertex 260.61773681640625 146.5 395.02337646484375
vertex 264.8429870605469 146.5 402.9698791503906
vertex 267.6507568359375 146.5 401.4769592285156
endloop
endfacet
facet normal 0.882946947499878 9.765211500993022e-06 -0.46947277642616125
outer loop
vertex 261.5566711425781 146.85000610351562 396.78924560546875
vertex 265.3124694824219 146.5 403.85284423828125
vertex 264.8429870605469 146.5 402.9698791503906
endloop
endfacet
facet normal 0.8829477999779862 5.132373063492814e-05 -0.46947117044596953
outer loop
vertex 261.5566711425781 146.85000610351562 396.78924560546875
vertex 264.3735046386719 146.85000610351562 402.0869445800781
vertex 265.3124694824219 146.5 403.85284423828125
endloop
endfacet
facet normal 0.08092704311793836 0.985030163735436 0.15220509263335327
outer loop
vertex 263.31396484375 146.85000610351562 402.6502990722656
vertex 264.2529296875 146.5 404.41619873046875
vertex 264.3735046386719 146.85000610351562 402.0869445800781
endloop
endfacet
facet normal 0.8829469469756689 3.581574428955091e-05 -0.4694727761474334
outer loop
vertex 264.9603576660156 146.39999389648438 403.19061279296875
vertex 264.8429870605469 146.5 402.9698791503906
vertex 265.3124694824219 146.5 403.85284423828125
endloop
endfacet
facet normal 0.17435241015184066 -0.9284818572658591 0.32790650771581986
outer loop
vertex 259.15679931640625 139.5 405.9932861328125
vertex 263.783447265625 139.5 403.5332336425781
vertex 263.90081787109375 139.60000610351562 403.7539978027344
endloop
endfacet
facet normal 0.17435158936490178 -0.9284852483360069 0.3278973420269772
outer loop
vertex 258.2146301269531 139.60000610351562 406.77740478515625
vertex 259.274169921875 139.60000610351562 406.2140197753906
vertex 267.8833312988281 140.3000030517578 403.6184387207031
endloop
endfacet
facet normal 0.1743507239399028 0.9284818572937962 0.327907404213285
outer loop
vertex 259.274169921875 146.39999389648438 406.2140197753906
vertex 263.90081787109375 146.39999389648438 403.7539978027344
vertex 263.783447265625 146.5 403.5332336425781
endloop
endfacet
facet normal 0.174372439330194 0.9284674841016056 0.32793655387600923
outer loop
vertex 256.9347839355469 145.6999969482422 409.43988037109375
vertex 264.9603576660156 146.39999389648438 403.19061279296875
vertex 263.90081787109375 146.39999389648438 403.7539978027344
endloop
endfacet
facet normal 0.17434638250018414 0.9284835599909637 0.3279048912956409
outer loop
vertex 256.9347839355469 145.6999969482422 409.43988037109375
vertex 267.6507568359375 146.5 401.4769592285156
vertex 264.9603576660156 146.39999389648438 403.19061279296875
endloop
endfacet
facet normal -0.8829469424452061 -0.00010744723231733345 0.4694727737385356
outer loop
vertex 263.783447265625 139.5 403.5332336425781
vertex 264.2529296875 139.5 404.41619873046875
vertex 263.90081787109375 139.60000610351562 403.7539978027344
endloop
endfacet
facet normal -0.8829402211910268 0.0 0.46948542661422493
outer loop
vertex 263.90081787109375 139.60000610351562 403.7539978027344
vertex 264.2529296875 139.5 404.41619873046875
vertex 264.2529296875 139.60000610351562 404.41619873046875
endloop
endfacet
facet normal -0.0 0.9999999999999999 0.0
outer loop
vertex 263.90081787109375 139.60000610351562 403.7539978027344
vertex 264.2529296875 139.60000610351562 404.41619873046875
vertex 264.9603576660156 139.60000610351562 403.19061279296875
endloop
endfacet
facet normal 0.08092704311793836 -0.985030163735436 0.15220509263335327
outer loop
vertex 264.3735046386719 139.14999389648438 402.0869445800781
vertex 265.3124694824219 139.5 403.85284423828125
vertex 264.2529296875 139.5 404.41619873046875
endloop
endfacet
facet normal 0.4694632405567484 0.0 0.882952017816346
outer loop
vertex 264.2529296875 139.5 404.41619873046875
vertex 265.3124694824219 139.60000610351562 403.85284423828125
vertex 264.2529296875 139.60000610351562 404.41619873046875
endloop
endfacet
facet normal 0.0 1.0 0.0
outer loop
vertex 264.2529296875 139.60000610351562 404.41619873046875
vertex 265.3124694824219 139.60000610351562 403.85284423828125
vertex 264.9603576660156 139.60000610351562 403.19061279296875
endloop
endfacet
facet normal 0.882949189538135 0.0 -0.46946855985672814
outer loop
vertex 264.9603576660156 139.60000610351562 403.19061279296875
vertex 265.3124694824219 139.60000610351562 403.85284423828125
vertex 265.3124694824219 139.5 403.85284423828125
endloop
endfacet
facet normal 0.4694632405567484 -0.0 0.882952017816346
outer loop
vertex 264.2529296875 139.5 404.41619873046875
vertex 265.3124694824219 139.5 403.85284423828125
vertex 265.3124694824219 139.60000610351562 403.85284423828125
endloop
endfacet
facet normal 0.17435793816694006 -0.9284757106954283 0.3279209722582448
outer loop
vertex 259.274169921875 139.60000610351562 406.2140197753906
vertex 263.90081787109375 139.60000610351562 403.7539978027344
vertex 267.8833312988281 140.3000030517578 403.6184387207031
endloop
endfacet
facet normal 0.4694712958583191 -0.0 0.8829477347867826
outer loop
vertex 256.9347839355469 145.6999969482422 409.43988037109375
vertex 267.8833312988281 140.3000030517578 403.6184387207031
vertex 267.8833312988281 145.6999969482422 403.6184387207031
endloop
endfacet
facet normal -0.8829469424452061 0.00010744723231733345 0.4694727737385356
outer loop
vertex 263.90081787109375 146.39999389648438 403.7539978027344
vertex 264.2529296875 146.5 404.41619873046875
vertex 263.783447265625 146.5 403.5332336425781
endloop
endfacet
facet normal -0.8829402211910268 0.0 0.46948542661422493
outer loop
vertex 263.90081787109375 146.39999389648438 403.7539978027344
vertex 264.2529296875 146.39999389648438 404.41619873046875
vertex 264.2529296875 146.5 404.41619873046875
endloop
endfacet
facet normal 0.17435772265559737 0.928476298479037 0.3279194225919228
outer loop
vertex 256.9347839355469 145.6999969482422 409.43988037109375
vertex 267.8833312988281 145.6999969482422 403.6184387207031
vertex 267.6507568359375 146.5 401.4769592285156
endloop
endfacet
facet normal 0.08092704311793836 0.985030163735436 0.15220509263335327
outer loop
vertex 264.3735046386719 146.85000610351562 402.0869445800781
vertex 264.2529296875 146.5 404.41619873046875
vertex 265.3124694824219 146.5 403.85284423828125
endloop
endfacet
facet normal 0.0 -1.0 0.0
outer loop
vertex 263.90081787109375 146.39999389648438 403.7539978027344
vertex 265.3124694824219 146.39999389648438 403.85284423828125
vertex 264.2529296875 146.39999389648438 404.41619873046875
endloop
endfacet
facet normal 0.4694632405567484 0.0 0.882952017816346
outer loop
vertex 264.2529296875 146.39999389648438 404.41619873046875
vertex 265.3124694824219 146.39999389648438 403.85284423828125
vertex 264.2529296875 146.5 404.41619873046875
endloop
endfacet
facet normal 0.17435824005720696 -0.928479582193396 0.327909849766869
outer loop
vertex 263.90081787109375 139.60000610351562 403.7539978027344
vertex 264.9603576660156 139.60000610351562 403.19061279296875
vertex 267.8833312988281 140.3000030517578 403.6184387207031
endloop
endfacet
facet normal 0.0 -0.9999999999999999 0.0
outer loop
vertex 263.90081787109375 146.39999389648438 403.7539978027344
vertex 264.9603576660156 146.39999389648438 403.19061279296875
vertex 265.3124694824219 146.39999389648438 403.85284423828125
endloop
endfacet
facet normal 0.882949189538135 0.0 -0.46946855985672814
outer loop
vertex 264.9603576660156 146.39999389648438 403.19061279296875
vertex 265.3124694824219 146.5 403.85284423828125
vertex 265.3124694824219 146.39999389648438 403.85284423828125
endloop
endfacet
facet normal 0.4694632405567484 -0.0 0.882952017816346
outer loop
vertex 264.2529296875 146.5 404.41619873046875
vertex 265.3124694824219 146.39999389648438 403.85284423828125
vertex 265.3124694824219 146.5 403.85284423828125
endloop
endfacet
facet normal 0.17436770213613417 -0.9284680545019794 0.3279374577889416
outer loop
vertex 264.8429870605469 139.5 402.9698791503906
vertex 267.6507568359375 139.5 401.4769592285156
vertex 264.9603576660156 139.60000610351562 403.19061279296875
endloop
endfacet
facet normal 0.882947299244217 0.0 -0.4694721149944296
outer loop
vertex 267.6507568359375 139.5 401.4769592285156
vertex 262.9560546875 139.5 392.64752197265625
vertex 267.6507568359375 146.5 401.4769592285156
endloop
endfacet
facet normal 0.17436770213613417 0.9284680545019794 0.3279374577889416
outer loop
vertex 264.9603576660156 146.39999389648438 403.19061279296875
vertex 267.6507568359375 146.5 401.4769592285156
vertex 264.8429870605469 146.5 402.9698791503906
endloop
endfacet
facet normal 0.1743560666040134 -0.9284765171000842 0.3279196841180381
outer loop
vertex 264.9603576660156 139.60000610351562 403.19061279296875
vertex 267.6507568359375 139.5 401.4769592285156
vertex 267.8833312988281 140.3000030517578 403.6184387207031
endloop
endfacet
facet normal 0.9941541863023332 0.0 -0.1079696895315807
outer loop
vertex 267.6507568359375 139.5 401.4769592285156
vertex 267.6507568359375 146.5 401.4769592285156
vertex 267.8833312988281 140.3000030517578 403.6184387207031
endloop
endfacet
facet normal 0.9941541863023332 0.0 -0.1079696895315807
outer loop
vertex 267.8833312988281 140.3000030517578 403.6184387207031
vertex 267.6507568359375 146.5 401.4769592285156
vertex 267.8833312988281 145.6999969482422 403.6184387207031
endloop
endfacet

endsolid
