solid 
facet normal -0.4694664147181824 -2.9470534824609292e-06 -0.8829503301109133
outer loop
vertex 7.636474609375 3.0 12.184722900390625
vertex 6.262786865234375 3.0 12.915115356445312
vertex 11.252166748046875 12.0 10.262222290039062
endloop
endfacet
facet normal -0.46947055905543444 0.0 -0.8829481265511456
outer loop
vertex 6.262786865234375 3.0 12.915115356445312
vertex 6.262786865234375 37.0 12.915115356445312
vertex 11.252166748046875 37.0 10.262222290039062
endloop
endfacet
facet normal -1.0 0.0 0.0
outer loop
vertex 6.262786865234375 3.0 12.915115356445312
vertex 6.262786865234375 3.0 22.262222290039062
vertex 6.262786865234375 34.0 17.806350708007812
endloop
endfacet
facet normal -0.8829475533831069 0.0 0.46947163702910283
outer loop
vertex 7.636474609375 0.0 12.184722900390625
vertex 10.147369384765625 0.0 16.907028198242188
vertex 7.636474609375 2.1320343017578125 12.184722900390625
endloop
endfacet
facet normal -0.8829475533831068 0.0 0.4694716370291028
outer loop
vertex 7.636474609375 2.1320343017578125 12.184722900390625
vertex 10.147369384765625 3.0 16.907028198242188
vertex 7.636474609375 3.0 12.184722900390625
endloop
endfacet
facet normal -0.0 -1.0 0.0
outer loop
vertex 7.636474609375 3.0 12.184722900390625
vertex 10.147369384765625 3.0 16.907028198242188
vertex 6.262786865234375 3.0 12.915115356445312
endloop
endfacet
facet normal 0.0 -1.0 0.0
outer loop
vertex 6.262786865234375 3.0 12.915115356445312
vertex 10.147369384765625 3.0 16.907028198242188
vertex 6.262786865234375 3.0 22.262222290039062
endloop
endfacet
facet normal 0.0 -0.0 1.0
outer loop
vertex 6.262786865234375 3.0 22.262222290039062
vertex 12.994766235351562 12.0 22.262222290039062
vertex 6.262786865234375 34.0 22.262222290039062
endloop
endfacet
facet normal -1.0 0.0 0.0
outer loop
vertex 6.262786865234375 3.0 12.915115356445312
vertex 6.262786865234375 37.0 17.806350708007812
vertex 6.262786865234375 37.0 12.915115356445312
endloop
endfacet
facet normal -1.0 0.0 0.0
outer loop
vertex 6.262786865234375 3.0 12.915115356445312
vertex 6.262786865234375 34.0 17.806350708007812
vertex 6.262786865234375 37.0 17.806350708007812
endloop
endfacet
facet normal 0.0 0.0 -1.0
outer loop
vertex 4.0204010009765625 34.0 17.806350708007812
vertex 6.262786865234375 37.0 17.806350708007812
vertex 6.262786865234375 34.0 17.806350708007812
endloop
endfacet
facet normal -1.0 0.0 0.0
outer loop
vertex 6.262786865234375 3.0 22.262222290039062
vertex 6.262786865234375 34.0 22.262222290039062
vertex 6.262786865234375 34.0 17.806350708007812
endloop
endfacet
facet normal 0.0 -1.0 0.0
outer loop
vertex 4.0204010009765625 34.0 17.806350708007812
vertex 6.262786865234375 34.0 17.806350708007812
vertex 6.262786865234375 34.0 22.262222290039062
endloop
endfacet
facet normal 0.0 -1.0 0.0
outer loop
vertex 4.0204010009765625 34.0 17.806350708007812
vertex 6.262786865234375 34.0 22.262222290039062
vertex 4.262786865234375 34.0 24.262222290039062
endloop
endfacet
facet normal -0.9992959297947198 0.0 0.037518591334246745
outer loop
vertex 4.0204010009765625 34.0 17.806350708007812
vertex 4.262786865234375 34.0 24.262222290039062
vertex 4.262786865234375 142.0 24.262222290039062
endloop
endfacet
facet normal 0.0 0.0 -1.0
outer loop
vertex 4.0204010009765625 34.0 17.806350708007812
vertex 4.0204010009765625 142.0 17.806350708007812
vertex 6.262786865234375 37.0 17.806350708007812
endloop
endfacet
facet normal -0.4694721335791669 0.0 -0.882947289362522
outer loop
vertex 7.636474609375 2.1320343017578125 12.184722900390625
vertex 7.636474609375 3.0 12.184722900390625
vertex 11.252166748046875 12.0 10.262222290039062
endloop
endfacet
facet normal -0.4694715971267609 -0.0 -0.8829475745995617
outer loop
vertex 7.636474609375 2.1320343017578125 12.184722900390625
vertex 10.90338134765625 9.800003051757812 10.447677612304688
vertex 10.90338134765625 2.1999969482421875 10.447677612304688
endloop
endfacet
facet normal -0.46946830127839884 -1.8011639968119658e-06 -0.8829493270236578
outer loop
vertex 7.636474609375 2.1320343017578125 12.184722900390625
vertex 11.252166748046875 12.0 10.262222290039062
vertex 10.90338134765625 9.800003051757812 10.447677612304688
endloop
endfacet
facet normal -0.46947055905543444 -0.0 -0.8829481265511456
outer loop
vertex 6.262786865234375 3.0 12.915115356445312
vertex 11.252166748046875 37.0 10.262222290039062
vertex 11.252166748046875 12.0 10.262222290039062
endloop
endfacet
facet normal -0.4694721408355933 0.0 -0.8829472855042053
outer loop
vertex 7.636474609375 0.0 12.184722900390625
vertex 7.636474609375 2.1320343017578125 12.184722900390625
vertex 27.061309814453125 0.0 1.8563385009765625
endloop
endfacet
facet normal -0.46947198305779514 2.380433357938878e-05 -0.88294736907538
outer loop
vertex 7.636474609375 2.1320343017578125 12.184722900390625
vertex 10.90338134765625 2.1999969482421875 10.447677612304688
vertex 23.794418334960938 2.1999969482421875 3.5933837890625
endloop
endfacet
facet normal 0.0 -1.0 0.0
outer loop
vertex 7.636474609375 0.0 12.184722900390625
vertex 27.061309814453125 0.0 1.8563385009765625
vertex 10.147369384765625 0.0 16.907028198242188
endloop
endfacet
facet normal -0.4694719831905474 -1.0524071267616957e-06 -0.8829473693250502
outer loop
vertex 10.90338134765625 9.800003051757812 10.447677612304688
vertex 11.252166748046875 12.0 10.262222290039062
vertex 23.794418334960938 9.800003051757812 3.5933837890625
endloop
endfacet
facet normal -0.0 1.0 0.0
outer loop
vertex 10.90338134765625 2.1999969482421875 10.447677612304688
vertex 16.677871704101562 2.1999969482421875 21.30792236328125
vertex 23.794418334960938 2.1999969482421875 3.5933837890625
endloop
endfacet
facet normal 0.0 0.0 -1.0
outer loop
vertex 11.252166748046875 12.0 10.262222290039062
vertex 11.252166748046875 37.0 10.262222290039062
vertex 21.512496948242188 12.0 10.262222290039062
endloop
endfacet
facet normal -0.8829475533831068 0.0 0.4694716370291028
outer loop
vertex 7.636474609375 2.1320343017578125 12.184722900390625
vertex 10.147369384765625 0.0 16.907028198242188
vertex 10.147369384765625 3.0 16.907028198242188
endloop
endfacet
facet normal 0.8829477346649475 0.0 -0.46947129608745747
outer loop
vertex 10.90338134765625 2.1999969482421875 10.447677612304688
vertex 10.90338134765625 9.800003051757812 10.447677612304688
vertex 16.677871704101562 9.800003051757812 21.30792236328125
endloop
endfacet
facet normal 0.0 -1.0 0.0
outer loop
vertex 6.262786865234375 3.0 22.262222290039062
vertex 10.147369384765625 3.0 16.907028198242188
vertex 12.994766235351562 3.0 22.262222290039062
endloop
endfacet
facet normal 0.0 0.0 1.0
outer loop
vertex 6.262786865234375 3.0 22.262222290039062
vertex 12.994766235351562 3.0 22.262222290039062
vertex 12.994766235351562 12.0 22.262222290039062
endloop
endfacet
facet normal -0.8829483006620742 0.0 0.4694702315993586
outer loop
vertex 10.147369384765625 0.0 16.907028198242188
vertex 12.994766235351562 3.0 22.262222290039062
vertex 10.147369384765625 3.0 16.907028198242188
endloop
endfacet
facet normal 0.8829477346649475 0.0 -0.46947129608745747
outer loop
vertex 10.90338134765625 2.1999969482421875 10.447677612304688
vertex 16.677871704101562 9.800003051757812 21.30792236328125
vertex 16.677871704101562 2.1999969482421875 21.30792236328125
endloop
endfacet
facet normal 0.0 1.0 0.0
outer loop
vertex 6.262786865234375 37.0 12.915115356445312
vertex 6.262786865234375 37.0 17.806350708007812
vertex 38.262786865234375 37.0 17.806350708007812
endloop
endfacet
facet normal 0.0 -1.0 0.0
outer loop
vertex 4.262786865234375 34.0 24.262222290039062
vertex 6.262786865234375 34.0 22.262222290039062
vertex 40.262786865234375 34.0 24.262222290039062
endloop
endfacet
facet normal 0.0 0.0 -1.0
outer loop
vertex 6.262786865234375 37.0 17.806350708007812
vertex 4.0204010009765625 142.0 17.806350708007812
vertex 38.262786865234375 37.0 17.806350708007812
endloop
endfacet
facet normal -0.8829478871442576 -1.780750285329141e-06 0.4694710093118852
outer loop
vertex 10.147369384765625 0.0 16.907028198242188
vertex 20.445297241210938 0.0 36.27464294433594
vertex 12.994766235351562 3.0 22.262222290039062
endloop
endfacet
facet normal -0.8829477291100243 0.0 0.46947130653475644
outer loop
vertex 12.994766235351562 3.0 22.262222290039062
vertex 20.445297241210938 0.0 36.27464294433594
vertex 12.994766235351562 12.0 22.262222290039062
endloop
endfacet
facet normal -0.9992959297947198 0.0 0.037518591334246745
outer loop
vertex 4.0204010009765625 34.0 17.806350708007812
vertex 4.262786865234375 142.0 24.262222290039062
vertex 4.0204010009765625 142.0 17.806350708007812
endloop
endfacet
facet normal 0.0 -1.0 0.0
outer loop
vertex 0.0 142.0 16.245101928710938
vertex 4.0204010009765625 142.0 17.806350708007812
vertex 4.262786865234375 142.0 24.262222290039062
endloop
endfacet
facet normal -0.8829472114651529 0.0 0.46947228008255243
outer loop
vertex 0.0 142.0 16.245101928710938
vertex 4.262786865234375 142.0 24.262222290039062
vertex 4.262786865234375 144.0 24.262222290039062
endloop
endfacet
facet normal -0.882947211465153 0.0 0.4694722800825525
outer loop
vertex 0.0 142.0 16.245101928710938
vertex 4.262786865234375 144.0 24.262222290039062
vertex 4.262786865234375 156.0 24.262222290039062
endloop
endfacet
facet normal -0.46947135488349584 0.0 -0.8829477034025597
outer loop
vertex 0.0 142.0 16.245101928710938
vertex 0.0 156.0 16.245101928710938
vertex 15.276290893554688 142.0 8.12255859375
endloop
endfacet
facet normal 0.0 -1.0 0.0
outer loop
vertex 0.0 142.0 16.245101928710938
vertex 15.276290893554688 142.0 8.12255859375
vertex 4.0204010009765625 142.0 17.806350708007812
endloop
endfacet
facet normal 0.0 -0.0 0.9999999999999999
outer loop
vertex 4.262786865234375 34.0 24.262222290039062
vertex 20.894241333007812 142.0 24.262222290039062
vertex 4.262786865234375 142.0 24.262222290039062
endloop
endfacet
facet normal -0.9992958617164089 0.0 0.03752040453486171
outer loop
vertex 15.276290893554688 138.0 8.12255859375
vertex 15.5994873046875 142.0 16.730377197265625
vertex 15.276290893554688 142.0 8.12255859375
endloop
endfacet
facet normal -0.46947655335979593 0.0 -0.882944939305621
outer loop
vertex 15.276290893554688 142.0 8.12255859375
vertex 15.276290893554688 156.0 8.12255859375
vertex 16.0313720703125 146.20000004768372 7.7210693359375
endloop
endfacet
facet normal 0.0 -1.0 0.0
outer loop
vertex 4.0204010009765625 142.0 17.806350708007812
vertex 15.276290893554688 142.0 8.12255859375
vertex 15.5994873046875 142.0 16.730377197265625
endloop
endfacet
facet normal 0.0 -0.0 1.0
outer loop
vertex 4.262786865234375 142.0 24.262222290039062
vertex 20.894241333007812 142.0 24.262222290039062
vertex 4.262786865234375 144.0 24.262222290039062
endloop
endfacet
facet normal 0.0 -0.9999999999999999 0.0
outer loop
vertex 4.0204010009765625 142.0 17.806350708007812
vertex 15.5994873046875 142.0 16.730377197265625
vertex 26.266159057617188 142.0 16.730377197265625
endloop
endfacet
facet normal -0.9992958617164089 0.0 0.03752040453486171
outer loop
vertex 15.276290893554688 138.0 8.12255859375
vertex 15.5994873046875 138.0 16.730377197265625
vertex 15.5994873046875 142.0 16.730377197265625
endloop
endfacet
facet normal -0.0 0.0 1.0
outer loop
vertex 4.262786865234375 144.0 24.262222290039062
vertex 20.894241333007812 142.0 24.262222290039062
vertex 21.202224731445312 144.0 24.262222290039062
endloop
endfacet
facet normal 0.0 0.0 1.0
outer loop
vertex 4.262786865234375 144.0 24.262222290039062
vertex 21.202224731445312 144.0 24.262222290039062
vertex 21.202224731445312 154.0 24.262222290039062
endloop
endfacet
facet normal -0.46947191383167614 2.6529176256233526e-06 -0.8829474062004969
outer loop
vertex 7.636474609375 2.1320343017578125 12.184722900390625
vertex 23.794418334960938 2.1999969482421875 3.5933837890625
vertex 27.061309814453125 0.0 1.8563385009765625
endloop
endfacet
facet normal -0.4694721424940487 -2.2173685328152852e-06 -0.8829472846196034
outer loop
vertex 11.252166748046875 12.0 10.262222290039062
vertex 27.061309814453125 12.0 1.8563385009765625
vertex 23.794418334960938 9.800003051757812 3.5933837890625
endloop
endfacet
facet normal -0.0 1.0 0.0
outer loop
vertex 11.252166748046875 12.0 10.262222290039062
vertex 21.512496948242188 12.0 10.262222290039062
vertex 29.15496826171875 12.0 5.7939300537109375
endloop
endfacet
facet normal 0.0 -1.0 0.0
outer loop
vertex 10.90338134765625 9.800003051757812 10.447677612304688
vertex 23.794418334960938 9.800003051757812 3.5933837890625
vertex 29.56890869140625 9.800003051757812 14.453643798828125
endloop
endfacet
facet normal 0.0 1.0 0.0
outer loop
vertex 11.252166748046875 12.0 10.262222290039062
vertex 29.15496826171875 12.0 5.7939300537109375
vertex 27.061309814453125 12.0 1.8563385009765625
endloop
endfacet
facet normal -0.46947330660607184 0.0 -0.8829466656510807
outer loop
vertex 23.794418334960938 2.1999969482421875 3.5933837890625
vertex 23.794418334960938 2.4797515869140625 3.5933837890625
vertex 27.061309814453125 0.0 1.8563385009765625
endloop
endfacet
facet normal -0.4694733066060719 0.0 -0.8829466656510807
outer loop
vertex 23.794418334960938 2.4797515869140625 3.5933837890625
vertex 23.794418334960938 9.800003051757812 3.5933837890625
vertex 27.061309814453125 0.0 1.8563385009765625
endloop
endfacet
facet normal -0.46947330660607184 -0.0 -0.8829466656510806
outer loop
vertex 23.794418334960938 9.800003051757812 3.5933837890625
vertex 27.061309814453125 12.0 1.8563385009765625
vertex 27.061309814453125 0.0 1.8563385009765625
endloop
endfacet
facet normal 0.0 -1.0 0.0
outer loop
vertex 10.147369384765625 0.0 16.907028198242188
vertex 27.061309814453125 0.0 1.8563385009765625
vertex 29.15496826171875 0.0 5.7939300537109375
endloop
endfacet
facet normal -0.8829480080865526 0.0 0.4694707818554731
outer loop
vertex 23.794418334960938 2.1999969482421875 3.5933837890625
vertex 29.56890869140625 2.1999969482421875 14.453643798828125
vertex 23.794418334960938 2.4797515869140625 3.5933837890625
endloop
endfacet
facet normal -0.8829480080865526 0.0 0.4694707818554731
outer loop
vertex 23.794418334960938 2.4797515869140625 3.5933837890625
vertex 29.56890869140625 2.1999969482421875 14.453643798828125
vertex 23.794418334960938 9.800003051757812 3.5933837890625
endloop
endfacet
facet normal 0.0 -0.0 -1.0
outer loop
vertex 11.252166748046875 37.0 10.262222290039062
vertex 38.262786865234375 37.0 10.262222290039062
vertex 21.512496948242188 12.0 10.262222290039062
endloop
endfacet
facet normal 0.0 -1.0 0.0
outer loop
vertex 10.90338134765625 9.800003051757812 10.447677612304688
vertex 29.56890869140625 9.800003051757812 14.453643798828125
vertex 16.677871704101562 9.800003051757812 21.30792236328125
endloop
endfacet
facet normal 0.0 -1.0 0.0
outer loop
vertex 10.147369384765625 0.0 16.907028198242188
vertex 29.15496826171875 0.0 5.7939300537109375
vertex 20.445297241210938 0.0 36.27464294433594
endloop
endfacet
facet normal -0.4694711684171386 0.0 -0.8829478025483991
outer loop
vertex 16.677871704101562 2.1999969482421875 21.30792236328125
vertex 16.677871704101562 9.800003051757812 21.30792236328125
vertex 29.56890869140625 9.800003051757812 14.453643798828125
endloop
endfacet
facet normal -0.0 1.0 0.0
outer loop
vertex 6.262786865234375 37.0 12.915115356445312
vertex 38.262786865234375 37.0 17.806350708007812
vertex 11.252166748046875 37.0 10.262222290039062
endloop
endfacet
facet normal -0.0 0.0 1.0
outer loop
vertex 6.262786865234375 34.0 22.262222290039062
vertex 12.994766235351562 12.0 22.262222290039062
vertex 37.91130065917969 12.0 22.262222290039062
endloop
endfacet
facet normal 0.0 1.0 0.0
outer loop
vertex 16.677871704101562 2.1999969482421875 21.30792236328125
vertex 29.56890869140625 2.1999969482421875 14.453643798828125
vertex 23.794418334960938 2.1999969482421875 3.5933837890625
endloop
endfacet
facet normal -0.4694711684171386 -0.0 -0.8829478025483991
outer loop
vertex 16.677871704101562 2.1999969482421875 21.30792236328125
vertex 29.56890869140625 9.800003051757812 14.453643798828125
vertex 29.56890869140625 2.1999969482421875 14.453643798828125
endloop
endfacet
facet normal 0.8829472321535093 0.0 -0.469472241173487
outer loop
vertex 27.061309814453125 0.0 1.8563385009765625
vertex 27.061309814453125 12.0 1.8563385009765625
vertex 29.15496826171875 0.0 5.7939300537109375
endloop
endfacet
facet normal 0.8829472321535093 0.0 -0.469472241173487
outer loop
vertex 27.061309814453125 12.0 1.8563385009765625
vertex 29.15496826171875 12.0 5.7939300537109375
vertex 29.15496826171875 0.0 5.7939300537109375
endloop
endfacet
facet normal -0.8829480080865526 0.0 0.4694707818554731
outer loop
vertex 23.794418334960938 9.800003051757812 3.5933837890625
vertex 29.56890869140625 2.1999969482421875 14.453643798828125
vertex 29.56890869140625 9.800003051757812 14.453643798828125
endloop
endfacet
facet normal -0.0 1.0 0.0
outer loop
vertex 21.512496948242188 12.0 10.262222290039062
vertex 31.530792236328125 12.0 10.262222290039062
vertex 29.15496826171875 12.0 5.7939300537109375
endloop
endfacet
facet normal 0.8829483424069972 0.0 -0.469470153088283
outer loop
vertex 29.15496826171875 0.0 5.7939300537109375
vertex 29.15496826171875 12.0 5.7939300537109375
vertex 31.530792236328125 3.0 10.262222290039062
endloop
endfacet
facet normal 0.8829483424069973 0.0 -0.46947015308828305
outer loop
vertex 29.15496826171875 12.0 5.7939300537109375
vertex 31.530792236328125 12.0 10.262222290039062
vertex 31.530792236328125 3.0 10.262222290039062
endloop
endfacet
facet normal 0.0 -0.0 -1.0
outer loop
vertex 21.512496948242188 12.0 10.262222290039062
vertex 38.262786865234375 37.0 10.262222290039062
vertex 31.530792236328125 12.0 10.262222290039062
endloop
endfacet
facet normal 0.0 0.0 -1.0
outer loop
vertex 31.530792236328125 3.0 10.262222290039062
vertex 31.530792236328125 12.0 10.262222290039062
vertex 38.262786865234375 3.0 10.262222290039062
endloop
endfacet
facet normal 0.0 -1.0 0.0
outer loop
vertex 29.15496826171875 0.0 5.7939300537109375
vertex 39.45289611816406 0.0 25.161544799804688
vertex 20.445297241210938 0.0 36.27464294433594
endloop
endfacet
facet normal -0.0 1.0 0.0
outer loop
vertex 11.252166748046875 37.0 10.262222290039062
vertex 38.262786865234375 37.0 17.806350708007812
vertex 38.262786865234375 37.0 10.262222290039062
endloop
endfacet
facet normal -0.0 0.0 1.0
outer loop
vertex 6.262786865234375 34.0 22.262222290039062
vertex 37.91130065917969 12.0 22.262222290039062
vertex 38.262786865234375 34.0 22.262222290039062
endloop
endfacet
facet normal 0.0 -1.0 0.0
outer loop
vertex 6.262786865234375 34.0 22.262222290039062
vertex 38.262786865234375 34.0 22.262222290039062
vertex 40.262786865234375 34.0 24.262222290039062
endloop
endfacet
facet normal 0.8829478871444761 1.6358271350545963e-06 -0.46947100931200136
outer loop
vertex 29.15496826171875 0.0 5.7939300537109375
vertex 31.530792236328125 3.0 10.262222290039062
vertex 39.45289611816406 0.0 25.161544799804688
endloop
endfacet
facet normal 0.0 -0.0 1.0
outer loop
vertex 4.262786865234375 34.0 24.262222290039062
vertex 40.262786865234375 34.0 24.262222290039062
vertex 39.608245849609375 142.0 24.262222290039062
endloop
endfacet
facet normal -0.8829477291100242 0.0 0.4694713065347564
outer loop
vertex 12.994766235351562 12.0 22.262222290039062
vertex 20.445297241210938 0.0 36.27464294433594
vertex 20.445297241210938 12.0 36.27464294433594
endloop
endfacet
facet normal -0.0 1.0 0.0
outer loop
vertex 12.994766235351562 12.0 22.262222290039062
vertex 20.445297241210938 12.0 36.27464294433594
vertex 37.91130065917969 12.0 22.262222290039062
endloop
endfacet
facet normal -0.8829472921540759 0.0 0.46947212832902563
outer loop
vertex 20.445297241210938 0.0 36.27464294433594
vertex 30.743240356445312 12.0 55.64222717285156
vertex 20.445297241210938 12.0 36.27464294433594
endloop
endfacet
facet normal 0.0 1.0 0.0
outer loop
vertex 20.445297241210938 12.0 36.27464294433594
vertex 39.45289611816406 12.0 25.161544799804688
vertex 37.91130065917969 12.0 22.262222290039062
endloop
endfacet
facet normal 0.0 -0.9999999999999999 0.0
outer loop
vertex 20.445297241210938 0.0 36.27464294433594
vertex 39.45289611816406 0.0 25.161544799804688
vertex 30.743240356445312 0.0 55.64222717285156
endloop
endfacet
facet normal -0.0 0.9999999999999999 0.0
outer loop
vertex 20.445297241210938 12.0 36.27464294433594
vertex 30.743240356445312 12.0 55.64222717285156
vertex 39.45289611816406 12.0 25.161544799804688
endloop
endfacet
facet normal 0.0 -0.0 1.0
outer loop
vertex 4.262786865234375 34.0 24.262222290039062
vertex 38.85978698730469 142.54561138153076 24.262222290039062
vertex 20.894241333007812 142.0 24.262222290039062
endloop
endfacet
facet normal -0.4694714006168056 4.856645029458339e-07 -0.8829476790856065
outer loop
vertex 15.276290893554688 142.0 8.12255859375
vertex 24.507659912109375 146.20000004768372 3.2141571044921875
vertex 25.73419189453125 142.0 2.5619964599609375
endloop
endfacet
facet normal 0.3510924734193066 -0.9362479901568628 -0.013182413874116472
outer loop
vertex 15.276290893554688 138.0 8.12255859375
vertex 25.73419189453125 142.0 2.5619964599609375
vertex 15.5994873046875 138.0 16.730377197265625
endloop
endfacet
facet normal -0.4694707539920345 -1.3373865937944136e-06 -0.8829480229007606
outer loop
vertex 15.276290893554688 142.0 8.12255859375
vertex 16.0313720703125 146.20000004768372 7.7210693359375
vertex 24.507659912109375 146.20000004768372 3.2141571044921875
endloop
endfacet
facet normal -0.469471400616861 0.0 -0.8829476790857106
outer loop
vertex 15.276290893554688 138.0 8.12255859375
vertex 15.276290893554688 142.0 8.12255859375
vertex 25.73419189453125 142.0 2.5619964599609375
endloop
endfacet
facet normal -0.0 1.0 0.0
outer loop
vertex 16.0313720703125 146.20000004768372 7.7210693359375
vertex 21.805862426757812 146.20000004768372 18.581329345703125
vertex 24.507659912109375 146.20000004768372 3.2141571044921875
endloop
endfacet
facet normal -0.46947269712787465 0.0 -0.8829469897176607
outer loop
vertex 25.73419189453125 142.0 2.5619964599609375
vertex 24.507659912109375 146.20000004768372 3.2141571044921875
vertex 24.507659912109375 151.79999995231628 3.2141571044921875
endloop
endfacet
facet normal 0.3510932799684376 -0.9362476969892962 -0.013181754179291835
outer loop
vertex 15.5994873046875 138.0 16.730377197265625
vertex 25.73419189453125 142.0 2.5619964599609375
vertex 25.862167358398438 142.0 5.9705963134765625
endloop
endfacet
facet normal -0.0 1.0 -0.0
outer loop
vertex 24.507659912109375 146.20000004768372 3.2141571044921875
vertex 21.805862426757812 146.20000004768372 18.581329345703125
vertex 30.28216552734375 146.20000004768372 14.07440185546875
endloop
endfacet
facet normal 0.0 -0.0 1.0
outer loop
vertex 15.5994873046875 138.0 16.730377197265625
vertex 26.266159057617188 142.0 16.730377197265625
vertex 15.5994873046875 142.0 16.730377197265625
endloop
endfacet
facet normal 0.8829480080865525 0.0 -0.46947078185547303
outer loop
vertex 16.0313720703125 146.20000004768372 7.7210693359375
vertex 21.805862426757812 151.79999995231628 18.581329345703125
vertex 21.805862426757812 146.20000004768372 18.581329345703125
endloop
endfacet
facet normal 0.35109278563423535 -0.9362478747955241 -0.013182291775617512
outer loop
vertex 15.5994873046875 138.0 16.730377197265625
vertex 25.862167358398438 142.0 5.9705963134765625
vertex 26.266159057617188 142.0 16.730377197265625
endloop
endfacet
facet normal 0.0 -1.0 0.0
outer loop
vertex 4.0204010009765625 142.0 17.806350708007812
vertex 26.266159057617188 142.0 16.730377197265625
vertex 40.02040100097656 142.0 17.806350708007812
endloop
endfacet
facet normal 0.0 -0.0 -1.0
outer loop
vertex 4.0204010009765625 142.0 17.806350708007812
vertex 40.02040100097656 142.0 17.806350708007812
vertex 38.262786865234375 37.0 17.806350708007812
endloop
endfacet
facet normal 0.0 -0.0 1.0
outer loop
vertex 4.262786865234375 34.0 24.262222290039062
vertex 39.608245849609375 142.0 24.262222290039062
vertex 38.85978698730469 142.54561138153076 24.262222290039062
endloop
endfacet
facet normal -0.46947227641501205 -0.0 -0.8829472134152224
outer loop
vertex 25.73419189453125 142.0 2.5619964599609375
vertex 30.552597045898438 143.8088140487671 0.0
vertex 30.552597045898438 142.0 0.0
endloop
endfacet
facet normal -0.4692174289363801 -0.0008701296781388596 -0.8830822426346691
outer loop
vertex 25.73419189453125 142.0 2.5619964599609375
vertex 30.552581787109375 143.81704235076904 0.0
vertex 30.552597045898438 143.8088140487671 0.0
endloop
endfacet
facet normal -0.46947343545149695 -0.0 -0.8829465971424144
outer loop
vertex 25.73419189453125 142.0 2.5619964599609375
vertex 30.552581787109375 154.18295764923096 0.0
vertex 30.552581787109375 143.81704235076904 0.0
endloop
endfacet
facet normal 0.8829472737315722 0.0 -0.4694721629766605
outer loop
vertex 30.552597045898438 142.0 0.0
vertex 30.552597045898438 143.8088140487671 0.0
vertex 31.003158569335938 144.0 0.847381591796875
endloop
endfacet
facet normal 0.8827887748572673 0.0016370677326977602 -0.46976728174197474
outer loop
vertex 30.552581787109375 143.81704235076904 0.0
vertex 30.886123657226562 143.9592137336731 0.627288818359375
vertex 30.552597045898438 143.8088140487671 0.0
endloop
endfacet
facet normal 0.8829438067585476 0.0 -0.46947868333580856
outer loop
vertex 30.552581787109375 143.81704235076904 0.0
vertex 30.552581787109375 154.18295764923096 0.0
vertex 30.886123657226562 143.9592137336731 0.627288818359375
endloop
endfacet
facet normal -0.8829472204322493 0.0 0.4694722632179296
outer loop
vertex 24.507659912109375 146.20000004768372 3.2141571044921875
vertex 30.28216552734375 146.20000004768372 14.07440185546875
vertex 24.507659912109375 151.79999995231628 3.2141571044921875
endloop
endfacet
facet normal -0.0 -1.0 0.0
outer loop
vertex 25.73419189453125 142.0 2.5619964599609375
vertex 40.02040100097656 142.0 17.806350708007812
vertex 25.862167358398438 142.0 5.9705963134765625
endloop
endfacet
facet normal 0.8828601620449217 0.0009272205347158897 -0.46963504398212724
outer loop
vertex 30.552597045898438 143.8088140487671 0.0
vertex 30.886123657226562 143.9592137336731 0.627288818359375
vertex 31.003158569335938 144.0 0.847381591796875
endloop
endfacet
facet normal 0.351086690132067 -0.9362500371153674 -0.013191058091877197
outer loop
vertex 30.886123657226562 143.9592137336731 0.627288818359375
vertex 30.993515014648438 144.0 0.5907135009765625
vertex 31.003158569335938 144.0 0.847381591796875
endloop
endfacet
facet normal -0.3223945836063324 -0.0 -0.9466053731419971
outer loop
vertex 30.886123657226562 143.9592137336731 0.627288818359375
vertex 30.993515014648438 154.0 0.5907135009765625
vertex 30.993515014648438 144.0 0.5907135009765625
endloop
endfacet
facet normal 0.9992949157251362 0.0 -0.037545591031346894
outer loop
vertex 30.993515014648438 144.0 0.5907135009765625
vertex 31.003158569335938 154.0 0.847381591796875
vertex 31.003158569335938 144.0 0.847381591796875
endloop
endfacet
facet normal 0.0 -1.0 0.0
outer loop
vertex 25.73419189453125 142.0 2.5619964599609375
vertex 30.552597045898438 142.0 0.0
vertex 40.02040100097656 142.0 17.806350708007812
endloop
endfacet
facet normal 0.8829476064215074 -3.400512941180149e-07 -0.46947153727826285
outer loop
vertex 30.552597045898438 142.0 0.0
vertex 31.003158569335938 144.0 0.847381591796875
vertex 40.02040100097656 142.0 17.806350708007812
endloop
endfacet
facet normal 0.8829476230449324 0.0 -0.4694715060142673
outer loop
vertex 31.003158569335938 144.0 0.847381591796875
vertex 31.003158569335938 154.0 0.847381591796875
vertex 40.02040100097656 142.0 17.806350708007812
endloop
endfacet
facet normal -0.46947133426935067 -0.0 -0.8829477143632886
outer loop
vertex 21.805862426757812 146.20000004768372 18.581329345703125
vertex 30.28216552734375 151.79999995231628 14.07440185546875
vertex 30.28216552734375 146.20000004768372 14.07440185546875
endloop
endfacet
facet normal -0.0 -1.0 0.0
outer loop
vertex 25.862167358398438 142.0 5.9705963134765625
vertex 40.02040100097656 142.0 17.806350708007812
vertex 26.266159057617188 142.0 16.730377197265625
endloop
endfacet
facet normal 0.0 -0.0 1.0
outer loop
vertex 20.894241333007812 142.0 24.262222290039062
vertex 39.32334899902344 144.0 24.262222290039062
vertex 21.202224731445312 144.0 24.262222290039062
endloop
endfacet
facet normal 0.0 0.0 1.0
outer loop
vertex 20.894241333007812 142.0 24.262222290039062
vertex 38.85978698730469 142.54561138153076 24.262222290039062
vertex 39.32334899902344 144.0 24.262222290039062
endloop
endfacet
facet normal -0.8829475233349714 0.0 0.46947169354141044
outer loop
vertex 21.202224731445312 144.0 24.262222290039062
vertex 26.7835693359375 144.0 34.75920104980469
vertex 26.7835693359375 154.0 34.75920104980469
endloop
endfacet
facet normal -0.9992959297947199 0.0 0.037518591334246745
outer loop
vertex 17.7509765625 142.0 43.62980651855469
vertex 17.993362426757812 142.0 50.08567810058594
vertex 17.7509765625 154.0 43.62980651855469
endloop
endfacet
facet normal 0.0 0.0 -1.0
outer loop
vertex 17.7509765625 142.0 43.62980651855469
vertex 17.7509765625 154.0 43.62980651855469
vertex 31.500152587890625 144.0 43.62980651855469
endloop
endfacet
facet normal 0.0 -0.9999999999999999 0.0
outer loop
vertex 21.202224731445312 144.0 24.262222290039062
vertex 39.32334899902344 144.0 24.262222290039062
vertex 26.7835693359375 144.0 34.75920104980469
endloop
endfacet
facet normal -0.882947648160479 0.0 0.4694714587787834
outer loop
vertex 26.7835693359375 144.0 34.75920104980469
vertex 31.500152587890625 144.0 43.62980651855469
vertex 26.7835693359375 154.0 34.75920104980469
endloop
endfacet
facet normal 0.0 0.0 -1.0
outer loop
vertex 17.7509765625 142.0 43.62980651855469
vertex 31.500152587890625 144.0 43.62980651855469
vertex 53.7509765625 142.0 43.62980651855469
endloop
endfacet
facet normal -0.8829472921540759 0.0 0.46947212832902563
outer loop
vertex 20.445297241210938 0.0 36.27464294433594
vertex 30.743240356445312 0.0 55.64222717285156
vertex 30.743240356445312 12.0 55.64222717285156
endloop
endfacet
facet normal -0.8829479320943227 0.0 0.4694709247763482
outer loop
vertex 30.743240356445312 0.0 55.64222717285156
vertex 34.07542419433594 3.0 61.90916442871094
vertex 30.743240356445312 12.0 55.64222717285156
endloop
endfacet
facet normal -0.8829479320943225 0.0 0.46947092477634816
outer loop
vertex 30.743240356445312 12.0 55.64222717285156
vertex 34.07542419433594 3.0 61.90916442871094
vertex 34.07542419433594 12.0 61.90916442871094
endloop
endfacet
facet normal 0.0 0.0 -0.9999999999999999
outer loop
vertex 33.72393798828125 3.0 61.90916442871094
vertex 34.07542419433594 12.0 61.90916442871094
vertex 34.07542419433594 3.0 61.90916442871094
endloop
endfacet
facet normal 0.0 -1.0 0.0
outer loop
vertex 33.72393798828125 3.0 61.90916442871094
vertex 34.07542419433594 3.0 61.90916442871094
vertex 33.72393798828125 3.0 73.90916442871094
endloop
endfacet
facet normal 0.0 0.0 -1.0
outer loop
vertex 33.72393798828125 3.0 61.90916442871094
vertex 33.72393798828125 37.0 61.90916442871094
vertex 34.07542419433594 12.0 61.90916442871094
endloop
endfacet
facet normal -1.0 0.0 0.0
outer loop
vertex 33.72393798828125 3.0 61.90916442871094
vertex 33.72393798828125 3.0 73.90916442871094
vertex 33.72393798828125 34.0 69.45329284667969
endloop
endfacet
facet normal -1.0 0.0 0.0
outer loop
vertex 33.72393798828125 3.0 61.90916442871094
vertex 33.72393798828125 34.0 69.45329284667969
vertex 33.72393798828125 37.0 61.90916442871094
endloop
endfacet
facet normal -0.9999999999999999 0.0 0.0
outer loop
vertex 33.72393798828125 37.0 61.90916442871094
vertex 33.72393798828125 34.0 69.45329284667969
vertex 33.72393798828125 37.0 69.45329284667969
endloop
endfacet
facet normal 0.0 0.0 -1.0
outer loop
vertex 31.481552124023438 34.0 69.45329284667969
vertex 33.72393798828125 37.0 69.45329284667969
vertex 33.72393798828125 34.0 69.45329284667969
endloop
endfacet
facet normal 0.0 -1.0 0.0
outer loop
vertex 31.481552124023438 34.0 69.45329284667969
vertex 33.72393798828125 34.0 69.45329284667969
vertex 33.72393798828125 34.0 73.90916442871094
endloop
endfacet
facet normal 0.0 -1.0 0.0
outer loop
vertex 31.481552124023438 34.0 69.45329284667969
vertex 33.72393798828125 34.0 73.90916442871094
vertex 31.72393798828125 34.0 75.90916442871094
endloop
endfacet
facet normal -1.0 0.0 0.0
outer loop
vertex 33.72393798828125 34.0 69.45329284667969
vertex 33.72393798828125 3.0 73.90916442871094
vertex 33.72393798828125 34.0 73.90916442871094
endloop
endfacet
facet normal -0.9992959297947198 0.0 0.037518591334246745
outer loop
vertex 31.481552124023438 34.0 69.45329284667969
vertex 31.72393798828125 34.0 75.90916442871094
vertex 31.72393798828125 142.0 75.90916442871094
endloop
endfacet
facet normal -0.0 -1.0 0.0
outer loop
vertex 17.7509765625 142.0 43.62980651855469
vertex 42.65666198730469 142.0 57.61753845214844
vertex 17.993362426757812 142.0 50.08567810058594
endloop
endfacet
facet normal -0.9992959297947198 0.0 0.037518591334246745
outer loop
vertex 31.481552124023438 34.0 69.45329284667969
vertex 31.72393798828125 142.0 75.90916442871094
vertex 31.481552124023438 142.0 69.45329284667969
endloop
endfacet
facet normal 0.0 -1.0 0.0
outer loop
vertex 17.993362426757812 142.0 50.08567810058594
vertex 42.65666198730469 142.0 57.61753845214844
vertex 43.060638427734375 142.0 68.37730407714844
endloop
endfacet
facet normal 0.0 -1.0 0.0
outer loop
vertex 17.993362426757812 142.0 50.08567810058594
vertex 31.481552124023438 142.0 69.45329284667969
vertex 31.72393798828125 142.0 75.90916442871094
endloop
endfacet
facet normal -0.882947815057672 0.0 0.4694711448905917
outer loop
vertex 17.993362426757812 142.0 50.08567810058594
vertex 31.72393798828125 142.0 75.90916442871094
vertex 31.72393798828125 144.0 75.90916442871094
endloop
endfacet
facet normal -0.882947815057672 0.0 0.4694711448905917
outer loop
vertex 17.993362426757812 142.0 50.08567810058594
vertex 31.72393798828125 144.0 75.90916442871094
vertex 31.72393798828125 156.0 75.90916442871094
endloop
endfacet
facet normal 0.0 -1.0 0.0
outer loop
vertex 17.993362426757812 142.0 50.08567810058594
vertex 43.060638427734375 142.0 68.37730407714844
vertex 31.481552124023438 142.0 69.45329284667969
endloop
endfacet
facet normal -0.882947211465153 0.0 0.4694722800825525
outer loop
vertex 0.0 142.0 16.245101928710938
vertex 4.262786865234375 156.0 24.262222290039062
vertex 0.0 156.0 16.245101928710938
endloop
endfacet
facet normal -0.0 0.9999999999999999 0.0
outer loop
vertex 0.0 156.0 16.245101928710938
vertex 4.262786865234375 156.0 24.262222290039062
vertex 15.5994873046875 156.0 16.730377197265625
endloop
endfacet
facet normal -0.46947135488349584 0.0 -0.8829477034025597
outer loop
vertex 15.276290893554688 142.0 8.12255859375
vertex 0.0 156.0 16.245101928710938
vertex 15.276290893554688 156.0 8.12255859375
endloop
endfacet
facet normal -0.9992958617164089 0.0 0.03752040453486171
outer loop
vertex 15.276290893554688 156.0 8.12255859375
vertex 15.5994873046875 160.0 16.730377197265625
vertex 15.276290893554688 160.0 8.12255859375
endloop
endfacet
facet normal -0.4694765533597959 0.0 -0.882944939305621
outer loop
vertex 16.0313720703125 146.20000004768372 7.7210693359375
vertex 15.276290893554688 156.0 8.12255859375
vertex 16.0313720703125 151.79999995231628 7.7210693359375
endloop
endfacet
facet normal -0.0 1.0 0.0
outer loop
vertex 0.0 156.0 16.245101928710938
vertex 15.5994873046875 156.0 16.730377197265625
vertex 15.276290893554688 156.0 8.12255859375
endloop
endfacet
facet normal 0.0 -0.0 1.0
outer loop
vertex 4.262786865234375 144.0 24.262222290039062
vertex 21.202224731445312 154.0 24.262222290039062
vertex 4.262786865234375 156.0 24.262222290039062
endloop
endfacet
facet normal -0.9992958617164089 0.0 0.03752040453486171
outer loop
vertex 15.276290893554688 156.0 8.12255859375
vertex 15.5994873046875 156.0 16.730377197265625
vertex 15.5994873046875 160.0 16.730377197265625
endloop
endfacet
facet normal 0.0 1.0 0.0
outer loop
vertex 4.262786865234375 156.0 24.262222290039062
vertex 26.266159057617188 156.0 16.730377197265625
vertex 15.5994873046875 156.0 16.730377197265625
endloop
endfacet
facet normal -0.46947159712676084 0.0 -0.8829475745995616
outer loop
vertex 7.636474609375 286.0 12.184722900390625
vertex 7.636474609375 298.0 12.184722900390625
vertex 10.90338134765625 288.1999969482422 10.447677612304688
endloop
endfacet
facet normal -0.8829475533831068 0.0 0.4694716370291028
outer loop
vertex 7.636474609375 286.0 12.184722900390625
vertex 10.147369384765625 298.0 16.907028198242188
vertex 7.636474609375 298.0 12.184722900390625
endloop
endfacet
facet normal -0.4694715971267609 -0.0 -0.8829475745995617
outer loop
vertex 7.636474609375 298.0 12.184722900390625
vertex 10.90338134765625 295.8000030517578 10.447677612304688
vertex 10.90338134765625 288.1999969482422 10.447677612304688
endloop
endfacet
facet normal -0.4694719831906804 7.353671602147895e-07 -0.8829473693253005
outer loop
vertex 7.636474609375 286.0 12.184722900390625
vertex 10.90338134765625 288.1999969482422 10.447677612304688
vertex 23.794418334960938 288.1999969482422 3.5933837890625
endloop
endfacet
facet normal 0.0 -1.0 0.0
outer loop
vertex 7.636474609375 286.0 12.184722900390625
vertex 27.061309814453125 286.0 1.8563385009765625
vertex 10.147369384765625 286.0 16.907028198242188
endloop
endfacet
facet normal -0.46947219892611913 -1.1462961770943319e-06 -0.8829472546161297
outer loop
vertex 7.636474609375 298.0 12.184722900390625
vertex 27.061309814453125 296.7373046875 1.8563385009765625
vertex 10.90338134765625 295.8000030517578 10.447677612304688
endloop
endfacet
facet normal -0.0 1.0 0.0
outer loop
vertex 10.90338134765625 288.1999969482422 10.447677612304688
vertex 16.677871704101562 288.1999969482422 21.30792236328125
vertex 23.794418334960938 288.1999969482422 3.5933837890625
endloop
endfacet
facet normal -0.0 1.0 0.0
outer loop
vertex 7.636474609375 298.0 12.184722900390625
vertex 10.147369384765625 298.0 16.907028198242188
vertex 29.15496826171875 298.0 5.7939300537109375
endloop
endfacet
facet normal -0.8829475533831068 0.0 0.4694716370291028
outer loop
vertex 7.636474609375 286.0 12.184722900390625
vertex 10.147369384765625 286.0 16.907028198242188
vertex 10.147369384765625 298.0 16.907028198242188
endloop
endfacet
facet normal 0.8829477346649475 0.0 -0.46947129608745747
outer loop
vertex 10.90338134765625 288.1999969482422 10.447677612304688
vertex 10.90338134765625 295.8000030517578 10.447677612304688
vertex 16.677871704101562 295.8000030517578 21.30792236328125
endloop
endfacet
facet normal 0.8829477346649475 0.0 -0.46947129608745747
outer loop
vertex 10.90338134765625 288.1999969482422 10.447677612304688
vertex 16.677871704101562 295.8000030517578 21.30792236328125
vertex 16.677871704101562 288.1999969482422 21.30792236328125
endloop
endfacet
facet normal -0.8829478871456575 0.0 0.4694710093126295
outer loop
vertex 10.147369384765625 286.0 16.907028198242188
vertex 20.445297241210938 298.0 36.27464294433594
vertex 10.147369384765625 298.0 16.907028198242188
endloop
endfacet
facet normal 0.0 -1.0 0.0
outer loop
vertex 10.147369384765625 286.0 16.907028198242188
vertex 20.76849365234375 286.0 36.08567810058594
vertex 20.344818115234375 286.0 36.08567810058594
endloop
endfacet
facet normal -0.8829479804310393 0.0 0.469470833868036
outer loop
vertex 10.147369384765625 286.0 16.907028198242188
vertex 20.344818115234375 286.0 36.08567810058594
vertex 20.344818115234375 295.0 36.08567810058594
endloop
endfacet
facet normal -0.8829482716515966 1.497116322046882e-06 0.4694702861579392
outer loop
vertex 10.147369384765625 286.0 16.907028198242188
vertex 20.344818115234375 295.0 36.08567810058594
vertex 20.445297241210938 298.0 36.27464294433594
endloop
endfacet
facet normal -0.4694714006165295 1.1882693849750847e-06 -0.8829476790850871
outer loop
vertex 15.276290893554688 156.0 8.12255859375
vertex 25.73419189453125 156.0 2.5619964599609375
vertex 16.0313720703125 151.79999995231628 7.7210693359375
endloop
endfacet
facet normal -0.469471400616861 0.0 -0.8829476790857106
outer loop
vertex 15.276290893554688 156.0 8.12255859375
vertex 15.276290893554688 160.0 8.12255859375
vertex 25.73419189453125 156.0 2.5619964599609375
endloop
endfacet
facet normal 0.8829480080865525 0.0 -0.46947078185547303
outer loop
vertex 16.0313720703125 146.20000004768372 7.7210693359375
vertex 16.0313720703125 151.79999995231628 7.7210693359375
vertex 21.805862426757812 151.79999995231628 18.581329345703125
endloop
endfacet
facet normal -0.46947075399233 -7.278856132707479e-07 -0.8829480229013164
outer loop
vertex 16.0313720703125 151.79999995231628 7.7210693359375
vertex 25.73419189453125 156.0 2.5619964599609375
vertex 24.507659912109375 151.79999995231628 3.2141571044921875
endloop
endfacet
facet normal -0.4694726971278746 0.0 -0.8829469897176607
outer loop
vertex 25.73419189453125 142.0 2.5619964599609375
vertex 24.507659912109375 151.79999995231628 3.2141571044921875
vertex 25.73419189453125 156.0 2.5619964599609375
endloop
endfacet
facet normal 0.35109277367005465 0.9362478865628379 -0.013181774663796941
outer loop
vertex 15.276290893554688 160.0 8.12255859375
vertex 26.131484985351562 156.0 13.143783569335938
vertex 25.73419189453125 156.0 2.5619964599609375
endloop
endfacet
facet normal 0.0 -0.9999999999999999 0.0
outer loop
vertex 16.0313720703125 151.79999995231628 7.7210693359375
vertex 24.507659912109375 151.79999995231628 3.2141571044921875
vertex 30.28216552734375 151.79999995231628 14.07440185546875
endloop
endfacet
facet normal 0.0 -0.0 1.0
outer loop
vertex 15.5994873046875 156.0 16.730377197265625
vertex 26.266159057617188 156.0 16.730377197265625
vertex 15.5994873046875 160.0 16.730377197265625
endloop
endfacet
facet normal 0.35109303906984113 0.9362477777389956 -0.01318243511250812
outer loop
vertex 15.276290893554688 160.0 8.12255859375
vertex 15.5994873046875 160.0 16.730377197265625
vertex 26.131484985351562 156.0 13.143783569335938
endloop
endfacet
facet normal -0.0 0.0 1.0
outer loop
vertex 4.262786865234375 156.0 24.262222290039062
vertex 21.202224731445312 154.0 24.262222290039062
vertex 39.32334899902344 154.0 24.262222290039062
endloop
endfacet
facet normal 0.0 -1.0 0.0
outer loop
vertex 16.0313720703125 151.79999995231628 7.7210693359375
vertex 30.28216552734375 151.79999995231628 14.07440185546875
vertex 21.805862426757812 151.79999995231628 18.581329345703125
endloop
endfacet
facet normal 0.3510927810253303 0.9362478625051048 -0.013183287394350866
outer loop
vertex 15.5994873046875 160.0 16.730377197265625
vertex 26.266159057617188 156.0 16.730377197265625
vertex 26.131484985351562 156.0 13.143783569335938
endloop
endfacet
facet normal -0.46947133426935067 0.0 -0.8829477143632886
outer loop
vertex 21.805862426757812 146.20000004768372 18.581329345703125
vertex 21.805862426757812 151.79999995231628 18.581329345703125
vertex 30.28216552734375 151.79999995231628 14.07440185546875
endloop
endfacet
facet normal 0.0 1.0 0.0
outer loop
vertex 4.262786865234375 156.0 24.262222290039062
vertex 40.02040100097656 156.0 17.806350708007812
vertex 26.266159057617188 156.0 16.730377197265625
endloop
endfacet
facet normal -0.46947343545149695 0.0 -0.8829465971424144
outer loop
vertex 25.73419189453125 142.0 2.5619964599609375
vertex 25.73419189453125 156.0 2.5619964599609375
vertex 30.552581787109375 154.18295764923096 0.0
endloop
endfacet
facet normal -0.46947227641136363 3.942438894404848e-06 -0.8829472134083608
outer loop
vertex 25.73419189453125 156.0 2.5619964599609375
vertex 30.552597045898438 156.0 0.0
vertex 30.552581787109375 154.18295764923096 0.0
endloop
endfacet
facet normal 0.8829438067585478 0.0 -0.46947868333580867
outer loop
vertex 30.886123657226562 143.9592137336731 0.627288818359375
vertex 30.552581787109375 154.18295764923096 0.0
vertex 30.886123657226562 154.0407862663269 0.627288818359375
endloop
endfacet
facet normal 0.8829431101367446 -7.414600251921561e-06 -0.46947999340448593
outer loop
vertex 30.552581787109375 154.18295764923096 0.0
vertex 30.552597045898438 156.0 0.0
vertex 30.886123657226562 154.0407862663269 0.627288818359375
endloop
endfacet
facet normal -0.8829472204322493 0.0 0.4694722632179296
outer loop
vertex 30.28216552734375 146.20000004768372 14.07440185546875
vertex 30.28216552734375 151.79999995231628 14.07440185546875
vertex 24.507659912109375 151.79999995231628 3.2141571044921875
endloop
endfacet
facet normal 0.0 1.0 0.0
outer loop
vertex 25.73419189453125 156.0 2.5619964599609375
vertex 26.131484985351562 156.0 13.143783569335938
vertex 40.02040100097656 156.0 17.806350708007812
endloop
endfacet
facet normal -0.32239458360633233 0.0 -0.9466053731419971
outer loop
vertex 30.886123657226562 143.9592137336731 0.627288818359375
vertex 30.886123657226562 154.0407862663269 0.627288818359375
vertex 30.993515014648438 154.0 0.5907135009765625
endloop
endfacet
facet normal 0.9992949157251362 0.0 -0.037545591031346894
outer loop
vertex 30.993515014648438 144.0 0.5907135009765625
vertex 30.993515014648438 154.0 0.5907135009765625
vertex 31.003158569335938 154.0 0.847381591796875
endloop
endfacet
facet normal 0.351086690132067 0.9362500371153674 -0.013191058091877197
outer loop
vertex 30.886123657226562 154.0407862663269 0.627288818359375
vertex 31.003158569335938 154.0 0.847381591796875
vertex 30.993515014648438 154.0 0.5907135009765625
endloop
endfacet
facet normal -0.0 1.0 0.0
outer loop
vertex 25.73419189453125 156.0 2.5619964599609375
vertex 40.02040100097656 156.0 17.806350708007812
vertex 30.552597045898438 156.0 0.0
endloop
endfacet
facet normal 0.8829414549371131 0.00012603113742627931 -0.46948308943953065
outer loop
vertex 30.886123657226562 154.0407862663269 0.627288818359375
vertex 40.02040100097656 156.0 17.806350708007812
vertex 31.003158569335938 154.0 0.847381591796875
endloop
endfacet
facet normal 0.8829476064146992 -3.941745846094091e-06 -0.4694715372746428
outer loop
vertex 30.552597045898438 156.0 0.0
vertex 40.02040100097656 156.0 17.806350708007812
vertex 30.886123657226562 154.0407862663269 0.627288818359375
endloop
endfacet
facet normal -0.0 1.0 0.0
outer loop
vertex 4.262786865234375 156.0 24.262222290039062
vertex 40.262786865234375 156.0 24.262222290039062
vertex 40.02040100097656 156.0 17.806350708007812
endloop
endfacet
facet normal -0.0 0.0 1.0
outer loop
vertex 4.262786865234375 156.0 24.262222290039062
vertex 39.32334899902344 154.0 24.262222290039062
vertex 40.262786865234375 156.0 24.262222290039062
endloop
endfacet
facet normal 0.0 1.0 0.0
outer loop
vertex 26.131484985351562 156.0 13.143783569335938
vertex 26.266159057617188 156.0 16.730377197265625
vertex 40.02040100097656 156.0 17.806350708007812
endloop
endfacet
facet normal -0.8829475233349714 0.0 0.46947169354141044
outer loop
vertex 21.202224731445312 144.0 24.262222290039062
vertex 26.7835693359375 154.0 34.75920104980469
vertex 21.202224731445312 154.0 24.262222290039062
endloop
endfacet
facet normal -0.9992959297935153 1.5527280246567607e-06 0.037518591334201525
outer loop
vertex 17.7509765625 154.0 43.62980651855469
vertex 17.993362426757812 154.0 50.08567810058594
vertex 17.755386352539062 156.0 43.74717712402344
endloop
endfacet
facet normal -0.9992959297947199 0.0 0.037518591334246745
outer loop
vertex 17.993362426757812 142.0 50.08567810058594
vertex 17.993362426757812 154.0 50.08567810058594
vertex 17.7509765625 154.0 43.62980651855469
endloop
endfacet
facet normal -0.9992959481633448 0.0 0.03751810208848225
outer loop
vertex 17.755386352539062 156.0 43.74717712402344
vertex 17.993362426757812 154.0 50.08567810058594
vertex 17.993362426757812 156.0 50.08567810058594
endloop
endfacet
facet normal 0.0 0.0 -0.9999999999999999
outer loop
vertex 31.500152587890625 144.0 43.62980651855469
vertex 17.7509765625 154.0 43.62980651855469
vertex 18.331619262695312 155.7741937637329 43.62980651855469
endloop
endfacet
facet normal -0.999294937457809 0.0 0.03754501260079392
outer loop
vertex 17.7509765625 154.0 43.62980651855469
vertex 17.755386352539062 156.0 43.74717712402344
vertex 17.7509765625 264.0 43.62980651855469
endloop
endfacet
facet normal -0.9992959481633447 0.0 0.03751810208848224
outer loop
vertex 17.755386352539062 156.0 43.74717712402344
vertex 17.993362426757812 156.0 50.08567810058594
vertex 17.993362426757812 264.0 50.08567810058594
endloop
endfacet
facet normal -0.0 0.9999999999999999 0.0
outer loop
vertex 21.202224731445312 154.0 24.262222290039062
vertex 26.7835693359375 154.0 34.75920104980469
vertex 39.32334899902344 154.0 24.262222290039062
endloop
endfacet
facet normal -0.0 1.0 0.0
outer loop
vertex 26.7835693359375 154.0 34.75920104980469
vertex 31.500152587890625 154.0 43.62980651855469
vertex 40.60728454589844 154.0 26.676956176757812
endloop
endfacet
facet normal -0.882947648160479 0.0 0.4694714587787834
outer loop
vertex 31.500152587890625 144.0 43.62980651855469
vertex 31.500152587890625 154.0 43.62980651855469
vertex 26.7835693359375 154.0 34.75920104980469
endloop
endfacet
facet normal 0.0 0.0 -1.0
outer loop
vertex 31.500152587890625 144.0 43.62980651855469
vertex 18.331619262695312 155.7741937637329 43.62980651855469
vertex 31.500152587890625 154.0 43.62980651855469
endloop
endfacet
facet normal -0.0 -0.0 -1.0
outer loop
vertex 18.331619262695312 155.7741937637329 43.62980651855469
vertex 49.62126159667969 154.0 43.62980651855469
vertex 31.500152587890625 154.0 43.62980651855469
endloop
endfacet
facet normal 0.0 -0.0 -1.0
outer loop
vertex 17.7509765625 154.0 43.62980651855469
vertex 51.99336242675781 261.0 43.62980651855469
vertex 18.331619262695312 155.7741937637329 43.62980651855469
endloop
endfacet
facet normal -0.4694721408344359 2.2205297133277148e-06 -0.8829472855020285
outer loop
vertex 7.636474609375 286.0 12.184722900390625
vertex 23.794418334960938 288.1999969482422 3.5933837890625
vertex 27.061309814453125 286.0 1.8563385009765625
endloop
endfacet
facet normal -0.4694719831825898 -5.916738264799011e-06 -0.8829473693100843
outer loop
vertex 10.90338134765625 295.8000030517578 10.447677612304688
vertex 27.061309814453125 296.7373046875 1.8563385009765625
vertex 23.794418334960938 295.8000030517578 3.5933837890625
endloop
endfacet
facet normal -0.4694721408355933 -0.0 -0.8829472855042053
outer loop
vertex 7.636474609375 298.0 12.184722900390625
vertex 27.061309814453125 298.0 1.8563385009765625
vertex 27.061309814453125 296.7373046875 1.8563385009765625
endloop
endfacet
facet normal 0.0 1.0 0.0
outer loop
vertex 7.636474609375 298.0 12.184722900390625
vertex 29.15496826171875 298.0 5.7939300537109375
vertex 27.061309814453125 298.0 1.8563385009765625
endloop
endfacet
facet normal 0.0 -1.0 0.0
outer loop
vertex 10.90338134765625 295.8000030517578 10.447677612304688
vertex 23.794418334960938 295.8000030517578 3.5933837890625
vertex 29.56890869140625 295.8000030517578 14.453643798828125
endloop
endfacet
facet normal -0.46947330660607184 0.0 -0.8829466656510807
outer loop
vertex 23.794418334960938 288.1999969482422 3.5933837890625
vertex 23.794418334960938 295.8000030517578 3.5933837890625
vertex 27.061309814453125 296.7373046875 1.8563385009765625
endloop
endfacet
facet normal -0.46947330660607184 -0.0 -0.8829466656510807
outer loop
vertex 23.794418334960938 288.1999969482422 3.5933837890625
vertex 27.061309814453125 296.7373046875 1.8563385009765625
vertex 27.061309814453125 286.0 1.8563385009765625
endloop
endfacet
facet normal 0.0 -1.0 0.0
outer loop
vertex 10.147369384765625 286.0 16.907028198242188
vertex 27.061309814453125 286.0 1.8563385009765625
vertex 29.15496826171875 286.0 5.7939300537109375
endloop
endfacet
facet normal -0.8829480080865526 0.0 0.4694707818554731
outer loop
vertex 23.794418334960938 288.1999969482422 3.5933837890625
vertex 29.56890869140625 288.1999969482422 14.453643798828125
vertex 23.794418334960938 295.8000030517578 3.5933837890625
endloop
endfacet
facet normal 0.0 -1.0 0.0
outer loop
vertex 10.90338134765625 295.8000030517578 10.447677612304688
vertex 29.56890869140625 295.8000030517578 14.453643798828125
vertex 16.677871704101562 295.8000030517578 21.30792236328125
endloop
endfacet
facet normal 0.0 -1.0 0.0
outer loop
vertex 10.147369384765625 286.0 16.907028198242188
vertex 29.15496826171875 286.0 5.7939300537109375
vertex 20.76849365234375 286.0 36.08567810058594
endloop
endfacet
facet normal -0.4694711684171386 0.0 -0.8829478025483991
outer loop
vertex 16.677871704101562 288.1999969482422 21.30792236328125
vertex 16.677871704101562 295.8000030517578 21.30792236328125
vertex 29.56890869140625 295.8000030517578 14.453643798828125
endloop
endfacet
facet normal 0.0 1.0 0.0
outer loop
vertex 16.677871704101562 288.1999969482422 21.30792236328125
vertex 29.56890869140625 288.1999969482422 14.453643798828125
vertex 23.794418334960938 288.1999969482422 3.5933837890625
endloop
endfacet
facet normal -0.4694711684171386 -0.0 -0.8829478025483991
outer loop
vertex 16.677871704101562 288.1999969482422 21.30792236328125
vertex 29.56890869140625 295.8000030517578 14.453643798828125
vertex 29.56890869140625 288.1999969482422 14.453643798828125
endloop
endfacet
facet normal -0.0 1.0 0.0
outer loop
vertex 10.147369384765625 298.0 16.907028198242188
vertex 39.45289611816406 298.0 25.161544799804688
vertex 29.15496826171875 298.0 5.7939300537109375
endloop
endfacet
facet normal 0.8829472321535093 0.0 -0.46947224117348696
outer loop
vertex 27.061309814453125 286.0 1.8563385009765625
vertex 27.061309814453125 296.7373046875 1.8563385009765625
vertex 29.15496826171875 286.0 5.7939300537109375
endloop
endfacet
facet normal 0.8829472321535095 0.0 -0.46947224117348707
outer loop
vertex 27.061309814453125 296.7373046875 1.8563385009765625
vertex 27.061309814453125 298.0 1.8563385009765625
vertex 29.15496826171875 298.0 5.7939300537109375
endloop
endfacet
facet normal 0.8829472321535093 0.0 -0.469472241173487
outer loop
vertex 27.061309814453125 296.7373046875 1.8563385009765625
vertex 29.15496826171875 298.0 5.7939300537109375
vertex 29.15496826171875 286.0 5.7939300537109375
endloop
endfacet
facet normal -0.8829480080865526 0.0 0.4694707818554731
outer loop
vertex 23.794418334960938 295.8000030517578 3.5933837890625
vertex 29.56890869140625 288.1999969482422 14.453643798828125
vertex 29.56890869140625 295.8000030517578 14.453643798828125
endloop
endfacet
facet normal 0.0 -1.0 0.0
outer loop
vertex 29.15496826171875 286.0 5.7939300537109375
vertex 39.45289611816406 286.0 25.161544799804688
vertex 20.76849365234375 286.0 36.08567810058594
endloop
endfacet
facet normal 0.8829478871456575 0.0 -0.4694710093126295
outer loop
vertex 29.15496826171875 286.0 5.7939300537109375
vertex 29.15496826171875 298.0 5.7939300537109375
vertex 39.45289611816406 298.0 25.161544799804688
endloop
endfacet
facet normal 0.0 0.0 -1.0
outer loop
vertex 17.7509765625 154.0 43.62980651855469
vertex 17.7509765625 264.0 43.62980651855469
vertex 19.993362426757812 261.0 43.62980651855469
endloop
endfacet
facet normal -0.9992959297947194 -2.875422267886355e-08 0.03751859133424673
outer loop
vertex 17.755386352539062 156.0 43.74717712402344
vertex 17.993362426757812 264.0 50.08567810058594
vertex 17.7509765625 264.0 43.62980651855469
endloop
endfacet
facet normal 0.0 0.0 -1.0
outer loop
vertex 19.993362426757812 261.0 36.08567810058594
vertex 20.344818115234375 286.0 36.08567810058594
vertex 20.76849365234375 286.0 36.08567810058594
endloop
endfacet
facet normal 0.0 0.0 -1.0
outer loop
vertex 19.993362426757812 261.0 36.08567810058594
vertex 19.993362426757812 295.0 36.08567810058594
vertex 20.344818115234375 286.0 36.08567810058594
endloop
endfacet
facet normal 0.0 0.0 -1.0
outer loop
vertex 20.344818115234375 286.0 36.08567810058594
vertex 19.993362426757812 295.0 36.08567810058594
vertex 20.344818115234375 295.0 36.08567810058594
endloop
endfacet
facet normal -0.8829384192333767 0.0 0.46948881545960797
outer loop
vertex 20.344818115234375 295.0 36.08567810058594
vertex 20.445297241210938 295.0 36.27464294433594
vertex 20.445297241210938 298.0 36.27464294433594
endloop
endfacet
facet normal -0.0 1.0 0.0
outer loop
vertex 10.147369384765625 298.0 16.907028198242188
vertex 20.445297241210938 298.0 36.27464294433594
vertex 39.45289611816406 298.0 25.161544799804688
endloop
endfacet
facet normal -0.9999999999999999 0.0 0.0
outer loop
vertex 19.993362426757812 261.0 36.08567810058594
vertex 19.993362426757812 261.0 43.62980651855469
vertex 19.993362426757812 264.0 43.62980651855469
endloop
endfacet
facet normal -1.0 0.0 0.0
outer loop
vertex 19.993362426757812 261.0 36.08567810058594
vertex 19.993362426757812 264.0 43.62980651855469
vertex 19.993362426757812 295.0 48.08567810058594
endloop
endfacet
facet normal 0.0 0.0 -1.0
outer loop
vertex 17.7509765625 264.0 43.62980651855469
vertex 19.993362426757812 264.0 43.62980651855469
vertex 19.993362426757812 261.0 43.62980651855469
endloop
endfacet
facet normal -0.0 1.0 0.0
outer loop
vertex 17.7509765625 264.0 43.62980651855469
vertex 19.993362426757812 264.0 48.08567810058594
vertex 19.993362426757812 264.0 43.62980651855469
endloop
endfacet
facet normal -0.0 1.0 0.0
outer loop
vertex 17.7509765625 264.0 43.62980651855469
vertex 17.993362426757812 264.0 50.08567810058594
vertex 19.993362426757812 264.0 48.08567810058594
endloop
endfacet
facet normal -1.0 0.0 0.0
outer loop
vertex 19.993362426757812 264.0 43.62980651855469
vertex 19.993362426757812 264.0 48.08567810058594
vertex 19.993362426757812 295.0 48.08567810058594
endloop
endfacet
facet normal -1.0 0.0 0.0
outer loop
vertex 19.993362426757812 261.0 36.08567810058594
vertex 19.993362426757812 295.0 48.08567810058594
vertex 19.993362426757812 295.0 36.08567810058594
endloop
endfacet
facet normal -0.0 1.0 0.0
outer loop
vertex 19.993362426757812 295.0 36.08567810058594
vertex 19.993362426757812 295.0 48.08567810058594
vertex 20.344818115234375 295.0 36.08567810058594
endloop
endfacet
facet normal -0.0 1.0 -0.0
outer loop
vertex 20.344818115234375 295.0 36.08567810058594
vertex 19.993362426757812 295.0 48.08567810058594
vertex 20.445297241210938 295.0 36.27464294433594
endloop
endfacet
facet normal -0.8829474142016371 0.0 0.46947189879122947
outer loop
vertex 20.445297241210938 295.0 36.27464294433594
vertex 26.725341796875 295.0 48.08567810058594
vertex 20.445297241210938 298.0 36.27464294433594
endloop
endfacet
facet normal 0.0 -0.0 1.0
outer loop
vertex 19.993362426757812 264.0 48.08567810058594
vertex 26.725341796875 295.0 48.08567810058594
vertex 19.993362426757812 295.0 48.08567810058594
endloop
endfacet
facet normal 0.0 1.0 -0.0
outer loop
vertex 20.445297241210938 295.0 36.27464294433594
vertex 19.993362426757812 295.0 48.08567810058594
vertex 26.725341796875 295.0 48.08567810058594
endloop
endfacet
facet normal 0.0 0.0 1.0
outer loop
vertex 19.993362426757812 264.0 48.08567810058594
vertex 26.725341796875 286.0 48.08567810058594
vertex 26.725341796875 295.0 48.08567810058594
endloop
endfacet
facet normal -0.8829472921534826 1.1591810341427001e-06 0.4694721283287101
outer loop
vertex 20.445297241210938 298.0 36.27464294433594
vertex 26.725341796875 295.0 48.08567810058594
vertex 30.743240356445312 298.0 55.64222717285156
endloop
endfacet
facet normal 0.0 0.0 -0.9999999999999999
outer loop
vertex 17.7509765625 154.0 43.62980651855469
vertex 19.993362426757812 261.0 43.62980651855469
vertex 51.99336242675781 261.0 43.62980651855469
endloop
endfacet
facet normal 0.0 0.0 -0.9999999999999999
outer loop
vertex 19.993362426757812 261.0 36.08567810058594
vertex 20.76849365234375 286.0 36.08567810058594
vertex 45.26136779785156 286.0 36.08567810058594
endloop
endfacet
facet normal 0.0 -1.0 0.0
outer loop
vertex 20.76849365234375 286.0 36.08567810058594
vertex 39.45289611816406 286.0 25.161544799804688
vertex 45.26136779785156 286.0 36.08567810058594
endloop
endfacet
facet normal 0.0 -1.0 0.0
outer loop
vertex 19.993362426757812 261.0 36.08567810058594
vertex 51.99336242675781 261.0 36.08567810058594
vertex 19.993362426757812 261.0 43.62980651855469
endloop
endfacet
facet normal -0.0 1.0 -0.0
outer loop
vertex 19.993362426757812 264.0 48.08567810058594
vertex 17.993362426757812 264.0 50.08567810058594
vertex 51.99336242675781 264.0 48.08567810058594
endloop
endfacet
facet normal -0.0 0.9999999999999999 0.0
outer loop
vertex 20.445297241210938 298.0 36.27464294433594
vertex 30.743240356445312 298.0 55.64222717285156
vertex 39.45289611816406 298.0 25.161544799804688
endloop
endfacet
facet normal 0.0 -0.0 1.0
outer loop
vertex 19.993362426757812 264.0 48.08567810058594
vertex 51.99336242675781 264.0 48.08567810058594
vertex 26.725341796875 286.0 48.08567810058594
endloop
endfacet
facet normal -0.882947815057672 0.0 0.4694711448905917
outer loop
vertex 17.993362426757812 142.0 50.08567810058594
vertex 31.72393798828125 156.0 75.90916442871094
vertex 17.993362426757812 154.0 50.08567810058594
endloop
endfacet
facet normal -0.882947815057672 0.0 0.4694711448905917
outer loop
vertex 17.993362426757812 154.0 50.08567810058594
vertex 31.72393798828125 156.0 75.90916442871094
vertex 17.993362426757812 156.0 50.08567810058594
endloop
endfacet
facet normal -0.0 1.0 0.0
outer loop
vertex 17.993362426757812 156.0 50.08567810058594
vertex 31.72393798828125 156.0 75.90916442871094
vertex 42.65666198730469 156.0 57.61753845214844
endloop
endfacet
facet normal 0.0 -0.0 1.0
outer loop
vertex 17.993362426757812 156.0 50.08567810058594
vertex 53.99336242675781 264.0 50.08567810058594
vertex 17.993362426757812 264.0 50.08567810058594
endloop
endfacet
facet normal -0.8829471013912796 0.0 0.46947248710093487
outer loop
vertex 26.725341796875 286.0 48.08567810058594
vertex 30.743240356445312 286.0 55.64222717285156
vertex 26.725341796875 295.0 48.08567810058594
endloop
endfacet
facet normal -0.8829471013912796 0.0 0.4694724871009349
outer loop
vertex 26.725341796875 295.0 48.08567810058594
vertex 30.743240356445312 286.0 55.64222717285156
vertex 30.743240356445312 298.0 55.64222717285156
endloop
endfacet
facet normal 0.0 -1.0 0.0
outer loop
vertex 26.725341796875 286.0 48.08567810058594
vertex 43.66780090332031 286.0 48.08567810058594
vertex 30.743240356445312 286.0 55.64222717285156
endloop
endfacet
facet normal -0.8829478871456575 0.0 0.4694710093126295
outer loop
vertex 30.743240356445312 286.0 55.64222717285156
vertex 41.041168212890625 298.0 75.00984191894531
vertex 30.743240356445312 298.0 55.64222717285156
endloop
endfacet
facet normal 0.0 0.0 -1.0
outer loop
vertex 31.530792236328125 12.0 10.262222290039062
vertex 38.262786865234375 37.0 10.262222290039062
vertex 38.262786865234375 3.0 10.262222290039062
endloop
endfacet
facet normal 0.0 -1.0 0.0
outer loop
vertex 31.530792236328125 3.0 10.262222290039062
vertex 38.262786865234375 3.0 10.262222290039062
vertex 37.91130065917969 3.0 22.262222290039062
endloop
endfacet
facet normal 0.0 -1.0 0.0
outer loop
vertex 38.262786865234375 3.0 10.262222290039062
vertex 38.262786865234375 3.0 22.262222290039062
vertex 37.91130065917969 3.0 22.262222290039062
endloop
endfacet
facet normal 1.0 0.0 -0.0
outer loop
vertex 38.262786865234375 3.0 10.262222290039062
vertex 38.262786865234375 37.0 10.262222290039062
vertex 38.262786865234375 3.0 22.262222290039062
endloop
endfacet
facet normal 0.8829477379493789 -1.517274610835011e-07 -0.4694712899103122
outer loop
vertex 31.530792236328125 3.0 10.262222290039062
vertex 37.91130065917969 3.0 22.262222290039062
vertex 39.45289611816406 0.0 25.161544799804688
endloop
endfacet
facet normal 0.882947803027199 0.0 -0.469471167516646
outer loop
vertex 37.91130065917969 3.0 22.262222290039062
vertex 37.91130065917969 12.0 22.262222290039062
vertex 39.45289611816406 12.0 25.161544799804688
endloop
endfacet
facet normal 0.882947803027199 0.0 -0.4694711675166461
outer loop
vertex 37.91130065917969 3.0 22.262222290039062
vertex 39.45289611816406 12.0 25.161544799804688
vertex 39.45289611816406 0.0 25.161544799804688
endloop
endfacet
facet normal 0.0 0.0 1.0
outer loop
vertex 37.91130065917969 3.0 22.262222290039062
vertex 38.262786865234375 3.0 22.262222290039062
vertex 38.262786865234375 34.0 22.262222290039062
endloop
endfacet
facet normal 0.0 -0.0 0.9999999999999999
outer loop
vertex 37.91130065917969 3.0 22.262222290039062
vertex 38.262786865234375 34.0 22.262222290039062
vertex 37.91130065917969 12.0 22.262222290039062
endloop
endfacet
facet normal 1.0 0.0 0.0
outer loop
vertex 38.262786865234375 37.0 10.262222290039062
vertex 38.262786865234375 34.0 17.806350708007812
vertex 38.262786865234375 3.0 22.262222290039062
endloop
endfacet
facet normal 0.9999999999999999 0.0 -0.0
outer loop
vertex 38.262786865234375 37.0 10.262222290039062
vertex 38.262786865234375 37.0 17.806350708007812
vertex 38.262786865234375 34.0 17.806350708007812
endloop
endfacet
facet normal 0.0 0.0 -1.0
outer loop
vertex 38.262786865234375 34.0 17.806350708007812
vertex 38.262786865234375 37.0 17.806350708007812
vertex 40.02040100097656 34.0 17.806350708007812
endloop
endfacet
facet normal 1.0 -0.0 0.0
outer loop
vertex 38.262786865234375 3.0 22.262222290039062
vertex 38.262786865234375 34.0 17.806350708007812
vertex 38.262786865234375 34.0 22.262222290039062
endloop
endfacet
facet normal 0.0 -1.0 0.0
outer loop
vertex 38.262786865234375 34.0 17.806350708007812
vertex 40.02040100097656 34.0 17.806350708007812
vertex 38.262786865234375 34.0 22.262222290039062
endloop
endfacet
facet normal 0.0 -1.0 0.0
outer loop
vertex 38.262786865234375 34.0 22.262222290039062
vertex 40.02040100097656 34.0 17.806350708007812
vertex 40.262786865234375 34.0 24.262222290039062
endloop
endfacet
facet normal 0.0 0.0 -1.0
outer loop
vertex 38.262786865234375 37.0 17.806350708007812
vertex 40.02040100097656 142.0 17.806350708007812
vertex 40.02040100097656 34.0 17.806350708007812
endloop
endfacet
facet normal 0.9992959297947198 0.0 -0.037518591334246745
outer loop
vertex 40.02040100097656 34.0 17.806350708007812
vertex 40.02040100097656 142.0 17.806350708007812
vertex 40.262786865234375 34.0 24.262222290039062
endloop
endfacet
facet normal 0.8829472921540759 0.0 -0.46947212832902563
outer loop
vertex 39.45289611816406 0.0 25.161544799804688
vertex 39.45289611816406 12.0 25.161544799804688
vertex 49.75083923339844 0.0 44.52912902832031
endloop
endfacet
facet normal 0.0 -0.9999999999999999 0.0
outer loop
vertex 30.743240356445312 0.0 55.64222717285156
vertex 39.45289611816406 0.0 25.161544799804688
vertex 49.75083923339844 0.0 44.52912902832031
endloop
endfacet
facet normal 0.0 0.9999999999999999 0.0
outer loop
vertex 30.743240356445312 12.0 55.64222717285156
vertex 49.75083923339844 12.0 44.52912902832031
vertex 39.45289611816406 12.0 25.161544799804688
endloop
endfacet
facet normal 0.8829472921540759 0.0 -0.46947212832902563
outer loop
vertex 39.45289611816406 12.0 25.161544799804688
vertex 49.75083923339844 12.0 44.52912902832031
vertex 49.75083923339844 0.0 44.52912902832031
endloop
endfacet
facet normal 0.9992969367476443 1.6060368942174255e-06 -0.037491761817702036
outer loop
vertex 40.262786865234375 34.0 24.262222290039062
vertex 40.02040100097656 142.0 17.806350708007812
vertex 40.02430725097656 142.2258062362671 17.910476684570312
endloop
endfacet
facet normal 0.9992959111408066 0.0 -0.03751908817209026
outer loop
vertex 40.262786865234375 34.0 24.262222290039062
vertex 40.02430725097656 142.2258062362671 17.910476684570312
vertex 40.262786865234375 142.0 24.262222290039062
endloop
endfacet
facet normal 0.0 -0.0 1.0
outer loop
vertex 40.262786865234375 34.0 24.262222290039062
vertex 40.262786865234375 142.0 24.262222290039062
vertex 39.608245849609375 142.0 24.262222290039062
endloop
endfacet
facet normal 0.8829476230449324 0.0 -0.46947150601426724
outer loop
vertex 31.003158569335938 154.0 0.847381591796875
vertex 40.02040100097656 144.0 17.806350708007812
vertex 40.02040100097656 142.0 17.806350708007812
endloop
endfacet
facet normal -0.0 -0.0 1.0
outer loop
vertex 38.85978698730469 142.54561138153076 24.262222290039062
vertex 39.68214416503906 142.2258062362671 24.262222290039062
vertex 39.32334899902344 144.0 24.262222290039062
endloop
endfacet
facet normal -0.0 0.0 0.9999999999999999
outer loop
vertex 38.85978698730469 142.54561138153076 24.262222290039062
vertex 39.608245849609375 142.0 24.262222290039062
vertex 39.68214416503906 142.2258062362671 24.262222290039062
endloop
endfacet
facet normal 0.9992970672285522 0.0 -0.0374882838819621
outer loop
vertex 40.02040100097656 142.0 17.806350708007812
vertex 40.02040100097656 144.0 17.806350708007812
vertex 40.02430725097656 142.2258062362671 17.910476684570312
endloop
endfacet
facet normal 0.9992961135348252 -1.4935821199244524e-06 -0.03751369712469009
outer loop
vertex 40.02430725097656 142.2258062362671 17.910476684570312
vertex 40.02040100097656 144.0 17.806350708007812
vertex 40.055023193359375 144.0 18.728622436523438
endloop
endfacet
facet normal 0.9992961135359398 0.0 -0.03751369712473193
outer loop
vertex 40.02040100097656 144.0 17.806350708007812
vertex 40.02040100097656 156.0 17.806350708007812
vertex 40.055023193359375 144.0 18.728622436523438
endloop
endfacet
facet normal 0.9992959124463671 9.798678469525588e-07 -0.03751905338654708
outer loop
vertex 40.02430725097656 142.2258062362671 17.910476684570312
vertex 40.055023193359375 144.0 18.728622436523438
vertex 40.262786865234375 142.0 24.262222290039062
endloop
endfacet
facet normal 0.0 -0.0 1.0
outer loop
vertex 39.608245849609375 142.0 24.262222290039062
vertex 40.262786865234375 142.0 24.262222290039062
vertex 39.68214416503906 142.2258062362671 24.262222290039062
endloop
endfacet
facet normal 0.0 0.0 1.0
outer loop
vertex 39.32334899902344 144.0 24.262222290039062
vertex 39.68214416503906 142.2258062362671 24.262222290039062
vertex 40.262786865234375 142.0 24.262222290039062
endloop
endfacet
facet normal 0.9992958991686905 0.0 -0.037519407040068634
outer loop
vertex 40.055023193359375 144.0 18.728622436523438
vertex 40.262786865234375 156.0 24.262222290039062
vertex 40.262786865234375 142.0 24.262222290039062
endloop
endfacet
facet normal -0.0 0.0 1.0
outer loop
vertex 39.32334899902344 144.0 24.262222290039062
vertex 40.262786865234375 142.0 24.262222290039062
vertex 40.262786865234375 156.0 24.262222290039062
endloop
endfacet
facet normal 0.0 -1.0 0.0
outer loop
vertex 26.7835693359375 144.0 34.75920104980469
vertex 39.32334899902344 144.0 24.262222290039062
vertex 40.60728454589844 144.0 26.676956176757812
endloop
endfacet
facet normal 0.0 -1.0 0.0
outer loop
vertex 26.7835693359375 144.0 34.75920104980469
vertex 40.60728454589844 144.0 26.676956176757812
vertex 49.62126159667969 144.0 43.62980651855469
endloop
endfacet
facet normal 0.8829477801442928 0.0 -0.46947121055317703
outer loop
vertex 39.32334899902344 144.0 24.262222290039062
vertex 40.60728454589844 154.0 26.676956176757812
vertex 40.60728454589844 144.0 26.676956176757812
endloop
endfacet
facet normal 0.0 -1.0 0.0
outer loop
vertex 26.7835693359375 144.0 34.75920104980469
vertex 49.62126159667969 144.0 43.62980651855469
vertex 31.500152587890625 144.0 43.62980651855469
endloop
endfacet
facet normal 0.0 -0.9999999999999999 0.0
outer loop
vertex 17.7509765625 142.0 43.62980651855469
vertex 53.7509765625 142.0 43.62980651855469
vertex 42.65666198730469 142.0 57.61753845214844
endloop
endfacet
facet normal 0.8829478814955252 0.0 -0.469471019938999
outer loop
vertex 40.60728454589844 144.0 26.676956176757812
vertex 49.62126159667969 154.0 43.62980651855469
vertex 49.62126159667969 144.0 43.62980651855469
endloop
endfacet
facet normal 0.0 0.0 -1.0
outer loop
vertex 31.500152587890625 144.0 43.62980651855469
vertex 49.62126159667969 144.0 43.62980651855469
vertex 53.7509765625 142.0 43.62980651855469
endloop
endfacet
facet normal 0.0 0.0 -1.0
outer loop
vertex 49.62126159667969 144.0 43.62980651855469
vertex 53.7509765625 154.0 43.62980651855469
vertex 53.7509765625 142.0 43.62980651855469
endloop
endfacet
facet normal 0.8829476104474577 0.0 -0.4694715297066741
outer loop
vertex 53.7509765625 142.0 43.62980651855469
vertex 53.7509765625 154.0 43.62980651855469
vertex 58.3472900390625 143.95921850204468 52.27421569824219
endloop
endfacet
facet normal -0.0 1.0 0.0
outer loop
vertex 30.743240356445312 12.0 55.64222717285156
vertex 34.07542419433594 12.0 61.90916442871094
vertex 49.75083923339844 12.0 44.52912902832031
endloop
endfacet
facet normal 0.0 -1.0 0.0
outer loop
vertex 30.743240356445312 0.0 55.64222717285156
vertex 49.75083923339844 0.0 44.52912902832031
vertex 41.041168212890625 0.0 75.00984191894531
endloop
endfacet
facet normal -0.8829478871456349 -2.265202618876294e-07 0.4694710093126174
outer loop
vertex 30.743240356445312 0.0 55.64222717285156
vertex 41.041168212890625 0.0 75.00984191894531
vertex 34.07542419433594 3.0 61.90916442871094
endloop
endfacet
facet normal 0.0 -1.0 0.0
outer loop
vertex 34.07542419433594 3.0 61.90916442871094
vertex 40.4559326171875 3.0 73.90916442871094
vertex 33.72393798828125 3.0 73.90916442871094
endloop
endfacet
facet normal -0.8829477379485898 1.345240681868752e-06 0.4694712899098926
outer loop
vertex 34.07542419433594 3.0 61.90916442871094
vertex 41.041168212890625 0.0 75.00984191894531
vertex 40.4559326171875 3.0 73.90916442871094
endloop
endfacet
facet normal -0.0 1.0 0.0
outer loop
vertex 34.07542419433594 12.0 61.90916442871094
vertex 58.991973876953125 12.0 61.90916442871094
vertex 49.75083923339844 12.0 44.52912902832031
endloop
endfacet
facet normal 0.0 -1.0 0.0
outer loop
vertex 49.75083923339844 0.0 44.52912902832031
vertex 60.04878234863281 0.0 63.89674377441406
vertex 41.041168212890625 0.0 75.00984191894531
endloop
endfacet
facet normal 0.0 0.0 -1.0
outer loop
vertex 34.07542419433594 12.0 61.90916442871094
vertex 33.72393798828125 37.0 61.90916442871094
vertex 65.72393798828125 37.0 61.90916442871094
endloop
endfacet
facet normal 0.0 1.0 0.0
outer loop
vertex 33.72393798828125 37.0 61.90916442871094
vertex 33.72393798828125 37.0 69.45329284667969
vertex 65.72393798828125 37.0 69.45329284667969
endloop
endfacet
facet normal 0.0 -0.0 -0.9999999999999999
outer loop
vertex 31.481552124023438 34.0 69.45329284667969
vertex 67.48155212402344 142.0 69.45329284667969
vertex 33.72393798828125 37.0 69.45329284667969
endloop
endfacet
facet normal 0.0 -0.0 0.9999999999999999
outer loop
vertex 33.72393798828125 3.0 73.90916442871094
vertex 40.4559326171875 12.0 73.90916442871094
vertex 33.72393798828125 34.0 73.90916442871094
endloop
endfacet
facet normal 0.0 0.0 1.0
outer loop
vertex 33.72393798828125 3.0 73.90916442871094
vertex 40.4559326171875 3.0 73.90916442871094
vertex 40.4559326171875 12.0 73.90916442871094
endloop
endfacet
facet normal -0.0 0.0 1.0
outer loop
vertex 33.72393798828125 34.0 73.90916442871094
vertex 40.4559326171875 12.0 73.90916442871094
vertex 42.92375183105469 12.0 73.90916442871094
endloop
endfacet
facet normal -0.8829492578130258 0.0 0.4694684314492582
outer loop
vertex 40.4559326171875 3.0 73.90916442871094
vertex 41.041168212890625 12.0 75.00984191894531
vertex 40.4559326171875 12.0 73.90916442871094
endloop
endfacet
facet normal -0.8829492578130259 0.0 0.46946843144925826
outer loop
vertex 40.4559326171875 3.0 73.90916442871094
vertex 41.041168212890625 0.0 75.00984191894531
vertex 41.041168212890625 12.0 75.00984191894531
endloop
endfacet
facet normal -0.0 1.0 0.0
outer loop
vertex 40.4559326171875 12.0 73.90916442871094
vertex 41.041168212890625 12.0 75.00984191894531
vertex 42.92375183105469 12.0 73.90916442871094
endloop
endfacet
facet normal -0.8829474106792313 0.0 0.4694719054159054
outer loop
vertex 41.041168212890625 0.0 75.00984191894531
vertex 48.828216552734375 12.0 89.65513610839844
vertex 41.041168212890625 12.0 75.00984191894531
endloop
endfacet
facet normal -0.8829474106792313 0.0 0.4694719054159054
outer loop
vertex 41.041168212890625 0.0 75.00984191894531
vertex 48.828216552734375 0.0 89.65513610839844
vertex 48.828216552734375 12.0 89.65513610839844
endloop
endfacet
facet normal 0.0 -1.0 0.0
outer loop
vertex 31.72393798828125 34.0 75.90916442871094
vertex 33.72393798828125 34.0 73.90916442871094
vertex 67.72393798828125 34.0 75.90916442871094
endloop
endfacet
facet normal -0.0 0.0 1.0
outer loop
vertex 33.72393798828125 34.0 73.90916442871094
vertex 42.92375183105469 12.0 73.90916442871094
vertex 65.37248229980469 12.0 73.90916442871094
endloop
endfacet
facet normal 0.0 -1.0 0.0
outer loop
vertex 41.041168212890625 0.0 75.00984191894531
vertex 60.04878234863281 0.0 63.89674377441406
vertex 48.828216552734375 0.0 89.65513610839844
endloop
endfacet
facet normal 0.0 1.0 0.0
outer loop
vertex 41.041168212890625 12.0 75.00984191894531
vertex 65.37248229980469 12.0 73.90916442871094
vertex 42.92375183105469 12.0 73.90916442871094
endloop
endfacet
facet normal -0.0 1.0 0.0
outer loop
vertex 41.041168212890625 12.0 75.00984191894531
vertex 48.828216552734375 12.0 89.65513610839844
vertex 68.25306701660156 12.0 79.32676696777344
endloop
endfacet
facet normal 0.4694731536734254 0.0 0.8829467469671816
outer loop
vertex 48.828216552734375 0.0 89.65513610839844
vertex 52.360015869140625 9.5 87.77723693847656
vertex 48.828216552734375 12.0 89.65513610839844
endloop
endfacet
facet normal 0.4694731536734254 -0.0 0.8829467469671817
outer loop
vertex 48.828216552734375 0.0 89.65513610839844
vertex 52.360015869140625 2.5 87.77723693847656
vertex 52.360015869140625 9.5 87.77723693847656
endloop
endfacet
facet normal 0.0 0.0 -1.0
outer loop
vertex 31.481552124023438 34.0 69.45329284667969
vertex 31.481552124023438 142.0 69.45329284667969
vertex 67.48155212402344 142.0 69.45329284667969
endloop
endfacet
facet normal -0.9992959271349532 0.0 0.03751866217623702
outer loop
vertex 42.65666198730469 138.0 57.61753845214844
vertex 43.060638427734375 142.0 68.37730407714844
vertex 42.65666198730469 142.0 57.61753845214844
endloop
endfacet
facet normal -0.9992959271349532 0.0 0.03751866217623702
outer loop
vertex 42.65666198730469 138.0 57.61753845214844
vertex 43.060638427734375 138.0 68.37730407714844
vertex 43.060638427734375 142.0 68.37730407714844
endloop
endfacet
facet normal -0.32236185691218683 0.0 -0.9466165185586648
outer loop
vertex 42.65666198730469 138.0 57.61753845214844
vertex 42.65666198730469 142.0 57.61753845214844
vertex 53.18865966796875 142.0 54.03096008300781
endloop
endfacet
facet normal 0.3510932280978704 -0.9362477153847363 -0.013181829185609797
outer loop
vertex 42.65666198730469 138.0 57.61753845214844
vertex 53.32331848144531 142.0 57.61753845214844
vertex 43.060638427734375 138.0 68.37730407714844
endloop
endfacet
facet normal 0.0 -0.9999999999999999 0.0
outer loop
vertex 53.7509765625 142.0 43.62980651855469
vertex 53.18865966796875 142.0 54.03096008300781
vertex 42.65666198730469 142.0 57.61753845214844
endloop
endfacet
facet normal 0.3510932279248398 -0.9362477149233219 -0.013181866566418683
outer loop
vertex 42.65666198730469 138.0 57.61753845214844
vertex 53.18865966796875 142.0 54.03096008300781
vertex 53.32331848144531 142.0 57.61753845214844
endloop
endfacet
facet normal 0.0 -0.0 1.0
outer loop
vertex 43.060638427734375 138.0 68.37730407714844
vertex 53.72731018066406 142.0 68.37730407714844
vertex 43.060638427734375 142.0 68.37730407714844
endloop
endfacet
facet normal 0.0 -1.0 0.0
outer loop
vertex 31.481552124023438 142.0 69.45329284667969
vertex 43.060638427734375 142.0 68.37730407714844
vertex 67.48155212402344 142.0 69.45329284667969
endloop
endfacet
facet normal 0.3510927855477144 -0.9362478745648014 -0.013182310466624624
outer loop
vertex 43.060638427734375 138.0 68.37730407714844
vertex 53.32331848144531 142.0 57.61753845214844
vertex 53.72731018066406 142.0 68.37730407714844
endloop
endfacet
facet normal 0.0 -0.0 1.0
outer loop
vertex 31.72393798828125 34.0 75.90916442871094
vertex 67.14329528808594 142.2258062362671 75.90916442871094
vertex 31.72393798828125 142.0 75.90916442871094
endloop
endfacet
facet normal 0.0 -0.0 1.0
outer loop
vertex 31.72393798828125 142.0 75.90916442871094
vertex 67.14329528808594 142.2258062362671 75.90916442871094
vertex 31.72393798828125 144.0 75.90916442871094
endloop
endfacet
facet normal 0.0 0.0 1.0
outer loop
vertex 31.72393798828125 144.0 75.90916442871094
vertex 48.66339111328125 144.0 75.90916442871094
vertex 48.66339111328125 154.0 75.90916442871094
endloop
endfacet
facet normal -0.0 -0.0 1.0
outer loop
vertex 31.72393798828125 144.0 75.90916442871094
vertex 67.14329528808594 142.2258062362671 75.90916442871094
vertex 48.66339111328125 144.0 75.90916442871094
endloop
endfacet
facet normal -0.882947414478603 0.0 0.4694718982703329
outer loop
vertex 48.66339111328125 144.0 75.90916442871094
vertex 54.39768981933594 144.0 86.69380187988281
vertex 54.39768981933594 154.0 86.69380187988281
endloop
endfacet
facet normal 0.8829475987936609 0.0 -0.4694715516242792
outer loop
vertex 49.75083923339844 0.0 44.52912902832031
vertex 49.75083923339844 12.0 44.52912902832031
vertex 60.04878234863281 0.0 63.89674377441406
endloop
endfacet
facet normal 0.8829474686438575 0.0 -0.46947179640038483
outer loop
vertex 49.75083923339844 12.0 44.52912902832031
vertex 58.991973876953125 12.0 61.90916442871094
vertex 58.991973876953125 3.0 61.90916442871094
endloop
endfacet
facet normal 0.8829468063043628 -3.0856104350531873e-06 -0.4694730420667466
outer loop
vertex 49.75083923339844 12.0 44.52912902832031
vertex 58.991973876953125 3.0 61.90916442871094
vertex 60.04878234863281 0.0 63.89674377441406
endloop
endfacet
facet normal 0.0 -0.0 -1.0
outer loop
vertex 34.07542419433594 12.0 61.90916442871094
vertex 65.72393798828125 37.0 61.90916442871094
vertex 58.991973876953125 12.0 61.90916442871094
endloop
endfacet
facet normal -0.0 1.0 0.0
outer loop
vertex 33.72393798828125 37.0 61.90916442871094
vertex 65.72393798828125 37.0 69.45329284667969
vertex 65.72393798828125 37.0 61.90916442871094
endloop
endfacet
facet normal 0.8829487368642994 0.0 -0.4694694112183859
outer loop
vertex 58.991973876953125 3.0 61.90916442871094
vertex 60.04878234863281 3.0 63.89674377441406
vertex 60.04878234863281 0.0 63.89674377441406
endloop
endfacet
facet normal 0.0 0.0 -1.0
outer loop
vertex 58.991973876953125 3.0 61.90916442871094
vertex 58.991973876953125 12.0 61.90916442871094
vertex 65.72393798828125 3.0 61.90916442871094
endloop
endfacet
facet normal 0.0 -0.0 -1.0
outer loop
vertex 33.72393798828125 37.0 69.45329284667969
vertex 67.48155212402344 142.0 69.45329284667969
vertex 65.72393798828125 37.0 69.45329284667969
endloop
endfacet
facet normal 0.0 -1.0 0.0
outer loop
vertex 58.991973876953125 3.0 61.90916442871094
vertex 65.72393798828125 3.0 61.90916442871094
vertex 60.04878234863281 3.0 63.89674377441406
endloop
endfacet
facet normal 0.8829475396532144 0.0 -0.46947166285126896
outer loop
vertex 60.04878234863281 0.0 63.89674377441406
vertex 60.04878234863281 3.0 63.89674377441406
vertex 65.37248229980469 3.0 73.90916442871094
endloop
endfacet
facet normal 0.0 0.0 -1.0
outer loop
vertex 58.991973876953125 12.0 61.90916442871094
vertex 65.72393798828125 37.0 61.90916442871094
vertex 65.72393798828125 3.0 61.90916442871094
endloop
endfacet
facet normal 0.0 -1.0 0.0
outer loop
vertex 60.04878234863281 3.0 63.89674377441406
vertex 65.72393798828125 3.0 61.90916442871094
vertex 65.72393798828125 3.0 73.90916442871094
endloop
endfacet
facet normal 1.0 0.0 -0.0
outer loop
vertex 65.72393798828125 3.0 61.90916442871094
vertex 65.72393798828125 37.0 61.90916442871094
vertex 65.72393798828125 3.0 73.90916442871094
endloop
endfacet
facet normal 0.0 -0.9999999999999999 0.0
outer loop
vertex 60.04878234863281 3.0 63.89674377441406
vertex 65.72393798828125 3.0 73.90916442871094
vertex 65.37248229980469 3.0 73.90916442871094
endloop
endfacet
facet normal 0.8829476923559498 -1.2294826274579154e-06 -0.4694713756575487
outer loop
vertex 60.04878234863281 0.0 63.89674377441406
vertex 65.37248229980469 3.0 73.90916442871094
vertex 68.25306701660156 0.0 79.32676696777344
endloop
endfacet
facet normal 0.9999999999999999 0.0 -0.0
outer loop
vertex 65.72393798828125 37.0 61.90916442871094
vertex 65.72393798828125 37.0 69.45329284667969
vertex 65.72393798828125 34.0 69.45329284667969
endloop
endfacet
facet normal 1.0 0.0 0.0
outer loop
vertex 65.72393798828125 37.0 61.90916442871094
vertex 65.72393798828125 34.0 69.45329284667969
vertex 65.72393798828125 3.0 73.90916442871094
endloop
endfacet
facet normal 1.0 0.0 -0.0
outer loop
vertex 65.72393798828125 34.0 69.45329284667969
vertex 65.72393798828125 34.0 73.90916442871094
vertex 65.72393798828125 3.0 73.90916442871094
endloop
endfacet
facet normal 0.0 0.0 -1.0
outer loop
vertex 65.72393798828125 34.0 69.45329284667969
vertex 65.72393798828125 37.0 69.45329284667969
vertex 67.48155212402344 34.0 69.45329284667969
endloop
endfacet
facet normal 0.0 -1.0 0.0
outer loop
vertex 65.72393798828125 34.0 69.45329284667969
vertex 67.48155212402344 34.0 69.45329284667969
vertex 65.72393798828125 34.0 73.90916442871094
endloop
endfacet
facet normal -0.0 -1.0 0.0
outer loop
vertex 67.48155212402344 34.0 69.45329284667969
vertex 67.72393798828125 34.0 75.90916442871094
vertex 65.72393798828125 34.0 73.90916442871094
endloop
endfacet
facet normal 0.0 0.0 -1.0
outer loop
vertex 65.72393798828125 37.0 69.45329284667969
vertex 67.48155212402344 142.0 69.45329284667969
vertex 67.48155212402344 34.0 69.45329284667969
endloop
endfacet
facet normal 0.9992959297947198 0.0 -0.037518591334246745
outer loop
vertex 67.48155212402344 34.0 69.45329284667969
vertex 67.48155212402344 142.0 69.45329284667969
vertex 67.72393798828125 34.0 75.90916442871094
endloop
endfacet
facet normal -0.0 0.0 1.0
outer loop
vertex 33.72393798828125 34.0 73.90916442871094
vertex 65.37248229980469 12.0 73.90916442871094
vertex 65.72393798828125 34.0 73.90916442871094
endloop
endfacet
facet normal 0.0 -1.0 0.0
outer loop
vertex 33.72393798828125 34.0 73.90916442871094
vertex 65.72393798828125 34.0 73.90916442871094
vertex 67.72393798828125 34.0 75.90916442871094
endloop
endfacet
facet normal 0.0 -1.0 0.0
outer loop
vertex 48.828216552734375 0.0 89.65513610839844
vertex 60.04878234863281 0.0 63.89674377441406
vertex 68.25306701660156 0.0 79.32676696777344
endloop
endfacet
facet normal -0.0 1.0 0.0
outer loop
vertex 41.041168212890625 12.0 75.00984191894531
vertex 68.25306701660156 12.0 79.32676696777344
vertex 65.37248229980469 12.0 73.90916442871094
endloop
endfacet
facet normal 0.0 -1.0 0.0
outer loop
vertex 52.360015869140625 2.5 87.77723693847656
vertex 62.382965087890625 2.5 83.58049011230469
vertex 61.32344055175781 2.5 84.14387512207031
endloop
endfacet
facet normal 0.0 1.0 0.0
outer loop
vertex 52.360015869140625 9.5 87.77723693847656
vertex 55.63725280761719 9.5 87.16725158691406
vertex 64.72128295898438 9.5 81.20463562011719
endloop
endfacet
facet normal 0.0 1.0 0.0
outer loop
vertex 55.63725280761719 9.5 87.16725158691406
vertex 56.69679260253906 9.5 86.60389709472656
vertex 64.72128295898438 9.5 81.20463562011719
endloop
endfacet
facet normal 0.0 -1.0 0.0
outer loop
vertex 52.360015869140625 2.5 87.77723693847656
vertex 64.72128295898438 2.5 81.20463562011719
vertex 62.382965087890625 2.5 83.58049011230469
endloop
endfacet
facet normal 0.4694709173371105 7.799753227980486e-06 0.8829479360153777
outer loop
vertex 48.828216552734375 0.0 89.65513610839844
vertex 68.25306701660156 1.2626953125 79.32676696777344
vertex 64.72128295898438 2.5 81.20463562011719
endloop
endfacet
facet normal 0.4694713126145897 -4.576535948215878e-06 0.8829477258654611
outer loop
vertex 48.828216552734375 12.0 89.65513610839844
vertex 64.72128295898438 9.5 81.20463562011719
vertex 68.25306701660156 12.0 79.32676696777344
endloop
endfacet
facet normal 0.0 1.0 0.0
outer loop
vertex 61.32344055175781 9.5 84.14387512207031
vertex 64.72128295898438 9.5 81.20463562011719
vertex 56.69679260253906 9.5 86.60389709472656
endloop
endfacet
facet normal 0.0 -1.0 0.0
outer loop
vertex 52.360015869140625 2.5 87.77723693847656
vertex 56.69679260253906 2.5 86.60389709472656
vertex 55.63725280761719 2.5 87.16725158691406
endloop
endfacet
facet normal -0.8829479718640536 0.0 0.46947084998022476
outer loop
vertex 52.360015869140625 2.5 87.77723693847656
vertex 57.054718017578125 2.5 96.60670471191406
vertex 52.360015869140625 9.5 87.77723693847656
endloop
endfacet
facet normal 0.4694715081787983 2.9818286992700045e-06 0.882947621888996
outer loop
vertex 48.828216552734375 0.0 89.65513610839844
vertex 64.72128295898438 2.5 81.20463562011719
vertex 52.360015869140625 2.5 87.77723693847656
endloop
endfacet
facet normal 0.0 -1.0 0.0
outer loop
vertex 52.360015869140625 2.5 87.77723693847656
vertex 61.32344055175781 2.5 84.14387512207031
vertex 56.69679260253906 2.5 86.60389709472656
endloop
endfacet
facet normal -0.08092732436164475 -0.9850300588960306 -0.1522056215878626
outer loop
vertex 55.63725280761719 2.5 87.16725158691406
vertex 56.69679260253906 2.5 86.60389709472656
vertex 56.576202392578125 2.149993896484375 88.93315124511719
endloop
endfacet
facet normal -0.0809285142173419 -0.9850299540557954 -0.15220566743525377
outer loop
vertex 56.69679260253906 2.5 86.60389709472656
vertex 57.63572692871094 2.149993896484375 88.36979675292969
vertex 56.576202392578125 2.149993896484375 88.93315124511719
endloop
endfacet
facet normal 0.0 -1.0 0.0
outer loop
vertex 52.360015869140625 2.5 87.77723693847656
vertex 55.63725280761719 2.5 87.16725158691406
vertex 59.86248779296875 2.5 95.11378479003906
endloop
endfacet
facet normal 0.4694715081787983 -2.9818286992700045e-06 0.882947621888996
outer loop
vertex 48.828216552734375 12.0 89.65513610839844
vertex 52.360015869140625 9.5 87.77723693847656
vertex 64.72128295898438 9.5 81.20463562011719
endloop
endfacet
facet normal -0.08092732436164475 0.9850300588960306 -0.1522056215878626
outer loop
vertex 55.63725280761719 9.5 87.16725158691406
vertex 56.576202392578125 9.850006103515625 88.93315124511719
vertex 56.69679260253906 9.5 86.60389709472656
endloop
endfacet
facet normal -0.0809285142173419 0.9850299540557954 -0.15220566743525377
outer loop
vertex 56.69679260253906 9.5 86.60389709472656
vertex 56.576202392578125 9.850006103515625 88.93315124511719
vertex 57.63572692871094 9.850006103515625 88.36979675292969
endloop
endfacet
facet normal -0.0 1.0 0.0
outer loop
vertex 52.360015869140625 9.5 87.77723693847656
vertex 57.054718017578125 9.5 96.60670471191406
vertex 55.63725280761719 9.5 87.16725158691406
endloop
endfacet
facet normal -0.8829479718640536 0.0 0.46947084998022476
outer loop
vertex 52.360015869140625 9.5 87.77723693847656
vertex 57.054718017578125 2.5 96.60670471191406
vertex 57.054718017578125 9.5 96.60670471191406
endloop
endfacet
facet normal 0.0 -1.0 0.0
outer loop
vertex 52.360015869140625 2.5 87.77723693847656
vertex 59.86248779296875 2.5 95.11378479003906
vertex 57.054718017578125 2.5 96.60670471191406
endloop
endfacet
facet normal -0.8829481301227745 -1.6836688011845317e-05 0.4694705520362509
outer loop
vertex 55.63725280761719 2.5 87.16725158691406
vertex 56.576202392578125 2.149993896484375 88.93315124511719
vertex 59.86248779296875 2.5 95.11378479003906
endloop
endfacet
facet normal 0.0 -0.9999999999999999 0.0
outer loop
vertex 56.576202392578125 2.149993896484375 88.93315124511719
vertex 57.63572692871094 2.149993896484375 88.36979675292969
vertex 59.39302062988281 2.149993896484375 94.23085021972656
endloop
endfacet
facet normal 0.8829474270618106 -3.021007503142015e-05 -0.4694718736327877
outer loop
vertex 56.69679260253906 2.5 86.60389709472656
vertex 60.92204284667969 2.5 94.55043029785156
vertex 57.63572692871094 2.149993896484375 88.36979675292969
endloop
endfacet
facet normal -0.8829481301227745 1.6836688011845317e-05 0.4694705520362509
outer loop
vertex 55.63725280761719 9.5 87.16725158691406
vertex 59.86248779296875 9.5 95.11378479003906
vertex 56.576202392578125 9.850006103515625 88.93315124511719
endloop
endfacet
facet normal -0.0 0.9999999999999999 0.0
outer loop
vertex 56.576202392578125 9.850006103515625 88.93315124511719
vertex 59.39302062988281 9.850006103515625 94.23085021972656
vertex 57.63572692871094 9.850006103515625 88.36979675292969
endloop
endfacet
facet normal 0.8829474270618106 3.021007503142015e-05 -0.4694718736327877
outer loop
vertex 56.69679260253906 9.5 86.60389709472656
vertex 57.63572692871094 9.850006103515625 88.36979675292969
vertex 60.92204284667969 9.5 94.55043029785156
endloop
endfacet
facet normal -0.0 -1.0 0.0
outer loop
vertex 61.32344055175781 2.5 84.14387512207031
vertex 65.54867553710938 2.5 92.09037780761719
vertex 56.69679260253906 2.5 86.60389709472656
endloop
endfacet
facet normal 0.0 -1.0 0.0
outer loop
vertex 56.69679260253906 2.5 86.60389709472656
vertex 65.54867553710938 2.5 92.09037780761719
vertex 60.92204284667969 2.5 94.55043029785156
endloop
endfacet
facet normal 0.0 1.0 -0.0
outer loop
vertex 61.32344055175781 9.5 84.14387512207031
vertex 56.69679260253906 9.5 86.60389709472656
vertex 60.92204284667969 9.5 94.55043029785156
endloop
endfacet
facet normal -0.8829488550219261 2.5661895981106345e-05 0.469469188293478
outer loop
vertex 56.576202392578125 2.149993896484375 88.93315124511719
vertex 59.39302062988281 2.149993896484375 94.23085021972656
vertex 60.33197021484375 2.5 95.99674987792969
endloop
endfacet
facet normal 0.0 -1.0 0.0
outer loop
vertex 57.63572692871094 2.149993896484375 88.36979675292969
vertex 60.45256042480469 2.149993896484375 93.66746520996094
vertex 59.39302062988281 2.149993896484375 94.23085021972656
endloop
endfacet
facet normal -0.8829469455471477 -6.722030997383838e-05 0.4694727753878727
outer loop
vertex 56.576202392578125 2.149993896484375 88.93315124511719
vertex 60.33197021484375 2.5 95.99674987792969
vertex 59.86248779296875 2.5 95.11378479003906
endloop
endfacet
facet normal -0.6454375217791256 0.0 0.7638130697229661
outer loop
vertex 57.054718017578125 2.5 96.60670471191406
vertex 58.70002746582031 8.699996948242188 97.99702453613281
vertex 57.054718017578125 9.5 96.60670471191406
endloop
endfacet
facet normal -0.6454375217791256 0.0 0.763813069722966
outer loop
vertex 57.054718017578125 2.5 96.60670471191406
vertex 58.70002746582031 3.3000030517578125 97.99702453613281
vertex 58.70002746582031 8.699996948242188 97.99702453613281
endloop
endfacet
facet normal 0.17435150230557514 -0.928481857281321 0.32790699038480053
outer loop
vertex 57.054718017578125 2.5 96.60670471191406
vertex 59.86248779296875 2.5 95.11378479003906
vertex 59.9798583984375 2.600006103515625 95.33454895019531
endloop
endfacet
facet normal 0.17435679130661558 0.928476418038713 0.327919579274038
outer loop
vertex 57.054718017578125 9.5 96.60670471191406
vertex 58.70002746582031 8.699996948242188 97.99702453613281
vertex 59.9798583984375 9.399993896484375 95.33454895019531
endloop
endfacet
facet normal -0.0 1.0 0.0
outer loop
vertex 55.63725280761719 9.5 87.16725158691406
vertex 57.054718017578125 9.5 96.60670471191406
vertex 59.86248779296875 9.5 95.11378479003906
endloop
endfacet
facet normal -0.8829488550219261 -2.5661895981106345e-05 0.469469188293478
outer loop
vertex 56.576202392578125 9.850006103515625 88.93315124511719
vertex 60.33197021484375 9.5 95.99674987792969
vertex 59.39302062988281 9.850006103515625 94.23085021972656
endloop
endfacet
facet normal -0.0 1.0 0.0
outer loop
vertex 57.63572692871094 9.850006103515625 88.36979675292969
vertex 59.39302062988281 9.850006103515625 94.23085021972656
vertex 60.45256042480469 9.850006103515625 93.66746520996094
endloop
endfacet
facet normal -0.8829469455471477 6.722030997383838e-05 0.4694727753878727
outer loop
vertex 56.576202392578125 9.850006103515625 88.93315124511719
vertex 59.86248779296875 9.5 95.11378479003906
vertex 60.33197021484375 9.5 95.99674987792969
endloop
endfacet
facet normal 0.17435150230557514 0.928481857281321 0.32790699038480053
outer loop
vertex 57.054718017578125 9.5 96.60670471191406
vertex 59.9798583984375 9.399993896484375 95.33454895019531
vertex 59.86248779296875 9.5 95.11378479003906
endloop
endfacet
facet normal 0.8829466801070682 8.137861296888057e-07 -0.46947327941773687
outer loop
vertex 57.63572692871094 2.149993896484375 88.36979675292969
vertex 61.391510009765625 2.5 95.43336486816406
vertex 60.45256042480469 2.149993896484375 93.66746520996094
endloop
endfacet
facet normal 0.8829465463617019 7.324158440398507e-06 -0.4694735308984945
outer loop
vertex 57.63572692871094 2.149993896484375 88.36979675292969
vertex 60.92204284667969 2.5 94.55043029785156
vertex 61.391510009765625 2.5 95.43336486816406
endloop
endfacet
facet normal 0.0809307420299768 -0.9850300588960307 0.1522038043734773
outer loop
vertex 59.39302062988281 2.149993896484375 94.23085021972656
vertex 60.45256042480469 2.149993896484375 93.66746520996094
vertex 60.33197021484375 2.5 95.99674987792969
endloop
endfacet
facet normal 0.8829465458846116 -3.3679682098131355e-05 -0.4694735306448197
outer loop
vertex 60.92204284667969 2.5 94.55043029785156
vertex 61.03941345214844 2.600006103515625 94.77116394042969
vertex 61.391510009765625 2.5 95.43336486816406
endloop
endfacet
facet normal -0.8829469424452061 -0.00010744723231733345 0.4694727737385356
outer loop
vertex 59.86248779296875 2.5 95.11378479003906
vertex 60.33197021484375 2.5 95.99674987792969
vertex 59.9798583984375 2.600006103515625 95.33454895019531
endloop
endfacet
facet normal 0.0 1.0 -0.0
outer loop
vertex 61.03941345214844 2.600006103515625 94.77116394042969
vertex 59.9798583984375 2.600006103515625 95.33454895019531
vertex 60.33197021484375 2.600006103515625 95.99674987792969
endloop
endfacet
facet normal -0.8829402211910268 0.0 0.46948542661422493
outer loop
vertex 59.9798583984375 2.600006103515625 95.33454895019531
vertex 60.33197021484375 2.5 95.99674987792969
vertex 60.33197021484375 2.600006103515625 95.99674987792969
endloop
endfacet
facet normal 0.17436199433992813 0.9284747156999849 0.32792163276556713
outer loop
vertex 58.70002746582031 8.699996948242188 97.99702453613281
vertex 61.03941345214844 9.399993896484375 94.77116394042969
vertex 59.9798583984375 9.399993896484375 95.33454895019531
endloop
endfacet
facet normal 0.0809307420299768 -0.9850300588960307 0.1522038043734773
outer loop
vertex 60.45256042480469 2.149993896484375 93.66746520996094
vertex 61.391510009765625 2.5 95.43336486816406
vertex 60.33197021484375 2.5 95.99674987792969
endloop
endfacet
facet normal -0.0 1.0 -0.0
outer loop
vertex 61.03941345214844 2.600006103515625 94.77116394042969
vertex 60.33197021484375 2.600006103515625 95.99674987792969
vertex 61.391510009765625 2.600006103515625 95.43336486816406
endloop
endfacet
facet normal 0.46948306661257094 0.0 0.8829414760696522
outer loop
vertex 60.33197021484375 2.5 95.99674987792969
vertex 61.391510009765625 2.600006103515625 95.43336486816406
vertex 60.33197021484375 2.600006103515625 95.99674987792969
endloop
endfacet
facet normal 0.8829486547680262 0.0 -0.46946956561989506
outer loop
vertex 61.03941345214844 2.600006103515625 94.77116394042969
vertex 61.391510009765625 2.600006103515625 95.43336486816406
vertex 61.391510009765625 2.5 95.43336486816406
endloop
endfacet
facet normal 0.46948306661257094 -0.0 0.8829414760696522
outer loop
vertex 60.33197021484375 2.5 95.99674987792969
vertex 61.391510009765625 2.5 95.43336486816406
vertex 61.391510009765625 2.600006103515625 95.43336486816406
endloop
endfacet
facet normal 0.8829466801070682 -8.137861296888057e-07 -0.46947327941773687
outer loop
vertex 57.63572692871094 9.850006103515625 88.36979675292969
vertex 60.45256042480469 9.850006103515625 93.66746520996094
vertex 61.391510009765625 9.5 95.43336486816406
endloop
endfacet
facet normal 0.8829465463617019 -7.324158440398507e-06 -0.4694735308984945
outer loop
vertex 57.63572692871094 9.850006103515625 88.36979675292969
vertex 61.391510009765625 9.5 95.43336486816406
vertex 60.92204284667969 9.5 94.55043029785156
endloop
endfacet
facet normal 0.0809307420299768 0.9850300588960307 0.1522038043734773
outer loop
vertex 59.39302062988281 9.850006103515625 94.23085021972656
vertex 60.33197021484375 9.5 95.99674987792969
vertex 60.45256042480469 9.850006103515625 93.66746520996094
endloop
endfacet
facet normal 0.8829465458846116 3.3679682098131355e-05 -0.4694735306448197
outer loop
vertex 60.92204284667969 9.5 94.55043029785156
vertex 61.391510009765625 9.5 95.43336486816406
vertex 61.03941345214844 9.399993896484375 94.77116394042969
endloop
endfacet
facet normal -0.8829469424452061 0.00010744723231733345 0.4694727737385356
outer loop
vertex 59.86248779296875 9.5 95.11378479003906
vertex 59.9798583984375 9.399993896484375 95.33454895019531
vertex 60.33197021484375 9.5 95.99674987792969
endloop
endfacet
facet normal -0.8829402211910268 0.0 0.46948542661422493
outer loop
vertex 59.9798583984375 9.399993896484375 95.33454895019531
vertex 60.33197021484375 9.399993896484375 95.99674987792969
vertex 60.33197021484375 9.5 95.99674987792969
endloop
endfacet
facet normal 0.0809307420299768 0.9850300588960307 0.1522038043734773
outer loop
vertex 60.45256042480469 9.850006103515625 93.66746520996094
vertex 60.33197021484375 9.5 95.99674987792969
vertex 61.391510009765625 9.5 95.43336486816406
endloop
endfacet
facet normal 0.0 -0.9999999999999999 0.0
outer loop
vertex 59.9798583984375 9.399993896484375 95.33454895019531
vertex 61.391510009765625 9.399993896484375 95.43336486816406
vertex 60.33197021484375 9.399993896484375 95.99674987792969
endloop
endfacet
facet normal -0.0 -1.0 0.0
outer loop
vertex 61.03941345214844 9.399993896484375 94.77116394042969
vertex 61.391510009765625 9.399993896484375 95.43336486816406
vertex 59.9798583984375 9.399993896484375 95.33454895019531
endloop
endfacet
facet normal 0.46948306661257094 0.0 0.8829414760696522
outer loop
vertex 60.33197021484375 9.399993896484375 95.99674987792969
vertex 61.391510009765625 9.399993896484375 95.43336486816406
vertex 60.33197021484375 9.5 95.99674987792969
endloop
endfacet
facet normal 0.8829486547680262 0.0 -0.46946956561989506
outer loop
vertex 61.03941345214844 9.399993896484375 94.77116394042969
vertex 61.391510009765625 9.5 95.43336486816406
vertex 61.391510009765625 9.399993896484375 95.43336486816406
endloop
endfacet
facet normal 0.46948306661257094 -0.0 0.8829414760696522
outer loop
vertex 60.33197021484375 9.5 95.99674987792969
vertex 61.391510009765625 9.399993896484375 95.43336486816406
vertex 61.391510009765625 9.5 95.43336486816406
endloop
endfacet
facet normal 0.0 0.0 1.0
outer loop
vertex 31.72393798828125 34.0 75.90916442871094
vertex 67.72393798828125 34.0 75.90916442871094
vertex 67.72393798828125 142.0 75.90916442871094
endloop
endfacet
facet normal 0.0 0.0 0.9999999999999999
outer loop
vertex 65.37248229980469 3.0 73.90916442871094
vertex 65.72393798828125 3.0 73.90916442871094
vertex 65.72393798828125 34.0 73.90916442871094
endloop
endfacet
facet normal 0.0 -0.0 1.0
outer loop
vertex 65.37248229980469 3.0 73.90916442871094
vertex 65.72393798828125 34.0 73.90916442871094
vertex 65.37248229980469 12.0 73.90916442871094
endloop
endfacet
facet normal 0.4694713126195062 -0.0 0.8829477258747077
outer loop
vertex 48.828216552734375 0.0 89.65513610839844
vertex 68.25306701660156 0.0 79.32676696777344
vertex 68.25306701660156 1.2626953125 79.32676696777344
endloop
endfacet
facet normal -0.08093193193663029 -0.9850299540474442 -0.15220385022165098
outer loop
vertex 61.32344055175781 2.5 84.14387512207031
vertex 62.382965087890625 2.5 83.58049011230469
vertex 62.26237487792969 2.149993896484375 85.90977478027344
endloop
endfacet
facet normal -0.0809307420299768 -0.9850300588960307 -0.1522038043734773
outer loop
vertex 62.382965087890625 2.5 83.58049011230469
vertex 63.32191467285156 2.149993896484375 85.34638977050781
vertex 62.26237487792969 2.149993896484375 85.90977478027344
endloop
endfacet
facet normal -0.08093193193663029 0.9850299540474442 -0.15220385022165098
outer loop
vertex 61.32344055175781 9.5 84.14387512207031
vertex 62.26237487792969 9.850006103515625 85.90977478027344
vertex 62.382965087890625 9.5 83.58049011230469
endloop
endfacet
facet normal -0.0809307420299768 0.9850300588960307 -0.1522038043734773
outer loop
vertex 62.382965087890625 9.5 83.58049011230469
vertex 62.26237487792969 9.850006103515625 85.90977478027344
vertex 63.32191467285156 9.850006103515625 85.34638977050781
endloop
endfacet
facet normal 0.0 1.0 0.0
outer loop
vertex 61.32344055175781 9.5 84.14387512207031
vertex 62.382965087890625 9.5 83.58049011230469
vertex 64.72128295898438 9.5 81.20463562011719
endloop
endfacet
facet normal 0.4694687870825944 0.0 0.8829490687209527
outer loop
vertex 64.72128295898438 2.5 81.20463562011719
vertex 68.25306701660156 1.2626953125 79.32676696777344
vertex 64.72128295898438 9.5 81.20463562011719
endloop
endfacet
facet normal 0.0 -0.9999999999999999 0.0
outer loop
vertex 62.382965087890625 2.5 83.58049011230469
vertex 64.72128295898438 2.5 81.20463562011719
vertex 69.41598510742188 2.5 90.03410339355469
endloop
endfacet
facet normal -0.0 0.9999999999999999 0.0
outer loop
vertex 62.382965087890625 9.5 83.58049011230469
vertex 69.41598510742188 9.5 90.03410339355469
vertex 64.72128295898438 9.5 81.20463562011719
endloop
endfacet
facet normal 0.8829479745718805 0.0 -0.4694708448875328
outer loop
vertex 65.37248229980469 3.0 73.90916442871094
vertex 65.37248229980469 12.0 73.90916442871094
vertex 68.25306701660156 1.2626953125 79.32676696777344
endloop
endfacet
facet normal 0.8829479745718805 0.0 -0.46947084488753277
outer loop
vertex 65.37248229980469 3.0 73.90916442871094
vertex 68.25306701660156 1.2626953125 79.32676696777344
vertex 68.25306701660156 0.0 79.32676696777344
endloop
endfacet
facet normal 0.8829479745718806 0.0 -0.4694708448875328
outer loop
vertex 65.37248229980469 12.0 73.90916442871094
vertex 68.25306701660156 12.0 79.32676696777344
vertex 68.25306701660156 1.2626953125 79.32676696777344
endloop
endfacet
facet normal 0.4694687870825944 -0.0 0.8829490687209527
outer loop
vertex 64.72128295898438 9.5 81.20463562011719
vertex 68.25306701660156 1.2626953125 79.32676696777344
vertex 68.25306701660156 12.0 79.32676696777344
endloop
endfacet
facet normal 0.8829479718640536 0.0 -0.46947084998022476
outer loop
vertex 64.72128295898438 2.5 81.20463562011719
vertex 64.72128295898438 9.5 81.20463562011719
vertex 69.41598510742188 9.5 90.03410339355469
endloop
endfacet
facet normal -0.8829473824766632 3.075256621523895e-05 0.469471957449951
outer loop
vertex 61.32344055175781 2.5 84.14387512207031
vertex 62.26237487792969 2.149993896484375 85.90977478027344
vertex 65.54867553710938 2.5 92.09037780761719
endloop
endfacet
facet normal -0.0 -1.0 0.0
outer loop
vertex 63.32191467285156 2.149993896484375 85.34638977050781
vertex 65.07920837402344 2.149993896484375 91.20744323730469
vertex 62.26237487792969 2.149993896484375 85.90977478027344
endloop
endfacet
facet normal -0.8829473824766632 -3.075256621523895e-05 0.469471957449951
outer loop
vertex 61.32344055175781 9.5 84.14387512207031
vertex 65.54867553710938 9.5 92.09037780761719
vertex 62.26237487792969 9.850006103515625 85.90977478027344
endloop
endfacet
facet normal 0.0 1.0 -0.0
outer loop
vertex 63.32191467285156 9.850006103515625 85.34638977050781
vertex 62.26237487792969 9.850006103515625 85.90977478027344
vertex 65.07920837402344 9.850006103515625 91.20744323730469
endloop
endfacet
facet normal -0.0 1.0 -0.0
outer loop
vertex 61.32344055175781 9.5 84.14387512207031
vertex 60.92204284667969 9.5 94.55043029785156
vertex 65.54867553710938 9.5 92.09037780761719
endloop
endfacet
facet normal 0.8829481301227745 1.6836688011845317e-05 -0.4694705520362509
outer loop
vertex 62.382965087890625 2.5 83.58049011230469
vertex 66.60820007324219 2.5 91.52702331542969
vertex 63.32191467285156 2.149993896484375 85.34638977050781
endloop
endfacet
facet normal 0.0 -1.0 0.0
outer loop
vertex 63.32191467285156 2.149993896484375 85.34638977050781
vertex 66.13874816894531 2.149993896484375 90.64408874511719
vertex 65.07920837402344 2.149993896484375 91.20744323730469
endloop
endfacet
facet normal -0.8829466801070682 -8.137861296888057e-07 0.46947327941773687
outer loop
vertex 62.26237487792969 2.149993896484375 85.90977478027344
vertex 65.07920837402344 2.149993896484375 91.20744323730469
vertex 66.01815795898438 2.5 92.97334289550781
endloop
endfacet
facet normal -0.8829469474761975 1.2206514375913899e-05 0.46947277641357005
outer loop
vertex 62.26237487792969 2.149993896484375 85.90977478027344
vertex 66.01815795898438 2.5 92.97334289550781
vertex 65.54867553710938 2.5 92.09037780761719
endloop
endfacet
facet normal 0.8829478008501596 2.5661865342812784e-05 -0.4694711709097118
outer loop
vertex 63.32191467285156 2.149993896484375 85.34638977050781
vertex 67.07768249511719 2.5 92.40998840332031
vertex 66.13874816894531 2.149993896484375 90.64408874511719
endloop
endfacet
facet normal 0.8829469455471477 6.722030997383838e-05 -0.4694727753878727
outer loop
vertex 63.32191467285156 2.149993896484375 85.34638977050781
vertex 66.60820007324219 2.5 91.52702331542969
vertex 67.07768249511719 2.5 92.40998840332031
endloop
endfacet
facet normal 0.08092732436164475 -0.9850300588960306 0.1522056215878626
outer loop
vertex 65.07920837402344 2.149993896484375 91.20744323730469
vertex 66.13874816894531 2.149993896484375 90.64408874511719
vertex 66.01815795898438 2.5 92.97334289550781
endloop
endfacet
facet normal 0.8829481301227745 -1.6836688011845317e-05 -0.4694705520362509
outer loop
vertex 62.382965087890625 9.5 83.58049011230469
vertex 63.32191467285156 9.850006103515625 85.34638977050781
vertex 66.60820007324219 9.5 91.52702331542969
endloop
endfacet
facet normal -0.0 1.0 0.0
outer loop
vertex 63.32191467285156 9.850006103515625 85.34638977050781
vertex 65.07920837402344 9.850006103515625 91.20744323730469
vertex 66.13874816894531 9.850006103515625 90.64408874511719
endloop
endfacet
facet normal -0.8829466801070682 8.137861296888057e-07 0.46947327941773687
outer loop
vertex 62.26237487792969 9.850006103515625 85.90977478027344
vertex 66.01815795898438 9.5 92.97334289550781
vertex 65.07920837402344 9.850006103515625 91.20744323730469
endloop
endfacet
facet normal -0.8829469474761975 -1.2206514375913899e-05 0.46947277641357005
outer loop
vertex 62.26237487792969 9.850006103515625 85.90977478027344
vertex 65.54867553710938 9.5 92.09037780761719
vertex 66.01815795898438 9.5 92.97334289550781
endloop
endfacet
facet normal 0.8829478008501596 -2.5661865342812784e-05 -0.4694711709097118
outer loop
vertex 63.32191467285156 9.850006103515625 85.34638977050781
vertex 66.13874816894531 9.850006103515625 90.64408874511719
vertex 67.07768249511719 9.5 92.40998840332031
endloop
endfacet
facet normal 0.8829469455471477 -6.722030997383838e-05 -0.4694727753878727
outer loop
vertex 63.32191467285156 9.850006103515625 85.34638977050781
vertex 67.07768249511719 9.5 92.40998840332031
vertex 66.60820007324219 9.5 91.52702331542969
endloop
endfacet
facet normal 0.08092732436164475 0.9850300588960306 0.1522056215878626
outer loop
vertex 65.07920837402344 9.850006103515625 91.20744323730469
vertex 66.01815795898438 9.5 92.97334289550781
vertex 66.13874816894531 9.850006103515625 90.64408874511719
endloop
endfacet
facet normal 0.17436692371858667 -0.9284680544970347 0.32793787169433136
outer loop
vertex 60.92204284667969 2.5 94.55043029785156
vertex 65.66606140136719 2.600006103515625 92.31114196777344
vertex 61.03941345214844 2.600006103515625 94.77116394042969
endloop
endfacet
facet normal 0.1743606625370486 -0.9284724366888009 0.3279287935951985
outer loop
vertex 57.054718017578125 2.5 96.60670471191406
vertex 59.9798583984375 2.600006103515625 95.33454895019531
vertex 69.64857482910156 3.3000030517578125 92.17558288574219
endloop
endfacet
facet normal 0.17435415395314702 -0.9284813957204611 0.32790688739376456
outer loop
vertex 61.03941345214844 2.600006103515625 94.77116394042969
vertex 69.64857482910156 3.3000030517578125 92.17558288574219
vertex 59.9798583984375 2.600006103515625 95.33454895019531
endloop
endfacet
facet normal 0.1743545446399453 0.9284781251356707 0.32791594030779747
outer loop
vertex 58.70002746582031 8.699996948242188 97.99702453613281
vertex 66.7255859375 9.399993896484375 91.74778747558594
vertex 65.66606140136719 9.399993896484375 92.31114196777344
endloop
endfacet
facet normal 0.17435743729743422 -0.9284765416110616 0.32791888591088186
outer loop
vertex 57.054718017578125 2.5 96.60670471191406
vertex 69.64857482910156 3.3000030517578125 92.17558288574219
vertex 58.70002746582031 3.3000030517578125 97.99702453613281
endloop
endfacet
facet normal 0.17435639752643556 0.9284770233623416 0.32791807472264967
outer loop
vertex 58.70002746582031 8.699996948242188 97.99702453613281
vertex 65.66606140136719 9.399993896484375 92.31114196777344
vertex 61.03941345214844 9.399993896484375 94.77116394042969
endloop
endfacet
facet normal 0.4694712958583191 0.0 0.8829477347867826
outer loop
vertex 58.70002746582031 3.3000030517578125 97.99702453613281
vertex 69.64857482910156 3.3000030517578125 92.17558288574219
vertex 58.70002746582031 8.699996948242188 97.99702453613281
endloop
endfacet
facet normal 0.174369058363666 0.9284680545088702 0.32793673664577744
outer loop
vertex 60.92204284667969 9.5 94.55043029785156
vertex 61.03941345214844 9.399993896484375 94.77116394042969
vertex 65.54867553710938 9.5 92.09037780761719
endloop
endfacet
facet normal 0.174348552033872 -0.928485526178601 0.32789817029153817
outer loop
vertex 60.92204284667969 2.5 94.55043029785156
vertex 65.54867553710938 2.5 92.09037780761719
vertex 65.66606140136719 2.600006103515625 92.31114196777344
endloop
endfacet
facet normal -0.8829469472136362 2.727155672912592e-05 0.4694727762739633
outer loop
vertex 65.54867553710938 2.5 92.09037780761719
vertex 66.01815795898438 2.5 92.97334289550781
vertex 65.66606140136719 2.600006103515625 92.31114196777344
endloop
endfacet
facet normal 0.17435793816694006 -0.9284757106954283 0.3279209722582448
outer loop
vertex 61.03941345214844 2.600006103515625 94.77116394042969
vertex 65.66606140136719 2.600006103515625 92.31114196777344
vertex 69.64857482910156 3.3000030517578125 92.17558288574219
endloop
endfacet
facet normal -0.8829486547680262 0.0 0.46946956561989506
outer loop
vertex 65.66606140136719 2.600006103515625 92.31114196777344
vertex 66.01815795898438 2.5 92.97334289550781
vertex 66.01815795898438 2.600006103515625 92.97334289550781
endloop
endfacet
facet normal 0.17436831909365932 0.928469626796869 0.3279326781705889
outer loop
vertex 58.70002746582031 8.699996948242188 97.99702453613281
vertex 69.41598510742188 9.5 90.03410339355469
vertex 66.7255859375 9.399993896484375 91.74778747558594
endloop
endfacet
facet normal 0.17435718428616973 0.9284767571823638 0.32791841006555367
outer loop
vertex 58.70002746582031 8.699996948242188 97.99702453613281
vertex 69.64857482910156 8.699996948242188 92.17558288574219
vertex 69.41598510742188 9.5 90.03410339355469
endloop
endfacet
facet normal 0.17434641763648853 0.9284855261696184 0.32789930520031607
outer loop
vertex 61.03941345214844 9.399993896484375 94.77116394042969
vertex 65.66606140136719 9.399993896484375 92.31114196777344
vertex 65.54867553710938 9.5 92.09037780761719
endloop
endfacet
facet normal -0.8829469472136362 -2.727155672912592e-05 0.4694727762739633
outer loop
vertex 65.54867553710938 9.5 92.09037780761719
vertex 65.66606140136719 9.399993896484375 92.31114196777344
vertex 66.01815795898438 9.5 92.97334289550781
endloop
endfacet
facet normal -0.8829486547680262 0.0 0.46946956561989506
outer loop
vertex 65.66606140136719 9.399993896484375 92.31114196777344
vertex 66.01815795898438 9.399993896484375 92.97334289550781
vertex 66.01815795898438 9.5 92.97334289550781
endloop
endfacet
facet normal 0.0 -1.0 0.0
outer loop
vertex 62.382965087890625 2.5 83.58049011230469
vertex 69.41598510742188 2.5 90.03410339355469
vertex 66.60820007324219 2.5 91.52702331542969
endloop
endfacet
facet normal 0.8829479718640536 0.0 -0.46947084998022476
outer loop
vertex 64.72128295898438 2.5 81.20463562011719
vertex 69.41598510742188 9.5 90.03410339355469
vertex 69.41598510742188 2.5 90.03410339355469
endloop
endfacet
facet normal 0.17434645731323536 -0.9284855261698349 0.32789928410328856
outer loop
vertex 66.60820007324219 2.5 91.52702331542969
vertex 69.41598510742188 2.5 90.03410339355469
vertex 66.7255859375 2.600006103515625 91.74778747558594
endloop
endfacet
facet normal -0.0 1.0 0.0
outer loop
vertex 62.382965087890625 9.5 83.58049011230469
vertex 66.60820007324219 9.5 91.52702331542969
vertex 69.41598510742188 9.5 90.03410339355469
endloop
endfacet
facet normal 0.17434645731323536 0.9284855261698349 0.32789928410328856
outer loop
vertex 66.60820007324219 9.5 91.52702331542969
vertex 66.7255859375 9.399993896484375 91.74778747558594
vertex 69.41598510742188 9.5 90.03410339355469
endloop
endfacet
facet normal 0.1743588102144566 -0.9284765425396438 0.32791815328558416
outer loop
vertex 66.7255859375 2.600006103515625 91.74778747558594
vertex 69.41598510742188 2.5 90.03410339355469
vertex 69.64857482910156 3.3000030517578125 92.17558288574219
endloop
endfacet
facet normal 0.9941534259248608 0.0 -0.10797669064137157
outer loop
vertex 69.41598510742188 2.5 90.03410339355469
vertex 69.41598510742188 9.5 90.03410339355469
vertex 69.64857482910156 3.3000030517578125 92.17558288574219
endloop
endfacet
facet normal 0.9941534259248607 0.0 -0.10797669064137157
outer loop
vertex 69.41598510742188 9.5 90.03410339355469
vertex 69.64857482910156 8.699996948242188 92.17558288574219
vertex 69.64857482910156 3.3000030517578125 92.17558288574219
endloop
endfacet
facet normal -0.0 1.0 0.0
outer loop
vertex 65.66606140136719 2.600006103515625 92.31114196777344
vertex 66.01815795898438 2.600006103515625 92.97334289550781
vertex 66.7255859375 2.600006103515625 91.74778747558594
endloop
endfacet
facet normal 0.0809285142173419 -0.9850299540557954 0.15220566743525377
outer loop
vertex 66.13874816894531 2.149993896484375 90.64408874511719
vertex 67.07768249511719 2.5 92.40998840332031
vertex 66.01815795898438 2.5 92.97334289550781
endloop
endfacet
facet normal 0.46946851143254126 0.0 0.8829492152855192
outer loop
vertex 66.01815795898438 2.5 92.97334289550781
vertex 67.07768249511719 2.600006103515625 92.40998840332031
vertex 66.01815795898438 2.600006103515625 92.97334289550781
endloop
endfacet
facet normal -0.0 1.0 -0.0
outer loop
vertex 66.7255859375 2.600006103515625 91.74778747558594
vertex 66.01815795898438 2.600006103515625 92.97334289550781
vertex 67.07768249511719 2.600006103515625 92.40998840332031
endloop
endfacet
facet normal 0.46946851143254126 -0.0 0.8829492152855192
outer loop
vertex 66.01815795898438 2.5 92.97334289550781
vertex 67.07768249511719 2.5 92.40998840332031
vertex 67.07768249511719 2.600006103515625 92.40998840332031
endloop
endfacet
facet normal 0.8829469472136362 -2.727155672912592e-05 -0.4694727762739633
outer loop
vertex 66.60820007324219 2.5 91.52702331542969
vertex 66.7255859375 2.600006103515625 91.74778747558594
vertex 67.07768249511719 2.5 92.40998840332031
endloop
endfacet
facet normal 0.8829486547680262 0.0 -0.46946956561989506
outer loop
vertex 66.7255859375 2.600006103515625 91.74778747558594
vertex 67.07768249511719 2.600006103515625 92.40998840332031
vertex 67.07768249511719 2.5 92.40998840332031
endloop
endfacet
facet normal 0.4694712958583191 -0.0 0.8829477347867826
outer loop
vertex 58.70002746582031 8.699996948242188 97.99702453613281
vertex 69.64857482910156 3.3000030517578125 92.17558288574219
vertex 69.64857482910156 8.699996948242188 92.17558288574219
endloop
endfacet
facet normal 0.1743579032925951 -0.9284752634719142 0.3279222570673869
outer loop
vertex 65.66606140136719 2.600006103515625 92.31114196777344
vertex 66.7255859375 2.600006103515625 91.74778747558594
vertex 69.64857482910156 3.3000030517578125 92.17558288574219
endloop
endfacet
facet normal 0.0809285142173419 0.9850299540557954 0.15220566743525377
outer loop
vertex 66.13874816894531 9.850006103515625 90.64408874511719
vertex 66.01815795898438 9.5 92.97334289550781
vertex 67.07768249511719 9.5 92.40998840332031
endloop
endfacet
facet normal 0.0 -1.0 0.0
outer loop
vertex 65.66606140136719 9.399993896484375 92.31114196777344
vertex 66.7255859375 9.399993896484375 91.74778747558594
vertex 67.07768249511719 9.399993896484375 92.40998840332031
endloop
endfacet
facet normal 0.0 -1.0 0.0
outer loop
vertex 65.66606140136719 9.399993896484375 92.31114196777344
vertex 67.07768249511719 9.399993896484375 92.40998840332031
vertex 66.01815795898438 9.399993896484375 92.97334289550781
endloop
endfacet
facet normal 0.46946851143254126 0.0 0.8829492152855192
outer loop
vertex 66.01815795898438 9.399993896484375 92.97334289550781
vertex 67.07768249511719 9.399993896484375 92.40998840332031
vertex 66.01815795898438 9.5 92.97334289550781
endloop
endfacet
facet normal 0.46946851143254126 -0.0 0.8829492152855192
outer loop
vertex 66.01815795898438 9.5 92.97334289550781
vertex 67.07768249511719 9.399993896484375 92.40998840332031
vertex 67.07768249511719 9.5 92.40998840332031
endloop
endfacet
facet normal 0.8829469472136362 2.727155672912592e-05 -0.4694727762739633
outer loop
vertex 66.60820007324219 9.5 91.52702331542969
vertex 67.07768249511719 9.5 92.40998840332031
vertex 66.7255859375 9.399993896484375 91.74778747558594
endloop
endfacet
facet normal 0.8829486547680262 0.0 -0.46946956561989506
outer loop
vertex 66.7255859375 9.399993896484375 91.74778747558594
vertex 67.07768249511719 9.5 92.40998840332031
vertex 67.07768249511719 9.399993896484375 92.40998840332031
endloop
endfacet
facet normal 0.8829910381170437 -0.00046329673496653623 -0.4693896163754804
outer loop
vertex 53.7509765625 142.0 43.62980651855469
vertex 58.3472900390625 143.95921850204468 52.27421569824219
vertex 58.46429443359375 144.0 52.49427795410156
endloop
endfacet
facet normal 0.35110105284142257 -0.9362449042883663 -0.013173074345518945
outer loop
vertex 58.3472900390625 143.95921850204468 52.27421569824219
vertex 58.45466613769531 144.0 52.23765563964844
vertex 58.46429443359375 144.0 52.49427795410156
endloop
endfacet
facet normal -0.322315095842535 -0.0 -0.9466324413371947
outer loop
vertex 58.3472900390625 143.95921850204468 52.27421569824219
vertex 58.45466613769531 154.0 52.23765563964844
vertex 58.45466613769531 144.0 52.23765563964844
endloop
endfacet
facet normal 0.9992968923795621 0.0 -0.03749294441024519
outer loop
vertex 58.45466613769531 144.0 52.23765563964844
vertex 58.46429443359375 154.0 52.49427795410156
vertex 58.46429443359375 144.0 52.49427795410156
endloop
endfacet
facet normal -0.0 -1.0 0.0
outer loop
vertex 53.7509765625 142.0 43.62980651855469
vertex 67.48155212402344 142.0 69.45329284667969
vertex 53.18865966796875 142.0 54.03096008300781
endloop
endfacet
facet normal -0.0 -1.0 0.0
outer loop
vertex 53.18865966796875 142.0 54.03096008300781
vertex 67.48155212402344 142.0 69.45329284667969
vertex 53.32331848144531 142.0 57.61753845214844
endloop
endfacet
facet normal 0.8829478150576692 -8.112918295197377e-08 -0.4694711448905902
outer loop
vertex 53.7509765625 142.0 43.62980651855469
vertex 58.46429443359375 144.0 52.49427795410156
vertex 67.48155212402344 142.0 69.45329284667969
endloop
endfacet
facet normal 0.882947819023651 0.0 -0.4694711374316614
outer loop
vertex 58.46429443359375 144.0 52.49427795410156
vertex 58.46429443359375 154.0 52.49427795410156
vertex 67.48155212402344 142.0 69.45329284667969
endloop
endfacet
facet normal 0.0 -1.0 0.0
outer loop
vertex 43.060638427734375 142.0 68.37730407714844
vertex 53.72731018066406 142.0 68.37730407714844
vertex 67.48155212402344 142.0 69.45329284667969
endloop
endfacet
facet normal -0.0 -1.0 0.0
outer loop
vertex 53.32331848144531 142.0 57.61753845214844
vertex 67.48155212402344 142.0 69.45329284667969
vertex 53.72731018066406 142.0 68.37730407714844
endloop
endfacet
facet normal 0.9992969367476443 1.6060368942174255e-06 -0.037491761817702036
outer loop
vertex 67.72393798828125 34.0 75.90916442871094
vertex 67.48155212402344 142.0 69.45329284667969
vertex 67.48545837402344 142.2258062362671 69.55741882324219
endloop
endfacet
facet normal 0.8829478190236512 0.0 -0.46947113743166147
outer loop
vertex 67.48155212402344 142.0 69.45329284667969
vertex 58.46429443359375 154.0 52.49427795410156
vertex 67.48155212402344 144.0 69.45329284667969
endloop
endfacet
facet normal 0.9992970672285522 0.0 -0.0374882838819621
outer loop
vertex 67.48155212402344 142.0 69.45329284667969
vertex 67.48155212402344 144.0 69.45329284667969
vertex 67.48545837402344 142.2258062362671 69.55741882324219
endloop
endfacet
facet normal 0.999296041711847 -1.6060231563091803e-06 -0.037515610303645135
outer loop
vertex 67.48545837402344 142.2258062362671 69.55741882324219
vertex 67.48155212402344 144.0 69.45329284667969
vertex 67.72393798828125 156.0 75.90916442871094
endloop
endfacet
facet normal 0.0 -0.0 1.0
outer loop
vertex 31.72393798828125 34.0 75.90916442871094
vertex 67.72393798828125 142.0 75.90916442871094
vertex 67.14329528808594 142.2258062362671 75.90916442871094
endloop
endfacet
facet normal 0.0 -1.0 0.0
outer loop
vertex 48.66339111328125 144.0 75.90916442871094
vertex 66.78450012207031 144.0 75.90916442871094
vertex 54.39768981933594 144.0 86.69380187988281
endloop
endfacet
facet normal 0.4694732075637373 -0.0 0.8829467183130678
outer loop
vertex 57.488006591796875 146.5 85.05064392089844
vertex 57.488006591796875 151.5 85.05064392089844
vertex 54.39768981933594 144.0 86.69380187988281
endloop
endfacet
facet normal -0.0 -0.0 1.0
outer loop
vertex 48.66339111328125 144.0 75.90916442871094
vertex 67.14329528808594 142.2258062362671 75.90916442871094
vertex 66.78450012207031 144.0 75.90916442871094
endloop
endfacet
facet normal 0.0 -1.0 0.0
outer loop
vertex 57.488006591796875 146.5 85.05064392089844
vertex 60.63279724121094 146.5 84.51109313964844
vertex 59.57325744628906 146.5 85.07444763183594
endloop
endfacet
facet normal 0.46947136570087195 2.920455384143121e-06 0.8829476976460322
outer loop
vertex 57.488006591796875 146.5 85.05064392089844
vertex 54.39768981933594 144.0 86.69380187988281
vertex 68.52484130859375 144.0 79.18226623535156
endloop
endfacet
facet normal 0.0 -1.0 0.0
outer loop
vertex 57.488006591796875 146.5 85.05064392089844
vertex 63.22865295410156 146.5 83.13084411621094
vertex 60.63279724121094 146.5 84.51109313964844
endloop
endfacet
facet normal -0.0809259336652867 -0.9850305773031837 -0.15220300600894307
outer loop
vertex 59.57325744628906 146.5 85.07444763183594
vertex 60.63279724121094 146.5 84.51109313964844
vertex 60.51220703125 146.15000009536743 86.84034729003906
endloop
endfacet
facet normal -0.8829479718640534 0.0 0.4694708499802247
outer loop
vertex 57.488006591796875 146.5 85.05064392089844
vertex 62.182708740234375 146.5 93.88011169433594
vertex 57.488006591796875 151.5 85.05064392089844
endloop
endfacet
facet normal 0.0 -1.0 0.0
outer loop
vertex 57.488006591796875 146.5 85.05064392089844
vertex 59.57325744628906 146.5 85.07444763183594
vertex 63.79850769042969 146.5 93.02098083496094
endloop
endfacet
facet normal -0.0809271235008328 -0.9850304724664964 -0.1522030518561031
outer loop
vertex 60.63279724121094 146.5 84.51109313964844
vertex 61.57173156738281 146.15000009536743 86.27699279785156
vertex 60.51220703125 146.15000009536743 86.84034729003906
endloop
endfacet
facet normal -0.8829474274344334 -8.28285338654036e-06 0.469471873830915
outer loop
vertex 59.57325744628906 146.5 85.07444763183594
vertex 60.51220703125 146.15000009536743 86.84034729003906
vertex 63.79850769042969 146.5 93.02098083496094
endloop
endfacet
facet normal 0.0 -0.9999999999999999 0.0
outer loop
vertex 57.488006591796875 146.5 85.05064392089844
vertex 63.79850769042969 146.5 93.02098083496094
vertex 62.182708740234375 146.5 93.88011169433594
endloop
endfacet
facet normal 0.9992959111408066 0.0 -0.03751908817209026
outer loop
vertex 67.72393798828125 34.0 75.90916442871094
vertex 67.48545837402344 142.2258062362671 69.55741882324219
vertex 67.72393798828125 142.0 75.90916442871094
endloop
endfacet
facet normal 0.0 -0.9999999999999999 0.0
outer loop
vertex 54.39768981933594 144.0 86.69380187988281
vertex 66.78450012207031 144.0 75.90916442871094
vertex 68.52484130859375 144.0 79.18226623535156
endloop
endfacet
facet normal 0.0 -1.0 0.0
outer loop
vertex 57.488006591796875 146.5 85.05064392089844
vertex 64.28819274902344 146.5 82.56745910644531
vertex 63.22865295410156 146.5 83.13084411621094
endloop
endfacet
facet normal 0.0 -1.0 0.0
outer loop
vertex 57.488006591796875 146.5 85.05064392089844
vertex 65.43452453613281 146.5 80.82542419433594
vertex 64.28819274902344 146.5 82.56745910644531
endloop
endfacet
facet normal 0.46946993313189517 -5.191928277324484e-06 0.8829484593441329
outer loop
vertex 57.488006591796875 146.5 85.05064392089844
vertex 68.52484130859375 144.0 79.18226623535156
vertex 65.43452453613281 146.5 80.82542419433594
endloop
endfacet
facet normal -0.0809293512748878 -0.9850305773031837 -0.15220118882578568
outer loop
vertex 63.22865295410156 146.5 83.13084411621094
vertex 64.28819274902344 146.5 82.56745910644531
vertex 64.1676025390625 146.15000009536743 84.89674377441406
endloop
endfacet
facet normal -0.0809293512748878 -0.9850305773031837 -0.15220118882578568
outer loop
vertex 64.28819274902344 146.5 82.56745910644531
vertex 65.22714233398438 146.15000009536743 84.33335876464844
vertex 64.1676025390625 146.15000009536743 84.89674377441406
endloop
endfacet
facet normal 0.9992959111408067 0.0 -0.03751908817209026
outer loop
vertex 67.48545837402344 142.2258062362671 69.55741882324219
vertex 67.72393798828125 156.0 75.90916442871094
vertex 67.72393798828125 142.0 75.90916442871094
endloop
endfacet
facet normal -0.0 0.0 1.0
outer loop
vertex 66.78450012207031 144.0 75.90916442871094
vertex 67.14329528808594 142.2258062362671 75.90916442871094
vertex 67.72393798828125 156.0 75.90916442871094
endloop
endfacet
facet normal -0.0 0.0 1.0
outer loop
vertex 67.14329528808594 142.2258062362671 75.90916442871094
vertex 67.72393798828125 142.0 75.90916442871094
vertex 67.72393798828125 156.0 75.90916442871094
endloop
endfacet
facet normal 0.8829473596979571 0.0 -0.469472001297635
outer loop
vertex 66.78450012207031 144.0 75.90916442871094
vertex 66.78450012207031 154.0 75.90916442871094
vertex 68.52484130859375 144.0 79.18226623535156
endloop
endfacet
facet normal 0.4694732075637373 -0.0 0.8829467183130678
outer loop
vertex 65.43452453613281 146.5 80.82542419433594
vertex 68.52484130859375 144.0 79.18226623535156
vertex 68.52484130859375 154.0 79.18226623535156
endloop
endfacet
facet normal 0.0 -1.0 0.0
outer loop
vertex 64.28819274902344 146.5 82.56745910644531
vertex 65.43452453613281 146.5 80.82542419433594
vertex 70.12924194335938 146.5 89.65486145019531
endloop
endfacet
facet normal 0.0 -0.9999999999999999 0.0
outer loop
vertex 60.51220703125 146.15000009536743 86.84034729003906
vertex 61.57173156738281 146.15000009536743 86.27699279785156
vertex 63.32902526855469 146.15000009536743 92.13804626464844
endloop
endfacet
facet normal 0.8829466794252584 -3.930723141583436e-05 -0.4694732790552104
outer loop
vertex 60.63279724121094 146.5 84.51109313964844
vertex 64.85804748535156 146.5 92.45759582519531
vertex 61.57173156738281 146.15000009536743 86.27699279785156
endloop
endfacet
facet normal 0.0 -1.0 0.0
outer loop
vertex 61.57173156738281 146.15000009536743 86.27699279785156
vertex 64.38856506347656 146.15000009536743 91.57466125488281
vertex 63.32902526855469 146.15000009536743 92.13804626464844
endloop
endfacet
facet normal -0.8829488533546517 6.659682616957402e-05 0.4694691874069782
outer loop
vertex 60.51220703125 146.15000009536743 86.84034729003906
vertex 63.32902526855469 146.15000009536743 92.13804626464844
vertex 64.26797485351562 146.5 93.90391540527344
endloop
endfacet
facet normal -0.8829465454586155 -4.5817713185047706e-05 0.4694735304183123
outer loop
vertex 60.51220703125 146.15000009536743 86.84034729003906
vertex 64.26797485351562 146.5 93.90391540527344
vertex 63.79850769042969 146.5 93.02098083496094
endloop
endfacet
facet normal 0.8829466801070681 8.13800542735736e-07 -0.4694732794177368
outer loop
vertex 61.57173156738281 146.15000009536743 86.27699279785156
vertex 65.3275146484375 146.5 93.34056091308594
vertex 64.38856506347656 146.15000009536743 91.57466125488281
endloop
endfacet
facet normal 0.0 -1.0 0.0
outer loop
vertex 60.63279724121094 146.5 84.51109313964844
vertex 63.22865295410156 146.5 83.13084411621094
vertex 67.45390319824219 146.5 91.07737731933594
endloop
endfacet
facet normal -0.8829474274344334 -8.28285338654036e-06 0.469471873830915
outer loop
vertex 63.22865295410156 146.5 83.13084411621094
vertex 64.1676025390625 146.15000009536743 84.89674377441406
vertex 67.45390319824219 146.5 91.07737731933594
endloop
endfacet
facet normal 0.0 -1.0 0.0
outer loop
vertex 64.1676025390625 146.15000009536743 84.89674377441406
vertex 65.22714233398438 146.15000009536743 84.33335876464844
vertex 66.98443603515625 146.15000009536743 90.19441223144531
endloop
endfacet
facet normal 0.0 -1.0 0.0
outer loop
vertex 60.63279724121094 146.5 84.51109313964844
vertex 67.45390319824219 146.5 91.07737731933594
vertex 64.85804748535156 146.5 92.45759582519531
endloop
endfacet
facet normal 0.8829532271940859 -0.0003201498958381383 -0.4694608568257775
outer loop
vertex 61.57173156738281 146.15000009536743 86.27699279785156
vertex 64.85804748535156 146.5 92.45759582519531
vertex 65.3275146484375 146.5 93.34056091308594
endloop
endfacet
facet normal 0.17435743911111962 -0.9284759933623753 0.3279204372654481
outer loop
vertex 62.182708740234375 146.5 93.88011169433594
vertex 63.79850769042969 146.5 93.02098083496094
vertex 63.91587829589844 146.59999990463257 93.24171447753906
endloop
endfacet
facet normal -0.6454410140053424 0.0 0.7638101187073626
outer loop
vertex 62.182708740234375 146.5 93.88011169433594
vertex 63.8280029296875 147.29999995231628 95.27043151855469
vertex 63.8280029296875 150.70000004768372 95.27043151855469
endloop
endfacet
facet normal 0.08093040921612377 -0.9850301829539944 0.15220317846132933
outer loop
vertex 64.38856506347656 146.15000009536743 91.57466125488281
vertex 64.26797485351562 146.5 93.90391540527344
vertex 63.32902526855469 146.15000009536743 92.13804626464844
endloop
endfacet
facet normal -0.8829465458845495 3.368176986422715e-05 0.46947353064478664
outer loop
vertex 63.79850769042969 146.5 93.02098083496094
vertex 64.26797485351562 146.5 93.90391540527344
vertex 63.91587829589844 146.59999990463257 93.24171447753906
endloop
endfacet
facet normal -0.0 1.0 0.0
outer loop
vertex 63.91587829589844 146.59999990463257 93.24171447753906
vertex 64.26797485351562 146.59999990463257 93.90391540527344
vertex 64.97540283203125 146.59999990463257 92.67835998535156
endloop
endfacet
facet normal 0.0809259336652867 -0.9850305773031837 0.15220300600894307
outer loop
vertex 64.38856506347656 146.15000009536743 91.57466125488281
vertex 65.3275146484375 146.5 93.34056091308594
vertex 64.26797485351562 146.5 93.90391540527344
endloop
endfacet
facet normal 0.0 1.0 0.0
outer loop
vertex 64.26797485351562 146.59999990463257 93.90391540527344
vertex 65.3275146484375 146.59999990463257 93.34056091308594
vertex 64.97540283203125 146.59999990463257 92.67835998535156
endloop
endfacet
facet normal -0.8829486547680263 0.0 0.46946956561989506
outer loop
vertex 63.91587829589844 146.59999990463257 93.24171447753906
vertex 64.26797485351562 146.5 93.90391540527344
vertex 64.26797485351562 146.59999990463257 93.90391540527344
endloop
endfacet
facet normal 0.4694632405567483 0.0 0.8829520178163459
outer loop
vertex 64.26797485351562 146.5 93.90391540527344
vertex 65.3275146484375 146.59999990463257 93.34056091308594
vertex 64.26797485351562 146.59999990463257 93.90391540527344
endloop
endfacet
facet normal 0.882953253252181 0.00020849724564635973 -0.469460870680708
outer loop
vertex 64.85804748535156 146.5 92.45759582519531
vertex 64.97540283203125 146.59999990463257 92.67835998535156
vertex 65.3275146484375 146.5 93.34056091308594
endloop
endfacet
facet normal 0.8829402211910267 0.0 -0.4694854266142249
outer loop
vertex 64.97540283203125 146.59999990463257 92.67835998535156
vertex 65.3275146484375 146.59999990463257 93.34056091308594
vertex 65.3275146484375 146.5 93.34056091308594
endloop
endfacet
facet normal 0.17434628156118936 -0.9284861259952817 0.3278976790708656
outer loop
vertex 64.85804748535156 146.5 92.45759582519531
vertex 67.57127380371094 146.59999990463257 91.29811096191406
vertex 64.97540283203125 146.59999990463257 92.67835998535156
endloop
endfacet
facet normal 0.1743585692230306 -0.9284746216439369 0.32792372024854466
outer loop
vertex 62.182708740234375 146.5 93.88011169433594
vertex 63.91587829589844 146.59999990463257 93.24171447753906
vertex 70.36181640625 147.29999995231628 91.79634094238281
endloop
endfacet
facet normal 0.4694632405567483 -0.0 0.8829520178163459
outer loop
vertex 64.26797485351562 146.5 93.90391540527344
vertex 65.3275146484375 146.5 93.34056091308594
vertex 65.3275146484375 146.59999990463257 93.34056091308594
endloop
endfacet
facet normal 0.1743574847039402 -0.9284765965510908 0.3279187051459833
outer loop
vertex 62.182708740234375 146.5 93.88011169433594
vertex 70.36181640625 147.29999995231628 91.79634094238281
vertex 63.8280029296875 147.29999995231628 95.27043151855469
endloop
endfacet
facet normal 0.8829481301227701 1.6836986208098045e-05 -0.4694705520362485
outer loop
vertex 64.28819274902344 146.5 82.56745910644531
vertex 68.513427734375 146.5 90.51399230957031
vertex 65.22714233398438 146.15000009536743 84.33335876464844
endloop
endfacet
facet normal 0.0 -1.0 0.0
outer loop
vertex 65.22714233398438 146.15000009536743 84.33335876464844
vertex 68.04397583007812 146.15000009536743 89.63105773925781
vertex 66.98443603515625 146.15000009536743 90.19441223144531
endloop
endfacet
facet normal 0.8829478008501492 2.5662319842657113e-05 -0.46947117090970636
outer loop
vertex 65.22714233398438 146.15000009536743 84.33335876464844
vertex 68.98291015625 146.5 91.39695739746094
vertex 68.04397583007812 146.15000009536743 89.63105773925781
endloop
endfacet
facet normal 0.8829469455470772 6.722150051941614e-05 -0.46947277538783516
outer loop
vertex 65.22714233398438 146.15000009536743 84.33335876464844
vertex 68.513427734375 146.5 90.51399230957031
vertex 68.98291015625 146.5 91.39695739746094
endloop
endfacet
facet normal 0.0 -1.0 0.0
outer loop
vertex 64.28819274902344 146.5 82.56745910644531
vertex 70.12924194335938 146.5 89.65486145019531
vertex 68.513427734375 146.5 90.51399230957031
endloop
endfacet
facet normal -0.8829466794252585 -3.9307231415834366e-05 0.46947327905521047
outer loop
vertex 64.1676025390625 146.15000009536743 84.89674377441406
vertex 66.98443603515625 146.15000009536743 90.19441223144531
vertex 67.92337036132812 146.5 91.96031188964844
endloop
endfacet
facet normal -0.8829465454586155 -4.5817713185047706e-05 0.4694735304183123
outer loop
vertex 64.1676025390625 146.15000009536743 84.89674377441406
vertex 67.92337036132812 146.5 91.96031188964844
vertex 67.45390319824219 146.5 91.07737731933594
endloop
endfacet
facet normal 0.1743559679998484 -0.9284759933507672 0.327921219493557
outer loop
vertex 64.85804748535156 146.5 92.45759582519531
vertex 67.45390319824219 146.5 91.07737731933594
vertex 67.57127380371094 146.59999990463257 91.29811096191406
endloop
endfacet
facet normal 0.08092621490638092 -0.9850304724662334 0.15220353495853953
outer loop
vertex 66.98443603515625 146.15000009536743 90.19441223144531
vertex 68.04397583007812 146.15000009536743 89.63105773925781
vertex 67.92337036132812 146.5 91.96031188964844
endloop
endfacet
facet normal -0.8829465458845495 3.368176986422715e-05 0.46947353064478664
outer loop
vertex 67.45390319824219 146.5 91.07737731933594
vertex 67.92337036132812 146.5 91.96031188964844
vertex 67.57127380371094 146.59999990463257 91.29811096191406
endloop
endfacet
facet normal -0.8829486547680263 0.0 0.46946956561989506
outer loop
vertex 67.57127380371094 146.59999990463257 91.29811096191406
vertex 67.92337036132812 146.5 91.96031188964844
vertex 67.92337036132812 146.59999990463257 91.96031188964844
endloop
endfacet
facet normal -0.0 1.0 0.0
outer loop
vertex 67.57127380371094 146.59999990463257 91.29811096191406
vertex 67.92337036132812 146.59999990463257 91.96031188964844
vertex 68.63079833984375 146.59999990463257 90.73472595214844
endloop
endfacet
facet normal 0.882946666735303 0.0 -0.4694733045669561
outer loop
vertex 65.43452453613281 146.5 80.82542419433594
vertex 70.12924194335938 151.5 89.65486145019531
vertex 70.12924194335938 146.5 89.65486145019531
endloop
endfacet
facet normal 0.17435615548833852 -0.9284759933523902 0.3279211198011175
outer loop
vertex 68.513427734375 146.5 90.51399230957031
vertex 70.12924194335938 146.5 89.65486145019531
vertex 68.63079833984375 146.59999990463257 90.73472595214844
endloop
endfacet
facet normal 0.08092621490638092 -0.9850304724662334 0.15220353495853953
outer loop
vertex 68.04397583007812 146.15000009536743 89.63105773925781
vertex 68.98291015625 146.5 91.39695739746094
vertex 67.92337036132812 146.5 91.96031188964844
endloop
endfacet
facet normal 0.8829469469755986 -3.581796446776976e-05 -0.46947277614739596
outer loop
vertex 68.513427734375 146.5 90.51399230957031
vertex 68.63079833984375 146.59999990463257 90.73472595214844
vertex 68.98291015625 146.5 91.39695739746094
endloop
endfacet
facet normal 0.4694632405567483 0.0 0.8829520178163459
outer loop
vertex 68.98291015625 146.59999990463257 91.39695739746094
vertex 67.92337036132812 146.59999990463257 91.96031188964844
vertex 67.92337036132812 146.5 91.96031188964844
endloop
endfacet
facet normal -0.0 1.0 -0.0
outer loop
vertex 68.63079833984375 146.59999990463257 90.73472595214844
vertex 67.92337036132812 146.59999990463257 91.96031188964844
vertex 68.98291015625 146.59999990463257 91.39695739746094
endloop
endfacet
facet normal 0.4694632405567483 -0.0 0.8829520178163459
outer loop
vertex 68.98291015625 146.5 91.39695739746094
vertex 68.98291015625 146.59999990463257 91.39695739746094
vertex 67.92337036132812 146.5 91.96031188964844
endloop
endfacet
facet normal 0.8829491895381352 0.0 -0.46946855985672825
outer loop
vertex 68.63079833984375 146.59999990463257 90.73472595214844
vertex 68.98291015625 146.59999990463257 91.39695739746094
vertex 68.98291015625 146.5 91.39695739746094
endloop
endfacet
facet normal 0.1743607047306599 -0.9284791501392902 0.3279097625909439
outer loop
vertex 67.57127380371094 146.59999990463257 91.29811096191406
vertex 68.63079833984375 146.59999990463257 90.73472595214844
vertex 70.36181640625 147.29999995231628 91.79634094238281
endloop
endfacet
facet normal 0.17435437950614496 -0.9284771591059896 0.3279187633629676
outer loop
vertex 68.63079833984375 146.59999990463257 90.73472595214844
vertex 70.12924194335938 146.5 89.65486145019531
vertex 70.36181640625 147.29999995231628 91.79634094238281
endloop
endfacet
facet normal 0.9941541863023332 0.0 -0.1079696895315807
outer loop
vertex 70.12924194335938 146.5 89.65486145019531
vertex 70.12924194335938 151.5 89.65486145019531
vertex 70.36181640625 147.29999995231628 91.79634094238281
endloop
endfacet
facet normal 0.17435851082927734 -0.9284747458272442 0.32792339968722994
outer loop
vertex 63.91587829589844 146.59999990463257 93.24171447753906
vertex 64.97540283203125 146.59999990463257 92.67835998535156
vertex 70.36181640625 147.29999995231628 91.79634094238281
endloop
endfacet
facet normal 0.4694715971267608 0.0 0.8829475745995615
outer loop
vertex 63.8280029296875 147.29999995231628 95.27043151855469
vertex 70.36181640625 147.29999995231628 91.79634094238281
vertex 63.8280029296875 150.70000004768372 95.27043151855469
endloop
endfacet
facet normal 0.17435811141181357 -0.9284760470504578 0.3279199277849115
outer loop
vertex 64.97540283203125 146.59999990463257 92.67835998535156
vertex 67.57127380371094 146.59999990463257 91.29811096191406
vertex 70.36181640625 147.29999995231628 91.79634094238281
endloop
endfacet
facet normal 0.8829476230449324 0.0 -0.46947150601426724
outer loop
vertex 31.003158569335938 154.0 0.847381591796875
vertex 40.02040100097656 156.0 17.806350708007812
vertex 40.02040100097656 144.0 17.806350708007812
endloop
endfacet
facet normal 0.9992959297946489 -3.7667938273435066e-07 -0.03751859133424409
outer loop
vertex 40.055023193359375 144.0 18.728622436523438
vertex 40.02040100097656 156.0 17.806350708007812
vertex 40.262786865234375 156.0 24.262222290039062
endloop
endfacet
facet normal 0.0 -0.0 1.0
outer loop
vertex 39.32334899902344 144.0 24.262222290039062
vertex 40.262786865234375 156.0 24.262222290039062
vertex 39.32334899902344 154.0 24.262222290039062
endloop
endfacet
facet normal 0.0 1.0 0.0
outer loop
vertex 26.7835693359375 154.0 34.75920104980469
vertex 40.60728454589844 154.0 26.676956176757812
vertex 39.32334899902344 154.0 24.262222290039062
endloop
endfacet
facet normal 0.8829477801442928 0.0 -0.46947121055317703
outer loop
vertex 39.32334899902344 144.0 24.262222290039062
vertex 39.32334899902344 154.0 24.262222290039062
vertex 40.60728454589844 154.0 26.676956176757812
endloop
endfacet
facet normal 0.8829478814955252 0.0 -0.469471019938999
outer loop
vertex 40.60728454589844 144.0 26.676956176757812
vertex 40.60728454589844 154.0 26.676956176757812
vertex 49.62126159667969 154.0 43.62980651855469
endloop
endfacet
facet normal -0.0 1.0 0.0
outer loop
vertex 31.500152587890625 154.0 43.62980651855469
vertex 49.62126159667969 154.0 43.62980651855469
vertex 40.60728454589844 154.0 26.676956176757812
endloop
endfacet
facet normal -0.0 -0.0 -1.0
outer loop
vertex 18.331619262695312 155.7741937637329 43.62980651855469
vertex 53.7509765625 154.0 43.62980651855469
vertex 49.62126159667969 154.0 43.62980651855469
endloop
endfacet
facet normal 0.0 0.0 -1.0
outer loop
vertex 18.331619262695312 155.7741937637329 43.62980651855469
vertex 53.7509765625 156.0 43.62980651855469
vertex 53.7509765625 154.0 43.62980651855469
endloop
endfacet
facet normal 0.0 0.0 -1.0
outer loop
vertex 18.331619262695312 155.7741937637329 43.62980651855469
vertex 53.7509765625 264.0 43.62980651855469
vertex 53.7509765625 156.0 43.62980651855469
endloop
endfacet
facet normal 0.0 0.0 -1.0
outer loop
vertex 49.62126159667969 144.0 43.62980651855469
vertex 49.62126159667969 154.0 43.62980651855469
vertex 53.7509765625 154.0 43.62980651855469
endloop
endfacet
facet normal 0.8829478871456575 0.0 -0.4694710093126295
outer loop
vertex 29.15496826171875 286.0 5.7939300537109375
vertex 39.45289611816406 298.0 25.161544799804688
vertex 39.45289611816406 286.0 25.161544799804688
endloop
endfacet
facet normal 0.0 0.0 -1.0
outer loop
vertex 18.331619262695312 155.7741937637329 43.62980651855469
vertex 51.99336242675781 261.0 43.62980651855469
vertex 53.7509765625 264.0 43.62980651855469
endloop
endfacet
facet normal 0.0 0.0 -1.0
outer loop
vertex 19.993362426757812 261.0 36.08567810058594
vertex 45.26136779785156 286.0 36.08567810058594
vertex 51.99336242675781 261.0 36.08567810058594
endloop
endfacet
facet normal 0.8829473593071009 0.0 -0.4694720020327273
outer loop
vertex 39.45289611816406 286.0 25.161544799804688
vertex 39.45289611816406 298.0 25.161544799804688
vertex 45.26136779785156 295.0 36.08567810058594
endloop
endfacet
facet normal 0.882947359307101 0.0 -0.4694720020327273
outer loop
vertex 39.45289611816406 286.0 25.161544799804688
vertex 45.26136779785156 295.0 36.08567810058594
vertex 45.26136779785156 286.0 36.08567810058594
endloop
endfacet
facet normal 0.0 -1.0 0.0
outer loop
vertex 19.993362426757812 261.0 43.62980651855469
vertex 51.99336242675781 261.0 36.08567810058594
vertex 51.99336242675781 261.0 43.62980651855469
endloop
endfacet
facet normal -0.0 -0.0 1.0
outer loop
vertex 26.725341796875 286.0 48.08567810058594
vertex 51.99336242675781 264.0 48.08567810058594
vertex 43.66780090332031 286.0 48.08567810058594
endloop
endfacet
facet normal 0.0 0.9999999999999999 0.0
outer loop
vertex 30.743240356445312 298.0 55.64222717285156
vertex 49.75083923339844 298.0 44.52912902832031
vertex 39.45289611816406 298.0 25.161544799804688
endloop
endfacet
facet normal 0.8829472921539222 -5.899113474084169e-07 -0.4694721283289439
outer loop
vertex 39.45289611816406 298.0 25.161544799804688
vertex 49.75083923339844 298.0 44.52912902832031
vertex 45.26136779785156 295.0 36.08567810058594
endloop
endfacet
facet normal 0.0 0.0 -1.0
outer loop
vertex 45.26136779785156 286.0 36.08567810058594
vertex 45.26136779785156 295.0 36.08567810058594
vertex 51.99336242675781 295.0 36.08567810058594
endloop
endfacet
facet normal 0.0 0.0 -1.0
outer loop
vertex 45.26136779785156 286.0 36.08567810058594
vertex 51.99336242675781 295.0 36.08567810058594
vertex 51.99336242675781 261.0 36.08567810058594
endloop
endfacet
facet normal 0.8829472052715083 0.0 -0.469472291731081
outer loop
vertex 45.26136779785156 295.0 36.08567810058594
vertex 49.75083923339844 298.0 44.52912902832031
vertex 49.75083923339844 295.0 44.52912902832031
endloop
endfacet
facet normal 0.9999999999999999 0.0 -0.0
outer loop
vertex 51.99336242675781 261.0 36.08567810058594
vertex 51.99336242675781 264.0 43.62980651855469
vertex 51.99336242675781 261.0 43.62980651855469
endloop
endfacet
facet normal 1.0 0.0 -0.0
outer loop
vertex 51.99336242675781 261.0 36.08567810058594
vertex 51.99336242675781 295.0 36.08567810058594
vertex 51.99336242675781 264.0 43.62980651855469
endloop
endfacet
facet normal -0.0 -0.0 0.9999999999999999
outer loop
vertex 43.66780090332031 286.0 48.08567810058594
vertex 51.99336242675781 264.0 48.08567810058594
vertex 51.64189147949219 286.0 48.08567810058594
endloop
endfacet
facet normal 0.0 0.0 -1.0
outer loop
vertex 51.99336242675781 261.0 43.62980651855469
vertex 51.99336242675781 264.0 43.62980651855469
vertex 53.7509765625 264.0 43.62980651855469
endloop
endfacet
facet normal -0.0 1.0 0.0
outer loop
vertex 51.99336242675781 264.0 43.62980651855469
vertex 51.99336242675781 264.0 48.08567810058594
vertex 53.7509765625 264.0 43.62980651855469
endloop
endfacet
facet normal 1.0 0.0 -0.0
outer loop
vertex 51.99336242675781 264.0 43.62980651855469
vertex 51.99336242675781 295.0 48.08567810058594
vertex 51.99336242675781 264.0 48.08567810058594
endloop
endfacet
facet normal -0.0 1.0 0.0
outer loop
vertex 45.26136779785156 295.0 36.08567810058594
vertex 49.75083923339844 295.0 44.52912902832031
vertex 51.99336242675781 295.0 36.08567810058594
endloop
endfacet
facet normal 1.0 0.0 -0.0
outer loop
vertex 51.99336242675781 295.0 36.08567810058594
vertex 51.99336242675781 295.0 48.08567810058594
vertex 51.99336242675781 264.0 43.62980651855469
endloop
endfacet
facet normal 0.8829474323010658 0.0 -0.4694718647511849
outer loop
vertex 49.75083923339844 295.0 44.52912902832031
vertex 49.75083923339844 298.0 44.52912902832031
vertex 51.64189147949219 295.0 48.08567810058594
endloop
endfacet
facet normal 0.0 -0.0 1.0
outer loop
vertex 51.99336242675781 264.0 48.08567810058594
vertex 51.99336242675781 295.0 48.08567810058594
vertex 51.64189147949219 286.0 48.08567810058594
endloop
endfacet
facet normal 0.0 1.0 -0.0
outer loop
vertex 51.99336242675781 295.0 36.08567810058594
vertex 49.75083923339844 295.0 44.52912902832031
vertex 51.99336242675781 295.0 48.08567810058594
endloop
endfacet
facet normal 0.0 1.0 0.0
outer loop
vertex 49.75083923339844 295.0 44.52912902832031
vertex 51.64189147949219 295.0 48.08567810058594
vertex 51.99336242675781 295.0 48.08567810058594
endloop
endfacet
facet normal 0.0 -0.0 1.0
outer loop
vertex 51.64189147949219 286.0 48.08567810058594
vertex 51.99336242675781 295.0 48.08567810058594
vertex 51.64189147949219 295.0 48.08567810058594
endloop
endfacet
facet normal 0.8829476104474576 0.0 -0.469471529706674
outer loop
vertex 58.3472900390625 143.95921850204468 52.27421569824219
vertex 53.7509765625 154.0 43.62980651855469
vertex 53.7509765625 156.0 43.62980651855469
endloop
endfacet
facet normal 0.9992959297947198 0.0 -0.037518591334246745
outer loop
vertex 53.7509765625 156.0 43.62980651855469
vertex 53.7509765625 264.0 43.62980651855469
vertex 53.99336242675781 156.0 50.08567810058594
endloop
endfacet
facet normal 0.9992959297947198 0.0 -0.037518591334246745
outer loop
vertex 53.7509765625 264.0 43.62980651855469
vertex 53.99336242675781 264.0 50.08567810058594
vertex 53.99336242675781 156.0 50.08567810058594
endloop
endfacet
facet normal -0.0 1.0 0.0
outer loop
vertex 51.99336242675781 264.0 48.08567810058594
vertex 53.99336242675781 264.0 50.08567810058594
vertex 53.7509765625 264.0 43.62980651855469
endloop
endfacet
facet normal -0.0 1.0 0.0
outer loop
vertex 17.993362426757812 156.0 50.08567810058594
vertex 42.65666198730469 156.0 57.61753845214844
vertex 53.18865966796875 156.0 54.03096008300781
endloop
endfacet
facet normal -0.0 1.0 0.0
outer loop
vertex 17.993362426757812 156.0 50.08567810058594
vertex 53.18865966796875 156.0 54.03096008300781
vertex 53.99336242675781 156.0 50.08567810058594
endloop
endfacet
facet normal -0.9992959271349532 0.0 0.03751866217623702
outer loop
vertex 42.65666198730469 156.0 57.61753845214844
vertex 43.060638427734375 160.0 68.37730407714844
vertex 42.65666198730469 160.0 57.61753845214844
endloop
endfacet
facet normal 0.0 1.0 0.0
outer loop
vertex 31.72393798828125 156.0 75.90916442871094
vertex 43.060638427734375 156.0 68.37730407714844
vertex 42.65666198730469 156.0 57.61753845214844
endloop
endfacet
facet normal -0.9992959271349532 0.0 0.03751866217623702
outer loop
vertex 42.65666198730469 156.0 57.61753845214844
vertex 43.060638427734375 156.0 68.37730407714844
vertex 43.060638427734375 160.0 68.37730407714844
endloop
endfacet
facet normal 0.0 1.0 0.0
outer loop
vertex 31.72393798828125 156.0 75.90916442871094
vertex 53.72731018066406 156.0 68.37730407714844
vertex 43.060638427734375 156.0 68.37730407714844
endloop
endfacet
facet normal 0.0 0.0 1.0
outer loop
vertex 17.993362426757812 156.0 50.08567810058594
vertex 53.99336242675781 156.0 50.08567810058594
vertex 53.99336242675781 264.0 50.08567810058594
endloop
endfacet
facet normal -0.32236185691218683 0.0 -0.9466165185586648
outer loop
vertex 42.65666198730469 156.0 57.61753845214844
vertex 42.65666198730469 160.0 57.61753845214844
vertex 53.18865966796875 156.0 54.03096008300781
endloop
endfacet
facet normal 0.3510930900646149 0.936247760209978 -0.013182321900172933
outer loop
vertex 42.65666198730469 160.0 57.61753845214844
vertex 53.5926513671875 156.0 64.79072570800781
vertex 53.18865966796875 156.0 54.03096008300781
endloop
endfacet
facet normal 0.35109279887141187 0.9362478765715941 -0.013181813070260921
outer loop
vertex 42.65666198730469 160.0 57.61753845214844
vertex 43.060638427734375 160.0 68.37730407714844
vertex 53.5926513671875 156.0 64.79072570800781
endloop
endfacet
facet normal 0.0 -0.0 1.0
outer loop
vertex 43.060638427734375 156.0 68.37730407714844
vertex 53.72731018066406 156.0 68.37730407714844
vertex 43.060638427734375 160.0 68.37730407714844
endloop
endfacet
facet normal 0.3510927876790131 0.9362478802482673 -0.013181850037299683
outer loop
vertex 43.060638427734375 160.0 68.37730407714844
vertex 53.72731018066406 156.0 68.37730407714844
vertex 53.5926513671875 156.0 64.79072570800781
endloop
endfacet
facet normal 0.0 0.9999999999999999 0.0
outer loop
vertex 31.72393798828125 156.0 75.90916442871094
vertex 67.48155212402344 156.0 69.45329284667969
vertex 53.72731018066406 156.0 68.37730407714844
endloop
endfacet
facet normal 0.0 -0.0 1.0
outer loop
vertex 31.72393798828125 144.0 75.90916442871094
vertex 48.66339111328125 154.0 75.90916442871094
vertex 31.72393798828125 156.0 75.90916442871094
endloop
endfacet
facet normal -0.0 0.0 1.0
outer loop
vertex 31.72393798828125 156.0 75.90916442871094
vertex 48.66339111328125 154.0 75.90916442871094
vertex 67.72393798828125 156.0 75.90916442871094
endloop
endfacet
facet normal -0.882947414478603 0.0 0.4694718982703329
outer loop
vertex 48.66339111328125 144.0 75.90916442871094
vertex 54.39768981933594 154.0 86.69380187988281
vertex 48.66339111328125 154.0 75.90916442871094
endloop
endfacet
facet normal 0.0 -1.0 0.0
outer loop
vertex 30.743240356445312 286.0 55.64222717285156
vertex 43.66780090332031 286.0 48.08567810058594
vertex 41.041168212890625 286.0 75.00984191894531
endloop
endfacet
facet normal -0.0 1.0 0.0
outer loop
vertex 17.993362426757812 264.0 50.08567810058594
vertex 53.99336242675781 264.0 50.08567810058594
vertex 51.99336242675781 264.0 48.08567810058594
endloop
endfacet
facet normal -0.0 1.0 0.0
outer loop
vertex 30.743240356445312 298.0 55.64222717285156
vertex 41.041168212890625 298.0 75.00984191894531
vertex 49.75083923339844 298.0 44.52912902832031
endloop
endfacet
facet normal -0.8829478871456575 0.0 0.4694710093126295
outer loop
vertex 30.743240356445312 286.0 55.64222717285156
vertex 41.041168212890625 286.0 75.00984191894531
vertex 41.041168212890625 298.0 75.00984191894531
endloop
endfacet
facet normal 0.0 -1.0 0.0
outer loop
vertex 43.66780090332031 286.0 48.08567810058594
vertex 51.64189147949219 286.0 48.08567810058594
vertex 60.04878234863281 286.0 63.89674377441406
endloop
endfacet
facet normal -0.0 1.0 -0.0
outer loop
vertex 49.75083923339844 298.0 44.52912902832031
vertex 41.041168212890625 298.0 75.00984191894531
vertex 60.04878234863281 298.0 63.89674377441406
endloop
endfacet
facet normal 0.0 -1.0 0.0
outer loop
vertex 43.66780090332031 286.0 48.08567810058594
vertex 60.04878234863281 286.0 63.89674377441406
vertex 41.041168212890625 286.0 75.00984191894531
endloop
endfacet
facet normal -0.8829472961795317 0.0 0.46947212075825573
outer loop
vertex 41.041168212890625 286.0 75.00984191894531
vertex 47.805999755859375 286.0 87.73262023925781
vertex 41.041168212890625 298.0 75.00984191894531
endloop
endfacet
facet normal -0.8829472961795317 0.0 0.4694721207582557
outer loop
vertex 41.041168212890625 298.0 75.00984191894531
vertex 47.805999755859375 286.0 87.73262023925781
vertex 47.805999755859375 295.0 87.73262023925781
endloop
endfacet
facet normal -0.8829474106786256 -1.1714413885312348e-06 0.4694719054155833
outer loop
vertex 41.041168212890625 298.0 75.00984191894531
vertex 47.805999755859375 295.0 87.73262023925781
vertex 48.828216552734375 298.0 89.65513610839844
endloop
endfacet
facet normal 0.0 -1.0 0.0
outer loop
vertex 41.041168212890625 286.0 75.00984191894531
vertex 52.443939208984375 286.0 87.73262023925781
vertex 47.805999755859375 286.0 87.73262023925781
endloop
endfacet
facet normal 0.0 -1.0 0.0
outer loop
vertex 41.041168212890625 286.0 75.00984191894531
vertex 60.04878234863281 286.0 63.89674377441406
vertex 52.443939208984375 286.0 87.73262023925781
endloop
endfacet
facet normal -0.0 1.0 0.0
outer loop
vertex 41.041168212890625 298.0 75.00984191894531
vertex 48.828216552734375 298.0 89.65513610839844
vertex 68.25306701660156 298.0 79.32676696777344
endloop
endfacet
facet normal -0.9999999999999999 0.0 0.0
outer loop
vertex 47.45452880859375 261.0 87.73262023925781
vertex 47.45452880859375 261.0 90.38554382324219
vertex 47.45452880859375 295.0 90.38554382324219
endloop
endfacet
facet normal 0.0 0.0 -1.0
outer loop
vertex 47.45452880859375 261.0 87.73262023925781
vertex 47.45452880859375 295.0 87.73262023925781
vertex 47.805999755859375 286.0 87.73262023925781
endloop
endfacet
facet normal -0.9999999999999999 0.0 0.0
outer loop
vertex 47.45452880859375 261.0 87.73262023925781
vertex 47.45452880859375 295.0 90.38554382324219
vertex 47.45452880859375 295.0 87.73262023925781
endloop
endfacet
facet normal 0.0 0.0 -1.0
outer loop
vertex 47.805999755859375 286.0 87.73262023925781
vertex 47.45452880859375 295.0 87.73262023925781
vertex 47.805999755859375 295.0 87.73262023925781
endloop
endfacet
facet normal -0.0 1.0 0.0
outer loop
vertex 47.45452880859375 295.0 87.73262023925781
vertex 48.828216552734375 295.0 89.65513610839844
vertex 47.805999755859375 295.0 87.73262023925781
endloop
endfacet
facet normal -0.0 0.9999999999999999 0.0
outer loop
vertex 47.45452880859375 295.0 87.73262023925781
vertex 47.45452880859375 295.0 90.38554382324219
vertex 48.828216552734375 295.0 89.65513610839844
endloop
endfacet
facet normal 0.0 -1.0 0.0
outer loop
vertex 47.45452880859375 261.0 87.73262023925781
vertex 52.443939208984375 261.0 87.73262023925781
vertex 47.45452880859375 261.0 90.38554382324219
endloop
endfacet
facet normal 0.0 0.0 -0.9999999999999999
outer loop
vertex 47.45452880859375 261.0 87.73262023925781
vertex 47.805999755859375 286.0 87.73262023925781
vertex 52.443939208984375 261.0 87.73262023925781
endloop
endfacet
facet normal 0.46947253067171213 0.0 0.8829470782242265
outer loop
vertex 47.45452880859375 261.0 90.38554382324219
vertex 52.443939208984375 261.0 87.73262023925781
vertex 47.45452880859375 295.0 90.38554382324219
endloop
endfacet
facet normal 0.0 0.0 -1.0
outer loop
vertex 47.805999755859375 286.0 87.73262023925781
vertex 52.443939208984375 286.0 87.73262023925781
vertex 52.443939208984375 261.0 87.73262023925781
endloop
endfacet
facet normal -0.882948168411957 0.0 0.4694704803264745
outer loop
vertex 47.805999755859375 295.0 87.73262023925781
vertex 48.828216552734375 295.0 89.65513610839844
vertex 48.828216552734375 295.86798095703125 89.65513610839844
endloop
endfacet
facet normal -0.8829481684119569 0.0 0.4694704803264744
outer loop
vertex 47.805999755859375 295.0 87.73262023925781
vertex 48.828216552734375 295.86798095703125 89.65513610839844
vertex 48.828216552734375 298.0 89.65513610839844
endloop
endfacet
facet normal 0.4694740607828382 1.088079487610508e-06 0.8829462646451866
outer loop
vertex 47.45452880859375 295.0 90.38554382324219
vertex 52.443939208984375 286.0 87.73262023925781
vertex 48.828216552734375 295.0 89.65513610839844
endloop
endfacet
facet normal 0.46947253067171213 -0.0 0.8829470782242265
outer loop
vertex 47.45452880859375 295.0 90.38554382324219
vertex 52.443939208984375 261.0 87.73262023925781
vertex 52.443939208984375 286.0 87.73262023925781
endloop
endfacet
facet normal 0.4694765703968756 2.3813546801319136e-06 0.88294493024351
outer loop
vertex 48.828216552734375 295.0 89.65513610839844
vertex 52.443939208984375 286.0 87.73262023925781
vertex 52.360015869140625 288.5 87.77723693847656
endloop
endfacet
facet normal 0.4694731536734254 -0.0 0.8829467469671817
outer loop
vertex 48.828216552734375 295.0 89.65513610839844
vertex 52.360015869140625 288.5 87.77723693847656
vertex 52.360015869140625 295.5 87.77723693847656
endloop
endfacet
facet normal 0.8829476104474577 0.0 -0.46947152970667405
outer loop
vertex 58.3472900390625 143.95921850204468 52.27421569824219
vertex 53.7509765625 156.0 43.62980651855469
vertex 58.3472900390625 154.04078149795532 52.27421569824219
endloop
endfacet
facet normal -0.322315095842535 0.0 -0.9466324413371948
outer loop
vertex 58.3472900390625 143.95921850204468 52.27421569824219
vertex 58.3472900390625 154.04078149795532 52.27421569824219
vertex 58.45466613769531 154.0 52.23765563964844
endloop
endfacet
facet normal 0.9992968923795621 0.0 -0.03749294441024519
outer loop
vertex 58.45466613769531 144.0 52.23765563964844
vertex 58.45466613769531 154.0 52.23765563964844
vertex 58.46429443359375 154.0 52.49427795410156
endloop
endfacet
facet normal 0.35110105284142257 0.9362449042883663 -0.013173074345518945
outer loop
vertex 58.3472900390625 154.04078149795532 52.27421569824219
vertex 58.46429443359375 154.0 52.49427795410156
vertex 58.45466613769531 154.0 52.23765563964844
endloop
endfacet
facet normal 0.0 1.0 0.0
outer loop
vertex 53.7509765625 156.0 43.62980651855469
vertex 53.99336242675781 156.0 50.08567810058594
vertex 67.48155212402344 156.0 69.45329284667969
endloop
endfacet
facet normal 0.8829478150555782 2.177888967228608e-06 -0.46947114488947844
outer loop
vertex 53.7509765625 156.0 43.62980651855469
vertex 67.48155212402344 156.0 69.45329284667969
vertex 58.3472900390625 154.04078149795532 52.27421569824219
endloop
endfacet
facet normal 0.0 1.0 -0.0
outer loop
vertex 53.99336242675781 156.0 50.08567810058594
vertex 53.18865966796875 156.0 54.03096008300781
vertex 67.48155212402344 156.0 69.45329284667969
endloop
endfacet
facet normal 0.8829508226389572 -6.147730210244458e-05 -0.4694654843774248
outer loop
vertex 58.3472900390625 154.04078149795532 52.27421569824219
vertex 67.48155212402344 156.0 69.45329284667969
vertex 58.46429443359375 154.0 52.49427795410156
endloop
endfacet
facet normal 0.0 1.0 0.0
outer loop
vertex 53.18865966796875 156.0 54.03096008300781
vertex 53.5926513671875 156.0 64.79072570800781
vertex 67.48155212402344 156.0 69.45329284667969
endloop
endfacet
facet normal 0.0 1.0 0.0
outer loop
vertex 53.5926513671875 156.0 64.79072570800781
vertex 53.72731018066406 156.0 68.37730407714844
vertex 67.48155212402344 156.0 69.45329284667969
endloop
endfacet
facet normal 0.882947819023651 0.0 -0.46947113743166136
outer loop
vertex 67.48155212402344 144.0 69.45329284667969
vertex 58.46429443359375 154.0 52.49427795410156
vertex 67.48155212402344 156.0 69.45329284667969
endloop
endfacet
facet normal 0.9992959297947199 0.0 -0.037518591334246745
outer loop
vertex 67.48155212402344 144.0 69.45329284667969
vertex 67.48155212402344 156.0 69.45329284667969
vertex 67.72393798828125 156.0 75.90916442871094
endloop
endfacet
facet normal -0.0 1.0 0.0
outer loop
vertex 31.72393798828125 156.0 75.90916442871094
vertex 67.72393798828125 156.0 75.90916442871094
vertex 67.48155212402344 156.0 69.45329284667969
endloop
endfacet
facet normal 0.0 0.0 1.0
outer loop
vertex 48.66339111328125 154.0 75.90916442871094
vertex 66.78450012207031 154.0 75.90916442871094
vertex 67.72393798828125 156.0 75.90916442871094
endloop
endfacet
facet normal -0.0 1.0 0.0
outer loop
vertex 48.66339111328125 154.0 75.90916442871094
vertex 68.52484130859375 154.0 79.18226623535156
vertex 66.78450012207031 154.0 75.90916442871094
endloop
endfacet
facet normal -0.0 1.0 0.0
outer loop
vertex 48.66339111328125 154.0 75.90916442871094
vertex 54.39768981933594 154.0 86.69380187988281
vertex 68.52484130859375 154.0 79.18226623535156
endloop
endfacet
facet normal 0.46946993313189517 -5.191928277324484e-06 0.8829484593441329
outer loop
vertex 57.488006591796875 151.5 85.05064392089844
vertex 65.43452453613281 151.5 80.82542419433594
vertex 54.39768981933594 154.0 86.69380187988281
endloop
endfacet
facet normal -0.0809259336652867 0.9850305773031837 -0.15220300600894307
outer loop
vertex 59.57325744628906 151.5 85.07444763183594
vertex 60.51220703125 151.84999990463257 86.84034729003906
vertex 60.63279724121094 151.5 84.51109313964844
endloop
endfacet
facet normal -0.0 1.0 0.0
outer loop
vertex 57.488006591796875 151.5 85.05064392089844
vertex 59.57325744628906 151.5 85.07444763183594
vertex 65.43452453613281 151.5 80.82542419433594
endloop
endfacet
facet normal 0.4694732075637373 0.0 0.8829467183130678
outer loop
vertex 54.39768981933594 144.0 86.69380187988281
vertex 57.488006591796875 151.5 85.05064392089844
vertex 54.39768981933594 154.0 86.69380187988281
endloop
endfacet
facet normal -0.0 1.0 0.0
outer loop
vertex 57.488006591796875 151.5 85.05064392089844
vertex 62.182708740234375 151.5 93.88011169433594
vertex 59.57325744628906 151.5 85.07444763183594
endloop
endfacet
facet normal -0.0809271235008328 0.9850304724664964 -0.1522030518561031
outer loop
vertex 60.63279724121094 151.5 84.51109313964844
vertex 60.51220703125 151.84999990463257 86.84034729003906
vertex 61.57173156738281 151.84999990463257 86.27699279785156
endloop
endfacet
facet normal -0.8829474274344334 8.28285338654036e-06 0.469471873830915
outer loop
vertex 59.57325744628906 151.5 85.07444763183594
vertex 63.79850769042969 151.5 93.02098083496094
vertex 60.51220703125 151.84999990463257 86.84034729003906
endloop
endfacet
facet normal -0.8829479718640534 0.0 0.4694708499802247
outer loop
vertex 62.182708740234375 146.5 93.88011169433594
vertex 62.182708740234375 151.5 93.88011169433594
vertex 57.488006591796875 151.5 85.05064392089844
endloop
endfacet
facet normal 0.46947136570087195 2.920455384143121e-06 0.8829476976460322
outer loop
vertex 54.39768981933594 154.0 86.69380187988281
vertex 65.43452453613281 151.5 80.82542419433594
vertex 68.52484130859375 154.0 79.18226623535156
endloop
endfacet
facet normal 0.0 1.0 0.0
outer loop
vertex 59.57325744628906 151.5 85.07444763183594
vertex 60.63279724121094 151.5 84.51109313964844
vertex 65.43452453613281 151.5 80.82542419433594
endloop
endfacet
facet normal 0.0 1.0 0.0
outer loop
vertex 60.63279724121094 151.5 84.51109313964844
vertex 63.22865295410156 151.5 83.13084411621094
vertex 65.43452453613281 151.5 80.82542419433594
endloop
endfacet
facet normal 0.0 1.0 0.0
outer loop
vertex 63.22865295410156 151.5 83.13084411621094
vertex 64.28819274902344 151.5 82.56745910644531
vertex 65.43452453613281 151.5 80.82542419433594
endloop
endfacet
facet normal -0.0809293512748878 0.9850305773031837 -0.15220118882578568
outer loop
vertex 63.22865295410156 151.5 83.13084411621094
vertex 64.1676025390625 151.84999990463257 84.89674377441406
vertex 64.28819274902344 151.5 82.56745910644531
endloop
endfacet
facet normal -0.0809293512748878 0.9850305773031837 -0.15220118882578568
outer loop
vertex 64.28819274902344 151.5 82.56745910644531
vertex 64.1676025390625 151.84999990463257 84.89674377441406
vertex 65.22714233398438 151.84999990463257 84.33335876464844
endloop
endfacet
facet normal 0.0 -0.0 1.0
outer loop
vertex 66.78450012207031 144.0 75.90916442871094
vertex 67.72393798828125 156.0 75.90916442871094
vertex 66.78450012207031 154.0 75.90916442871094
endloop
endfacet
facet normal 0.8829473596979571 0.0 -0.469472001297635
outer loop
vertex 68.52484130859375 144.0 79.18226623535156
vertex 66.78450012207031 154.0 75.90916442871094
vertex 68.52484130859375 154.0 79.18226623535156
endloop
endfacet
facet normal 0.4694732075637373 0.0 0.8829467183130678
outer loop
vertex 65.43452453613281 146.5 80.82542419433594
vertex 68.52484130859375 154.0 79.18226623535156
vertex 65.43452453613281 151.5 80.82542419433594
endloop
endfacet
facet normal 0.882946666735303 0.0 -0.4694733045669561
outer loop
vertex 65.43452453613281 146.5 80.82542419433594
vertex 65.43452453613281 151.5 80.82542419433594
vertex 70.12924194335938 151.5 89.65486145019531
endloop
endfacet
facet normal -0.0 1.0 0.0
outer loop
vertex 64.28819274902344 151.5 82.56745910644531
vertex 68.513427734375 151.5 90.51399230957031
vertex 65.43452453613281 151.5 80.82542419433594
endloop
endfacet
facet normal -0.0 0.9999999999999999 0.0
outer loop
vertex 60.51220703125 151.84999990463257 86.84034729003906
vertex 63.32902526855469 151.84999990463257 92.13804626464844
vertex 61.57173156738281 151.84999990463257 86.27699279785156
endloop
endfacet
facet normal 0.8829466794252584 3.930723141583436e-05 -0.4694732790552104
outer loop
vertex 60.63279724121094 151.5 84.51109313964844
vertex 61.57173156738281 151.84999990463257 86.27699279785156
vertex 64.85804748535156 151.5 92.45759582519531
endloop
endfacet
facet normal -0.0 1.0 0.0
outer loop
vertex 60.63279724121094 151.5 84.51109313964844
vertex 64.85804748535156 151.5 92.45759582519531
vertex 63.22865295410156 151.5 83.13084411621094
endloop
endfacet
facet normal -0.0 1.0 0.0
outer loop
vertex 59.57325744628906 151.5 85.07444763183594
vertex 62.182708740234375 151.5 93.88011169433594
vertex 63.79850769042969 151.5 93.02098083496094
endloop
endfacet
facet normal -0.0 1.0 0.0
outer loop
vertex 61.57173156738281 151.84999990463257 86.27699279785156
vertex 63.32902526855469 151.84999990463257 92.13804626464844
vertex 64.38856506347656 151.84999990463257 91.57466125488281
endloop
endfacet
facet normal -0.8829488533546517 -6.659682616957402e-05 0.4694691874069782
outer loop
vertex 60.51220703125 151.84999990463257 86.84034729003906
vertex 64.26797485351562 151.5 93.90391540527344
vertex 63.32902526855469 151.84999990463257 92.13804626464844
endloop
endfacet
facet normal -0.8829465454586155 4.5817713185047706e-05 0.4694735304183123
outer loop
vertex 60.51220703125 151.84999990463257 86.84034729003906
vertex 63.79850769042969 151.5 93.02098083496094
vertex 64.26797485351562 151.5 93.90391540527344
endloop
endfacet
facet normal 0.8829466801070681 -8.13800542735736e-07 -0.4694732794177368
outer loop
vertex 61.57173156738281 151.84999990463257 86.27699279785156
vertex 64.38856506347656 151.84999990463257 91.57466125488281
vertex 65.3275146484375 151.5 93.34056091308594
endloop
endfacet
facet normal -0.8829474274344334 8.28285338654036e-06 0.469471873830915
outer loop
vertex 63.22865295410156 151.5 83.13084411621094
vertex 67.45390319824219 151.5 91.07737731933594
vertex 64.1676025390625 151.84999990463257 84.89674377441406
endloop
endfacet
facet normal -0.0 1.0 0.0
outer loop
vertex 64.1676025390625 151.84999990463257 84.89674377441406
vertex 66.98443603515625 151.84999990463257 90.19441223144531
vertex 65.22714233398438 151.84999990463257 84.33335876464844
endloop
endfacet
facet normal 0.8829532271940859 0.0003201498958381383 -0.4694608568257775
outer loop
vertex 61.57173156738281 151.84999990463257 86.27699279785156
vertex 65.3275146484375 151.5 93.34056091308594
vertex 64.85804748535156 151.5 92.45759582519531
endloop
endfacet
facet normal -0.0 1.0 0.0
outer loop
vertex 63.22865295410156 151.5 83.13084411621094
vertex 64.85804748535156 151.5 92.45759582519531
vertex 67.45390319824219 151.5 91.07737731933594
endloop
endfacet
facet normal 0.17435743911111962 0.9284759933623753 0.3279204372654481
outer loop
vertex 62.182708740234375 151.5 93.88011169433594
vertex 63.91587829589844 151.40000009536743 93.24171447753906
vertex 63.79850769042969 151.5 93.02098083496094
endloop
endfacet
facet normal -0.6454410140053425 0.0 0.7638101187073627
outer loop
vertex 62.182708740234375 146.5 93.88011169433594
vertex 63.8280029296875 150.70000004768372 95.27043151855469
vertex 62.182708740234375 151.5 93.88011169433594
endloop
endfacet
facet normal 0.17435701602312972 0.9284765068982218 0.3279192081924846
outer loop
vertex 62.182708740234375 151.5 93.88011169433594
vertex 63.8280029296875 150.70000004768372 95.27043151855469
vertex 63.91587829589844 151.40000009536743 93.24171447753906
endloop
endfacet
facet normal 0.08093040921612377 0.9850301829539944 0.15220317846132933
outer loop
vertex 64.38856506347656 151.84999990463257 91.57466125488281
vertex 63.32902526855469 151.84999990463257 92.13804626464844
vertex 64.26797485351562 151.5 93.90391540527344
endloop
endfacet
facet normal -0.8829465458845495 -3.368176986422715e-05 0.46947353064478664
outer loop
vertex 63.79850769042969 151.5 93.02098083496094
vertex 63.91587829589844 151.40000009536743 93.24171447753906
vertex 64.26797485351562 151.5 93.90391540527344
endloop
endfacet
facet normal 0.0809259336652867 0.9850305773031837 0.15220300600894307
outer loop
vertex 64.38856506347656 151.84999990463257 91.57466125488281
vertex 64.26797485351562 151.5 93.90391540527344
vertex 65.3275146484375 151.5 93.34056091308594
endloop
endfacet
facet normal 0.0 -1.0 0.0
outer loop
vertex 63.91587829589844 151.40000009536743 93.24171447753906
vertex 64.97540283203125 151.40000009536743 92.67835998535156
vertex 65.3275146484375 151.40000009536743 93.34056091308594
endloop
endfacet
facet normal 0.17435628958588026 0.9284766384020742 0.3279192221011584
outer loop
vertex 63.91587829589844 151.40000009536743 93.24171447753906
vertex 63.8280029296875 150.70000004768372 95.27043151855469
vertex 64.97540283203125 151.40000009536743 92.67835998535156
endloop
endfacet
facet normal -0.8829486547680263 0.0 0.46946956561989506
outer loop
vertex 63.91587829589844 151.40000009536743 93.24171447753906
vertex 64.26797485351562 151.40000009536743 93.90391540527344
vertex 64.26797485351562 151.5 93.90391540527344
endloop
endfacet
facet normal 0.0 -1.0 0.0
outer loop
vertex 63.91587829589844 151.40000009536743 93.24171447753906
vertex 65.3275146484375 151.40000009536743 93.34056091308594
vertex 64.26797485351562 151.40000009536743 93.90391540527344
endloop
endfacet
facet normal 0.4694632405567483 0.0 0.8829520178163459
outer loop
vertex 64.26797485351562 151.40000009536743 93.90391540527344
vertex 65.3275146484375 151.40000009536743 93.34056091308594
vertex 64.26797485351562 151.5 93.90391540527344
endloop
endfacet
facet normal 0.882953253252181 -0.00020849724564635973 -0.469460870680708
outer loop
vertex 64.85804748535156 151.5 92.45759582519531
vertex 65.3275146484375 151.5 93.34056091308594
vertex 64.97540283203125 151.40000009536743 92.67835998535156
endloop
endfacet
facet normal 0.8829402211910267 0.0 -0.4694854266142249
outer loop
vertex 64.97540283203125 151.40000009536743 92.67835998535156
vertex 65.3275146484375 151.5 93.34056091308594
vertex 65.3275146484375 151.40000009536743 93.34056091308594
endloop
endfacet
facet normal 0.17435807608198733 0.9284760771523883 0.32791986133916967
outer loop
vertex 64.97540283203125 151.40000009536743 92.67835998535156
vertex 63.8280029296875 150.70000004768372 95.27043151855469
vertex 67.57127380371094 151.40000009536743 91.29811096191406
endloop
endfacet
facet normal 0.17434407518071138 0.9284861260746433 0.3278988519898841
outer loop
vertex 64.85804748535156 151.5 92.45759582519531
vertex 64.97540283203125 151.40000009536743 92.67835998535156
vertex 67.45390319824219 151.5 91.07737731933594
endloop
endfacet
facet normal 0.4694632405567483 -0.0 0.8829520178163459
outer loop
vertex 64.26797485351562 151.5 93.90391540527344
vertex 65.3275146484375 151.40000009536743 93.34056091308594
vertex 65.3275146484375 151.5 93.34056091308594
endloop
endfacet
facet normal 0.8829481301227701 -1.6836986208098045e-05 -0.4694705520362485
outer loop
vertex 64.28819274902344 151.5 82.56745910644531
vertex 65.22714233398438 151.84999990463257 84.33335876464844
vertex 68.513427734375 151.5 90.51399230957031
endloop
endfacet
facet normal -0.0 1.0 0.0
outer loop
vertex 65.22714233398438 151.84999990463257 84.33335876464844
vertex 66.98443603515625 151.84999990463257 90.19441223144531
vertex 68.04397583007812 151.84999990463257 89.63105773925781
endloop
endfacet
facet normal -0.0 1.0 0.0
outer loop
vertex 65.43452453613281 151.5 80.82542419433594
vertex 68.513427734375 151.5 90.51399230957031
vertex 70.12924194335938 151.5 89.65486145019531
endloop
endfacet
facet normal 0.8829478008501492 -2.5662319842657113e-05 -0.46947117090970636
outer loop
vertex 65.22714233398438 151.84999990463257 84.33335876464844
vertex 68.04397583007812 151.84999990463257 89.63105773925781
vertex 68.98291015625 151.5 91.39695739746094
endloop
endfacet
facet normal 0.8829469455470772 -6.722150051941614e-05 -0.46947277538783516
outer loop
vertex 65.22714233398438 151.84999990463257 84.33335876464844
vertex 68.98291015625 151.5 91.39695739746094
vertex 68.513427734375 151.5 90.51399230957031
endloop
endfacet
facet normal -0.8829466794252585 3.9307231415834366e-05 0.46947327905521047
outer loop
vertex 64.1676025390625 151.84999990463257 84.89674377441406
vertex 67.92337036132812 151.5 91.96031188964844
vertex 66.98443603515625 151.84999990463257 90.19441223144531
endloop
endfacet
facet normal -0.8829465454586155 4.5817713185047706e-05 0.4694735304183123
outer loop
vertex 64.1676025390625 151.84999990463257 84.89674377441406
vertex 67.45390319824219 151.5 91.07737731933594
vertex 67.92337036132812 151.5 91.96031188964844
endloop
endfacet
facet normal 0.17435817441837592 0.9284759933672111 0.3279200462830256
outer loop
vertex 64.97540283203125 151.40000009536743 92.67835998535156
vertex 67.57127380371094 151.40000009536743 91.29811096191406
vertex 67.45390319824219 151.5 91.07737731933594
endloop
endfacet
facet normal 0.08092621490638092 0.9850304724662334 0.15220353495853953
outer loop
vertex 66.98443603515625 151.84999990463257 90.19441223144531
vertex 67.92337036132812 151.5 91.96031188964844
vertex 68.04397583007812 151.84999990463257 89.63105773925781
endloop
endfacet
facet normal -0.8829465458845495 -3.368176986422715e-05 0.46947353064478664
outer loop
vertex 67.45390319824219 151.5 91.07737731933594
vertex 67.57127380371094 151.40000009536743 91.29811096191406
vertex 67.92337036132812 151.5 91.96031188964844
endloop
endfacet
facet normal -0.8829486547680263 0.0 0.46946956561989506
outer loop
vertex 67.57127380371094 151.40000009536743 91.29811096191406
vertex 67.92337036132812 151.40000009536743 91.96031188964844
vertex 67.92337036132812 151.5 91.96031188964844
endloop
endfacet
facet normal 0.0 -1.0 0.0
outer loop
vertex 67.57127380371094 151.40000009536743 91.29811096191406
vertex 68.98291015625 151.40000009536743 91.39695739746094
vertex 67.92337036132812 151.40000009536743 91.96031188964844
endloop
endfacet
facet normal 0.17435615548833852 0.9284759933523902 0.3279211198011175
outer loop
vertex 68.513427734375 151.5 90.51399230957031
vertex 68.63079833984375 151.40000009536743 90.73472595214844
vertex 70.12924194335938 151.5 89.65486145019531
endloop
endfacet
facet normal 0.08092621490638092 0.9850304724662334 0.15220353495853953
outer loop
vertex 68.04397583007812 151.84999990463257 89.63105773925781
vertex 67.92337036132812 151.5 91.96031188964844
vertex 68.98291015625 151.5 91.39695739746094
endloop
endfacet
facet normal 0.8829469469755986 3.581796446776976e-05 -0.46947277614739596
outer loop
vertex 68.513427734375 151.5 90.51399230957031
vertex 68.98291015625 151.5 91.39695739746094
vertex 68.63079833984375 151.40000009536743 90.73472595214844
endloop
endfacet
facet normal 0.0 -1.0 0.0
outer loop
vertex 67.57127380371094 151.40000009536743 91.29811096191406
vertex 68.63079833984375 151.40000009536743 90.73472595214844
vertex 68.98291015625 151.40000009536743 91.39695739746094
endloop
endfacet
facet normal 0.4694632405567483 0.0 0.8829520178163459
outer loop
vertex 68.98291015625 151.40000009536743 91.39695739746094
vertex 67.92337036132812 151.5 91.96031188964844
vertex 67.92337036132812 151.40000009536743 91.96031188964844
endloop
endfacet
facet normal 0.4694632405567483 -0.0 0.8829520178163459
outer loop
vertex 68.98291015625 151.40000009536743 91.39695739746094
vertex 68.98291015625 151.5 91.39695739746094
vertex 67.92337036132812 151.5 91.96031188964844
endloop
endfacet
facet normal 0.8829491895381352 0.0 -0.46946855985672825
outer loop
vertex 68.63079833984375 151.40000009536743 90.73472595214844
vertex 68.98291015625 151.5 91.39695739746094
vertex 68.98291015625 151.40000009536743 91.39695739746094
endloop
endfacet
facet normal 0.9941541863023331 0.0 -0.10796968953158069
outer loop
vertex 70.36181640625 147.29999995231628 91.79634094238281
vertex 70.12924194335938 151.5 89.65486145019531
vertex 70.36181640625 150.70000004768372 91.79634094238281
endloop
endfacet
facet normal 0.1743727562153667 0.9284688821641907 0.3279324270983808
outer loop
vertex 63.8280029296875 150.70000004768372 95.27043151855469
vertex 68.63079833984375 151.40000009536743 90.73472595214844
vertex 67.57127380371094 151.40000009536743 91.29811096191406
endloop
endfacet
facet normal 0.17434214472156911 0.9284851897256552 0.32790252977675777
outer loop
vertex 63.8280029296875 150.70000004768372 95.27043151855469
vertex 70.12924194335938 151.5 89.65486145019531
vertex 68.63079833984375 151.40000009536743 90.73472595214844
endloop
endfacet
facet normal 0.1743572727208047 0.9284767771653333 0.3279183064637276
outer loop
vertex 63.8280029296875 150.70000004768372 95.27043151855469
vertex 70.36181640625 150.70000004768372 91.79634094238281
vertex 70.12924194335938 151.5 89.65486145019531
endloop
endfacet
facet normal 0.4694715971267608 -0.0 0.8829475745995615
outer loop
vertex 70.36181640625 147.29999995231628 91.79634094238281
vertex 70.36181640625 150.70000004768372 91.79634094238281
vertex 63.8280029296875 150.70000004768372 95.27043151855469
endloop
endfacet
facet normal 0.8829480594734839 1.793707450770626e-06 -0.46947068520706586
outer loop
vertex 49.75083923339844 298.0 44.52912902832031
vertex 60.04878234863281 286.0 63.89674377441406
vertex 51.64189147949219 295.0 48.08567810058594
endloop
endfacet
facet normal 0.8829476362445825 0.0 -0.4694714811893311
outer loop
vertex 51.64189147949219 286.0 48.08567810058594
vertex 51.64189147949219 295.0 48.08567810058594
vertex 60.04878234863281 286.0 63.89674377441406
endloop
endfacet
facet normal 0.8829475987936609 0.0 -0.4694715516242792
outer loop
vertex 49.75083923339844 298.0 44.52912902832031
vertex 60.04878234863281 298.0 63.89674377441406
vertex 60.04878234863281 286.0 63.89674377441406
endloop
endfacet
facet normal -0.0 1.0 0.0
outer loop
vertex 41.041168212890625 298.0 75.00984191894531
vertex 68.25306701660156 298.0 79.32676696777344
vertex 60.04878234863281 298.0 63.89674377441406
endloop
endfacet
facet normal 0.8829476923566173 0.0 -0.4694713756579036
outer loop
vertex 60.04878234863281 286.0 63.89674377441406
vertex 60.04878234863281 298.0 63.89674377441406
vertex 68.25306701660156 286.0 79.32676696777344
endloop
endfacet
facet normal 0.46949339638667387 -0.00018348386428350687 0.8829359643161997
outer loop
vertex 48.828216552734375 295.0 89.65513610839844
vertex 52.360015869140625 295.5 87.77723693847656
vertex 68.25306701660156 298.0 79.32676696777344
endloop
endfacet
facet normal 0.0 -1.0 0.0
outer loop
vertex 52.443939208984375 286.0 87.73262023925781
vertex 60.04878234863281 286.0 63.89674377441406
vertex 68.25306701660156 286.0 79.32676696777344
endloop
endfacet
facet normal 0.46947116699107844 2.1486913448374617e-06 0.8829478033040333
outer loop
vertex 52.443939208984375 286.0 87.73262023925781
vertex 68.25306701660156 286.0 79.32676696777344
vertex 52.360015869140625 288.5 87.77723693847656
endloop
endfacet
facet normal 0.4694713126195062 0.0 0.8829477258747076
outer loop
vertex 48.828216552734375 295.0 89.65513610839844
vertex 68.25306701660156 298.0 79.32676696777344
vertex 48.828216552734375 295.86798095703125 89.65513610839844
endloop
endfacet
facet normal 0.46947131261950614 0.0 0.8829477258747076
outer loop
vertex 48.828216552734375 295.86798095703125 89.65513610839844
vertex 68.25306701660156 298.0 79.32676696777344
vertex 48.828216552734375 298.0 89.65513610839844
endloop
endfacet
facet normal 0.8829476923566173 0.0 -0.4694713756579036
outer loop
vertex 60.04878234863281 298.0 63.89674377441406
vertex 68.25306701660156 298.0 79.32676696777344
vertex 68.25306701660156 286.0 79.32676696777344
endloop
endfacet
facet normal 0.46947150817517797 4.930913827542519e-06 0.8829476218821872
outer loop
vertex 68.25306701660156 286.0 79.32676696777344
vertex 64.72128295898438 288.5 81.20463562011719
vertex 52.360015869140625 288.5 87.77723693847656
endloop
endfacet
facet normal 0.46947150817517797 -4.930913827542519e-06 0.8829476218821872
outer loop
vertex 68.25306701660156 298.0 79.32676696777344
vertex 52.360015869140625 295.5 87.77723693847656
vertex 64.72128295898438 295.5 81.20463562011719
endloop
endfacet
facet normal 0.4694687870825943 0.0 0.8829490687209527
outer loop
vertex 68.25306701660156 298.0 79.32676696777344
vertex 64.72128295898438 295.3191833496094 81.20463562011719
vertex 64.72128295898438 288.5 81.20463562011719
endloop
endfacet
facet normal 0.4694687870825944 0.0 0.8829490687209527
outer loop
vertex 68.25306701660156 298.0 79.32676696777344
vertex 64.72128295898438 295.5 81.20463562011719
vertex 64.72128295898438 295.3191833496094 81.20463562011719
endloop
endfacet
facet normal 0.4694687870825943 -0.0 0.8829490687209526
outer loop
vertex 68.25306701660156 286.0 79.32676696777344
vertex 68.25306701660156 298.0 79.32676696777344
vertex 64.72128295898438 288.5 81.20463562011719
endloop
endfacet
facet normal -0.0 -1.0 -0.0
outer loop
vertex 61.32344055175781 288.5 84.14387512207031
vertex 52.360015869140625 288.5 87.77723693847656
vertex 62.382965087890625 288.5 83.58049011230469
endloop
endfacet
facet normal 0.0 1.0 0.0
outer loop
vertex 55.63725280761719 295.5 87.16725158691406
vertex 64.72128295898438 295.5 81.20463562011719
vertex 52.360015869140625 295.5 87.77723693847656
endloop
endfacet
facet normal 0.0 1.0 0.0
outer loop
vertex 55.63725280761719 295.5 87.16725158691406
vertex 56.69679260253906 295.5 86.60389709472656
vertex 64.72128295898438 295.5 81.20463562011719
endloop
endfacet
facet normal -0.0 -1.0 -0.0
outer loop
vertex 62.382965087890625 288.5 83.58049011230469
vertex 52.360015869140625 288.5 87.77723693847656
vertex 64.72128295898438 288.5 81.20463562011719
endloop
endfacet
facet normal 0.0 1.0 0.0
outer loop
vertex 56.69679260253906 295.5 86.60389709472656
vertex 61.32344055175781 295.5 84.14387512207031
vertex 64.72128295898438 295.5 81.20463562011719
endloop
endfacet
facet normal -0.0 -1.0 -0.0
outer loop
vertex 55.63725280761719 288.5 87.16725158691406
vertex 52.360015869140625 288.5 87.77723693847656
vertex 56.69679260253906 288.5 86.60389709472656
endloop
endfacet
facet normal -0.8829479718640536 0.0 0.46947084998022476
outer loop
vertex 57.054718017578125 288.5 96.60670471191406
vertex 52.360015869140625 295.5 87.77723693847656
vertex 52.360015869140625 288.5 87.77723693847656
endloop
endfacet
facet normal -0.0 -1.0 -0.0
outer loop
vertex 56.69679260253906 288.5 86.60389709472656
vertex 52.360015869140625 288.5 87.77723693847656
vertex 61.32344055175781 288.5 84.14387512207031
endloop
endfacet
facet normal -0.08092732436164475 -0.9850300588960306 -0.1522056215878626
outer loop
vertex 55.63725280761719 288.5 87.16725158691406
vertex 56.69679260253906 288.5 86.60389709472656
vertex 56.576202392578125 288.1499938964844 88.93315124511719
endloop
endfacet
facet normal -0.0809285142173419 -0.9850299540557954 -0.15220566743525377
outer loop
vertex 56.69679260253906 288.5 86.60389709472656
vertex 57.63572692871094 288.1499938964844 88.36979675292969
vertex 56.576202392578125 288.1499938964844 88.93315124511719
endloop
endfacet
facet normal -0.0 -1.0 0.0
outer loop
vertex 55.63725280761719 288.5 87.16725158691406
vertex 59.86248779296875 288.5 95.11378479003906
vertex 52.360015869140625 288.5 87.77723693847656
endloop
endfacet
facet normal -0.08092732436164475 0.9850300588960306 -0.1522056215878626
outer loop
vertex 55.63725280761719 295.5 87.16725158691406
vertex 56.576202392578125 295.8500061035156 88.93315124511719
vertex 56.69679260253906 295.5 86.60389709472656
endloop
endfacet
facet normal -0.0809285142173419 0.9850299540557954 -0.15220566743525377
outer loop
vertex 56.69679260253906 295.5 86.60389709472656
vertex 56.576202392578125 295.8500061035156 88.93315124511719
vertex 57.63572692871094 295.8500061035156 88.36979675292969
endloop
endfacet
facet normal 0.0 1.0 -0.0
outer loop
vertex 55.63725280761719 295.5 87.16725158691406
vertex 52.360015869140625 295.5 87.77723693847656
vertex 57.054718017578125 295.5 96.60670471191406
endloop
endfacet
facet normal 0.0 -1.0 -0.0
outer loop
vertex 57.054718017578125 288.5 96.60670471191406
vertex 52.360015869140625 288.5 87.77723693847656
vertex 59.86248779296875 288.5 95.11378479003906
endloop
endfacet
facet normal -0.8829479718640536 0.0 0.46947084998022476
outer loop
vertex 57.054718017578125 288.5 96.60670471191406
vertex 57.054718017578125 295.5 96.60670471191406
vertex 52.360015869140625 295.5 87.77723693847656
endloop
endfacet
facet normal -0.8829481301227745 -1.6836688011845317e-05 0.4694705520362509
outer loop
vertex 55.63725280761719 288.5 87.16725158691406
vertex 56.576202392578125 288.1499938964844 88.93315124511719
vertex 59.86248779296875 288.5 95.11378479003906
endloop
endfacet
facet normal 0.0 -0.9999999999999999 0.0
outer loop
vertex 56.576202392578125 288.1499938964844 88.93315124511719
vertex 57.63572692871094 288.1499938964844 88.36979675292969
vertex 59.39302062988281 288.1499938964844 94.23085021972656
endloop
endfacet
facet normal 0.8829474270618106 -3.021007503142015e-05 -0.4694718736327877
outer loop
vertex 56.69679260253906 288.5 86.60389709472656
vertex 60.92204284667969 288.5 94.55043029785156
vertex 57.63572692871094 288.1499938964844 88.36979675292969
endloop
endfacet
facet normal -0.8829481301227745 1.6836688011845317e-05 0.4694705520362509
outer loop
vertex 55.63725280761719 295.5 87.16725158691406
vertex 59.86248779296875 295.5 95.11378479003906
vertex 56.576202392578125 295.8500061035156 88.93315124511719
endloop
endfacet
facet normal -0.0 0.9999999999999999 0.0
outer loop
vertex 56.576202392578125 295.8500061035156 88.93315124511719
vertex 59.39302062988281 295.8500061035156 94.23085021972656
vertex 57.63572692871094 295.8500061035156 88.36979675292969
endloop
endfacet
facet normal 0.8829474270618106 3.021007503142015e-05 -0.4694718736327877
outer loop
vertex 56.69679260253906 295.5 86.60389709472656
vertex 57.63572692871094 295.8500061035156 88.36979675292969
vertex 60.92204284667969 295.5 94.55043029785156
endloop
endfacet
facet normal 0.0 -1.0 0.0
outer loop
vertex 56.69679260253906 288.5 86.60389709472656
vertex 61.32344055175781 288.5 84.14387512207031
vertex 65.54867553710938 288.5 92.09037780761719
endloop
endfacet
facet normal 0.0 -1.0 0.0
outer loop
vertex 56.69679260253906 288.5 86.60389709472656
vertex 65.54867553710938 288.5 92.09037780761719
vertex 60.92204284667969 288.5 94.55043029785156
endloop
endfacet
facet normal -0.0 1.0 0.0
outer loop
vertex 56.69679260253906 295.5 86.60389709472656
vertex 60.92204284667969 295.5 94.55043029785156
vertex 61.32344055175781 295.5 84.14387512207031
endloop
endfacet
facet normal -0.8829488550219261 2.5661895981106345e-05 0.469469188293478
outer loop
vertex 56.576202392578125 288.1499938964844 88.93315124511719
vertex 59.39302062988281 288.1499938964844 94.23085021972656
vertex 60.33197021484375 288.5 95.99674987792969
endloop
endfacet
facet normal 0.0 -1.0 0.0
outer loop
vertex 57.63572692871094 288.1499938964844 88.36979675292969
vertex 60.45256042480469 288.1499938964844 93.66746520996094
vertex 59.39302062988281 288.1499938964844 94.23085021972656
endloop
endfacet
facet normal -0.8829469455471477 -6.722030997383838e-05 0.4694727753878727
outer loop
vertex 56.576202392578125 288.1499938964844 88.93315124511719
vertex 60.33197021484375 288.5 95.99674987792969
vertex 59.86248779296875 288.5 95.11378479003906
endloop
endfacet
facet normal 0.17435150230557514 -0.928481857281321 0.32790699038480053
outer loop
vertex 57.054718017578125 288.5 96.60670471191406
vertex 59.86248779296875 288.5 95.11378479003906
vertex 59.9798583984375 288.6000061035156 95.33454895019531
endloop
endfacet
facet normal -0.0 1.0 0.0
outer loop
vertex 55.63725280761719 295.5 87.16725158691406
vertex 57.054718017578125 295.5 96.60670471191406
vertex 59.86248779296875 295.5 95.11378479003906
endloop
endfacet
facet normal -0.8829488550219261 -2.5661895981106345e-05 0.469469188293478
outer loop
vertex 56.576202392578125 295.8500061035156 88.93315124511719
vertex 60.33197021484375 295.5 95.99674987792969
vertex 59.39302062988281 295.8500061035156 94.23085021972656
endloop
endfacet
facet normal -0.8829469455471477 6.722030997383838e-05 0.4694727753878727
outer loop
vertex 56.576202392578125 295.8500061035156 88.93315124511719
vertex 59.86248779296875 295.5 95.11378479003906
vertex 60.33197021484375 295.5 95.99674987792969
endloop
endfacet
facet normal -0.0 1.0 0.0
outer loop
vertex 57.63572692871094 295.8500061035156 88.36979675292969
vertex 59.39302062988281 295.8500061035156 94.23085021972656
vertex 60.45256042480469 295.8500061035156 93.66746520996094
endloop
endfacet
facet normal -0.6454375217791256 0.0 0.7638130697229661
outer loop
vertex 57.054718017578125 288.5 96.60670471191406
vertex 58.70002746582031 294.6999969482422 97.99702453613281
vertex 57.054718017578125 295.5 96.60670471191406
endloop
endfacet
facet normal -0.6454375217791256 0.0 0.763813069722966
outer loop
vertex 57.054718017578125 288.5 96.60670471191406
vertex 58.70002746582031 289.3000030517578 97.99702453613281
vertex 58.70002746582031 294.6999969482422 97.99702453613281
endloop
endfacet
facet normal 0.17435150230557514 0.928481857281321 0.32790699038480053
outer loop
vertex 57.054718017578125 295.5 96.60670471191406
vertex 59.9798583984375 295.3999938964844 95.33454895019531
vertex 59.86248779296875 295.5 95.11378479003906
endloop
endfacet
facet normal 0.17435679130661558 0.928476418038713 0.327919579274038
outer loop
vertex 57.054718017578125 295.5 96.60670471191406
vertex 58.70002746582031 294.6999969482422 97.99702453613281
vertex 59.9798583984375 295.3999938964844 95.33454895019531
endloop
endfacet
facet normal 0.8829466801070682 8.137861296888057e-07 -0.46947327941773687
outer loop
vertex 57.63572692871094 288.1499938964844 88.36979675292969
vertex 61.391510009765625 288.5 95.43336486816406
vertex 60.45256042480469 288.1499938964844 93.66746520996094
endloop
endfacet
facet normal 0.8829465463617019 7.324158440398507e-06 -0.4694735308984945
outer loop
vertex 57.63572692871094 288.1499938964844 88.36979675292969
vertex 60.92204284667969 288.5 94.55043029785156
vertex 61.391510009765625 288.5 95.43336486816406
endloop
endfacet
facet normal 0.0809307420299768 -0.9850300588960307 0.1522038043734773
outer loop
vertex 59.39302062988281 288.1499938964844 94.23085021972656
vertex 60.45256042480469 288.1499938964844 93.66746520996094
vertex 60.33197021484375 288.5 95.99674987792969
endloop
endfacet
facet normal 0.8829465458846116 -3.3679682098131355e-05 -0.4694735306448197
outer loop
vertex 60.92204284667969 288.5 94.55043029785156
vertex 61.03941345214844 288.6000061035156 94.77116394042969
vertex 61.391510009765625 288.5 95.43336486816406
endloop
endfacet
facet normal -0.8829469424452061 -0.00010744723231733345 0.4694727737385356
outer loop
vertex 59.86248779296875 288.5 95.11378479003906
vertex 60.33197021484375 288.5 95.99674987792969
vertex 59.9798583984375 288.6000061035156 95.33454895019531
endloop
endfacet
facet normal -0.0 1.0 0.0
outer loop
vertex 59.9798583984375 288.6000061035156 95.33454895019531
vertex 60.33197021484375 288.6000061035156 95.99674987792969
vertex 61.03941345214844 288.6000061035156 94.77116394042969
endloop
endfacet
facet normal -0.8829402211910268 0.0 0.46948542661422493
outer loop
vertex 59.9798583984375 288.6000061035156 95.33454895019531
vertex 60.33197021484375 288.5 95.99674987792969
vertex 60.33197021484375 288.6000061035156 95.99674987792969
endloop
endfacet
facet normal 0.0809307420299768 -0.9850300588960307 0.1522038043734773
outer loop
vertex 60.45256042480469 288.1499938964844 93.66746520996094
vertex 61.391510009765625 288.5 95.43336486816406
vertex 60.33197021484375 288.5 95.99674987792969
endloop
endfacet
facet normal 0.0 1.0 0.0
outer loop
vertex 60.33197021484375 288.6000061035156 95.99674987792969
vertex 61.391510009765625 288.6000061035156 95.43336486816406
vertex 61.03941345214844 288.6000061035156 94.77116394042969
endloop
endfacet
facet normal 0.46948306661257094 0.0 0.8829414760696522
outer loop
vertex 60.33197021484375 288.5 95.99674987792969
vertex 61.391510009765625 288.6000061035156 95.43336486816406
vertex 60.33197021484375 288.6000061035156 95.99674987792969
endloop
endfacet
facet normal 0.8829486547680262 0.0 -0.46946956561989506
outer loop
vertex 61.03941345214844 288.6000061035156 94.77116394042969
vertex 61.391510009765625 288.6000061035156 95.43336486816406
vertex 61.391510009765625 288.5 95.43336486816406
endloop
endfacet
facet normal 0.46948306661257094 -0.0 0.8829414760696522
outer loop
vertex 60.33197021484375 288.5 95.99674987792969
vertex 61.391510009765625 288.5 95.43336486816406
vertex 61.391510009765625 288.6000061035156 95.43336486816406
endloop
endfacet
facet normal 0.8829466801070682 -8.137861296888057e-07 -0.46947327941773687
outer loop
vertex 57.63572692871094 295.8500061035156 88.36979675292969
vertex 60.45256042480469 295.8500061035156 93.66746520996094
vertex 61.391510009765625 295.5 95.43336486816406
endloop
endfacet
facet normal 0.8829465463617019 -7.324158440398507e-06 -0.4694735308984945
outer loop
vertex 57.63572692871094 295.8500061035156 88.36979675292969
vertex 61.391510009765625 295.5 95.43336486816406
vertex 60.92204284667969 295.5 94.55043029785156
endloop
endfacet
facet normal 0.0809307420299768 0.9850300588960307 0.1522038043734773
outer loop
vertex 59.39302062988281 295.8500061035156 94.23085021972656
vertex 60.33197021484375 295.5 95.99674987792969
vertex 60.45256042480469 295.8500061035156 93.66746520996094
endloop
endfacet
facet normal 0.8829465458846116 3.3679682098131355e-05 -0.4694735306448197
outer loop
vertex 60.92204284667969 295.5 94.55043029785156
vertex 61.391510009765625 295.5 95.43336486816406
vertex 61.03941345214844 295.3999938964844 94.77116394042969
endloop
endfacet
facet normal 0.17436199433992813 0.9284747156999849 0.32792163276556713
outer loop
vertex 58.70002746582031 294.6999969482422 97.99702453613281
vertex 61.03941345214844 295.3999938964844 94.77116394042969
vertex 59.9798583984375 295.3999938964844 95.33454895019531
endloop
endfacet
facet normal -0.8829469424452061 0.00010744723231733345 0.4694727737385356
outer loop
vertex 59.86248779296875 295.5 95.11378479003906
vertex 59.9798583984375 295.3999938964844 95.33454895019531
vertex 60.33197021484375 295.5 95.99674987792969
endloop
endfacet
facet normal -0.8829402211910268 0.0 0.46948542661422493
outer loop
vertex 59.9798583984375 295.3999938964844 95.33454895019531
vertex 60.33197021484375 295.3999938964844 95.99674987792969
vertex 60.33197021484375 295.5 95.99674987792969
endloop
endfacet
facet normal 0.0809307420299768 0.9850300588960307 0.1522038043734773
outer loop
vertex 60.45256042480469 295.8500061035156 93.66746520996094
vertex 60.33197021484375 295.5 95.99674987792969
vertex 61.391510009765625 295.5 95.43336486816406
endloop
endfacet
facet normal 0.0 -0.9999999999999999 0.0
outer loop
vertex 59.9798583984375 295.3999938964844 95.33454895019531
vertex 61.391510009765625 295.3999938964844 95.43336486816406
vertex 60.33197021484375 295.3999938964844 95.99674987792969
endloop
endfacet
facet normal 0.0 -1.0 0.0
outer loop
vertex 59.9798583984375 295.3999938964844 95.33454895019531
vertex 61.03941345214844 295.3999938964844 94.77116394042969
vertex 61.391510009765625 295.3999938964844 95.43336486816406
endloop
endfacet
facet normal 0.46948306661257094 0.0 0.8829414760696522
outer loop
vertex 60.33197021484375 295.3999938964844 95.99674987792969
vertex 61.391510009765625 295.3999938964844 95.43336486816406
vertex 60.33197021484375 295.5 95.99674987792969
endloop
endfacet
facet normal 0.8829486547680262 0.0 -0.46946956561989506
outer loop
vertex 61.03941345214844 295.3999938964844 94.77116394042969
vertex 61.391510009765625 295.5 95.43336486816406
vertex 61.391510009765625 295.3999938964844 95.43336486816406
endloop
endfacet
facet normal 0.46948306661257094 -0.0 0.8829414760696522
outer loop
vertex 60.33197021484375 295.5 95.99674987792969
vertex 61.391510009765625 295.3999938964844 95.43336486816406
vertex 61.391510009765625 295.5 95.43336486816406
endloop
endfacet
facet normal -0.08093193193663029 -0.9850299540474442 -0.15220385022165098
outer loop
vertex 61.32344055175781 288.5 84.14387512207031
vertex 62.382965087890625 288.5 83.58049011230469
vertex 62.26237487792969 288.1499938964844 85.90977478027344
endloop
endfacet
facet normal -0.0809307420299768 -0.9850300588960307 -0.1522038043734773
outer loop
vertex 62.382965087890625 288.5 83.58049011230469
vertex 63.32191467285156 288.1499938964844 85.34638977050781
vertex 62.26237487792969 288.1499938964844 85.90977478027344
endloop
endfacet
facet normal -0.08093193193663029 0.9850299540474442 -0.15220385022165098
outer loop
vertex 61.32344055175781 295.5 84.14387512207031
vertex 62.26237487792969 295.8500061035156 85.90977478027344
vertex 62.382965087890625 295.5 83.58049011230469
endloop
endfacet
facet normal -0.0809307420299768 0.9850300588960307 -0.1522038043734773
outer loop
vertex 62.382965087890625 295.5 83.58049011230469
vertex 62.26237487792969 295.8500061035156 85.90977478027344
vertex 63.32191467285156 295.8500061035156 85.34638977050781
endloop
endfacet
facet normal 0.0 1.0 0.0
outer loop
vertex 61.32344055175781 295.5 84.14387512207031
vertex 62.382965087890625 295.5 83.58049011230469
vertex 64.72128295898438 295.5 81.20463562011719
endloop
endfacet
facet normal 0.0 -0.9999999999999999 0.0
outer loop
vertex 62.382965087890625 288.5 83.58049011230469
vertex 64.72128295898438 288.5 81.20463562011719
vertex 69.41598510742188 288.5 90.03410339355469
endloop
endfacet
facet normal -0.0 0.9999999999999999 0.0
outer loop
vertex 62.382965087890625 295.5 83.58049011230469
vertex 69.41598510742188 295.5 90.03410339355469
vertex 64.72128295898438 295.5 81.20463562011719
endloop
endfacet
facet normal 0.8829479718640535 0.0 -0.4694708499802247
outer loop
vertex 69.41598510742188 295.5 90.03410339355469
vertex 64.72128295898438 288.5 81.20463562011719
vertex 64.72128295898438 295.3191833496094 81.20463562011719
endloop
endfacet
facet normal 0.8829479718640535 0.0 -0.4694708499802247
outer loop
vertex 69.41598510742188 295.5 90.03410339355469
vertex 64.72128295898438 295.3191833496094 81.20463562011719
vertex 64.72128295898438 295.5 81.20463562011719
endloop
endfacet
facet normal -0.8829473824766632 3.075256621523895e-05 0.469471957449951
outer loop
vertex 61.32344055175781 288.5 84.14387512207031
vertex 62.26237487792969 288.1499938964844 85.90977478027344
vertex 65.54867553710938 288.5 92.09037780761719
endloop
endfacet
facet normal 0.0 -1.0 0.0
outer loop
vertex 62.26237487792969 288.1499938964844 85.90977478027344
vertex 63.32191467285156 288.1499938964844 85.34638977050781
vertex 65.07920837402344 288.1499938964844 91.20744323730469
endloop
endfacet
facet normal -0.8829473824766632 -3.075256621523895e-05 0.469471957449951
outer loop
vertex 61.32344055175781 295.5 84.14387512207031
vertex 65.54867553710938 295.5 92.09037780761719
vertex 62.26237487792969 295.8500061035156 85.90977478027344
endloop
endfacet
facet normal -0.0 1.0 0.0
outer loop
vertex 62.26237487792969 295.8500061035156 85.90977478027344
vertex 65.07920837402344 295.8500061035156 91.20744323730469
vertex 63.32191467285156 295.8500061035156 85.34638977050781
endloop
endfacet
facet normal -0.0 1.0 -0.0
outer loop
vertex 61.32344055175781 295.5 84.14387512207031
vertex 60.92204284667969 295.5 94.55043029785156
vertex 65.54867553710938 295.5 92.09037780761719
endloop
endfacet
facet normal 0.8829481301227745 1.6836688011845317e-05 -0.4694705520362509
outer loop
vertex 62.382965087890625 288.5 83.58049011230469
vertex 66.60820007324219 288.5 91.52702331542969
vertex 63.32191467285156 288.1499938964844 85.34638977050781
endloop
endfacet
facet normal 0.0 -1.0 0.0
outer loop
vertex 63.32191467285156 288.1499938964844 85.34638977050781
vertex 66.13874816894531 288.1499938964844 90.64408874511719
vertex 65.07920837402344 288.1499938964844 91.20744323730469
endloop
endfacet
facet normal -0.8829466801070682 -8.137861296888057e-07 0.46947327941773687
outer loop
vertex 62.26237487792969 288.1499938964844 85.90977478027344
vertex 65.07920837402344 288.1499938964844 91.20744323730469
vertex 66.01815795898438 288.5 92.97334289550781
endloop
endfacet
facet normal -0.8829469474761975 1.2206514375913899e-05 0.46947277641357005
outer loop
vertex 62.26237487792969 288.1499938964844 85.90977478027344
vertex 66.01815795898438 288.5 92.97334289550781
vertex 65.54867553710938 288.5 92.09037780761719
endloop
endfacet
facet normal 0.8829478008501596 2.5661865342812784e-05 -0.4694711709097118
outer loop
vertex 63.32191467285156 288.1499938964844 85.34638977050781
vertex 67.07768249511719 288.5 92.40998840332031
vertex 66.13874816894531 288.1499938964844 90.64408874511719
endloop
endfacet
facet normal 0.8829469455471477 6.722030997383838e-05 -0.4694727753878727
outer loop
vertex 63.32191467285156 288.1499938964844 85.34638977050781
vertex 66.60820007324219 288.5 91.52702331542969
vertex 67.07768249511719 288.5 92.40998840332031
endloop
endfacet
facet normal 0.08092732436164475 -0.9850300588960306 0.1522056215878626
outer loop
vertex 65.07920837402344 288.1499938964844 91.20744323730469
vertex 66.13874816894531 288.1499938964844 90.64408874511719
vertex 66.01815795898438 288.5 92.97334289550781
endloop
endfacet
facet normal 0.8829481301227745 -1.6836688011845317e-05 -0.4694705520362509
outer loop
vertex 62.382965087890625 295.5 83.58049011230469
vertex 63.32191467285156 295.8500061035156 85.34638977050781
vertex 66.60820007324219 295.5 91.52702331542969
endloop
endfacet
facet normal -0.8829469474761975 -1.2206514375913899e-05 0.46947277641357005
outer loop
vertex 62.26237487792969 295.8500061035156 85.90977478027344
vertex 65.54867553710938 295.5 92.09037780761719
vertex 66.01815795898438 295.5 92.97334289550781
endloop
endfacet
facet normal -0.0 1.0 0.0
outer loop
vertex 63.32191467285156 295.8500061035156 85.34638977050781
vertex 65.07920837402344 295.8500061035156 91.20744323730469
vertex 66.13874816894531 295.8500061035156 90.64408874511719
endloop
endfacet
facet normal -0.8829466801070682 8.137861296888057e-07 0.46947327941773687
outer loop
vertex 62.26237487792969 295.8500061035156 85.90977478027344
vertex 66.01815795898438 295.5 92.97334289550781
vertex 65.07920837402344 295.8500061035156 91.20744323730469
endloop
endfacet
facet normal 0.8829469455471477 -6.722030997383838e-05 -0.4694727753878727
outer loop
vertex 63.32191467285156 295.8500061035156 85.34638977050781
vertex 67.07768249511719 295.5 92.40998840332031
vertex 66.60820007324219 295.5 91.52702331542969
endloop
endfacet
facet normal 0.8829478008501596 -2.5661865342812784e-05 -0.4694711709097118
outer loop
vertex 63.32191467285156 295.8500061035156 85.34638977050781
vertex 66.13874816894531 295.8500061035156 90.64408874511719
vertex 67.07768249511719 295.5 92.40998840332031
endloop
endfacet
facet normal 0.08092732436164475 0.9850300588960306 0.1522056215878626
outer loop
vertex 65.07920837402344 295.8500061035156 91.20744323730469
vertex 66.01815795898438 295.5 92.97334289550781
vertex 66.13874816894531 295.8500061035156 90.64408874511719
endloop
endfacet
facet normal 0.17436692371858667 -0.9284680544970347 0.32793787169433136
outer loop
vertex 60.92204284667969 288.5 94.55043029785156
vertex 65.66606140136719 288.6000061035156 92.31114196777344
vertex 61.03941345214844 288.6000061035156 94.77116394042969
endloop
endfacet
facet normal 0.1743606625370486 -0.9284724366888009 0.3279287935951985
outer loop
vertex 57.054718017578125 288.5 96.60670471191406
vertex 59.9798583984375 288.6000061035156 95.33454895019531
vertex 69.64857482910156 289.3000030517578 92.17558288574219
endloop
endfacet
facet normal 0.174369058363666 0.9284680545088702 0.32793673664577744
outer loop
vertex 60.92204284667969 295.5 94.55043029785156
vertex 61.03941345214844 295.3999938964844 94.77116394042969
vertex 65.54867553710938 295.5 92.09037780761719
endloop
endfacet
facet normal 0.17435415395314702 -0.9284813957204611 0.32790688739376456
outer loop
vertex 59.9798583984375 288.6000061035156 95.33454895019531
vertex 61.03941345214844 288.6000061035156 94.77116394042969
vertex 69.64857482910156 289.3000030517578 92.17558288574219
endloop
endfacet
facet normal 0.1743545446399453 0.9284781251356707 0.32791594030779747
outer loop
vertex 58.70002746582031 294.6999969482422 97.99702453613281
vertex 66.7255859375 295.3999938964844 91.74778747558594
vertex 65.66606140136719 295.3999938964844 92.31114196777344
endloop
endfacet
facet normal 0.17435743729743422 -0.9284765416110616 0.32791888591088186
outer loop
vertex 57.054718017578125 288.5 96.60670471191406
vertex 69.64857482910156 289.3000030517578 92.17558288574219
vertex 58.70002746582031 289.3000030517578 97.99702453613281
endloop
endfacet
facet normal 0.4694712958583191 0.0 0.8829477347867826
outer loop
vertex 58.70002746582031 289.3000030517578 97.99702453613281
vertex 69.64857482910156 289.3000030517578 92.17558288574219
vertex 58.70002746582031 294.6999969482422 97.99702453613281
endloop
endfacet
facet normal 0.17435639752643556 0.9284770233623416 0.32791807472264967
outer loop
vertex 58.70002746582031 294.6999969482422 97.99702453613281
vertex 65.66606140136719 295.3999938964844 92.31114196777344
vertex 61.03941345214844 295.3999938964844 94.77116394042969
endloop
endfacet
facet normal 0.174348552033872 -0.928485526178601 0.32789817029153817
outer loop
vertex 60.92204284667969 288.5 94.55043029785156
vertex 65.54867553710938 288.5 92.09037780761719
vertex 65.66606140136719 288.6000061035156 92.31114196777344
endloop
endfacet
facet normal -0.8829469472136362 2.727155672912592e-05 0.4694727762739633
outer loop
vertex 65.54867553710938 288.5 92.09037780761719
vertex 66.01815795898438 288.5 92.97334289550781
vertex 65.66606140136719 288.6000061035156 92.31114196777344
endloop
endfacet
facet normal -0.8829486547680262 0.0 0.46946956561989506
outer loop
vertex 65.66606140136719 288.6000061035156 92.31114196777344
vertex 66.01815795898438 288.5 92.97334289550781
vertex 66.01815795898438 288.6000061035156 92.97334289550781
endloop
endfacet
facet normal 0.17434641763648853 0.9284855261696184 0.32789930520031607
outer loop
vertex 61.03941345214844 295.3999938964844 94.77116394042969
vertex 65.66606140136719 295.3999938964844 92.31114196777344
vertex 65.54867553710938 295.5 92.09037780761719
endloop
endfacet
facet normal 0.17435793816694006 -0.9284757106954283 0.3279209722582448
outer loop
vertex 61.03941345214844 288.6000061035156 94.77116394042969
vertex 65.66606140136719 288.6000061035156 92.31114196777344
vertex 69.64857482910156 289.3000030517578 92.17558288574219
endloop
endfacet
facet normal 0.17436831909365932 0.928469626796869 0.3279326781705889
outer loop
vertex 58.70002746582031 294.6999969482422 97.99702453613281
vertex 69.41598510742188 295.5 90.03410339355469
vertex 66.7255859375 295.3999938964844 91.74778747558594
endloop
endfacet
facet normal -0.8829469472136362 -2.727155672912592e-05 0.4694727762739633
outer loop
vertex 65.66606140136719 295.3999938964844 92.31114196777344
vertex 66.01815795898438 295.5 92.97334289550781
vertex 65.54867553710938 295.5 92.09037780761719
endloop
endfacet
facet normal -0.8829486547680262 0.0 0.46946956561989506
outer loop
vertex 65.66606140136719 295.3999938964844 92.31114196777344
vertex 66.01815795898438 295.3999938964844 92.97334289550781
vertex 66.01815795898438 295.5 92.97334289550781
endloop
endfacet
facet normal 0.17435718428616973 0.9284767571823638 0.32791841006555367
outer loop
vertex 58.70002746582031 294.6999969482422 97.99702453613281
vertex 69.64857482910156 294.6999969482422 92.17558288574219
vertex 69.41598510742188 295.5 90.03410339355469
endloop
endfacet
facet normal 0.0 -1.0 0.0
outer loop
vertex 62.382965087890625 288.5 83.58049011230469
vertex 69.41598510742188 288.5 90.03410339355469
vertex 66.60820007324219 288.5 91.52702331542969
endloop
endfacet
facet normal 0.17434645731323536 -0.9284855261698349 0.32789928410328856
outer loop
vertex 66.60820007324219 288.5 91.52702331542969
vertex 69.41598510742188 288.5 90.03410339355469
vertex 66.7255859375 288.6000061035156 91.74778747558594
endloop
endfacet
facet normal -0.0 1.0 0.0
outer loop
vertex 62.382965087890625 295.5 83.58049011230469
vertex 66.60820007324219 295.5 91.52702331542969
vertex 69.41598510742188 295.5 90.03410339355469
endloop
endfacet
facet normal 0.8829479718640536 0.0 -0.46947084998022476
outer loop
vertex 69.41598510742188 288.5 90.03410339355469
vertex 64.72128295898438 288.5 81.20463562011719
vertex 69.41598510742188 295.5 90.03410339355469
endloop
endfacet
facet normal 0.17434645731323536 0.9284855261698349 0.32789928410328856
outer loop
vertex 66.7255859375 295.3999938964844 91.74778747558594
vertex 69.41598510742188 295.5 90.03410339355469
vertex 66.60820007324219 295.5 91.52702331542969
endloop
endfacet
facet normal 0.1743588102144566 -0.9284765425396438 0.32791815328558416
outer loop
vertex 66.7255859375 288.6000061035156 91.74778747558594
vertex 69.41598510742188 288.5 90.03410339355469
vertex 69.64857482910156 289.3000030517578 92.17558288574219
endloop
endfacet
facet normal 0.9941534259248608 0.0 -0.10797669064137157
outer loop
vertex 69.41598510742188 288.5 90.03410339355469
vertex 69.41598510742188 295.5 90.03410339355469
vertex 69.64857482910156 289.3000030517578 92.17558288574219
endloop
endfacet
facet normal 0.9941534259248607 0.0 -0.10797669064137157
outer loop
vertex 69.64857482910156 289.3000030517578 92.17558288574219
vertex 69.41598510742188 295.5 90.03410339355469
vertex 69.64857482910156 294.6999969482422 92.17558288574219
endloop
endfacet
facet normal -0.0 1.0 0.0
outer loop
vertex 65.66606140136719 288.6000061035156 92.31114196777344
vertex 66.01815795898438 288.6000061035156 92.97334289550781
vertex 66.7255859375 288.6000061035156 91.74778747558594
endloop
endfacet
facet normal 0.0809285142173419 -0.9850299540557954 0.15220566743525377
outer loop
vertex 66.13874816894531 288.1499938964844 90.64408874511719
vertex 67.07768249511719 288.5 92.40998840332031
vertex 66.01815795898438 288.5 92.97334289550781
endloop
endfacet
facet normal 0.46946851143254126 0.0 0.8829492152855192
outer loop
vertex 66.01815795898438 288.5 92.97334289550781
vertex 67.07768249511719 288.6000061035156 92.40998840332031
vertex 66.01815795898438 288.6000061035156 92.97334289550781
endloop
endfacet
facet normal 0.0 1.0 0.0
outer loop
vertex 66.01815795898438 288.6000061035156 92.97334289550781
vertex 67.07768249511719 288.6000061035156 92.40998840332031
vertex 66.7255859375 288.6000061035156 91.74778747558594
endloop
endfacet
facet normal 0.46946851143254126 -0.0 0.8829492152855192
outer loop
vertex 66.01815795898438 288.5 92.97334289550781
vertex 67.07768249511719 288.5 92.40998840332031
vertex 67.07768249511719 288.6000061035156 92.40998840332031
endloop
endfacet
facet normal 0.8829469472136362 -2.727155672912592e-05 -0.4694727762739633
outer loop
vertex 66.60820007324219 288.5 91.52702331542969
vertex 66.7255859375 288.6000061035156 91.74778747558594
vertex 67.07768249511719 288.5 92.40998840332031
endloop
endfacet
facet normal 0.8829486547680262 0.0 -0.46946956561989506
outer loop
vertex 66.7255859375 288.6000061035156 91.74778747558594
vertex 67.07768249511719 288.6000061035156 92.40998840332031
vertex 67.07768249511719 288.5 92.40998840332031
endloop
endfacet
facet normal 0.4694712958583191 -0.0 0.8829477347867826
outer loop
vertex 58.70002746582031 294.6999969482422 97.99702453613281
vertex 69.64857482910156 289.3000030517578 92.17558288574219
vertex 69.64857482910156 294.6999969482422 92.17558288574219
endloop
endfacet
facet normal 0.0809285142173419 0.9850299540557954 0.15220566743525377
outer loop
vertex 66.13874816894531 295.8500061035156 90.64408874511719
vertex 66.01815795898438 295.5 92.97334289550781
vertex 67.07768249511719 295.5 92.40998840332031
endloop
endfacet
facet normal 0.0 -1.0 0.0
outer loop
vertex 65.66606140136719 295.3999938964844 92.31114196777344
vertex 66.7255859375 295.3999938964844 91.74778747558594
vertex 67.07768249511719 295.3999938964844 92.40998840332031
endloop
endfacet
facet normal 0.0 -1.0 0.0
outer loop
vertex 65.66606140136719 295.3999938964844 92.31114196777344
vertex 67.07768249511719 295.3999938964844 92.40998840332031
vertex 66.01815795898438 295.3999938964844 92.97334289550781
endloop
endfacet
facet normal 0.46946851143254126 0.0 0.8829492152855192
outer loop
vertex 66.01815795898438 295.3999938964844 92.97334289550781
vertex 67.07768249511719 295.3999938964844 92.40998840332031
vertex 66.01815795898438 295.5 92.97334289550781
endloop
endfacet
facet normal 0.46946851143254126 -0.0 0.8829492152855192
outer loop
vertex 66.01815795898438 295.5 92.97334289550781
vertex 67.07768249511719 295.3999938964844 92.40998840332031
vertex 67.07768249511719 295.5 92.40998840332031
endloop
endfacet
facet normal 0.8829469472136362 2.727155672912592e-05 -0.4694727762739633
outer loop
vertex 66.7255859375 295.3999938964844 91.74778747558594
vertex 66.60820007324219 295.5 91.52702331542969
vertex 67.07768249511719 295.5 92.40998840332031
endloop
endfacet
facet normal 0.8829486547680262 0.0 -0.46946956561989506
outer loop
vertex 66.7255859375 295.3999938964844 91.74778747558594
vertex 67.07768249511719 295.5 92.40998840332031
vertex 67.07768249511719 295.3999938964844 92.40998840332031
endloop
endfacet
facet normal 0.1743579032925951 -0.9284752634719142 0.3279222570673869
outer loop
vertex 65.66606140136719 288.6000061035156 92.31114196777344
vertex 66.7255859375 288.6000061035156 91.74778747558594
vertex 69.64857482910156 289.3000030517578 92.17558288574219
endloop
endfacet

endsolid
