solid 
facet normal -0.4694699953285577 -2.4089986976317633e-06 -0.8829484262857037
outer loop
vertex 7.6364593505859375 3.0 12.184722900390625
vertex 6.26275634765625 3.0 12.915130615234375
vertex 11.252212524414062 12.0 10.262176513671875
endloop
endfacet
facet normal -0.4694733829539657 0.0 -0.882946625055988
outer loop
vertex 6.26275634765625 3.0 12.915130615234375
vertex 6.26275634765625 37.0 12.915130615234375
vertex 11.252212524414062 37.0 10.262176513671875
endloop
endfacet
facet normal -1.0 0.0 0.0
outer loop
vertex 6.26275634765625 3.0 12.915130615234375
vertex 6.26275634765625 3.0 22.262176513671875
vertex 6.26275634765625 34.0 17.806304931640625
endloop
endfacet
facet normal -0.8829469245528184 6.3192216408979025e-06 0.46947281964218845
outer loop
vertex 7.636444091796875 0.0 12.184722900390625
vertex 10.1473388671875 0.0 16.907012939453125
vertex 7.6364593505859375 2.13201904296875 12.184722900390625
endloop
endfacet
facet normal -0.8829481071942475 0.0 0.4694705954605629
outer loop
vertex 7.6364593505859375 2.13201904296875 12.184722900390625
vertex 10.1473388671875 3.0 16.907012939453125
vertex 7.6364593505859375 3.0 12.184722900390625
endloop
endfacet
facet normal -0.0 -1.0 0.0
outer loop
vertex 7.6364593505859375 3.0 12.184722900390625
vertex 10.1473388671875 3.0 16.907012939453125
vertex 6.26275634765625 3.0 12.915130615234375
endloop
endfacet
facet normal 0.0 -1.0 0.0
outer loop
vertex 6.26275634765625 3.0 12.915130615234375
vertex 10.1473388671875 3.0 16.907012939453125
vertex 6.26275634765625 3.0 22.262176513671875
endloop
endfacet
facet normal 0.0 -0.0 1.0
outer loop
vertex 6.26275634765625 3.0 22.262176513671875
vertex 12.994735717773438 12.0 22.262176513671875
vertex 6.26275634765625 34.0 22.262176513671875
endloop
endfacet
facet normal -0.9999999999999999 0.0 0.0
outer loop
vertex 6.26275634765625 3.0 12.915130615234375
vertex 6.26275634765625 37.0 17.806304931640625
vertex 6.26275634765625 37.0 12.915130615234375
endloop
endfacet
facet normal -0.9999999999999999 0.0 0.0
outer loop
vertex 6.26275634765625 3.0 12.915130615234375
vertex 6.26275634765625 34.0 17.806304931640625
vertex 6.26275634765625 37.0 17.806304931640625
endloop
endfacet
facet normal 0.0 0.0 -1.0
outer loop
vertex 4.0203704833984375 34.0 17.806304931640625
vertex 6.26275634765625 37.0 17.806304931640625
vertex 6.26275634765625 34.0 17.806304931640625
endloop
endfacet
facet normal -1.0 0.0 0.0
outer loop
vertex 6.26275634765625 3.0 22.262176513671875
vertex 6.26275634765625 34.0 22.262176513671875
vertex 6.26275634765625 34.0 17.806304931640625
endloop
endfacet
facet normal 0.0 -1.0 0.0
outer loop
vertex 4.0203704833984375 34.0 17.806304931640625
vertex 6.26275634765625 34.0 17.806304931640625
vertex 6.26275634765625 34.0 22.262176513671875
endloop
endfacet
facet normal 0.0 -1.0 0.0
outer loop
vertex 4.0203704833984375 34.0 17.806304931640625
vertex 6.26275634765625 34.0 22.262176513671875
vertex 4.26275634765625 34.0 24.262176513671875
endloop
endfacet
facet normal -0.9992959297947198 0.0 0.037518591334246745
outer loop
vertex 4.0203704833984375 34.0 17.806304931640625
vertex 4.26275634765625 34.0 24.262176513671875
vertex 4.26275634765625 142.0 24.262176513671875
endloop
endfacet
facet normal 0.0 0.0 -1.0
outer loop
vertex 4.0203704833984375 34.0 17.806304931640625
vertex 4.0203704833984375 142.0 17.806304931640625
vertex 6.26275634765625 37.0 17.806304931640625
endloop
endfacet
facet normal -0.4694746699803334 0.0 -0.8829459407273228
outer loop
vertex 7.6364593505859375 2.13201904296875 12.184722900390625
vertex 7.6364593505859375 3.0 12.184722900390625
vertex 11.252212524414062 12.0 10.262176513671875
endloop
endfacet
facet normal -0.46947481217005227 -0.0 -0.8829458651230516
outer loop
vertex 7.6364593505859375 2.13201904296875 12.184722900390625
vertex 10.903366088867188 9.800003051757812 10.447662353515625
vertex 10.903366088867188 2.1999969482421875 10.447662353515625
endloop
endfacet
facet normal -0.4694756858571904 4.774671169597605e-07 -0.882945400570552
outer loop
vertex 7.6364593505859375 2.13201904296875 12.184722900390625
vertex 11.252212524414062 12.0 10.262176513671875
vertex 10.903366088867188 9.800003051757812 10.447662353515625
endloop
endfacet
facet normal -0.4694733829539656 -0.0 -0.8829466250559878
outer loop
vertex 6.26275634765625 3.0 12.915130615234375
vertex 11.252212524414062 37.0 10.262176513671875
vertex 11.252212524414062 12.0 10.262176513671875
endloop
endfacet
facet normal -0.46947210654066496 3.3599961820493616e-06 -0.8829473037327772
outer loop
vertex 7.636444091796875 0.0 12.184722900390625
vertex 7.6364593505859375 2.13201904296875 12.184722900390625
vertex 27.061309814453125 0.0 1.8563232421875
endloop
endfacet
facet normal -0.4694711565737111 -0.00022462042090452692 -0.8829477802741275
outer loop
vertex 7.6364593505859375 2.13201904296875 12.184722900390625
vertex 10.903366088867188 2.1999969482421875 10.447662353515625
vertex 23.794403076171875 2.1999969482421875 3.5933837890625
endloop
endfacet
facet normal 0.0 -1.0 0.0
outer loop
vertex 7.636444091796875 0.0 12.184722900390625
vertex 27.061309814453125 0.0 1.8563232421875
vertex 10.1473388671875 0.0 16.907012939453125
endloop
endfacet
facet normal -0.4694711684170928 -4.4136403856473927e-07 -0.882947802548313
outer loop
vertex 10.903366088867188 9.800003051757812 10.447662353515625
vertex 11.252212524414062 12.0 10.262176513671875
vertex 23.794403076171875 9.800003051757812 3.5933837890625
endloop
endfacet
facet normal -0.0 1.0 0.0
outer loop
vertex 10.903366088867188 2.1999969482421875 10.447662353515625
vertex 16.6778564453125 2.1999969482421875 21.307891845703125
vertex 23.794403076171875 2.1999969482421875 3.5933837890625
endloop
endfacet
facet normal 0.0 0.0 -1.0
outer loop
vertex 11.252212524414062 12.0 10.262176513671875
vertex 11.252212524414062 37.0 10.262176513671875
vertex 21.512481689453125 12.0 10.262176513671875
endloop
endfacet
facet normal -0.8829481071942477 0.0 0.46947059546056297
outer loop
vertex 7.6364593505859375 2.13201904296875 12.184722900390625
vertex 10.1473388671875 0.0 16.907012939453125
vertex 10.1473388671875 3.0 16.907012939453125
endloop
endfacet
facet normal 0.8829474612424443 0.0 -0.46947181032040936
outer loop
vertex 10.903366088867188 2.1999969482421875 10.447662353515625
vertex 10.903366088867188 9.800003051757812 10.447662353515625
vertex 16.6778564453125 9.800003051757812 21.307891845703125
endloop
endfacet
facet normal 0.0 -1.0 0.0
outer loop
vertex 6.26275634765625 3.0 22.262176513671875
vertex 10.1473388671875 3.0 16.907012939453125
vertex 12.994735717773438 3.0 22.262176513671875
endloop
endfacet
facet normal 0.0 0.0 1.0
outer loop
vertex 6.26275634765625 3.0 22.262176513671875
vertex 12.994735717773438 3.0 22.262176513671875
vertex 12.994735717773438 12.0 22.262176513671875
endloop
endfacet
facet normal -0.8829471916682251 0.0 0.4694723173150836
outer loop
vertex 10.1473388671875 0.0 16.907012939453125
vertex 12.994735717773438 3.0 22.262176513671875
vertex 10.1473388671875 3.0 16.907012939453125
endloop
endfacet
facet normal 0.8829474612424443 0.0 -0.46947181032040936
outer loop
vertex 10.903366088867188 2.1999969482421875 10.447662353515625
vertex 16.6778564453125 9.800003051757812 21.307891845703125
vertex 16.6778564453125 2.1999969482421875 21.307891845703125
endloop
endfacet
facet normal 0.0 1.0 0.0
outer loop
vertex 6.26275634765625 37.0 12.915130615234375
vertex 6.26275634765625 37.0 17.806304931640625
vertex 38.26275634765625 37.0 17.806304931640625
endloop
endfacet
facet normal 0.0 -1.0 0.0
outer loop
vertex 4.26275634765625 34.0 24.262176513671875
vertex 6.26275634765625 34.0 22.262176513671875
vertex 40.26275634765625 34.0 24.262176513671875
endloop
endfacet
facet normal 0.0 0.0 -1.0
outer loop
vertex 6.26275634765625 37.0 17.806304931640625
vertex 4.0203704833984375 142.0 17.806304931640625
vertex 38.26275634765625 37.0 17.806304931640625
endloop
endfacet
facet normal -0.8829472921539931 4.3272478294437647e-07 0.4694721283289816
outer loop
vertex 10.1473388671875 0.0 16.907012939453125
vertex 20.445281982421875 0.0 36.27459716796875
vertex 12.994735717773438 3.0 22.262176513671875
endloop
endfacet
facet normal -0.8829473305570125 0.0 0.4694720561037108
outer loop
vertex 12.994735717773438 3.0 22.262176513671875
vertex 20.445281982421875 0.0 36.27459716796875
vertex 12.994735717773438 12.0 22.262176513671875
endloop
endfacet
facet normal -0.9992959297947198 0.0 0.037518591334246745
outer loop
vertex 4.0203704833984375 34.0 17.806304931640625
vertex 4.26275634765625 142.0 24.262176513671875
vertex 4.0203704833984375 142.0 17.806304931640625
endloop
endfacet
facet normal 0.0 -1.0 0.0
outer loop
vertex 0.0 142.0 16.245086669921875
vertex 4.0203704833984375 142.0 17.806304931640625
vertex 4.26275634765625 142.0 24.262176513671875
endloop
endfacet
facet normal -0.8829478638846715 0.0 0.4694710530602453
outer loop
vertex 0.0 142.0 16.245086669921875
vertex 4.26275634765625 142.0 24.262176513671875
vertex 4.26275634765625 144.0 24.262176513671875
endloop
endfacet
facet normal -0.8829478638846716 0.0 0.46947105306024534
outer loop
vertex 0.0 142.0 16.245086669921875
vertex 4.26275634765625 144.0 24.262176513671875
vertex 4.26275634765625 156.0 24.262176513671875
endloop
endfacet
facet normal -0.4694710329076116 0.0 -0.8829478746000017
outer loop
vertex 0.0 142.0 16.245086669921875
vertex 0.0 156.0 16.245086669921875
vertex 15.276275634765625 142.0 8.12255859375
endloop
endfacet
facet normal 0.0 -1.0 0.0
outer loop
vertex 0.0 142.0 16.245086669921875
vertex 15.276275634765625 142.0 8.12255859375
vertex 4.0203704833984375 142.0 17.806304931640625
endloop
endfacet
facet normal 0.0 -0.0 1.0
outer loop
vertex 4.26275634765625 34.0 24.262176513671875
vertex 20.894195556640625 142.0 24.262176513671875
vertex 4.26275634765625 142.0 24.262176513671875
endloop
endfacet
facet normal -0.9992959231452746 0.0 0.03751876843972367
outer loop
vertex 15.276275634765625 138.0 8.12255859375
vertex 15.599456787109375 142.0 16.7303466796875
vertex 15.276275634765625 142.0 8.12255859375
endloop
endfacet
facet normal -0.46947655335979593 0.0 -0.882944939305621
outer loop
vertex 15.276275634765625 142.0 8.12255859375
vertex 15.276275634765625 156.0 8.12255859375
vertex 16.031356811523438 146.20000004768372 7.7210693359375
endloop
endfacet
facet normal 0.0 -1.0 0.0
outer loop
vertex 4.0203704833984375 142.0 17.806304931640625
vertex 15.276275634765625 142.0 8.12255859375
vertex 15.599456787109375 142.0 16.7303466796875
endloop
endfacet
facet normal 0.0 -0.0 1.0
outer loop
vertex 4.26275634765625 142.0 24.262176513671875
vertex 20.894195556640625 142.0 24.262176513671875
vertex 4.26275634765625 144.0 24.262176513671875
endloop
endfacet
facet normal 0.0 -0.9999999999999999 0.0
outer loop
vertex 4.0203704833984375 142.0 17.806304931640625
vertex 15.599456787109375 142.0 16.7303466796875
vertex 26.26611328125 142.0 16.7303466796875
endloop
endfacet
facet normal -0.9992959231452746 0.0 0.03751876843972367
outer loop
vertex 15.276275634765625 138.0 8.12255859375
vertex 15.599456787109375 138.0 16.7303466796875
vertex 15.599456787109375 142.0 16.7303466796875
endloop
endfacet
facet normal -0.0 0.0 1.0
outer loop
vertex 4.26275634765625 144.0 24.262176513671875
vertex 20.894195556640625 142.0 24.262176513671875
vertex 21.202178955078125 144.0 24.262176513671875
endloop
endfacet
facet normal 0.0 0.0 1.0
outer loop
vertex 4.26275634765625 144.0 24.262176513671875
vertex 21.202178955078125 144.0 24.262176513671875
vertex 21.202178955078125 154.0 24.262176513671875
endloop
endfacet
facet normal -0.469471923175637 5.502901765088815e-06 -0.8829474012190572
outer loop
vertex 7.6364593505859375 2.13201904296875 12.184722900390625
vertex 23.794403076171875 2.1999969482421875 3.5933837890625
vertex 27.061309814453125 0.0 1.8563232421875
endloop
endfacet
facet normal -0.46947187350031927 -5.597522047637311e-06 -0.8829474276313217
outer loop
vertex 11.252212524414062 12.0 10.262176513671875
vertex 27.061309814453125 12.0 1.8563232421875
vertex 23.794403076171875 9.800003051757812 3.5933837890625
endloop
endfacet
facet normal -0.0 1.0 0.0
outer loop
vertex 11.252212524414062 12.0 10.262176513671875
vertex 21.512481689453125 12.0 10.262176513671875
vertex 29.154937744140625 12.0 5.79388427734375
endloop
endfacet
facet normal 0.0 -1.0 0.0
outer loop
vertex 10.903366088867188 9.800003051757812 10.447662353515625
vertex 23.794403076171875 9.800003051757812 3.5933837890625
vertex 29.568878173828125 9.800003051757812 14.45361328125
endloop
endfacet
facet normal 0.0 1.0 0.0
outer loop
vertex 11.252212524414062 12.0 10.262176513671875
vertex 29.154937744140625 12.0 5.79388427734375
vertex 27.061309814453125 12.0 1.8563232421875
endloop
endfacet
facet normal -0.4694748121700523 0.0 -0.8829458651230517
outer loop
vertex 23.794403076171875 2.1999969482421875 3.5933837890625
vertex 23.794403076171875 2.479766845703125 3.5933837890625
vertex 27.061309814453125 0.0 1.8563232421875
endloop
endfacet
facet normal -0.46947481217005227 0.0 -0.8829458651230516
outer loop
vertex 23.794403076171875 2.479766845703125 3.5933837890625
vertex 23.794403076171875 9.800003051757812 3.5933837890625
vertex 27.061309814453125 0.0 1.8563232421875
endloop
endfacet
facet normal -0.4694748121700523 -0.0 -0.8829458651230516
outer loop
vertex 23.794403076171875 9.800003051757812 3.5933837890625
vertex 27.061309814453125 12.0 1.8563232421875
vertex 27.061309814453125 0.0 1.8563232421875
endloop
endfacet
facet normal 0.0 -1.0 0.0
outer loop
vertex 10.1473388671875 0.0 16.907012939453125
vertex 27.061309814453125 0.0 1.8563232421875
vertex 29.154937744140625 0.0 5.79388427734375
endloop
endfacet
facet normal -0.8829479754756494 0.0 0.46947084318778715
outer loop
vertex 23.794403076171875 2.1999969482421875 3.5933837890625
vertex 29.568878173828125 2.1999969482421875 14.45361328125
vertex 23.794403076171875 2.479766845703125 3.5933837890625
endloop
endfacet
facet normal -0.8829479754756494 0.0 0.46947084318778715
outer loop
vertex 23.794403076171875 2.479766845703125 3.5933837890625
vertex 29.568878173828125 2.1999969482421875 14.45361328125
vertex 23.794403076171875 9.800003051757812 3.5933837890625
endloop
endfacet
facet normal 0.0 -0.0 -1.0
outer loop
vertex 11.252212524414062 37.0 10.262176513671875
vertex 38.26275634765625 37.0 10.262176513671875
vertex 21.512481689453125 12.0 10.262176513671875
endloop
endfacet
facet normal 0.0 -1.0 0.0
outer loop
vertex 10.903366088867188 9.800003051757812 10.447662353515625
vertex 29.568878173828125 9.800003051757812 14.45361328125
vertex 16.6778564453125 9.800003051757812 21.307891845703125
endloop
endfacet
facet normal 0.0 -1.0 0.0
outer loop
vertex 10.1473388671875 0.0 16.907012939453125
vertex 29.154937744140625 0.0 5.79388427734375
vertex 20.445281982421875 0.0 36.27459716796875
endloop
endfacet
facet normal -0.46947160164017826 0.0 -0.8829475721997347
outer loop
vertex 16.6778564453125 2.1999969482421875 21.307891845703125
vertex 16.6778564453125 9.800003051757812 21.307891845703125
vertex 29.568878173828125 9.800003051757812 14.45361328125
endloop
endfacet
facet normal -0.0 0.9999999999999999 0.0
outer loop
vertex 6.26275634765625 37.0 12.915130615234375
vertex 38.26275634765625 37.0 17.806304931640625
vertex 11.252212524414062 37.0 10.262176513671875
endloop
endfacet
facet normal -0.0 0.0 1.0
outer loop
vertex 6.26275634765625 34.0 22.262176513671875
vertex 12.994735717773438 12.0 22.262176513671875
vertex 37.911285400390625 12.0 22.262176513671875
endloop
endfacet
facet normal 0.0 0.9999999999999999 0.0
outer loop
vertex 16.6778564453125 2.1999969482421875 21.307891845703125
vertex 29.568878173828125 2.1999969482421875 14.45361328125
vertex 23.794403076171875 2.1999969482421875 3.5933837890625
endloop
endfacet
facet normal -0.46947160164017826 -0.0 -0.8829475721997347
outer loop
vertex 16.6778564453125 2.1999969482421875 21.307891845703125
vertex 29.568878173828125 9.800003051757812 14.45361328125
vertex 29.568878173828125 2.1999969482421875 14.45361328125
endloop
endfacet
facet normal 0.8829485605146993 0.0 -0.46946974288554577
outer loop
vertex 27.061309814453125 0.0 1.8563232421875
vertex 27.061309814453125 12.0 1.8563232421875
vertex 29.154937744140625 0.0 5.79388427734375
endloop
endfacet
facet normal 0.8829485605146993 0.0 -0.46946974288554577
outer loop
vertex 27.061309814453125 12.0 1.8563232421875
vertex 29.154937744140625 12.0 5.79388427734375
vertex 29.154937744140625 0.0 5.79388427734375
endloop
endfacet
facet normal -0.8829479754756495 0.0 0.46947084318778715
outer loop
vertex 23.794403076171875 9.800003051757812 3.5933837890625
vertex 29.568878173828125 2.1999969482421875 14.45361328125
vertex 29.568878173828125 9.800003051757812 14.45361328125
endloop
endfacet
facet normal -0.0 1.0 0.0
outer loop
vertex 21.512481689453125 12.0 10.262176513671875
vertex 31.53076171875 12.0 10.262176513671875
vertex 29.154937744140625 12.0 5.79388427734375
endloop
endfacet
facet normal 0.8829483424069972 0.0 -0.469470153088283
outer loop
vertex 29.154937744140625 0.0 5.79388427734375
vertex 29.154937744140625 12.0 5.79388427734375
vertex 31.53076171875 3.0 10.262176513671875
endloop
endfacet
facet normal 0.8829483424069973 0.0 -0.46947015308828305
outer loop
vertex 29.154937744140625 12.0 5.79388427734375
vertex 31.53076171875 12.0 10.262176513671875
vertex 31.53076171875 3.0 10.262176513671875
endloop
endfacet
facet normal 0.0 -0.0 -1.0
outer loop
vertex 21.512481689453125 12.0 10.262176513671875
vertex 38.26275634765625 37.0 10.262176513671875
vertex 31.53076171875 12.0 10.262176513671875
endloop
endfacet
facet normal 0.0 0.0 -1.0
outer loop
vertex 31.53076171875 3.0 10.262176513671875
vertex 31.53076171875 12.0 10.262176513671875
vertex 38.26275634765625 3.0 10.262176513671875
endloop
endfacet
facet normal 0.0 -1.0 0.0
outer loop
vertex 29.154937744140625 0.0 5.79388427734375
vertex 39.452880859375 0.0 25.1614990234375
vertex 20.445281982421875 0.0 36.27459716796875
endloop
endfacet
facet normal -0.0 1.0 0.0
outer loop
vertex 11.252212524414062 37.0 10.262176513671875
vertex 38.26275634765625 37.0 17.806304931640625
vertex 38.26275634765625 37.0 10.262176513671875
endloop
endfacet
facet normal -0.0 0.0 1.0
outer loop
vertex 6.26275634765625 34.0 22.262176513671875
vertex 37.911285400390625 12.0 22.262176513671875
vertex 38.26275634765625 34.0 22.262176513671875
endloop
endfacet
facet normal 0.0 -1.0 0.0
outer loop
vertex 6.26275634765625 34.0 22.262176513671875
vertex 38.26275634765625 34.0 22.262176513671875
vertex 40.26275634765625 34.0 24.262176513671875
endloop
endfacet
facet normal 0.8829475987905091 2.671920642036599e-06 -0.4694715516226034
outer loop
vertex 29.154937744140625 0.0 5.79388427734375
vertex 31.53076171875 3.0 10.262176513671875
vertex 39.452880859375 0.0 25.1614990234375
endloop
endfacet
facet normal 0.0 -0.0 0.9999999999999999
outer loop
vertex 4.26275634765625 34.0 24.262176513671875
vertex 40.26275634765625 34.0 24.262176513671875
vertex 39.682098388671875 142.2258062362671 24.262176513671875
endloop
endfacet
facet normal -0.8829473305570125 0.0 0.4694720561037108
outer loop
vertex 12.994735717773438 12.0 22.262176513671875
vertex 20.445281982421875 0.0 36.27459716796875
vertex 20.445281982421875 12.0 36.27459716796875
endloop
endfacet
facet normal -0.0 1.0 0.0
outer loop
vertex 12.994735717773438 12.0 22.262176513671875
vertex 20.445281982421875 12.0 36.27459716796875
vertex 37.911285400390625 12.0 22.262176513671875
endloop
endfacet
facet normal -0.8829475987936609 0.0 0.4694715516242792
outer loop
vertex 20.445281982421875 0.0 36.27459716796875
vertex 30.74322509765625 12.0 55.6422119140625
vertex 20.445281982421875 12.0 36.27459716796875
endloop
endfacet
facet normal 0.0 1.0 0.0
outer loop
vertex 20.445281982421875 12.0 36.27459716796875
vertex 39.452880859375 12.0 25.1614990234375
vertex 37.911285400390625 12.0 22.262176513671875
endloop
endfacet
facet normal 0.0 -1.0 0.0
outer loop
vertex 20.445281982421875 0.0 36.27459716796875
vertex 39.452880859375 0.0 25.1614990234375
vertex 30.74322509765625 0.0 55.6422119140625
endloop
endfacet
facet normal -0.0 1.0 0.0
outer loop
vertex 20.445281982421875 12.0 36.27459716796875
vertex 30.74322509765625 12.0 55.6422119140625
vertex 39.452880859375 12.0 25.1614990234375
endloop
endfacet
facet normal 0.0 -0.0 1.0
outer loop
vertex 4.26275634765625 34.0 24.262176513671875
vertex 38.859771728515625 142.54560661315918 24.262176513671875
vertex 20.894195556640625 142.0 24.262176513671875
endloop
endfacet
facet normal -0.46947293897009984 3.3206390830391787e-06 -0.8829468611211834
outer loop
vertex 15.276275634765625 142.0 8.12255859375
vertex 24.507659912109375 146.20000004768372 3.214141845703125
vertex 25.734161376953125 142.0 2.561981201171875
endloop
endfacet
facet normal 0.3510931628384425 -0.9362477393651472 -0.013181864122736673
outer loop
vertex 15.276275634765625 138.0 8.12255859375
vertex 25.734161376953125 142.0 2.561981201171875
vertex 15.599456787109375 138.0 16.7303466796875
endloop
endfacet
facet normal -0.46947133426901066 -1.2035697002256616e-06 -0.8829477143626491
outer loop
vertex 15.276275634765625 142.0 8.12255859375
vertex 16.031356811523438 146.20000004768372 7.7210693359375
vertex 24.507659912109375 146.20000004768372 3.214141845703125
endloop
endfacet
facet normal -0.46947293897268827 0.0 -0.8829468611260514
outer loop
vertex 15.276275634765625 138.0 8.12255859375
vertex 15.276275634765625 142.0 8.12255859375
vertex 25.734161376953125 142.0 2.561981201171875
endloop
endfacet
facet normal -0.0 1.0 0.0
outer loop
vertex 16.031356811523438 146.20000004768372 7.7210693359375
vertex 21.80584716796875 146.20000004768372 18.581298828125
vertex 24.507659912109375 146.20000004768372 3.214141845703125
endloop
endfacet
facet normal -0.4694818037648018 0.0 -0.8829421475576689
outer loop
vertex 25.734161376953125 142.0 2.561981201171875
vertex 24.507659912109375 146.20000004768372 3.214141845703125
vertex 24.507659912109375 151.79999995231628 3.214141845703125
endloop
endfacet
facet normal 0.3510949957887268 -0.9362470731131806 -0.01318036490833839
outer loop
vertex 15.599456787109375 138.0 16.7303466796875
vertex 25.734161376953125 142.0 2.561981201171875
vertex 25.86212158203125 142.0 5.970550537109375
endloop
endfacet
facet normal -0.0 1.0 -0.0
outer loop
vertex 24.507659912109375 146.20000004768372 3.214141845703125
vertex 21.80584716796875 146.20000004768372 18.581298828125
vertex 30.282135009765625 146.20000004768372 14.074371337890625
endloop
endfacet
facet normal 0.0 -0.0 1.0
outer loop
vertex 15.599456787109375 138.0 16.7303466796875
vertex 26.26611328125 142.0 16.7303466796875
vertex 15.599456787109375 142.0 16.7303466796875
endloop
endfacet
facet normal 0.8829474612424443 0.0 -0.46947181032040936
outer loop
vertex 16.031356811523438 146.20000004768372 7.7210693359375
vertex 21.80584716796875 151.79999995231628 18.581298828125
vertex 21.80584716796875 146.20000004768372 18.581298828125
endloop
endfacet
facet normal 0.3510932259665754 -0.9362477097012882 -0.013182289614312689
outer loop
vertex 15.599456787109375 138.0 16.7303466796875
vertex 25.86212158203125 142.0 5.970550537109375
vertex 26.26611328125 142.0 16.7303466796875
endloop
endfacet
facet normal 0.0 -1.0 0.0
outer loop
vertex 4.0203704833984375 142.0 17.806304931640625
vertex 26.26611328125 142.0 16.7303466796875
vertex 40.020355224609375 142.0 17.806304931640625
endloop
endfacet
facet normal 0.0 -0.0 -1.0
outer loop
vertex 4.0203704833984375 142.0 17.806304931640625
vertex 40.020355224609375 142.0 17.806304931640625
vertex 38.26275634765625 37.0 17.806304931640625
endloop
endfacet
facet normal 0.0 -0.0 0.9999999999999999
outer loop
vertex 4.26275634765625 34.0 24.262176513671875
vertex 39.682098388671875 142.2258062362671 24.262176513671875
vertex 38.859771728515625 142.54560661315918 24.262176513671875
endloop
endfacet
facet normal -0.46946893755976726 -0.0 -0.8829489887114109
outer loop
vertex 25.734161376953125 142.0 2.561981201171875
vertex 30.552581787109375 143.8088254928589 0.0
vertex 30.552581787109375 142.0 0.0
endloop
endfacet
facet normal -0.4694689375597673 -0.0 -0.882948988711411
outer loop
vertex 25.734161376953125 142.0 2.561981201171875
vertex 30.552581787109375 143.81705808639526 0.0
vertex 30.552581787109375 143.8088254928589 0.0
endloop
endfacet
facet normal -0.46946893755976726 -0.0 -0.8829489887114109
outer loop
vertex 25.734161376953125 142.0 2.561981201171875
vertex 30.552581787109375 154.18294191360474 0.0
vertex 30.552581787109375 143.81705808639526 0.0
endloop
endfacet
facet normal 0.8829464377197479 0.0 -0.4694737352802679
outer loop
vertex 30.552581787109375 142.0 0.0
vertex 30.552581787109375 143.8088254928589 0.0
vertex 31.00311279296875 144.0 0.847320556640625
endloop
endfacet
facet normal 0.8829515808247055 0.0 -0.4694640624362566
outer loop
vertex 30.552581787109375 143.81705808639526 0.0
vertex 30.886077880859375 143.95921850204468 0.627227783203125
vertex 30.552581787109375 143.8088254928589 0.0
endloop
endfacet
facet normal 0.8829515808247057 0.0 -0.46946406243625666
outer loop
vertex 30.552581787109375 143.81705808639526 0.0
vertex 30.552581787109375 154.18294191360474 0.0
vertex 30.886077880859375 143.95921850204468 0.627227783203125
endloop
endfacet
facet normal -0.8829479754756494 0.0 0.4694708431877871
outer loop
vertex 24.507659912109375 146.20000004768372 3.214141845703125
vertex 30.282135009765625 146.20000004768372 14.074371337890625
vertex 24.507659912109375 151.79999995231628 3.214141845703125
endloop
endfacet
facet normal -0.0 -1.0 0.0
outer loop
vertex 25.734161376953125 142.0 2.561981201171875
vertex 40.020355224609375 142.0 17.806304931640625
vertex 25.86212158203125 142.0 5.970550537109375
endloop
endfacet
facet normal 0.8828640952800528 0.0008766602959971892 -0.46962774697845455
outer loop
vertex 30.552581787109375 143.8088254928589 0.0
vertex 30.886077880859375 143.95921850204468 0.627227783203125
vertex 31.00311279296875 144.0 0.847320556640625
endloop
endfacet
facet normal 0.35105209727995795 -0.9362630157081444 -0.013190542537510905
outer loop
vertex 30.886077880859375 143.95921850204468 0.627227783203125
vertex 30.99346923828125 144.0 0.590667724609375
vertex 31.00311279296875 144.0 0.847320556640625
endloop
endfacet
facet normal -0.32227405618131666 -0.0 -0.9466464137746688
outer loop
vertex 30.886077880859375 143.95921850204468 0.627227783203125
vertex 30.99346923828125 154.0 0.590667724609375
vertex 30.99346923828125 144.0 0.590667724609375
endloop
endfacet
facet normal 0.9992948319725102 0.0 -0.037547820083628204
outer loop
vertex 30.99346923828125 144.0 0.590667724609375
vertex 31.00311279296875 154.0 0.847320556640625
vertex 31.00311279296875 144.0 0.847320556640625
endloop
endfacet
facet normal 0.0 -1.0 0.0
outer loop
vertex 25.734161376953125 142.0 2.561981201171875
vertex 30.552581787109375 142.0 0.0
vertex 40.020355224609375 142.0 17.806304931640625
endloop
endfacet
facet normal 0.8829477334029983 -1.3242571270506703e-06 -0.469471298458973
outer loop
vertex 30.552581787109375 142.0 0.0
vertex 31.00311279296875 144.0 0.847320556640625
vertex 40.020355224609375 142.0 17.806304931640625
endloop
endfacet
facet normal 0.8829477981398666 0.0 -0.46947117670839095
outer loop
vertex 31.00311279296875 144.0 0.847320556640625
vertex 31.00311279296875 154.0 0.847320556640625
vertex 40.020355224609375 142.0 17.806304931640625
endloop
endfacet
facet normal -0.4694719931293895 -0.0 -0.8829473640410952
outer loop
vertex 21.80584716796875 146.20000004768372 18.581298828125
vertex 30.282135009765625 151.79999995231628 14.074371337890625
vertex 30.282135009765625 146.20000004768372 14.074371337890625
endloop
endfacet
facet normal -0.0 -1.0 0.0
outer loop
vertex 25.86212158203125 142.0 5.970550537109375
vertex 40.020355224609375 142.0 17.806304931640625
vertex 26.26611328125 142.0 16.7303466796875
endloop
endfacet
facet normal 0.0 -0.0 1.0
outer loop
vertex 20.894195556640625 142.0 24.262176513671875
vertex 39.323333740234375 144.0 24.262176513671875
vertex 21.202178955078125 144.0 24.262176513671875
endloop
endfacet
facet normal 0.0 0.0 1.0
outer loop
vertex 20.894195556640625 142.0 24.262176513671875
vertex 38.859771728515625 142.54560661315918 24.262176513671875
vertex 39.323333740234375 144.0 24.262176513671875
endloop
endfacet
facet normal -0.882947557075721 0.0 0.46947163008430665
outer loop
vertex 21.202178955078125 144.0 24.262176513671875
vertex 26.783538818359375 144.0 34.759185791015625
vertex 26.783538818359375 154.0 34.759185791015625
endloop
endfacet
facet normal -0.9992958412396237 0.0 0.03752094989726268
outer loop
vertex 17.750946044921875 142.0 43.629791259765625
vertex 17.99334716796875 142.0 50.085662841796875
vertex 17.750946044921875 154.0 43.629791259765625
endloop
endfacet
facet normal 0.0 0.0 -1.0
outer loop
vertex 17.750946044921875 142.0 43.629791259765625
vertex 17.750946044921875 154.0 43.629791259765625
vertex 31.5001220703125 144.0 43.629791259765625
endloop
endfacet
facet normal 0.0 -1.0 0.0
outer loop
vertex 21.202178955078125 144.0 24.262176513671875
vertex 39.323333740234375 144.0 24.262176513671875
vertex 26.783538818359375 144.0 34.759185791015625
endloop
endfacet
facet normal -0.882947648160479 0.0 0.4694714587787834
outer loop
vertex 26.783538818359375 144.0 34.759185791015625
vertex 31.5001220703125 144.0 43.629791259765625
vertex 26.783538818359375 154.0 34.759185791015625
endloop
endfacet
facet normal 0.0 0.0 -1.0
outer loop
vertex 17.750946044921875 142.0 43.629791259765625
vertex 31.5001220703125 144.0 43.629791259765625
vertex 53.750946044921875 142.0 43.629791259765625
endloop
endfacet
facet normal -0.8829475987936609 0.0 0.4694715516242792
outer loop
vertex 20.445281982421875 0.0 36.27459716796875
vertex 30.74322509765625 0.0 55.6422119140625
vertex 30.74322509765625 12.0 55.6422119140625
endloop
endfacet
facet normal -0.8829469844405697 0.0 0.4694727070526085
outer loop
vertex 30.74322509765625 0.0 55.6422119140625
vertex 34.075408935546875 3.0 61.90911865234375
vertex 30.74322509765625 12.0 55.6422119140625
endloop
endfacet
facet normal -0.8829469844405697 0.0 0.4694727070526085
outer loop
vertex 30.74322509765625 12.0 55.6422119140625
vertex 34.075408935546875 3.0 61.90911865234375
vertex 34.075408935546875 12.0 61.90911865234375
endloop
endfacet
facet normal 0.0 0.0 -1.0
outer loop
vertex 33.723907470703125 3.0 61.90911865234375
vertex 34.075408935546875 12.0 61.90911865234375
vertex 34.075408935546875 3.0 61.90911865234375
endloop
endfacet
facet normal 0.0 -1.0 0.0
outer loop
vertex 33.723907470703125 3.0 61.90911865234375
vertex 34.075408935546875 3.0 61.90911865234375
vertex 33.723907470703125 3.0 73.90911865234375
endloop
endfacet
facet normal 0.0 0.0 -1.0
outer loop
vertex 33.723907470703125 3.0 61.90911865234375
vertex 33.723907470703125 37.0 61.90911865234375
vertex 34.075408935546875 12.0 61.90911865234375
endloop
endfacet
facet normal -1.0 0.0 0.0
outer loop
vertex 33.723907470703125 3.0 61.90911865234375
vertex 33.723907470703125 3.0 73.90911865234375
vertex 33.723907470703125 34.0 69.4532470703125
endloop
endfacet
facet normal -1.0 0.0 0.0
outer loop
vertex 33.723907470703125 3.0 61.90911865234375
vertex 33.723907470703125 34.0 69.4532470703125
vertex 33.723907470703125 37.0 61.90911865234375
endloop
endfacet
facet normal -0.9999999999999999 0.0 0.0
outer loop
vertex 33.723907470703125 37.0 61.90911865234375
vertex 33.723907470703125 34.0 69.4532470703125
vertex 33.723907470703125 37.0 69.4532470703125
endloop
endfacet
facet normal 0.0 0.0 -1.0
outer loop
vertex 31.481536865234375 34.0 69.4532470703125
vertex 33.723907470703125 37.0 69.4532470703125
vertex 33.723907470703125 34.0 69.4532470703125
endloop
endfacet
facet normal 0.0 -1.0 0.0
outer loop
vertex 31.481536865234375 34.0 69.4532470703125
vertex 33.723907470703125 34.0 69.4532470703125
vertex 33.723907470703125 34.0 73.90911865234375
endloop
endfacet
facet normal 0.0 -1.0 0.0
outer loop
vertex 31.481536865234375 34.0 69.4532470703125
vertex 33.723907470703125 34.0 73.90911865234375
vertex 31.723907470703125 34.0 75.90911865234375
endloop
endfacet
facet normal -1.0 0.0 0.0
outer loop
vertex 33.723907470703125 34.0 69.4532470703125
vertex 33.723907470703125 3.0 73.90911865234375
vertex 33.723907470703125 34.0 73.90911865234375
endloop
endfacet
facet normal -0.9992960183442651 0.0 0.037516232770603807
outer loop
vertex 31.481536865234375 34.0 69.4532470703125
vertex 31.723907470703125 34.0 75.90911865234375
vertex 31.723907470703125 142.0 75.90911865234375
endloop
endfacet
facet normal -0.0 -1.0 0.0
outer loop
vertex 17.750946044921875 142.0 43.629791259765625
vertex 42.656646728515625 142.0 57.61749267578125
vertex 17.99334716796875 142.0 50.085662841796875
endloop
endfacet
facet normal -0.9992960183442651 0.0 0.037516232770603807
outer loop
vertex 31.481536865234375 34.0 69.4532470703125
vertex 31.723907470703125 142.0 75.90911865234375
vertex 31.481536865234375 142.0 69.4532470703125
endloop
endfacet
facet normal 0.0 -1.0 0.0
outer loop
vertex 17.99334716796875 142.0 50.085662841796875
vertex 42.656646728515625 142.0 57.61749267578125
vertex 43.06060791015625 142.0 68.37725830078125
endloop
endfacet
facet normal 0.0 -1.0 0.0
outer loop
vertex 17.99334716796875 142.0 50.085662841796875
vertex 31.481536865234375 142.0 69.4532470703125
vertex 31.723907470703125 142.0 75.90911865234375
endloop
endfacet
facet normal -0.8829478013427032 0.0 0.46947117068472544
outer loop
vertex 17.99334716796875 142.0 50.085662841796875
vertex 31.723907470703125 142.0 75.90911865234375
vertex 31.723907470703125 144.0 75.90911865234375
endloop
endfacet
facet normal -0.882947801342703 0.0 0.4694711706847254
outer loop
vertex 17.99334716796875 142.0 50.085662841796875
vertex 31.723907470703125 144.0 75.90911865234375
vertex 31.723907470703125 156.0 75.90911865234375
endloop
endfacet
facet normal 0.0 -1.0 0.0
outer loop
vertex 17.99334716796875 142.0 50.085662841796875
vertex 43.06060791015625 142.0 68.37725830078125
vertex 31.481536865234375 142.0 69.4532470703125
endloop
endfacet
facet normal -0.8829478638846714 0.0 0.4694710530602452
outer loop
vertex 0.0 142.0 16.245086669921875
vertex 4.26275634765625 156.0 24.262176513671875
vertex 0.0 156.0 16.245086669921875
endloop
endfacet
facet normal -0.0 1.0 0.0
outer loop
vertex 0.0 156.0 16.245086669921875
vertex 4.26275634765625 156.0 24.262176513671875
vertex 15.599456787109375 156.0 16.7303466796875
endloop
endfacet
facet normal -0.4694710329076116 0.0 -0.8829478746000017
outer loop
vertex 15.276275634765625 142.0 8.12255859375
vertex 0.0 156.0 16.245086669921875
vertex 15.276275634765625 156.0 8.12255859375
endloop
endfacet
facet normal -0.9992959231452746 0.0 0.03751876843972367
outer loop
vertex 15.276275634765625 156.0 8.12255859375
vertex 15.599456787109375 160.0 16.7303466796875
vertex 15.276275634765625 160.0 8.12255859375
endloop
endfacet
facet normal -0.4694765533597959 0.0 -0.882944939305621
outer loop
vertex 16.031356811523438 146.20000004768372 7.7210693359375
vertex 15.276275634765625 156.0 8.12255859375
vertex 16.031356811523438 151.79999995231628 7.7210693359375
endloop
endfacet
facet normal -0.0 1.0 0.0
outer loop
vertex 0.0 156.0 16.245086669921875
vertex 15.599456787109375 156.0 16.7303466796875
vertex 15.276275634765625 156.0 8.12255859375
endloop
endfacet
facet normal 0.0 -0.0 1.0
outer loop
vertex 4.26275634765625 144.0 24.262176513671875
vertex 21.202178955078125 154.0 24.262176513671875
vertex 4.26275634765625 156.0 24.262176513671875
endloop
endfacet
facet normal -0.9992959231452746 0.0 0.03751876843972367
outer loop
vertex 15.276275634765625 156.0 8.12255859375
vertex 15.599456787109375 156.0 16.7303466796875
vertex 15.599456787109375 160.0 16.7303466796875
endloop
endfacet
facet normal 0.0 1.0 0.0
outer loop
vertex 4.26275634765625 156.0 24.262176513671875
vertex 26.26611328125 156.0 16.7303466796875
vertex 15.599456787109375 156.0 16.7303466796875
endloop
endfacet
facet normal -0.4694731026963434 0.0 -0.8829467740722928
outer loop
vertex 7.636444091796875 286.0 12.184722900390625
vertex 7.636444091796875 298.0 12.184722900390625
vertex 10.903366088867188 288.1999969482422 10.447662353515625
endloop
endfacet
facet normal -0.8829469245704478 0.0 0.4694728196515622
outer loop
vertex 7.636444091796875 286.0 12.184722900390625
vertex 10.1473388671875 298.0 16.907012939453125
vertex 7.636444091796875 298.0 12.184722900390625
endloop
endfacet
facet normal -0.4694731026963434 -0.0 -0.8829467740722928
outer loop
vertex 7.636444091796875 298.0 12.184722900390625
vertex 10.903366088867188 295.8000030517578 10.447662353515625
vertex 10.903366088867188 288.1999969482422 10.447662353515625
endloop
endfacet
facet normal -0.4694711684139521 -3.684398088163641e-06 -0.882947802542406
outer loop
vertex 7.636444091796875 286.0 12.184722900390625
vertex 10.903366088867188 288.1999969482422 10.447662353515625
vertex 23.794403076171875 288.1999969482422 3.5933837890625
endloop
endfacet
facet normal 0.0 -1.0 0.0
outer loop
vertex 7.636444091796875 286.0 12.184722900390625
vertex 27.061309814453125 286.0 1.8563232421875
vertex 10.1473388671875 286.0 16.907012939453125
endloop
endfacet
facet normal -0.4694720001123845 2.100190821796592e-06 -0.8829473603256688
outer loop
vertex 7.636444091796875 298.0 12.184722900390625
vertex 27.061309814453125 296.73731994628906 1.8563232421875
vertex 10.903366088867188 295.8000030517578 10.447662353515625
endloop
endfacet
facet normal -0.0 1.0 0.0
outer loop
vertex 10.903366088867188 288.1999969482422 10.447662353515625
vertex 16.6778564453125 288.1999969482422 21.307891845703125
vertex 23.794403076171875 288.1999969482422 3.5933837890625
endloop
endfacet
facet normal -0.0 1.0 0.0
outer loop
vertex 7.636444091796875 298.0 12.184722900390625
vertex 10.1473388671875 298.0 16.907012939453125
vertex 29.154937744140625 298.0 5.79388427734375
endloop
endfacet
facet normal -0.8829469245704478 0.0 0.4694728196515622
outer loop
vertex 7.636444091796875 286.0 12.184722900390625
vertex 10.1473388671875 286.0 16.907012939453125
vertex 10.1473388671875 298.0 16.907012939453125
endloop
endfacet
facet normal 0.8829474612424443 0.0 -0.46947181032040936
outer loop
vertex 10.903366088867188 288.1999969482422 10.447662353515625
vertex 10.903366088867188 295.8000030517578 10.447662353515625
vertex 16.6778564453125 295.8000030517578 21.307891845703125
endloop
endfacet
facet normal 0.8829474612424443 0.0 -0.46947181032040936
outer loop
vertex 10.903366088867188 288.1999969482422 10.447662353515625
vertex 16.6778564453125 295.8000030517578 21.307891845703125
vertex 16.6778564453125 288.1999969482422 21.307891845703125
endloop
endfacet
facet normal -0.8829472921540759 0.0 0.46947212832902563
outer loop
vertex 10.1473388671875 286.0 16.907012939453125
vertex 20.445281982421875 298.0 36.27459716796875
vertex 10.1473388671875 298.0 16.907012939453125
endloop
endfacet
facet normal 0.0 -1.0 0.0
outer loop
vertex 10.1473388671875 286.0 16.907012939453125
vertex 20.7684326171875 286.0 36.085662841796875
vertex 20.344818115234375 286.0 36.085662841796875
endloop
endfacet
facet normal -0.882947398044799 0.0 0.46947192917779357
outer loop
vertex 10.1473388671875 286.0 16.907012939453125
vertex 20.344818115234375 286.0 36.085662841796875
vertex 20.344818115234375 295.0 36.085662841796875
endloop
endfacet
facet normal -0.8829477286147022 1.6994028181999235e-06 0.46947130746324656
outer loop
vertex 10.1473388671875 286.0 16.907012939453125
vertex 20.344818115234375 295.0 36.085662841796875
vertex 20.445281982421875 298.0 36.27459716796875
endloop
endfacet
facet normal -0.4694729389725252 8.335109259530503e-07 -0.8829468611257447
outer loop
vertex 15.276275634765625 156.0 8.12255859375
vertex 25.734161376953125 156.0 2.561981201171875
vertex 16.031356811523438 151.79999995231628 7.7210693359375
endloop
endfacet
facet normal -0.46947293897268827 0.0 -0.8829468611260514
outer loop
vertex 15.276275634765625 156.0 8.12255859375
vertex 15.276275634765625 160.0 8.12255859375
vertex 25.734161376953125 156.0 2.561981201171875
endloop
endfacet
facet normal 0.8829474612424443 0.0 -0.46947181032040936
outer loop
vertex 16.031356811523438 146.20000004768372 7.7210693359375
vertex 16.031356811523438 151.79999995231628 7.7210693359375
vertex 21.80584716796875 151.79999995231628 18.581298828125
endloop
endfacet
facet normal -0.4694713342657405 -3.921738776378965e-06 -0.8829477143564989
outer loop
vertex 16.031356811523438 151.79999995231628 7.7210693359375
vertex 25.734161376953125 156.0 2.561981201171875
vertex 24.507659912109375 151.79999995231628 3.214141845703125
endloop
endfacet
facet normal -0.4694818037648017 0.0 -0.8829421475576688
outer loop
vertex 25.734161376953125 142.0 2.561981201171875
vertex 24.507659912109375 151.79999995231628 3.214141845703125
vertex 25.734161376953125 156.0 2.561981201171875
endloop
endfacet
facet normal 0.3510929461525666 0.9362478141273363 -0.013182325428228584
outer loop
vertex 15.276275634765625 160.0 8.12255859375
vertex 26.1314697265625 156.0 13.14373779296875
vertex 25.734161376953125 156.0 2.561981201171875
endloop
endfacet
facet normal 0.0 -1.0 0.0
outer loop
vertex 16.031356811523438 151.79999995231628 7.7210693359375
vertex 24.507659912109375 151.79999995231628 3.214141845703125
vertex 30.282135009765625 151.79999995231628 14.074371337890625
endloop
endfacet
facet normal 0.0 -0.0 1.0
outer loop
vertex 15.599456787109375 156.0 16.7303466796875
vertex 26.26611328125 156.0 16.7303466796875
vertex 15.599456787109375 160.0 16.7303466796875
endloop
endfacet
facet normal 0.35109275462081646 0.9362478926625594 -0.013181848796122974
outer loop
vertex 15.276275634765625 160.0 8.12255859375
vertex 15.599456787109375 160.0 16.7303466796875
vertex 26.1314697265625 156.0 13.14373779296875
endloop
endfacet
facet normal -0.0 0.0 1.0
outer loop
vertex 4.26275634765625 156.0 24.262176513671875
vertex 21.202178955078125 154.0 24.262176513671875
vertex 39.323333740234375 154.0 24.262176513671875
endloop
endfacet
facet normal 0.0 -0.9999999999999999 0.0
outer loop
vertex 16.031356811523438 151.79999995231628 7.7210693359375
vertex 30.282135009765625 151.79999995231628 14.074371337890625
vertex 21.80584716796875 151.79999995231628 18.581298828125
endloop
endfacet
facet normal 0.3510932353563386 0.936247734740633 -0.01318026100090334
outer loop
vertex 15.599456787109375 160.0 16.7303466796875
vertex 26.26611328125 156.0 16.7303466796875
vertex 26.1314697265625 156.0 13.14373779296875
endloop
endfacet
facet normal -0.4694719931293895 0.0 -0.8829473640410952
outer loop
vertex 21.80584716796875 146.20000004768372 18.581298828125
vertex 21.80584716796875 151.79999995231628 18.581298828125
vertex 30.282135009765625 151.79999995231628 14.074371337890625
endloop
endfacet
facet normal 0.0 1.0 0.0
outer loop
vertex 4.26275634765625 156.0 24.262176513671875
vertex 40.020355224609375 156.0 17.806304931640625
vertex 26.26611328125 156.0 16.7303466796875
endloop
endfacet
facet normal -0.4694689375597674 0.0 -0.882948988711411
outer loop
vertex 25.734161376953125 142.0 2.561981201171875
vertex 25.734161376953125 156.0 2.561981201171875
vertex 30.552581787109375 154.18294191360474 0.0
endloop
endfacet
facet normal -0.46946893755976726 -0.0 -0.8829489887114108
outer loop
vertex 25.734161376953125 156.0 2.561981201171875
vertex 30.552581787109375 156.0 0.0
vertex 30.552581787109375 154.18294191360474 0.0
endloop
endfacet
facet normal 0.8829515808247055 0.0 -0.4694640624362566
outer loop
vertex 30.886077880859375 143.95921850204468 0.627227783203125
vertex 30.552581787109375 154.18294191360474 0.0
vertex 30.886077880859375 154.04078149795532 0.627227783203125
endloop
endfacet
facet normal 0.8829515808247054 0.0 -0.46946406243625655
outer loop
vertex 30.552581787109375 154.18294191360474 0.0
vertex 30.552581787109375 156.0 0.0
vertex 30.886077880859375 154.04078149795532 0.627227783203125
endloop
endfacet
facet normal -0.8829479754756494 0.0 0.4694708431877871
outer loop
vertex 30.282135009765625 146.20000004768372 14.074371337890625
vertex 30.282135009765625 151.79999995231628 14.074371337890625
vertex 24.507659912109375 151.79999995231628 3.214141845703125
endloop
endfacet
facet normal 0.0 1.0 0.0
outer loop
vertex 25.734161376953125 156.0 2.561981201171875
vertex 26.1314697265625 156.0 13.14373779296875
vertex 40.020355224609375 156.0 17.806304931640625
endloop
endfacet
facet normal -0.3222740561813167 0.0 -0.9466464137746691
outer loop
vertex 30.886077880859375 143.95921850204468 0.627227783203125
vertex 30.886077880859375 154.04078149795532 0.627227783203125
vertex 30.99346923828125 154.0 0.590667724609375
endloop
endfacet
facet normal 0.9992948319725102 0.0 -0.037547820083628204
outer loop
vertex 30.99346923828125 144.0 0.590667724609375
vertex 30.99346923828125 154.0 0.590667724609375
vertex 31.00311279296875 154.0 0.847320556640625
endloop
endfacet
facet normal 0.35105209727995795 0.9362630157081444 -0.013190542537510905
outer loop
vertex 30.886077880859375 154.04078149795532 0.627227783203125
vertex 31.00311279296875 154.0 0.847320556640625
vertex 30.99346923828125 154.0 0.590667724609375
endloop
endfacet
facet normal -0.0 1.0 0.0
outer loop
vertex 25.734161376953125 156.0 2.561981201171875
vertex 40.020355224609375 156.0 17.806304931640625
vertex 30.552581787109375 156.0 0.0
endloop
endfacet
facet normal 0.8829415613405525 0.00012743323992186594 -0.46948288895153234
outer loop
vertex 30.886077880859375 154.04078149795532 0.627227783203125
vertex 40.020355224609375 156.0 17.806304931640625
vertex 31.00311279296875 154.0 0.847320556640625
endloop
endfacet
facet normal 0.8829477333998745 -2.971457543856706e-06 -0.4694712984573121
outer loop
vertex 30.552581787109375 156.0 0.0
vertex 40.020355224609375 156.0 17.806304931640625
vertex 30.886077880859375 154.04078149795532 0.627227783203125
endloop
endfacet
facet normal -0.0 1.0 0.0
outer loop
vertex 4.26275634765625 156.0 24.262176513671875
vertex 40.26275634765625 156.0 24.262176513671875
vertex 40.020355224609375 156.0 17.806304931640625
endloop
endfacet
facet normal -0.0 0.0 1.0
outer loop
vertex 4.26275634765625 156.0 24.262176513671875
vertex 39.323333740234375 154.0 24.262176513671875
vertex 40.26275634765625 156.0 24.262176513671875
endloop
endfacet
facet normal 0.0 1.0 0.0
outer loop
vertex 26.1314697265625 156.0 13.14373779296875
vertex 26.26611328125 156.0 16.7303466796875
vertex 40.020355224609375 156.0 17.806304931640625
endloop
endfacet
facet normal -0.882947557075721 0.0 0.46947163008430665
outer loop
vertex 21.202178955078125 144.0 24.262176513671875
vertex 26.783538818359375 154.0 34.759185791015625
vertex 21.202178955078125 154.0 24.262176513671875
endloop
endfacet
facet normal -0.9992958412203558 -6.20990244077469e-06 0.03752094989653922
outer loop
vertex 17.750946044921875 154.0 43.629791259765625
vertex 17.99334716796875 154.0 50.085662841796875
vertex 17.755340576171875 156.0 43.747161865234375
endloop
endfacet
facet normal -0.9992958412396237 0.0 0.03752094989726268
outer loop
vertex 17.99334716796875 142.0 50.085662841796875
vertex 17.99334716796875 154.0 50.085662841796875
vertex 17.750946044921875 154.0 43.629791259765625
endloop
endfacet
facet normal -0.9992957677700688 0.0 0.03752290656157326
outer loop
vertex 17.755340576171875 156.0 43.747161865234375
vertex 17.99334716796875 154.0 50.085662841796875
vertex 17.99334716796875 156.0 50.085662841796875
endloop
endfacet
facet normal 0.0 0.0 -1.0
outer loop
vertex 31.5001220703125 144.0 43.629791259765625
vertex 17.750946044921875 154.0 43.629791259765625
vertex 18.33160400390625 155.7741937637329 43.629791259765625
endloop
endfacet
facet normal -0.9992998032269532 0.0 0.037415281244066886
outer loop
vertex 17.750946044921875 154.0 43.629791259765625
vertex 17.755340576171875 156.0 43.747161865234375
vertex 17.750946044921875 264.0 43.629791259765625
endloop
endfacet
facet normal -0.9992957677700689 0.0 0.03752290656157327
outer loop
vertex 17.755340576171875 156.0 43.747161865234375
vertex 17.99334716796875 156.0 50.085662841796875
vertex 17.99334716796875 264.0 50.085662841796875
endloop
endfacet
facet normal -0.0 1.0 0.0
outer loop
vertex 21.202178955078125 154.0 24.262176513671875
vertex 26.783538818359375 154.0 34.759185791015625
vertex 39.323333740234375 154.0 24.262176513671875
endloop
endfacet
facet normal -0.0 1.0 0.0
outer loop
vertex 26.783538818359375 154.0 34.759185791015625
vertex 31.5001220703125 154.0 43.629791259765625
vertex 40.607269287109375 154.0 26.676910400390625
endloop
endfacet
facet normal -0.882947648160479 0.0 0.4694714587787834
outer loop
vertex 31.5001220703125 144.0 43.629791259765625
vertex 31.5001220703125 154.0 43.629791259765625
vertex 26.783538818359375 154.0 34.759185791015625
endloop
endfacet
facet normal 0.0 0.0 -1.0
outer loop
vertex 31.5001220703125 144.0 43.629791259765625
vertex 18.33160400390625 155.7741937637329 43.629791259765625
vertex 31.5001220703125 154.0 43.629791259765625
endloop
endfacet
facet normal -0.0 -0.0 -1.0
outer loop
vertex 18.33160400390625 155.7741937637329 43.629791259765625
vertex 49.621246337890625 154.0 43.629791259765625
vertex 31.5001220703125 154.0 43.629791259765625
endloop
endfacet
facet normal 0.0 -0.0 -1.0
outer loop
vertex 17.750946044921875 154.0 43.629791259765625
vertex 51.99334716796875 261.0 43.629791259765625
vertex 18.33160400390625 155.7741937637329 43.629791259765625
endloop
endfacet
facet normal -0.4694721065370804 5.153639454928085e-06 -0.8829473037260356
outer loop
vertex 7.636444091796875 286.0 12.184722900390625
vertex 23.794403076171875 288.1999969482422 3.5933837890625
vertex 27.061309814453125 286.0 1.8563232421875
endloop
endfacet
facet normal -0.46947116835484554 -1.629035619328826e-05 -0.8829478024312427
outer loop
vertex 10.903366088867188 295.8000030517578 10.447662353515625
vertex 27.061309814453125 296.73731994628906 1.8563232421875
vertex 23.794403076171875 295.8000030517578 3.5933837890625
endloop
endfacet
facet normal -0.46947210654331506 -0.0 -0.8829473037377612
outer loop
vertex 7.636444091796875 298.0 12.184722900390625
vertex 27.061309814453125 298.0 1.8563232421875
vertex 27.061309814453125 296.73731994628906 1.8563232421875
endloop
endfacet
facet normal 0.0 0.9999999999999999 0.0
outer loop
vertex 7.636444091796875 298.0 12.184722900390625
vertex 29.154937744140625 298.0 5.79388427734375
vertex 27.061309814453125 298.0 1.8563232421875
endloop
endfacet
facet normal 0.0 -1.0 0.0
outer loop
vertex 10.903366088867188 295.8000030517578 10.447662353515625
vertex 23.794403076171875 295.8000030517578 3.5933837890625
vertex 29.568878173828125 295.8000030517578 14.45361328125
endloop
endfacet
facet normal -0.46947481217005227 0.0 -0.8829458651230516
outer loop
vertex 23.794403076171875 288.1999969482422 3.5933837890625
vertex 23.794403076171875 295.8000030517578 3.5933837890625
vertex 27.061309814453125 296.73731994628906 1.8563232421875
endloop
endfacet
facet normal -0.4694748121700522 -0.0 -0.8829458651230515
outer loop
vertex 23.794403076171875 288.1999969482422 3.5933837890625
vertex 27.061309814453125 296.73731994628906 1.8563232421875
vertex 27.061309814453125 286.0 1.8563232421875
endloop
endfacet
facet normal 0.0 -1.0 0.0
outer loop
vertex 10.1473388671875 286.0 16.907012939453125
vertex 27.061309814453125 286.0 1.8563232421875
vertex 29.154937744140625 286.0 5.79388427734375
endloop
endfacet
facet normal -0.8829479754756495 0.0 0.46947084318778715
outer loop
vertex 23.794403076171875 288.1999969482422 3.5933837890625
vertex 29.568878173828125 288.1999969482422 14.45361328125
vertex 23.794403076171875 295.8000030517578 3.5933837890625
endloop
endfacet
facet normal 0.0 -1.0 0.0
outer loop
vertex 10.903366088867188 295.8000030517578 10.447662353515625
vertex 29.568878173828125 295.8000030517578 14.45361328125
vertex 16.6778564453125 295.8000030517578 21.307891845703125
endloop
endfacet
facet normal 0.0 -1.0 0.0
outer loop
vertex 10.1473388671875 286.0 16.907012939453125
vertex 29.154937744140625 286.0 5.79388427734375
vertex 20.7684326171875 286.0 36.085662841796875
endloop
endfacet
facet normal -0.0 1.0 0.0
outer loop
vertex 10.1473388671875 298.0 16.907012939453125
vertex 20.445281982421875 298.0 36.27459716796875
vertex 29.154937744140625 298.0 5.79388427734375
endloop
endfacet
facet normal -0.46947160164017826 0.0 -0.8829475721997347
outer loop
vertex 16.6778564453125 288.1999969482422 21.307891845703125
vertex 16.6778564453125 295.8000030517578 21.307891845703125
vertex 29.568878173828125 295.8000030517578 14.45361328125
endloop
endfacet
facet normal 0.0 0.9999999999999999 0.0
outer loop
vertex 16.6778564453125 288.1999969482422 21.307891845703125
vertex 29.568878173828125 288.1999969482422 14.45361328125
vertex 23.794403076171875 288.1999969482422 3.5933837890625
endloop
endfacet
facet normal -0.46947160164017826 -0.0 -0.8829475721997347
outer loop
vertex 16.6778564453125 288.1999969482422 21.307891845703125
vertex 29.568878173828125 295.8000030517578 14.45361328125
vertex 29.568878173828125 288.1999969482422 14.45361328125
endloop
endfacet
facet normal 0.8829485605146993 0.0 -0.46946974288554577
outer loop
vertex 27.061309814453125 286.0 1.8563232421875
vertex 27.061309814453125 296.73731994628906 1.8563232421875
vertex 29.154937744140625 286.0 5.79388427734375
endloop
endfacet
facet normal 0.8829485605146993 0.0 -0.46946974288554577
outer loop
vertex 27.061309814453125 296.73731994628906 1.8563232421875
vertex 27.061309814453125 298.0 1.8563232421875
vertex 29.154937744140625 298.0 5.79388427734375
endloop
endfacet
facet normal 0.8829485605146993 0.0 -0.46946974288554577
outer loop
vertex 27.061309814453125 296.73731994628906 1.8563232421875
vertex 29.154937744140625 298.0 5.79388427734375
vertex 29.154937744140625 286.0 5.79388427734375
endloop
endfacet
facet normal -0.8829479754756495 0.0 0.46947084318778715
outer loop
vertex 23.794403076171875 295.8000030517578 3.5933837890625
vertex 29.568878173828125 288.1999969482422 14.45361328125
vertex 29.568878173828125 295.8000030517578 14.45361328125
endloop
endfacet
facet normal 0.0 -1.0 0.0
outer loop
vertex 29.154937744140625 286.0 5.79388427734375
vertex 39.452880859375 286.0 25.1614990234375
vertex 20.7684326171875 286.0 36.085662841796875
endloop
endfacet
facet normal -0.0 1.0 -0.0
outer loop
vertex 29.154937744140625 298.0 5.79388427734375
vertex 20.445281982421875 298.0 36.27459716796875
vertex 39.452880859375 298.0 25.1614990234375
endloop
endfacet
facet normal 0.8829475987936609 0.0 -0.4694715516242792
outer loop
vertex 29.154937744140625 286.0 5.79388427734375
vertex 29.154937744140625 298.0 5.79388427734375
vertex 39.452880859375 298.0 25.1614990234375
endloop
endfacet
facet normal 0.0 0.0 -0.9999999999999999
outer loop
vertex 17.750946044921875 154.0 43.629791259765625
vertex 17.750946044921875 264.0 43.629791259765625
vertex 19.99334716796875 261.0 43.629791259765625
endloop
endfacet
facet normal -0.999295841239617 1.1499819334989602e-07 0.03752094989726243
outer loop
vertex 17.755340576171875 156.0 43.747161865234375
vertex 17.99334716796875 264.0 50.085662841796875
vertex 17.750946044921875 264.0 43.629791259765625
endloop
endfacet
facet normal 0.0 0.0 -0.9999999999999999
outer loop
vertex 19.99334716796875 261.0 36.085662841796875
vertex 20.344818115234375 286.0 36.085662841796875
vertex 20.7684326171875 286.0 36.085662841796875
endloop
endfacet
facet normal 0.0 0.0 -1.0
outer loop
vertex 19.99334716796875 261.0 36.085662841796875
vertex 19.99334716796875 295.0 36.085662841796875
vertex 20.344818115234375 286.0 36.085662841796875
endloop
endfacet
facet normal 0.0 0.0 -1.0
outer loop
vertex 20.344818115234375 286.0 36.085662841796875
vertex 19.99334716796875 295.0 36.085662841796875
vertex 20.344818115234375 295.0 36.085662841796875
endloop
endfacet
facet normal -0.8829365431264279 0.0 0.46949234372027143
outer loop
vertex 20.344818115234375 295.0 36.085662841796875
vertex 20.445281982421875 295.0 36.27459716796875
vertex 20.445281982421875 298.0 36.27459716796875
endloop
endfacet
facet normal -0.9999999999999999 0.0 0.0
outer loop
vertex 19.99334716796875 261.0 36.085662841796875
vertex 19.99334716796875 261.0 43.629791259765625
vertex 19.99334716796875 264.0 43.629791259765625
endloop
endfacet
facet normal -1.0 0.0 0.0
outer loop
vertex 19.99334716796875 261.0 36.085662841796875
vertex 19.99334716796875 264.0 43.629791259765625
vertex 19.99334716796875 295.0 48.085662841796875
endloop
endfacet
facet normal 0.0 0.0 -1.0
outer loop
vertex 17.750946044921875 264.0 43.629791259765625
vertex 19.99334716796875 264.0 43.629791259765625
vertex 19.99334716796875 261.0 43.629791259765625
endloop
endfacet
facet normal -0.0 1.0 0.0
outer loop
vertex 17.750946044921875 264.0 43.629791259765625
vertex 19.99334716796875 264.0 48.085662841796875
vertex 19.99334716796875 264.0 43.629791259765625
endloop
endfacet
facet normal -0.0 1.0 0.0
outer loop
vertex 17.750946044921875 264.0 43.629791259765625
vertex 17.99334716796875 264.0 50.085662841796875
vertex 19.99334716796875 264.0 48.085662841796875
endloop
endfacet
facet normal -1.0 0.0 0.0
outer loop
vertex 19.99334716796875 264.0 43.629791259765625
vertex 19.99334716796875 264.0 48.085662841796875
vertex 19.99334716796875 295.0 48.085662841796875
endloop
endfacet
facet normal -1.0 0.0 0.0
outer loop
vertex 19.99334716796875 261.0 36.085662841796875
vertex 19.99334716796875 295.0 48.085662841796875
vertex 19.99334716796875 295.0 36.085662841796875
endloop
endfacet
facet normal -0.0 1.0 0.0
outer loop
vertex 19.99334716796875 295.0 36.085662841796875
vertex 19.99334716796875 295.0 48.085662841796875
vertex 20.344818115234375 295.0 36.085662841796875
endloop
endfacet
facet normal -0.0 1.0 -0.0
outer loop
vertex 20.344818115234375 295.0 36.085662841796875
vertex 19.99334716796875 295.0 48.085662841796875
vertex 20.445281982421875 295.0 36.27459716796875
endloop
endfacet
facet normal -0.8829474441888011 0.0 0.4694718423936243
outer loop
vertex 20.445281982421875 295.0 36.27459716796875
vertex 26.725341796875 295.0 48.085662841796875
vertex 20.445281982421875 298.0 36.27459716796875
endloop
endfacet
facet normal 0.0 -0.0 0.9999999999999999
outer loop
vertex 19.99334716796875 264.0 48.085662841796875
vertex 26.725341796875 295.0 48.085662841796875
vertex 19.99334716796875 295.0 48.085662841796875
endloop
endfacet
facet normal 0.0 1.0 -0.0
outer loop
vertex 20.445281982421875 295.0 36.27459716796875
vertex 19.99334716796875 295.0 48.085662841796875
vertex 26.725341796875 295.0 48.085662841796875
endloop
endfacet
facet normal 0.0 0.0 1.0
outer loop
vertex 19.99334716796875 264.0 48.085662841796875
vertex 26.725341796875 286.0 48.085662841796875
vertex 26.725341796875 295.0 48.085662841796875
endloop
endfacet
facet normal -0.8829475987927091 -1.468407865838236e-06 0.4694715516237732
outer loop
vertex 20.445281982421875 298.0 36.27459716796875
vertex 26.725341796875 295.0 48.085662841796875
vertex 30.74322509765625 298.0 55.6422119140625
endloop
endfacet
facet normal 0.0 0.0 -0.9999999999999999
outer loop
vertex 17.750946044921875 154.0 43.629791259765625
vertex 19.99334716796875 261.0 43.629791259765625
vertex 51.99334716796875 261.0 43.629791259765625
endloop
endfacet
facet normal 0.0 0.0 -1.0
outer loop
vertex 19.99334716796875 261.0 36.085662841796875
vertex 20.7684326171875 286.0 36.085662841796875
vertex 45.261383056640625 286.0 36.085662841796875
endloop
endfacet
facet normal 0.0 -1.0 0.0
outer loop
vertex 20.7684326171875 286.0 36.085662841796875
vertex 39.452880859375 286.0 25.1614990234375
vertex 45.261383056640625 286.0 36.085662841796875
endloop
endfacet
facet normal 0.0 -1.0 0.0
outer loop
vertex 19.99334716796875 261.0 36.085662841796875
vertex 51.99334716796875 261.0 36.085662841796875
vertex 19.99334716796875 261.0 43.629791259765625
endloop
endfacet
facet normal -0.0 1.0 -0.0
outer loop
vertex 19.99334716796875 264.0 48.085662841796875
vertex 17.99334716796875 264.0 50.085662841796875
vertex 51.99334716796875 264.0 48.085662841796875
endloop
endfacet
facet normal -0.0 1.0 0.0
outer loop
vertex 20.445281982421875 298.0 36.27459716796875
vertex 30.74322509765625 298.0 55.6422119140625
vertex 39.452880859375 298.0 25.1614990234375
endloop
endfacet
facet normal 0.0 -0.0 1.0
outer loop
vertex 19.99334716796875 264.0 48.085662841796875
vertex 51.99334716796875 264.0 48.085662841796875
vertex 26.725341796875 286.0 48.085662841796875
endloop
endfacet
facet normal -0.882947801342703 0.0 0.4694711706847254
outer loop
vertex 17.99334716796875 142.0 50.085662841796875
vertex 31.723907470703125 156.0 75.90911865234375
vertex 17.99334716796875 154.0 50.085662841796875
endloop
endfacet
facet normal -0.8829478013427032 0.0 0.46947117068472544
outer loop
vertex 17.99334716796875 154.0 50.085662841796875
vertex 31.723907470703125 156.0 75.90911865234375
vertex 17.99334716796875 156.0 50.085662841796875
endloop
endfacet
facet normal -0.0 1.0 0.0
outer loop
vertex 17.99334716796875 156.0 50.085662841796875
vertex 31.723907470703125 156.0 75.90911865234375
vertex 42.656646728515625 156.0 57.61749267578125
endloop
endfacet
facet normal 0.0 -0.0 1.0
outer loop
vertex 17.99334716796875 156.0 50.085662841796875
vertex 53.99334716796875 264.0 50.085662841796875
vertex 17.99334716796875 264.0 50.085662841796875
endloop
endfacet
facet normal -0.8829478404446455 0.0 0.469471097144581
outer loop
vertex 26.725341796875 286.0 48.085662841796875
vertex 30.74322509765625 286.0 55.6422119140625
vertex 26.725341796875 295.0 48.085662841796875
endloop
endfacet
facet normal -0.8829478404446455 0.0 0.469471097144581
outer loop
vertex 26.725341796875 295.0 48.085662841796875
vertex 30.74322509765625 286.0 55.6422119140625
vertex 30.74322509765625 298.0 55.6422119140625
endloop
endfacet
facet normal 0.0 -1.0 0.0
outer loop
vertex 26.725341796875 286.0 48.085662841796875
vertex 43.667755126953125 286.0 48.085662841796875
vertex 30.74322509765625 286.0 55.6422119140625
endloop
endfacet
facet normal -0.8829478688591409 0.0 0.46947104370461573
outer loop
vertex 30.74322509765625 286.0 55.6422119140625
vertex 41.0411376953125 298.0 75.00979614257812
vertex 30.74322509765625 298.0 55.6422119140625
endloop
endfacet
facet normal 0.0 0.0 -1.0
outer loop
vertex 31.53076171875 12.0 10.262176513671875
vertex 38.26275634765625 37.0 10.262176513671875
vertex 38.26275634765625 3.0 10.262176513671875
endloop
endfacet
facet normal 0.0 -1.0 0.0
outer loop
vertex 31.53076171875 3.0 10.262176513671875
vertex 38.26275634765625 3.0 10.262176513671875
vertex 37.911285400390625 3.0 22.262176513671875
endloop
endfacet
facet normal 0.0 -1.0 0.0
outer loop
vertex 38.26275634765625 3.0 10.262176513671875
vertex 38.26275634765625 3.0 22.262176513671875
vertex 37.911285400390625 3.0 22.262176513671875
endloop
endfacet
facet normal 1.0 0.0 -0.0
outer loop
vertex 38.26275634765625 3.0 10.262176513671875
vertex 38.26275634765625 37.0 10.262176513671875
vertex 38.26275634765625 3.0 22.262176513671875
endloop
endfacet
facet normal 0.8829472725576559 -1.2367751675097654e-06 -0.46947216518284357
outer loop
vertex 31.53076171875 3.0 10.262176513671875
vertex 37.911285400390625 3.0 22.262176513671875
vertex 39.452880859375 0.0 25.1614990234375
endloop
endfacet
facet normal 0.882947803027199 0.0 -0.469471167516646
outer loop
vertex 37.911285400390625 3.0 22.262176513671875
vertex 37.911285400390625 12.0 22.262176513671875
vertex 39.452880859375 12.0 25.1614990234375
endloop
endfacet
facet normal 0.882947803027199 0.0 -0.4694711675166461
outer loop
vertex 37.911285400390625 3.0 22.262176513671875
vertex 39.452880859375 12.0 25.1614990234375
vertex 39.452880859375 0.0 25.1614990234375
endloop
endfacet
facet normal 0.0 0.0 1.0
outer loop
vertex 37.911285400390625 3.0 22.262176513671875
vertex 38.26275634765625 3.0 22.262176513671875
vertex 38.26275634765625 34.0 22.262176513671875
endloop
endfacet
facet normal 0.0 -0.0 1.0
outer loop
vertex 37.911285400390625 3.0 22.262176513671875
vertex 38.26275634765625 34.0 22.262176513671875
vertex 37.911285400390625 12.0 22.262176513671875
endloop
endfacet
facet normal 1.0 0.0 0.0
outer loop
vertex 38.26275634765625 37.0 10.262176513671875
vertex 38.26275634765625 34.0 17.806304931640625
vertex 38.26275634765625 3.0 22.262176513671875
endloop
endfacet
facet normal 0.9999999999999999 0.0 -0.0
outer loop
vertex 38.26275634765625 37.0 10.262176513671875
vertex 38.26275634765625 37.0 17.806304931640625
vertex 38.26275634765625 34.0 17.806304931640625
endloop
endfacet
facet normal 0.0 0.0 -1.0
outer loop
vertex 38.26275634765625 34.0 17.806304931640625
vertex 38.26275634765625 37.0 17.806304931640625
vertex 40.020355224609375 34.0 17.806304931640625
endloop
endfacet
facet normal 1.0 -0.0 0.0
outer loop
vertex 38.26275634765625 3.0 22.262176513671875
vertex 38.26275634765625 34.0 17.806304931640625
vertex 38.26275634765625 34.0 22.262176513671875
endloop
endfacet
facet normal 0.0 -1.0 0.0
outer loop
vertex 38.26275634765625 34.0 17.806304931640625
vertex 40.020355224609375 34.0 17.806304931640625
vertex 38.26275634765625 34.0 22.262176513671875
endloop
endfacet
facet normal 0.0 -1.0 0.0
outer loop
vertex 38.26275634765625 34.0 22.262176513671875
vertex 40.020355224609375 34.0 17.806304931640625
vertex 40.26275634765625 34.0 24.262176513671875
endloop
endfacet
facet normal 0.0 0.0 -1.0
outer loop
vertex 38.26275634765625 37.0 17.806304931640625
vertex 40.020355224609375 142.0 17.806304931640625
vertex 40.020355224609375 34.0 17.806304931640625
endloop
endfacet
facet normal 0.9992958412396236 0.0 -0.03752094989726268
outer loop
vertex 40.020355224609375 34.0 17.806304931640625
vertex 40.020355224609375 142.0 17.806304931640625
vertex 40.26275634765625 34.0 24.262176513671875
endloop
endfacet
facet normal 0.8829472921540759 0.0 -0.46947212832902563
outer loop
vertex 39.452880859375 0.0 25.1614990234375
vertex 39.452880859375 12.0 25.1614990234375
vertex 49.750823974609375 0.0 44.529083251953125
endloop
endfacet
facet normal 0.0 -1.0 0.0
outer loop
vertex 30.74322509765625 0.0 55.6422119140625
vertex 39.452880859375 0.0 25.1614990234375
vertex 49.750823974609375 0.0 44.529083251953125
endloop
endfacet
facet normal 0.0 1.0 0.0
outer loop
vertex 30.74322509765625 12.0 55.6422119140625
vertex 49.750823974609375 12.0 44.529083251953125
vertex 39.452880859375 12.0 25.1614990234375
endloop
endfacet
facet normal 0.8829472921540759 0.0 -0.46947212832902563
outer loop
vertex 39.452880859375 12.0 25.1614990234375
vertex 49.750823974609375 12.0 44.529083251953125
vertex 49.750823974609375 0.0 44.529083251953125
endloop
endfacet
facet normal 0.9992969265928274 1.7310208626470628e-06 -0.03749203247535329
outer loop
vertex 40.26275634765625 34.0 24.262176513671875
vertex 40.020355224609375 142.0 17.806304931640625
vertex 40.024261474609375 142.2258062362671 17.910430908203125
endloop
endfacet
facet normal 0.9992958211327666 0.0 -0.03752148539956264
outer loop
vertex 40.26275634765625 34.0 24.262176513671875
vertex 40.024261474609375 142.2258062362671 17.910430908203125
vertex 40.26275634765625 142.2258062362671 24.262176513671875
endloop
endfacet
facet normal 0.0 -0.0 1.0
outer loop
vertex 40.26275634765625 34.0 24.262176513671875
vertex 40.26275634765625 142.2258062362671 24.262176513671875
vertex 39.682098388671875 142.2258062362671 24.262176513671875
endloop
endfacet
facet normal 0.8829477981398667 0.0 -0.46947117670839106
outer loop
vertex 31.00311279296875 154.0 0.847320556640625
vertex 40.020355224609375 144.0 17.806304931640625
vertex 40.020355224609375 142.0 17.806304931640625
endloop
endfacet
facet normal -0.0 -0.0 0.9999999999999999
outer loop
vertex 38.859771728515625 142.54560661315918 24.262176513671875
vertex 39.682098388671875 142.2258062362671 24.262176513671875
vertex 39.323333740234375 144.0 24.262176513671875
endloop
endfacet
facet normal 0.9992970672285522 0.0 -0.0374882838819621
outer loop
vertex 40.020355224609375 142.0 17.806304931640625
vertex 40.020355224609375 144.0 17.806304931640625
vertex 40.024261474609375 142.2258062362671 17.910430908203125
endloop
endfacet
facet normal 0.9992954936142239 -2.4638970790855176e-06 -0.03753020698362543
outer loop
vertex 40.024261474609375 142.2258062362671 17.910430908203125
vertex 40.020355224609375 144.0 17.806304931640625
vertex 40.05499267578125 144.0 18.72857666015625
endloop
endfacet
facet normal 0.9992954936172571 0.0 -0.03753020698373935
outer loop
vertex 40.020355224609375 144.0 17.806304931640625
vertex 40.020355224609375 156.0 17.806304931640625
vertex 40.05499267578125 144.0 18.72857666015625
endloop
endfacet
facet normal 0.9992958211117122 -6.4914120750904005e-06 -0.03752148539877209
outer loop
vertex 40.024261474609375 142.2258062362671 17.910430908203125
vertex 40.05499267578125 144.0 18.72857666015625
vertex 40.26275634765625 142.2258062362671 24.262176513671875
endloop
endfacet
facet normal -0.0 0.0 1.0
outer loop
vertex 39.323333740234375 144.0 24.262176513671875
vertex 39.682098388671875 142.2258062362671 24.262176513671875
vertex 40.26275634765625 142.2258062362671 24.262176513671875
endloop
endfacet
facet normal 0.9992958991686905 0.0 -0.037519407040068634
outer loop
vertex 40.05499267578125 144.0 18.72857666015625
vertex 40.26275634765625 156.0 24.262176513671875
vertex 40.26275634765625 142.2258062362671 24.262176513671875
endloop
endfacet
facet normal -0.0 0.0 1.0
outer loop
vertex 39.323333740234375 144.0 24.262176513671875
vertex 40.26275634765625 142.2258062362671 24.262176513671875
vertex 40.26275634765625 156.0 24.262176513671875
endloop
endfacet
facet normal 0.0 -1.0 0.0
outer loop
vertex 26.783538818359375 144.0 34.759185791015625
vertex 39.323333740234375 144.0 24.262176513671875
vertex 40.607269287109375 144.0 26.676910400390625
endloop
endfacet
facet normal 0.0 -1.0 0.0
outer loop
vertex 26.783538818359375 144.0 34.759185791015625
vertex 40.607269287109375 144.0 26.676910400390625
vertex 49.621246337890625 144.0 43.629791259765625
endloop
endfacet
facet normal 0.8829477801442928 0.0 -0.46947121055317703
outer loop
vertex 39.323333740234375 144.0 24.262176513671875
vertex 40.607269287109375 154.0 26.676910400390625
vertex 40.607269287109375 144.0 26.676910400390625
endloop
endfacet
facet normal 0.0 -1.0 0.0
outer loop
vertex 26.783538818359375 144.0 34.759185791015625
vertex 49.621246337890625 144.0 43.629791259765625
vertex 31.5001220703125 144.0 43.629791259765625
endloop
endfacet
facet normal 0.0 -1.0 0.0
outer loop
vertex 17.750946044921875 142.0 43.629791259765625
vertex 53.750946044921875 142.0 43.629791259765625
vertex 42.656646728515625 142.0 57.61749267578125
endloop
endfacet
facet normal 0.882948231810796 0.0 -0.4694703610902281
outer loop
vertex 40.607269287109375 144.0 26.676910400390625
vertex 49.621246337890625 154.0 43.629791259765625
vertex 49.621246337890625 144.0 43.629791259765625
endloop
endfacet
facet normal 0.0 0.0 -1.0
outer loop
vertex 31.5001220703125 144.0 43.629791259765625
vertex 49.621246337890625 144.0 43.629791259765625
vertex 53.750946044921875 142.0 43.629791259765625
endloop
endfacet
facet normal 0.0 0.0 -1.0
outer loop
vertex 49.621246337890625 144.0 43.629791259765625
vertex 53.750946044921875 154.0 43.629791259765625
vertex 53.750946044921875 142.0 43.629791259765625
endloop
endfacet
facet normal 0.8829469234264795 0.0 -0.4694728218030457
outer loop
vertex 53.750946044921875 142.0 43.629791259765625
vertex 53.750946044921875 154.0 43.629791259765625
vertex 58.347259521484375 143.95921182632446 52.274169921875
endloop
endfacet
facet normal -0.0 1.0 0.0
outer loop
vertex 30.74322509765625 12.0 55.6422119140625
vertex 34.075408935546875 12.0 61.90911865234375
vertex 49.750823974609375 12.0 44.529083251953125
endloop
endfacet
facet normal 0.0 -1.0 0.0
outer loop
vertex 30.74322509765625 0.0 55.6422119140625
vertex 49.750823974609375 0.0 44.529083251953125
vertex 41.0411376953125 0.0 75.00979614257812
endloop
endfacet
facet normal -0.882947868850371 4.45703067087148e-06 0.46947104369995274
outer loop
vertex 30.74322509765625 0.0 55.6422119140625
vertex 41.0411376953125 0.0 75.00979614257812
vertex 34.075408935546875 3.0 61.90911865234375
endloop
endfacet
facet normal 0.0 -1.0 0.0
outer loop
vertex 34.075408935546875 3.0 61.90911865234375
vertex 40.455902099609375 3.0 73.90911865234375
vertex 33.723907470703125 3.0 73.90911865234375
endloop
endfacet
facet normal -0.8829482033396852 9.333213891745941e-07 0.46947041463584394
outer loop
vertex 34.075408935546875 3.0 61.90911865234375
vertex 41.0411376953125 0.0 75.00979614257812
vertex 40.455902099609375 3.0 73.90911865234375
endloop
endfacet
facet normal -0.0 1.0 0.0
outer loop
vertex 34.075408935546875 12.0 61.90911865234375
vertex 58.991912841796875 12.0 61.90911865234375
vertex 49.750823974609375 12.0 44.529083251953125
endloop
endfacet
facet normal 0.0 -0.9999999999999999 0.0
outer loop
vertex 49.750823974609375 0.0 44.529083251953125
vertex 60.048736572265625 0.0 63.896697998046875
vertex 41.0411376953125 0.0 75.00979614257812
endloop
endfacet
facet normal 0.0 0.0 -1.0
outer loop
vertex 34.075408935546875 12.0 61.90911865234375
vertex 33.723907470703125 37.0 61.90911865234375
vertex 65.72390747070312 37.0 61.90911865234375
endloop
endfacet
facet normal 0.0 1.0 0.0
outer loop
vertex 33.723907470703125 37.0 61.90911865234375
vertex 33.723907470703125 37.0 69.4532470703125
vertex 65.72390747070312 37.0 69.4532470703125
endloop
endfacet
facet normal 0.0 -0.0 -1.0
outer loop
vertex 31.481536865234375 34.0 69.4532470703125
vertex 67.48153686523438 142.0 69.4532470703125
vertex 33.723907470703125 37.0 69.4532470703125
endloop
endfacet
facet normal 0.0 -0.0 0.9999999999999999
outer loop
vertex 33.723907470703125 3.0 73.90911865234375
vertex 40.455902099609375 12.0 73.90911865234375
vertex 33.723907470703125 34.0 73.90911865234375
endloop
endfacet
facet normal 0.0 0.0 1.0
outer loop
vertex 33.723907470703125 3.0 73.90911865234375
vertex 40.455902099609375 3.0 73.90911865234375
vertex 40.455902099609375 12.0 73.90911865234375
endloop
endfacet
facet normal -0.0 0.0 1.0
outer loop
vertex 33.723907470703125 34.0 73.90911865234375
vertex 40.455902099609375 12.0 73.90911865234375
vertex 42.9237060546875 12.0 73.90911865234375
endloop
endfacet
facet normal -0.8829492578130258 0.0 0.4694684314492582
outer loop
vertex 40.455902099609375 3.0 73.90911865234375
vertex 41.0411376953125 12.0 75.00979614257812
vertex 40.455902099609375 12.0 73.90911865234375
endloop
endfacet
facet normal -0.8829492578130259 0.0 0.46946843144925826
outer loop
vertex 40.455902099609375 3.0 73.90911865234375
vertex 41.0411376953125 0.0 75.00979614257812
vertex 41.0411376953125 12.0 75.00979614257812
endloop
endfacet
facet normal -0.0 1.0 0.0
outer loop
vertex 40.455902099609375 12.0 73.90911865234375
vertex 41.0411376953125 12.0 75.00979614257812
vertex 42.9237060546875 12.0 73.90911865234375
endloop
endfacet
facet normal -0.8829477678261988 0.0 0.4694712337201644
outer loop
vertex 41.0411376953125 0.0 75.00979614257812
vertex 48.828155517578125 12.0 89.65505981445312
vertex 41.0411376953125 12.0 75.00979614257812
endloop
endfacet
facet normal -0.8829477678261988 0.0 0.4694712337201644
outer loop
vertex 41.0411376953125 0.0 75.00979614257812
vertex 48.828155517578125 0.0 89.65505981445312
vertex 48.828155517578125 12.0 89.65505981445312
endloop
endfacet
facet normal 0.0 -1.0 0.0
outer loop
vertex 31.723907470703125 34.0 75.90911865234375
vertex 33.723907470703125 34.0 73.90911865234375
vertex 67.72390747070312 34.0 75.90911865234375
endloop
endfacet
facet normal -0.0 0.0 1.0
outer loop
vertex 33.723907470703125 34.0 73.90911865234375
vertex 42.9237060546875 12.0 73.90911865234375
vertex 65.3724365234375 12.0 73.90911865234375
endloop
endfacet
facet normal 0.0 -1.0 0.0
outer loop
vertex 41.0411376953125 0.0 75.00979614257812
vertex 60.048736572265625 0.0 63.896697998046875
vertex 48.828155517578125 0.0 89.65505981445312
endloop
endfacet
facet normal 0.0 1.0 0.0
outer loop
vertex 41.0411376953125 12.0 75.00979614257812
vertex 65.3724365234375 12.0 73.90911865234375
vertex 42.9237060546875 12.0 73.90911865234375
endloop
endfacet
facet normal -0.0 1.0 0.0
outer loop
vertex 41.0411376953125 12.0 75.00979614257812
vertex 48.828155517578125 12.0 89.65505981445312
vertex 68.25302124023438 12.0 79.32669067382812
endloop
endfacet
facet normal 0.4694731536734254 0.0 0.8829467469671816
outer loop
vertex 48.828155517578125 0.0 89.65505981445312
vertex 52.359954833984375 9.5 87.77716064453125
vertex 48.828155517578125 12.0 89.65505981445312
endloop
endfacet
facet normal 0.4694731536734254 -0.0 0.8829467469671817
outer loop
vertex 48.828155517578125 0.0 89.65505981445312
vertex 52.359954833984375 2.5 87.77716064453125
vertex 52.359954833984375 9.5 87.77716064453125
endloop
endfacet
facet normal 0.0 0.0 -1.0
outer loop
vertex 31.481536865234375 34.0 69.4532470703125
vertex 31.481536865234375 142.0 69.4532470703125
vertex 67.48153686523438 142.0 69.4532470703125
endloop
endfacet
facet normal -0.9992959802655469 0.0 0.037517247035461984
outer loop
vertex 42.656646728515625 138.0 57.61749267578125
vertex 43.06060791015625 142.0 68.37725830078125
vertex 42.656646728515625 142.0 57.61749267578125
endloop
endfacet
facet normal -0.9992959802655469 0.0 0.037517247035461984
outer loop
vertex 42.656646728515625 138.0 57.61749267578125
vertex 43.06060791015625 138.0 68.37725830078125
vertex 43.06060791015625 142.0 68.37725830078125
endloop
endfacet
facet normal -0.32236143840724596 0.0 -0.946616661076706
outer loop
vertex 42.656646728515625 138.0 57.61749267578125
vertex 42.656646728515625 142.0 57.61749267578125
vertex 53.18865966796875 142.0 54.030914306640625
endloop
endfacet
facet normal 0.3510932304021207 -0.9362477215293978 -0.013181331374889022
outer loop
vertex 42.656646728515625 138.0 57.61749267578125
vertex 53.32330322265625 142.0 57.61749267578125
vertex 43.06060791015625 138.0 68.37725830078125
endloop
endfacet
facet normal 0.0 -1.0 0.0
outer loop
vertex 53.750946044921875 142.0 43.629791259765625
vertex 53.18865966796875 142.0 54.030914306640625
vertex 42.656646728515625 142.0 57.61749267578125
endloop
endfacet
facet normal 0.3510932348373689 -0.936247733356715 -0.013180373129993376
outer loop
vertex 42.656646728515625 138.0 57.61749267578125
vertex 53.18865966796875 142.0 54.030914306640625
vertex 53.32330322265625 142.0 57.61749267578125
endloop
endfacet
facet normal 0.0 -0.0 1.0
outer loop
vertex 43.06060791015625 138.0 68.37725830078125
vertex 53.727264404296875 142.0 68.37725830078125
vertex 43.06060791015625 142.0 68.37725830078125
endloop
endfacet
facet normal 0.0 -1.0 0.0
outer loop
vertex 31.481536865234375 142.0 69.4532470703125
vertex 43.06060791015625 142.0 68.37725830078125
vertex 67.48153686523438 142.0 69.4532470703125
endloop
endfacet
facet normal 0.3510932304021207 -0.9362477215293978 -0.013181331374889022
outer loop
vertex 43.06060791015625 138.0 68.37725830078125
vertex 53.32330322265625 142.0 57.61749267578125
vertex 53.727264404296875 142.0 68.37725830078125
endloop
endfacet
facet normal 0.0 -0.0 1.0
outer loop
vertex 31.723907470703125 34.0 75.90911865234375
vertex 67.14324951171875 142.2258062362671 75.90911865234375
vertex 31.723907470703125 142.0 75.90911865234375
endloop
endfacet
facet normal 0.0 -0.0 1.0
outer loop
vertex 31.723907470703125 142.0 75.90911865234375
vertex 67.14324951171875 142.2258062362671 75.90911865234375
vertex 31.723907470703125 144.0 75.90911865234375
endloop
endfacet
facet normal 0.0 0.0 1.0
outer loop
vertex 31.723907470703125 144.0 75.90911865234375
vertex 48.663360595703125 144.0 75.90911865234375
vertex 48.663360595703125 154.0 75.90911865234375
endloop
endfacet
facet normal -0.0 -0.0 1.0
outer loop
vertex 31.723907470703125 144.0 75.90911865234375
vertex 67.14324951171875 142.2258062362671 75.90911865234375
vertex 48.663360595703125 144.0 75.90911865234375
endloop
endfacet
facet normal -0.882947381637316 0.0 0.4694719600357489
outer loop
vertex 48.663360595703125 144.0 75.90911865234375
vertex 54.39764404296875 144.0 86.6937255859375
vertex 54.39764404296875 154.0 86.6937255859375
endloop
endfacet
facet normal 0.882948432627227 0.0 -0.46946998340801616
outer loop
vertex 49.750823974609375 0.0 44.529083251953125
vertex 49.750823974609375 12.0 44.529083251953125
vertex 58.991912841796875 12.0 61.90911865234375
endloop
endfacet
facet normal 0.8829484326272272 0.0 -0.4694699834080162
outer loop
vertex 49.750823974609375 0.0 44.529083251953125
vertex 58.991912841796875 12.0 61.90911865234375
vertex 58.991912841796875 3.0 61.90911865234375
endloop
endfacet
facet normal 0.882948175491808 3.5936707208748585e-06 -0.46947046699741696
outer loop
vertex 49.750823974609375 0.0 44.529083251953125
vertex 58.991912841796875 3.0 61.90911865234375
vertex 60.048736572265625 0.0 63.896697998046875
endloop
endfacet
facet normal 0.0 -0.0 -1.0
outer loop
vertex 34.075408935546875 12.0 61.90911865234375
vertex 65.72390747070312 37.0 61.90911865234375
vertex 58.991912841796875 12.0 61.90911865234375
endloop
endfacet
facet normal -0.0 1.0 0.0
outer loop
vertex 33.723907470703125 37.0 61.90911865234375
vertex 65.72390747070312 37.0 69.4532470703125
vertex 65.72390747070312 37.0 61.90911865234375
endloop
endfacet
facet normal 0.8829459270673523 0.0 -0.46947469567078276
outer loop
vertex 58.991912841796875 3.0 61.90911865234375
vertex 60.048736572265625 3.0 63.896697998046875
vertex 60.048736572265625 0.0 63.896697998046875
endloop
endfacet
facet normal 0.0 0.0 -1.0
outer loop
vertex 58.991912841796875 3.0 61.90911865234375
vertex 58.991912841796875 12.0 61.90911865234375
vertex 65.72390747070312 3.0 61.90911865234375
endloop
endfacet
facet normal 0.0 -0.0 -1.0
outer loop
vertex 33.723907470703125 37.0 69.4532470703125
vertex 67.48153686523438 142.0 69.4532470703125
vertex 65.72390747070312 37.0 69.4532470703125
endloop
endfacet
facet normal 0.0 -1.0 0.0
outer loop
vertex 58.991912841796875 3.0 61.90911865234375
vertex 65.72390747070312 3.0 61.90911865234375
vertex 60.048736572265625 3.0 63.896697998046875
endloop
endfacet
facet normal 0.8829475396532144 0.0 -0.46947166285126896
outer loop
vertex 60.048736572265625 0.0 63.896697998046875
vertex 60.048736572265625 3.0 63.896697998046875
vertex 65.3724365234375 3.0 73.90911865234375
endloop
endfacet
facet normal 0.0 0.0 -1.0
outer loop
vertex 58.991912841796875 12.0 61.90911865234375
vertex 65.72390747070312 37.0 61.90911865234375
vertex 65.72390747070312 3.0 61.90911865234375
endloop
endfacet
facet normal 0.0 -1.0 0.0
outer loop
vertex 60.048736572265625 3.0 63.896697998046875
vertex 65.72390747070312 3.0 61.90911865234375
vertex 65.72390747070312 3.0 73.90911865234375
endloop
endfacet
facet normal 1.0 0.0 -0.0
outer loop
vertex 65.72390747070312 3.0 61.90911865234375
vertex 65.72390747070312 37.0 61.90911865234375
vertex 65.72390747070312 3.0 73.90911865234375
endloop
endfacet
facet normal 0.0 -1.0 0.0
outer loop
vertex 60.048736572265625 3.0 63.896697998046875
vertex 65.72390747070312 3.0 73.90911865234375
vertex 65.3724365234375 3.0 73.90911865234375
endloop
endfacet
facet normal 0.8829473074641221 1.8694431995209057e-06 -0.4694720995313377
outer loop
vertex 60.048736572265625 0.0 63.896697998046875
vertex 65.3724365234375 3.0 73.90911865234375
vertex 68.25302124023438 0.0 79.32669067382812
endloop
endfacet
facet normal 0.9999999999999999 0.0 -0.0
outer loop
vertex 65.72390747070312 37.0 61.90911865234375
vertex 65.72390747070312 37.0 69.4532470703125
vertex 65.72390747070312 34.0 69.4532470703125
endloop
endfacet
facet normal 1.0 0.0 0.0
outer loop
vertex 65.72390747070312 37.0 61.90911865234375
vertex 65.72390747070312 34.0 69.4532470703125
vertex 65.72390747070312 3.0 73.90911865234375
endloop
endfacet
facet normal 1.0 0.0 -0.0
outer loop
vertex 65.72390747070312 34.0 69.4532470703125
vertex 65.72390747070312 34.0 73.90911865234375
vertex 65.72390747070312 3.0 73.90911865234375
endloop
endfacet
facet normal 0.0 0.0 -1.0
outer loop
vertex 65.72390747070312 34.0 69.4532470703125
vertex 65.72390747070312 37.0 69.4532470703125
vertex 67.48153686523438 34.0 69.4532470703125
endloop
endfacet
facet normal 0.0 -1.0 0.0
outer loop
vertex 65.72390747070312 34.0 69.4532470703125
vertex 67.48153686523438 34.0 69.4532470703125
vertex 65.72390747070312 34.0 73.90911865234375
endloop
endfacet
facet normal -0.0 -0.9999999999999999 0.0
outer loop
vertex 67.48153686523438 34.0 69.4532470703125
vertex 67.72390747070312 34.0 75.90911865234375
vertex 65.72390747070312 34.0 73.90911865234375
endloop
endfacet
facet normal 0.0 0.0 -1.0
outer loop
vertex 65.72390747070312 37.0 69.4532470703125
vertex 67.48153686523438 142.0 69.4532470703125
vertex 67.48153686523438 34.0 69.4532470703125
endloop
endfacet
facet normal 0.9992960183442651 0.0 -0.037516232770603807
outer loop
vertex 67.48153686523438 34.0 69.4532470703125
vertex 67.48153686523438 142.0 69.4532470703125
vertex 67.72390747070312 34.0 75.90911865234375
endloop
endfacet
facet normal 0.46947080987333306 4.247236687388878e-06 0.8829479931790081
outer loop
vertex 48.828155517578125 0.0 89.65505981445312
vertex 68.25302124023438 1.2627105712890625 79.32669067382812
vertex 52.359954833984375 2.5 87.77716064453125
endloop
endfacet
facet normal -0.0 0.0 1.0
outer loop
vertex 33.723907470703125 34.0 73.90911865234375
vertex 65.3724365234375 12.0 73.90911865234375
vertex 65.72390747070312 34.0 73.90911865234375
endloop
endfacet
facet normal 0.0 -1.0 0.0
outer loop
vertex 33.723907470703125 34.0 73.90911865234375
vertex 65.72390747070312 34.0 73.90911865234375
vertex 67.72390747070312 34.0 75.90911865234375
endloop
endfacet
facet normal 0.0 -1.0 0.0
outer loop
vertex 48.828155517578125 0.0 89.65505981445312
vertex 60.048736572265625 0.0 63.896697998046875
vertex 68.25302124023438 0.0 79.32669067382812
endloop
endfacet
facet normal -0.0 1.0 0.0
outer loop
vertex 41.0411376953125 12.0 75.00979614257812
vertex 68.25302124023438 12.0 79.32669067382812
vertex 65.3724365234375 12.0 73.90911865234375
endloop
endfacet
facet normal 0.0 -1.0 0.0
outer loop
vertex 52.359954833984375 2.5 87.77716064453125
vertex 62.3829345703125 2.5 83.58047485351562
vertex 61.323394775390625 2.5 84.14382934570312
endloop
endfacet
facet normal 0.0 1.0 0.0
outer loop
vertex 52.359954833984375 9.5 87.77716064453125
vertex 55.63720703125 9.5 87.167236328125
vertex 64.72122192382812 9.5 81.20458984375
endloop
endfacet
facet normal 0.0 1.0 0.0
outer loop
vertex 55.63720703125 9.5 87.167236328125
vertex 56.696746826171875 9.5 86.6038818359375
vertex 64.72122192382812 9.5 81.20458984375
endloop
endfacet
facet normal 0.0 -1.0 0.0
outer loop
vertex 52.359954833984375 2.5 87.77716064453125
vertex 64.72122192382812 2.5 81.20458984375
vertex 62.3829345703125 2.5 83.58047485351562
endloop
endfacet
facet normal 0.46947102511379485 3.8571969809242855e-06 0.8829478787356164
outer loop
vertex 48.828155517578125 12.0 89.65505981445312
vertex 64.72122192382812 9.5 81.20458984375
vertex 68.25302124023438 12.0 79.32669067382812
endloop
endfacet
facet normal 0.0 1.0 0.0
outer loop
vertex 61.323394775390625 9.5 84.14382934570312
vertex 64.72122192382812 9.5 81.20458984375
vertex 56.696746826171875 9.5 86.6038818359375
endloop
endfacet
facet normal 0.0 -1.0 0.0
outer loop
vertex 52.359954833984375 2.5 87.77716064453125
vertex 56.696746826171875 2.5 86.6038818359375
vertex 55.63720703125 2.5 87.167236328125
endloop
endfacet
facet normal -0.8829480520864508 0.0 0.4694706991035141
outer loop
vertex 52.359954833984375 2.5 87.77716064453125
vertex 57.0546875 2.5 96.606689453125
vertex 52.359954833984375 9.5 87.77716064453125
endloop
endfacet
facet normal 0.0 -1.0 0.0
outer loop
vertex 52.359954833984375 2.5 87.77716064453125
vertex 61.323394775390625 2.5 84.14382934570312
vertex 56.696746826171875 2.5 86.6038818359375
endloop
endfacet
facet normal -0.080927605607276 -0.9850299540555323 -0.1522061505459922
outer loop
vertex 55.63720703125 2.5 87.167236328125
vertex 56.696746826171875 2.5 86.6038818359375
vertex 56.576141357421875 2.149993896484375 88.93313598632812
endloop
endfacet
facet normal -0.08093208126490742 -0.9850295596844575 -0.15220632302888903
outer loop
vertex 56.696746826171875 2.5 86.6038818359375
vertex 57.63568115234375 2.149993896484375 88.3697509765625
vertex 56.576141357421875 2.149993896484375 88.93313598632812
endloop
endfacet
facet normal 0.0 -1.0 0.0
outer loop
vertex 52.359954833984375 2.5 87.77716064453125
vertex 55.63720703125 2.5 87.167236328125
vertex 57.0546875 2.5 96.606689453125
endloop
endfacet
facet normal 0.4694698087841921 -6.061319422620124e-06 0.8829485254551337
outer loop
vertex 48.828155517578125 12.0 89.65505981445312
vertex 52.359954833984375 9.5 87.77716064453125
vertex 64.72122192382812 9.5 81.20458984375
endloop
endfacet
facet normal -0.080927605607276 0.9850299540555323 -0.1522061505459922
outer loop
vertex 55.63720703125 9.5 87.167236328125
vertex 56.576141357421875 9.850006103515625 88.93313598632812
vertex 56.696746826171875 9.5 86.6038818359375
endloop
endfacet
facet normal -0.08093208126490742 0.9850295596844575 -0.15220632302888903
outer loop
vertex 56.696746826171875 9.5 86.6038818359375
vertex 56.576141357421875 9.850006103515625 88.93313598632812
vertex 57.63568115234375 9.850006103515625 88.3697509765625
endloop
endfacet
facet normal -0.0 1.0 0.0
outer loop
vertex 52.359954833984375 9.5 87.77716064453125
vertex 57.0546875 9.5 96.606689453125
vertex 55.63720703125 9.5 87.167236328125
endloop
endfacet
facet normal -0.8829480520864508 0.0 0.4694706991035141
outer loop
vertex 52.359954833984375 9.5 87.77716064453125
vertex 57.0546875 2.5 96.606689453125
vertex 57.0546875 9.5 96.606689453125
endloop
endfacet
facet normal -0.8829474270618106 3.021007503142015e-05 0.4694718736327877
outer loop
vertex 55.63720703125 2.5 87.167236328125
vertex 56.576141357421875 2.149993896484375 88.93313598632812
vertex 59.862457275390625 2.5 95.11376953125
endloop
endfacet
facet normal 0.0 -1.0 0.0
outer loop
vertex 56.576141357421875 2.149993896484375 88.93313598632812
vertex 57.63568115234375 2.149993896484375 88.3697509765625
vertex 59.392974853515625 2.149993896484375 94.23080444335938
endloop
endfacet
facet normal 0.8829474274139505 1.0723909943890686e-05 -0.469471873820024
outer loop
vertex 56.696746826171875 2.5 86.6038818359375
vertex 60.9219970703125 2.5 94.5504150390625
vertex 57.63568115234375 2.149993896484375 88.3697509765625
endloop
endfacet
facet normal -0.8829474270618106 -3.021007503142015e-05 0.4694718736327877
outer loop
vertex 55.63720703125 9.5 87.167236328125
vertex 59.862457275390625 9.5 95.11376953125
vertex 56.576141357421875 9.850006103515625 88.93313598632812
endloop
endfacet
facet normal -0.0 1.0 0.0
outer loop
vertex 56.576141357421875 9.850006103515625 88.93313598632812
vertex 59.392974853515625 9.850006103515625 94.23080444335938
vertex 57.63568115234375 9.850006103515625 88.3697509765625
endloop
endfacet
facet normal 0.8829474274139505 -1.0723909943890686e-05 -0.469471873820024
outer loop
vertex 56.696746826171875 9.5 86.6038818359375
vertex 57.63568115234375 9.850006103515625 88.3697509765625
vertex 60.9219970703125 9.5 94.5504150390625
endloop
endfacet
facet normal -0.0 -1.0 0.0
outer loop
vertex 61.323394775390625 2.5 84.14382934570312
vertex 65.54861450195312 2.5 92.09039306640625
vertex 56.696746826171875 2.5 86.6038818359375
endloop
endfacet
facet normal 0.0 -0.9999999999999999 0.0
outer loop
vertex 56.696746826171875 2.5 86.6038818359375
vertex 65.54861450195312 2.5 92.09039306640625
vertex 60.9219970703125 2.5 94.5504150390625
endloop
endfacet
facet normal 0.0 1.0 -0.0
outer loop
vertex 61.323394775390625 9.5 84.14382934570312
vertex 56.696746826171875 9.5 86.6038818359375
vertex 60.9219970703125 9.5 94.5504150390625
endloop
endfacet
facet normal 0.0 -1.0 0.0
outer loop
vertex 55.63720703125 2.5 87.167236328125
vertex 59.862457275390625 2.5 95.11376953125
vertex 57.0546875 2.5 96.606689453125
endloop
endfacet
facet normal -0.8829466794252826 -3.930653525388746e-05 0.4694732790552233
outer loop
vertex 56.576141357421875 2.149993896484375 88.93313598632812
vertex 59.392974853515625 2.149993896484375 94.23080444335938
vertex 60.3319091796875 2.5 95.9967041015625
endloop
endfacet
facet normal 0.0 -1.0 0.0
outer loop
vertex 57.63568115234375 2.149993896484375 88.3697509765625
vertex 60.4525146484375 2.149993896484375 93.66744995117188
vertex 59.392974853515625 2.149993896484375 94.23080444335938
endloop
endfacet
facet normal -0.8829528411750939 0.0002621309049965552 0.46946161882332604
outer loop
vertex 56.576141357421875 2.149993896484375 88.93313598632812
vertex 60.3319091796875 2.5 95.9967041015625
vertex 59.862457275390625 2.5 95.11376953125
endloop
endfacet
facet normal -0.6454410140053425 0.0 0.7638101187073626
outer loop
vertex 57.0546875 2.5 96.606689453125
vertex 58.699981689453125 8.699996948242188 97.99700927734375
vertex 57.0546875 9.5 96.606689453125
endloop
endfacet
facet normal -0.6454410140053424 0.0 0.7638101187073626
outer loop
vertex 57.0546875 2.5 96.606689453125
vertex 58.699981689453125 3.3000030517578125 97.99700927734375
vertex 58.699981689453125 8.699996948242188 97.99700927734375
endloop
endfacet
facet normal 0.17435150230557514 -0.928481857281321 0.32790699038480053
outer loop
vertex 57.0546875 2.5 96.606689453125
vertex 59.862457275390625 2.5 95.11376953125
vertex 59.979827880859375 2.600006103515625 95.33453369140625
endloop
endfacet
facet normal 0.17435725181234504 0.9284759444403399 0.32792067537144587
outer loop
vertex 57.0546875 9.5 96.606689453125
vertex 58.699981689453125 8.699996948242188 97.99700927734375
vertex 59.979827880859375 9.399993896484375 95.33453369140625
endloop
endfacet
facet normal -0.0 1.0 0.0
outer loop
vertex 55.63720703125 9.5 87.167236328125
vertex 57.0546875 9.5 96.606689453125
vertex 59.862457275390625 9.5 95.11376953125
endloop
endfacet
facet normal -0.8829466794252826 3.930653525388746e-05 0.4694732790552233
outer loop
vertex 56.576141357421875 9.850006103515625 88.93313598632812
vertex 60.3319091796875 9.5 95.9967041015625
vertex 59.392974853515625 9.850006103515625 94.23080444335938
endloop
endfacet
facet normal -0.0 1.0 0.0
outer loop
vertex 57.63568115234375 9.850006103515625 88.3697509765625
vertex 59.392974853515625 9.850006103515625 94.23080444335938
vertex 60.4525146484375 9.850006103515625 93.66744995117188
endloop
endfacet
facet normal -0.8829528411750939 -0.0002621309049965552 0.46946161882332604
outer loop
vertex 56.576141357421875 9.850006103515625 88.93313598632812
vertex 59.862457275390625 9.5 95.11376953125
vertex 60.3319091796875 9.5 95.9967041015625
endloop
endfacet
facet normal 0.17435150230557514 0.928481857281321 0.32790699038480053
outer loop
vertex 57.0546875 9.5 96.606689453125
vertex 59.979827880859375 9.399993896484375 95.33453369140625
vertex 59.862457275390625 9.5 95.11376953125
endloop
endfacet
facet normal 0.8829478008501596 2.5661865342812784e-05 -0.4694711709097118
outer loop
vertex 57.63568115234375 2.149993896484375 88.3697509765625
vertex 61.391448974609375 2.5 95.433349609375
vertex 60.4525146484375 2.149993896484375 93.66744995117188
endloop
endfacet
facet normal 0.8829528499093247 -0.0002211978163464584 -0.46946162346727294
outer loop
vertex 57.63568115234375 2.149993896484375 88.3697509765625
vertex 60.9219970703125 2.5 94.5504150390625
vertex 61.391448974609375 2.5 95.433349609375
endloop
endfacet
facet normal 0.080927605607276 -0.9850299540555323 0.1522061505459922
outer loop
vertex 59.392974853515625 2.149993896484375 94.23080444335938
vertex 60.4525146484375 2.149993896484375 93.66744995117188
vertex 60.3319091796875 2.5 95.9967041015625
endloop
endfacet
facet normal 0.8829528695069605 -6.735984662091551e-05 -0.46946163388723816
outer loop
vertex 60.9219970703125 2.5 94.5504150390625
vertex 61.03936767578125 2.600006103515625 94.77114868164062
vertex 61.391448974609375 2.5 95.433349609375
endloop
endfacet
facet normal -0.8829528689668495 -7.589973035042765e-05 0.4694616336000638
outer loop
vertex 59.862457275390625 2.5 95.11376953125
vertex 60.3319091796875 2.5 95.9967041015625
vertex 59.979827880859375 2.600006103515625 95.33453369140625
endloop
endfacet
facet normal 0.0 1.0 -0.0
outer loop
vertex 61.03936767578125 2.600006103515625 94.77114868164062
vertex 59.979827880859375 2.600006103515625 95.33453369140625
vertex 60.3319091796875 2.600006103515625 95.9967041015625
endloop
endfacet
facet normal -0.8829481199481272 0.0 0.4694705714739397
outer loop
vertex 59.979827880859375 2.600006103515625 95.33453369140625
vertex 60.3319091796875 2.5 95.9967041015625
vertex 60.3319091796875 2.600006103515625 95.9967041015625
endloop
endfacet
facet normal 0.17436578764130004 0.9284731516286142 0.32792404426186533
outer loop
vertex 58.699981689453125 8.699996948242188 97.99700927734375
vertex 61.03936767578125 9.399993896484375 94.77114868164062
vertex 59.979827880859375 9.399993896484375 95.33453369140625
endloop
endfacet
facet normal 0.080927605607276 -0.9850299540555323 0.1522061505459922
outer loop
vertex 60.4525146484375 2.149993896484375 93.66744995117188
vertex 61.391448974609375 2.5 95.433349609375
vertex 60.3319091796875 2.5 95.9967041015625
endloop
endfacet
facet normal -0.0 1.0 -0.0
outer loop
vertex 61.03936767578125 2.600006103515625 94.77114868164062
vertex 60.3319091796875 2.600006103515625 95.9967041015625
vertex 61.391448974609375 2.600006103515625 95.433349609375
endloop
endfacet
facet normal 0.4694632405567484 0.0 0.882952017816346
outer loop
vertex 60.3319091796875 2.5 95.9967041015625
vertex 61.391448974609375 2.600006103515625 95.433349609375
vertex 60.3319091796875 2.600006103515625 95.9967041015625
endloop
endfacet
facet normal 0.8829570882212019 0.0 -0.4694537041710681
outer loop
vertex 61.03936767578125 2.600006103515625 94.77114868164062
vertex 61.391448974609375 2.600006103515625 95.433349609375
vertex 61.391448974609375 2.5 95.433349609375
endloop
endfacet
facet normal 0.4694632405567484 -0.0 0.882952017816346
outer loop
vertex 60.3319091796875 2.5 95.9967041015625
vertex 61.391448974609375 2.5 95.433349609375
vertex 61.391448974609375 2.600006103515625 95.433349609375
endloop
endfacet
facet normal 0.8829478008501596 -2.5661865342812784e-05 -0.4694711709097118
outer loop
vertex 57.63568115234375 9.850006103515625 88.3697509765625
vertex 60.4525146484375 9.850006103515625 93.66744995117188
vertex 61.391448974609375 9.5 95.433349609375
endloop
endfacet
facet normal 0.8829528499093247 0.0002211978163464584 -0.46946162346727294
outer loop
vertex 57.63568115234375 9.850006103515625 88.3697509765625
vertex 61.391448974609375 9.5 95.433349609375
vertex 60.9219970703125 9.5 94.5504150390625
endloop
endfacet
facet normal 0.080927605607276 0.9850299540555323 0.1522061505459922
outer loop
vertex 59.392974853515625 9.850006103515625 94.23080444335938
vertex 60.3319091796875 9.5 95.9967041015625
vertex 60.4525146484375 9.850006103515625 93.66744995117188
endloop
endfacet
facet normal 0.8829528695069605 6.735984662091551e-05 -0.46946163388723816
outer loop
vertex 60.9219970703125 9.5 94.5504150390625
vertex 61.391448974609375 9.5 95.433349609375
vertex 61.03936767578125 9.399993896484375 94.77114868164062
endloop
endfacet
facet normal -0.8829528689668495 7.589973035042765e-05 0.4694616336000638
outer loop
vertex 59.862457275390625 9.5 95.11376953125
vertex 59.979827880859375 9.399993896484375 95.33453369140625
vertex 60.3319091796875 9.5 95.9967041015625
endloop
endfacet
facet normal -0.8829481199481272 0.0 0.4694705714739397
outer loop
vertex 59.979827880859375 9.399993896484375 95.33453369140625
vertex 60.3319091796875 9.399993896484375 95.9967041015625
vertex 60.3319091796875 9.5 95.9967041015625
endloop
endfacet
facet normal 0.080927605607276 0.9850299540555323 0.1522061505459922
outer loop
vertex 60.4525146484375 9.850006103515625 93.66744995117188
vertex 60.3319091796875 9.5 95.9967041015625
vertex 61.391448974609375 9.5 95.433349609375
endloop
endfacet
facet normal 0.0 -1.0 0.0
outer loop
vertex 59.979827880859375 9.399993896484375 95.33453369140625
vertex 61.391448974609375 9.399993896484375 95.433349609375
vertex 60.3319091796875 9.399993896484375 95.9967041015625
endloop
endfacet
facet normal -0.0 -1.0 0.0
outer loop
vertex 61.03936767578125 9.399993896484375 94.77114868164062
vertex 61.391448974609375 9.399993896484375 95.433349609375
vertex 59.979827880859375 9.399993896484375 95.33453369140625
endloop
endfacet
facet normal 0.4694632405567484 0.0 0.882952017816346
outer loop
vertex 60.3319091796875 9.399993896484375 95.9967041015625
vertex 61.391448974609375 9.399993896484375 95.433349609375
vertex 60.3319091796875 9.5 95.9967041015625
endloop
endfacet
facet normal 0.8829570882212019 0.0 -0.4694537041710681
outer loop
vertex 61.03936767578125 9.399993896484375 94.77114868164062
vertex 61.391448974609375 9.5 95.433349609375
vertex 61.391448974609375 9.399993896484375 95.433349609375
endloop
endfacet
facet normal 0.4694632405567484 -0.0 0.882952017816346
outer loop
vertex 60.3319091796875 9.5 95.9967041015625
vertex 61.391448974609375 9.399993896484375 95.433349609375
vertex 61.391448974609375 9.5 95.433349609375
endloop
endfacet
facet normal 0.0 -0.0 0.9999999999999999
outer loop
vertex 31.723907470703125 34.0 75.90911865234375
vertex 67.72390747070312 34.0 75.90911865234375
vertex 67.14324951171875 142.2258062362671 75.90911865234375
endloop
endfacet
facet normal 0.0 0.0 1.0
outer loop
vertex 65.3724365234375 3.0 73.90911865234375
vertex 65.72390747070312 3.0 73.90911865234375
vertex 65.72390747070312 34.0 73.90911865234375
endloop
endfacet
facet normal 0.0 -0.0 1.0
outer loop
vertex 65.3724365234375 3.0 73.90911865234375
vertex 65.72390747070312 34.0 73.90911865234375
vertex 65.3724365234375 12.0 73.90911865234375
endloop
endfacet
facet normal 0.46947102511728717 -0.0 0.8829478787421845
outer loop
vertex 48.828155517578125 0.0 89.65505981445312
vertex 68.25302124023438 0.0 79.32669067382812
vertex 68.25302124023438 1.2627105712890625 79.32669067382812
endloop
endfacet
facet normal 0.46946980875760747 -1.2247173704118365e-05 0.882948525405135
outer loop
vertex 52.359954833984375 2.5 87.77716064453125
vertex 68.25302124023438 1.2627105712890625 79.32669067382812
vertex 64.72122192382812 2.5 81.20458984375
endloop
endfacet
facet normal -0.080927605607276 -0.9850299540555323 -0.1522061505459922
outer loop
vertex 61.323394775390625 2.5 84.14382934570312
vertex 62.3829345703125 2.5 83.58047485351562
vertex 62.2623291015625 2.149993896484375 85.90972900390625
endloop
endfacet
facet normal -0.080927605607276 -0.9850299540555323 -0.1522061505459922
outer loop
vertex 62.3829345703125 2.5 83.58047485351562
vertex 63.321868896484375 2.149993896484375 85.34637451171875
vertex 62.2623291015625 2.149993896484375 85.90972900390625
endloop
endfacet
facet normal -0.080927605607276 0.9850299540555323 -0.1522061505459922
outer loop
vertex 61.323394775390625 9.5 84.14382934570312
vertex 62.2623291015625 9.850006103515625 85.90972900390625
vertex 62.3829345703125 9.5 83.58047485351562
endloop
endfacet
facet normal -0.080927605607276 0.9850299540555323 -0.1522061505459922
outer loop
vertex 62.3829345703125 9.5 83.58047485351562
vertex 62.2623291015625 9.850006103515625 85.90972900390625
vertex 63.321868896484375 9.850006103515625 85.34637451171875
endloop
endfacet
facet normal 0.0 1.0 0.0
outer loop
vertex 61.323394775390625 9.5 84.14382934570312
vertex 62.3829345703125 9.5 83.58047485351562
vertex 64.72122192382812 9.5 81.20458984375
endloop
endfacet
facet normal 0.4694731536734254 0.0 0.8829467469671817
outer loop
vertex 64.72122192382812 2.5 81.20458984375
vertex 68.25302124023438 1.2627105712890625 79.32669067382812
vertex 64.72122192382812 9.5 81.20458984375
endloop
endfacet
facet normal 0.0 -0.9999999999999999 0.0
outer loop
vertex 62.3829345703125 2.5 83.58047485351562
vertex 64.72122192382812 2.5 81.20458984375
vertex 69.41595458984375 2.5 90.03408813476562
endloop
endfacet
facet normal -0.0 0.9999999999999999 0.0
outer loop
vertex 62.3829345703125 9.5 83.58047485351562
vertex 69.41595458984375 9.5 90.03408813476562
vertex 64.72122192382812 9.5 81.20458984375
endloop
endfacet
facet normal 0.8829468783507878 0.0 -0.4694729065777911
outer loop
vertex 65.3724365234375 3.0 73.90911865234375
vertex 65.3724365234375 12.0 73.90911865234375
vertex 68.25302124023438 1.2627105712890625 79.32669067382812
endloop
endfacet
facet normal 0.8829468783507878 0.0 -0.46947290657779106
outer loop
vertex 65.3724365234375 3.0 73.90911865234375
vertex 68.25302124023438 1.2627105712890625 79.32669067382812
vertex 68.25302124023438 0.0 79.32669067382812
endloop
endfacet
facet normal 0.8829468783507877 0.0 -0.46947290657779106
outer loop
vertex 65.3724365234375 12.0 73.90911865234375
vertex 68.25302124023438 12.0 79.32669067382812
vertex 68.25302124023438 1.2627105712890625 79.32669067382812
endloop
endfacet
facet normal 0.4694731536734254 -0.0 0.8829467469671817
outer loop
vertex 64.72122192382812 9.5 81.20458984375
vertex 68.25302124023438 1.2627105712890625 79.32669067382812
vertex 68.25302124023438 12.0 79.32669067382812
endloop
endfacet
facet normal 0.8829473794716352 0.0 -0.4694719641087978
outer loop
vertex 64.72122192382812 2.5 81.20458984375
vertex 64.72122192382812 9.5 81.20458984375
vertex 69.41595458984375 9.5 90.03408813476562
endloop
endfacet
facet normal -0.8829495803665982 4.005791026779073e-06 0.46946782479143545
outer loop
vertex 61.323394775390625 2.5 84.14382934570312
vertex 62.2623291015625 2.149993896484375 85.90972900390625
vertex 65.54861450195312 2.5 92.09039306640625
endloop
endfacet
facet normal -0.0 -1.0 0.0
outer loop
vertex 63.321868896484375 2.149993896484375 85.34637451171875
vertex 65.07916259765625 2.149993896484375 91.20742797851562
vertex 62.2623291015625 2.149993896484375 85.90972900390625
endloop
endfacet
facet normal -0.8829495803665982 -4.005791026779073e-06 0.46946782479143545
outer loop
vertex 61.323394775390625 9.5 84.14382934570312
vertex 65.54861450195312 9.5 92.09039306640625
vertex 62.2623291015625 9.850006103515625 85.90972900390625
endloop
endfacet
facet normal 0.0 1.0 -0.0
outer loop
vertex 63.321868896484375 9.850006103515625 85.34637451171875
vertex 62.2623291015625 9.850006103515625 85.90972900390625
vertex 65.07916259765625 9.850006103515625 91.20742797851562
endloop
endfacet
facet normal -0.0 0.9999999999999999 -0.0
outer loop
vertex 61.323394775390625 9.5 84.14382934570312
vertex 60.9219970703125 9.5 94.5504150390625
vertex 65.54861450195312 9.5 92.09039306640625
endloop
endfacet
facet normal 0.8829474270618106 -3.021007503142015e-05 -0.4694718736327877
outer loop
vertex 62.3829345703125 2.5 83.58047485351562
vertex 66.60818481445312 2.5 91.52700805664062
vertex 63.321868896484375 2.149993896484375 85.34637451171875
endloop
endfacet
facet normal 0.0 -1.0 0.0
outer loop
vertex 63.321868896484375 2.149993896484375 85.34637451171875
vertex 66.13870239257812 2.149993896484375 90.64404296875
vertex 65.07916259765625 2.149993896484375 91.20742797851562
endloop
endfacet
facet normal -0.8829478008501596 -2.5661865342812784e-05 0.4694711709097118
outer loop
vertex 62.2623291015625 2.149993896484375 85.90972900390625
vertex 65.07916259765625 2.149993896484375 91.20742797851562
vertex 66.01809692382812 2.5 92.97332763671875
endloop
endfacet
facet normal -0.8829401524168273 -0.00039469544140119264 0.4694853900449492
outer loop
vertex 62.2623291015625 2.149993896484375 85.90972900390625
vertex 66.01809692382812 2.5 92.97332763671875
vertex 65.54861450195312 2.5 92.09039306640625
endloop
endfacet
facet normal 0.8829466794252826 3.930653525388746e-05 -0.4694732790552233
outer loop
vertex 63.321868896484375 2.149993896484375 85.34637451171875
vertex 67.07763671875 2.5 92.40994262695312
vertex 66.13870239257812 2.149993896484375 90.64404296875
endloop
endfacet
facet normal 0.8829528411750939 -0.0002621309049965552 -0.46946161882332604
outer loop
vertex 63.321868896484375 2.149993896484375 85.34637451171875
vertex 66.60818481445312 2.5 91.52700805664062
vertex 67.07763671875 2.5 92.40994262695312
endloop
endfacet
facet normal 0.08093102329936337 -0.9850299540511047 0.15220433334762998
outer loop
vertex 65.07916259765625 2.149993896484375 91.20742797851562
vertex 66.13870239257812 2.149993896484375 90.64404296875
vertex 66.01809692382812 2.5 92.97332763671875
endloop
endfacet
facet normal 0.8829474270618106 3.021007503142015e-05 -0.4694718736327877
outer loop
vertex 62.3829345703125 9.5 83.58047485351562
vertex 63.321868896484375 9.850006103515625 85.34637451171875
vertex 66.60818481445312 9.5 91.52700805664062
endloop
endfacet
facet normal -0.0 1.0 0.0
outer loop
vertex 63.321868896484375 9.850006103515625 85.34637451171875
vertex 65.07916259765625 9.850006103515625 91.20742797851562
vertex 66.13870239257812 9.850006103515625 90.64404296875
endloop
endfacet
facet normal -0.8829478008501596 2.5661865342812784e-05 0.4694711709097118
outer loop
vertex 62.2623291015625 9.850006103515625 85.90972900390625
vertex 66.01809692382812 9.5 92.97332763671875
vertex 65.07916259765625 9.850006103515625 91.20742797851562
endloop
endfacet
facet normal -0.8829401524168273 0.00039469544140119264 0.4694853900449492
outer loop
vertex 62.2623291015625 9.850006103515625 85.90972900390625
vertex 65.54861450195312 9.5 92.09039306640625
vertex 66.01809692382812 9.5 92.97332763671875
endloop
endfacet
facet normal 0.8829466794252826 -3.930653525388746e-05 -0.4694732790552233
outer loop
vertex 63.321868896484375 9.850006103515625 85.34637451171875
vertex 66.13870239257812 9.850006103515625 90.64404296875
vertex 67.07763671875 9.5 92.40994262695312
endloop
endfacet
facet normal 0.8829528411750939 0.0002621309049965552 -0.46946161882332604
outer loop
vertex 63.321868896484375 9.850006103515625 85.34637451171875
vertex 67.07763671875 9.5 92.40994262695312
vertex 66.60818481445312 9.5 91.52700805664062
endloop
endfacet
facet normal 0.08093102329936337 0.9850299540511047 0.15220433334762998
outer loop
vertex 65.07916259765625 9.850006103515625 91.20742797851562
vertex 66.01809692382812 9.5 92.97332763671875
vertex 66.13870239257812 9.850006103515625 90.64404296875
endloop
endfacet
facet normal 0.17436692371858667 -0.9284680544970347 0.32793787169433136
outer loop
vertex 60.9219970703125 2.5 94.5504150390625
vertex 65.666015625 2.600006103515625 92.31112670898438
vertex 61.03936767578125 2.600006103515625 94.77114868164062
endloop
endfacet
facet normal 0.17436158967040077 -0.9284714831635517 0.32793100036392614
outer loop
vertex 57.0546875 2.5 96.606689453125
vertex 59.979827880859375 2.600006103515625 95.33453369140625
vertex 69.64852905273438 3.3000030517578125 92.17556762695312
endloop
endfacet
facet normal 0.17435158936490178 -0.9284852483360069 0.3278973420269772
outer loop
vertex 61.03936767578125 2.600006103515625 94.77114868164062
vertex 69.64852905273438 3.3000030517578125 92.17556762695312
vertex 59.979827880859375 2.600006103515625 95.33453369140625
endloop
endfacet
facet normal 0.17434806505934466 0.9284819779840437 0.3279084762077675
outer loop
vertex 58.699981689453125 8.699996948242188 97.99700927734375
vertex 66.72555541992188 9.399993896484375 91.74777221679688
vertex 65.666015625 9.399993896484375 92.31112670898438
endloop
endfacet
facet normal 0.1743579756682993 -0.928476082905738 0.3279198984399545
outer loop
vertex 57.0546875 2.5 96.606689453125
vertex 69.64852905273438 3.3000030517578125 92.17556762695312
vertex 58.699981689453125 3.3000030517578125 97.99700927734375
endloop
endfacet
facet normal 0.17435639752643556 0.9284770233623416 0.32791807472264967
outer loop
vertex 58.699981689453125 8.699996948242188 97.99700927734375
vertex 65.666015625 9.399993896484375 92.31112670898438
vertex 61.03936767578125 9.399993896484375 94.77114868164062
endloop
endfacet
facet normal 0.4694712958583191 0.0 0.8829477347867826
outer loop
vertex 58.699981689453125 3.3000030517578125 97.99700927734375
vertex 69.64852905273438 3.3000030517578125 92.17556762695312
vertex 58.699981689453125 8.699996948242188 97.99700927734375
endloop
endfacet
facet normal 0.17436782035648962 0.9284680545026672 0.3279373949279941
outer loop
vertex 60.9219970703125 9.5 94.5504150390625
vertex 61.03936767578125 9.399993896484375 94.77114868164062
vertex 65.54861450195312 9.5 92.09039306640625
endloop
endfacet
facet normal 0.17435920638433935 -0.9284753940656371 0.3279211944411087
outer loop
vertex 60.9219970703125 2.5 94.5504150390625
vertex 65.54861450195312 2.5 92.09039306640625
vertex 65.666015625 2.600006103515625 92.31112670898438
endloop
endfacet
facet normal -0.8829401891422838 0.00026943551697964106 0.46948540957296053
outer loop
vertex 65.54861450195312 2.5 92.09039306640625
vertex 66.01809692382812 2.5 92.97332763671875
vertex 65.666015625 2.600006103515625 92.31112670898438
endloop
endfacet
facet normal 0.17435793816694006 -0.9284757106954283 0.3279209722582448
outer loop
vertex 61.03936767578125 2.600006103515625 94.77114868164062
vertex 65.666015625 2.600006103515625 92.31112670898438
vertex 69.64852905273438 3.3000030517578125 92.17556762695312
endloop
endfacet
facet normal -0.8829570882212019 0.0 0.4694537041710681
outer loop
vertex 65.666015625 2.600006103515625 92.31112670898438
vertex 66.01809692382812 2.5 92.97332763671875
vertex 66.01809692382812 2.600006103515625 92.97332763671875
endloop
endfacet
facet normal 0.17436963021463484 0.928468673198645 0.32793468091612266
outer loop
vertex 58.699981689453125 8.699996948242188 97.99700927734375
vertex 69.41595458984375 9.5 90.03408813476562
vertex 66.72555541992188 9.399993896484375 91.74777221679688
endloop
endfacet
facet normal 0.17435772265559737 0.928476298479037 0.3279194225919228
outer loop
vertex 58.699981689453125 8.699996948242188 97.99700927734375
vertex 69.64852905273438 8.699996948242188 92.17556762695312
vertex 69.41595458984375 9.5 90.03408813476562
endloop
endfacet
facet normal 0.17435830983502418 0.9284753940222664 0.32792167126719607
outer loop
vertex 61.03936767578125 9.399993896484375 94.77114868164062
vertex 65.666015625 9.399993896484375 92.31112670898438
vertex 65.54861450195312 9.5 92.09039306640625
endloop
endfacet
facet normal -0.8829401891422838 -0.00026943551697964106 0.46948540957296053
outer loop
vertex 65.54861450195312 9.5 92.09039306640625
vertex 65.666015625 9.399993896484375 92.31112670898438
vertex 66.01809692382812 9.5 92.97332763671875
endloop
endfacet
facet normal -0.8829570882212019 0.0 0.4694537041710681
outer loop
vertex 65.666015625 9.399993896484375 92.31112670898438
vertex 66.01809692382812 9.399993896484375 92.97332763671875
vertex 66.01809692382812 9.5 92.97332763671875
endloop
endfacet
facet normal 0.0 -1.0 0.0
outer loop
vertex 62.3829345703125 2.5 83.58047485351562
vertex 69.41595458984375 2.5 90.03408813476562
vertex 66.60818481445312 2.5 91.52700805664062
endloop
endfacet
facet normal 0.8829473794716352 0.0 -0.4694719641087978
outer loop
vertex 64.72122192382812 2.5 81.20458984375
vertex 69.41595458984375 9.5 90.03408813476562
vertex 69.41595458984375 2.5 90.03408813476562
endloop
endfacet
facet normal 0.17435150230557514 -0.928481857281321 0.32790699038480053
outer loop
vertex 66.60818481445312 2.5 91.52700805664062
vertex 69.41595458984375 2.5 90.03408813476562
vertex 66.72555541992188 2.600006103515625 91.74777221679688
endloop
endfacet
facet normal -0.0 1.0 0.0
outer loop
vertex 62.3829345703125 9.5 83.58047485351562
vertex 66.60818481445312 9.5 91.52700805664062
vertex 69.41595458984375 9.5 90.03408813476562
endloop
endfacet
facet normal 0.17435150230557514 0.928481857281321 0.32790699038480053
outer loop
vertex 66.60818481445312 9.5 91.52700805664062
vertex 66.72555541992188 9.399993896484375 91.74777221679688
vertex 69.41595458984375 9.5 90.03408813476562
endloop
endfacet
facet normal 0.17435946141698191 -0.9284760689362581 0.3279191480030599
outer loop
vertex 66.72555541992188 2.600006103515625 91.74777221679688
vertex 69.41595458984375 2.5 90.03408813476562
vertex 69.64852905273438 3.3000030517578125 92.17556762695312
endloop
endfacet
facet normal 0.9941541863023332 0.0 -0.1079696895315807
outer loop
vertex 69.41595458984375 2.5 90.03408813476562
vertex 69.41595458984375 9.5 90.03408813476562
vertex 69.64852905273438 3.3000030517578125 92.17556762695312
endloop
endfacet
facet normal 0.9941541863023332 0.0 -0.1079696895315807
outer loop
vertex 69.41595458984375 9.5 90.03408813476562
vertex 69.64852905273438 8.699996948242188 92.17556762695312
vertex 69.64852905273438 3.3000030517578125 92.17556762695312
endloop
endfacet
facet normal -0.0 1.0 0.0
outer loop
vertex 65.666015625 2.600006103515625 92.31112670898438
vertex 66.01809692382812 2.600006103515625 92.97332763671875
vertex 66.72555541992188 2.600006103515625 91.74777221679688
endloop
endfacet
facet normal 0.08093102329936337 -0.9850299540511047 0.15220433334762998
outer loop
vertex 66.13870239257812 2.149993896484375 90.64404296875
vertex 67.07763671875 2.5 92.40994262695312
vertex 66.01809692382812 2.5 92.97332763671875
endloop
endfacet
facet normal 0.46948306661257094 0.0 0.8829414760696522
outer loop
vertex 66.01809692382812 2.5 92.97332763671875
vertex 67.07763671875 2.600006103515625 92.40994262695312
vertex 66.01809692382812 2.600006103515625 92.97332763671875
endloop
endfacet
facet normal -0.0 1.0 -0.0
outer loop
vertex 66.72555541992188 2.600006103515625 91.74777221679688
vertex 66.01809692382812 2.600006103515625 92.97332763671875
vertex 67.07763671875 2.600006103515625 92.40994262695312
endloop
endfacet
facet normal 0.46948306661257094 -0.0 0.8829414760696522
outer loop
vertex 66.01809692382812 2.5 92.97332763671875
vertex 67.07763671875 2.5 92.40994262695312
vertex 67.07763671875 2.600006103515625 92.40994262695312
endloop
endfacet
facet normal 0.8829528689668495 7.589973035042765e-05 -0.4694616336000638
outer loop
vertex 66.60818481445312 2.5 91.52700805664062
vertex 66.72555541992188 2.600006103515625 91.74777221679688
vertex 67.07763671875 2.5 92.40994262695312
endloop
endfacet
facet normal 0.8829481199481272 0.0 -0.4694705714739397
outer loop
vertex 66.72555541992188 2.600006103515625 91.74777221679688
vertex 67.07763671875 2.600006103515625 92.40994262695312
vertex 67.07763671875 2.5 92.40994262695312
endloop
endfacet
facet normal 0.4694712958583191 -0.0 0.8829477347867826
outer loop
vertex 58.699981689453125 8.699996948242188 97.99700927734375
vertex 69.64852905273438 3.3000030517578125 92.17556762695312
vertex 69.64852905273438 8.699996948242188 92.17556762695312
endloop
endfacet
facet normal 0.17435778132830224 -0.9284736994386509 0.32792675026746076
outer loop
vertex 65.666015625 2.600006103515625 92.31112670898438
vertex 66.72555541992188 2.600006103515625 91.74777221679688
vertex 69.64852905273438 3.3000030517578125 92.17556762695312
endloop
endfacet
facet normal 0.08093102329936337 0.9850299540511047 0.15220433334762998
outer loop
vertex 66.13870239257812 9.850006103515625 90.64404296875
vertex 66.01809692382812 9.5 92.97332763671875
vertex 67.07763671875 9.5 92.40994262695312
endloop
endfacet
facet normal 0.0 -1.0 0.0
outer loop
vertex 65.666015625 9.399993896484375 92.31112670898438
vertex 66.72555541992188 9.399993896484375 91.74777221679688
vertex 67.07763671875 9.399993896484375 92.40994262695312
endloop
endfacet
facet normal 0.0 -1.0 0.0
outer loop
vertex 65.666015625 9.399993896484375 92.31112670898438
vertex 67.07763671875 9.399993896484375 92.40994262695312
vertex 66.01809692382812 9.399993896484375 92.97332763671875
endloop
endfacet
facet normal 0.46948306661257094 0.0 0.8829414760696522
outer loop
vertex 66.01809692382812 9.399993896484375 92.97332763671875
vertex 67.07763671875 9.399993896484375 92.40994262695312
vertex 66.01809692382812 9.5 92.97332763671875
endloop
endfacet
facet normal 0.46948306661257094 -0.0 0.8829414760696522
outer loop
vertex 66.01809692382812 9.5 92.97332763671875
vertex 67.07763671875 9.399993896484375 92.40994262695312
vertex 67.07763671875 9.5 92.40994262695312
endloop
endfacet
facet normal 0.8829528689668495 -7.589973035042765e-05 -0.4694616336000638
outer loop
vertex 66.60818481445312 9.5 91.52700805664062
vertex 67.07763671875 9.5 92.40994262695312
vertex 66.72555541992188 9.399993896484375 91.74777221679688
endloop
endfacet
facet normal 0.8829481199481272 0.0 -0.4694705714739397
outer loop
vertex 66.72555541992188 9.399993896484375 91.74777221679688
vertex 67.07763671875 9.5 92.40994262695312
vertex 67.07763671875 9.399993896484375 92.40994262695312
endloop
endfacet
facet normal 0.8830116034162787 -0.0006907898777614498 -0.4693506482807466
outer loop
vertex 53.750946044921875 142.0 43.629791259765625
vertex 58.347259521484375 143.95921182632446 52.274169921875
vertex 58.46429443359375 144.0 52.494293212890625
endloop
endfacet
facet normal 0.35110293867353515 -0.9362439463215587 -0.013190884391967318
outer loop
vertex 58.347259521484375 143.95921182632446 52.274169921875
vertex 58.45465087890625 144.0 52.23760986328125
vertex 58.46429443359375 144.0 52.494293212890625
endloop
endfacet
facet normal -0.32227405618131666 -0.0 -0.9466464137746688
outer loop
vertex 58.347259521484375 143.95921182632446 52.274169921875
vertex 58.45465087890625 154.0 52.23760986328125
vertex 58.45465087890625 144.0 52.23760986328125
endloop
endfacet
facet normal 0.9992949994628472 0.0 -0.03754336224352155
outer loop
vertex 58.45465087890625 144.0 52.23760986328125
vertex 58.46429443359375 154.0 52.494293212890625
vertex 58.46429443359375 144.0 52.494293212890625
endloop
endfacet
facet normal -0.0 -1.0 0.0
outer loop
vertex 53.750946044921875 142.0 43.629791259765625
vertex 67.48153686523438 142.0 69.4532470703125
vertex 53.18865966796875 142.0 54.030914306640625
endloop
endfacet
facet normal -0.0 -1.0 0.0
outer loop
vertex 53.18865966796875 142.0 54.030914306640625
vertex 67.48153686523438 142.0 69.4532470703125
vertex 53.32330322265625 142.0 57.61749267578125
endloop
endfacet
facet normal 0.8829473688129212 -1.6188113035900358e-06 -0.46947198415210983
outer loop
vertex 53.750946044921875 142.0 43.629791259765625
vertex 58.46429443359375 144.0 52.494293212890625
vertex 67.48153686523438 142.0 69.4532470703125
endloop
endfacet
facet normal 0.8829474479496295 0.0 -0.4694718353205401
outer loop
vertex 58.46429443359375 144.0 52.494293212890625
vertex 58.46429443359375 154.0 52.494293212890625
vertex 67.48153686523438 142.0 69.4532470703125
endloop
endfacet
facet normal 0.0 -1.0 0.0
outer loop
vertex 43.06060791015625 142.0 68.37725830078125
vertex 53.727264404296875 142.0 68.37725830078125
vertex 67.48153686523438 142.0 69.4532470703125
endloop
endfacet
facet normal -0.0 -1.0 0.0
outer loop
vertex 53.32330322265625 142.0 57.61749267578125
vertex 67.48153686523438 142.0 69.4532470703125
vertex 53.727264404296875 142.0 68.37725830078125
endloop
endfacet
facet normal 0.9992969469023725 1.4810529232474917e-06 -0.03749149116004194
outer loop
vertex 67.72390747070312 34.0 75.90911865234375
vertex 67.48153686523438 142.0 69.4532470703125
vertex 67.48544311523438 142.2258062362671 69.557373046875
endloop
endfacet
facet normal 0.8829474479496294 0.0 -0.4694718353205401
outer loop
vertex 67.48153686523438 142.0 69.4532470703125
vertex 58.46429443359375 154.0 52.494293212890625
vertex 67.48153686523438 144.0 69.4532470703125
endloop
endfacet
facet normal 0.9992970672285522 0.0 -0.0374882838819621
outer loop
vertex 67.48153686523438 142.0 69.4532470703125
vertex 67.48153686523438 144.0 69.4532470703125
vertex 67.48544311523438 142.2258062362671 69.557373046875
endloop
endfacet
facet normal 0.9992961215457893 -1.481040357712344e-06 -0.03751348372718633
outer loop
vertex 67.48544311523438 142.2258062362671 69.557373046875
vertex 67.48153686523438 144.0 69.4532470703125
vertex 67.72390747070312 156.0 75.90911865234375
endloop
endfacet
facet normal 0.0 -1.0 0.0
outer loop
vertex 48.663360595703125 144.0 75.90911865234375
vertex 62.5810546875 144.0 75.90911865234375
vertex 54.39764404296875 144.0 86.6937255859375
endloop
endfacet
facet normal 0.4694714004085824 -0.0 0.8829476791964542
outer loop
vertex 57.48797607421875 146.5 85.05056762695312
vertex 57.48797607421875 151.5 85.05056762695312
vertex 54.39764404296875 144.0 86.6937255859375
endloop
endfacet
facet normal -0.0 -0.0 1.0
outer loop
vertex 48.663360595703125 144.0 75.90911865234375
vertex 67.14324951171875 142.2258062362671 75.90911865234375
vertex 62.5810546875 144.0 75.90911865234375
endloop
endfacet
facet normal 0.0 -1.0 0.0
outer loop
vertex 54.39764404296875 144.0 86.6937255859375
vertex 62.5810546875 144.0 75.90911865234375
vertex 66.78448486328125 144.0 75.90911865234375
endloop
endfacet
facet normal 0.0 -1.0 0.0
outer loop
vertex 57.48797607421875 146.5 85.05056762695312
vertex 60.632781982421875 146.5 84.51104736328125
vertex 59.5732421875 146.5 85.07440185546875
endloop
endfacet
facet normal 0.4694709703869229 6.818445291982378e-07 0.8829479078425273
outer loop
vertex 57.48797607421875 146.5 85.05056762695312
vertex 54.39764404296875 144.0 86.6937255859375
vertex 68.52481079101562 144.0 79.18218994140625
endloop
endfacet
facet normal 0.0 -1.0 0.0
outer loop
vertex 57.48797607421875 146.5 85.05056762695312
vertex 63.2286376953125 146.5 83.13079833984375
vertex 60.632781982421875 146.5 84.51104736328125
endloop
endfacet
facet normal -0.08092621490638092 -0.9850304724662334 -0.15220353495853953
outer loop
vertex 59.5732421875 146.5 85.07440185546875
vertex 60.632781982421875 146.5 84.51104736328125
vertex 60.512176513671875 146.15000009536743 86.84030151367188
endloop
endfacet
facet normal -0.8829486444784527 0.0 0.4694695849718733
outer loop
vertex 57.48797607421875 146.5 85.05056762695312
vertex 62.18267822265625 146.5 93.88006591796875
vertex 57.48797607421875 151.5 85.05056762695312
endloop
endfacet
facet normal 0.0 -1.0 0.0
outer loop
vertex 57.48797607421875 146.5 85.05056762695312
vertex 59.5732421875 146.5 85.07440185546875
vertex 63.7984619140625 146.5 93.02093505859375
endloop
endfacet
facet normal -0.08092621490638092 -0.9850304724662334 -0.15220353495853953
outer loop
vertex 60.632781982421875 146.5 84.51104736328125
vertex 61.57171630859375 146.15000009536743 86.27694702148438
vertex 60.512176513671875 146.15000009536743 86.84030151367188
endloop
endfacet
facet normal -0.882948832954472 1.3102392110909229e-05 0.4694692303151117
outer loop
vertex 59.5732421875 146.5 85.07440185546875
vertex 60.512176513671875 146.15000009536743 86.84030151367188
vertex 63.7984619140625 146.5 93.02093505859375
endloop
endfacet
facet normal 0.0 -1.0 0.0
outer loop
vertex 57.48797607421875 146.5 85.05056762695312
vertex 63.7984619140625 146.5 93.02093505859375
vertex 62.18267822265625 146.5 93.88006591796875
endloop
endfacet
facet normal 0.999296001143112 0.0 -0.03751669094397012
outer loop
vertex 67.72390747070312 34.0 75.90911865234375
vertex 67.48544311523438 142.2258062362671 69.557373046875
vertex 67.72390747070312 144.0 75.90911865234375
endloop
endfacet
facet normal 0.0 -0.0 1.0
outer loop
vertex 67.72390747070312 34.0 75.90911865234375
vertex 67.72390747070312 144.0 75.90911865234375
vertex 67.14324951171875 142.2258062362671 75.90911865234375
endloop
endfacet
facet normal -0.0 -0.0 1.0
outer loop
vertex 62.5810546875 144.0 75.90911865234375
vertex 67.14324951171875 142.2258062362671 75.90911865234375
vertex 66.78448486328125 144.0 75.90911865234375
endloop
endfacet
facet normal 0.0 -1.0 0.0
outer loop
vertex 54.39764404296875 144.0 86.6937255859375
vertex 66.78448486328125 144.0 75.90911865234375
vertex 68.52481079101562 144.0 79.18218994140625
endloop
endfacet
facet normal 0.0 -1.0 0.0
outer loop
vertex 57.48797607421875 146.5 85.05056762695312
vertex 64.28817749023438 146.5 82.56744384765625
vertex 63.2286376953125 146.5 83.13079833984375
endloop
endfacet
facet normal 0.0 -1.0 0.0
outer loop
vertex 57.48797607421875 146.5 85.05056762695312
vertex 65.43447875976562 146.5 80.82534790039062
vertex 64.28817749023438 146.5 82.56744384765625
endloop
endfacet
facet normal 0.469470635922498 -1.2121726602900636e-06 0.8829480856794786
outer loop
vertex 57.48797607421875 146.5 85.05056762695312
vertex 68.52481079101562 144.0 79.18218994140625
vertex 65.43447875976562 146.5 80.82534790039062
endloop
endfacet
facet normal -0.08092621490638092 -0.9850304724662334 -0.15220353495853953
outer loop
vertex 63.2286376953125 146.5 83.13079833984375
vertex 64.28817749023438 146.5 82.56744384765625
vertex 64.16757202148438 146.15000009536743 84.89669799804688
endloop
endfacet
facet normal -0.08093069048821397 -0.985030078108505 -0.15220370744056666
outer loop
vertex 64.28817749023438 146.5 82.56744384765625
vertex 65.22711181640625 146.15000009536743 84.33331298828125
vertex 64.16757202148438 146.15000009536743 84.89669799804688
endloop
endfacet
facet normal -0.0 0.0 1.0
outer loop
vertex 66.78448486328125 144.0 75.90911865234375
vertex 67.14324951171875 142.2258062362671 75.90911865234375
vertex 67.72390747070312 144.0 75.90911865234375
endloop
endfacet
facet normal 0.999296001143112 0.0 -0.03751669094397012
outer loop
vertex 67.48544311523438 142.2258062362671 69.557373046875
vertex 67.72390747070312 156.0 75.90911865234375
vertex 67.72390747070312 144.0 75.90911865234375
endloop
endfacet
facet normal 0.0 0.0 1.0
outer loop
vertex 66.78448486328125 144.0 75.90911865234375
vertex 67.72390747070312 144.0 75.90911865234375
vertex 67.72390747070312 156.0 75.90911865234375
endloop
endfacet
facet normal 0.882947251487023 0.0 -0.469472204812502
outer loop
vertex 66.78448486328125 144.0 75.90911865234375
vertex 66.78448486328125 154.0 75.90911865234375
vertex 68.52481079101562 144.0 79.18218994140625
endloop
endfacet
facet normal 0.4694714004085824 -0.0 0.8829476791964542
outer loop
vertex 65.43447875976562 146.5 80.82534790039062
vertex 68.52481079101562 144.0 79.18218994140625
vertex 68.52481079101562 154.0 79.18218994140625
endloop
endfacet
facet normal 0.0 -1.0 0.0
outer loop
vertex 64.28817749023438 146.5 82.56744384765625
vertex 65.43447875976562 146.5 80.82534790039062
vertex 70.12921142578125 146.5 89.65481567382812
endloop
endfacet
facet normal 0.0 -1.0 0.0
outer loop
vertex 60.512176513671875 146.15000009536743 86.84030151367188
vertex 61.57171630859375 146.15000009536743 86.27694702148438
vertex 63.329010009765625 146.15000009536743 92.13800048828125
endloop
endfacet
facet normal 0.8829480854625714 -2.219897671392814e-05 -0.46947063580716664
outer loop
vertex 60.632781982421875 146.5 84.51104736328125
vertex 64.85800170898438 146.5 92.45755004882812
vertex 61.57171630859375 146.15000009536743 86.27694702148438
endloop
endfacet
facet normal 0.0 -1.0 0.0
outer loop
vertex 61.57171630859375 146.15000009536743 86.27694702148438
vertex 64.3885498046875 146.15000009536743 91.57461547851562
vertex 63.329010009765625 146.15000009536743 92.13800048828125
endloop
endfacet
facet normal -0.8829478008501492 -2.5662319842657113e-05 0.46947117090970636
outer loop
vertex 60.512176513671875 146.15000009536743 86.84030151367188
vertex 63.329010009765625 146.15000009536743 92.13800048828125
vertex 64.2679443359375 146.5 93.90390014648438
endloop
endfacet
facet normal -0.8829469455470772 -6.722150051941614e-05 0.46947277538783516
outer loop
vertex 60.512176513671875 146.15000009536743 86.84030151367188
vertex 64.2679443359375 146.5 93.90390014648438
vertex 63.7984619140625 146.5 93.02093505859375
endloop
endfacet
facet normal 0.8829466794252585 3.9307231415834366e-05 -0.46947327905521047
outer loop
vertex 61.57171630859375 146.15000009536743 86.27694702148438
vertex 65.32748413085938 146.5 93.34051513671875
vertex 64.3885498046875 146.15000009536743 91.57461547851562
endloop
endfacet
facet normal 0.0 -1.0 0.0
outer loop
vertex 60.632781982421875 146.5 84.51104736328125
vertex 63.2286376953125 146.5 83.13079833984375
vertex 67.45388793945312 146.5 91.07730102539062
endloop
endfacet
facet normal -0.8829466794252584 3.930723141583436e-05 0.4694732790552104
outer loop
vertex 63.2286376953125 146.5 83.13079833984375
vertex 64.16757202148438 146.15000009536743 84.89669799804688
vertex 67.45388793945312 146.5 91.07730102539062
endloop
endfacet
facet normal 0.0 -1.0 0.0
outer loop
vertex 64.16757202148438 146.15000009536743 84.89669799804688
vertex 65.22711181640625 146.15000009536743 84.33331298828125
vertex 66.98440551757812 146.15000009536743 90.19436645507812
endloop
endfacet
facet normal 0.0 -1.0 0.0
outer loop
vertex 60.632781982421875 146.5 84.51104736328125
vertex 67.45388793945312 146.5 91.07730102539062
vertex 64.85800170898438 146.5 92.45755004882812
endloop
endfacet
facet normal 0.8829469472369222 2.628671198599837e-05 -0.4694727762863447
outer loop
vertex 61.57171630859375 146.15000009536743 86.27694702148438
vertex 64.85800170898438 146.5 92.45755004882812
vertex 65.32748413085938 146.5 93.34051513671875
endloop
endfacet
facet normal 0.17435872275243255 -0.9284759933703981 0.3279197547190357
outer loop
vertex 62.18267822265625 146.5 93.88006591796875
vertex 63.7984619140625 146.5 93.02093505859375
vertex 63.91583251953125 146.59999990463257 93.24166870117188
endloop
endfacet
facet normal -0.6454340295772067 0.0 0.7638160206906697
outer loop
vertex 62.18267822265625 146.5 93.88006591796875
vertex 63.8280029296875 147.29999995231628 95.2703857421875
vertex 63.8280029296875 150.70000004768372 95.2703857421875
endloop
endfacet
facet normal 0.08092963253973695 -0.9850304724618061 0.15220171779140498
outer loop
vertex 64.3885498046875 146.15000009536743 91.57461547851562
vertex 64.2679443359375 146.5 93.90390014648438
vertex 63.329010009765625 146.15000009536743 92.13800048828125
endloop
endfacet
facet normal -0.8829469469755986 3.581796446776976e-05 0.46947277614739596
outer loop
vertex 63.7984619140625 146.5 93.02093505859375
vertex 64.2679443359375 146.5 93.90390014648438
vertex 63.91583251953125 146.59999990463257 93.24166870117188
endloop
endfacet
facet normal -0.0 1.0 0.0
outer loop
vertex 63.91583251953125 146.59999990463257 93.24166870117188
vertex 64.2679443359375 146.59999990463257 93.90390014648438
vertex 64.97537231445312 146.59999990463257 92.67831420898438
endloop
endfacet
facet normal 0.08092963253973695 -0.9850304724618061 0.15220171779140498
outer loop
vertex 64.3885498046875 146.15000009536743 91.57461547851562
vertex 65.32748413085938 146.5 93.34051513671875
vertex 64.2679443359375 146.5 93.90390014648438
endloop
endfacet
facet normal 0.0 0.9999999999999999 0.0
outer loop
vertex 64.2679443359375 146.59999990463257 93.90390014648438
vertex 65.32748413085938 146.59999990463257 93.34051513671875
vertex 64.97537231445312 146.59999990463257 92.67831420898438
endloop
endfacet
facet normal -0.8829491895381352 0.0 0.46946855985672825
outer loop
vertex 63.91583251953125 146.59999990463257 93.24166870117188
vertex 64.2679443359375 146.5 93.90390014648438
vertex 64.2679443359375 146.59999990463257 93.90390014648438
endloop
endfacet
facet normal 0.4694830666125709 0.0 0.8829414760696521
outer loop
vertex 64.2679443359375 146.5 93.90390014648438
vertex 65.32748413085938 146.59999990463257 93.34051513671875
vertex 64.2679443359375 146.59999990463257 93.90390014648438
endloop
endfacet
facet normal 0.8829469424445742 0.00010745389285188747 -0.4694727737381996
outer loop
vertex 64.85800170898438 146.5 92.45755004882812
vertex 64.97537231445312 146.59999990463257 92.67831420898438
vertex 65.32748413085938 146.5 93.34051513671875
endloop
endfacet
facet normal 0.8829402211910267 0.0 -0.4694854266142249
outer loop
vertex 64.97537231445312 146.59999990463257 92.67831420898438
vertex 65.32748413085938 146.59999990463257 93.34051513671875
vertex 65.32748413085938 146.5 93.34051513671875
endloop
endfacet
facet normal 0.17434418141916833 -0.9284897947554432 0.32788840699279875
outer loop
vertex 64.85800170898438 146.5 92.45755004882812
vertex 67.57125854492188 146.59999990463257 91.29803466796875
vertex 64.97537231445312 146.59999990463257 92.67831420898438
endloop
endfacet
facet normal 0.17435428511380577 -0.9284813795345158 0.327906863484338
outer loop
vertex 62.18267822265625 146.5 93.88006591796875
vertex 63.91583251953125 146.59999990463257 93.24166870117188
vertex 70.36181640625 147.29999995231628 91.79629516601562
endloop
endfacet
facet normal 0.4694830666125709 -0.0 0.8829414760696521
outer loop
vertex 64.2679443359375 146.5 93.90390014648438
vertex 65.32748413085938 146.5 93.34051513671875
vertex 65.32748413085938 146.59999990463257 93.34051513671875
endloop
endfacet
facet normal 0.17435640796656526 -0.9284775139521161 0.3279166800976961
outer loop
vertex 62.18267822265625 146.5 93.88006591796875
vertex 70.36181640625 147.29999995231628 91.79629516601562
vertex 63.8280029296875 147.29999995231628 95.2703857421875
endloop
endfacet
facet normal 0.882946680106191 1.627601085469855e-06 -0.46947327941727046
outer loop
vertex 64.28817749023438 146.5 82.56744384765625
vertex 68.513427734375 146.5 90.51394653320312
vertex 65.22711181640625 146.15000009536743 84.33331298828125
endloop
endfacet
facet normal 0.0 -1.0 0.0
outer loop
vertex 65.22711181640625 146.15000009536743 84.33331298828125
vertex 68.0439453125 146.15000009536743 89.63101196289062
vertex 66.98440551757812 146.15000009536743 90.19436645507812
endloop
endfacet
facet normal 0.8829477999779451 -5.1324639634614106e-05 -0.4694711704459477
outer loop
vertex 65.22711181640625 146.15000009536743 84.33331298828125
vertex 68.98291015625 146.5 91.39691162109375
vertex 68.0439453125 146.15000009536743 89.63101196289062
endloop
endfacet
facet normal 0.8829469474998765 -9.765384453623324e-06 -0.4694727764261604
outer loop
vertex 65.22711181640625 146.15000009536743 84.33331298828125
vertex 68.513427734375 146.5 90.51394653320312
vertex 68.98291015625 146.5 91.39691162109375
endloop
endfacet
facet normal 0.0 -1.0 0.0
outer loop
vertex 64.28817749023438 146.5 82.56744384765625
vertex 70.12921142578125 146.5 89.65481567382812
vertex 68.513427734375 146.5 90.51394653320312
endloop
endfacet
facet normal -0.8829466794805767 3.767963033398042e-05 0.46947327908462383
outer loop
vertex 64.16757202148438 146.15000009536743 84.89669799804688
vertex 66.98440551757812 146.15000009536743 90.19436645507812
vertex 67.92337036132812 146.5 91.96026611328125
endloop
endfacet
facet normal -0.8829469464071658 5.0700173065140106e-05 0.4694727758451539
outer loop
vertex 64.16757202148438 146.15000009536743 84.89669799804688
vertex 67.92337036132812 146.5 91.96026611328125
vertex 67.45388793945312 146.5 91.07730102539062
endloop
endfacet
facet normal 0.17435737542337568 -0.928475993361926 0.3279204711299014
outer loop
vertex 64.85800170898438 146.5 92.45755004882812
vertex 67.45388793945312 146.5 91.07730102539062
vertex 67.57125854492188 146.59999990463257 91.29803466796875
endloop
endfacet
facet normal 0.08092565242611731 -0.9850306821390409 0.1522024770629668
outer loop
vertex 66.98440551757812 146.15000009536743 90.19436645507812
vertex 68.0439453125 146.15000009536743 89.63101196289062
vertex 67.92337036132812 146.5 91.96026611328125
endloop
endfacet
facet normal -0.8829469469755986 3.581796446776976e-05 0.46947277614739596
outer loop
vertex 67.45388793945312 146.5 91.07730102539062
vertex 67.92337036132812 146.5 91.96026611328125
vertex 67.57125854492188 146.59999990463257 91.29803466796875
endloop
endfacet
facet normal -0.8829491895381352 0.0 0.46946855985672825
outer loop
vertex 67.57125854492188 146.59999990463257 91.29803466796875
vertex 67.92337036132812 146.5 91.96026611328125
vertex 67.92337036132812 146.59999990463257 91.96026611328125
endloop
endfacet
facet normal -0.0 1.0 0.0
outer loop
vertex 67.57125854492188 146.59999990463257 91.29803466796875
vertex 67.92337036132812 146.59999990463257 91.96026611328125
vertex 68.63079833984375 146.59999990463257 90.73468017578125
endloop
endfacet
facet normal 0.8829467068513822 0.0 -0.46947322911993505
outer loop
vertex 65.43447875976562 146.5 80.82534790039062
vertex 70.12921142578125 151.5 89.65481567382812
vertex 70.12921142578125 146.5 89.65481567382812
endloop
endfacet
facet normal 0.17435872275243255 -0.9284759933703981 0.3279197547190357
outer loop
vertex 68.513427734375 146.5 90.51394653320312
vertex 70.12921142578125 146.5 89.65481567382812
vertex 68.63079833984375 146.59999990463257 90.73468017578125
endloop
endfacet
facet normal 0.08092565242611731 -0.9850306821390409 0.1522024770629668
outer loop
vertex 68.0439453125 146.15000009536743 89.63101196289062
vertex 68.98291015625 146.5 91.39691162109375
vertex 67.92337036132812 146.5 91.96026611328125
endloop
endfacet
facet normal 0.8829469469755986 -3.581796446776976e-05 -0.46947277614739596
outer loop
vertex 68.513427734375 146.5 90.51394653320312
vertex 68.63079833984375 146.59999990463257 90.73468017578125
vertex 68.98291015625 146.5 91.39691162109375
endloop
endfacet
facet normal 0.4694632405567483 0.0 0.8829520178163459
outer loop
vertex 68.98291015625 146.59999990463257 91.39691162109375
vertex 67.92337036132812 146.59999990463257 91.96026611328125
vertex 67.92337036132812 146.5 91.96026611328125
endloop
endfacet
facet normal -0.0 1.0 -0.0
outer loop
vertex 68.63079833984375 146.59999990463257 90.73468017578125
vertex 67.92337036132812 146.59999990463257 91.96026611328125
vertex 68.98291015625 146.59999990463257 91.39691162109375
endloop
endfacet
facet normal 0.4694632405567483 -0.0 0.8829520178163459
outer loop
vertex 68.98291015625 146.5 91.39691162109375
vertex 68.98291015625 146.59999990463257 91.39691162109375
vertex 67.92337036132812 146.5 91.96026611328125
endloop
endfacet
facet normal 0.8829491895381352 0.0 -0.46946855985672825
outer loop
vertex 68.63079833984375 146.59999990463257 90.73468017578125
vertex 68.98291015625 146.59999990463257 91.39691162109375
vertex 68.98291015625 146.5 91.39691162109375
endloop
endfacet
facet normal 0.17435389858069494 -0.9284770077173968 0.3279194477152301
outer loop
vertex 67.57125854492188 146.59999990463257 91.29803466796875
vertex 68.63079833984375 146.59999990463257 90.73468017578125
vertex 70.36181640625 147.29999995231628 91.79629516601562
endloop
endfacet
facet normal 0.17435611465074632 -0.9284777052999496 0.3279162942655275
outer loop
vertex 68.63079833984375 146.59999990463257 90.73468017578125
vertex 70.12921142578125 146.5 89.65481567382812
vertex 70.36181640625 147.29999995231628 91.79629516601562
endloop
endfacet
facet normal 0.9941526654992479 0.0 -0.10798369173509759
outer loop
vertex 70.12921142578125 146.5 89.65481567382812
vertex 70.12921142578125 151.5 89.65481567382812
vertex 70.36181640625 147.29999995231628 91.79629516601562
endloop
endfacet
facet normal 0.17435797356195712 -0.9284735356445546 0.327927111814604
outer loop
vertex 63.91583251953125 146.59999990463257 93.24166870117188
vertex 64.97537231445312 146.59999990463257 92.67831420898438
vertex 70.36181640625 147.29999995231628 91.79629516601562
endloop
endfacet
facet normal 0.4694715971267608 0.0 0.8829475745995615
outer loop
vertex 63.8280029296875 147.29999995231628 95.2703857421875
vertex 70.36181640625 147.29999995231628 91.79629516601562
vertex 63.8280029296875 150.70000004768372 95.2703857421875
endloop
endfacet
facet normal 0.17435609944360303 -0.9284796411036206 0.32791082117384335
outer loop
vertex 64.97537231445312 146.59999990463257 92.67831420898438
vertex 67.57125854492188 146.59999990463257 91.29803466796875
vertex 70.36181640625 147.29999995231628 91.79629516601562
endloop
endfacet
facet normal 0.8829477981398667 0.0 -0.46947117670839106
outer loop
vertex 31.00311279296875 154.0 0.847320556640625
vertex 40.020355224609375 156.0 17.806304931640625
vertex 40.020355224609375 144.0 17.806304931640625
endloop
endfacet
facet normal 0.99929584123937 7.124658248834109e-07 -0.03752094989725316
outer loop
vertex 40.05499267578125 144.0 18.72857666015625
vertex 40.020355224609375 156.0 17.806304931640625
vertex 40.26275634765625 156.0 24.262176513671875
endloop
endfacet
facet normal 0.0 -0.0 1.0
outer loop
vertex 39.323333740234375 144.0 24.262176513671875
vertex 40.26275634765625 156.0 24.262176513671875
vertex 39.323333740234375 154.0 24.262176513671875
endloop
endfacet
facet normal 0.0 1.0 0.0
outer loop
vertex 26.783538818359375 154.0 34.759185791015625
vertex 40.607269287109375 154.0 26.676910400390625
vertex 39.323333740234375 154.0 24.262176513671875
endloop
endfacet
facet normal 0.8829477801442928 0.0 -0.46947121055317703
outer loop
vertex 39.323333740234375 144.0 24.262176513671875
vertex 39.323333740234375 154.0 24.262176513671875
vertex 40.607269287109375 154.0 26.676910400390625
endloop
endfacet
facet normal 0.882948231810796 0.0 -0.4694703610902281
outer loop
vertex 40.607269287109375 144.0 26.676910400390625
vertex 40.607269287109375 154.0 26.676910400390625
vertex 49.621246337890625 154.0 43.629791259765625
endloop
endfacet
facet normal -0.0 1.0 0.0
outer loop
vertex 31.5001220703125 154.0 43.629791259765625
vertex 49.621246337890625 154.0 43.629791259765625
vertex 40.607269287109375 154.0 26.676910400390625
endloop
endfacet
facet normal -0.0 -0.0 -1.0
outer loop
vertex 18.33160400390625 155.7741937637329 43.629791259765625
vertex 53.750946044921875 154.0 43.629791259765625
vertex 49.621246337890625 154.0 43.629791259765625
endloop
endfacet
facet normal 0.0 0.0 -1.0
outer loop
vertex 18.33160400390625 155.7741937637329 43.629791259765625
vertex 53.750946044921875 156.0 43.629791259765625
vertex 53.750946044921875 154.0 43.629791259765625
endloop
endfacet
facet normal 0.0 0.0 -1.0
outer loop
vertex 18.33160400390625 155.7741937637329 43.629791259765625
vertex 53.750946044921875 264.0 43.629791259765625
vertex 53.750946044921875 156.0 43.629791259765625
endloop
endfacet
facet normal 0.0 0.0 -1.0
outer loop
vertex 49.621246337890625 144.0 43.629791259765625
vertex 49.621246337890625 154.0 43.629791259765625
vertex 53.750946044921875 154.0 43.629791259765625
endloop
endfacet
facet normal 0.8829475987936609 0.0 -0.4694715516242792
outer loop
vertex 29.154937744140625 286.0 5.79388427734375
vertex 39.452880859375 298.0 25.1614990234375
vertex 39.452880859375 286.0 25.1614990234375
endloop
endfacet
facet normal 0.0 0.0 -0.9999999999999999
outer loop
vertex 18.33160400390625 155.7741937637329 43.629791259765625
vertex 51.99334716796875 261.0 43.629791259765625
vertex 53.750946044921875 264.0 43.629791259765625
endloop
endfacet
facet normal 0.0 0.0 -1.0
outer loop
vertex 19.99334716796875 261.0 36.085662841796875
vertex 45.261383056640625 286.0 36.085662841796875
vertex 51.99334716796875 261.0 36.085662841796875
endloop
endfacet
facet normal 0.8829468805048513 0.0 -0.4694729025266015
outer loop
vertex 39.452880859375 286.0 25.1614990234375
vertex 39.452880859375 298.0 25.1614990234375
vertex 45.261383056640625 295.0 36.085662841796875
endloop
endfacet
facet normal 0.8829468805048513 0.0 -0.4694729025266015
outer loop
vertex 39.452880859375 286.0 25.1614990234375
vertex 45.261383056640625 295.0 36.085662841796875
vertex 45.261383056640625 286.0 36.085662841796875
endloop
endfacet
facet normal 0.0 -1.0 0.0
outer loop
vertex 19.99334716796875 261.0 43.629791259765625
vertex 51.99334716796875 261.0 36.085662841796875
vertex 51.99334716796875 261.0 43.629791259765625
endloop
endfacet
facet normal -0.0 -0.0 0.9999999999999999
outer loop
vertex 26.725341796875 286.0 48.085662841796875
vertex 51.99334716796875 264.0 48.085662841796875
vertex 43.667755126953125 286.0 48.085662841796875
endloop
endfacet
facet normal 0.0 1.0 0.0
outer loop
vertex 30.74322509765625 298.0 55.6422119140625
vertex 49.750823974609375 298.0 44.529083251953125
vertex 39.452880859375 298.0 25.1614990234375
endloop
endfacet
facet normal 0.8829472921483028 3.6161755241605516e-06 -0.46947212832595603
outer loop
vertex 39.452880859375 298.0 25.1614990234375
vertex 49.750823974609375 298.0 44.529083251953125
vertex 45.261383056640625 295.0 36.085662841796875
endloop
endfacet
facet normal 0.0 0.0 -1.0
outer loop
vertex 45.261383056640625 286.0 36.085662841796875
vertex 45.261383056640625 295.0 36.085662841796875
vertex 51.99334716796875 295.0 36.085662841796875
endloop
endfacet
facet normal 0.0 0.0 -1.0
outer loop
vertex 45.261383056640625 286.0 36.085662841796875
vertex 51.99334716796875 295.0 36.085662841796875
vertex 51.99334716796875 261.0 36.085662841796875
endloop
endfacet
facet normal 0.8829478247486465 0.0 -0.46947112666449825
outer loop
vertex 45.261383056640625 295.0 36.085662841796875
vertex 49.750823974609375 298.0 44.529083251953125
vertex 49.750823974609375 295.0 44.529083251953125
endloop
endfacet
facet normal 0.9999999999999999 0.0 -0.0
outer loop
vertex 51.99334716796875 261.0 36.085662841796875
vertex 51.99334716796875 264.0 43.629791259765625
vertex 51.99334716796875 261.0 43.629791259765625
endloop
endfacet
facet normal 1.0 0.0 -0.0
outer loop
vertex 51.99334716796875 261.0 36.085662841796875
vertex 51.99334716796875 295.0 36.085662841796875
vertex 51.99334716796875 264.0 43.629791259765625
endloop
endfacet
facet normal -0.0 -0.0 1.0
outer loop
vertex 43.667755126953125 286.0 48.085662841796875
vertex 51.99334716796875 264.0 48.085662841796875
vertex 51.641876220703125 286.0 48.085662841796875
endloop
endfacet
facet normal 0.0 0.0 -1.0
outer loop
vertex 51.99334716796875 261.0 43.629791259765625
vertex 51.99334716796875 264.0 43.629791259765625
vertex 53.750946044921875 264.0 43.629791259765625
endloop
endfacet
facet normal -0.0 1.0 0.0
outer loop
vertex 51.99334716796875 264.0 43.629791259765625
vertex 51.99334716796875 264.0 48.085662841796875
vertex 53.750946044921875 264.0 43.629791259765625
endloop
endfacet
facet normal 1.0 0.0 -0.0
outer loop
vertex 51.99334716796875 264.0 43.629791259765625
vertex 51.99334716796875 295.0 48.085662841796875
vertex 51.99334716796875 264.0 48.085662841796875
endloop
endfacet
facet normal -0.0 1.0 0.0
outer loop
vertex 45.261383056640625 295.0 36.085662841796875
vertex 49.750823974609375 295.0 44.529083251953125
vertex 51.99334716796875 295.0 36.085662841796875
endloop
endfacet
facet normal 1.0 0.0 -0.0
outer loop
vertex 51.99334716796875 295.0 36.085662841796875
vertex 51.99334716796875 295.0 48.085662841796875
vertex 51.99334716796875 264.0 43.629791259765625
endloop
endfacet
facet normal 0.8829491021258026 0.0 -0.46946872425672703
outer loop
vertex 49.750823974609375 295.0 44.529083251953125
vertex 49.750823974609375 298.0 44.529083251953125
vertex 51.641876220703125 295.0 48.085662841796875
endloop
endfacet
facet normal 0.0 -0.0 1.0
outer loop
vertex 51.99334716796875 264.0 48.085662841796875
vertex 51.99334716796875 295.0 48.085662841796875
vertex 51.641876220703125 286.0 48.085662841796875
endloop
endfacet
facet normal 0.0 1.0 -0.0
outer loop
vertex 51.99334716796875 295.0 36.085662841796875
vertex 49.750823974609375 295.0 44.529083251953125
vertex 51.99334716796875 295.0 48.085662841796875
endloop
endfacet
facet normal 0.0 1.0 0.0
outer loop
vertex 49.750823974609375 295.0 44.529083251953125
vertex 51.641876220703125 295.0 48.085662841796875
vertex 51.99334716796875 295.0 48.085662841796875
endloop
endfacet
facet normal 0.0 -0.0 1.0
outer loop
vertex 51.641876220703125 286.0 48.085662841796875
vertex 51.99334716796875 295.0 48.085662841796875
vertex 51.641876220703125 295.0 48.085662841796875
endloop
endfacet
facet normal 0.8829469234264796 0.0 -0.4694728218030458
outer loop
vertex 58.347259521484375 143.95921182632446 52.274169921875
vertex 53.750946044921875 154.0 43.629791259765625
vertex 53.750946044921875 156.0 43.629791259765625
endloop
endfacet
facet normal 0.9992958412396236 0.0 -0.03752094989726268
outer loop
vertex 53.750946044921875 156.0 43.629791259765625
vertex 53.750946044921875 264.0 43.629791259765625
vertex 53.99334716796875 156.0 50.085662841796875
endloop
endfacet
facet normal 0.9992958412396236 0.0 -0.03752094989726268
outer loop
vertex 53.750946044921875 264.0 43.629791259765625
vertex 53.99334716796875 264.0 50.085662841796875
vertex 53.99334716796875 156.0 50.085662841796875
endloop
endfacet
facet normal -0.0 1.0 0.0
outer loop
vertex 51.99334716796875 264.0 48.085662841796875
vertex 53.99334716796875 264.0 50.085662841796875
vertex 53.750946044921875 264.0 43.629791259765625
endloop
endfacet
facet normal -0.0 1.0 0.0
outer loop
vertex 17.99334716796875 156.0 50.085662841796875
vertex 42.656646728515625 156.0 57.61749267578125
vertex 53.18865966796875 156.0 54.030914306640625
endloop
endfacet
facet normal -0.0 1.0 0.0
outer loop
vertex 17.99334716796875 156.0 50.085662841796875
vertex 53.18865966796875 156.0 54.030914306640625
vertex 53.99334716796875 156.0 50.085662841796875
endloop
endfacet
facet normal -0.9992959802655469 0.0 0.037517247035461984
outer loop
vertex 42.656646728515625 156.0 57.61749267578125
vertex 43.06060791015625 160.0 68.37725830078125
vertex 42.656646728515625 160.0 57.61749267578125
endloop
endfacet
facet normal 0.0 1.0 0.0
outer loop
vertex 31.723907470703125 156.0 75.90911865234375
vertex 43.06060791015625 156.0 68.37725830078125
vertex 42.656646728515625 156.0 57.61749267578125
endloop
endfacet
facet normal -0.9992959802655469 0.0 0.037517247035461984
outer loop
vertex 42.656646728515625 156.0 57.61749267578125
vertex 43.06060791015625 156.0 68.37725830078125
vertex 43.06060791015625 160.0 68.37725830078125
endloop
endfacet
facet normal 0.0 1.0 0.0
outer loop
vertex 31.723907470703125 156.0 75.90911865234375
vertex 53.727264404296875 156.0 68.37725830078125
vertex 43.06060791015625 156.0 68.37725830078125
endloop
endfacet
facet normal 0.0 0.0 1.0
outer loop
vertex 17.99334716796875 156.0 50.085662841796875
vertex 53.99334716796875 156.0 50.085662841796875
vertex 53.99334716796875 264.0 50.085662841796875
endloop
endfacet
facet normal -0.32236143840724596 0.0 -0.946616661076706
outer loop
vertex 42.656646728515625 156.0 57.61749267578125
vertex 42.656646728515625 160.0 57.61749267578125
vertex 53.18865966796875 156.0 54.030914306640625
endloop
endfacet
facet normal 0.351092947923744 0.936247827608152 -0.013181320769611657
outer loop
vertex 42.656646728515625 160.0 57.61749267578125
vertex 53.592620849609375 156.0 64.79067993164062
vertex 53.18865966796875 156.0 54.030914306640625
endloop
endfacet
facet normal 0.351092947923744 0.936247827608152 -0.013181320769611657
outer loop
vertex 42.656646728515625 160.0 57.61749267578125
vertex 43.06060791015625 160.0 68.37725830078125
vertex 53.592620849609375 156.0 64.79067993164062
endloop
endfacet
facet normal 0.0 -0.0 1.0
outer loop
vertex 43.06060791015625 156.0 68.37725830078125
vertex 53.727264404296875 156.0 68.37725830078125
vertex 43.06060791015625 160.0 68.37725830078125
endloop
endfacet
facet normal 0.3510932348373689 0.936247733356715 -0.013180373129993376
outer loop
vertex 43.06060791015625 160.0 68.37725830078125
vertex 53.727264404296875 156.0 68.37725830078125
vertex 53.592620849609375 156.0 64.79067993164062
endloop
endfacet
facet normal 0.0 1.0 0.0
outer loop
vertex 31.723907470703125 156.0 75.90911865234375
vertex 67.48153686523438 156.0 69.4532470703125
vertex 53.727264404296875 156.0 68.37725830078125
endloop
endfacet
facet normal 0.0 -0.0 1.0
outer loop
vertex 31.723907470703125 144.0 75.90911865234375
vertex 48.663360595703125 154.0 75.90911865234375
vertex 31.723907470703125 156.0 75.90911865234375
endloop
endfacet
facet normal -0.0 0.0 1.0
outer loop
vertex 31.723907470703125 156.0 75.90911865234375
vertex 48.663360595703125 154.0 75.90911865234375
vertex 66.78448486328125 154.0 75.90911865234375
endloop
endfacet
facet normal -0.882947381637316 0.0 0.4694719600357489
outer loop
vertex 48.663360595703125 144.0 75.90911865234375
vertex 54.39764404296875 154.0 86.6937255859375
vertex 48.663360595703125 154.0 75.90911865234375
endloop
endfacet
facet normal 0.0 -1.0 0.0
outer loop
vertex 30.74322509765625 286.0 55.6422119140625
vertex 43.667755126953125 286.0 48.085662841796875
vertex 41.0411376953125 286.0 75.00979614257812
endloop
endfacet
facet normal -0.0 1.0 0.0
outer loop
vertex 17.99334716796875 264.0 50.085662841796875
vertex 53.99334716796875 264.0 50.085662841796875
vertex 51.99334716796875 264.0 48.085662841796875
endloop
endfacet
facet normal -0.8829478688591409 0.0 0.46947104370461573
outer loop
vertex 30.74322509765625 286.0 55.6422119140625
vertex 41.0411376953125 286.0 75.00979614257812
vertex 41.0411376953125 298.0 75.00979614257812
endloop
endfacet
facet normal -0.0 0.9999999999999999 0.0
outer loop
vertex 30.74322509765625 298.0 55.6422119140625
vertex 41.0411376953125 298.0 75.00979614257812
vertex 60.048736572265625 298.0 63.896697998046875
endloop
endfacet
facet normal -0.0 1.0 0.0
outer loop
vertex 30.74322509765625 298.0 55.6422119140625
vertex 60.048736572265625 298.0 63.896697998046875
vertex 49.750823974609375 298.0 44.529083251953125
endloop
endfacet
facet normal 0.0 -1.0 0.0
outer loop
vertex 43.667755126953125 286.0 48.085662841796875
vertex 51.641876220703125 286.0 48.085662841796875
vertex 60.048736572265625 286.0 63.896697998046875
endloop
endfacet
facet normal 0.0 -0.9999999999999999 0.0
outer loop
vertex 43.667755126953125 286.0 48.085662841796875
vertex 60.048736572265625 286.0 63.896697998046875
vertex 41.0411376953125 286.0 75.00979614257812
endloop
endfacet
facet normal -0.8829472961795317 0.0 0.46947212075825573
outer loop
vertex 41.0411376953125 286.0 75.00979614257812
vertex 47.80596923828125 286.0 87.73257446289062
vertex 41.0411376953125 298.0 75.00979614257812
endloop
endfacet
facet normal -0.8829472961795317 0.0 0.4694721207582557
outer loop
vertex 41.0411376953125 298.0 75.00979614257812
vertex 47.80596923828125 286.0 87.73257446289062
vertex 47.80596923828125 295.0 87.73257446289062
endloop
endfacet
facet normal -0.8829477678159191 -4.825399749170564e-06 0.4694712337146986
outer loop
vertex 41.0411376953125 298.0 75.00979614257812
vertex 47.80596923828125 295.0 87.73257446289062
vertex 48.828155517578125 298.0 89.65505981445312
endloop
endfacet
facet normal 0.0 -0.9999999999999999 0.0
outer loop
vertex 41.0411376953125 286.0 75.00979614257812
vertex 52.44384765625 286.0 87.73257446289062
vertex 47.80596923828125 286.0 87.73257446289062
endloop
endfacet
facet normal 0.0 -1.0 0.0
outer loop
vertex 41.0411376953125 286.0 75.00979614257812
vertex 60.048736572265625 286.0 63.896697998046875
vertex 52.44384765625 286.0 87.73257446289062
endloop
endfacet
facet normal -0.0 1.0 0.0
outer loop
vertex 41.0411376953125 298.0 75.00979614257812
vertex 48.828155517578125 298.0 89.65505981445312
vertex 68.25302124023438 298.0 79.32669067382812
endloop
endfacet
facet normal -1.0 0.0 0.0
outer loop
vertex 47.454498291015625 261.0 87.73257446289062
vertex 47.454498291015625 261.0 90.38546752929688
vertex 47.454498291015625 295.0 90.38546752929688
endloop
endfacet
facet normal 0.0 0.0 -1.0
outer loop
vertex 47.454498291015625 261.0 87.73257446289062
vertex 47.454498291015625 295.0 87.73257446289062
vertex 47.80596923828125 286.0 87.73257446289062
endloop
endfacet
facet normal -1.0 0.0 0.0
outer loop
vertex 47.454498291015625 261.0 87.73257446289062
vertex 47.454498291015625 295.0 90.38546752929688
vertex 47.454498291015625 295.0 87.73257446289062
endloop
endfacet
facet normal 0.0 0.0 -1.0
outer loop
vertex 47.80596923828125 286.0 87.73257446289062
vertex 47.454498291015625 295.0 87.73257446289062
vertex 47.80596923828125 295.0 87.73257446289062
endloop
endfacet
facet normal -0.0 1.0 0.0
outer loop
vertex 47.454498291015625 295.0 87.73257446289062
vertex 48.828155517578125 295.0 89.65505981445312
vertex 47.80596923828125 295.0 87.73257446289062
endloop
endfacet
facet normal -0.0 1.0 0.0
outer loop
vertex 47.454498291015625 295.0 87.73257446289062
vertex 47.454498291015625 295.0 90.38546752929688
vertex 48.828155517578125 295.0 89.65505981445312
endloop
endfacet
facet normal 0.0 -1.0 0.0
outer loop
vertex 47.454498291015625 261.0 87.73257446289062
vertex 52.44384765625 261.0 87.73257446289062
vertex 47.454498291015625 261.0 90.38546752929688
endloop
endfacet
facet normal 0.0 0.0 -1.0
outer loop
vertex 47.454498291015625 261.0 87.73257446289062
vertex 47.80596923828125 286.0 87.73257446289062
vertex 52.44384765625 261.0 87.73257446289062
endloop
endfacet
facet normal 0.46947279769416306 0.0 0.8829469362454436
outer loop
vertex 47.454498291015625 261.0 90.38546752929688
vertex 52.44384765625 261.0 87.73257446289062
vertex 47.454498291015625 295.0 90.38546752929688
endloop
endfacet
facet normal 0.0 0.0 -0.9999999999999999
outer loop
vertex 47.80596923828125 286.0 87.73257446289062
vertex 52.44384765625 286.0 87.73257446289062
vertex 52.44384765625 261.0 87.73257446289062
endloop
endfacet
facet normal -0.8829508891177166 0.0 0.46946536337224454
outer loop
vertex 47.80596923828125 295.0 87.73257446289062
vertex 48.828155517578125 295.0 89.65505981445312
vertex 48.828155517578125 295.8679656982422 89.65505981445312
endloop
endfacet
facet normal -0.8829508891177167 0.0 0.4694653633722446
outer loop
vertex 47.80596923828125 295.0 87.73257446289062
vertex 48.828155517578125 295.8679656982422 89.65505981445312
vertex 48.828155517578125 298.0 89.65505981445312
endloop
endfacet
facet normal 0.46948219186040835 6.680241331480596e-06 0.8829419411724201
outer loop
vertex 47.454498291015625 295.0 90.38546752929688
vertex 52.44384765625 286.0 87.73257446289062
vertex 48.828155517578125 295.0 89.65505981445312
endloop
endfacet
facet normal 0.46947279769416306 -0.0 0.8829469362454435
outer loop
vertex 47.454498291015625 295.0 90.38546752929688
vertex 52.44384765625 261.0 87.73257446289062
vertex 52.44384765625 286.0 87.73257446289062
endloop
endfacet
facet normal 0.4694614670619169 -3.99970323314928e-06 0.8829529607674891
outer loop
vertex 48.828155517578125 295.0 89.65505981445312
vertex 52.44384765625 286.0 87.73257446289062
vertex 52.359954833984375 288.5 87.77719116210938
endloop
endfacet
facet normal 0.4694727288257308 3.849343317762834e-06 0.8829469728551678
outer loop
vertex 48.828155517578125 295.0 89.65505981445312
vertex 52.359954833984375 288.5 87.77719116210938
vertex 52.359954833984375 295.5 87.77716064453125
endloop
endfacet
facet normal 0.8829469234264796 0.0 -0.4694728218030458
outer loop
vertex 58.347259521484375 143.95921182632446 52.274169921875
vertex 53.750946044921875 156.0 43.629791259765625
vertex 58.347259521484375 154.04078817367554 52.274169921875
endloop
endfacet
facet normal -0.3222740561813166 0.0 -0.9466464137746687
outer loop
vertex 58.347259521484375 143.95921182632446 52.274169921875
vertex 58.347259521484375 154.04078817367554 52.274169921875
vertex 58.45465087890625 154.0 52.23760986328125
endloop
endfacet
facet normal 0.9992949994628472 0.0 -0.03754336224352155
outer loop
vertex 58.45465087890625 144.0 52.23760986328125
vertex 58.45465087890625 154.0 52.23760986328125
vertex 58.46429443359375 154.0 52.494293212890625
endloop
endfacet
facet normal 0.35110293867353515 0.9362439463215587 -0.013190884391967318
outer loop
vertex 58.347259521484375 154.04078817367554 52.274169921875
vertex 58.46429443359375 154.0 52.494293212890625
vertex 58.45465087890625 154.0 52.23760986328125
endloop
endfacet
facet normal 0.0 1.0 0.0
outer loop
vertex 53.750946044921875 156.0 43.629791259765625
vertex 53.99334716796875 156.0 50.085662841796875
vertex 67.48153686523438 156.0 69.4532470703125
endloop
endfacet
facet normal 0.8829473688041561 4.740736788083126e-06 -0.4694719841474494
outer loop
vertex 53.750946044921875 156.0 43.629791259765625
vertex 67.48153686523438 156.0 69.4532470703125
vertex 58.347259521484375 154.04078817367554 52.274169921875
endloop
endfacet
facet normal 0.0 1.0 -0.0
outer loop
vertex 53.99334716796875 156.0 50.085662841796875
vertex 53.18865966796875 156.0 54.030914306640625
vertex 67.48153686523438 156.0 69.4532470703125
endloop
endfacet
facet normal 0.8829518448579449 -9.001794704589844e-05 -0.46946355722113364
outer loop
vertex 58.347259521484375 154.04078817367554 52.274169921875
vertex 67.48153686523438 156.0 69.4532470703125
vertex 58.46429443359375 154.0 52.494293212890625
endloop
endfacet
facet normal 0.0 1.0 0.0
outer loop
vertex 53.18865966796875 156.0 54.030914306640625
vertex 53.592620849609375 156.0 64.79067993164062
vertex 67.48153686523438 156.0 69.4532470703125
endloop
endfacet
facet normal 0.0 0.9999999999999999 0.0
outer loop
vertex 53.592620849609375 156.0 64.79067993164062
vertex 53.727264404296875 156.0 68.37725830078125
vertex 67.48153686523438 156.0 69.4532470703125
endloop
endfacet
facet normal 0.8829474479496295 0.0 -0.46947183532054015
outer loop
vertex 67.48153686523438 144.0 69.4532470703125
vertex 58.46429443359375 154.0 52.494293212890625
vertex 67.48153686523438 156.0 69.4532470703125
endloop
endfacet
facet normal 0.9992960183442652 0.0 -0.03751623277060381
outer loop
vertex 67.48153686523438 144.0 69.4532470703125
vertex 67.48153686523438 156.0 69.4532470703125
vertex 67.72390747070312 156.0 75.90911865234375
endloop
endfacet
facet normal -0.0 1.0 0.0
outer loop
vertex 31.723907470703125 156.0 75.90911865234375
vertex 67.72390747070312 156.0 75.90911865234375
vertex 67.48153686523438 156.0 69.4532470703125
endloop
endfacet
facet normal -0.0 0.0 1.0
outer loop
vertex 31.723907470703125 156.0 75.90911865234375
vertex 66.78448486328125 154.0 75.90911865234375
vertex 67.72390747070312 156.0 75.90911865234375
endloop
endfacet
facet normal -0.0 1.0 0.0
outer loop
vertex 48.663360595703125 154.0 75.90911865234375
vertex 68.52481079101562 154.0 79.18218994140625
vertex 66.78448486328125 154.0 75.90911865234375
endloop
endfacet
facet normal -0.0 0.9999999999999999 0.0
outer loop
vertex 48.663360595703125 154.0 75.90911865234375
vertex 54.39764404296875 154.0 86.6937255859375
vertex 68.52481079101562 154.0 79.18218994140625
endloop
endfacet
facet normal 0.469470635922498 -1.2121726602900636e-06 0.8829480856794786
outer loop
vertex 57.48797607421875 151.5 85.05056762695312
vertex 65.43447875976562 151.5 80.82534790039062
vertex 54.39764404296875 154.0 86.6937255859375
endloop
endfacet
facet normal -0.08092621490638092 0.9850304724662334 -0.15220353495853953
outer loop
vertex 59.5732421875 151.5 85.07440185546875
vertex 60.512176513671875 151.84999990463257 86.84030151367188
vertex 60.632781982421875 151.5 84.51104736328125
endloop
endfacet
facet normal -0.0 1.0 0.0
outer loop
vertex 57.48797607421875 151.5 85.05056762695312
vertex 59.5732421875 151.5 85.07440185546875
vertex 65.43447875976562 151.5 80.82534790039062
endloop
endfacet
facet normal 0.4694714004085824 0.0 0.8829476791964542
outer loop
vertex 54.39764404296875 144.0 86.6937255859375
vertex 57.48797607421875 151.5 85.05056762695312
vertex 54.39764404296875 154.0 86.6937255859375
endloop
endfacet
facet normal -0.0 1.0 0.0
outer loop
vertex 57.48797607421875 151.5 85.05056762695312
vertex 62.18267822265625 151.5 93.88006591796875
vertex 59.5732421875 151.5 85.07440185546875
endloop
endfacet
facet normal -0.08092621490638092 0.9850304724662334 -0.15220353495853953
outer loop
vertex 60.632781982421875 151.5 84.51104736328125
vertex 60.512176513671875 151.84999990463257 86.84030151367188
vertex 61.57171630859375 151.84999990463257 86.27694702148438
endloop
endfacet
facet normal -0.882948832954472 -1.3102392110909229e-05 0.4694692303151117
outer loop
vertex 59.5732421875 151.5 85.07440185546875
vertex 63.7984619140625 151.5 93.02093505859375
vertex 60.512176513671875 151.84999990463257 86.84030151367188
endloop
endfacet
facet normal -0.8829486444784527 0.0 0.4694695849718733
outer loop
vertex 62.18267822265625 146.5 93.88006591796875
vertex 62.18267822265625 151.5 93.88006591796875
vertex 57.48797607421875 151.5 85.05056762695312
endloop
endfacet
facet normal 0.4694709703869229 6.818445291982378e-07 0.8829479078425273
outer loop
vertex 54.39764404296875 154.0 86.6937255859375
vertex 65.43447875976562 151.5 80.82534790039062
vertex 68.52481079101562 154.0 79.18218994140625
endloop
endfacet
facet normal 0.0 1.0 0.0
outer loop
vertex 59.5732421875 151.5 85.07440185546875
vertex 60.632781982421875 151.5 84.51104736328125
vertex 65.43447875976562 151.5 80.82534790039062
endloop
endfacet
facet normal 0.0 1.0 0.0
outer loop
vertex 60.632781982421875 151.5 84.51104736328125
vertex 63.2286376953125 151.5 83.13079833984375
vertex 65.43447875976562 151.5 80.82534790039062
endloop
endfacet
facet normal 0.0 1.0 0.0
outer loop
vertex 63.2286376953125 151.5 83.13079833984375
vertex 64.28817749023438 151.5 82.56744384765625
vertex 65.43447875976562 151.5 80.82534790039062
endloop
endfacet
facet normal -0.08092621490638092 0.9850304724662334 -0.15220353495853953
outer loop
vertex 63.2286376953125 151.5 83.13079833984375
vertex 64.16757202148438 151.84999990463257 84.89669799804688
vertex 64.28817749023438 151.5 82.56744384765625
endloop
endfacet
facet normal -0.08093069048821397 0.985030078108505 -0.15220370744056666
outer loop
vertex 64.28817749023438 151.5 82.56744384765625
vertex 64.16757202148438 151.84999990463257 84.89669799804688
vertex 65.22711181640625 151.84999990463257 84.33331298828125
endloop
endfacet
facet normal 0.0 -0.0 1.0
outer loop
vertex 66.78448486328125 144.0 75.90911865234375
vertex 67.72390747070312 156.0 75.90911865234375
vertex 66.78448486328125 154.0 75.90911865234375
endloop
endfacet
facet normal 0.882947251487023 0.0 -0.469472204812502
outer loop
vertex 68.52481079101562 144.0 79.18218994140625
vertex 66.78448486328125 154.0 75.90911865234375
vertex 68.52481079101562 154.0 79.18218994140625
endloop
endfacet
facet normal 0.4694714004085824 0.0 0.8829476791964542
outer loop
vertex 65.43447875976562 146.5 80.82534790039062
vertex 68.52481079101562 154.0 79.18218994140625
vertex 65.43447875976562 151.5 80.82534790039062
endloop
endfacet
facet normal 0.8829467068513822 0.0 -0.46947322911993505
outer loop
vertex 65.43447875976562 146.5 80.82534790039062
vertex 65.43447875976562 151.5 80.82534790039062
vertex 70.12921142578125 151.5 89.65481567382812
endloop
endfacet
facet normal -0.0 1.0 0.0
outer loop
vertex 64.28817749023438 151.5 82.56744384765625
vertex 68.513427734375 151.5 90.51394653320312
vertex 65.43447875976562 151.5 80.82534790039062
endloop
endfacet
facet normal -0.0 1.0 0.0
outer loop
vertex 60.512176513671875 151.84999990463257 86.84030151367188
vertex 63.329010009765625 151.84999990463257 92.13800048828125
vertex 61.57171630859375 151.84999990463257 86.27694702148438
endloop
endfacet
facet normal 0.8829480854625714 2.219897671392814e-05 -0.46947063580716664
outer loop
vertex 60.632781982421875 151.5 84.51104736328125
vertex 61.57171630859375 151.84999990463257 86.27694702148438
vertex 64.85800170898438 151.5 92.45755004882812
endloop
endfacet
facet normal -0.0 0.9999999999999999 0.0
outer loop
vertex 60.632781982421875 151.5 84.51104736328125
vertex 64.85800170898438 151.5 92.45755004882812
vertex 63.2286376953125 151.5 83.13079833984375
endloop
endfacet
facet normal -0.0 1.0 0.0
outer loop
vertex 59.5732421875 151.5 85.07440185546875
vertex 62.18267822265625 151.5 93.88006591796875
vertex 63.7984619140625 151.5 93.02093505859375
endloop
endfacet
facet normal -0.0 1.0 0.0
outer loop
vertex 61.57171630859375 151.84999990463257 86.27694702148438
vertex 63.329010009765625 151.84999990463257 92.13800048828125
vertex 64.3885498046875 151.84999990463257 91.57461547851562
endloop
endfacet
facet normal -0.8829478008501492 2.5662319842657113e-05 0.46947117090970636
outer loop
vertex 60.512176513671875 151.84999990463257 86.84030151367188
vertex 64.2679443359375 151.5 93.90390014648438
vertex 63.329010009765625 151.84999990463257 92.13800048828125
endloop
endfacet
facet normal -0.8829469455470772 6.722150051941614e-05 0.46947277538783516
outer loop
vertex 60.512176513671875 151.84999990463257 86.84030151367188
vertex 63.7984619140625 151.5 93.02093505859375
vertex 64.2679443359375 151.5 93.90390014648438
endloop
endfacet
facet normal 0.8829466794252585 -3.9307231415834366e-05 -0.46947327905521047
outer loop
vertex 61.57171630859375 151.84999990463257 86.27694702148438
vertex 64.3885498046875 151.84999990463257 91.57461547851562
vertex 65.32748413085938 151.5 93.34051513671875
endloop
endfacet
facet normal -0.8829466794252584 -3.930723141583436e-05 0.4694732790552104
outer loop
vertex 63.2286376953125 151.5 83.13079833984375
vertex 67.45388793945312 151.5 91.07730102539062
vertex 64.16757202148438 151.84999990463257 84.89669799804688
endloop
endfacet
facet normal -0.0 1.0 0.0
outer loop
vertex 64.16757202148438 151.84999990463257 84.89669799804688
vertex 66.98440551757812 151.84999990463257 90.19436645507812
vertex 65.22711181640625 151.84999990463257 84.33331298828125
endloop
endfacet
facet normal 0.8829469472369222 -2.628671198599837e-05 -0.4694727762863447
outer loop
vertex 61.57171630859375 151.84999990463257 86.27694702148438
vertex 65.32748413085938 151.5 93.34051513671875
vertex 64.85800170898438 151.5 92.45755004882812
endloop
endfacet
facet normal -0.0 0.9999999999999999 0.0
outer loop
vertex 63.2286376953125 151.5 83.13079833984375
vertex 64.85800170898438 151.5 92.45755004882812
vertex 67.45388793945312 151.5 91.07730102539062
endloop
endfacet
facet normal 0.17435872275243255 0.9284759933703981 0.3279197547190357
outer loop
vertex 62.18267822265625 151.5 93.88006591796875
vertex 63.91583251953125 151.40000009536743 93.24166870117188
vertex 63.7984619140625 151.5 93.02093505859375
endloop
endfacet
facet normal -0.6454340295772067 0.0 0.7638160206906696
outer loop
vertex 62.18267822265625 146.5 93.88006591796875
vertex 63.8280029296875 150.70000004768372 95.2703857421875
vertex 62.18267822265625 151.5 93.88006591796875
endloop
endfacet
facet normal 0.17435732538409904 0.9284776894464157 0.3279156953931124
outer loop
vertex 62.18267822265625 151.5 93.88006591796875
vertex 63.8280029296875 150.70000004768372 95.2703857421875
vertex 63.91583251953125 151.40000009536743 93.24166870117188
endloop
endfacet
facet normal 0.08092963253973695 0.9850304724618061 0.15220171779140498
outer loop
vertex 64.3885498046875 151.84999990463257 91.57461547851562
vertex 63.329010009765625 151.84999990463257 92.13800048828125
vertex 64.2679443359375 151.5 93.90390014648438
endloop
endfacet
facet normal -0.8829469469755986 -3.581796446776976e-05 0.46947277614739596
outer loop
vertex 63.7984619140625 151.5 93.02093505859375
vertex 63.91583251953125 151.40000009536743 93.24166870117188
vertex 64.2679443359375 151.5 93.90390014648438
endloop
endfacet
facet normal 0.08092963253973695 0.9850304724618061 0.15220171779140498
outer loop
vertex 64.3885498046875 151.84999990463257 91.57461547851562
vertex 64.2679443359375 151.5 93.90390014648438
vertex 65.32748413085938 151.5 93.34051513671875
endloop
endfacet
facet normal 0.0 -1.0 0.0
outer loop
vertex 63.91583251953125 151.40000009536743 93.24166870117188
vertex 64.97537231445312 151.40000009536743 92.67831420898438
vertex 65.32748413085938 151.40000009536743 93.34051513671875
endloop
endfacet
facet normal 0.1743519581750181 0.9284786609998553 0.3279157982599379
outer loop
vertex 63.91583251953125 151.40000009536743 93.24166870117188
vertex 63.8280029296875 150.70000004768372 95.2703857421875
vertex 64.97537231445312 151.40000009536743 92.67831420898438
endloop
endfacet
facet normal -0.8829491895381352 0.0 0.46946855985672825
outer loop
vertex 63.91583251953125 151.40000009536743 93.24166870117188
vertex 64.2679443359375 151.40000009536743 93.90390014648438
vertex 64.2679443359375 151.5 93.90390014648438
endloop
endfacet
facet normal 0.0 -0.9999999999999999 0.0
outer loop
vertex 63.91583251953125 151.40000009536743 93.24166870117188
vertex 65.32748413085938 151.40000009536743 93.34051513671875
vertex 64.2679443359375 151.40000009536743 93.90390014648438
endloop
endfacet
facet normal 0.4694830666125709 0.0 0.8829414760696521
outer loop
vertex 64.2679443359375 151.40000009536743 93.90390014648438
vertex 65.32748413085938 151.40000009536743 93.34051513671875
vertex 64.2679443359375 151.5 93.90390014648438
endloop
endfacet
facet normal 0.8829469424445742 -0.00010745389285188747 -0.4694727737381996
outer loop
vertex 64.85800170898438 151.5 92.45755004882812
vertex 65.32748413085938 151.5 93.34051513671875
vertex 64.97537231445312 151.40000009536743 92.67831420898438
endloop
endfacet
facet normal 0.8829402211910267 0.0 -0.4694854266142249
outer loop
vertex 64.97537231445312 151.40000009536743 92.67831420898438
vertex 65.32748413085938 151.5 93.34051513671875
vertex 65.32748413085938 151.40000009536743 93.34051513671875
endloop
endfacet
facet normal 0.17436034063012662 0.9284760275981768 0.3279187975564313
outer loop
vertex 64.97537231445312 151.40000009536743 92.67831420898438
vertex 63.8280029296875 150.70000004768372 95.2703857421875
vertex 67.57125854492188 151.40000009536743 91.29803466796875
endloop
endfacet
facet normal 0.1743411762487416 0.928489794806764 0.32789000473314006
outer loop
vertex 64.85800170898438 151.5 92.45755004882812
vertex 64.97537231445312 151.40000009536743 92.67831420898438
vertex 67.45388793945312 151.5 91.07730102539062
endloop
endfacet
facet normal 0.4694830666125709 -0.0 0.8829414760696521
outer loop
vertex 64.2679443359375 151.5 93.90390014648438
vertex 65.32748413085938 151.40000009536743 93.34051513671875
vertex 65.32748413085938 151.5 93.34051513671875
endloop
endfacet
facet normal 0.882946680106191 -1.627601085469855e-06 -0.46947327941727046
outer loop
vertex 64.28817749023438 151.5 82.56744384765625
vertex 65.22711181640625 151.84999990463257 84.33331298828125
vertex 68.513427734375 151.5 90.51394653320312
endloop
endfacet
facet normal -0.0 1.0 0.0
outer loop
vertex 65.22711181640625 151.84999990463257 84.33331298828125
vertex 66.98440551757812 151.84999990463257 90.19436645507812
vertex 68.0439453125 151.84999990463257 89.63101196289062
endloop
endfacet
facet normal -0.0 1.0 0.0
outer loop
vertex 65.43447875976562 151.5 80.82534790039062
vertex 68.513427734375 151.5 90.51394653320312
vertex 70.12921142578125 151.5 89.65481567382812
endloop
endfacet
facet normal 0.8829477999779451 5.1324639634614106e-05 -0.4694711704459477
outer loop
vertex 65.22711181640625 151.84999990463257 84.33331298828125
vertex 68.0439453125 151.84999990463257 89.63101196289062
vertex 68.98291015625 151.5 91.39691162109375
endloop
endfacet
facet normal 0.8829469474998765 9.765384453623324e-06 -0.4694727764261604
outer loop
vertex 65.22711181640625 151.84999990463257 84.33331298828125
vertex 68.98291015625 151.5 91.39691162109375
vertex 68.513427734375 151.5 90.51394653320312
endloop
endfacet
facet normal -0.8829466794805767 -3.767963033398042e-05 0.46947327908462383
outer loop
vertex 64.16757202148438 151.84999990463257 84.89669799804688
vertex 67.92337036132812 151.5 91.96026611328125
vertex 66.98440551757812 151.84999990463257 90.19436645507812
endloop
endfacet
facet normal -0.8829469464071658 -5.0700173065140106e-05 0.4694727758451539
outer loop
vertex 64.16757202148438 151.84999990463257 84.89669799804688
vertex 67.45388793945312 151.5 91.07730102539062
vertex 67.92337036132812 151.5 91.96026611328125
endloop
endfacet
facet normal 0.17436038079408814 0.9284759933778567 0.32791887309263357
outer loop
vertex 64.97537231445312 151.40000009536743 92.67831420898438
vertex 67.57125854492188 151.40000009536743 91.29803466796875
vertex 67.45388793945312 151.5 91.07730102539062
endloop
endfacet
facet normal 0.08092565242611731 0.9850306821390409 0.1522024770629668
outer loop
vertex 66.98440551757812 151.84999990463257 90.19436645507812
vertex 67.92337036132812 151.5 91.96026611328125
vertex 68.0439453125 151.84999990463257 89.63101196289062
endloop
endfacet
facet normal -0.8829469469755986 -3.581796446776976e-05 0.46947277614739596
outer loop
vertex 67.45388793945312 151.5 91.07730102539062
vertex 67.57125854492188 151.40000009536743 91.29803466796875
vertex 67.92337036132812 151.5 91.96026611328125
endloop
endfacet
facet normal -0.8829491895381352 0.0 0.46946855985672825
outer loop
vertex 67.57125854492188 151.40000009536743 91.29803466796875
vertex 67.92337036132812 151.40000009536743 91.96026611328125
vertex 67.92337036132812 151.5 91.96026611328125
endloop
endfacet
facet normal 0.0 -1.0 0.0
outer loop
vertex 67.57125854492188 151.40000009536743 91.29803466796875
vertex 68.98291015625 151.40000009536743 91.39691162109375
vertex 67.92337036132812 151.40000009536743 91.96026611328125
endloop
endfacet
facet normal 0.17435872275243255 0.9284759933703981 0.3279197547190357
outer loop
vertex 68.513427734375 151.5 90.51394653320312
vertex 68.63079833984375 151.40000009536743 90.73468017578125
vertex 70.12921142578125 151.5 89.65481567382812
endloop
endfacet
facet normal 0.08092565242611731 0.9850306821390409 0.1522024770629668
outer loop
vertex 68.0439453125 151.84999990463257 89.63101196289062
vertex 67.92337036132812 151.5 91.96026611328125
vertex 68.98291015625 151.5 91.39691162109375
endloop
endfacet
facet normal 0.8829469469755986 3.581796446776976e-05 -0.46947277614739596
outer loop
vertex 68.513427734375 151.5 90.51394653320312
vertex 68.98291015625 151.5 91.39691162109375
vertex 68.63079833984375 151.40000009536743 90.73468017578125
endloop
endfacet
facet normal 0.0 -1.0 0.0
outer loop
vertex 67.57125854492188 151.40000009536743 91.29803466796875
vertex 68.63079833984375 151.40000009536743 90.73468017578125
vertex 68.98291015625 151.40000009536743 91.39691162109375
endloop
endfacet
facet normal 0.4694632405567483 0.0 0.8829520178163459
outer loop
vertex 68.98291015625 151.40000009536743 91.39691162109375
vertex 67.92337036132812 151.5 91.96026611328125
vertex 67.92337036132812 151.40000009536743 91.96026611328125
endloop
endfacet
facet normal 0.4694632405567483 -0.0 0.8829520178163459
outer loop
vertex 68.98291015625 151.40000009536743 91.39691162109375
vertex 68.98291015625 151.5 91.39691162109375
vertex 67.92337036132812 151.5 91.96026611328125
endloop
endfacet
facet normal 0.8829491895381352 0.0 -0.46946855985672825
outer loop
vertex 68.63079833984375 151.40000009536743 90.73468017578125
vertex 68.98291015625 151.5 91.39691162109375
vertex 68.98291015625 151.40000009536743 91.39691162109375
endloop
endfacet
facet normal 0.994152665499248 0.0 -0.10798369173509759
outer loop
vertex 70.36181640625 147.29999995231628 91.79629516601562
vertex 70.12921142578125 151.5 89.65481567382812
vertex 70.36181640625 150.70000004768372 91.79629516601562
endloop
endfacet
facet normal 0.1743478834524314 0.9284821327133518 0.3279081346470729
outer loop
vertex 63.8280029296875 150.70000004768372 95.2703857421875
vertex 68.63079833984375 151.40000009536743 90.73468017578125
vertex 67.57125854492188 151.40000009536743 91.29803466796875
endloop
endfacet
facet normal 0.17435577067405997 0.9284779310808116 0.32791583787391304
outer loop
vertex 63.8280029296875 150.70000004768372 95.2703857421875
vertex 70.12921142578125 151.5 89.65481567382812
vertex 68.63079833984375 151.40000009536743 90.73468017578125
endloop
endfacet
facet normal 0.17435619598583854 0.9284776945630124 0.3279162814199706
outer loop
vertex 63.8280029296875 150.70000004768372 95.2703857421875
vertex 70.36181640625 150.70000004768372 91.79629516601562
vertex 70.12921142578125 151.5 89.65481567382812
endloop
endfacet
facet normal 0.4694715971267608 -0.0 0.8829475745995615
outer loop
vertex 70.36181640625 147.29999995231628 91.79629516601562
vertex 70.36181640625 150.70000004768372 91.79629516601562
vertex 63.8280029296875 150.70000004768372 95.2703857421875
endloop
endfacet
facet normal 0.882948175494409 -2.650169754925232e-06 -0.46947046699879985
outer loop
vertex 49.750823974609375 298.0 44.529083251953125
vertex 60.048736572265625 298.0 63.896697998046875
vertex 51.641876220703125 295.0 48.085662841796875
endloop
endfacet
facet normal 0.8829479670588779 0.0 -0.4694708590174629
outer loop
vertex 51.641876220703125 286.0 48.085662841796875
vertex 51.641876220703125 295.0 48.085662841796875
vertex 60.048736572265625 298.0 63.896697998046875
endloop
endfacet
facet normal 0.8829479670588779 0.0 -0.4694708590174629
outer loop
vertex 51.641876220703125 286.0 48.085662841796875
vertex 60.048736572265625 298.0 63.896697998046875
vertex 60.048736572265625 286.0 63.896697998046875
endloop
endfacet
facet normal -0.0 1.0 0.0
outer loop
vertex 41.0411376953125 298.0 75.00979614257812
vertex 68.25302124023438 298.0 79.32669067382812
vertex 60.048736572265625 298.0 63.896697998046875
endloop
endfacet
facet normal 0.8829473074656649 0.0 -0.469472099532158
outer loop
vertex 60.048736572265625 286.0 63.896697998046875
vertex 60.048736572265625 298.0 63.896697998046875
vertex 68.25302124023438 286.0 79.32669067382812
endloop
endfacet
facet normal 0.469496556245006 -0.0002121385666395402 0.8829342776624477
outer loop
vertex 48.828155517578125 295.0 89.65505981445312
vertex 52.359954833984375 295.5 87.77716064453125
vertex 68.25302124023438 298.0 79.32669067382812
endloop
endfacet
facet normal 0.0 -1.0 0.0
outer loop
vertex 52.44384765625 286.0 87.73257446289062
vertex 60.048736572265625 286.0 63.896697998046875
vertex 68.25302124023438 286.0 79.32669067382812
endloop
endfacet
facet normal 0.4694714359785682 -3.5705788443900926e-06 0.8829476602763451
outer loop
vertex 52.44384765625 286.0 87.73257446289062
vertex 68.25302124023438 286.0 79.32669067382812
vertex 52.359954833984375 288.5 87.77719116210938
endloop
endfacet
facet normal 0.46947102511728717 0.0 0.8829478787421845
outer loop
vertex 48.828155517578125 295.0 89.65505981445312
vertex 68.25302124023438 298.0 79.32669067382812
vertex 48.828155517578125 295.8679656982422 89.65505981445312
endloop
endfacet
facet normal 0.4694710251172871 0.0 0.8829478787421844
outer loop
vertex 48.828155517578125 295.8679656982422 89.65505981445312
vertex 68.25302124023438 298.0 79.32669067382812
vertex 48.828155517578125 298.0 89.65505981445312
endloop
endfacet
facet normal 0.8829473074656649 0.0 -0.469472099532158
outer loop
vertex 60.048736572265625 298.0 63.896697998046875
vertex 68.25302124023438 298.0 79.32669067382812
vertex 68.25302124023438 286.0 79.32669067382812
endloop
endfacet
facet normal 0.4694715081787983 -2.9818286992700045e-06 0.882947621888996
outer loop
vertex 68.25302124023438 286.0 79.32669067382812
vertex 64.72122192382812 288.5 81.20458984375
vertex 52.359954833984375 288.5 87.77719116210938
endloop
endfacet
facet normal 0.4694698087841921 6.061319422620124e-06 0.8829485254551337
outer loop
vertex 68.25302124023438 298.0 79.32669067382812
vertex 52.359954833984375 295.5 87.77716064453125
vertex 64.72122192382812 295.5 81.20458984375
endloop
endfacet
facet normal 0.4694731536734254 0.0 0.8829467469671817
outer loop
vertex 68.25302124023438 298.0 79.32669067382812
vertex 64.72122192382812 295.3191833496094 81.20458984375
vertex 64.72122192382812 288.5 81.20458984375
endloop
endfacet
facet normal 0.4694731536734254 0.0 0.8829467469671817
outer loop
vertex 68.25302124023438 298.0 79.32669067382812
vertex 64.72122192382812 295.5 81.20458984375
vertex 64.72122192382812 295.3191833496094 81.20458984375
endloop
endfacet
facet normal 0.4694731536734254 -0.0 0.8829467469671816
outer loop
vertex 68.25302124023438 286.0 79.32669067382812
vertex 68.25302124023438 298.0 79.32669067382812
vertex 64.72122192382812 288.5 81.20458984375
endloop
endfacet
facet normal -0.0 -1.0 -0.0
outer loop
vertex 61.323394775390625 288.5 84.14382934570312
vertex 52.359954833984375 288.5 87.77719116210938
vertex 62.3829345703125 288.5 83.58047485351562
endloop
endfacet
facet normal 0.0 1.0 0.0
outer loop
vertex 55.63720703125 295.5 87.167236328125
vertex 64.72122192382812 295.5 81.20458984375
vertex 52.359954833984375 295.5 87.77716064453125
endloop
endfacet
facet normal 0.0 1.0 0.0
outer loop
vertex 55.63720703125 295.5 87.167236328125
vertex 56.696746826171875 295.5 86.6038818359375
vertex 64.72122192382812 295.5 81.20458984375
endloop
endfacet
facet normal -0.0 -1.0 -0.0
outer loop
vertex 62.3829345703125 288.5 83.58047485351562
vertex 52.359954833984375 288.5 87.77719116210938
vertex 64.72122192382812 288.5 81.20458984375
endloop
endfacet
facet normal 0.0 1.0 0.0
outer loop
vertex 56.696746826171875 295.5 86.6038818359375
vertex 61.323394775390625 295.5 84.14382934570312
vertex 64.72122192382812 295.5 81.20458984375
endloop
endfacet
facet normal -0.0 -1.0 -0.0
outer loop
vertex 55.63720703125 288.5 87.167236328125
vertex 52.359954833984375 288.5 87.77719116210938
vertex 56.696746826171875 288.5 86.6038818359375
endloop
endfacet
facet normal -0.8829473794697856 2.0467353345939178e-06 0.46947196410781444
outer loop
vertex 57.0546875 288.5 96.606689453125
vertex 52.359954833984375 295.5 87.77716064453125
vertex 52.359954833984375 288.5 87.77719116210938
endloop
endfacet
facet normal -0.0 -1.0 -0.0
outer loop
vertex 56.696746826171875 288.5 86.6038818359375
vertex 52.359954833984375 288.5 87.77719116210938
vertex 61.323394775390625 288.5 84.14382934570312
endloop
endfacet
facet normal -0.080927605607276 -0.9850299540555323 -0.1522061505459922
outer loop
vertex 55.63720703125 288.5 87.167236328125
vertex 56.696746826171875 288.5 86.6038818359375
vertex 56.576141357421875 288.1499938964844 88.93313598632812
endloop
endfacet
facet normal -0.08093208126490742 -0.9850295596844575 -0.15220632302888903
outer loop
vertex 56.696746826171875 288.5 86.6038818359375
vertex 57.63568115234375 288.1499938964844 88.3697509765625
vertex 56.576141357421875 288.1499938964844 88.93313598632812
endloop
endfacet
facet normal -0.0 -0.9999999999999999 0.0
outer loop
vertex 55.63720703125 288.5 87.167236328125
vertex 57.0546875 288.5 96.606689453125
vertex 52.359954833984375 288.5 87.77719116210938
endloop
endfacet
facet normal -0.080927605607276 0.9850299540555323 -0.1522061505459922
outer loop
vertex 55.63720703125 295.5 87.167236328125
vertex 56.576141357421875 295.8500061035156 88.93313598632812
vertex 56.696746826171875 295.5 86.6038818359375
endloop
endfacet
facet normal -0.08093208126490742 0.9850295596844575 -0.15220632302888903
outer loop
vertex 56.696746826171875 295.5 86.6038818359375
vertex 56.576141357421875 295.8500061035156 88.93313598632812
vertex 57.63568115234375 295.8500061035156 88.3697509765625
endloop
endfacet
facet normal 0.0 1.0 -0.0
outer loop
vertex 55.63720703125 295.5 87.167236328125
vertex 52.359954833984375 295.5 87.77716064453125
vertex 57.0546875 295.5 96.606689453125
endloop
endfacet
facet normal -0.8829480520864508 0.0 0.4694706991035141
outer loop
vertex 57.0546875 288.5 96.606689453125
vertex 57.0546875 295.5 96.606689453125
vertex 52.359954833984375 295.5 87.77716064453125
endloop
endfacet
facet normal -0.8829474270618106 3.021007503142015e-05 0.4694718736327877
outer loop
vertex 55.63720703125 288.5 87.167236328125
vertex 56.576141357421875 288.1499938964844 88.93313598632812
vertex 59.862457275390625 288.5 95.11376953125
endloop
endfacet
facet normal 0.0 -1.0 0.0
outer loop
vertex 56.576141357421875 288.1499938964844 88.93313598632812
vertex 57.63568115234375 288.1499938964844 88.3697509765625
vertex 59.392974853515625 288.1499938964844 94.23080444335938
endloop
endfacet
facet normal 0.8829474274139505 1.0723909943890686e-05 -0.469471873820024
outer loop
vertex 56.696746826171875 288.5 86.6038818359375
vertex 60.9219970703125 288.5 94.5504150390625
vertex 57.63568115234375 288.1499938964844 88.3697509765625
endloop
endfacet
facet normal -0.8829474270618106 -3.021007503142015e-05 0.4694718736327877
outer loop
vertex 55.63720703125 295.5 87.167236328125
vertex 59.862457275390625 295.5 95.11376953125
vertex 56.576141357421875 295.8500061035156 88.93313598632812
endloop
endfacet
facet normal -0.0 1.0 0.0
outer loop
vertex 56.576141357421875 295.8500061035156 88.93313598632812
vertex 59.392974853515625 295.8500061035156 94.23080444335938
vertex 57.63568115234375 295.8500061035156 88.3697509765625
endloop
endfacet
facet normal 0.8829474274139505 -1.0723909943890686e-05 -0.469471873820024
outer loop
vertex 56.696746826171875 295.5 86.6038818359375
vertex 57.63568115234375 295.8500061035156 88.3697509765625
vertex 60.9219970703125 295.5 94.5504150390625
endloop
endfacet
facet normal 0.0 -1.0 0.0
outer loop
vertex 56.696746826171875 288.5 86.6038818359375
vertex 61.323394775390625 288.5 84.14382934570312
vertex 65.54861450195312 288.5 92.09039306640625
endloop
endfacet
facet normal 0.0 -0.9999999999999999 0.0
outer loop
vertex 56.696746826171875 288.5 86.6038818359375
vertex 65.54861450195312 288.5 92.09039306640625
vertex 60.9219970703125 288.5 94.5504150390625
endloop
endfacet
facet normal -0.0 1.0 0.0
outer loop
vertex 56.696746826171875 295.5 86.6038818359375
vertex 60.9219970703125 295.5 94.5504150390625
vertex 61.323394775390625 295.5 84.14382934570312
endloop
endfacet
facet normal 0.0 -1.0 0.0
outer loop
vertex 55.63720703125 288.5 87.167236328125
vertex 59.862457275390625 288.5 95.11376953125
vertex 57.0546875 288.5 96.606689453125
endloop
endfacet
facet normal -0.8829466794252826 -3.930653525388746e-05 0.4694732790552233
outer loop
vertex 56.576141357421875 288.1499938964844 88.93313598632812
vertex 59.392974853515625 288.1499938964844 94.23080444335938
vertex 60.3319091796875 288.5 95.9967041015625
endloop
endfacet
facet normal 0.0 -1.0 0.0
outer loop
vertex 57.63568115234375 288.1499938964844 88.3697509765625
vertex 60.4525146484375 288.1499938964844 93.66744995117188
vertex 59.392974853515625 288.1499938964844 94.23080444335938
endloop
endfacet
facet normal -0.8829528411750939 0.0002621309049965552 0.46946161882332604
outer loop
vertex 56.576141357421875 288.1499938964844 88.93313598632812
vertex 60.3319091796875 288.5 95.9967041015625
vertex 59.862457275390625 288.5 95.11376953125
endloop
endfacet
facet normal 0.17435150230557514 -0.928481857281321 0.32790699038480053
outer loop
vertex 57.0546875 288.5 96.606689453125
vertex 59.862457275390625 288.5 95.11376953125
vertex 59.979827880859375 288.6000061035156 95.33453369140625
endloop
endfacet
facet normal -0.0 1.0 0.0
outer loop
vertex 55.63720703125 295.5 87.167236328125
vertex 57.0546875 295.5 96.606689453125
vertex 59.862457275390625 295.5 95.11376953125
endloop
endfacet
facet normal -0.8829466794252826 3.930653525388746e-05 0.4694732790552233
outer loop
vertex 56.576141357421875 295.8500061035156 88.93313598632812
vertex 60.3319091796875 295.5 95.9967041015625
vertex 59.392974853515625 295.8500061035156 94.23080444335938
endloop
endfacet
facet normal -0.8829528411750939 -0.0002621309049965552 0.46946161882332604
outer loop
vertex 56.576141357421875 295.8500061035156 88.93313598632812
vertex 59.862457275390625 295.5 95.11376953125
vertex 60.3319091796875 295.5 95.9967041015625
endloop
endfacet
facet normal -0.0 1.0 0.0
outer loop
vertex 57.63568115234375 295.8500061035156 88.3697509765625
vertex 59.392974853515625 295.8500061035156 94.23080444335938
vertex 60.4525146484375 295.8500061035156 93.66744995117188
endloop
endfacet
facet normal -0.6454410140053425 0.0 0.7638101187073626
outer loop
vertex 57.0546875 288.5 96.606689453125
vertex 58.699981689453125 294.6999969482422 97.99700927734375
vertex 57.0546875 295.5 96.606689453125
endloop
endfacet
facet normal -0.6454410140053424 0.0 0.7638101187073626
outer loop
vertex 57.0546875 288.5 96.606689453125
vertex 58.699981689453125 289.3000030517578 97.99700927734375
vertex 58.699981689453125 294.6999969482422 97.99700927734375
endloop
endfacet
facet normal 0.17435150230557514 0.928481857281321 0.32790699038480053
outer loop
vertex 57.0546875 295.5 96.606689453125
vertex 59.979827880859375 295.3999938964844 95.33453369140625
vertex 59.862457275390625 295.5 95.11376953125
endloop
endfacet
facet normal 0.17435725181234504 0.9284759444403399 0.32792067537144587
outer loop
vertex 57.0546875 295.5 96.606689453125
vertex 58.699981689453125 294.6999969482422 97.99700927734375
vertex 59.979827880859375 295.3999938964844 95.33453369140625
endloop
endfacet
facet normal 0.8829478008501596 2.5661865342812784e-05 -0.4694711709097118
outer loop
vertex 57.63568115234375 288.1499938964844 88.3697509765625
vertex 61.391448974609375 288.5 95.433349609375
vertex 60.4525146484375 288.1499938964844 93.66744995117188
endloop
endfacet
facet normal 0.8829528499093247 -0.0002211978163464584 -0.46946162346727294
outer loop
vertex 57.63568115234375 288.1499938964844 88.3697509765625
vertex 60.9219970703125 288.5 94.5504150390625
vertex 61.391448974609375 288.5 95.433349609375
endloop
endfacet
facet normal 0.080927605607276 -0.9850299540555323 0.1522061505459922
outer loop
vertex 59.392974853515625 288.1499938964844 94.23080444335938
vertex 60.4525146484375 288.1499938964844 93.66744995117188
vertex 60.3319091796875 288.5 95.9967041015625
endloop
endfacet
facet normal 0.8829528695069605 -6.735984662091551e-05 -0.46946163388723816
outer loop
vertex 60.9219970703125 288.5 94.5504150390625
vertex 61.03936767578125 288.6000061035156 94.77114868164062
vertex 61.391448974609375 288.5 95.433349609375
endloop
endfacet
facet normal -0.8829528689668495 -7.589973035042765e-05 0.4694616336000638
outer loop
vertex 59.862457275390625 288.5 95.11376953125
vertex 60.3319091796875 288.5 95.9967041015625
vertex 59.979827880859375 288.6000061035156 95.33453369140625
endloop
endfacet
facet normal -0.0 1.0 0.0
outer loop
vertex 59.979827880859375 288.6000061035156 95.33453369140625
vertex 60.3319091796875 288.6000061035156 95.9967041015625
vertex 61.03936767578125 288.6000061035156 94.77114868164062
endloop
endfacet
facet normal -0.8829481199481272 0.0 0.4694705714739397
outer loop
vertex 59.979827880859375 288.6000061035156 95.33453369140625
vertex 60.3319091796875 288.5 95.9967041015625
vertex 60.3319091796875 288.6000061035156 95.9967041015625
endloop
endfacet
facet normal 0.080927605607276 -0.9850299540555323 0.1522061505459922
outer loop
vertex 60.4525146484375 288.1499938964844 93.66744995117188
vertex 61.391448974609375 288.5 95.433349609375
vertex 60.3319091796875 288.5 95.9967041015625
endloop
endfacet
facet normal 0.0 1.0 0.0
outer loop
vertex 60.3319091796875 288.6000061035156 95.9967041015625
vertex 61.391448974609375 288.6000061035156 95.433349609375
vertex 61.03936767578125 288.6000061035156 94.77114868164062
endloop
endfacet
facet normal 0.4694632405567484 0.0 0.882952017816346
outer loop
vertex 60.3319091796875 288.5 95.9967041015625
vertex 61.391448974609375 288.6000061035156 95.433349609375
vertex 60.3319091796875 288.6000061035156 95.9967041015625
endloop
endfacet
facet normal 0.8829570882212019 0.0 -0.4694537041710681
outer loop
vertex 61.03936767578125 288.6000061035156 94.77114868164062
vertex 61.391448974609375 288.6000061035156 95.433349609375
vertex 61.391448974609375 288.5 95.433349609375
endloop
endfacet
facet normal 0.4694632405567484 -0.0 0.882952017816346
outer loop
vertex 60.3319091796875 288.5 95.9967041015625
vertex 61.391448974609375 288.5 95.433349609375
vertex 61.391448974609375 288.6000061035156 95.433349609375
endloop
endfacet
facet normal 0.8829478008501596 -2.5661865342812784e-05 -0.4694711709097118
outer loop
vertex 57.63568115234375 295.8500061035156 88.3697509765625
vertex 60.4525146484375 295.8500061035156 93.66744995117188
vertex 61.391448974609375 295.5 95.433349609375
endloop
endfacet
facet normal 0.8829528499093247 0.0002211978163464584 -0.46946162346727294
outer loop
vertex 57.63568115234375 295.8500061035156 88.3697509765625
vertex 61.391448974609375 295.5 95.433349609375
vertex 60.9219970703125 295.5 94.5504150390625
endloop
endfacet
facet normal 0.080927605607276 0.9850299540555323 0.1522061505459922
outer loop
vertex 59.392974853515625 295.8500061035156 94.23080444335938
vertex 60.3319091796875 295.5 95.9967041015625
vertex 60.4525146484375 295.8500061035156 93.66744995117188
endloop
endfacet
facet normal 0.8829528695069605 6.735984662091551e-05 -0.46946163388723816
outer loop
vertex 60.9219970703125 295.5 94.5504150390625
vertex 61.391448974609375 295.5 95.433349609375
vertex 61.03936767578125 295.3999938964844 94.77114868164062
endloop
endfacet
facet normal 0.17436578764130004 0.9284731516286142 0.32792404426186533
outer loop
vertex 58.699981689453125 294.6999969482422 97.99700927734375
vertex 61.03936767578125 295.3999938964844 94.77114868164062
vertex 59.979827880859375 295.3999938964844 95.33453369140625
endloop
endfacet
facet normal -0.8829528689668495 7.589973035042765e-05 0.4694616336000638
outer loop
vertex 59.862457275390625 295.5 95.11376953125
vertex 59.979827880859375 295.3999938964844 95.33453369140625
vertex 60.3319091796875 295.5 95.9967041015625
endloop
endfacet
facet normal -0.8829481199481272 0.0 0.4694705714739397
outer loop
vertex 59.979827880859375 295.3999938964844 95.33453369140625
vertex 60.3319091796875 295.3999938964844 95.9967041015625
vertex 60.3319091796875 295.5 95.9967041015625
endloop
endfacet
facet normal 0.080927605607276 0.9850299540555323 0.1522061505459922
outer loop
vertex 60.4525146484375 295.8500061035156 93.66744995117188
vertex 60.3319091796875 295.5 95.9967041015625
vertex 61.391448974609375 295.5 95.433349609375
endloop
endfacet
facet normal 0.0 -1.0 0.0
outer loop
vertex 59.979827880859375 295.3999938964844 95.33453369140625
vertex 61.391448974609375 295.3999938964844 95.433349609375
vertex 60.3319091796875 295.3999938964844 95.9967041015625
endloop
endfacet
facet normal 0.0 -1.0 0.0
outer loop
vertex 59.979827880859375 295.3999938964844 95.33453369140625
vertex 61.03936767578125 295.3999938964844 94.77114868164062
vertex 61.391448974609375 295.3999938964844 95.433349609375
endloop
endfacet
facet normal 0.4694632405567484 0.0 0.882952017816346
outer loop
vertex 60.3319091796875 295.3999938964844 95.9967041015625
vertex 61.391448974609375 295.3999938964844 95.433349609375
vertex 60.3319091796875 295.5 95.9967041015625
endloop
endfacet
facet normal 0.8829570882212019 0.0 -0.4694537041710681
outer loop
vertex 61.03936767578125 295.3999938964844 94.77114868164062
vertex 61.391448974609375 295.5 95.433349609375
vertex 61.391448974609375 295.3999938964844 95.433349609375
endloop
endfacet
facet normal 0.4694632405567484 -0.0 0.882952017816346
outer loop
vertex 60.3319091796875 295.5 95.9967041015625
vertex 61.391448974609375 295.3999938964844 95.433349609375
vertex 61.391448974609375 295.5 95.433349609375
endloop
endfacet
facet normal -0.080927605607276 -0.9850299540555323 -0.1522061505459922
outer loop
vertex 61.323394775390625 288.5 84.14382934570312
vertex 62.3829345703125 288.5 83.58047485351562
vertex 62.2623291015625 288.1499938964844 85.90972900390625
endloop
endfacet
facet normal -0.080927605607276 -0.9850299540555323 -0.1522061505459922
outer loop
vertex 62.3829345703125 288.5 83.58047485351562
vertex 63.321868896484375 288.1499938964844 85.34637451171875
vertex 62.2623291015625 288.1499938964844 85.90972900390625
endloop
endfacet
facet normal -0.080927605607276 0.9850299540555323 -0.1522061505459922
outer loop
vertex 61.323394775390625 295.5 84.14382934570312
vertex 62.2623291015625 295.8500061035156 85.90972900390625
vertex 62.3829345703125 295.5 83.58047485351562
endloop
endfacet
facet normal -0.080927605607276 0.9850299540555323 -0.1522061505459922
outer loop
vertex 62.3829345703125 295.5 83.58047485351562
vertex 62.2623291015625 295.8500061035156 85.90972900390625
vertex 63.321868896484375 295.8500061035156 85.34637451171875
endloop
endfacet
facet normal 0.0 1.0 0.0
outer loop
vertex 61.323394775390625 295.5 84.14382934570312
vertex 62.3829345703125 295.5 83.58047485351562
vertex 64.72122192382812 295.5 81.20458984375
endloop
endfacet
facet normal 0.0 -0.9999999999999999 0.0
outer loop
vertex 62.3829345703125 288.5 83.58047485351562
vertex 64.72122192382812 288.5 81.20458984375
vertex 69.41595458984375 288.5 90.03408813476562
endloop
endfacet
facet normal -0.0 0.9999999999999999 0.0
outer loop
vertex 62.3829345703125 295.5 83.58047485351562
vertex 69.41595458984375 295.5 90.03408813476562
vertex 64.72122192382812 295.5 81.20458984375
endloop
endfacet
facet normal 0.882947379471635 0.0 -0.4694719641087978
outer loop
vertex 69.41595458984375 295.5 90.03408813476562
vertex 64.72122192382812 288.5 81.20458984375
vertex 64.72122192382812 295.3191833496094 81.20458984375
endloop
endfacet
facet normal 0.8829473794716352 0.0 -0.4694719641087979
outer loop
vertex 69.41595458984375 295.5 90.03408813476562
vertex 64.72122192382812 295.3191833496094 81.20458984375
vertex 64.72122192382812 295.5 81.20458984375
endloop
endfacet
facet normal -0.8829495803665982 4.005791026779073e-06 0.46946782479143545
outer loop
vertex 61.323394775390625 288.5 84.14382934570312
vertex 62.2623291015625 288.1499938964844 85.90972900390625
vertex 65.54861450195312 288.5 92.09039306640625
endloop
endfacet
facet normal 0.0 -1.0 0.0
outer loop
vertex 62.2623291015625 288.1499938964844 85.90972900390625
vertex 63.321868896484375 288.1499938964844 85.34637451171875
vertex 65.07916259765625 288.1499938964844 91.20742797851562
endloop
endfacet
facet normal -0.8829495803665982 -4.005791026779073e-06 0.46946782479143545
outer loop
vertex 61.323394775390625 295.5 84.14382934570312
vertex 65.54861450195312 295.5 92.09039306640625
vertex 62.2623291015625 295.8500061035156 85.90972900390625
endloop
endfacet
facet normal -0.0 1.0 0.0
outer loop
vertex 62.2623291015625 295.8500061035156 85.90972900390625
vertex 65.07916259765625 295.8500061035156 91.20742797851562
vertex 63.321868896484375 295.8500061035156 85.34637451171875
endloop
endfacet
facet normal -0.0 0.9999999999999999 -0.0
outer loop
vertex 61.323394775390625 295.5 84.14382934570312
vertex 60.9219970703125 295.5 94.5504150390625
vertex 65.54861450195312 295.5 92.09039306640625
endloop
endfacet
facet normal 0.8829474270618106 -3.021007503142015e-05 -0.4694718736327877
outer loop
vertex 62.3829345703125 288.5 83.58047485351562
vertex 66.60818481445312 288.5 91.52700805664062
vertex 63.321868896484375 288.1499938964844 85.34637451171875
endloop
endfacet
facet normal 0.0 -1.0 0.0
outer loop
vertex 63.321868896484375 288.1499938964844 85.34637451171875
vertex 66.13870239257812 288.1499938964844 90.64404296875
vertex 65.07916259765625 288.1499938964844 91.20742797851562
endloop
endfacet
facet normal -0.8829478008501596 -2.5661865342812784e-05 0.4694711709097118
outer loop
vertex 62.2623291015625 288.1499938964844 85.90972900390625
vertex 65.07916259765625 288.1499938964844 91.20742797851562
vertex 66.01809692382812 288.5 92.97332763671875
endloop
endfacet
facet normal -0.8829401524168273 -0.00039469544140119264 0.4694853900449492
outer loop
vertex 62.2623291015625 288.1499938964844 85.90972900390625
vertex 66.01809692382812 288.5 92.97332763671875
vertex 65.54861450195312 288.5 92.09039306640625
endloop
endfacet
facet normal 0.8829466794252826 3.930653525388746e-05 -0.4694732790552233
outer loop
vertex 63.321868896484375 288.1499938964844 85.34637451171875
vertex 67.07763671875 288.5 92.40994262695312
vertex 66.13870239257812 288.1499938964844 90.64404296875
endloop
endfacet
facet normal 0.8829528411750939 -0.0002621309049965552 -0.46946161882332604
outer loop
vertex 63.321868896484375 288.1499938964844 85.34637451171875
vertex 66.60818481445312 288.5 91.52700805664062
vertex 67.07763671875 288.5 92.40994262695312
endloop
endfacet
facet normal 0.08093102329936337 -0.9850299540511047 0.15220433334762998
outer loop
vertex 65.07916259765625 288.1499938964844 91.20742797851562
vertex 66.13870239257812 288.1499938964844 90.64404296875
vertex 66.01809692382812 288.5 92.97332763671875
endloop
endfacet
facet normal 0.8829474270618106 3.021007503142015e-05 -0.4694718736327877
outer loop
vertex 62.3829345703125 295.5 83.58047485351562
vertex 63.321868896484375 295.8500061035156 85.34637451171875
vertex 66.60818481445312 295.5 91.52700805664062
endloop
endfacet
facet normal -0.8829401524168273 0.00039469544140119264 0.4694853900449492
outer loop
vertex 62.2623291015625 295.8500061035156 85.90972900390625
vertex 65.54861450195312 295.5 92.09039306640625
vertex 66.01809692382812 295.5 92.97332763671875
endloop
endfacet
facet normal -0.0 1.0 0.0
outer loop
vertex 63.321868896484375 295.8500061035156 85.34637451171875
vertex 65.07916259765625 295.8500061035156 91.20742797851562
vertex 66.13870239257812 295.8500061035156 90.64404296875
endloop
endfacet
facet normal -0.8829478008501596 2.5661865342812784e-05 0.4694711709097118
outer loop
vertex 62.2623291015625 295.8500061035156 85.90972900390625
vertex 66.01809692382812 295.5 92.97332763671875
vertex 65.07916259765625 295.8500061035156 91.20742797851562
endloop
endfacet
facet normal 0.8829528411750939 0.0002621309049965552 -0.46946161882332604
outer loop
vertex 63.321868896484375 295.8500061035156 85.34637451171875
vertex 67.07763671875 295.5 92.40994262695312
vertex 66.60818481445312 295.5 91.52700805664062
endloop
endfacet
facet normal 0.8829466794252826 -3.930653525388746e-05 -0.4694732790552233
outer loop
vertex 63.321868896484375 295.8500061035156 85.34637451171875
vertex 66.13870239257812 295.8500061035156 90.64404296875
vertex 67.07763671875 295.5 92.40994262695312
endloop
endfacet
facet normal 0.08093102329936337 0.9850299540511047 0.15220433334762998
outer loop
vertex 65.07916259765625 295.8500061035156 91.20742797851562
vertex 66.01809692382812 295.5 92.97332763671875
vertex 66.13870239257812 295.8500061035156 90.64404296875
endloop
endfacet
facet normal 0.17436692371858667 -0.9284680544970347 0.32793787169433136
outer loop
vertex 60.9219970703125 288.5 94.5504150390625
vertex 65.666015625 288.6000061035156 92.31112670898438
vertex 61.03936767578125 288.6000061035156 94.77114868164062
endloop
endfacet
facet normal 0.17436158967040077 -0.9284714831635517 0.32793100036392614
outer loop
vertex 57.0546875 288.5 96.606689453125
vertex 59.979827880859375 288.6000061035156 95.33453369140625
vertex 69.64852905273438 289.3000030517578 92.17556762695312
endloop
endfacet
facet normal 0.17436782035648962 0.9284680545026672 0.3279373949279941
outer loop
vertex 60.9219970703125 295.5 94.5504150390625
vertex 61.03936767578125 295.3999938964844 94.77114868164062
vertex 65.54861450195312 295.5 92.09039306640625
endloop
endfacet
facet normal 0.17435158936490178 -0.9284852483360069 0.3278973420269772
outer loop
vertex 59.979827880859375 288.6000061035156 95.33453369140625
vertex 61.03936767578125 288.6000061035156 94.77114868164062
vertex 69.64852905273438 289.3000030517578 92.17556762695312
endloop
endfacet
facet normal 0.17434806505934466 0.9284819779840437 0.3279084762077675
outer loop
vertex 58.699981689453125 294.6999969482422 97.99700927734375
vertex 66.72555541992188 295.3999938964844 91.74777221679688
vertex 65.666015625 295.3999938964844 92.31112670898438
endloop
endfacet
facet normal 0.1743579756682993 -0.928476082905738 0.3279198984399545
outer loop
vertex 57.0546875 288.5 96.606689453125
vertex 69.64852905273438 289.3000030517578 92.17556762695312
vertex 58.699981689453125 289.3000030517578 97.99700927734375
endloop
endfacet
facet normal 0.4694712958583191 0.0 0.8829477347867826
outer loop
vertex 58.699981689453125 289.3000030517578 97.99700927734375
vertex 69.64852905273438 289.3000030517578 92.17556762695312
vertex 58.699981689453125 294.6999969482422 97.99700927734375
endloop
endfacet
facet normal 0.17435639752643556 0.9284770233623416 0.32791807472264967
outer loop
vertex 58.699981689453125 294.6999969482422 97.99700927734375
vertex 65.666015625 295.3999938964844 92.31112670898438
vertex 61.03936767578125 295.3999938964844 94.77114868164062
endloop
endfacet
facet normal 0.17435920638433935 -0.9284753940656371 0.3279211944411087
outer loop
vertex 60.9219970703125 288.5 94.5504150390625
vertex 65.54861450195312 288.5 92.09039306640625
vertex 65.666015625 288.6000061035156 92.31112670898438
endloop
endfacet
facet normal -0.8829401891422838 0.00026943551697964106 0.46948540957296053
outer loop
vertex 65.54861450195312 288.5 92.09039306640625
vertex 66.01809692382812 288.5 92.97332763671875
vertex 65.666015625 288.6000061035156 92.31112670898438
endloop
endfacet
facet normal -0.8829570882212019 0.0 0.4694537041710681
outer loop
vertex 65.666015625 288.6000061035156 92.31112670898438
vertex 66.01809692382812 288.5 92.97332763671875
vertex 66.01809692382812 288.6000061035156 92.97332763671875
endloop
endfacet
facet normal 0.17435830983502418 0.9284753940222664 0.32792167126719607
outer loop
vertex 61.03936767578125 295.3999938964844 94.77114868164062
vertex 65.666015625 295.3999938964844 92.31112670898438
vertex 65.54861450195312 295.5 92.09039306640625
endloop
endfacet
facet normal 0.17435793816694006 -0.9284757106954283 0.3279209722582448
outer loop
vertex 61.03936767578125 288.6000061035156 94.77114868164062
vertex 65.666015625 288.6000061035156 92.31112670898438
vertex 69.64852905273438 289.3000030517578 92.17556762695312
endloop
endfacet
facet normal 0.17436963021463484 0.928468673198645 0.32793468091612266
outer loop
vertex 58.699981689453125 294.6999969482422 97.99700927734375
vertex 69.41595458984375 295.5 90.03408813476562
vertex 66.72555541992188 295.3999938964844 91.74777221679688
endloop
endfacet
facet normal -0.8829401891422838 -0.00026943551697964106 0.46948540957296053
outer loop
vertex 65.666015625 295.3999938964844 92.31112670898438
vertex 66.01809692382812 295.5 92.97332763671875
vertex 65.54861450195312 295.5 92.09039306640625
endloop
endfacet
facet normal -0.8829570882212019 0.0 0.4694537041710681
outer loop
vertex 65.666015625 295.3999938964844 92.31112670898438
vertex 66.01809692382812 295.3999938964844 92.97332763671875
vertex 66.01809692382812 295.5 92.97332763671875
endloop
endfacet
facet normal 0.17435772265559737 0.928476298479037 0.3279194225919228
outer loop
vertex 58.699981689453125 294.6999969482422 97.99700927734375
vertex 69.64852905273438 294.6999969482422 92.17556762695312
vertex 69.41595458984375 295.5 90.03408813476562
endloop
endfacet
facet normal 0.0 -1.0 0.0
outer loop
vertex 62.3829345703125 288.5 83.58047485351562
vertex 69.41595458984375 288.5 90.03408813476562
vertex 66.60818481445312 288.5 91.52700805664062
endloop
endfacet
facet normal 0.17435150230557514 -0.928481857281321 0.32790699038480053
outer loop
vertex 66.60818481445312 288.5 91.52700805664062
vertex 69.41595458984375 288.5 90.03408813476562
vertex 66.72555541992188 288.6000061035156 91.74777221679688
endloop
endfacet
facet normal -0.0 1.0 0.0
outer loop
vertex 62.3829345703125 295.5 83.58047485351562
vertex 66.60818481445312 295.5 91.52700805664062
vertex 69.41595458984375 295.5 90.03408813476562
endloop
endfacet
facet normal 0.8829473794716352 0.0 -0.4694719641087978
outer loop
vertex 69.41595458984375 288.5 90.03408813476562
vertex 64.72122192382812 288.5 81.20458984375
vertex 69.41595458984375 295.5 90.03408813476562
endloop
endfacet
facet normal 0.17435150230557514 0.928481857281321 0.32790699038480053
outer loop
vertex 66.72555541992188 295.3999938964844 91.74777221679688
vertex 69.41595458984375 295.5 90.03408813476562
vertex 66.60818481445312 295.5 91.52700805664062
endloop
endfacet
facet normal 0.17435946141698191 -0.9284760689362581 0.3279191480030599
outer loop
vertex 66.72555541992188 288.6000061035156 91.74777221679688
vertex 69.41595458984375 288.5 90.03408813476562
vertex 69.64852905273438 289.3000030517578 92.17556762695312
endloop
endfacet
facet normal 0.9941541863023332 0.0 -0.1079696895315807
outer loop
vertex 69.41595458984375 288.5 90.03408813476562
vertex 69.41595458984375 295.5 90.03408813476562
vertex 69.64852905273438 289.3000030517578 92.17556762695312
endloop
endfacet
facet normal 0.9941541863023332 0.0 -0.1079696895315807
outer loop
vertex 69.64852905273438 289.3000030517578 92.17556762695312
vertex 69.41595458984375 295.5 90.03408813476562
vertex 69.64852905273438 294.6999969482422 92.17556762695312
endloop
endfacet
facet normal -0.0 1.0 0.0
outer loop
vertex 65.666015625 288.6000061035156 92.31112670898438
vertex 66.01809692382812 288.6000061035156 92.97332763671875
vertex 66.72555541992188 288.6000061035156 91.74777221679688
endloop
endfacet
facet normal 0.08093102329936337 -0.9850299540511047 0.15220433334762998
outer loop
vertex 66.13870239257812 288.1499938964844 90.64404296875
vertex 67.07763671875 288.5 92.40994262695312
vertex 66.01809692382812 288.5 92.97332763671875
endloop
endfacet
facet normal 0.46948306661257094 0.0 0.8829414760696522
outer loop
vertex 66.01809692382812 288.5 92.97332763671875
vertex 67.07763671875 288.6000061035156 92.40994262695312
vertex 66.01809692382812 288.6000061035156 92.97332763671875
endloop
endfacet
facet normal 0.0 1.0 0.0
outer loop
vertex 66.01809692382812 288.6000061035156 92.97332763671875
vertex 67.07763671875 288.6000061035156 92.40994262695312
vertex 66.72555541992188 288.6000061035156 91.74777221679688
endloop
endfacet
facet normal 0.46948306661257094 -0.0 0.8829414760696522
outer loop
vertex 66.01809692382812 288.5 92.97332763671875
vertex 67.07763671875 288.5 92.40994262695312
vertex 67.07763671875 288.6000061035156 92.40994262695312
endloop
endfacet
facet normal 0.8829528689668495 7.589973035042765e-05 -0.4694616336000638
outer loop
vertex 66.60818481445312 288.5 91.52700805664062
vertex 66.72555541992188 288.6000061035156 91.74777221679688
vertex 67.07763671875 288.5 92.40994262695312
endloop
endfacet
facet normal 0.8829481199481272 0.0 -0.4694705714739397
outer loop
vertex 66.72555541992188 288.6000061035156 91.74777221679688
vertex 67.07763671875 288.6000061035156 92.40994262695312
vertex 67.07763671875 288.5 92.40994262695312
endloop
endfacet
facet normal 0.4694712958583191 -0.0 0.8829477347867826
outer loop
vertex 58.699981689453125 294.6999969482422 97.99700927734375
vertex 69.64852905273438 289.3000030517578 92.17556762695312
vertex 69.64852905273438 294.6999969482422 92.17556762695312
endloop
endfacet
facet normal 0.08093102329936337 0.9850299540511047 0.15220433334762998
outer loop
vertex 66.13870239257812 295.8500061035156 90.64404296875
vertex 66.01809692382812 295.5 92.97332763671875
vertex 67.07763671875 295.5 92.40994262695312
endloop
endfacet
facet normal 0.0 -1.0 0.0
outer loop
vertex 65.666015625 295.3999938964844 92.31112670898438
vertex 66.72555541992188 295.3999938964844 91.74777221679688
vertex 67.07763671875 295.3999938964844 92.40994262695312
endloop
endfacet
facet normal 0.0 -1.0 0.0
outer loop
vertex 65.666015625 295.3999938964844 92.31112670898438
vertex 67.07763671875 295.3999938964844 92.40994262695312
vertex 66.01809692382812 295.3999938964844 92.97332763671875
endloop
endfacet
facet normal 0.46948306661257094 0.0 0.8829414760696522
outer loop
vertex 66.01809692382812 295.3999938964844 92.97332763671875
vertex 67.07763671875 295.3999938964844 92.40994262695312
vertex 66.01809692382812 295.5 92.97332763671875
endloop
endfacet
facet normal 0.46948306661257094 -0.0 0.8829414760696522
outer loop
vertex 66.01809692382812 295.5 92.97332763671875
vertex 67.07763671875 295.3999938964844 92.40994262695312
vertex 67.07763671875 295.5 92.40994262695312
endloop
endfacet
facet normal 0.8829528689668495 -7.589973035042765e-05 -0.4694616336000638
outer loop
vertex 66.72555541992188 295.3999938964844 91.74777221679688
vertex 66.60818481445312 295.5 91.52700805664062
vertex 67.07763671875 295.5 92.40994262695312
endloop
endfacet
facet normal 0.8829481199481272 0.0 -0.4694705714739397
outer loop
vertex 66.72555541992188 295.3999938964844 91.74777221679688
vertex 67.07763671875 295.5 92.40994262695312
vertex 67.07763671875 295.3999938964844 92.40994262695312
endloop
endfacet
facet normal 0.17435778132830224 -0.9284736994386509 0.32792675026746076
outer loop
vertex 65.666015625 288.6000061035156 92.31112670898438
vertex 66.72555541992188 288.6000061035156 91.74777221679688
vertex 69.64852905273438 289.3000030517578 92.17556762695312
endloop
endfacet

endsolid
