solid 
facet normal -0.46947430326336154 1.8190977533397433e-06 -0.8829461357138794
outer loop
vertex 7.6364593505859375 3.0 12.184715270996094
vertex 6.262786865234375 3.0 12.915115356445312
vertex 11.25213623046875 12.0 10.262229919433594
endloop
endfacet
facet normal -0.4694717451256284 0.0 -0.8829474959071446
outer loop
vertex 6.262786865234375 3.0 12.915115356445312
vertex 6.262786865234375 37.0 12.915115356445312
vertex 11.25213623046875 37.0 10.262229919433594
endloop
endfacet
facet normal -1.0 0.0 0.0
outer loop
vertex 6.262786865234375 3.0 12.915115356445312
vertex 6.262786865234375 3.0 22.262229919433594
vertex 6.262786865234375 34.0 17.806365966796875
endloop
endfacet
facet normal -0.8829476283832823 0.0 0.4694714959742895
outer loop
vertex 7.6364593505859375 0.0 12.184715270996094
vertex 10.147369384765625 0.0 16.90705108642578
vertex 7.6364593505859375 2.1320343017578125 12.184715270996094
endloop
endfacet
facet normal -0.8829476283832821 0.0 0.46947149597428933
outer loop
vertex 7.6364593505859375 2.1320343017578125 12.184715270996094
vertex 10.147369384765625 3.0 16.90705108642578
vertex 7.6364593505859375 3.0 12.184715270996094
endloop
endfacet
facet normal -0.0 -1.0 0.0
outer loop
vertex 7.6364593505859375 3.0 12.184715270996094
vertex 10.147369384765625 3.0 16.90705108642578
vertex 6.262786865234375 3.0 12.915115356445312
endloop
endfacet
facet normal 0.0 -0.9999999999999999 0.0
outer loop
vertex 6.262786865234375 3.0 12.915115356445312
vertex 10.147369384765625 3.0 16.90705108642578
vertex 6.262786865234375 3.0 22.262229919433594
endloop
endfacet
facet normal 0.0 -0.0 1.0
outer loop
vertex 6.262786865234375 3.0 22.262229919433594
vertex 12.994766235351562 12.0 22.262229919433594
vertex 6.262786865234375 34.0 22.262229919433594
endloop
endfacet
facet normal -1.0 0.0 0.0
outer loop
vertex 6.262786865234375 3.0 12.915115356445312
vertex 6.262786865234375 37.0 17.806365966796875
vertex 6.262786865234375 37.0 12.915115356445312
endloop
endfacet
facet normal -1.0 0.0 0.0
outer loop
vertex 6.262786865234375 3.0 12.915115356445312
vertex 6.262786865234375 34.0 17.806365966796875
vertex 6.262786865234375 37.0 17.806365966796875
endloop
endfacet
facet normal 0.0 0.0 -1.0
outer loop
vertex 4.0204010009765625 34.0 17.806365966796875
vertex 6.262786865234375 37.0 17.806365966796875
vertex 6.262786865234375 34.0 17.806365966796875
endloop
endfacet
facet normal -1.0 0.0 0.0
outer loop
vertex 6.262786865234375 3.0 22.262229919433594
vertex 6.262786865234375 34.0 22.262229919433594
vertex 6.262786865234375 34.0 17.806365966796875
endloop
endfacet
facet normal 0.0 -1.0 0.0
outer loop
vertex 4.0204010009765625 34.0 17.806365966796875
vertex 6.262786865234375 34.0 17.806365966796875
vertex 6.262786865234375 34.0 22.262229919433594
endloop
endfacet
facet normal 0.0 -0.9999999999999999 0.0
outer loop
vertex 4.0204010009765625 34.0 17.806365966796875
vertex 6.262786865234375 34.0 22.262229919433594
vertex 4.262786865234375 34.0 24.262229919433594
endloop
endfacet
facet normal -0.9992959281323673 0.0 0.03751863561045933
outer loop
vertex 4.0204010009765625 34.0 17.806365966796875
vertex 4.262786865234375 34.0 24.262229919433594
vertex 4.262786865234375 142.0 24.262229919433594
endloop
endfacet
facet normal 0.0 0.0 -1.0
outer loop
vertex 4.0204010009765625 34.0 17.806365966796875
vertex 4.0204010009765625 142.0 17.806365966796875
vertex 6.262786865234375 37.0 17.806365966796875
endloop
endfacet
facet normal -0.46947077323134495 0.0 -0.8829480126720729
outer loop
vertex 7.6364593505859375 2.1320343017578125 12.184715270996094
vertex 7.6364593505859375 3.0 12.184715270996094
vertex 11.25213623046875 12.0 10.262229919433594
endloop
endfacet
facet normal -0.4694715971267609 -0.0 -0.8829475745995617
outer loop
vertex 7.6364593505859375 2.1320343017578125 12.184715270996094
vertex 10.903366088867188 9.800003051757812 10.447669982910156
vertex 10.903366088867188 2.1999969482421875 10.447669982910156
endloop
endfacet
facet normal -0.46947665876324063 2.766166605560866e-06 -0.8829448832565101
outer loop
vertex 7.6364593505859375 2.1320343017578125 12.184715270996094
vertex 11.25213623046875 12.0 10.262229919433594
vertex 10.903366088867188 9.800003051757812 10.447669982910156
endloop
endfacet
facet normal -0.46947174512562834 -0.0 -0.8829474959071446
outer loop
vertex 6.262786865234375 3.0 12.915115356445312
vertex 11.25213623046875 37.0 10.262229919433594
vertex 11.25213623046875 12.0 10.262229919433594
endloop
endfacet
facet normal -0.4694713126195062 0.0 -0.8829477258747076
outer loop
vertex 7.6364593505859375 0.0 12.184715270996094
vertex 7.6364593505859375 2.1320343017578125 12.184715270996094
vertex 27.061309814453125 0.0 1.8563461303710938
endloop
endfacet
facet normal -0.46947116825311797 -2.643381180614208e-05 -0.8829478022399208
outer loop
vertex 7.6364593505859375 2.1320343017578125 12.184715270996094
vertex 10.903366088867188 2.1999969482421875 10.447669982910156
vertex 23.794403076171875 2.1999969482421875 3.5933914184570312
endloop
endfacet
facet normal 0.0 -1.0 0.0
outer loop
vertex 7.6364593505859375 0.0 12.184715270996094
vertex 27.061309814453125 0.0 1.8563461303710938
vertex 10.147369384765625 0.0 16.90705108642578
endloop
endfacet
facet normal -0.4694711684164998 1.6497003020061781e-06 -0.8829478025471975
outer loop
vertex 10.903366088867188 9.800003051757812 10.447669982910156
vertex 11.25213623046875 12.0 10.262229919433594
vertex 23.794403076171875 9.800003051757812 3.5933914184570312
endloop
endfacet
facet normal -0.0 1.0 0.0
outer loop
vertex 10.903366088867188 2.1999969482421875 10.447669982910156
vertex 16.677879333496094 2.1999969482421875 21.307945251464844
vertex 23.794403076171875 2.1999969482421875 3.5933914184570312
endloop
endfacet
facet normal 0.0 0.0 -1.0
outer loop
vertex 11.25213623046875 12.0 10.262229919433594
vertex 11.25213623046875 37.0 10.262229919433594
vertex 21.51251983642578 12.0 10.262229919433594
endloop
endfacet
facet normal -0.8829476283832823 0.0 0.46947149597428944
outer loop
vertex 7.6364593505859375 2.1320343017578125 12.184715270996094
vertex 10.147369384765625 0.0 16.90705108642578
vertex 10.147369384765625 3.0 16.90705108642578
endloop
endfacet
facet normal 0.8829475101609405 0.0 -0.4694717183181491
outer loop
vertex 10.903366088867188 2.1999969482421875 10.447669982910156
vertex 10.903366088867188 9.800003051757812 10.447669982910156
vertex 16.677879333496094 9.800003051757812 21.307945251464844
endloop
endfacet
facet normal 0.0 -1.0 0.0
outer loop
vertex 6.262786865234375 3.0 22.262229919433594
vertex 10.147369384765625 3.0 16.90705108642578
vertex 12.994766235351562 3.0 22.262229919433594
endloop
endfacet
facet normal 0.0 0.0 1.0
outer loop
vertex 6.262786865234375 3.0 22.262229919433594
vertex 12.994766235351562 3.0 22.262229919433594
vertex 12.994766235351562 12.0 22.262229919433594
endloop
endfacet
facet normal -0.8829477461669973 0.0 0.469471274455232
outer loop
vertex 10.147369384765625 0.0 16.90705108642578
vertex 12.994766235351562 3.0 22.262229919433594
vertex 10.147369384765625 3.0 16.90705108642578
endloop
endfacet
facet normal 0.8829475101609405 0.0 -0.4694717183181491
outer loop
vertex 10.903366088867188 2.1999969482421875 10.447669982910156
vertex 16.677879333496094 9.800003051757812 21.307945251464844
vertex 16.677879333496094 2.1999969482421875 21.307945251464844
endloop
endfacet
facet normal 0.0 1.0 0.0
outer loop
vertex 6.262786865234375 37.0 12.915115356445312
vertex 6.262786865234375 37.0 17.806365966796875
vertex 38.262786865234375 37.0 17.806365966796875
endloop
endfacet
facet normal 0.0 -1.0 0.0
outer loop
vertex 4.262786865234375 34.0 24.262229919433594
vertex 6.262786865234375 34.0 22.262229919433594
vertex 40.262786865234375 34.0 24.262229919433594
endloop
endfacet
facet normal 0.0 0.0 -1.0
outer loop
vertex 6.262786865234375 37.0 17.806365966796875
vertex 4.0204010009765625 142.0 17.806365966796875
vertex 38.262786865234375 37.0 17.806365966796875
endloop
endfacet
facet normal -0.8829475896499775 -6.740150193222024e-07 0.46947156882056285
outer loop
vertex 10.147369384765625 0.0 16.90705108642578
vertex 20.44530487060547 0.0 36.27465057373047
vertex 12.994766235351562 3.0 22.262229919433594
endloop
endfacet
facet normal -0.882947529833553 0.0 0.46947168131936046
outer loop
vertex 12.994766235351562 3.0 22.262229919433594
vertex 20.44530487060547 0.0 36.27465057373047
vertex 12.994766235351562 12.0 22.262229919433594
endloop
endfacet
facet normal -0.9992959281323673 0.0 0.03751863561045933
outer loop
vertex 4.0204010009765625 34.0 17.806365966796875
vertex 4.262786865234375 142.0 24.262229919433594
vertex 4.0204010009765625 142.0 17.806365966796875
endloop
endfacet
facet normal 0.0 -0.9999999999999999 0.0
outer loop
vertex 0.0 142.0 16.245094299316406
vertex 4.0204010009765625 142.0 17.806365966796875
vertex 4.262786865234375 142.0 24.262229919433594
endloop
endfacet
facet normal -0.8829475818518221 0.0 0.4694715834872436
outer loop
vertex 0.0 142.0 16.245094299316406
vertex 4.262786865234375 142.0 24.262229919433594
vertex 4.262786865234375 144.0 24.262229919433594
endloop
endfacet
facet normal -0.882947581851822 0.0 0.46947158348724355
outer loop
vertex 0.0 142.0 16.245094299316406
vertex 4.262786865234375 144.0 24.262229919433594
vertex 4.262786865234375 156.0 24.262229919433594
endloop
endfacet
facet normal -0.46947151587112657 0.0 -0.882947617803948
outer loop
vertex 0.0 142.0 16.245094299316406
vertex 0.0 156.0 16.245094299316406
vertex 15.276298522949219 142.0 8.122543334960938
endloop
endfacet
facet normal 0.0 -1.0 0.0
outer loop
vertex 0.0 142.0 16.245094299316406
vertex 15.276298522949219 142.0 8.122543334960938
vertex 4.0204010009765625 142.0 17.806365966796875
endloop
endfacet
facet normal 0.0 -0.0 1.0
outer loop
vertex 4.262786865234375 34.0 24.262229919433594
vertex 20.89423370361328 142.0 24.262229919433594
vertex 4.262786865234375 142.0 24.262229919433594
endloop
endfacet
facet normal -0.9992958986652397 0.0 0.0375194204490313
outer loop
vertex 15.276298522949219 138.0 8.122543334960938
vertex 15.5994873046875 142.0 16.730384826660156
vertex 15.276298522949219 142.0 8.122543334960938
endloop
endfacet
facet normal -0.46947373753480565 0.0 -0.8829464365209819
outer loop
vertex 15.276298522949219 142.0 8.122543334960938
vertex 15.276298522949219 156.0 8.122543334960938
vertex 16.031356811523438 146.20000004768372 7.7210693359375
endloop
endfacet
facet normal 0.0 -0.9999999999999999 0.0
outer loop
vertex 4.0204010009765625 142.0 17.806365966796875
vertex 15.276298522949219 142.0 8.122543334960938
vertex 15.5994873046875 142.0 16.730384826660156
endloop
endfacet
facet normal 0.0 -0.0 1.0
outer loop
vertex 4.262786865234375 142.0 24.262229919433594
vertex 20.89423370361328 142.0 24.262229919433594
vertex 4.262786865234375 144.0 24.262229919433594
endloop
endfacet
facet normal 0.0 -1.0 0.0
outer loop
vertex 4.0204010009765625 142.0 17.806365966796875
vertex 15.5994873046875 142.0 16.730384826660156
vertex 26.266151428222656 142.0 16.730384826660156
endloop
endfacet
facet normal -0.9992958986652397 0.0 0.0375194204490313
outer loop
vertex 15.276298522949219 138.0 8.122543334960938
vertex 15.5994873046875 138.0 16.730384826660156
vertex 15.5994873046875 142.0 16.730384826660156
endloop
endfacet
facet normal -0.0 0.0 1.0
outer loop
vertex 4.262786865234375 144.0 24.262229919433594
vertex 20.89423370361328 142.0 24.262229919433594
vertex 21.202224731445312 144.0 24.262229919433594
endloop
endfacet
facet normal 0.0 0.0 1.0
outer loop
vertex 4.262786865234375 144.0 24.262229919433594
vertex 21.202224731445312 144.0 24.262229919433594
vertex 21.202224731445312 154.0 24.262229919433594
endloop
endfacet
facet normal -0.4694712572191117 6.474490382007566e-07 -0.88294775533136
outer loop
vertex 7.6364593505859375 2.1320343017578125 12.184715270996094
vertex 23.794403076171875 2.1999969482421875 3.5933914184570312
vertex 27.061309814453125 0.0 1.8563461303710938
endloop
endfacet
facet normal -0.46947143598153873 -3.069461391000656e-07 -0.8829476602819317
outer loop
vertex 11.25213623046875 12.0 10.262229919433594
vertex 27.061309814453125 12.0 1.8563461303710938
vertex 23.794403076171875 9.800003051757812 3.5933914184570312
endloop
endfacet
facet normal -0.0 1.0 0.0
outer loop
vertex 11.25213623046875 12.0 10.262229919433594
vertex 21.51251983642578 12.0 10.262229919433594
vertex 29.15496826171875 12.0 5.7939453125
endloop
endfacet
facet normal 0.0 -1.0 0.0
outer loop
vertex 10.903366088867188 9.800003051757812 10.447669982910156
vertex 23.794403076171875 9.800003051757812 3.5933914184570312
vertex 29.56890869140625 9.800003051757812 14.453659057617188
endloop
endfacet
facet normal 0.0 1.0 0.0
outer loop
vertex 11.25213623046875 12.0 10.262229919433594
vertex 29.15496826171875 12.0 5.7939453125
vertex 27.061309814453125 12.0 1.8563461303710938
endloop
endfacet
facet normal -0.46947159712676084 0.0 -0.8829475745995616
outer loop
vertex 23.794403076171875 2.1999969482421875 3.5933914184570312
vertex 23.794403076171875 2.4797515869140625 3.5933914184570312
vertex 27.061309814453125 0.0 1.8563461303710938
endloop
endfacet
facet normal -0.4694715971267608 0.0 -0.8829475745995615
outer loop
vertex 23.794403076171875 2.4797515869140625 3.5933914184570312
vertex 23.794403076171875 9.800003051757812 3.5933914184570312
vertex 27.061309814453125 0.0 1.8563461303710938
endloop
endfacet
facet normal -0.46947159712676084 -0.0 -0.8829475745995616
outer loop
vertex 23.794403076171875 9.800003051757812 3.5933914184570312
vertex 27.061309814453125 12.0 1.8563461303710938
vertex 27.061309814453125 0.0 1.8563461303710938
endloop
endfacet
facet normal 0.0 -0.9999999999999999 0.0
outer loop
vertex 10.147369384765625 0.0 16.90705108642578
vertex 27.061309814453125 0.0 1.8563461303710938
vertex 29.15496826171875 0.0 5.7939453125
endloop
endfacet
facet normal -0.8829476305657706 0.0 0.469471491869625
outer loop
vertex 23.794403076171875 2.1999969482421875 3.5933914184570312
vertex 29.56890869140625 2.1999969482421875 14.453659057617188
vertex 23.794403076171875 2.4797515869140625 3.5933914184570312
endloop
endfacet
facet normal -0.8829476305657707 0.0 0.46947149186962506
outer loop
vertex 23.794403076171875 2.4797515869140625 3.5933914184570312
vertex 29.56890869140625 2.1999969482421875 14.453659057617188
vertex 23.794403076171875 9.800003051757812 3.5933914184570312
endloop
endfacet
facet normal 0.0 -0.0 -1.0
outer loop
vertex 11.25213623046875 37.0 10.262229919433594
vertex 38.262786865234375 37.0 10.262229919433594
vertex 21.51251983642578 12.0 10.262229919433594
endloop
endfacet
facet normal 0.0 -1.0 0.0
outer loop
vertex 10.903366088867188 9.800003051757812 10.447669982910156
vertex 29.56890869140625 9.800003051757812 14.453659057617188
vertex 16.677879333496094 9.800003051757812 21.307945251464844
endloop
endfacet
facet normal 0.0 -1.0 0.0
outer loop
vertex 10.147369384765625 0.0 16.90705108642578
vertex 29.15496826171875 0.0 5.7939453125
vertex 20.44530487060547 0.0 36.27465057373047
endloop
endfacet
facet normal -0.4694717924156386 0.0 -0.882947470762586
outer loop
vertex 16.677879333496094 2.1999969482421875 21.307945251464844
vertex 16.677879333496094 9.800003051757812 21.307945251464844
vertex 29.56890869140625 9.800003051757812 14.453659057617188
endloop
endfacet
facet normal -0.0 1.0 0.0
outer loop
vertex 6.262786865234375 37.0 12.915115356445312
vertex 38.262786865234375 37.0 17.806365966796875
vertex 11.25213623046875 37.0 10.262229919433594
endloop
endfacet
facet normal -0.0 0.0 1.0
outer loop
vertex 6.262786865234375 34.0 22.262229919433594
vertex 12.994766235351562 12.0 22.262229919433594
vertex 37.91131591796875 12.0 22.262229919433594
endloop
endfacet
facet normal 0.0 1.0 0.0
outer loop
vertex 16.677879333496094 2.1999969482421875 21.307945251464844
vertex 29.56890869140625 2.1999969482421875 14.453659057617188
vertex 23.794403076171875 2.1999969482421875 3.5933914184570312
endloop
endfacet
facet normal -0.4694717924156386 -0.0 -0.882947470762586
outer loop
vertex 16.677879333496094 2.1999969482421875 21.307945251464844
vertex 29.56890869140625 9.800003051757812 14.453659057617188
vertex 29.56890869140625 2.1999969482421875 14.453659057617188
endloop
endfacet
facet normal 0.8829476092157219 0.0 -0.46947153202323233
outer loop
vertex 27.061309814453125 0.0 1.8563461303710938
vertex 27.061309814453125 12.0 1.8563461303710938
vertex 29.15496826171875 0.0 5.7939453125
endloop
endfacet
facet normal 0.8829476092157219 0.0 -0.46947153202323233
outer loop
vertex 27.061309814453125 12.0 1.8563461303710938
vertex 29.15496826171875 12.0 5.7939453125
vertex 29.15496826171875 0.0 5.7939453125
endloop
endfacet
facet normal -0.8829476305657706 0.0 0.46947149186962506
outer loop
vertex 23.794403076171875 9.800003051757812 3.5933914184570312
vertex 29.56890869140625 2.1999969482421875 14.453659057617188
vertex 29.56890869140625 9.800003051757812 14.453659057617188
endloop
endfacet
facet normal -0.0 1.0 0.0
outer loop
vertex 21.51251983642578 12.0 10.262229919433594
vertex 31.530799865722656 12.0 10.262229919433594
vertex 29.15496826171875 12.0 5.7939453125
endloop
endfacet
facet normal 0.8829473852041277 0.0 -0.4694719533275588
outer loop
vertex 29.15496826171875 0.0 5.7939453125
vertex 29.15496826171875 12.0 5.7939453125
vertex 31.530799865722656 3.0 10.262229919433594
endloop
endfacet
facet normal 0.8829473852041279 0.0 -0.46947195332755887
outer loop
vertex 29.15496826171875 12.0 5.7939453125
vertex 31.530799865722656 12.0 10.262229919433594
vertex 31.530799865722656 3.0 10.262229919433594
endloop
endfacet
facet normal 0.0 -0.0 -1.0
outer loop
vertex 21.51251983642578 12.0 10.262229919433594
vertex 38.262786865234375 37.0 10.262229919433594
vertex 31.530799865722656 12.0 10.262229919433594
endloop
endfacet
facet normal 0.0 0.0 -0.9999999999999999
outer loop
vertex 31.530799865722656 3.0 10.262229919433594
vertex 31.530799865722656 12.0 10.262229919433594
vertex 38.262786865234375 3.0 10.262229919433594
endloop
endfacet
facet normal 0.0 -1.0 0.0
outer loop
vertex 29.15496826171875 0.0 5.7939453125
vertex 39.452911376953125 0.0 25.161544799804688
vertex 20.44530487060547 0.0 36.27465057373047
endloop
endfacet
facet normal -0.0 1.0 0.0
outer loop
vertex 11.25213623046875 37.0 10.262229919433594
vertex 38.262786865234375 37.0 17.806365966796875
vertex 38.262786865234375 37.0 10.262229919433594
endloop
endfacet
facet normal -0.0 0.0 1.0
outer loop
vertex 6.262786865234375 34.0 22.262229919433594
vertex 37.91131591796875 12.0 22.262229919433594
vertex 38.262786865234375 34.0 22.262229919433594
endloop
endfacet
facet normal 0.0 -1.0 0.0
outer loop
vertex 6.262786865234375 34.0 22.262229919433594
vertex 38.262786865234375 34.0 22.262229919433594
vertex 40.262786865234375 34.0 24.262229919433594
endloop
endfacet
facet normal 0.8829474454739888 -2.1655862667573127e-07 -0.4694718399764893
outer loop
vertex 29.15496826171875 0.0 5.7939453125
vertex 31.530799865722656 3.0 10.262229919433594
vertex 39.452911376953125 0.0 25.161544799804688
endloop
endfacet
facet normal 0.0 -0.0 0.9999999999999999
outer loop
vertex 4.262786865234375 34.0 24.262229919433594
vertex 40.262786865234375 34.0 24.262229919433594
vertex 39.68214416503906 142.2258062362671 24.262229919433594
endloop
endfacet
facet normal -0.882947529833553 0.0 0.4694716813193605
outer loop
vertex 12.994766235351562 12.0 22.262229919433594
vertex 20.44530487060547 0.0 36.27465057373047
vertex 20.44530487060547 12.0 36.27465057373047
endloop
endfacet
facet normal -0.0 1.0 0.0
outer loop
vertex 12.994766235351562 12.0 22.262229919433594
vertex 20.44530487060547 12.0 36.27465057373047
vertex 37.91131591796875 12.0 22.262229919433594
endloop
endfacet
facet normal -0.8829475896501782 0.0 0.46947156882066954
outer loop
vertex 20.44530487060547 0.0 36.27465057373047
vertex 30.743240356445312 12.0 55.642250061035156
vertex 20.44530487060547 12.0 36.27465057373047
endloop
endfacet
facet normal 0.0 1.0 0.0
outer loop
vertex 20.44530487060547 12.0 36.27465057373047
vertex 39.452911376953125 12.0 25.161544799804688
vertex 37.91131591796875 12.0 22.262229919433594
endloop
endfacet
facet normal 0.0 -1.0 0.0
outer loop
vertex 20.44530487060547 0.0 36.27465057373047
vertex 39.452911376953125 0.0 25.161544799804688
vertex 30.743240356445312 0.0 55.642250061035156
endloop
endfacet
facet normal -0.0 1.0 0.0
outer loop
vertex 20.44530487060547 12.0 36.27465057373047
vertex 30.743240356445312 12.0 55.642250061035156
vertex 39.452911376953125 12.0 25.161544799804688
endloop
endfacet
facet normal 0.0 -0.0 1.0
outer loop
vertex 4.262786865234375 34.0 24.262229919433594
vertex 38.85978698730469 142.54561233520508 24.262229919433594
vertex 20.89423370361328 142.0 24.262229919433594
endloop
endfacet
facet normal -0.4694716676251573 -4.6716087899982585e-07 -0.8829475371147685
outer loop
vertex 15.276298522949219 142.0 8.122543334960938
vertex 24.507652282714844 146.20000004768372 3.214141845703125
vertex 25.73419189453125 142.0 2.561981201171875
endloop
endfacet
facet normal 0.3510928533578484 -0.9362478523541404 -0.0131820819032462
outer loop
vertex 15.276298522949219 138.0 8.122543334960938
vertex 25.73419189453125 142.0 2.561981201171875
vertex 15.5994873046875 138.0 16.730384826660156
endloop
endfacet
facet normal -0.469471663699118 -4.782296835396147e-07 -0.8829475392022755
outer loop
vertex 15.276298522949219 142.0 8.122543334960938
vertex 16.031356811523438 146.20000004768372 7.7210693359375
vertex 24.507652282714844 146.20000004768372 3.214141845703125
endloop
endfacet
facet normal -0.46947166762520853 0.0 -0.882947537114865
outer loop
vertex 15.276298522949219 138.0 8.122543334960938
vertex 15.276298522949219 142.0 8.122543334960938
vertex 25.73419189453125 142.0 2.561981201171875
endloop
endfacet
facet normal -0.0 0.9999999999999999 0.0
outer loop
vertex 16.031356811523438 146.20000004768372 7.7210693359375
vertex 21.805870056152344 146.20000004768372 18.581344604492188
vertex 24.507652282714844 146.20000004768372 3.214141845703125
endloop
endfacet
facet normal -0.4694704205160406 0.0 -0.882948200213632
outer loop
vertex 25.73419189453125 142.0 2.561981201171875
vertex 24.507652282714844 146.20000004768372 3.214141845703125
vertex 24.507652282714844 151.79999995231628 3.214141845703125
endloop
endfacet
facet normal 0.3510924745255777 -0.9362479900534045 -0.013182391758211195
outer loop
vertex 15.5994873046875 138.0 16.730384826660156
vertex 25.73419189453125 142.0 2.561981201171875
vertex 25.86217498779297 142.0 5.970611572265625
endloop
endfacet
facet normal -0.0 0.9999999999999999 -0.0
outer loop
vertex 24.507652282714844 146.20000004768372 3.214141845703125
vertex 21.805870056152344 146.20000004768372 18.581344604492188
vertex 30.28216552734375 146.20000004768372 14.074417114257812
endloop
endfacet
facet normal 0.0 -0.0 1.0
outer loop
vertex 15.5994873046875 138.0 16.730384826660156
vertex 26.266151428222656 142.0 16.730384826660156
vertex 15.5994873046875 142.0 16.730384826660156
endloop
endfacet
facet normal 0.8829475101609408 0.0 -0.4694717183181492
outer loop
vertex 16.031356811523438 146.20000004768372 7.7210693359375
vertex 21.805870056152344 151.79999995231628 18.581344604492188
vertex 21.805870056152344 146.20000004768372 18.581344604492188
endloop
endfacet
facet normal 0.3510930080180858 -0.9362477981626391 -0.013181811575905667
outer loop
vertex 15.5994873046875 138.0 16.730384826660156
vertex 25.86217498779297 142.0 5.970611572265625
vertex 26.266151428222656 142.0 16.730384826660156
endloop
endfacet
facet normal 0.0 -1.0 0.0
outer loop
vertex 4.0204010009765625 142.0 17.806365966796875
vertex 26.266151428222656 142.0 16.730384826660156
vertex 40.02040100097656 142.0 17.806365966796875
endloop
endfacet
facet normal 0.0 -0.0 -1.0
outer loop
vertex 4.0204010009765625 142.0 17.806365966796875
vertex 40.02040100097656 142.0 17.806365966796875
vertex 38.262786865234375 37.0 17.806365966796875
endloop
endfacet
facet normal 0.0 -0.0 1.0
outer loop
vertex 4.262786865234375 34.0 24.262229919433594
vertex 39.68214416503906 142.2258062362671 24.262229919433594
vertex 38.85978698730469 142.54561233520508 24.262229919433594
endloop
endfacet
facet normal -0.469470676104538 -1.980181870100341e-06 -0.8829480643129735
outer loop
vertex 25.73419189453125 142.0 2.561981201171875
vertex 30.552581787109375 143.80881214141846 0.0
vertex 30.552589416503906 142.0 0.0
endloop
endfacet
facet normal -0.46959862783288886 0.0004353930605160933 -0.8828799120890397
outer loop
vertex 25.73419189453125 142.0 2.561981201171875
vertex 30.552589416503906 143.81704092025757 0.0
vertex 30.552581787109375 143.80881214141846 0.0
endloop
endfacet
facet normal -0.46947067610545845 -0.0 -0.8829480643147045
outer loop
vertex 25.73419189453125 142.0 2.561981201171875
vertex 30.552589416503906 154.18295907974243 0.0
vertex 30.552589416503906 143.81704092025757 0.0
endloop
endfacet
facet normal 0.8829453822973514 3.7241781591587877e-06 -0.46947572020916495
outer loop
vertex 30.552589416503906 142.0 0.0
vertex 30.552581787109375 143.80881214141846 0.0
vertex 31.003150939941406 144.0 0.8473892211914062
endloop
endfacet
facet normal 0.8830248670505035 -0.0008187053295942549 -0.46932548821902265
outer loop
vertex 30.552589416503906 143.81704092025757 0.0
vertex 30.886123657226562 143.9592137336731 0.627288818359375
vertex 30.552581787109375 143.80881214141846 0.0
endloop
endfacet
facet normal 0.8829482582224096 0.0 -0.46947031141704065
outer loop
vertex 30.552589416503906 143.81704092025757 0.0
vertex 30.552589416503906 154.18295907974243 0.0
vertex 30.886123657226562 143.9592137336731 0.627288818359375
endloop
endfacet
facet normal -0.8829475101609408 0.0 0.4694717183181492
outer loop
vertex 24.507652282714844 146.20000004768372 3.214141845703125
vertex 30.28216552734375 146.20000004768372 14.074417114257812
vertex 24.507652282714844 151.79999995231628 3.214141845703125
endloop
endfacet
facet normal -0.0 -1.0 0.0
outer loop
vertex 25.73419189453125 142.0 2.561981201171875
vertex 40.02040100097656 142.0 17.806365966796875
vertex 25.86217498779297 142.0 5.970611572265625
endloop
endfacet
facet normal 0.8829763693374748 -0.00032813067404519985 -0.46941732341475434
outer loop
vertex 30.552581787109375 143.80881214141846 0.0
vertex 30.886123657226562 143.9592137336731 0.627288818359375
vertex 31.003150939941406 144.0 0.8473892211914062
endloop
endfacet
facet normal 0.35109062510911704 -0.9362487064164516 -0.013180769856513133
outer loop
vertex 30.886123657226562 143.9592137336731 0.627288818359375
vertex 30.993515014648438 144.0 0.5907211303710938
vertex 31.003150939941406 144.0 0.8473892211914062
endloop
endfacet
facet normal -0.32233432185335853 -0.0 -0.9466258949317493
outer loop
vertex 30.886123657226562 143.9592137336731 0.627288818359375
vertex 30.993515014648438 154.0 0.5907211303710938
vertex 30.993515014648438 144.0 0.5907211303710938
endloop
endfacet
facet normal 0.9992960297461752 0.0 -0.0375159290639504
outer loop
vertex 30.993515014648438 144.0 0.5907211303710938
vertex 31.003150939941406 154.0 0.8473892211914062
vertex 31.003150939941406 144.0 0.8473892211914062
endloop
endfacet
facet normal 0.0 -1.0 0.0
outer loop
vertex 25.73419189453125 142.0 2.561981201171875
vertex 30.552589416503906 142.0 0.0
vertex 40.02040100097656 142.0 17.806365966796875
endloop
endfacet
facet normal 0.882947616365804 1.440675202332037e-06 -0.46947151857367186
outer loop
vertex 30.552589416503906 142.0 0.0
vertex 31.003150939941406 144.0 0.8473892211914062
vertex 40.02040100097656 142.0 17.806365966796875
endloop
endfacet
facet normal 0.8829475459394838 0.0 -0.46947165102851857
outer loop
vertex 31.003150939941406 144.0 0.8473892211914062
vertex 31.003150939941406 154.0 0.8473892211914062
vertex 40.02040100097656 142.0 17.806365966796875
endloop
endfacet
facet normal -0.4694716636991716 -0.0 -0.8829475392023763
outer loop
vertex 21.805870056152344 146.20000004768372 18.581344604492188
vertex 30.28216552734375 151.79999995231628 14.074417114257812
vertex 30.28216552734375 146.20000004768372 14.074417114257812
endloop
endfacet
facet normal -0.0 -1.0 0.0
outer loop
vertex 25.86217498779297 142.0 5.970611572265625
vertex 40.02040100097656 142.0 17.806365966796875
vertex 26.266151428222656 142.0 16.730384826660156
endloop
endfacet
facet normal 0.0 -0.0 1.0
outer loop
vertex 20.89423370361328 142.0 24.262229919433594
vertex 39.323341369628906 144.0 24.262229919433594
vertex 21.202224731445312 144.0 24.262229919433594
endloop
endfacet
facet normal 0.0 0.0 1.0
outer loop
vertex 20.89423370361328 142.0 24.262229919433594
vertex 38.85978698730469 142.54561233520508 24.262229919433594
vertex 39.323341369628906 144.0 24.262229919433594
endloop
endfacet
facet normal -0.8829475402053711 0.0 0.4694716618128134
outer loop
vertex 21.202224731445312 144.0 24.262229919433594
vertex 26.78357696533203 144.0 34.75922393798828
vertex 26.78357696533203 154.0 34.75922393798828
endloop
endfacet
facet normal -0.9992958855178655 0.0 0.03751977061583309
outer loop
vertex 17.7509765625 142.0 43.62982940673828
vertex 17.993370056152344 142.0 50.08570098876953
vertex 17.7509765625 154.0 43.62982940673828
endloop
endfacet
facet normal 0.0 0.0 -1.0
outer loop
vertex 17.7509765625 142.0 43.62982940673828
vertex 17.7509765625 154.0 43.62982940673828
vertex 31.500160217285156 144.0 43.62982940673828
endloop
endfacet
facet normal 0.0 -1.0 0.0
outer loop
vertex 21.202224731445312 144.0 24.262229919433594
vertex 39.323341369628906 144.0 24.262229919433594
vertex 26.78357696533203 144.0 34.75922393798828
endloop
endfacet
facet normal -0.882947648160479 0.0 0.4694714587787834
outer loop
vertex 26.78357696533203 144.0 34.75922393798828
vertex 31.500160217285156 144.0 43.62982940673828
vertex 26.78357696533203 154.0 34.75922393798828
endloop
endfacet
facet normal 0.0 0.0 -1.0
outer loop
vertex 17.7509765625 142.0 43.62982940673828
vertex 31.500160217285156 144.0 43.62982940673828
vertex 53.75098419189453 142.0 43.62982940673828
endloop
endfacet
facet normal -0.8829475896501782 0.0 0.46947156882066954
outer loop
vertex 20.44530487060547 0.0 36.27465057373047
vertex 30.743240356445312 0.0 55.642250061035156
vertex 30.743240356445312 12.0 55.642250061035156
endloop
endfacet
facet normal -0.8829474582687952 0.0 0.4694718159130259
outer loop
vertex 30.743240356445312 0.0 55.642250061035156
vertex 34.07542419433594 3.0 61.90917205810547
vertex 30.743240356445312 12.0 55.642250061035156
endloop
endfacet
facet normal -0.8829474582687953 0.0 0.46947181591302595
outer loop
vertex 30.743240356445312 12.0 55.642250061035156
vertex 34.07542419433594 3.0 61.90917205810547
vertex 34.07542419433594 12.0 61.90917205810547
endloop
endfacet
facet normal 0.0 0.0 -1.0
outer loop
vertex 33.72394561767578 3.0 61.90917205810547
vertex 34.07542419433594 12.0 61.90917205810547
vertex 34.07542419433594 3.0 61.90917205810547
endloop
endfacet
facet normal 0.0 -1.0 0.0
outer loop
vertex 33.72394561767578 3.0 61.90917205810547
vertex 34.07542419433594 3.0 61.90917205810547
vertex 33.72394561767578 3.0 73.90917205810547
endloop
endfacet
facet normal 0.0 0.0 -1.0
outer loop
vertex 33.72394561767578 3.0 61.90917205810547
vertex 33.72394561767578 37.0 61.90917205810547
vertex 34.07542419433594 12.0 61.90917205810547
endloop
endfacet
facet normal -1.0 0.0 0.0
outer loop
vertex 33.72394561767578 3.0 61.90917205810547
vertex 33.72394561767578 3.0 73.90917205810547
vertex 33.72394561767578 34.0 69.45330047607422
endloop
endfacet
facet normal -1.0 0.0 0.0
outer loop
vertex 33.72394561767578 3.0 61.90917205810547
vertex 33.72394561767578 34.0 69.45330047607422
vertex 33.72394561767578 37.0 61.90917205810547
endloop
endfacet
facet normal -0.9999999999999999 0.0 0.0
outer loop
vertex 33.72394561767578 37.0 61.90917205810547
vertex 33.72394561767578 34.0 69.45330047607422
vertex 33.72394561767578 37.0 69.45330047607422
endloop
endfacet
facet normal 0.0 0.0 -1.0
outer loop
vertex 31.48155975341797 34.0 69.45330047607422
vertex 33.72394561767578 37.0 69.45330047607422
vertex 33.72394561767578 34.0 69.45330047607422
endloop
endfacet
facet normal 0.0 -1.0 0.0
outer loop
vertex 31.48155975341797 34.0 69.45330047607422
vertex 33.72394561767578 34.0 69.45330047607422
vertex 33.72394561767578 34.0 73.90917205810547
endloop
endfacet
facet normal 0.0 -1.0 0.0
outer loop
vertex 31.48155975341797 34.0 69.45330047607422
vertex 33.72394561767578 34.0 73.90917205810547
vertex 31.72394561767578 34.0 75.90917205810547
endloop
endfacet
facet normal -1.0 0.0 0.0
outer loop
vertex 33.72394561767578 34.0 69.45330047607422
vertex 33.72394561767578 3.0 73.90917205810547
vertex 33.72394561767578 34.0 73.90917205810547
endloop
endfacet
facet normal -0.9992959297947198 0.0 0.037518591334246745
outer loop
vertex 31.48155975341797 34.0 69.45330047607422
vertex 31.72394561767578 34.0 75.90917205810547
vertex 31.72394561767578 142.0 75.90917205810547
endloop
endfacet
facet normal -0.0 -1.0 0.0
outer loop
vertex 17.7509765625 142.0 43.62982940673828
vertex 42.65666961669922 142.0 57.61754608154297
vertex 17.993370056152344 142.0 50.08570098876953
endloop
endfacet
facet normal -0.9992959297947198 0.0 0.037518591334246745
outer loop
vertex 31.48155975341797 34.0 69.45330047607422
vertex 31.72394561767578 142.0 75.90917205810547
vertex 31.48155975341797 142.0 69.45330047607422
endloop
endfacet
facet normal 0.0 -1.0 0.0
outer loop
vertex 17.993370056152344 142.0 50.08570098876953
vertex 42.65666961669922 142.0 57.61754608154297
vertex 43.060646057128906 142.0 68.37732696533203
endloop
endfacet
facet normal 0.0 -1.0 0.0
outer loop
vertex 17.993370056152344 142.0 50.08570098876953
vertex 31.48155975341797 142.0 69.45330047607422
vertex 31.72394561767578 142.0 75.90917205810547
endloop
endfacet
facet normal -0.8829477000681311 0.0 0.4694713611546476
outer loop
vertex 17.993370056152344 142.0 50.08570098876953
vertex 31.72394561767578 142.0 75.90917205810547
vertex 31.72394561767578 144.0 75.90917205810547
endloop
endfacet
facet normal -0.8829477000681311 0.0 0.4694713611546476
outer loop
vertex 17.993370056152344 142.0 50.08570098876953
vertex 31.72394561767578 144.0 75.90917205810547
vertex 31.72394561767578 156.0 75.90917205810547
endloop
endfacet
facet normal 0.0 -1.0 0.0
outer loop
vertex 17.993370056152344 142.0 50.08570098876953
vertex 43.060646057128906 142.0 68.37732696533203
vertex 31.48155975341797 142.0 69.45330047607422
endloop
endfacet
facet normal -0.8829475818518221 0.0 0.4694715834872436
outer loop
vertex 0.0 142.0 16.245094299316406
vertex 4.262786865234375 156.0 24.262229919433594
vertex 0.0 156.0 16.245094299316406
endloop
endfacet
facet normal -0.0 0.9999999999999999 0.0
outer loop
vertex 0.0 156.0 16.245094299316406
vertex 4.262786865234375 156.0 24.262229919433594
vertex 15.5994873046875 156.0 16.730384826660156
endloop
endfacet
facet normal -0.46947151587112657 0.0 -0.882947617803948
outer loop
vertex 15.276298522949219 142.0 8.122543334960938
vertex 0.0 156.0 16.245094299316406
vertex 15.276298522949219 156.0 8.122543334960938
endloop
endfacet
facet normal -0.9992958986652397 0.0 0.0375194204490313
outer loop
vertex 15.276298522949219 156.0 8.122543334960938
vertex 15.5994873046875 160.0 16.730384826660156
vertex 15.276298522949219 160.0 8.122543334960938
endloop
endfacet
facet normal -0.4694737375348057 0.0 -0.882946436520982
outer loop
vertex 16.031356811523438 146.20000004768372 7.7210693359375
vertex 15.276298522949219 156.0 8.122543334960938
vertex 16.031356811523438 151.79999995231628 7.7210693359375
endloop
endfacet
facet normal -0.0 1.0 0.0
outer loop
vertex 0.0 156.0 16.245094299316406
vertex 15.5994873046875 156.0 16.730384826660156
vertex 15.276298522949219 156.0 8.122543334960938
endloop
endfacet
facet normal 0.0 -0.0 1.0
outer loop
vertex 4.262786865234375 144.0 24.262229919433594
vertex 21.202224731445312 154.0 24.262229919433594
vertex 4.262786865234375 156.0 24.262229919433594
endloop
endfacet
facet normal -0.9992958986652397 0.0 0.0375194204490313
outer loop
vertex 15.276298522949219 156.0 8.122543334960938
vertex 15.5994873046875 156.0 16.730384826660156
vertex 15.5994873046875 160.0 16.730384826660156
endloop
endfacet
facet normal 0.0 1.0 0.0
outer loop
vertex 4.262786865234375 156.0 24.262229919433594
vertex 26.266151428222656 156.0 16.730384826660156
vertex 15.5994873046875 156.0 16.730384826660156
endloop
endfacet
facet normal -0.46947159712676084 0.0 -0.8829475745995616
outer loop
vertex 7.6364593505859375 286.0 12.184715270996094
vertex 7.6364593505859375 298.0 12.184715270996094
vertex 10.903366088867188 288.1999969482422 10.447669982910156
endloop
endfacet
facet normal -0.8829476283832823 0.0 0.46947149597428944
outer loop
vertex 7.6364593505859375 286.0 12.184715270996094
vertex 10.147369384765625 298.0 16.90705108642578
vertex 7.6364593505859375 298.0 12.184715270996094
endloop
endfacet
facet normal -0.4694715971267609 -0.0 -0.8829475745995617
outer loop
vertex 7.6364593505859375 298.0 12.184715270996094
vertex 10.903366088867188 295.8000030517578 10.447669982910156
vertex 10.903366088867188 288.1999969482422 10.447669982910156
endloop
endfacet
facet normal -0.469471168416982 -8.16597408954504e-07 -0.8829478025481046
outer loop
vertex 7.6364593505859375 286.0 12.184715270996094
vertex 10.903366088867188 288.1999969482422 10.447669982910156
vertex 23.794403076171875 288.1999969482422 3.5933914184570312
endloop
endfacet
facet normal 0.0 -1.0 0.0
outer loop
vertex 7.6364593505859375 286.0 12.184715270996094
vertex 27.061309814453125 286.0 1.8563461303710938
vertex 10.147369384765625 286.0 16.90705108642578
endloop
endfacet
facet normal -0.4694712822221538 5.99823779757034e-07 -0.8829477420370512
outer loop
vertex 7.6364593505859375 298.0 12.184715270996094
vertex 27.061309814453125 296.7373046875 1.8563461303710938
vertex 10.903366088867188 295.8000030517578 10.447669982910156
endloop
endfacet
facet normal -0.0 1.0 0.0
outer loop
vertex 10.903366088867188 288.1999969482422 10.447669982910156
vertex 16.677879333496094 288.1999969482422 21.307945251464844
vertex 23.794403076171875 288.1999969482422 3.5933914184570312
endloop
endfacet
facet normal -0.0 0.9999999999999999 0.0
outer loop
vertex 7.6364593505859375 298.0 12.184715270996094
vertex 10.147369384765625 298.0 16.90705108642578
vertex 29.15496826171875 298.0 5.7939453125
endloop
endfacet
facet normal -0.8829476283832823 0.0 0.46947149597428944
outer loop
vertex 7.6364593505859375 286.0 12.184715270996094
vertex 10.147369384765625 286.0 16.90705108642578
vertex 10.147369384765625 298.0 16.90705108642578
endloop
endfacet
facet normal 0.8829475101609405 0.0 -0.4694717183181491
outer loop
vertex 10.903366088867188 288.1999969482422 10.447669982910156
vertex 10.903366088867188 295.8000030517578 10.447669982910156
vertex 16.677879333496094 295.8000030517578 21.307945251464844
endloop
endfacet
facet normal 0.8829475101609405 0.0 -0.4694717183181491
outer loop
vertex 10.903366088867188 288.1999969482422 10.447669982910156
vertex 16.677879333496094 295.8000030517578 21.307945251464844
vertex 16.677879333496094 288.1999969482422 21.307945251464844
endloop
endfacet
facet normal -0.8829475896501782 0.0 0.46947156882066954
outer loop
vertex 10.147369384765625 286.0 16.90705108642578
vertex 20.44530487060547 298.0 36.27465057373047
vertex 10.147369384765625 298.0 16.90705108642578
endloop
endfacet
facet normal 0.0 -1.0 0.0
outer loop
vertex 10.147369384765625 286.0 16.90705108642578
vertex 20.768478393554688 286.0 36.08570098876953
vertex 20.34484100341797 286.0 36.08570098876953
endloop
endfacet
facet normal -0.8829475436414146 0.0 0.4694716553505574
outer loop
vertex 10.147369384765625 286.0 16.90705108642578
vertex 20.34484100341797 286.0 36.08570098876953
vertex 20.34484100341797 295.0 36.08570098876953
endloop
endfacet
facet normal -0.8829474000098109 -7.383808067217345e-07 0.4694719254815669
outer loop
vertex 10.147369384765625 286.0 16.90705108642578
vertex 20.34484100341797 295.0 36.08570098876953
vertex 20.44530487060547 298.0 36.27465057373047
endloop
endfacet
facet normal -0.4694716676251551 4.773243339653652e-07 -0.8829475371147644
outer loop
vertex 15.276298522949219 156.0 8.122543334960938
vertex 25.73419189453125 156.0 2.561981201171875
vertex 16.031356811523438 151.79999995231628 7.7210693359375
endloop
endfacet
facet normal -0.46947166762520853 0.0 -0.882947537114865
outer loop
vertex 15.276298522949219 156.0 8.122543334960938
vertex 15.276298522949219 160.0 8.122543334960938
vertex 25.73419189453125 156.0 2.561981201171875
endloop
endfacet
facet normal 0.8829475101609408 0.0 -0.4694717183181492
outer loop
vertex 16.031356811523438 146.20000004768372 7.7210693359375
vertex 16.031356811523438 151.79999995231628 7.7210693359375
vertex 21.805870056152344 151.79999995231628 18.581344604492188
endloop
endfacet
facet normal -0.4694716636991207 4.656902045975433e-07 -0.8829475392022805
outer loop
vertex 16.031356811523438 151.79999995231628 7.7210693359375
vertex 25.73419189453125 156.0 2.561981201171875
vertex 24.507652282714844 151.79999995231628 3.214141845703125
endloop
endfacet
facet normal -0.46947042051604065 0.0 -0.8829482002136321
outer loop
vertex 25.73419189453125 142.0 2.561981201171875
vertex 24.507652282714844 151.79999995231628 3.214141845703125
vertex 25.73419189453125 156.0 2.561981201171875
endloop
endfacet
facet normal 0.3510928901110055 0.9362478396733652 -0.013182003658693183
outer loop
vertex 15.276298522949219 160.0 8.122543334960938
vertex 26.131492614746094 156.0 13.143791198730469
vertex 25.73419189453125 156.0 2.561981201171875
endloop
endfacet
facet normal 0.0 -0.9999999999999999 0.0
outer loop
vertex 16.031356811523438 151.79999995231628 7.7210693359375
vertex 24.507652282714844 151.79999995231628 3.214141845703125
vertex 30.28216552734375 151.79999995231628 14.074417114257812
endloop
endfacet
facet normal 0.0 -0.0 1.0
outer loop
vertex 15.5994873046875 156.0 16.730384826660156
vertex 26.266151428222656 156.0 16.730384826660156
vertex 15.5994873046875 160.0 16.730384826660156
endloop
endfacet
facet normal 0.3510929225982287 0.9362478263523988 -0.013182084502935587
outer loop
vertex 15.276298522949219 160.0 8.122543334960938
vertex 15.5994873046875 160.0 16.730384826660156
vertex 26.131492614746094 156.0 13.143791198730469
endloop
endfacet
facet normal -0.0 0.0 1.0
outer loop
vertex 4.262786865234375 156.0 24.262229919433594
vertex 21.202224731445312 154.0 24.262229919433594
vertex 39.323341369628906 154.0 24.262229919433594
endloop
endfacet
facet normal 0.0 -0.9999999999999999 0.0
outer loop
vertex 16.031356811523438 151.79999995231628 7.7210693359375
vertex 30.28216552734375 151.79999995231628 14.074417114257812
vertex 21.805870056152344 151.79999995231628 18.581344604492188
endloop
endfacet
facet normal 0.35109300806134297 0.9362477982779915 -0.013181802230755673
outer loop
vertex 15.5994873046875 160.0 16.730384826660156
vertex 26.266151428222656 156.0 16.730384826660156
vertex 26.131492614746094 156.0 13.143791198730469
endloop
endfacet
facet normal -0.4694716636991716 0.0 -0.8829475392023763
outer loop
vertex 21.805870056152344 146.20000004768372 18.581344604492188
vertex 21.805870056152344 151.79999995231628 18.581344604492188
vertex 30.28216552734375 151.79999995231628 14.074417114257812
endloop
endfacet
facet normal 0.0 1.0 0.0
outer loop
vertex 4.262786865234375 156.0 24.262229919433594
vertex 40.02040100097656 156.0 17.806365966796875
vertex 26.266151428222656 156.0 16.730384826660156
endloop
endfacet
facet normal -0.4694706761054585 0.0 -0.8829480643147045
outer loop
vertex 25.73419189453125 142.0 2.561981201171875
vertex 25.73419189453125 156.0 2.561981201171875
vertex 30.552589416503906 154.18295907974243 0.0
endloop
endfacet
facet normal -0.4694706761054585 -0.0 -0.8829480643147045
outer loop
vertex 25.73419189453125 156.0 2.561981201171875
vertex 30.552589416503906 156.0 0.0
vertex 30.552589416503906 154.18295907974243 0.0
endloop
endfacet
facet normal 0.8829482582224097 0.0 -0.4694703114170407
outer loop
vertex 30.886123657226562 143.9592137336731 0.627288818359375
vertex 30.552589416503906 154.18295907974243 0.0
vertex 30.886123657226562 154.0407862663269 0.627288818359375
endloop
endfacet
facet normal 0.8829482582224096 0.0 -0.46947031141704065
outer loop
vertex 30.552589416503906 154.18295907974243 0.0
vertex 30.552589416503906 156.0 0.0
vertex 30.886123657226562 154.0407862663269 0.627288818359375
endloop
endfacet
facet normal -0.8829475101609408 0.0 0.4694717183181492
outer loop
vertex 30.28216552734375 146.20000004768372 14.074417114257812
vertex 30.28216552734375 151.79999995231628 14.074417114257812
vertex 24.507652282714844 151.79999995231628 3.214141845703125
endloop
endfacet
facet normal 0.0 1.0 0.0
outer loop
vertex 25.73419189453125 156.0 2.561981201171875
vertex 26.131492614746094 156.0 13.143791198730469
vertex 40.02040100097656 156.0 17.806365966796875
endloop
endfacet
facet normal -0.3223343218533586 0.0 -0.9466258949317495
outer loop
vertex 30.886123657226562 143.9592137336731 0.627288818359375
vertex 30.886123657226562 154.0407862663269 0.627288818359375
vertex 30.993515014648438 154.0 0.5907211303710938
endloop
endfacet
facet normal 0.9992960297461752 0.0 -0.0375159290639504
outer loop
vertex 30.993515014648438 144.0 0.5907211303710938
vertex 30.993515014648438 154.0 0.5907211303710938
vertex 31.003150939941406 154.0 0.8473892211914062
endloop
endfacet
facet normal 0.35109062510911704 0.9362487064164516 -0.013180769856513133
outer loop
vertex 30.886123657226562 154.0407862663269 0.627288818359375
vertex 31.003150939941406 154.0 0.8473892211914062
vertex 30.993515014648438 154.0 0.5907211303710938
endloop
endfacet
facet normal -0.0 1.0 0.0
outer loop
vertex 25.73419189453125 156.0 2.561981201171875
vertex 40.02040100097656 156.0 17.806365966796875
vertex 30.552589416503906 156.0 0.0
endloop
endfacet
facet normal 0.8829489719246215 -2.9178036687384217e-05 -0.4694689682246273
outer loop
vertex 30.886123657226562 154.0407862663269 0.627288818359375
vertex 40.02040100097656 156.0 17.806365966796875
vertex 31.003150939941406 154.0 0.8473892211914062
endloop
endfacet
facet normal 0.8829476163666117 -4.957687850466786e-07 -0.46947151857410135
outer loop
vertex 30.552589416503906 156.0 0.0
vertex 40.02040100097656 156.0 17.806365966796875
vertex 30.886123657226562 154.0407862663269 0.627288818359375
endloop
endfacet
facet normal -0.0 1.0 0.0
outer loop
vertex 4.262786865234375 156.0 24.262229919433594
vertex 40.262786865234375 156.0 24.262229919433594
vertex 40.02040100097656 156.0 17.806365966796875
endloop
endfacet
facet normal -0.0 0.0 1.0
outer loop
vertex 4.262786865234375 156.0 24.262229919433594
vertex 39.323341369628906 154.0 24.262229919433594
vertex 40.262786865234375 156.0 24.262229919433594
endloop
endfacet
facet normal 0.0 1.0 0.0
outer loop
vertex 26.131492614746094 156.0 13.143791198730469
vertex 26.266151428222656 156.0 16.730384826660156
vertex 40.02040100097656 156.0 17.806365966796875
endloop
endfacet
facet normal -0.8829475402053711 0.0 0.4694716618128134
outer loop
vertex 21.202224731445312 144.0 24.262229919433594
vertex 26.78357696533203 154.0 34.75922393798828
vertex 21.202224731445312 154.0 24.262229919433594
endloop
endfacet
facet normal -0.9992958855169681 1.3402973355632844e-06 0.0375197706157994
outer loop
vertex 17.7509765625 154.0 43.62982940673828
vertex 17.993370056152344 154.0 50.08570098876953
vertex 17.755386352539062 156.0 43.74720764160156
endloop
endfacet
facet normal -0.9992958855178655 0.0 0.03751977061583309
outer loop
vertex 17.993370056152344 142.0 50.08570098876953
vertex 17.993370056152344 154.0 50.08570098876953
vertex 17.7509765625 154.0 43.62982940673828
endloop
endfacet
facet normal -0.9992959013739865 0.0 0.037519348303932436
outer loop
vertex 17.755386352539062 156.0 43.74720764160156
vertex 17.993370056152344 154.0 50.08570098876953
vertex 17.993370056152344 156.0 50.08570098876953
endloop
endfacet
facet normal 0.0 0.0 -1.0
outer loop
vertex 31.500160217285156 144.0 43.62982940673828
vertex 17.7509765625 154.0 43.62982940673828
vertex 18.331619262695312 155.7741937637329 43.62982940673828
endloop
endfacet
facet normal -0.9992950290137731 0.0 0.03754257567565557
outer loop
vertex 17.7509765625 154.0 43.62982940673828
vertex 17.755386352539062 156.0 43.74720764160156
vertex 17.7509765625 264.0 43.62982940673828
endloop
endfacet
facet normal -0.9992959013739866 0.0 0.037519348303932436
outer loop
vertex 17.755386352539062 156.0 43.74720764160156
vertex 17.993370056152344 156.0 50.08570098876953
vertex 17.993370056152344 264.0 50.08570098876953
endloop
endfacet
facet normal -0.0 1.0 0.0
outer loop
vertex 21.202224731445312 154.0 24.262229919433594
vertex 26.78357696533203 154.0 34.75922393798828
vertex 39.323341369628906 154.0 24.262229919433594
endloop
endfacet
facet normal -0.0 1.0 0.0
outer loop
vertex 26.78357696533203 154.0 34.75922393798828
vertex 31.500160217285156 154.0 43.62982940673828
vertex 40.60728454589844 154.0 26.676971435546875
endloop
endfacet
facet normal -0.882947648160479 0.0 0.4694714587787834
outer loop
vertex 31.500160217285156 144.0 43.62982940673828
vertex 31.500160217285156 154.0 43.62982940673828
vertex 26.78357696533203 154.0 34.75922393798828
endloop
endfacet
facet normal 0.0 0.0 -0.9999999999999999
outer loop
vertex 31.500160217285156 144.0 43.62982940673828
vertex 18.331619262695312 155.7741937637329 43.62982940673828
vertex 31.500160217285156 154.0 43.62982940673828
endloop
endfacet
facet normal -0.0 -0.0 -1.0
outer loop
vertex 18.331619262695312 155.7741937637329 43.62982940673828
vertex 49.62127685546875 154.0 43.62982940673828
vertex 31.500160217285156 154.0 43.62982940673828
endloop
endfacet
facet normal 0.0 -0.0 -1.0
outer loop
vertex 17.7509765625 154.0 43.62982940673828
vertex 51.993370056152344 261.0 43.62982940673828
vertex 18.331619262695312 155.7741937637329 43.62982940673828
endloop
endfacet
facet normal -0.46947131261943725 5.419236821423408e-07 -0.8829477258745779
outer loop
vertex 7.6364593505859375 286.0 12.184715270996094
vertex 23.794403076171875 288.1999969482422 3.5933914184570312
vertex 27.061309814453125 286.0 1.8563461303710938
endloop
endfacet
facet normal -0.46947116841627623 -1.9166848100261195e-06 -0.8829478025467772
outer loop
vertex 10.903366088867188 295.8000030517578 10.447669982910156
vertex 27.061309814453125 296.7373046875 1.8563461303710938
vertex 23.794403076171875 295.8000030517578 3.5933914184570312
endloop
endfacet
facet normal -0.4694713126195062 -0.0 -0.8829477258747077
outer loop
vertex 7.6364593505859375 298.0 12.184715270996094
vertex 27.061309814453125 298.0 1.8563461303710938
vertex 27.061309814453125 296.7373046875 1.8563461303710938
endloop
endfacet
facet normal 0.0 1.0 0.0
outer loop
vertex 7.6364593505859375 298.0 12.184715270996094
vertex 29.15496826171875 298.0 5.7939453125
vertex 27.061309814453125 298.0 1.8563461303710938
endloop
endfacet
facet normal 0.0 -1.0 0.0
outer loop
vertex 10.903366088867188 295.8000030517578 10.447669982910156
vertex 23.794403076171875 295.8000030517578 3.5933914184570312
vertex 29.56890869140625 295.8000030517578 14.453659057617188
endloop
endfacet
facet normal -0.4694715971267609 0.0 -0.8829475745995617
outer loop
vertex 23.794403076171875 288.1999969482422 3.5933914184570312
vertex 23.794403076171875 295.8000030517578 3.5933914184570312
vertex 27.061309814453125 296.7373046875 1.8563461303710938
endloop
endfacet
facet normal -0.46947159712676084 -0.0 -0.8829475745995616
outer loop
vertex 23.794403076171875 288.1999969482422 3.5933914184570312
vertex 27.061309814453125 296.7373046875 1.8563461303710938
vertex 27.061309814453125 286.0 1.8563461303710938
endloop
endfacet
facet normal 0.0 -0.9999999999999999 0.0
outer loop
vertex 10.147369384765625 286.0 16.90705108642578
vertex 27.061309814453125 286.0 1.8563461303710938
vertex 29.15496826171875 286.0 5.7939453125
endloop
endfacet
facet normal -0.8829476305657706 0.0 0.46947149186962506
outer loop
vertex 23.794403076171875 288.1999969482422 3.5933914184570312
vertex 29.56890869140625 288.1999969482422 14.453659057617188
vertex 23.794403076171875 295.8000030517578 3.5933914184570312
endloop
endfacet
facet normal 0.0 -1.0 0.0
outer loop
vertex 10.903366088867188 295.8000030517578 10.447669982910156
vertex 29.56890869140625 295.8000030517578 14.453659057617188
vertex 16.677879333496094 295.8000030517578 21.307945251464844
endloop
endfacet
facet normal 0.0 -1.0 0.0
outer loop
vertex 10.147369384765625 286.0 16.90705108642578
vertex 29.15496826171875 286.0 5.7939453125
vertex 20.768478393554688 286.0 36.08570098876953
endloop
endfacet
facet normal -0.0 1.0 0.0
outer loop
vertex 10.147369384765625 298.0 16.90705108642578
vertex 20.44530487060547 298.0 36.27465057373047
vertex 29.15496826171875 298.0 5.7939453125
endloop
endfacet
facet normal -0.4694717924156386 0.0 -0.882947470762586
outer loop
vertex 16.677879333496094 288.1999969482422 21.307945251464844
vertex 16.677879333496094 295.8000030517578 21.307945251464844
vertex 29.56890869140625 295.8000030517578 14.453659057617188
endloop
endfacet
facet normal 0.0 1.0 0.0
outer loop
vertex 16.677879333496094 288.1999969482422 21.307945251464844
vertex 29.56890869140625 288.1999969482422 14.453659057617188
vertex 23.794403076171875 288.1999969482422 3.5933914184570312
endloop
endfacet
facet normal -0.4694717924156386 -0.0 -0.882947470762586
outer loop
vertex 16.677879333496094 288.1999969482422 21.307945251464844
vertex 29.56890869140625 295.8000030517578 14.453659057617188
vertex 29.56890869140625 288.1999969482422 14.453659057617188
endloop
endfacet
facet normal 0.8829476092157219 0.0 -0.46947153202323233
outer loop
vertex 27.061309814453125 286.0 1.8563461303710938
vertex 27.061309814453125 296.7373046875 1.8563461303710938
vertex 29.15496826171875 286.0 5.7939453125
endloop
endfacet
facet normal 0.882947609215722 0.0 -0.46947153202323233
outer loop
vertex 27.061309814453125 296.7373046875 1.8563461303710938
vertex 27.061309814453125 298.0 1.8563461303710938
vertex 29.15496826171875 298.0 5.7939453125
endloop
endfacet
facet normal 0.8829476092157219 0.0 -0.46947153202323233
outer loop
vertex 27.061309814453125 296.7373046875 1.8563461303710938
vertex 29.15496826171875 298.0 5.7939453125
vertex 29.15496826171875 286.0 5.7939453125
endloop
endfacet
facet normal -0.8829476305657706 0.0 0.46947149186962506
outer loop
vertex 23.794403076171875 295.8000030517578 3.5933914184570312
vertex 29.56890869140625 288.1999969482422 14.453659057617188
vertex 29.56890869140625 295.8000030517578 14.453659057617188
endloop
endfacet
facet normal 0.0 -0.9999999999999999 0.0
outer loop
vertex 29.15496826171875 286.0 5.7939453125
vertex 39.452911376953125 286.0 25.161544799804688
vertex 20.768478393554688 286.0 36.08570098876953
endloop
endfacet
facet normal -0.0 1.0 -0.0
outer loop
vertex 29.15496826171875 298.0 5.7939453125
vertex 20.44530487060547 298.0 36.27465057373047
vertex 39.452911376953125 298.0 25.161544799804688
endloop
endfacet
facet normal 0.8829474454740097 0.0 -0.4694718399765004
outer loop
vertex 29.15496826171875 286.0 5.7939453125
vertex 29.15496826171875 298.0 5.7939453125
vertex 39.452911376953125 286.0 25.161544799804688
endloop
endfacet
facet normal 0.0 0.0 -1.0
outer loop
vertex 17.7509765625 154.0 43.62982940673828
vertex 17.7509765625 264.0 43.62982940673828
vertex 19.993370056152344 261.0 43.62982940673828
endloop
endfacet
facet normal -0.9992958855178654 -2.4820321028971997e-08 0.03751977061583308
outer loop
vertex 17.755386352539062 156.0 43.74720764160156
vertex 17.993370056152344 264.0 50.08570098876953
vertex 17.7509765625 264.0 43.62982940673828
endloop
endfacet
facet normal 0.0 0.0 -1.0
outer loop
vertex 19.993370056152344 261.0 36.08570098876953
vertex 20.34484100341797 286.0 36.08570098876953
vertex 20.768478393554688 286.0 36.08570098876953
endloop
endfacet
facet normal 0.0 0.0 -1.0
outer loop
vertex 19.993370056152344 261.0 36.08570098876953
vertex 19.993370056152344 295.0 36.08570098876953
vertex 20.34484100341797 286.0 36.08570098876953
endloop
endfacet
facet normal 0.0 0.0 -1.0
outer loop
vertex 20.34484100341797 286.0 36.08570098876953
vertex 19.993370056152344 295.0 36.08570098876953
vertex 20.34484100341797 295.0 36.08570098876953
endloop
endfacet
facet normal -0.8829522595855422 0.0 0.4694627858444004
outer loop
vertex 20.34484100341797 295.0 36.08570098876953
vertex 20.44530487060547 295.0 36.27465057373047
vertex 20.44530487060547 298.0 36.27465057373047
endloop
endfacet
facet normal -0.9999999999999999 0.0 0.0
outer loop
vertex 19.993370056152344 261.0 36.08570098876953
vertex 19.993370056152344 261.0 43.62982940673828
vertex 19.993370056152344 264.0 43.62982940673828
endloop
endfacet
facet normal -1.0 0.0 0.0
outer loop
vertex 19.993370056152344 261.0 36.08570098876953
vertex 19.993370056152344 264.0 43.62982940673828
vertex 19.993370056152344 295.0 48.08570098876953
endloop
endfacet
facet normal 0.0 0.0 -1.0
outer loop
vertex 17.7509765625 264.0 43.62982940673828
vertex 19.993370056152344 264.0 43.62982940673828
vertex 19.993370056152344 261.0 43.62982940673828
endloop
endfacet
facet normal -0.0 1.0 0.0
outer loop
vertex 17.7509765625 264.0 43.62982940673828
vertex 19.993370056152344 264.0 48.08570098876953
vertex 19.993370056152344 264.0 43.62982940673828
endloop
endfacet
facet normal -0.0 0.9999999999999999 0.0
outer loop
vertex 17.7509765625 264.0 43.62982940673828
vertex 17.993370056152344 264.0 50.08570098876953
vertex 19.993370056152344 264.0 48.08570098876953
endloop
endfacet
facet normal -1.0 0.0 0.0
outer loop
vertex 19.993370056152344 264.0 43.62982940673828
vertex 19.993370056152344 264.0 48.08570098876953
vertex 19.993370056152344 295.0 48.08570098876953
endloop
endfacet
facet normal -1.0 0.0 0.0
outer loop
vertex 19.993370056152344 261.0 36.08570098876953
vertex 19.993370056152344 295.0 48.08570098876953
vertex 19.993370056152344 295.0 36.08570098876953
endloop
endfacet
facet normal -0.0 1.0 0.0
outer loop
vertex 19.993370056152344 295.0 36.08570098876953
vertex 19.993370056152344 295.0 48.08570098876953
vertex 20.34484100341797 295.0 36.08570098876953
endloop
endfacet
facet normal -0.0 1.0 -0.0
outer loop
vertex 20.34484100341797 295.0 36.08570098876953
vertex 19.993370056152344 295.0 48.08570098876953
vertex 20.44530487060547 295.0 36.27465057373047
endloop
endfacet
facet normal -0.8829476656133425 0.0 0.46947142595471053
outer loop
vertex 20.44530487060547 295.0 36.27465057373047
vertex 26.72534942626953 295.0 48.08570098876953
vertex 20.44530487060547 298.0 36.27465057373047
endloop
endfacet
facet normal 0.0 -0.0 1.0
outer loop
vertex 19.993370056152344 264.0 48.08570098876953
vertex 26.72534942626953 295.0 48.08570098876953
vertex 19.993370056152344 295.0 48.08570098876953
endloop
endfacet
facet normal 0.0 1.0 -0.0
outer loop
vertex 20.44530487060547 295.0 36.27465057373047
vertex 19.993370056152344 295.0 48.08570098876953
vertex 26.72534942626953 295.0 48.08570098876953
endloop
endfacet
facet normal 0.0 0.0 1.0
outer loop
vertex 19.993370056152344 264.0 48.08570098876953
vertex 26.72534942626953 286.0 48.08570098876953
vertex 26.72534942626953 295.0 48.08570098876953
endloop
endfacet
facet normal -0.8829475896499484 7.214830335019577e-07 0.46947156882054736
outer loop
vertex 20.44530487060547 298.0 36.27465057373047
vertex 26.72534942626953 295.0 48.08570098876953
vertex 30.743240356445312 298.0 55.642250061035156
endloop
endfacet
facet normal 0.0 0.0 -0.9999999999999999
outer loop
vertex 17.7509765625 154.0 43.62982940673828
vertex 19.993370056152344 261.0 43.62982940673828
vertex 51.993370056152344 261.0 43.62982940673828
endloop
endfacet
facet normal 0.0 0.0 -1.0
outer loop
vertex 19.993370056152344 261.0 36.08570098876953
vertex 20.768478393554688 286.0 36.08570098876953
vertex 45.261390686035156 286.0 36.08570098876953
endloop
endfacet
facet normal 0.0 -1.0 0.0
outer loop
vertex 20.768478393554688 286.0 36.08570098876953
vertex 39.452911376953125 286.0 25.161544799804688
vertex 45.261390686035156 286.0 36.08570098876953
endloop
endfacet
facet normal 0.0 -1.0 0.0
outer loop
vertex 19.993370056152344 261.0 36.08570098876953
vertex 51.993370056152344 261.0 36.08570098876953
vertex 19.993370056152344 261.0 43.62982940673828
endloop
endfacet
facet normal -0.0 1.0 -0.0
outer loop
vertex 19.993370056152344 264.0 48.08570098876953
vertex 17.993370056152344 264.0 50.08570098876953
vertex 51.993370056152344 264.0 48.08570098876953
endloop
endfacet
facet normal -0.0 1.0 0.0
outer loop
vertex 20.44530487060547 298.0 36.27465057373047
vertex 30.743240356445312 298.0 55.642250061035156
vertex 39.452911376953125 298.0 25.161544799804688
endloop
endfacet
facet normal 0.0 -0.0 1.0
outer loop
vertex 19.993370056152344 264.0 48.08570098876953
vertex 51.993370056152344 264.0 48.08570098876953
vertex 26.72534942626953 286.0 48.08570098876953
endloop
endfacet
facet normal -0.8829477000681311 0.0 0.4694713611546476
outer loop
vertex 17.993370056152344 142.0 50.08570098876953
vertex 31.72394561767578 156.0 75.90917205810547
vertex 17.993370056152344 154.0 50.08570098876953
endloop
endfacet
facet normal -0.8829477000681311 0.0 0.4694713611546476
outer loop
vertex 17.993370056152344 154.0 50.08570098876953
vertex 31.72394561767578 156.0 75.90917205810547
vertex 17.993370056152344 156.0 50.08570098876953
endloop
endfacet
facet normal -0.0 1.0 0.0
outer loop
vertex 17.993370056152344 156.0 50.08570098876953
vertex 31.72394561767578 156.0 75.90917205810547
vertex 42.65666961669922 156.0 57.61754608154297
endloop
endfacet
facet normal 0.0 -0.0 1.0
outer loop
vertex 17.993370056152344 156.0 50.08570098876953
vertex 53.993370056152344 264.0 50.08570098876953
vertex 17.993370056152344 264.0 50.08570098876953
endloop
endfacet
facet normal -0.8829474709180816 0.0 0.4694717921231943
outer loop
vertex 26.72534942626953 286.0 48.08570098876953
vertex 30.743240356445312 286.0 55.642250061035156
vertex 26.72534942626953 295.0 48.08570098876953
endloop
endfacet
facet normal -0.8829474709180815 0.0 0.4694717921231943
outer loop
vertex 26.72534942626953 295.0 48.08570098876953
vertex 30.743240356445312 286.0 55.642250061035156
vertex 30.743240356445312 298.0 55.642250061035156
endloop
endfacet
facet normal 0.0 -1.0 0.0
outer loop
vertex 26.72534942626953 286.0 48.08570098876953
vertex 43.66779327392578 286.0 48.08570098876953
vertex 30.743240356445312 286.0 55.642250061035156
endloop
endfacet
facet normal -0.8829475896501782 0.0 0.46947156882066954
outer loop
vertex 30.743240356445312 286.0 55.642250061035156
vertex 41.041175842285156 298.0 75.00984954833984
vertex 30.743240356445312 298.0 55.642250061035156
endloop
endfacet
facet normal 0.0 0.0 -1.0
outer loop
vertex 31.530799865722656 12.0 10.262229919433594
vertex 38.262786865234375 37.0 10.262229919433594
vertex 38.262786865234375 3.0 10.262229919433594
endloop
endfacet
facet normal 0.0 -1.0 0.0
outer loop
vertex 31.530799865722656 3.0 10.262229919433594
vertex 38.262786865234375 3.0 10.262229919433594
vertex 38.262786865234375 3.0 22.262229919433594
endloop
endfacet
facet normal 0.0 -1.0 0.0
outer loop
vertex 31.530799865722656 3.0 10.262229919433594
vertex 38.262786865234375 3.0 22.262229919433594
vertex 37.91131591796875 3.0 22.262229919433594
endloop
endfacet
facet normal 1.0 0.0 -0.0
outer loop
vertex 38.262786865234375 3.0 10.262229919433594
vertex 38.262786865234375 37.0 10.262229919433594
vertex 38.262786865234375 3.0 22.262229919433594
endloop
endfacet
facet normal 0.882947505253797 4.996768862981855e-07 -0.46947172754687444
outer loop
vertex 31.530799865722656 3.0 10.262229919433594
vertex 37.91131591796875 3.0 22.262229919433594
vertex 39.452911376953125 0.0 25.161544799804688
endloop
endfacet
facet normal 0.0 -0.0 1.0
outer loop
vertex 37.91131591796875 3.0 22.262229919433594
vertex 38.262786865234375 3.0 22.262229919433594
vertex 37.91131591796875 12.0 22.262229919433594
endloop
endfacet
facet normal 0.8829472909354672 0.0 -0.4694721306208914
outer loop
vertex 37.91131591796875 3.0 22.262229919433594
vertex 37.91131591796875 12.0 22.262229919433594
vertex 39.452911376953125 12.0 25.161544799804688
endloop
endfacet
facet normal 0.8829472909354672 0.0 -0.4694721306208914
outer loop
vertex 37.91131591796875 3.0 22.262229919433594
vertex 39.452911376953125 12.0 25.161544799804688
vertex 39.452911376953125 0.0 25.161544799804688
endloop
endfacet
facet normal 0.0 -0.0 1.0
outer loop
vertex 38.262786865234375 3.0 22.262229919433594
vertex 38.262786865234375 34.0 22.262229919433594
vertex 37.91131591796875 12.0 22.262229919433594
endloop
endfacet
facet normal 0.9999999999999999 0.0 0.0
outer loop
vertex 38.262786865234375 37.0 10.262229919433594
vertex 38.262786865234375 34.0 17.806365966796875
vertex 38.262786865234375 3.0 22.262229919433594
endloop
endfacet
facet normal 1.0 0.0 -0.0
outer loop
vertex 38.262786865234375 37.0 10.262229919433594
vertex 38.262786865234375 37.0 17.806365966796875
vertex 38.262786865234375 34.0 17.806365966796875
endloop
endfacet
facet normal 0.0 0.0 -1.0
outer loop
vertex 38.262786865234375 34.0 17.806365966796875
vertex 38.262786865234375 37.0 17.806365966796875
vertex 40.02040100097656 34.0 17.806365966796875
endloop
endfacet
facet normal 1.0 -0.0 0.0
outer loop
vertex 38.262786865234375 3.0 22.262229919433594
vertex 38.262786865234375 34.0 17.806365966796875
vertex 38.262786865234375 34.0 22.262229919433594
endloop
endfacet
facet normal 0.0 -1.0 0.0
outer loop
vertex 38.262786865234375 34.0 17.806365966796875
vertex 40.02040100097656 34.0 17.806365966796875
vertex 38.262786865234375 34.0 22.262229919433594
endloop
endfacet
facet normal 0.0 -0.9999999999999999 0.0
outer loop
vertex 38.262786865234375 34.0 22.262229919433594
vertex 40.02040100097656 34.0 17.806365966796875
vertex 40.262786865234375 34.0 24.262229919433594
endloop
endfacet
facet normal 0.0 0.0 -1.0
outer loop
vertex 38.262786865234375 37.0 17.806365966796875
vertex 40.02040100097656 142.0 17.806365966796875
vertex 40.02040100097656 34.0 17.806365966796875
endloop
endfacet
facet normal 0.9992959281323673 0.0 -0.03751863561045933
outer loop
vertex 40.02040100097656 34.0 17.806365966796875
vertex 40.262786865234375 144.0 24.262229919433594
vertex 40.262786865234375 34.0 24.262229919433594
endloop
endfacet
facet normal 0.8829475896501782 0.0 -0.46947156882066954
outer loop
vertex 39.452911376953125 0.0 25.161544799804688
vertex 39.452911376953125 12.0 25.161544799804688
vertex 49.75084686279297 12.0 44.529144287109375
endloop
endfacet
facet normal 0.0 -1.0 0.0
outer loop
vertex 30.743240356445312 0.0 55.642250061035156
vertex 39.452911376953125 0.0 25.161544799804688
vertex 49.75084686279297 0.0 44.529144287109375
endloop
endfacet
facet normal 0.0 1.0 0.0
outer loop
vertex 30.743240356445312 12.0 55.642250061035156
vertex 49.75084686279297 12.0 44.529144287109375
vertex 39.452911376953125 12.0 25.161544799804688
endloop
endfacet
facet normal 0.8829475896501782 0.0 -0.46947156882066954
outer loop
vertex 39.452911376953125 0.0 25.161544799804688
vertex 49.75084686279297 12.0 44.529144287109375
vertex 49.75084686279297 0.0 44.529144287109375
endloop
endfacet
facet normal 0.9992959281323673 0.0 -0.03751863561045933
outer loop
vertex 40.02040100097656 34.0 17.806365966796875
vertex 40.02040100097656 142.0 17.806365966796875
vertex 40.262786865234375 144.0 24.262229919433594
endloop
endfacet
facet normal 0.0 -0.0 0.9999999999999999
outer loop
vertex 40.262786865234375 34.0 24.262229919433594
vertex 40.262786865234375 144.0 24.262229919433594
vertex 39.68214416503906 142.2258062362671 24.262229919433594
endloop
endfacet
facet normal 0.8829475459394838 0.0 -0.4694716510285185
outer loop
vertex 31.003150939941406 154.0 0.8473892211914062
vertex 40.02040100097656 144.0 17.806365966796875
vertex 40.02040100097656 142.0 17.806365966796875
endloop
endfacet
facet normal -0.0 -0.0 1.0
outer loop
vertex 38.85978698730469 142.54561233520508 24.262229919433594
vertex 39.68214416503906 142.2258062362671 24.262229919433594
vertex 39.323341369628906 144.0 24.262229919433594
endloop
endfacet
facet normal 0.9992959281323673 0.0 -0.03751863561045933
outer loop
vertex 40.02040100097656 142.0 17.806365966796875
vertex 40.02040100097656 144.0 17.806365966796875
vertex 40.262786865234375 144.0 24.262229919433594
endloop
endfacet
facet normal -0.0 0.0 1.0
outer loop
vertex 39.323341369628906 144.0 24.262229919433594
vertex 39.68214416503906 142.2258062362671 24.262229919433594
vertex 40.262786865234375 144.0 24.262229919433594
endloop
endfacet
facet normal 0.9992959281323673 0.0 -0.03751863561045933
outer loop
vertex 40.02040100097656 144.0 17.806365966796875
vertex 40.262786865234375 156.0 24.262229919433594
vertex 40.262786865234375 144.0 24.262229919433594
endloop
endfacet
facet normal 0.0 0.0 1.0
outer loop
vertex 39.323341369628906 144.0 24.262229919433594
vertex 40.262786865234375 144.0 24.262229919433594
vertex 40.262786865234375 156.0 24.262229919433594
endloop
endfacet
facet normal 0.0 -1.0 0.0
outer loop
vertex 26.78357696533203 144.0 34.75922393798828
vertex 39.323341369628906 144.0 24.262229919433594
vertex 40.60728454589844 144.0 26.676971435546875
endloop
endfacet
facet normal 0.0 -1.0 0.0
outer loop
vertex 26.78357696533203 144.0 34.75922393798828
vertex 40.60728454589844 144.0 26.676971435546875
vertex 49.62127685546875 144.0 43.62982940673828
endloop
endfacet
facet normal 0.8829472386242716 0.0 -0.4694722290037757
outer loop
vertex 39.323341369628906 144.0 24.262229919433594
vertex 40.60728454589844 154.0 26.676971435546875
vertex 40.60728454589844 144.0 26.676971435546875
endloop
endfacet
facet normal 0.0 -1.0 0.0
outer loop
vertex 26.78357696533203 144.0 34.75922393798828
vertex 49.62127685546875 144.0 43.62982940673828
vertex 31.500160217285156 144.0 43.62982940673828
endloop
endfacet
facet normal 0.0 -1.0 0.0
outer loop
vertex 17.7509765625 142.0 43.62982940673828
vertex 53.75098419189453 142.0 43.62982940673828
vertex 42.65666961669922 142.0 57.61754608154297
endloop
endfacet
facet normal 0.8829476396498027 0.0 -0.4694714747850418
outer loop
vertex 40.60728454589844 144.0 26.676971435546875
vertex 49.62127685546875 154.0 43.62982940673828
vertex 49.62127685546875 144.0 43.62982940673828
endloop
endfacet
facet normal 0.0 0.0 -1.0
outer loop
vertex 31.500160217285156 144.0 43.62982940673828
vertex 49.62127685546875 144.0 43.62982940673828
vertex 53.75098419189453 142.0 43.62982940673828
endloop
endfacet
facet normal 0.0 0.0 -1.0
outer loop
vertex 49.62127685546875 144.0 43.62982940673828
vertex 53.75098419189453 154.0 43.62982940673828
vertex 53.75098419189453 142.0 43.62982940673828
endloop
endfacet
facet normal 0.8829479129855001 0.0 -0.4694709607148768
outer loop
vertex 53.75098419189453 142.0 43.62982940673828
vertex 53.75098419189453 154.0 43.62982940673828
vertex 58.34728240966797 143.95921421051025 52.27422332763672
endloop
endfacet
facet normal -0.0 1.0 0.0
outer loop
vertex 30.743240356445312 12.0 55.642250061035156
vertex 34.07542419433594 12.0 61.90917205810547
vertex 49.75084686279297 12.0 44.529144287109375
endloop
endfacet
facet normal 0.0 -1.0 0.0
outer loop
vertex 30.743240356445312 0.0 55.642250061035156
vertex 49.75084686279297 0.0 44.529144287109375
vertex 41.041175842285156 0.0 75.00984954833984
endloop
endfacet
facet normal -0.8829475896499847 6.620984814750478e-07 0.4694715688205666
outer loop
vertex 30.743240356445312 0.0 55.642250061035156
vertex 41.041175842285156 0.0 75.00984954833984
vertex 34.07542419433594 3.0 61.90917205810547
endloop
endfacet
facet normal 0.0 -1.0 0.0
outer loop
vertex 34.07542419433594 3.0 61.90917205810547
vertex 40.4559326171875 3.0 73.90917205810547
vertex 33.72394561767578 3.0 73.90917205810547
endloop
endfacet
facet normal -0.8829477379490309 -9.00211532559874e-07 0.4694712899101272
outer loop
vertex 34.07542419433594 3.0 61.90917205810547
vertex 41.041175842285156 0.0 75.00984954833984
vertex 40.4559326171875 3.0 73.90917205810547
endloop
endfacet
facet normal -0.0 0.9999999999999999 0.0
outer loop
vertex 34.07542419433594 12.0 61.90917205810547
vertex 58.991966247558594 12.0 61.90917205810547
vertex 49.75084686279297 12.0 44.529144287109375
endloop
endfacet
facet normal 0.0 -0.9999999999999999 0.0
outer loop
vertex 49.75084686279297 0.0 44.529144287109375
vertex 60.04877471923828 0.0 63.896751403808594
vertex 41.041175842285156 0.0 75.00984954833984
endloop
endfacet
facet normal 0.0 0.0 -1.0
outer loop
vertex 34.07542419433594 12.0 61.90917205810547
vertex 33.72394561767578 37.0 61.90917205810547
vertex 65.72394561767578 37.0 61.90917205810547
endloop
endfacet
facet normal 0.0 1.0 0.0
outer loop
vertex 33.72394561767578 37.0 61.90917205810547
vertex 33.72394561767578 37.0 69.45330047607422
vertex 65.72394561767578 37.0 69.45330047607422
endloop
endfacet
facet normal 0.0 -0.0 -0.9999999999999999
outer loop
vertex 31.48155975341797 34.0 69.45330047607422
vertex 67.48155975341797 142.0 69.45330047607422
vertex 33.72394561767578 37.0 69.45330047607422
endloop
endfacet
facet normal 0.0 -0.0 1.0
outer loop
vertex 33.72394561767578 3.0 73.90917205810547
vertex 40.4559326171875 12.0 73.90917205810547
vertex 33.72394561767578 34.0 73.90917205810547
endloop
endfacet
facet normal 0.0 0.0 0.9999999999999999
outer loop
vertex 33.72394561767578 3.0 73.90917205810547
vertex 40.4559326171875 3.0 73.90917205810547
vertex 40.4559326171875 12.0 73.90917205810547
endloop
endfacet
facet normal -0.0 0.0 1.0
outer loop
vertex 33.72394561767578 34.0 73.90917205810547
vertex 40.4559326171875 12.0 73.90917205810547
vertex 42.92375183105469 12.0 73.90917205810547
endloop
endfacet
facet normal -0.8829467208809835 0.0 0.46947320273421245
outer loop
vertex 40.4559326171875 3.0 73.90917205810547
vertex 41.041175842285156 12.0 75.00984954833984
vertex 40.4559326171875 12.0 73.90917205810547
endloop
endfacet
facet normal -0.8829467208809834 0.0 0.4694732027342124
outer loop
vertex 40.4559326171875 3.0 73.90917205810547
vertex 41.041175842285156 0.0 75.00984954833984
vertex 41.041175842285156 12.0 75.00984954833984
endloop
endfacet
facet normal -0.0 1.0 0.0
outer loop
vertex 40.4559326171875 12.0 73.90917205810547
vertex 41.041175842285156 12.0 75.00984954833984
vertex 42.92375183105469 12.0 73.90917205810547
endloop
endfacet
facet normal -0.88294738649527 0.0 0.46947195089927574
outer loop
vertex 41.041175842285156 0.0 75.00984954833984
vertex 48.828208923339844 12.0 89.65511322021484
vertex 41.041175842285156 12.0 75.00984954833984
endloop
endfacet
facet normal -0.88294738649527 0.0 0.46947195089927574
outer loop
vertex 41.041175842285156 0.0 75.00984954833984
vertex 48.828208923339844 0.0 89.65511322021484
vertex 48.828208923339844 12.0 89.65511322021484
endloop
endfacet
facet normal 0.0 -1.0 0.0
outer loop
vertex 31.72394561767578 34.0 75.90917205810547
vertex 33.72394561767578 34.0 73.90917205810547
vertex 67.72394561767578 34.0 75.90917205810547
endloop
endfacet
facet normal -0.0 0.0 1.0
outer loop
vertex 33.72394561767578 34.0 73.90917205810547
vertex 42.92375183105469 12.0 73.90917205810547
vertex 65.37247467041016 12.0 73.90917205810547
endloop
endfacet
facet normal 0.0 -1.0 0.0
outer loop
vertex 41.041175842285156 0.0 75.00984954833984
vertex 60.04877471923828 0.0 63.896751403808594
vertex 48.828208923339844 0.0 89.65511322021484
endloop
endfacet
facet normal -0.0 1.0 0.0
outer loop
vertex 41.041175842285156 12.0 75.00984954833984
vertex 68.25304412841797 12.0 79.32674407958984
vertex 42.92375183105469 12.0 73.90917205810547
endloop
endfacet
facet normal -0.0 0.9999999999999999 0.0
outer loop
vertex 41.041175842285156 12.0 75.00984954833984
vertex 48.828208923339844 12.0 89.65511322021484
vertex 68.25304412841797 12.0 79.32674407958984
endloop
endfacet
facet normal 0.4694709703870321 0.0 0.8829479078427326
outer loop
vertex 48.828208923339844 0.0 89.65511322021484
vertex 52.36000061035156 9.5 87.77722930908203
vertex 48.828208923339844 12.0 89.65511322021484
endloop
endfacet
facet normal 0.4694709703870321 -0.0 0.8829479078427326
outer loop
vertex 48.828208923339844 0.0 89.65511322021484
vertex 52.36000061035156 2.5 87.77722930908203
vertex 52.36000061035156 9.5 87.77722930908203
endloop
endfacet
facet normal 0.0 0.0 -1.0
outer loop
vertex 31.48155975341797 34.0 69.45330047607422
vertex 31.48155975341797 142.0 69.45330047607422
vertex 67.48155975341797 142.0 69.45330047607422
endloop
endfacet
facet normal -0.9992959291297797 0.0 0.03751860904471926
outer loop
vertex 42.65666961669922 138.0 57.61754608154297
vertex 43.060646057128906 142.0 68.37732696533203
vertex 42.65666961669922 142.0 57.61754608154297
endloop
endfacet
facet normal -0.9992959291297797 0.0 0.03751860904471926
outer loop
vertex 42.65666961669922 138.0 57.61754608154297
vertex 43.060646057128906 138.0 68.37732696533203
vertex 43.060646057128906 142.0 68.37732696533203
endloop
endfacet
facet normal -0.32236287660062435 0.0 -0.9466161713122013
outer loop
vertex 42.65666961669922 138.0 57.61754608154297
vertex 42.65666961669922 142.0 57.61754608154297
vertex 53.18867492675781 142.0 54.03095245361328
endloop
endfacet
facet normal 0.351093008061343 -0.9362477982779916 -0.013181802230755674
outer loop
vertex 42.65666961669922 138.0 57.61754608154297
vertex 53.323333740234375 142.0 57.61754608154297
vertex 43.060646057128906 138.0 68.37732696533203
endloop
endfacet
facet normal 0.0 -1.0 0.0
outer loop
vertex 53.75098419189453 142.0 43.62982940673828
vertex 53.18867492675781 142.0 54.03095245361328
vertex 42.65666961669922 142.0 57.61754608154297
endloop
endfacet
facet normal 0.35109300806134297 -0.9362477982779915 -0.013181802230755673
outer loop
vertex 42.65666961669922 138.0 57.61754608154297
vertex 53.18867492675781 142.0 54.03095245361328
vertex 53.323333740234375 142.0 57.61754608154297
endloop
endfacet
facet normal 0.0 -0.0 1.0
outer loop
vertex 43.060646057128906 138.0 68.37732696533203
vertex 53.727317810058594 142.0 68.37732696533203
vertex 43.060646057128906 142.0 68.37732696533203
endloop
endfacet
facet normal 0.0 -1.0 0.0
outer loop
vertex 31.48155975341797 142.0 69.45330047607422
vertex 43.060646057128906 142.0 68.37732696533203
vertex 67.48155975341797 142.0 69.45330047607422
endloop
endfacet
facet normal 0.3510927867864073 -0.936247877867984 -0.013182042870928048
outer loop
vertex 43.060646057128906 138.0 68.37732696533203
vertex 53.323333740234375 142.0 57.61754608154297
vertex 53.727317810058594 142.0 68.37732696533203
endloop
endfacet
facet normal 0.0 -0.0 1.0
outer loop
vertex 31.72394561767578 34.0 75.90917205810547
vertex 67.14330291748047 142.2258062362671 75.90917205810547
vertex 31.72394561767578 142.0 75.90917205810547
endloop
endfacet
facet normal 0.0 -0.0 1.0
outer loop
vertex 31.72394561767578 142.0 75.90917205810547
vertex 67.14330291748047 142.2258062362671 75.90917205810547
vertex 31.72394561767578 144.0 75.90917205810547
endloop
endfacet
facet normal 0.0 0.0 1.0
outer loop
vertex 31.72394561767578 144.0 75.90917205810547
vertex 48.66339111328125 144.0 75.90917205810547
vertex 48.66339111328125 154.0 75.90917205810547
endloop
endfacet
facet normal -0.0 -0.0 1.0
outer loop
vertex 31.72394561767578 144.0 75.90917205810547
vertex 67.14330291748047 142.2258062362671 75.90917205810547
vertex 48.66339111328125 144.0 75.90917205810547
endloop
endfacet
facet normal -0.8829476405569351 0.0 0.46947147307897374
outer loop
vertex 48.66339111328125 144.0 75.90917205810547
vertex 54.397666931152344 144.0 86.69377899169922
vertex 54.397666931152344 154.0 86.69377899169922
endloop
endfacet
facet normal 0.8829478104860193 0.0 -0.46947115348862967
outer loop
vertex 49.75084686279297 0.0 44.529144287109375
vertex 49.75084686279297 12.0 44.529144287109375
vertex 60.04877471923828 0.0 63.896751403808594
endloop
endfacet
facet normal 0.8829477045453376 0.0 -0.4694713527342421
outer loop
vertex 49.75084686279297 12.0 44.529144287109375
vertex 58.991966247558594 12.0 61.90917205810547
vertex 58.991966247558594 3.0 61.90917205810547
endloop
endfacet
facet normal 0.8829471654079503 -2.5116586481253795e-06 -0.4694723666966537
outer loop
vertex 49.75084686279297 12.0 44.529144287109375
vertex 58.991966247558594 3.0 61.90917205810547
vertex 60.04877471923828 0.0 63.896751403808594
endloop
endfacet
facet normal 0.0 -0.0 -0.9999999999999999
outer loop
vertex 34.07542419433594 12.0 61.90917205810547
vertex 65.72394561767578 37.0 61.90917205810547
vertex 58.991966247558594 12.0 61.90917205810547
endloop
endfacet
facet normal -0.0 1.0 0.0
outer loop
vertex 33.72394561767578 37.0 61.90917205810547
vertex 65.72394561767578 37.0 69.45330047607422
vertex 65.72394561767578 37.0 61.90917205810547
endloop
endfacet
facet normal 0.8829487368642994 0.0 -0.4694694112183859
outer loop
vertex 58.991966247558594 3.0 61.90917205810547
vertex 60.04877471923828 3.0 63.896751403808594
vertex 60.04877471923828 0.0 63.896751403808594
endloop
endfacet
facet normal 0.0 0.0 -1.0
outer loop
vertex 58.991966247558594 3.0 61.90917205810547
vertex 58.991966247558594 12.0 61.90917205810547
vertex 65.72394561767578 3.0 61.90917205810547
endloop
endfacet
facet normal 0.0 -0.0 -1.0
outer loop
vertex 33.72394561767578 37.0 69.45330047607422
vertex 67.48155975341797 142.0 69.45330047607422
vertex 65.72394561767578 37.0 69.45330047607422
endloop
endfacet
facet normal 0.0 -1.0 0.0
outer loop
vertex 58.991966247558594 3.0 61.90917205810547
vertex 65.72394561767578 3.0 61.90917205810547
vertex 60.04877471923828 3.0 63.896751403808594
endloop
endfacet
facet normal 0.8829475396532144 0.0 -0.46947166285126896
outer loop
vertex 60.04877471923828 0.0 63.896751403808594
vertex 60.04877471923828 3.0 63.896751403808594
vertex 65.37247467041016 3.0 73.90917205810547
endloop
endfacet
facet normal 0.0 -1.0 0.0
outer loop
vertex 60.04877471923828 3.0 63.896751403808594
vertex 65.72394561767578 3.0 61.90917205810547
vertex 65.37247467041016 3.0 73.90917205810547
endloop
endfacet
facet normal 0.0 0.0 -1.0
outer loop
vertex 58.991966247558594 12.0 61.90917205810547
vertex 65.72394561767578 37.0 61.90917205810547
vertex 65.72394561767578 3.0 61.90917205810547
endloop
endfacet
facet normal 1.0 0.0 -0.0
outer loop
vertex 65.72394561767578 3.0 61.90917205810547
vertex 65.72394561767578 37.0 61.90917205810547
vertex 65.72394561767578 3.0 73.90917205810547
endloop
endfacet
facet normal 0.0 -1.0 0.0
outer loop
vertex 65.72394561767578 3.0 61.90917205810547
vertex 65.72394561767578 3.0 73.90917205810547
vertex 65.37247467041016 3.0 73.90917205810547
endloop
endfacet
facet normal 0.8829473074641221 1.8694431995209057e-06 -0.4694720995313377
outer loop
vertex 60.04877471923828 0.0 63.896751403808594
vertex 65.37247467041016 3.0 73.90917205810547
vertex 68.25305938720703 0.0 79.32674407958984
endloop
endfacet
facet normal 0.9999999999999999 0.0 -0.0
outer loop
vertex 65.72394561767578 37.0 61.90917205810547
vertex 65.72394561767578 37.0 69.45330047607422
vertex 65.72394561767578 34.0 69.45330047607422
endloop
endfacet
facet normal 1.0 0.0 0.0
outer loop
vertex 65.72394561767578 37.0 61.90917205810547
vertex 65.72394561767578 34.0 69.45330047607422
vertex 65.72394561767578 3.0 73.90917205810547
endloop
endfacet
facet normal 1.0 0.0 -0.0
outer loop
vertex 65.72394561767578 34.0 69.45330047607422
vertex 65.72394561767578 34.0 73.90917205810547
vertex 65.72394561767578 3.0 73.90917205810547
endloop
endfacet
facet normal 0.0 0.0 -1.0
outer loop
vertex 65.72394561767578 34.0 69.45330047607422
vertex 65.72394561767578 37.0 69.45330047607422
vertex 67.48155975341797 34.0 69.45330047607422
endloop
endfacet
facet normal 0.0 -1.0 0.0
outer loop
vertex 65.72394561767578 34.0 69.45330047607422
vertex 67.48155975341797 34.0 69.45330047607422
vertex 65.72394561767578 34.0 73.90917205810547
endloop
endfacet
facet normal -0.0 -1.0 0.0
outer loop
vertex 67.48155975341797 34.0 69.45330047607422
vertex 67.72394561767578 34.0 75.90917205810547
vertex 65.72394561767578 34.0 73.90917205810547
endloop
endfacet
facet normal 0.0 0.0 -1.0
outer loop
vertex 65.72394561767578 37.0 69.45330047607422
vertex 67.48155975341797 142.0 69.45330047607422
vertex 67.48155975341797 34.0 69.45330047607422
endloop
endfacet
facet normal 0.9992959297947198 0.0 -0.037518591334246745
outer loop
vertex 67.48155975341797 34.0 69.45330047607422
vertex 67.48155975341797 142.0 69.45330047607422
vertex 67.72394561767578 34.0 75.90917205810547
endloop
endfacet
facet normal -0.0 0.0 1.0
outer loop
vertex 33.72394561767578 34.0 73.90917205810547
vertex 65.37247467041016 12.0 73.90917205810547
vertex 65.72394561767578 34.0 73.90917205810547
endloop
endfacet
facet normal 0.0 -1.0 0.0
outer loop
vertex 33.72394561767578 34.0 73.90917205810547
vertex 65.72394561767578 34.0 73.90917205810547
vertex 67.72394561767578 34.0 75.90917205810547
endloop
endfacet
facet normal 0.0 -0.9999999999999999 0.0
outer loop
vertex 48.828208923339844 0.0 89.65511322021484
vertex 60.04877471923828 0.0 63.896751403808594
vertex 68.25305938720703 0.0 79.32674407958984
endloop
endfacet
facet normal -0.0 1.0 0.0
outer loop
vertex 42.92375183105469 12.0 73.90917205810547
vertex 68.25304412841797 12.0 79.32674407958984
vertex 65.37247467041016 12.0 73.90917205810547
endloop
endfacet
facet normal 0.0 -1.0 0.0
outer loop
vertex 52.36000061035156 2.5 87.77722930908203
vertex 62.382972717285156 2.5 83.58051300048828
vertex 61.32343292236328 2.5 84.14388275146484
endloop
endfacet
facet normal 0.0 1.0 0.0
outer loop
vertex 52.36000061035156 9.5 87.77722930908203
vertex 55.637245178222656 9.5 87.16727447509766
vertex 64.72127532958984 9.5 81.20462799072266
endloop
endfacet
facet normal 0.0 1.0 0.0
outer loop
vertex 55.637245178222656 9.5 87.16727447509766
vertex 56.69678497314453 9.5 86.6039047241211
vertex 64.72127532958984 9.5 81.20462799072266
endloop
endfacet
facet normal 0.0 -1.0 0.0
outer loop
vertex 52.36000061035156 2.5 87.77722930908203
vertex 64.72127532958984 2.5 81.20462799072266
vertex 62.382972717285156 2.5 83.58051300048828
endloop
endfacet
facet normal 0.46947187278520425 -5.380480254136508e-06 0.8829474280129047
outer loop
vertex 48.828208923339844 0.0 89.65511322021484
vertex 68.25304412841797 1.2627105712890625 79.32674407958984
vertex 64.72127532958984 2.5 81.20462799072266
endloop
endfacet
facet normal 0.469471600119688 3.1569906497875326e-06 0.8829475730025499
outer loop
vertex 48.828208923339844 12.0 89.65511322021484
vertex 64.72127532958984 9.5 81.20462799072266
vertex 68.25304412841797 12.0 79.32674407958984
endloop
endfacet
facet normal 0.0 1.0 0.0
outer loop
vertex 61.32343292236328 9.5 84.14388275146484
vertex 64.72127532958984 9.5 81.20462799072266
vertex 56.69678497314453 9.5 86.6039047241211
endloop
endfacet
facet normal 0.0 -1.0 0.0
outer loop
vertex 52.36000061035156 2.5 87.77722930908203
vertex 56.69678497314453 2.5 86.6039047241211
vertex 55.637245178222656 2.5 87.16727447509766
endloop
endfacet
facet normal -0.8829476957236007 0.0 0.46947136932552536
outer loop
vertex 52.36000061035156 2.5 87.77722930908203
vertex 57.054725646972656 2.5 96.60672760009766
vertex 52.36000061035156 9.5 87.77722930908203
endloop
endfacet
facet normal 0.469471282286118 -5.651960979875877e-07 0.8829477420030636
outer loop
vertex 48.828208923339844 0.0 89.65511322021484
vertex 64.72127532958984 2.5 81.20462799072266
vertex 52.36000061035156 2.5 87.77722930908203
endloop
endfacet
facet normal 0.0 -1.0 0.0
outer loop
vertex 52.36000061035156 2.5 87.77722930908203
vertex 61.32343292236328 2.5 84.14388275146484
vertex 56.69678497314453 2.5 86.6039047241211
endloop
endfacet
facet normal -0.08092903320616347 -0.9850300588978754 -0.15220471297553095
outer loop
vertex 55.637245178222656 2.5 87.16727447509766
vertex 56.69678497314453 2.5 86.6039047241211
vertex 56.576194763183594 2.149993896484375 88.93317413330078
endloop
endfacet
facet normal -0.08092903320616347 -0.9850300588978754 -0.15220471297553095
outer loop
vertex 56.69678497314453 2.5 86.6039047241211
vertex 57.63573455810547 2.149993896484375 88.36980438232422
vertex 56.576194763183594 2.149993896484375 88.93317413330078
endloop
endfacet
facet normal 0.0 -1.0 0.0
outer loop
vertex 52.36000061035156 2.5 87.77722930908203
vertex 55.637245178222656 2.5 87.16727447509766
vertex 59.86249542236328 2.5 95.11380767822266
endloop
endfacet
facet normal 0.469471282286118 5.651960979875877e-07 0.8829477420030636
outer loop
vertex 48.828208923339844 12.0 89.65511322021484
vertex 52.36000061035156 9.5 87.77722930908203
vertex 64.72127532958984 9.5 81.20462799072266
endloop
endfacet
facet normal -0.08092903320616347 0.9850300588978754 -0.15220471297553095
outer loop
vertex 55.637245178222656 9.5 87.16727447509766
vertex 56.576194763183594 9.850006103515625 88.93317413330078
vertex 56.69678497314453 9.5 86.6039047241211
endloop
endfacet
facet normal -0.08092903320616347 0.9850300588978754 -0.15220471297553095
outer loop
vertex 56.69678497314453 9.5 86.6039047241211
vertex 56.576194763183594 9.850006103515625 88.93317413330078
vertex 57.63573455810547 9.850006103515625 88.36980438232422
endloop
endfacet
facet normal -0.0 1.0 0.0
outer loop
vertex 52.36000061035156 9.5 87.77722930908203
vertex 57.054725646972656 9.5 96.60672760009766
vertex 55.637245178222656 9.5 87.16727447509766
endloop
endfacet
facet normal -0.8829476957236007 0.0 0.46947136932552536
outer loop
vertex 52.36000061035156 9.5 87.77722930908203
vertex 57.054725646972656 2.5 96.60672760009766
vertex 57.054725646972656 9.5 96.60672760009766
endloop
endfacet
facet normal 0.0 -1.0 0.0
outer loop
vertex 52.36000061035156 2.5 87.77722930908203
vertex 59.86249542236328 2.5 95.11380767822266
vertex 57.054725646972656 2.5 96.60672760009766
endloop
endfacet
facet normal -0.8829474274344342 -8.282706690699916e-06 0.4694718738309154
outer loop
vertex 55.637245178222656 2.5 87.16727447509766
vertex 56.576194763183594 2.149993896484375 88.93317413330078
vertex 59.86249542236328 2.5 95.11380767822266
endloop
endfacet
facet normal 0.0 -1.0 0.0
outer loop
vertex 56.576194763183594 2.149993896484375 88.93317413330078
vertex 57.63573455810547 2.149993896484375 88.36980438232422
vertex 59.393028259277344 2.149993896484375 94.2308578491211
endloop
endfacet
facet normal 0.8829474274344342 8.282706690699916e-06 -0.4694718738309154
outer loop
vertex 56.69678497314453 2.5 86.6039047241211
vertex 60.922035217285156 2.5 94.5504379272461
vertex 57.63573455810547 2.149993896484375 88.36980438232422
endloop
endfacet
facet normal -0.8829474274344342 8.282706690699916e-06 0.4694718738309154
outer loop
vertex 55.637245178222656 9.5 87.16727447509766
vertex 59.86249542236328 9.5 95.11380767822266
vertex 56.576194763183594 9.850006103515625 88.93317413330078
endloop
endfacet
facet normal -0.0 1.0 0.0
outer loop
vertex 56.576194763183594 9.850006103515625 88.93317413330078
vertex 59.393028259277344 9.850006103515625 94.2308578491211
vertex 57.63573455810547 9.850006103515625 88.36980438232422
endloop
endfacet
facet normal 0.8829474274344342 -8.282706690699916e-06 -0.4694718738309154
outer loop
vertex 56.69678497314453 9.5 86.6039047241211
vertex 57.63573455810547 9.850006103515625 88.36980438232422
vertex 60.922035217285156 9.5 94.5504379272461
endloop
endfacet
facet normal -0.0 -1.0 0.0
outer loop
vertex 61.32343292236328 2.5 84.14388275146484
vertex 65.5486831665039 2.5 92.09041595458984
vertex 56.69678497314453 2.5 86.6039047241211
endloop
endfacet
facet normal 0.0 -1.0 0.0
outer loop
vertex 56.69678497314453 2.5 86.6039047241211
vertex 65.5486831665039 2.5 92.09041595458984
vertex 60.922035217285156 2.5 94.5504379272461
endloop
endfacet
facet normal 0.0 1.0 -0.0
outer loop
vertex 61.32343292236328 9.5 84.14388275146484
vertex 56.69678497314453 9.5 86.6039047241211
vertex 60.922035217285156 9.5 94.5504379272461
endloop
endfacet
facet normal -0.8829472401601574 -3.2484184981423485e-05 0.46947222499136115
outer loop
vertex 56.576194763183594 2.149993896484375 88.93317413330078
vertex 59.393028259277344 2.149993896484375 94.2308578491211
vertex 60.33196258544922 2.5 95.99675750732422
endloop
endfacet
facet normal 0.0 -1.0 0.0
outer loop
vertex 57.63573455810547 2.149993896484375 88.36980438232422
vertex 60.45256805419922 2.149993896484375 93.66748809814453
vertex 59.393028259277344 2.149993896484375 94.2308578491211
endloop
endfacet
facet normal -0.8829499052897953 9.745256840941006e-05 0.46946720359545724
outer loop
vertex 56.576194763183594 2.149993896484375 88.93317413330078
vertex 60.33196258544922 2.5 95.99675750732422
vertex 59.86249542236328 2.5 95.11380767822266
endloop
endfacet
facet normal -0.6454410140053425 0.0 0.7638101187073626
outer loop
vertex 57.054725646972656 2.5 96.60672760009766
vertex 58.70001983642578 8.699996948242188 97.9970474243164
vertex 57.054725646972656 9.5 96.60672760009766
endloop
endfacet
facet normal -0.6454410140053424 0.0 0.7638101187073626
outer loop
vertex 57.054725646972656 2.5 96.60672760009766
vertex 58.70001983642578 3.3000030517578125 97.9970474243164
vertex 58.70001983642578 8.699996948242188 97.9970474243164
endloop
endfacet
facet normal 0.17435960187467467 -0.9284749563725584 0.3279222234358022
outer loop
vertex 57.054725646972656 2.5 96.60672760009766
vertex 59.86249542236328 2.5 95.11380767822266
vertex 59.97986602783203 2.600006103515625 95.33455657958984
endloop
endfacet
facet normal 0.1743584232316205 0.9284761685189891 0.3279194180594996
outer loop
vertex 57.054725646972656 9.5 96.60672760009766
vertex 58.70001983642578 8.699996948242188 97.9970474243164
vertex 59.97986602783203 9.399993896484375 95.33455657958984
endloop
endfacet
facet normal -0.0 1.0 0.0
outer loop
vertex 55.637245178222656 9.5 87.16727447509766
vertex 57.054725646972656 9.5 96.60672760009766
vertex 59.86249542236328 9.5 95.11380767822266
endloop
endfacet
facet normal -0.8829472401601574 3.2484184981423485e-05 0.46947222499136115
outer loop
vertex 56.576194763183594 9.850006103515625 88.93317413330078
vertex 60.33196258544922 9.5 95.99675750732422
vertex 59.393028259277344 9.850006103515625 94.2308578491211
endloop
endfacet
facet normal -0.0 1.0 0.0
outer loop
vertex 57.63573455810547 9.850006103515625 88.36980438232422
vertex 59.393028259277344 9.850006103515625 94.2308578491211
vertex 60.45256805419922 9.850006103515625 93.66748809814453
endloop
endfacet
facet normal -0.8829499052897953 -9.745256840941006e-05 0.46946720359545724
outer loop
vertex 56.576194763183594 9.850006103515625 88.93317413330078
vertex 59.86249542236328 9.5 95.11380767822266
vertex 60.33196258544922 9.5 95.99675750732422
endloop
endfacet
facet normal 0.17435960187467467 0.9284749563725584 0.3279222234358022
outer loop
vertex 57.054725646972656 9.5 96.60672760009766
vertex 59.97986602783203 9.399993896484375 95.33455657958984
vertex 59.86249542236328 9.5 95.11380767822266
endloop
endfacet
facet normal 0.8829472401601574 3.2484184981423485e-05 -0.46947222499136115
outer loop
vertex 57.63573455810547 2.149993896484375 88.36980438232422
vertex 61.391502380371094 2.5 95.43338775634766
vertex 60.45256805419922 2.149993896484375 93.66748809814453
endloop
endfacet
facet normal 0.8829499052897953 -9.745256840941006e-05 -0.46946720359545724
outer loop
vertex 57.63573455810547 2.149993896484375 88.36980438232422
vertex 60.922035217285156 2.5 94.5504379272461
vertex 61.391502380371094 2.5 95.43338775634766
endloop
endfacet
facet normal 0.08092931446367232 -0.9850299540551632 0.15220524194167218
outer loop
vertex 59.393028259277344 2.149993896484375 94.2308578491211
vertex 60.45256805419922 2.149993896484375 93.66748809814453
vertex 60.33196258544922 2.5 95.99675750732422
endloop
endfacet
facet normal 0.8829499093051313 2.004316859498551e-05 -0.46946720573042383
outer loop
vertex 60.922035217285156 2.5 94.5504379272461
vertex 61.039405822753906 2.600006103515625 94.77118682861328
vertex 61.391502380371094 2.5 95.43338775634766
endloop
endfacet
facet normal -0.8829499093051313 -2.004316859498551e-05 0.46946720573042383
outer loop
vertex 59.86249542236328 2.5 95.11380767822266
vertex 60.33196258544922 2.5 95.99675750732422
vertex 59.97986602783203 2.600006103515625 95.33455657958984
endloop
endfacet
facet normal 0.0 0.9999999999999999 -0.0
outer loop
vertex 61.039405822753906 2.600006103515625 94.77118682861328
vertex 59.97986602783203 2.600006103515625 95.33455657958984
vertex 60.33196258544922 2.600006103515625 95.99675750732422
endloop
endfacet
facet normal -0.8829486547680262 0.0 0.46946956561989506
outer loop
vertex 59.97986602783203 2.600006103515625 95.33455657958984
vertex 60.33196258544922 2.5 95.99675750732422
vertex 60.33196258544922 2.600006103515625 95.99675750732422
endloop
endfacet
facet normal 0.1743586536434448 0.9284760931324727 0.32791950899741396
outer loop
vertex 58.70001983642578 8.699996948242188 97.9970474243164
vertex 61.039405822753906 9.399993896484375 94.77118682861328
vertex 59.97986602783203 9.399993896484375 95.33455657958984
endloop
endfacet
facet normal 0.08092931446367232 -0.9850299540551632 0.15220524194167218
outer loop
vertex 60.45256805419922 2.149993896484375 93.66748809814453
vertex 61.391502380371094 2.5 95.43338775634766
vertex 60.33196258544922 2.5 95.99675750732422
endloop
endfacet
facet normal -0.0 0.9999999999999999 -0.0
outer loop
vertex 61.039405822753906 2.600006103515625 94.77118682861328
vertex 60.33196258544922 2.600006103515625 95.99675750732422
vertex 61.391502380371094 2.600006103515625 95.43338775634766
endloop
endfacet
facet normal 0.46947315367342546 0.0 0.8829467469671817
outer loop
vertex 60.33196258544922 2.5 95.99675750732422
vertex 61.391502380371094 2.600006103515625 95.43338775634766
vertex 60.33196258544922 2.600006103515625 95.99675750732422
endloop
endfacet
facet normal 0.8829486547680262 0.0 -0.46946956561989506
outer loop
vertex 61.039405822753906 2.600006103515625 94.77118682861328
vertex 61.391502380371094 2.600006103515625 95.43338775634766
vertex 61.391502380371094 2.5 95.43338775634766
endloop
endfacet
facet normal 0.46947315367342546 -0.0 0.8829467469671817
outer loop
vertex 60.33196258544922 2.5 95.99675750732422
vertex 61.391502380371094 2.5 95.43338775634766
vertex 61.391502380371094 2.600006103515625 95.43338775634766
endloop
endfacet
facet normal 0.8829472401601574 -3.2484184981423485e-05 -0.46947222499136115
outer loop
vertex 57.63573455810547 9.850006103515625 88.36980438232422
vertex 60.45256805419922 9.850006103515625 93.66748809814453
vertex 61.391502380371094 9.5 95.43338775634766
endloop
endfacet
facet normal 0.8829499052897953 9.745256840941006e-05 -0.46946720359545724
outer loop
vertex 57.63573455810547 9.850006103515625 88.36980438232422
vertex 61.391502380371094 9.5 95.43338775634766
vertex 60.922035217285156 9.5 94.5504379272461
endloop
endfacet
facet normal 0.08092931446367232 0.9850299540551632 0.15220524194167218
outer loop
vertex 59.393028259277344 9.850006103515625 94.2308578491211
vertex 60.33196258544922 9.5 95.99675750732422
vertex 60.45256805419922 9.850006103515625 93.66748809814453
endloop
endfacet
facet normal 0.8829499093051313 -2.004316859498551e-05 -0.46946720573042383
outer loop
vertex 60.922035217285156 9.5 94.5504379272461
vertex 61.391502380371094 9.5 95.43338775634766
vertex 61.039405822753906 9.399993896484375 94.77118682861328
endloop
endfacet
facet normal -0.8829499093051313 2.004316859498551e-05 0.46946720573042383
outer loop
vertex 59.86249542236328 9.5 95.11380767822266
vertex 59.97986602783203 9.399993896484375 95.33455657958984
vertex 60.33196258544922 9.5 95.99675750732422
endloop
endfacet
facet normal -0.8829486547680262 0.0 0.46946956561989506
outer loop
vertex 59.97986602783203 9.399993896484375 95.33455657958984
vertex 60.33196258544922 9.399993896484375 95.99675750732422
vertex 60.33196258544922 9.5 95.99675750732422
endloop
endfacet
facet normal 0.08092931446367232 0.9850299540551632 0.15220524194167218
outer loop
vertex 60.45256805419922 9.850006103515625 93.66748809814453
vertex 60.33196258544922 9.5 95.99675750732422
vertex 61.391502380371094 9.5 95.43338775634766
endloop
endfacet
facet normal 0.0 -0.9999999999999999 0.0
outer loop
vertex 59.97986602783203 9.399993896484375 95.33455657958984
vertex 61.391502380371094 9.399993896484375 95.43338775634766
vertex 60.33196258544922 9.399993896484375 95.99675750732422
endloop
endfacet
facet normal -0.0 -0.9999999999999999 0.0
outer loop
vertex 61.039405822753906 9.399993896484375 94.77118682861328
vertex 61.391502380371094 9.399993896484375 95.43338775634766
vertex 59.97986602783203 9.399993896484375 95.33455657958984
endloop
endfacet
facet normal 0.46947315367342546 0.0 0.8829467469671817
outer loop
vertex 60.33196258544922 9.399993896484375 95.99675750732422
vertex 61.391502380371094 9.399993896484375 95.43338775634766
vertex 60.33196258544922 9.5 95.99675750732422
endloop
endfacet
facet normal 0.8829486547680262 0.0 -0.46946956561989506
outer loop
vertex 61.039405822753906 9.399993896484375 94.77118682861328
vertex 61.391502380371094 9.5 95.43338775634766
vertex 61.391502380371094 9.399993896484375 95.43338775634766
endloop
endfacet
facet normal 0.46947315367342546 -0.0 0.8829467469671817
outer loop
vertex 60.33196258544922 9.5 95.99675750732422
vertex 61.391502380371094 9.399993896484375 95.43338775634766
vertex 61.391502380371094 9.5 95.43338775634766
endloop
endfacet
facet normal 0.0 0.0 1.0
outer loop
vertex 31.72394561767578 34.0 75.90917205810547
vertex 67.72394561767578 34.0 75.90917205810547
vertex 67.72394561767578 142.0 75.90917205810547
endloop
endfacet
facet normal 0.0 0.0 1.0
outer loop
vertex 65.37247467041016 3.0 73.90917205810547
vertex 65.72394561767578 3.0 73.90917205810547
vertex 65.72394561767578 34.0 73.90917205810547
endloop
endfacet
facet normal 0.0 -0.0 1.0
outer loop
vertex 65.37247467041016 3.0 73.90917205810547
vertex 65.72394561767578 34.0 73.90917205810547
vertex 65.37247467041016 12.0 73.90917205810547
endloop
endfacet
facet normal 0.46947131261195124 5.673163663093196e-06 0.8829477258604989
outer loop
vertex 48.828208923339844 0.0 89.65511322021484
vertex 68.25305938720703 0.0 79.32674407958984
vertex 68.25304412841797 1.2627105712890625 79.32674407958984
endloop
endfacet
facet normal -0.08092903320616347 -0.9850300588978754 -0.15220471297553095
outer loop
vertex 61.32343292236328 2.5 84.14388275146484
vertex 62.382972717285156 2.5 83.58051300048828
vertex 62.26238250732422 2.149993896484375 85.90978240966797
endloop
endfacet
facet normal -0.08092903320616347 -0.9850300588978754 -0.15220471297553095
outer loop
vertex 62.382972717285156 2.5 83.58051300048828
vertex 63.321922302246094 2.149993896484375 85.3464126586914
vertex 62.26238250732422 2.149993896484375 85.90978240966797
endloop
endfacet
facet normal -0.08092903320616347 0.9850300588978754 -0.15220471297553095
outer loop
vertex 61.32343292236328 9.5 84.14388275146484
vertex 62.26238250732422 9.850006103515625 85.90978240966797
vertex 62.382972717285156 9.5 83.58051300048828
endloop
endfacet
facet normal -0.08092903320616347 0.9850300588978754 -0.15220471297553095
outer loop
vertex 62.382972717285156 9.5 83.58051300048828
vertex 62.26238250732422 9.850006103515625 85.90978240966797
vertex 63.321922302246094 9.850006103515625 85.3464126586914
endloop
endfacet
facet normal 0.0 1.0 0.0
outer loop
vertex 61.32343292236328 9.5 84.14388275146484
vertex 62.382972717285156 9.5 83.58051300048828
vertex 64.72127532958984 9.5 81.20462799072266
endloop
endfacet
facet normal 0.4694733422906583 0.0 0.8829466466771583
outer loop
vertex 64.72127532958984 2.5 81.20462799072266
vertex 68.25304412841797 1.2627105712890625 79.32674407958984
vertex 64.72127532958984 9.5 81.20462799072266
endloop
endfacet
facet normal 0.0 -1.0 0.0
outer loop
vertex 62.382972717285156 2.5 83.58051300048828
vertex 64.72127532958984 2.5 81.20462799072266
vertex 69.4159927368164 2.5 90.03412628173828
endloop
endfacet
facet normal -0.0 1.0 0.0
outer loop
vertex 62.382972717285156 9.5 83.58051300048828
vertex 69.4159927368164 9.5 90.03412628173828
vertex 64.72127532958984 9.5 81.20462799072266
endloop
endfacet
facet normal 0.882947909198879 0.0 -0.46947096783648756
outer loop
vertex 65.37247467041016 3.0 73.90917205810547
vertex 65.37247467041016 12.0 73.90917205810547
vertex 68.25304412841797 1.2627105712890625 79.32674407958984
endloop
endfacet
facet normal 0.8829493274290358 1.0669695689933123e-05 -0.4694683003981963
outer loop
vertex 65.37247467041016 3.0 73.90917205810547
vertex 68.25304412841797 1.2627105712890625 79.32674407958984
vertex 68.25305938720703 0.0 79.32674407958984
endloop
endfacet
facet normal 0.882947909198879 0.0 -0.46947096783648756
outer loop
vertex 65.37247467041016 12.0 73.90917205810547
vertex 68.25304412841797 12.0 79.32674407958984
vertex 68.25304412841797 1.2627105712890625 79.32674407958984
endloop
endfacet
facet normal 0.46947334229065824 -0.0 0.8829466466771582
outer loop
vertex 64.72127532958984 9.5 81.20462799072266
vertex 68.25304412841797 1.2627105712890625 79.32674407958984
vertex 68.25304412841797 12.0 79.32674407958984
endloop
endfacet
facet normal 0.8829480119753922 0.0 -0.4694707745416138
outer loop
vertex 64.72127532958984 2.5 81.20462799072266
vertex 64.72127532958984 9.5 81.20462799072266
vertex 69.4159927368164 9.5 90.03412628173828
endloop
endfacet
facet normal -0.8829474274344342 -8.282706690699916e-06 0.4694718738309154
outer loop
vertex 61.32343292236328 2.5 84.14388275146484
vertex 62.26238250732422 2.149993896484375 85.90978240966797
vertex 65.5486831665039 2.5 92.09041595458984
endloop
endfacet
facet normal -0.0 -1.0 0.0
outer loop
vertex 63.321922302246094 2.149993896484375 85.3464126586914
vertex 65.0792007446289 2.149993896484375 91.20746612548828
vertex 62.26238250732422 2.149993896484375 85.90978240966797
endloop
endfacet
facet normal -0.8829474274344342 8.282706690699916e-06 0.4694718738309154
outer loop
vertex 61.32343292236328 9.5 84.14388275146484
vertex 65.5486831665039 9.5 92.09041595458984
vertex 62.26238250732422 9.850006103515625 85.90978240966797
endloop
endfacet
facet normal 0.0 1.0 -0.0
outer loop
vertex 63.321922302246094 9.850006103515625 85.3464126586914
vertex 62.26238250732422 9.850006103515625 85.90978240966797
vertex 65.0792007446289 9.850006103515625 91.20746612548828
endloop
endfacet
facet normal -0.0 1.0 -0.0
outer loop
vertex 61.32343292236328 9.5 84.14388275146484
vertex 60.922035217285156 9.5 94.5504379272461
vertex 65.5486831665039 9.5 92.09041595458984
endloop
endfacet
facet normal 0.8829474274344342 8.282706690699916e-06 -0.4694718738309154
outer loop
vertex 62.382972717285156 2.5 83.58051300048828
vertex 66.60822296142578 2.5 91.52704620361328
vertex 63.321922302246094 2.149993896484375 85.3464126586914
endloop
endfacet
facet normal 0.0 -1.0 0.0
outer loop
vertex 63.321922302246094 2.149993896484375 85.3464126586914
vertex 66.13874053955078 2.149993896484375 90.64409637451172
vertex 65.0792007446289 2.149993896484375 91.20746612548828
endloop
endfacet
facet normal -0.8829482941197649 3.930649392210859e-05 0.46947024225822526
outer loop
vertex 62.26238250732422 2.149993896484375 85.90978240966797
vertex 65.0792007446289 2.149993896484375 91.20746612548828
vertex 66.01815032958984 2.5 92.97335052490234
endloop
endfacet
facet normal -0.8829465454586485 -4.58169017173547e-05 0.46947353041832984
outer loop
vertex 62.26238250732422 2.149993896484375 85.90978240966797
vertex 66.01815032958984 2.5 92.97335052490234
vertex 65.5486831665039 2.5 92.09041595458984
endloop
endfacet
facet normal 0.8829482946451505 -1.883957256884826e-05 -0.46947024253757663
outer loop
vertex 63.321922302246094 2.149993896484375 85.3464126586914
vertex 67.07769012451172 2.5 92.40999603271484
vertex 66.13874053955078 2.149993896484375 90.64409637451172
endloop
endfacet
facet normal 0.8829499052897953 -9.745256840941006e-05 -0.46946720359545724
outer loop
vertex 63.321922302246094 2.149993896484375 85.3464126586914
vertex 66.60822296142578 2.5 91.52704620361328
vertex 67.07769012451172 2.5 92.40999603271484
endloop
endfacet
facet normal 0.08092956217389898 -0.9850298617173638 0.15220570781482617
outer loop
vertex 65.0792007446289 2.149993896484375 91.20746612548828
vertex 66.13874053955078 2.149993896484375 90.64409637451172
vertex 66.01815032958984 2.5 92.97335052490234
endloop
endfacet
facet normal 0.8829474274344342 -8.282706690699916e-06 -0.4694718738309154
outer loop
vertex 62.382972717285156 9.5 83.58051300048828
vertex 63.321922302246094 9.850006103515625 85.3464126586914
vertex 66.60822296142578 9.5 91.52704620361328
endloop
endfacet
facet normal -0.0 1.0 0.0
outer loop
vertex 63.321922302246094 9.850006103515625 85.3464126586914
vertex 65.0792007446289 9.850006103515625 91.20746612548828
vertex 66.13874053955078 9.850006103515625 90.64409637451172
endloop
endfacet
facet normal -0.8829482941197649 -3.930649392210859e-05 0.46947024225822526
outer loop
vertex 62.26238250732422 9.850006103515625 85.90978240966797
vertex 66.01815032958984 9.5 92.97335052490234
vertex 65.0792007446289 9.850006103515625 91.20746612548828
endloop
endfacet
facet normal -0.8829465454586485 4.58169017173547e-05 0.46947353041832984
outer loop
vertex 62.26238250732422 9.850006103515625 85.90978240966797
vertex 65.5486831665039 9.5 92.09041595458984
vertex 66.01815032958984 9.5 92.97335052490234
endloop
endfacet
facet normal 0.8829482946451505 1.883957256884826e-05 -0.46947024253757663
outer loop
vertex 63.321922302246094 9.850006103515625 85.3464126586914
vertex 66.13874053955078 9.850006103515625 90.64409637451172
vertex 67.07769012451172 9.5 92.40999603271484
endloop
endfacet
facet normal 0.8829499052897953 9.745256840941006e-05 -0.46946720359545724
outer loop
vertex 63.321922302246094 9.850006103515625 85.3464126586914
vertex 67.07769012451172 9.5 92.40999603271484
vertex 66.60822296142578 9.5 91.52704620361328
endloop
endfacet
facet normal 0.08092956217389898 0.9850298617173638 0.15220570781482617
outer loop
vertex 65.0792007446289 9.850006103515625 91.20746612548828
vertex 66.01815032958984 9.5 92.97335052490234
vertex 66.13874053955078 9.850006103515625 90.64409637451172
endloop
endfacet
facet normal 0.17435882348306547 -0.9284749563763252 0.32792263730273696
outer loop
vertex 60.922035217285156 2.5 94.5504379272461
vertex 65.66605377197266 2.600006103515625 92.31116485595703
vertex 61.039405822753906 2.600006103515625 94.77118682861328
endloop
endfacet
facet normal 0.17435748479867544 -0.9284771336187483 0.3279171844258741
outer loop
vertex 57.054725646972656 2.5 96.60672760009766
vertex 59.97986602783203 2.600006103515625 95.33455657958984
vertex 69.64856719970703 3.3000030517578125 92.17559051513672
endloop
endfacet
facet normal 0.17435756985082332 -0.9284770165452509 0.3279174706888077
outer loop
vertex 61.039405822753906 2.600006103515625 94.77118682861328
vertex 69.64856719970703 3.3000030517578125 92.17559051513672
vertex 59.97986602783203 2.600006103515625 95.33455657958984
endloop
endfacet
facet normal 0.1743602517077299 0.9284747315379052 0.3279225145061442
outer loop
vertex 58.70001983642578 8.699996948242188 97.9970474243164
vertex 66.72559356689453 9.399993896484375 91.74779510498047
vertex 65.66605377197266 9.399993896484375 92.31116485595703
endloop
endfacet
facet normal 0.1743582666319778 -0.9284761385634858 0.3279195861416805
outer loop
vertex 57.054725646972656 2.5 96.60672760009766
vertex 69.64856719970703 3.3000030517578125 92.17559051513672
vertex 58.70001983642578 3.3000030517578125 97.9970474243164
endloop
endfacet
facet normal 0.17435639752643556 0.9284770233623416 0.32791807472264967
outer loop
vertex 58.70001983642578 8.699996948242188 97.9970474243164
vertex 65.66605377197266 9.399993896484375 92.31116485595703
vertex 61.039405822753906 9.399993896484375 94.77118682861328
endloop
endfacet
facet normal 0.46947225518866337 0.0 0.8829472247014941
outer loop
vertex 58.70001983642578 3.3000030517578125 97.9970474243164
vertex 69.64856719970703 3.3000030517578125 92.17559051513672
vertex 58.70001983642578 8.699996948242188 97.9970474243164
endloop
endfacet
facet normal 0.17435882348306547 0.9284749563763252 0.32792263730273696
outer loop
vertex 60.922035217285156 9.5 94.5504379272461
vertex 61.039405822753906 9.399993896484375 94.77118682861328
vertex 65.5486831665039 9.5 92.09041595458984
endloop
endfacet
facet normal 0.17435882348306547 -0.9284749563763252 0.32792263730273696
outer loop
vertex 60.922035217285156 2.5 94.5504379272461
vertex 65.5486831665039 2.5 92.09041595458984
vertex 65.66605377197266 2.600006103515625 92.31116485595703
endloop
endfacet
facet normal -0.8829465457495087 -3.795192159530159e-05 0.4694735305729838
outer loop
vertex 65.5486831665039 2.5 92.09041595458984
vertex 66.01815032958984 2.5 92.97335052490234
vertex 65.66605377197266 2.600006103515625 92.31116485595703
endloop
endfacet
facet normal 0.17435909536591188 -0.9284747247221076 0.327923148642159
outer loop
vertex 61.039405822753906 2.600006103515625 94.77118682861328
vertex 65.66605377197266 2.600006103515625 92.31116485595703
vertex 69.64856719970703 3.3000030517578125 92.17559051513672
endloop
endfacet
facet normal -0.882944170492147 0.0 0.46947799926507117
outer loop
vertex 65.66605377197266 2.600006103515625 92.31116485595703
vertex 66.01815032958984 2.5 92.97335052490234
vertex 66.01815032958984 2.600006103515625 92.97335052490234
endloop
endfacet
facet normal 0.1743580058653796 0.9284761171243385 0.3279197854969407
outer loop
vertex 58.70001983642578 8.699996948242188 97.9970474243164
vertex 69.4159927368164 9.5 90.03412628173828
vertex 66.72559356689453 9.399993896484375 91.74779510498047
endloop
endfacet
facet normal 0.17435915680540712 0.9284753801119313 0.3279212603112405
outer loop
vertex 58.70001983642578 8.699996948242188 97.9970474243164
vertex 69.64856719970703 8.699996948242188 92.17559051513672
vertex 69.4159927368164 9.5 90.03412628173828
endloop
endfacet
facet normal 0.17435882348306547 0.9284749563763252 0.32792263730273696
outer loop
vertex 61.039405822753906 9.399993896484375 94.77118682861328
vertex 65.66605377197266 9.399993896484375 92.31116485595703
vertex 65.5486831665039 9.5 92.09041595458984
endloop
endfacet
facet normal -0.8829465457495087 3.795192159530159e-05 0.4694735305729838
outer loop
vertex 65.5486831665039 9.5 92.09041595458984
vertex 65.66605377197266 9.399993896484375 92.31116485595703
vertex 66.01815032958984 9.5 92.97335052490234
endloop
endfacet
facet normal -0.882944170492147 0.0 0.46947799926507117
outer loop
vertex 65.66605377197266 9.399993896484375 92.31116485595703
vertex 66.01815032958984 9.399993896484375 92.97335052490234
vertex 66.01815032958984 9.5 92.97335052490234
endloop
endfacet
facet normal 0.0 -1.0 0.0
outer loop
vertex 62.382972717285156 2.5 83.58051300048828
vertex 69.4159927368164 2.5 90.03412628173828
vertex 66.60822296142578 2.5 91.52704620361328
endloop
endfacet
facet normal 0.8829480119753922 0.0 -0.4694707745416138
outer loop
vertex 64.72127532958984 2.5 81.20462799072266
vertex 69.4159927368164 9.5 90.03412628173828
vertex 69.4159927368164 2.5 90.03412628173828
endloop
endfacet
facet normal 0.17435960187467467 -0.9284749563725584 0.3279222234358022
outer loop
vertex 66.60822296142578 2.5 91.52704620361328
vertex 69.4159927368164 2.5 90.03412628173828
vertex 66.72559356689453 2.600006103515625 91.74779510498047
endloop
endfacet
facet normal -0.0 1.0 0.0
outer loop
vertex 62.382972717285156 9.5 83.58051300048828
vertex 66.60822296142578 9.5 91.52704620361328
vertex 69.4159927368164 9.5 90.03412628173828
endloop
endfacet
facet normal 0.17435960187467467 0.9284749563725584 0.3279222234358022
outer loop
vertex 66.60822296142578 9.5 91.52704620361328
vertex 66.72559356689453 9.399993896484375 91.74779510498047
vertex 69.4159927368164 9.5 90.03412628173828
endloop
endfacet
facet normal 0.1743589887360398 -0.9284754022996119 0.3279212868532925
outer loop
vertex 66.72559356689453 2.600006103515625 91.74779510498047
vertex 69.4159927368164 2.5 90.03412628173828
vertex 69.64856719970703 3.3000030517578125 92.17559051513672
endloop
endfacet
facet normal 0.9941541037236052 0.0 -0.10797044989030583
outer loop
vertex 69.4159927368164 2.5 90.03412628173828
vertex 69.4159927368164 9.5 90.03412628173828
vertex 69.64856719970703 3.3000030517578125 92.17559051513672
endloop
endfacet
facet normal 0.9941541037236052 0.0 -0.10797044989030584
outer loop
vertex 69.4159927368164 9.5 90.03412628173828
vertex 69.64856719970703 8.699996948242188 92.17559051513672
vertex 69.64856719970703 3.3000030517578125 92.17559051513672
endloop
endfacet
facet normal -0.0 1.0 0.0
outer loop
vertex 65.66605377197266 2.600006103515625 92.31116485595703
vertex 66.01815032958984 2.600006103515625 92.97335052490234
vertex 66.72559356689453 2.600006103515625 91.74779510498047
endloop
endfacet
facet normal 0.08092732436164475 -0.9850300588960306 0.1522056215878626
outer loop
vertex 66.13874053955078 2.149993896484375 90.64409637451172
vertex 67.07769012451172 2.5 92.40999603271484
vertex 66.01815032958984 2.5 92.97335052490234
endloop
endfacet
facet normal 0.4694632405567484 0.0 0.882952017816346
outer loop
vertex 66.01815032958984 2.5 92.97335052490234
vertex 67.07769012451172 2.600006103515625 92.40999603271484
vertex 66.01815032958984 2.600006103515625 92.97335052490234
endloop
endfacet
facet normal -0.0 1.0 -0.0
outer loop
vertex 66.72559356689453 2.600006103515625 91.74779510498047
vertex 66.01815032958984 2.600006103515625 92.97335052490234
vertex 67.07769012451172 2.600006103515625 92.40999603271484
endloop
endfacet
facet normal 0.4694632405567484 -0.0 0.882952017816346
outer loop
vertex 66.01815032958984 2.5 92.97335052490234
vertex 67.07769012451172 2.5 92.40999603271484
vertex 67.07769012451172 2.600006103515625 92.40999603271484
endloop
endfacet
facet normal 0.8829499093051313 2.004316859498551e-05 -0.46946720573042383
outer loop
vertex 66.60822296142578 2.5 91.52704620361328
vertex 66.72559356689453 2.600006103515625 91.74779510498047
vertex 67.07769012451172 2.5 92.40999603271484
endloop
endfacet
facet normal 0.8829486547680262 0.0 -0.46946956561989506
outer loop
vertex 66.72559356689453 2.600006103515625 91.74779510498047
vertex 67.07769012451172 2.600006103515625 92.40999603271484
vertex 67.07769012451172 2.5 92.40999603271484
endloop
endfacet
facet normal 0.46947225518866337 -0.0 0.8829472247014941
outer loop
vertex 58.70001983642578 8.699996948242188 97.9970474243164
vertex 69.64856719970703 3.3000030517578125 92.17559051513672
vertex 69.64856719970703 8.699996948242188 92.17559051513672
endloop
endfacet
facet normal 0.17435916789683095 -0.9284756549760738 0.3279204761631632
outer loop
vertex 65.66605377197266 2.600006103515625 92.31116485595703
vertex 66.72559356689453 2.600006103515625 91.74779510498047
vertex 69.64856719970703 3.3000030517578125 92.17559051513672
endloop
endfacet
facet normal 0.08092732436164475 0.9850300588960306 0.1522056215878626
outer loop
vertex 66.13874053955078 9.850006103515625 90.64409637451172
vertex 66.01815032958984 9.5 92.97335052490234
vertex 67.07769012451172 9.5 92.40999603271484
endloop
endfacet
facet normal 0.0 -0.9999999999999999 0.0
outer loop
vertex 65.66605377197266 9.399993896484375 92.31116485595703
vertex 66.72559356689453 9.399993896484375 91.74779510498047
vertex 67.07769012451172 9.399993896484375 92.40999603271484
endloop
endfacet
facet normal 0.0 -1.0 0.0
outer loop
vertex 65.66605377197266 9.399993896484375 92.31116485595703
vertex 67.07769012451172 9.399993896484375 92.40999603271484
vertex 66.01815032958984 9.399993896484375 92.97335052490234
endloop
endfacet
facet normal 0.4694632405567484 0.0 0.882952017816346
outer loop
vertex 66.01815032958984 9.399993896484375 92.97335052490234
vertex 67.07769012451172 9.399993896484375 92.40999603271484
vertex 66.01815032958984 9.5 92.97335052490234
endloop
endfacet
facet normal 0.4694632405567484 -0.0 0.882952017816346
outer loop
vertex 66.01815032958984 9.5 92.97335052490234
vertex 67.07769012451172 9.399993896484375 92.40999603271484
vertex 67.07769012451172 9.5 92.40999603271484
endloop
endfacet
facet normal 0.8829499093051313 -2.004316859498551e-05 -0.46946720573042383
outer loop
vertex 66.60822296142578 9.5 91.52704620361328
vertex 67.07769012451172 9.5 92.40999603271484
vertex 66.72559356689453 9.399993896484375 91.74779510498047
endloop
endfacet
facet normal 0.8829486547680262 0.0 -0.46946956561989506
outer loop
vertex 66.72559356689453 9.399993896484375 91.74779510498047
vertex 67.07769012451172 9.5 92.40999603271484
vertex 67.07769012451172 9.399993896484375 92.40999603271484
endloop
endfacet
facet normal 0.8828590568264867 0.0009414617063669071 -0.4696370933277118
outer loop
vertex 53.75098419189453 142.0 43.62982940673828
vertex 58.34728240966797 143.95921421051025 52.27422332763672
vertex 58.464317321777344 144.0 52.49431610107422
endloop
endfacet
facet normal 0.3510830921819184 -0.9362513882162105 -0.013190922909397326
outer loop
vertex 58.34728240966797 143.95921421051025 52.27422332763672
vertex 58.454673767089844 144.0 52.237648010253906
vertex 58.464317321777344 144.0 52.49431610107422
endloop
endfacet
facet normal -0.3223945836063324 -0.0 -0.9466053731419971
outer loop
vertex 58.34728240966797 143.95921421051025 52.27422332763672
vertex 58.454673767089844 154.0 52.237648010253906
vertex 58.454673767089844 144.0 52.237648010253906
endloop
endfacet
facet normal 0.9992949157251362 0.0 -0.037545591031346894
outer loop
vertex 58.454673767089844 144.0 52.237648010253906
vertex 58.464317321777344 154.0 52.49431610107422
vertex 58.464317321777344 144.0 52.49431610107422
endloop
endfacet
facet normal -0.0 -1.0 0.0
outer loop
vertex 53.75098419189453 142.0 43.62982940673828
vertex 67.48155975341797 142.0 69.45330047607422
vertex 53.18867492675781 142.0 54.03095245361328
endloop
endfacet
facet normal -0.0 -1.0 0.0
outer loop
vertex 53.18867492675781 142.0 54.03095245361328
vertex 67.48155975341797 142.0 69.45330047607422
vertex 53.323333740234375 142.0 57.61754608154297
endloop
endfacet
facet normal 0.8829477000663543 -2.006178899797509e-06 -0.46947136115370286
outer loop
vertex 53.75098419189453 142.0 43.62982940673828
vertex 58.464317321777344 144.0 52.49431610107422
vertex 67.48155975341797 142.0 69.45330047607422
endloop
endfacet
facet normal 0.8829477981398666 0.0 -0.46947117670839095
outer loop
vertex 58.464317321777344 144.0 52.49431610107422
vertex 58.464317321777344 154.0 52.49431610107422
vertex 67.48155975341797 142.0 69.45330047607422
endloop
endfacet
facet normal 0.0 -0.9999999999999999 0.0
outer loop
vertex 43.060646057128906 142.0 68.37732696533203
vertex 53.727317810058594 142.0 68.37732696533203
vertex 67.48155975341797 142.0 69.45330047607422
endloop
endfacet
facet normal -0.0 -1.0 0.0
outer loop
vertex 53.323333740234375 142.0 57.61754608154297
vertex 67.48155975341797 142.0 69.45330047607422
vertex 53.727317810058594 142.0 68.37732696533203
endloop
endfacet
facet normal 0.9992969367476443 1.6060368942174255e-06 -0.037491761817702036
outer loop
vertex 67.72394561767578 34.0 75.90917205810547
vertex 67.48155975341797 142.0 69.45330047607422
vertex 67.48546600341797 142.2258062362671 69.55742645263672
endloop
endfacet
facet normal 0.8829477981398667 0.0 -0.46947117670839106
outer loop
vertex 67.48155975341797 142.0 69.45330047607422
vertex 58.464317321777344 154.0 52.49431610107422
vertex 67.48155975341797 144.0 69.45330047607422
endloop
endfacet
facet normal 0.9992970672285522 0.0 -0.0374882838819621
outer loop
vertex 67.48155975341797 142.0 69.45330047607422
vertex 67.48155975341797 144.0 69.45330047607422
vertex 67.48546600341797 142.2258062362671 69.55742645263672
endloop
endfacet
facet normal 0.999296041711847 -1.6060231563091803e-06 -0.037515610303645135
outer loop
vertex 67.48546600341797 142.2258062362671 69.55742645263672
vertex 67.48155975341797 144.0 69.45330047607422
vertex 67.72394561767578 156.0 75.90917205810547
endloop
endfacet
facet normal 0.0 -0.0 1.0
outer loop
vertex 31.72394561767578 34.0 75.90917205810547
vertex 67.72394561767578 142.0 75.90917205810547
vertex 67.14330291748047 142.2258062362671 75.90917205810547
endloop
endfacet
facet normal 0.0 -0.9999999999999999 0.0
outer loop
vertex 48.66339111328125 144.0 75.90917205810547
vertex 66.78450775146484 144.0 75.90917205810547
vertex 54.397666931152344 144.0 86.69377899169922
endloop
endfacet
facet normal 0.4694714004085824 -0.0 0.8829476791964542
outer loop
vertex 57.487998962402344 146.5 85.05062103271484
vertex 57.487998962402344 151.5 85.05062103271484
vertex 54.397666931152344 144.0 86.69377899169922
endloop
endfacet
facet normal -0.0 -0.0 1.0
outer loop
vertex 48.66339111328125 144.0 75.90917205810547
vertex 67.14330291748047 142.2258062362671 75.90917205810547
vertex 66.78450775146484 144.0 75.90917205810547
endloop
endfacet
facet normal 0.0 -1.0 0.0
outer loop
vertex 57.487998962402344 146.5 85.05062103271484
vertex 60.63280487060547 146.5 84.51110076904297
vertex 59.573265075683594 146.5 85.07447052001953
endloop
endfacet
facet normal 0.4694709703869229 6.818445291982378e-07 0.8829479078425273
outer loop
vertex 57.487998962402344 146.5 85.05062103271484
vertex 54.397666931152344 144.0 86.69377899169922
vertex 68.52483367919922 144.0 79.18224334716797
endloop
endfacet
facet normal 0.0 -1.0 0.0
outer loop
vertex 57.487998962402344 146.5 85.05062103271484
vertex 63.228660583496094 146.5 83.13085174560547
vertex 60.63280487060547 146.5 84.51110076904297
endloop
endfacet
facet normal -0.080928452696234 -0.9850302752899702 -0.15220362119988884
outer loop
vertex 59.573265075683594 146.5 85.07447052001953
vertex 60.63280487060547 146.5 84.51110076904297
vertex 60.51219940185547 146.15000009536743 86.8403549194336
endloop
endfacet
facet normal -0.8829480119753922 0.0 0.46947077454161384
outer loop
vertex 57.487998962402344 146.5 85.05062103271484
vertex 62.182716369628906 146.5 93.88011932373047
vertex 57.487998962402344 151.5 85.05062103271484
endloop
endfacet
facet normal 0.0 -1.0 0.0
outer loop
vertex 57.487998962402344 146.5 85.05062103271484
vertex 59.573265075683594 146.5 85.07447052001953
vertex 63.79851531982422 146.5 93.02098846435547
endloop
endfacet
facet normal -0.080928452696234 -0.9850302752899702 -0.15220362119988884
outer loop
vertex 60.63280487060547 146.5 84.51110076904297
vertex 61.571739196777344 146.15000009536743 86.27698516845703
vertex 60.51219940185547 146.15000009536743 86.8403549194336
endloop
endfacet
facet normal -0.8829470536967099 1.4291528335623062e-05 0.469472576583608
outer loop
vertex 59.573265075683594 146.5 85.07447052001953
vertex 60.51219940185547 146.15000009536743 86.8403549194336
vertex 63.79851531982422 146.5 93.02098846435547
endloop
endfacet
facet normal 0.0 -1.0 0.0
outer loop
vertex 57.487998962402344 146.5 85.05062103271484
vertex 63.79851531982422 146.5 93.02098846435547
vertex 62.182716369628906 146.5 93.88011932373047
endloop
endfacet
facet normal 0.9992959111408066 0.0 -0.03751908817209026
outer loop
vertex 67.72394561767578 34.0 75.90917205810547
vertex 67.48546600341797 142.2258062362671 69.55742645263672
vertex 67.72394561767578 142.0 75.90917205810547
endloop
endfacet
facet normal 0.0 -1.0 0.0
outer loop
vertex 54.397666931152344 144.0 86.69377899169922
vertex 66.78450775146484 144.0 75.90917205810547
vertex 68.52483367919922 144.0 79.18224334716797
endloop
endfacet
facet normal 0.0 -1.0 0.0
outer loop
vertex 57.487998962402344 146.5 85.05062103271484
vertex 64.28820037841797 146.5 82.5674819946289
vertex 63.228660583496094 146.5 83.13085174560547
endloop
endfacet
facet normal 0.0 -1.0 0.0
outer loop
vertex 57.487998962402344 146.5 85.05062103271484
vertex 65.43451690673828 146.5 80.82538604736328
vertex 64.28820037841797 146.5 82.5674819946289
endloop
endfacet
facet normal 0.4694712548852315 2.292919602211502e-06 0.8829477565695654
outer loop
vertex 57.487998962402344 146.5 85.05062103271484
vertex 68.52483367919922 144.0 79.18224334716797
vertex 65.43451690673828 146.5 80.82538604736328
endloop
endfacet
facet normal -0.08092764248043977 -0.9850305773050285 -0.15220209741222546
outer loop
vertex 63.228660583496094 146.5 83.13085174560547
vertex 64.28820037841797 146.5 82.5674819946289
vertex 64.16761016845703 146.15000009536743 84.8967514038086
endloop
endfacet
facet normal -0.08092764248043977 -0.9850305773050285 -0.15220209741222546
outer loop
vertex 64.28820037841797 146.5 82.5674819946289
vertex 65.2271499633789 146.15000009536743 84.33338165283203
vertex 64.16761016845703 146.15000009536743 84.8967514038086
endloop
endfacet
facet normal 0.9992959111408067 0.0 -0.03751908817209026
outer loop
vertex 67.48546600341797 142.2258062362671 69.55742645263672
vertex 67.72394561767578 156.0 75.90917205810547
vertex 67.72394561767578 142.0 75.90917205810547
endloop
endfacet
facet normal -0.0 0.0 1.0
outer loop
vertex 66.78450775146484 144.0 75.90917205810547
vertex 67.14330291748047 142.2258062362671 75.90917205810547
vertex 67.72394561767578 156.0 75.90917205810547
endloop
endfacet
facet normal -0.0 0.0 1.0
outer loop
vertex 67.14330291748047 142.2258062362671 75.90917205810547
vertex 67.72394561767578 142.0 75.90917205810547
vertex 67.72394561767578 156.0 75.90917205810547
endloop
endfacet
facet normal 0.882947251487023 0.0 -0.469472204812502
outer loop
vertex 66.78450775146484 144.0 75.90917205810547
vertex 66.78450775146484 154.0 75.90917205810547
vertex 68.52483367919922 144.0 79.18224334716797
endloop
endfacet
facet normal 0.46946980879281613 -0.0 0.8829485254713533
outer loop
vertex 65.43451690673828 146.5 80.82538604736328
vertex 68.52483367919922 144.0 79.18224334716797
vertex 68.52483367919922 154.0 79.18224334716797
endloop
endfacet
facet normal 0.0 -1.0 0.0
outer loop
vertex 64.28820037841797 146.5 82.5674819946289
vertex 65.43451690673828 146.5 80.82538604736328
vertex 70.12923431396484 146.5 89.6548843383789
endloop
endfacet
facet normal 0.0 -1.0 0.0
outer loop
vertex 60.51219940185547 146.15000009536743 86.8403549194336
vertex 61.571739196777344 146.15000009536743 86.27698516845703
vertex 63.32903289794922 146.15000009536743 92.1380386352539
endloop
endfacet
facet normal 0.8829470536967099 -1.4291528335623062e-05 -0.469472576583608
outer loop
vertex 60.63280487060547 146.5 84.51110076904297
vertex 64.8580551147461 146.5 92.4576187133789
vertex 61.571739196777344 146.15000009536743 86.27698516845703
endloop
endfacet
facet normal 0.0 -1.0 0.0
outer loop
vertex 61.571739196777344 146.15000009536743 86.27698516845703
vertex 64.3885726928711 146.15000009536743 91.5746841430664
vertex 63.32903289794922 146.15000009536743 92.1380386352539
endloop
endfacet
facet normal -0.8829472406100711 6.008695010848528e-06 0.46947222523058496
outer loop
vertex 60.51219940185547 146.15000009536743 86.8403549194336
vertex 63.32903289794922 146.15000009536743 92.1380386352539
vertex 64.26798248291016 146.5 93.90393829345703
endloop
endfacet
facet normal -0.8829499013232227 0.00013594786530108835 0.46946720148641824
outer loop
vertex 60.51219940185547 146.15000009536743 86.8403549194336
vertex 64.26798248291016 146.5 93.90393829345703
vertex 63.79851531982422 146.5 93.02098846435547
endloop
endfacet
facet normal 0.8829478006513825 -3.329848425598178e-05 -0.4694711708040203
outer loop
vertex 61.571739196777344 146.15000009536743 86.27698516845703
vertex 65.32752227783203 146.5 93.34056854248047
vertex 64.3885726928711 146.15000009536743 91.5746841430664
endloop
endfacet
facet normal 0.0 -1.0 0.0
outer loop
vertex 60.63280487060547 146.5 84.51110076904297
vertex 63.228660583496094 146.5 83.13085174560547
vertex 67.45391082763672 146.5 91.07738494873047
endloop
endfacet
facet normal -0.8829474274344334 -8.28285338654036e-06 0.469471873830915
outer loop
vertex 63.228660583496094 146.5 83.13085174560547
vertex 64.16761016845703 146.15000009536743 84.8967514038086
vertex 67.45391082763672 146.5 91.07738494873047
endloop
endfacet
facet normal 0.0 -1.0 0.0
outer loop
vertex 64.16761016845703 146.15000009536743 84.8967514038086
vertex 65.2271499633789 146.15000009536743 84.33338165283203
vertex 66.98444366455078 146.15000009536743 90.1944351196289
endloop
endfacet
facet normal 0.0 -1.0 0.0
outer loop
vertex 60.63280487060547 146.5 84.51110076904297
vertex 67.45391082763672 146.5 91.07738494873047
vertex 64.8580551147461 146.5 92.4576187133789
endloop
endfacet
facet normal 0.8829499013232227 -0.00013594786530108835 -0.46946720148641824
outer loop
vertex 61.571739196777344 146.15000009536743 86.27698516845703
vertex 64.8580551147461 146.5 92.4576187133789
vertex 65.32752227783203 146.5 93.34056854248047
endloop
endfacet
facet normal 0.17436174618177058 -0.9284723235561838 0.32792853773135533
outer loop
vertex 62.182716369628906 146.5 93.88011932373047
vertex 63.79851531982422 146.5 93.02098846435547
vertex 63.915870666503906 146.59999990463257 93.2417221069336
endloop
endfacet
facet normal -0.6454410140053424 0.0 0.7638101187073626
outer loop
vertex 62.182716369628906 146.5 93.88011932373047
vertex 63.82801055908203 147.29999995231628 95.27043914794922
vertex 63.82801055908203 150.70000004768372 95.27043914794922
endloop
endfacet
facet normal 0.0809259336652867 -0.9850305773031837 0.15220300600894307
outer loop
vertex 64.3885726928711 146.15000009536743 91.5746841430664
vertex 64.26798248291016 146.5 93.90393829345703
vertex 63.32903289794922 146.15000009536743 92.1380386352539
endloop
endfacet
facet normal -0.8829499064311205 -8.313692449623758e-05 0.46946720420230337
outer loop
vertex 63.79851531982422 146.5 93.02098846435547
vertex 64.26798248291016 146.5 93.90393829345703
vertex 63.915870666503906 146.59999990463257 93.2417221069336
endloop
endfacet
facet normal -0.0 1.0 0.0
outer loop
vertex 63.915870666503906 146.59999990463257 93.2417221069336
vertex 64.26798248291016 146.59999990463257 93.90393829345703
vertex 64.97541046142578 146.59999990463257 92.67835235595703
endloop
endfacet
facet normal 0.080928171439642 -0.9850303801311899 0.152203092235472
outer loop
vertex 64.3885726928711 146.15000009536743 91.5746841430664
vertex 65.32752227783203 146.5 93.34056854248047
vertex 64.26798248291016 146.5 93.90393829345703
endloop
endfacet
facet normal 0.0 1.0 0.0
outer loop
vertex 64.26798248291016 146.59999990463257 93.90393829345703
vertex 65.32752227783203 146.59999990463257 93.34056854248047
vertex 64.97541046142578 146.59999990463257 92.67835235595703
endloop
endfacet
facet normal -0.882944705485407 0.0 0.4694769931054
outer loop
vertex 63.915870666503906 146.59999990463257 93.2417221069336
vertex 64.26798248291016 146.5 93.90393829345703
vertex 64.26798248291016 146.59999990463257 93.90393829345703
endloop
endfacet
facet normal 0.46947315367342546 0.0 0.8829467469671818
outer loop
vertex 64.26798248291016 146.5 93.90393829345703
vertex 65.32752227783203 146.59999990463257 93.34056854248047
vertex 64.26798248291016 146.59999990463257 93.90393829345703
endloop
endfacet
facet normal 0.8829499064311205 8.313692449623758e-05 -0.46946720420230337
outer loop
vertex 64.8580551147461 146.5 92.4576187133789
vertex 64.97541046142578 146.59999990463257 92.67835235595703
vertex 65.32752227783203 146.5 93.34056854248047
endloop
endfacet
facet normal 0.882944705485407 0.0 -0.4694769931054
outer loop
vertex 64.97541046142578 146.59999990463257 92.67835235595703
vertex 65.32752227783203 146.59999990463257 93.34056854248047
vertex 65.32752227783203 146.5 93.34056854248047
endloop
endfacet
facet normal 0.1743609787493443 -0.9284723235666023 0.3279289457495407
outer loop
vertex 64.8580551147461 146.5 92.4576187133789
vertex 67.57128143310547 146.59999990463257 91.2981185913086
vertex 64.97541046142578 146.59999990463257 92.67835235595703
endloop
endfacet
facet normal 0.1743560033019501 -0.9284792941203737 0.3279118547754914
outer loop
vertex 62.182716369628906 146.5 93.88011932373047
vertex 63.915870666503906 146.59999990463257 93.2417221069336
vertex 70.36182403564453 147.29999995231628 91.79634857177734
endloop
endfacet
facet normal 0.46947315367342546 -0.0 0.8829467469671818
outer loop
vertex 64.26798248291016 146.5 93.90393829345703
vertex 65.32752227783203 146.5 93.34056854248047
vertex 65.32752227783203 146.59999990463257 93.34056854248047
endloop
endfacet
facet normal 0.1743574847039402 -0.9284765965510908 0.3279187051459833
outer loop
vertex 62.182716369628906 146.5 93.88011932373047
vertex 70.36182403564453 147.29999995231628 91.79634857177734
vertex 63.82801055908203 147.29999995231628 95.27043914794922
endloop
endfacet
facet normal 0.8829474274344334 8.28285338654036e-06 -0.469471873830915
outer loop
vertex 64.28820037841797 146.5 82.5674819946289
vertex 68.5134506225586 146.5 90.5140151977539
vertex 65.2271499633789 146.15000009536743 84.33338165283203
endloop
endfacet
facet normal 0.0 -1.0 0.0
outer loop
vertex 65.2271499633789 146.15000009536743 84.33338165283203
vertex 68.04398345947266 146.15000009536743 89.63106536865234
vertex 66.98444366455078 146.15000009536743 90.1944351196289
endloop
endfacet
facet normal 0.8829472401601408 3.24847603120479e-05 -0.4694722249913524
outer loop
vertex 65.2271499633789 146.15000009536743 84.33338165283203
vertex 68.98291778564453 146.5 91.39696502685547
vertex 68.04398345947266 146.15000009536743 89.63106536865234
endloop
endfacet
facet normal 0.8829499052896467 -9.74542944015072e-05 -0.46946720359537825
outer loop
vertex 65.2271499633789 146.15000009536743 84.33338165283203
vertex 68.5134506225586 146.5 90.5140151977539
vertex 68.98291778564453 146.5 91.39696502685547
endloop
endfacet
facet normal 0.0 -1.0 0.0
outer loop
vertex 64.28820037841797 146.5 82.5674819946289
vertex 70.12923431396484 146.5 89.6548843383789
vertex 68.5134506225586 146.5 90.5140151977539
endloop
endfacet
facet normal -0.8829472405622536 -1.2017390021046233e-05 0.4694722252051599
outer loop
vertex 64.16761016845703 146.15000009536743 84.8967514038086
vertex 66.98444366455078 146.15000009536743 90.1944351196289
vertex 67.92337799072266 146.5 91.96031951904297
endloop
endfacet
facet normal -0.8829465454586155 -4.5817713185047706e-05 0.4694735304183123
outer loop
vertex 64.16761016845703 146.15000009536743 84.8967514038086
vertex 67.92337799072266 146.5 91.96031951904297
vertex 67.45391082763672 146.5 91.07738494873047
endloop
endfacet
facet normal 0.17435747071411642 -0.9284759933625963 0.32792042046130027
outer loop
vertex 64.8580551147461 146.5 92.4576187133789
vertex 67.45391082763672 146.5 91.07738494873047
vertex 67.57128143310547 146.59999990463257 91.2981185913086
endloop
endfacet
facet normal 0.080928452696234 -0.9850302752899702 0.15220362119988884
outer loop
vertex 66.98444366455078 146.15000009536743 90.1944351196289
vertex 68.04398345947266 146.15000009536743 89.63106536865234
vertex 67.92337799072266 146.5 91.96031951904297
endloop
endfacet
facet normal -0.8829465458845495 3.368176986422715e-05 0.46947353064478664
outer loop
vertex 67.45391082763672 146.5 91.07738494873047
vertex 67.92337799072266 146.5 91.96031951904297
vertex 67.57128143310547 146.59999990463257 91.2981185913086
endloop
endfacet
facet normal -0.8829486547680263 0.0 0.46946956561989506
outer loop
vertex 67.57128143310547 146.59999990463257 91.2981185913086
vertex 67.92337799072266 146.5 91.96031951904297
vertex 67.92337799072266 146.59999990463257 91.96031951904297
endloop
endfacet
facet normal -0.0 1.0 0.0
outer loop
vertex 67.57128143310547 146.59999990463257 91.2981185913086
vertex 67.92337799072266 146.59999990463257 91.96031951904297
vertex 68.63080596923828 146.59999990463257 90.73474884033203
endloop
endfacet
facet normal 0.8829480119753922 0.0 -0.46947077454161384
outer loop
vertex 65.43451690673828 146.5 80.82538604736328
vertex 70.12923431396484 151.5 89.6548843383789
vertex 70.12923431396484 146.5 89.6548843383789
endloop
endfacet
facet normal 0.17436302988650293 -0.9284723235371886 0.32792785522772033
outer loop
vertex 68.5134506225586 146.5 90.5140151977539
vertex 70.12923431396484 146.5 89.6548843383789
vertex 68.63080596923828 146.59999990463257 90.73474884033203
endloop
endfacet
facet normal 0.08092621490638092 -0.9850304724662334 0.15220353495853953
outer loop
vertex 68.04398345947266 146.15000009536743 89.63106536865234
vertex 68.98291778564453 146.5 91.39696502685547
vertex 67.92337799072266 146.5 91.96031951904297
endloop
endfacet
facet normal 0.8829499064311205 8.313692449623758e-05 -0.46946720420230337
outer loop
vertex 68.5134506225586 146.5 90.5140151977539
vertex 68.63080596923828 146.59999990463257 90.73474884033203
vertex 68.98291778564453 146.5 91.39696502685547
endloop
endfacet
facet normal 0.4694632405567483 0.0 0.8829520178163459
outer loop
vertex 68.98291778564453 146.59999990463257 91.39696502685547
vertex 67.92337799072266 146.59999990463257 91.96031951904297
vertex 67.92337799072266 146.5 91.96031951904297
endloop
endfacet
facet normal -0.0 1.0 -0.0
outer loop
vertex 68.63080596923828 146.59999990463257 90.73474884033203
vertex 67.92337799072266 146.59999990463257 91.96031951904297
vertex 68.98291778564453 146.59999990463257 91.39696502685547
endloop
endfacet
facet normal 0.4694632405567483 -0.0 0.8829520178163459
outer loop
vertex 68.98291778564453 146.5 91.39696502685547
vertex 68.98291778564453 146.59999990463257 91.39696502685547
vertex 67.92337799072266 146.5 91.96031951904297
endloop
endfacet
facet normal 0.882944705485407 0.0 -0.4694769931054
outer loop
vertex 68.63080596923828 146.59999990463257 90.73474884033203
vertex 68.98291778564453 146.59999990463257 91.39696502685547
vertex 68.98291778564453 146.5 91.39696502685547
endloop
endfacet
facet normal 0.17435917357899575 -0.9284773180187927 0.3279157643564564
outer loop
vertex 67.57128143310547 146.59999990463257 91.2981185913086
vertex 68.63080596923828 146.59999990463257 90.73474884033203
vertex 70.36182403564453 147.29999995231628 91.79634857177734
endloop
endfacet
facet normal 0.17435663733759746 -0.9284765196437544 0.32791937345412564
outer loop
vertex 68.63080596923828 146.59999990463257 90.73474884033203
vertex 70.12923431396484 146.5 89.6548843383789
vertex 70.36182403564453 147.29999995231628 91.79634857177734
endloop
endfacet
facet normal 0.9941533433354864 0.0 -0.10797745104823768
outer loop
vertex 70.12923431396484 146.5 89.6548843383789
vertex 70.12923431396484 151.5 89.6548843383789
vertex 70.36182403564453 147.29999995231628 91.79634857177734
endloop
endfacet
facet normal 0.17435674304875348 -0.9284777209925122 0.3279159157070324
outer loop
vertex 63.915870666503906 146.59999990463257 93.2417221069336
vertex 64.97541046142578 146.59999990463257 92.67835235595703
vertex 70.36182403564453 147.29999995231628 91.79634857177734
endloop
endfacet
facet normal 0.4694715971267608 0.0 0.8829475745995615
outer loop
vertex 63.82801055908203 147.29999995231628 95.27043914794922
vertex 70.36182403564453 147.29999995231628 91.79634857177734
vertex 63.82801055908203 150.70000004768372 95.27043914794922
endloop
endfacet
facet normal 0.17435748642445556 -0.928475299196138 0.3279223775688204
outer loop
vertex 64.97541046142578 146.59999990463257 92.67835235595703
vertex 67.57128143310547 146.59999990463257 91.2981185913086
vertex 70.36182403564453 147.29999995231628 91.79634857177734
endloop
endfacet
facet normal 0.8829475459394839 0.0 -0.46947165102851857
outer loop
vertex 31.003150939941406 154.0 0.8473892211914062
vertex 40.02040100097656 156.0 17.806365966796875
vertex 40.02040100097656 144.0 17.806365966796875
endloop
endfacet
facet normal 0.9992959281323673 0.0 -0.03751863561045933
outer loop
vertex 40.02040100097656 144.0 17.806365966796875
vertex 40.02040100097656 156.0 17.806365966796875
vertex 40.262786865234375 156.0 24.262229919433594
endloop
endfacet
facet normal 0.0 -0.0 1.0
outer loop
vertex 39.323341369628906 144.0 24.262229919433594
vertex 40.262786865234375 156.0 24.262229919433594
vertex 39.323341369628906 154.0 24.262229919433594
endloop
endfacet
facet normal 0.0 1.0 0.0
outer loop
vertex 26.78357696533203 154.0 34.75922393798828
vertex 40.60728454589844 154.0 26.676971435546875
vertex 39.323341369628906 154.0 24.262229919433594
endloop
endfacet
facet normal 0.8829472386242716 0.0 -0.4694722290037757
outer loop
vertex 39.323341369628906 144.0 24.262229919433594
vertex 39.323341369628906 154.0 24.262229919433594
vertex 40.60728454589844 154.0 26.676971435546875
endloop
endfacet
facet normal 0.8829476396498027 0.0 -0.4694714747850418
outer loop
vertex 40.60728454589844 144.0 26.676971435546875
vertex 40.60728454589844 154.0 26.676971435546875
vertex 49.62127685546875 154.0 43.62982940673828
endloop
endfacet
facet normal -0.0 1.0 0.0
outer loop
vertex 31.500160217285156 154.0 43.62982940673828
vertex 49.62127685546875 154.0 43.62982940673828
vertex 40.60728454589844 154.0 26.676971435546875
endloop
endfacet
facet normal -0.0 -0.0 -1.0
outer loop
vertex 18.331619262695312 155.7741937637329 43.62982940673828
vertex 53.75098419189453 154.0 43.62982940673828
vertex 49.62127685546875 154.0 43.62982940673828
endloop
endfacet
facet normal 0.0 0.0 -1.0
outer loop
vertex 18.331619262695312 155.7741937637329 43.62982940673828
vertex 53.75098419189453 156.0 43.62982940673828
vertex 53.75098419189453 154.0 43.62982940673828
endloop
endfacet
facet normal 0.0 0.0 -1.0
outer loop
vertex 18.331619262695312 155.7741937637329 43.62982940673828
vertex 53.75098419189453 264.0 43.62982940673828
vertex 53.75098419189453 156.0 43.62982940673828
endloop
endfacet
facet normal 0.0 0.0 -1.0
outer loop
vertex 49.62127685546875 144.0 43.62982940673828
vertex 49.62127685546875 154.0 43.62982940673828
vertex 53.75098419189453 154.0 43.62982940673828
endloop
endfacet
facet normal 0.8829474454740097 0.0 -0.4694718399765004
outer loop
vertex 29.15496826171875 298.0 5.7939453125
vertex 39.452911376953125 298.0 25.161544799804688
vertex 39.452911376953125 286.0 25.161544799804688
endloop
endfacet
facet normal 0.0 0.0 -1.0
outer loop
vertex 18.331619262695312 155.7741937637329 43.62982940673828
vertex 51.993370056152344 261.0 43.62982940673828
vertex 53.75098419189453 264.0 43.62982940673828
endloop
endfacet
facet normal 0.0 0.0 -1.0
outer loop
vertex 19.993370056152344 261.0 36.08570098876953
vertex 45.261390686035156 286.0 36.08570098876953
vertex 51.993370056152344 261.0 36.08570098876953
endloop
endfacet
facet normal 0.8829475114295935 0.0 -0.46947171593216125
outer loop
vertex 39.452911376953125 286.0 25.161544799804688
vertex 39.452911376953125 298.0 25.161544799804688
vertex 45.261390686035156 295.0 36.08570098876953
endloop
endfacet
facet normal 0.8829475114295935 0.0 -0.46947171593216125
outer loop
vertex 39.452911376953125 286.0 25.161544799804688
vertex 45.261390686035156 295.0 36.08570098876953
vertex 45.261390686035156 286.0 36.08570098876953
endloop
endfacet
facet normal 0.0 -1.0 0.0
outer loop
vertex 19.993370056152344 261.0 43.62982940673828
vertex 51.993370056152344 261.0 36.08570098876953
vertex 51.993370056152344 261.0 43.62982940673828
endloop
endfacet
facet normal -0.0 -0.0 0.9999999999999999
outer loop
vertex 26.72534942626953 286.0 48.08570098876953
vertex 51.993370056152344 264.0 48.08570098876953
vertex 43.66779327392578 286.0 48.08570098876953
endloop
endfacet
facet normal 0.0 1.0 0.0
outer loop
vertex 30.743240356445312 298.0 55.642250061035156
vertex 49.75084686279297 298.0 44.529144287109375
vertex 39.452911376953125 298.0 25.161544799804688
endloop
endfacet
facet normal 0.882947690851129 1.5761578398799528e-06 -0.46947137848667075
outer loop
vertex 39.452911376953125 298.0 25.161544799804688
vertex 49.75084686279297 295.0 44.529144287109375
vertex 45.261390686035156 295.0 36.08570098876953
endloop
endfacet
facet normal 0.0 0.0 -1.0
outer loop
vertex 45.261390686035156 286.0 36.08570098876953
vertex 45.261390686035156 295.0 36.08570098876953
vertex 51.993370056152344 295.0 36.08570098876953
endloop
endfacet
facet normal 0.0 0.0 -1.0
outer loop
vertex 45.261390686035156 286.0 36.08570098876953
vertex 51.993370056152344 295.0 36.08570098876953
vertex 51.993370056152344 261.0 36.08570098876953
endloop
endfacet
facet normal 0.8829475896501782 0.0 -0.46947156882066954
outer loop
vertex 39.452911376953125 298.0 25.161544799804688
vertex 49.75084686279297 298.0 44.529144287109375
vertex 49.75084686279297 295.0 44.529144287109375
endloop
endfacet
facet normal 0.9999999999999999 0.0 -0.0
outer loop
vertex 51.993370056152344 261.0 36.08570098876953
vertex 51.993370056152344 264.0 43.62982940673828
vertex 51.993370056152344 261.0 43.62982940673828
endloop
endfacet
facet normal 1.0 0.0 -0.0
outer loop
vertex 51.993370056152344 261.0 36.08570098876953
vertex 51.993370056152344 295.0 36.08570098876953
vertex 51.993370056152344 264.0 43.62982940673828
endloop
endfacet
facet normal -0.0 -0.0 1.0
outer loop
vertex 43.66779327392578 286.0 48.08570098876953
vertex 51.993370056152344 264.0 48.08570098876953
vertex 51.64189910888672 286.0 48.08570098876953
endloop
endfacet
facet normal 0.0 0.0 -1.0
outer loop
vertex 51.993370056152344 261.0 43.62982940673828
vertex 51.993370056152344 264.0 43.62982940673828
vertex 53.75098419189453 264.0 43.62982940673828
endloop
endfacet
facet normal -0.0 1.0 0.0
outer loop
vertex 51.993370056152344 264.0 43.62982940673828
vertex 51.993370056152344 264.0 48.08570098876953
vertex 53.75098419189453 264.0 43.62982940673828
endloop
endfacet
facet normal 1.0 0.0 -0.0
outer loop
vertex 51.993370056152344 264.0 43.62982940673828
vertex 51.993370056152344 295.0 48.08570098876953
vertex 51.993370056152344 264.0 48.08570098876953
endloop
endfacet
facet normal -0.0 0.9999999999999999 0.0
outer loop
vertex 45.261390686035156 295.0 36.08570098876953
vertex 49.75084686279297 295.0 44.529144287109375
vertex 51.993370056152344 295.0 36.08570098876953
endloop
endfacet
facet normal 1.0 0.0 -0.0
outer loop
vertex 51.993370056152344 295.0 36.08570098876953
vertex 51.993370056152344 295.0 48.08570098876953
vertex 51.993370056152344 264.0 43.62982940673828
endloop
endfacet
facet normal 0.8829478497603915 0.0 -0.46947107962418816
outer loop
vertex 49.75084686279297 295.0 44.529144287109375
vertex 49.75084686279297 298.0 44.529144287109375
vertex 51.64189910888672 295.0 48.08570098876953
endloop
endfacet
facet normal 0.0 -0.0 1.0
outer loop
vertex 51.993370056152344 264.0 48.08570098876953
vertex 51.993370056152344 295.0 48.08570098876953
vertex 51.64189910888672 286.0 48.08570098876953
endloop
endfacet
facet normal 0.0 1.0 -0.0
outer loop
vertex 51.993370056152344 295.0 36.08570098876953
vertex 49.75084686279297 295.0 44.529144287109375
vertex 51.993370056152344 295.0 48.08570098876953
endloop
endfacet
facet normal 0.0 1.0 0.0
outer loop
vertex 49.75084686279297 295.0 44.529144287109375
vertex 51.64189910888672 295.0 48.08570098876953
vertex 51.993370056152344 295.0 48.08570098876953
endloop
endfacet
facet normal 0.0 -0.0 1.0
outer loop
vertex 51.64189910888672 286.0 48.08570098876953
vertex 51.993370056152344 295.0 48.08570098876953
vertex 51.64189910888672 295.0 48.08570098876953
endloop
endfacet
facet normal 0.8829479129855002 0.0 -0.4694709607148769
outer loop
vertex 58.34728240966797 143.95921421051025 52.27422332763672
vertex 53.75098419189453 154.0 43.62982940673828
vertex 53.75098419189453 156.0 43.62982940673828
endloop
endfacet
facet normal 0.9992959297947198 0.0 -0.037518591334246745
outer loop
vertex 53.75098419189453 156.0 43.62982940673828
vertex 53.75098419189453 264.0 43.62982940673828
vertex 53.993370056152344 156.0 50.08570098876953
endloop
endfacet
facet normal 0.9992959297947198 0.0 -0.037518591334246745
outer loop
vertex 53.75098419189453 264.0 43.62982940673828
vertex 53.993370056152344 264.0 50.08570098876953
vertex 53.993370056152344 156.0 50.08570098876953
endloop
endfacet
facet normal -0.0 1.0 0.0
outer loop
vertex 51.993370056152344 264.0 48.08570098876953
vertex 53.993370056152344 264.0 50.08570098876953
vertex 53.75098419189453 264.0 43.62982940673828
endloop
endfacet
facet normal -0.0 1.0 0.0
outer loop
vertex 17.993370056152344 156.0 50.08570098876953
vertex 42.65666961669922 156.0 57.61754608154297
vertex 53.18867492675781 156.0 54.03095245361328
endloop
endfacet
facet normal -0.0 1.0 0.0
outer loop
vertex 17.993370056152344 156.0 50.08570098876953
vertex 53.18867492675781 156.0 54.03095245361328
vertex 53.993370056152344 156.0 50.08570098876953
endloop
endfacet
facet normal -0.9992959291297797 0.0 0.03751860904471926
outer loop
vertex 42.65666961669922 156.0 57.61754608154297
vertex 43.060646057128906 160.0 68.37732696533203
vertex 42.65666961669922 160.0 57.61754608154297
endloop
endfacet
facet normal 0.0 0.9999999999999999 0.0
outer loop
vertex 31.72394561767578 156.0 75.90917205810547
vertex 43.060646057128906 156.0 68.37732696533203
vertex 42.65666961669922 156.0 57.61754608154297
endloop
endfacet
facet normal -0.9992959291297797 0.0 0.03751860904471926
outer loop
vertex 42.65666961669922 156.0 57.61754608154297
vertex 43.060646057128906 156.0 68.37732696533203
vertex 43.060646057128906 160.0 68.37732696533203
endloop
endfacet
facet normal 0.0 1.0 0.0
outer loop
vertex 31.72394561767578 156.0 75.90917205810547
vertex 53.727317810058594 156.0 68.37732696533203
vertex 43.060646057128906 156.0 68.37732696533203
endloop
endfacet
facet normal 0.0 0.0 1.0
outer loop
vertex 17.993370056152344 156.0 50.08570098876953
vertex 53.993370056152344 156.0 50.08570098876953
vertex 53.993370056152344 264.0 50.08570098876953
endloop
endfacet
facet normal -0.32236287660062435 0.0 -0.9466161713122013
outer loop
vertex 42.65666961669922 156.0 57.61754608154297
vertex 42.65666961669922 160.0 57.61754608154297
vertex 53.18867492675781 156.0 54.03095245361328
endloop
endfacet
facet normal 0.35109293353490106 0.9362478227597361 -0.013182048380710671
outer loop
vertex 42.65666961669922 160.0 57.61754608154297
vertex 53.59265899658203 156.0 64.79073333740234
vertex 53.18867492675781 156.0 54.03095245361328
endloop
endfacet
facet normal 0.35109278793855736 0.9362478809403857 -0.01318179396623613
outer loop
vertex 42.65666961669922 160.0 57.61754608154297
vertex 43.060646057128906 160.0 68.37732696533203
vertex 53.59265899658203 156.0 64.79073333740234
endloop
endfacet
facet normal 0.0 -0.0 1.0
outer loop
vertex 43.060646057128906 156.0 68.37732696533203
vertex 53.727317810058594 156.0 68.37732696533203
vertex 43.060646057128906 160.0 68.37732696533203
endloop
endfacet
facet normal 0.3510927879385574 0.9362478809403858 -0.013181793966236133
outer loop
vertex 43.060646057128906 160.0 68.37732696533203
vertex 53.727317810058594 156.0 68.37732696533203
vertex 53.59265899658203 156.0 64.79073333740234
endloop
endfacet
facet normal 0.0 1.0 0.0
outer loop
vertex 31.72394561767578 156.0 75.90917205810547
vertex 67.48155975341797 156.0 69.45330047607422
vertex 53.727317810058594 156.0 68.37732696533203
endloop
endfacet
facet normal 0.0 -0.0 0.9999999999999999
outer loop
vertex 31.72394561767578 144.0 75.90917205810547
vertex 48.66339111328125 154.0 75.90917205810547
vertex 31.72394561767578 156.0 75.90917205810547
endloop
endfacet
facet normal -0.0 0.0 1.0
outer loop
vertex 31.72394561767578 156.0 75.90917205810547
vertex 48.66339111328125 154.0 75.90917205810547
vertex 66.78450775146484 154.0 75.90917205810547
endloop
endfacet
facet normal -0.8829476405569351 0.0 0.46947147307897374
outer loop
vertex 48.66339111328125 144.0 75.90917205810547
vertex 54.397666931152344 154.0 86.69377899169922
vertex 48.66339111328125 154.0 75.90917205810547
endloop
endfacet
facet normal 0.0 -1.0 0.0
outer loop
vertex 30.743240356445312 286.0 55.642250061035156
vertex 43.66779327392578 286.0 48.08570098876953
vertex 41.041175842285156 286.0 75.00984954833984
endloop
endfacet
facet normal -0.0 1.0 0.0
outer loop
vertex 17.993370056152344 264.0 50.08570098876953
vertex 53.993370056152344 264.0 50.08570098876953
vertex 51.993370056152344 264.0 48.08570098876953
endloop
endfacet
facet normal -0.0 1.0 0.0
outer loop
vertex 30.743240356445312 298.0 55.642250061035156
vertex 41.041175842285156 298.0 75.00984954833984
vertex 49.75084686279297 298.0 44.529144287109375
endloop
endfacet
facet normal -0.8829475896501782 0.0 0.46947156882066954
outer loop
vertex 30.743240356445312 286.0 55.642250061035156
vertex 41.041175842285156 286.0 75.00984954833984
vertex 41.041175842285156 298.0 75.00984954833984
endloop
endfacet
facet normal 0.0 -1.0 0.0
outer loop
vertex 43.66779327392578 286.0 48.08570098876953
vertex 51.64189910888672 286.0 48.08570098876953
vertex 60.04877471923828 286.0 63.896751403808594
endloop
endfacet
facet normal -0.0 0.9999999999999999 -0.0
outer loop
vertex 49.75084686279297 298.0 44.529144287109375
vertex 41.041175842285156 298.0 75.00984954833984
vertex 60.04877471923828 298.0 63.896751403808594
endloop
endfacet
facet normal 0.0 -1.0 0.0
outer loop
vertex 43.66779327392578 286.0 48.08570098876953
vertex 60.04877471923828 286.0 63.896751403808594
vertex 41.041175842285156 286.0 75.00984954833984
endloop
endfacet
facet normal -0.8829475156557153 0.0 0.46947170798398535
outer loop
vertex 41.041175842285156 286.0 75.00984954833984
vertex 47.805999755859375 286.0 87.73262786865234
vertex 41.041175842285156 298.0 75.00984954833984
endloop
endfacet
facet normal -0.8829475156557153 0.0 0.46947170798398535
outer loop
vertex 41.041175842285156 298.0 75.00984954833984
vertex 47.805999755859375 286.0 87.73262786865234
vertex 47.805999755859375 295.0 87.73262786865234
endloop
endfacet
facet normal -0.8829473864944992 1.3214350196047257e-06 0.46947195089886584
outer loop
vertex 41.041175842285156 298.0 75.00984954833984
vertex 47.805999755859375 295.0 87.73262786865234
vertex 48.828208923339844 298.0 89.65511322021484
endloop
endfacet
facet normal 0.0 -0.9999999999999999 0.0
outer loop
vertex 41.041175842285156 286.0 75.00984954833984
vertex 52.443878173828125 286.0 87.73262786865234
vertex 47.805999755859375 286.0 87.73262786865234
endloop
endfacet
facet normal 0.0 -0.9999999999999999 0.0
outer loop
vertex 41.041175842285156 286.0 75.00984954833984
vertex 60.04877471923828 286.0 63.896751403808594
vertex 52.443878173828125 286.0 87.73262786865234
endloop
endfacet
facet normal -0.0 1.0 0.0
outer loop
vertex 41.041175842285156 298.0 75.00984954833984
vertex 48.828208923339844 298.0 89.65511322021484
vertex 68.25305938720703 298.0 79.32674407958984
endloop
endfacet
facet normal -1.0 0.0 0.0
outer loop
vertex 47.45452880859375 261.0 87.73262786865234
vertex 47.45452880859375 261.0 90.38550567626953
vertex 47.45452880859375 295.0 90.38550567626953
endloop
endfacet
facet normal 0.0 0.0 -1.0
outer loop
vertex 47.45452880859375 261.0 87.73262786865234
vertex 47.45452880859375 295.0 87.73262786865234
vertex 47.805999755859375 286.0 87.73262786865234
endloop
endfacet
facet normal -1.0 0.0 0.0
outer loop
vertex 47.45452880859375 261.0 87.73262786865234
vertex 47.45452880859375 295.0 90.38550567626953
vertex 47.45452880859375 295.0 87.73262786865234
endloop
endfacet
facet normal 0.0 0.0 -1.0
outer loop
vertex 47.805999755859375 286.0 87.73262786865234
vertex 47.45452880859375 295.0 87.73262786865234
vertex 47.805999755859375 295.0 87.73262786865234
endloop
endfacet
facet normal -0.0 1.0 0.0
outer loop
vertex 47.45452880859375 295.0 87.73262786865234
vertex 48.828208923339844 295.0 89.65511322021484
vertex 47.805999755859375 295.0 87.73262786865234
endloop
endfacet
facet normal -0.0 1.0 0.0
outer loop
vertex 47.45452880859375 295.0 87.73262786865234
vertex 47.45452880859375 295.0 90.38550567626953
vertex 48.828208923339844 295.0 89.65511322021484
endloop
endfacet
facet normal 0.0 -0.9999999999999999 0.0
outer loop
vertex 47.45452880859375 261.0 87.73262786865234
vertex 52.443878173828125 261.0 87.73262786865234
vertex 47.45452880859375 261.0 90.38550567626953
endloop
endfacet
facet normal 0.0 0.0 -1.0
outer loop
vertex 47.45452880859375 261.0 87.73262786865234
vertex 47.805999755859375 286.0 87.73262786865234
vertex 52.443878173828125 261.0 87.73262786865234
endloop
endfacet
facet normal 0.46947069255509205 0.0 0.8829480555683002
outer loop
vertex 47.45452880859375 261.0 90.38550567626953
vertex 52.443878173828125 261.0 87.73262786865234
vertex 47.45452880859375 295.0 90.38550567626953
endloop
endfacet
facet normal 0.0 0.0 -0.9999999999999999
outer loop
vertex 47.805999755859375 286.0 87.73262786865234
vertex 52.443878173828125 286.0 87.73262786865234
vertex 52.443878173828125 261.0 87.73262786865234
endloop
endfacet
facet normal -0.8829465317261469 0.0 0.4694735584809525
outer loop
vertex 47.805999755859375 295.0 87.73262786865234
vertex 48.828208923339844 295.0 89.65511322021484
vertex 48.828208923339844 295.8679656982422 89.65511322021484
endloop
endfacet
facet normal -0.8829465317261469 0.0 0.4694735584809525
outer loop
vertex 47.805999755859375 295.0 87.73262786865234
vertex 48.828208923339844 295.8679656982422 89.65511322021484
vertex 48.828208923339844 298.0 89.65511322021484
endloop
endfacet
facet normal 0.4694684474545055 -1.5964910598024004e-06 0.8829492493015143
outer loop
vertex 47.45452880859375 295.0 90.38550567626953
vertex 52.443878173828125 286.0 87.73262786865234
vertex 48.828208923339844 295.0 89.65511322021484
endloop
endfacet
facet normal 0.469470692555092 -0.0 0.8829480555683001
outer loop
vertex 47.45452880859375 295.0 90.38550567626953
vertex 52.443878173828125 261.0 87.73262786865234
vertex 52.443878173828125 286.0 87.73262786865234
endloop
endfacet
facet normal 0.4694693387743058 -1.137177739246532e-06 0.8829487753825376
outer loop
vertex 48.828208923339844 295.0 89.65511322021484
vertex 52.443878173828125 286.0 87.73262786865234
vertex 52.36000061035156 288.5 87.77722930908203
endloop
endfacet
facet normal 0.4694709703870321 -0.0 0.8829479078427326
outer loop
vertex 48.828208923339844 295.0 89.65511322021484
vertex 52.36000061035156 288.5 87.77722930908203
vertex 52.36000061035156 295.5 87.77722930908203
endloop
endfacet
facet normal 0.8829479129855002 0.0 -0.4694709607148769
outer loop
vertex 58.34728240966797 143.95921421051025 52.27422332763672
vertex 53.75098419189453 156.0 43.62982940673828
vertex 58.34728240966797 154.04078578948975 52.27422332763672
endloop
endfacet
facet normal -0.3223945836063324 0.0 -0.9466053731419971
outer loop
vertex 58.34728240966797 143.95921421051025 52.27422332763672
vertex 58.34728240966797 154.04078578948975 52.27422332763672
vertex 58.454673767089844 154.0 52.237648010253906
endloop
endfacet
facet normal 0.9992949157251362 0.0 -0.037545591031346894
outer loop
vertex 58.454673767089844 144.0 52.237648010253906
vertex 58.454673767089844 154.0 52.237648010253906
vertex 58.464317321777344 154.0 52.49431610107422
endloop
endfacet
facet normal 0.3510830921819184 0.9362513882162105 -0.013190922909397326
outer loop
vertex 58.34728240966797 154.04078578948975 52.27422332763672
vertex 58.464317321777344 154.0 52.49431610107422
vertex 58.454673767089844 154.0 52.237648010253906
endloop
endfacet
facet normal 0.0 1.0 0.0
outer loop
vertex 53.75098419189453 156.0 43.62982940673828
vertex 53.993370056152344 156.0 50.08570098876953
vertex 67.48155975341797 156.0 69.45330047607422
endloop
endfacet
facet normal 0.8829477000658636 -2.266312085981261e-06 -0.46947136115344207
outer loop
vertex 53.75098419189453 156.0 43.62982940673828
vertex 67.48155975341797 156.0 69.45330047607422
vertex 58.34728240966797 154.04078578948975 52.27422332763672
endloop
endfacet
facet normal 0.0 1.0 -0.0
outer loop
vertex 53.993370056152344 156.0 50.08570098876953
vertex 53.18867492675781 156.0 54.03095245361328
vertex 67.48155975341797 156.0 69.45330047607422
endloop
endfacet
facet normal 0.882941561742046 0.00012742504593774535 -0.46948288819868045
outer loop
vertex 58.34728240966797 154.04078578948975 52.27422332763672
vertex 67.48155975341797 156.0 69.45330047607422
vertex 58.464317321777344 154.0 52.49431610107422
endloop
endfacet
facet normal 0.0 1.0 0.0
outer loop
vertex 53.18867492675781 156.0 54.03095245361328
vertex 53.59265899658203 156.0 64.79073333740234
vertex 67.48155975341797 156.0 69.45330047607422
endloop
endfacet
facet normal 0.0 0.9999999999999999 0.0
outer loop
vertex 53.59265899658203 156.0 64.79073333740234
vertex 53.727317810058594 156.0 68.37732696533203
vertex 67.48155975341797 156.0 69.45330047607422
endloop
endfacet
facet normal 0.8829477981398667 0.0 -0.46947117670839106
outer loop
vertex 67.48155975341797 144.0 69.45330047607422
vertex 58.464317321777344 154.0 52.49431610107422
vertex 67.48155975341797 156.0 69.45330047607422
endloop
endfacet
facet normal 0.9992959297947199 0.0 -0.037518591334246745
outer loop
vertex 67.48155975341797 144.0 69.45330047607422
vertex 67.48155975341797 156.0 69.45330047607422
vertex 67.72394561767578 156.0 75.90917205810547
endloop
endfacet
facet normal -0.0 1.0 0.0
outer loop
vertex 31.72394561767578 156.0 75.90917205810547
vertex 67.72394561767578 156.0 75.90917205810547
vertex 67.48155975341797 156.0 69.45330047607422
endloop
endfacet
facet normal -0.0 0.0 1.0
outer loop
vertex 31.72394561767578 156.0 75.90917205810547
vertex 66.78450775146484 154.0 75.90917205810547
vertex 67.72394561767578 156.0 75.90917205810547
endloop
endfacet
facet normal -0.0 1.0 0.0
outer loop
vertex 48.66339111328125 154.0 75.90917205810547
vertex 68.52483367919922 154.0 79.18224334716797
vertex 66.78450775146484 154.0 75.90917205810547
endloop
endfacet
facet normal -0.0 0.9999999999999999 0.0
outer loop
vertex 48.66339111328125 154.0 75.90917205810547
vertex 54.397666931152344 154.0 86.69377899169922
vertex 68.52483367919922 154.0 79.18224334716797
endloop
endfacet
facet normal 0.4694712548864531 -2.3074068638976942e-07 0.882947756571863
outer loop
vertex 57.487998962402344 151.5 85.05062103271484
vertex 65.43451690673828 151.5 80.82538604736328
vertex 54.397666931152344 154.0 86.69377899169922
endloop
endfacet
facet normal -0.080928452696234 0.9850302752899702 -0.15220362119988884
outer loop
vertex 59.573265075683594 151.5 85.07447052001953
vertex 60.51219940185547 151.84999990463257 86.8403549194336
vertex 60.63280487060547 151.5 84.51110076904297
endloop
endfacet
facet normal -0.0 1.0 0.0
outer loop
vertex 57.487998962402344 151.5 85.05062103271484
vertex 59.573265075683594 151.5 85.07447052001953
vertex 65.43451690673828 151.5 80.82538604736328
endloop
endfacet
facet normal 0.4694714004085824 0.0 0.8829476791964542
outer loop
vertex 54.397666931152344 144.0 86.69377899169922
vertex 57.487998962402344 151.5 85.05062103271484
vertex 54.397666931152344 154.0 86.69377899169922
endloop
endfacet
facet normal -0.0 1.0 0.0
outer loop
vertex 57.487998962402344 151.5 85.05062103271484
vertex 62.182716369628906 151.5 93.88011932373047
vertex 59.573265075683594 151.5 85.07447052001953
endloop
endfacet
facet normal -0.080928452696234 0.9850302752899702 -0.15220362119988884
outer loop
vertex 60.63280487060547 151.5 84.51110076904297
vertex 60.51219940185547 151.84999990463257 86.8403549194336
vertex 61.571739196777344 151.84999990463257 86.27698516845703
endloop
endfacet
facet normal -0.8829470536967099 -1.4291528335623062e-05 0.469472576583608
outer loop
vertex 59.573265075683594 151.5 85.07447052001953
vertex 63.79851531982422 151.5 93.02098846435547
vertex 60.51219940185547 151.84999990463257 86.8403549194336
endloop
endfacet
facet normal -0.8829480119753922 0.0 0.46947077454161384
outer loop
vertex 62.182716369628906 146.5 93.88011932373047
vertex 62.182716369628906 151.5 93.88011932373047
vertex 57.487998962402344 151.5 85.05062103271484
endloop
endfacet
facet normal 0.46947097038623575 -1.841818419136495e-06 0.8829479078412349
outer loop
vertex 54.397666931152344 154.0 86.69377899169922
vertex 65.43451690673828 151.5 80.82538604736328
vertex 68.52483367919922 154.0 79.18224334716797
endloop
endfacet
facet normal 0.0 1.0 0.0
outer loop
vertex 59.573265075683594 151.5 85.07447052001953
vertex 60.63280487060547 151.5 84.51110076904297
vertex 65.43451690673828 151.5 80.82538604736328
endloop
endfacet
facet normal 0.0 1.0 0.0
outer loop
vertex 60.63280487060547 151.5 84.51110076904297
vertex 63.228660583496094 151.5 83.13085174560547
vertex 65.43451690673828 151.5 80.82538604736328
endloop
endfacet
facet normal 0.0 1.0 0.0
outer loop
vertex 63.228660583496094 151.5 83.13085174560547
vertex 64.28820037841797 151.5 82.5674819946289
vertex 65.43451690673828 151.5 80.82538604736328
endloop
endfacet
facet normal -0.08092764248043977 0.9850305773050285 -0.15220209741222546
outer loop
vertex 63.228660583496094 151.5 83.13085174560547
vertex 64.16761016845703 151.84999990463257 84.8967514038086
vertex 64.28820037841797 151.5 82.5674819946289
endloop
endfacet
facet normal -0.08092764248043977 0.9850305773050285 -0.15220209741222546
outer loop
vertex 64.28820037841797 151.5 82.5674819946289
vertex 64.16761016845703 151.84999990463257 84.8967514038086
vertex 65.2271499633789 151.84999990463257 84.33338165283203
endloop
endfacet
facet normal 0.0 -0.0 1.0
outer loop
vertex 66.78450775146484 144.0 75.90917205810547
vertex 67.72394561767578 156.0 75.90917205810547
vertex 66.78450775146484 154.0 75.90917205810547
endloop
endfacet
facet normal 0.882947251487023 0.0 -0.469472204812502
outer loop
vertex 68.52483367919922 144.0 79.18224334716797
vertex 66.78450775146484 154.0 75.90917205810547
vertex 68.52483367919922 154.0 79.18224334716797
endloop
endfacet
facet normal 0.46946980879281613 0.0 0.8829485254713533
outer loop
vertex 65.43451690673828 146.5 80.82538604736328
vertex 68.52483367919922 154.0 79.18224334716797
vertex 65.43451690673828 151.5 80.82538604736328
endloop
endfacet
facet normal 0.8829480119753922 0.0 -0.46947077454161384
outer loop
vertex 65.43451690673828 146.5 80.82538604736328
vertex 65.43451690673828 151.5 80.82538604736328
vertex 70.12923431396484 151.5 89.6548843383789
endloop
endfacet
facet normal -0.0 1.0 0.0
outer loop
vertex 64.28820037841797 151.5 82.5674819946289
vertex 68.5134506225586 151.5 90.5140151977539
vertex 65.43451690673828 151.5 80.82538604736328
endloop
endfacet
facet normal -0.0 1.0 0.0
outer loop
vertex 60.51219940185547 151.84999990463257 86.8403549194336
vertex 63.32903289794922 151.84999990463257 92.1380386352539
vertex 61.571739196777344 151.84999990463257 86.27698516845703
endloop
endfacet
facet normal 0.8829470536967099 1.4291528335623062e-05 -0.469472576583608
outer loop
vertex 60.63280487060547 151.5 84.51110076904297
vertex 61.571739196777344 151.84999990463257 86.27698516845703
vertex 64.8580551147461 151.5 92.4576187133789
endloop
endfacet
facet normal -0.0 1.0 0.0
outer loop
vertex 60.63280487060547 151.5 84.51110076904297
vertex 64.8580551147461 151.5 92.4576187133789
vertex 63.228660583496094 151.5 83.13085174560547
endloop
endfacet
facet normal -0.0 1.0 0.0
outer loop
vertex 59.573265075683594 151.5 85.07447052001953
vertex 62.182716369628906 151.5 93.88011932373047
vertex 63.79851531982422 151.5 93.02098846435547
endloop
endfacet
facet normal -0.0 1.0 0.0
outer loop
vertex 61.571739196777344 151.84999990463257 86.27698516845703
vertex 63.32903289794922 151.84999990463257 92.1380386352539
vertex 64.3885726928711 151.84999990463257 91.5746841430664
endloop
endfacet
facet normal -0.8829472406100711 -6.008695010848528e-06 0.46947222523058496
outer loop
vertex 60.51219940185547 151.84999990463257 86.8403549194336
vertex 64.26798248291016 151.5 93.90393829345703
vertex 63.32903289794922 151.84999990463257 92.1380386352539
endloop
endfacet
facet normal -0.8829499013232227 -0.00013594786530108835 0.46946720148641824
outer loop
vertex 60.51219940185547 151.84999990463257 86.8403549194336
vertex 63.79851531982422 151.5 93.02098846435547
vertex 64.26798248291016 151.5 93.90393829345703
endloop
endfacet
facet normal 0.8829478006513825 3.329848425598178e-05 -0.4694711708040203
outer loop
vertex 61.571739196777344 151.84999990463257 86.27698516845703
vertex 64.3885726928711 151.84999990463257 91.5746841430664
vertex 65.32752227783203 151.5 93.34056854248047
endloop
endfacet
facet normal -0.8829474274344334 8.28285338654036e-06 0.469471873830915
outer loop
vertex 63.228660583496094 151.5 83.13085174560547
vertex 67.45391082763672 151.5 91.07738494873047
vertex 64.16761016845703 151.84999990463257 84.8967514038086
endloop
endfacet
facet normal -0.0 1.0 0.0
outer loop
vertex 64.16761016845703 151.84999990463257 84.8967514038086
vertex 66.98444366455078 151.84999990463257 90.1944351196289
vertex 65.2271499633789 151.84999990463257 84.33338165283203
endloop
endfacet
facet normal 0.8829499013232227 0.00013594786530108835 -0.46946720148641824
outer loop
vertex 61.571739196777344 151.84999990463257 86.27698516845703
vertex 65.32752227783203 151.5 93.34056854248047
vertex 64.8580551147461 151.5 92.4576187133789
endloop
endfacet
facet normal -0.0 1.0 0.0
outer loop
vertex 63.228660583496094 151.5 83.13085174560547
vertex 64.8580551147461 151.5 92.4576187133789
vertex 67.45391082763672 151.5 91.07738494873047
endloop
endfacet
facet normal 0.17436174618177058 0.9284723235561838 0.32792853773135533
outer loop
vertex 62.182716369628906 151.5 93.88011932373047
vertex 63.915870666503906 151.40000009536743 93.2417221069336
vertex 63.79851531982422 151.5 93.02098846435547
endloop
endfacet
facet normal -0.6454410140053425 0.0 0.7638101187073627
outer loop
vertex 62.182716369628906 146.5 93.88011932373047
vertex 63.82801055908203 150.70000004768372 95.27043914794922
vertex 62.182716369628906 151.5 93.88011932373047
endloop
endfacet
facet normal 0.17435812490952662 0.928476719013842 0.3279180179973721
outer loop
vertex 62.182716369628906 151.5 93.88011932373047
vertex 63.82801055908203 150.70000004768372 95.27043914794922
vertex 63.915870666503906 151.40000009536743 93.2417221069336
endloop
endfacet
facet normal 0.0809259336652867 0.9850305773031837 0.15220300600894307
outer loop
vertex 64.3885726928711 151.84999990463257 91.5746841430664
vertex 63.32903289794922 151.84999990463257 92.1380386352539
vertex 64.26798248291016 151.5 93.90393829345703
endloop
endfacet
facet normal -0.8829499064311205 8.313692449623758e-05 0.46946720420230337
outer loop
vertex 63.79851531982422 151.5 93.02098846435547
vertex 63.915870666503906 151.40000009536743 93.2417221069336
vertex 64.26798248291016 151.5 93.90393829345703
endloop
endfacet
facet normal 0.080928171439642 0.9850303801311899 0.152203092235472
outer loop
vertex 64.3885726928711 151.84999990463257 91.5746841430664
vertex 64.26798248291016 151.5 93.90393829345703
vertex 65.32752227783203 151.5 93.34056854248047
endloop
endfacet
facet normal 0.0 -1.0 0.0
outer loop
vertex 63.915870666503906 151.40000009536743 93.2417221069336
vertex 64.97541046142578 151.40000009536743 92.67835235595703
vertex 65.32752227783203 151.40000009536743 93.34056854248047
endloop
endfacet
facet normal 0.17435786352321833 0.9284767663312118 0.3279180230038524
outer loop
vertex 63.915870666503906 151.40000009536743 93.2417221069336
vertex 63.82801055908203 150.70000004768372 95.27043914794922
vertex 64.97541046142578 151.40000009536743 92.67835235595703
endloop
endfacet
facet normal -0.882944705485407 0.0 0.4694769931054
outer loop
vertex 63.915870666503906 151.40000009536743 93.2417221069336
vertex 64.26798248291016 151.40000009536743 93.90393829345703
vertex 64.26798248291016 151.5 93.90393829345703
endloop
endfacet
facet normal 0.0 -1.0 0.0
outer loop
vertex 63.915870666503906 151.40000009536743 93.2417221069336
vertex 65.32752227783203 151.40000009536743 93.34056854248047
vertex 64.26798248291016 151.40000009536743 93.90393829345703
endloop
endfacet
facet normal 0.46947315367342546 0.0 0.8829467469671818
outer loop
vertex 64.26798248291016 151.40000009536743 93.90393829345703
vertex 65.32752227783203 151.40000009536743 93.34056854248047
vertex 64.26798248291016 151.5 93.90393829345703
endloop
endfacet
facet normal 0.8829499064311205 -8.313692449623758e-05 -0.46946720420230337
outer loop
vertex 64.8580551147461 151.5 92.4576187133789
vertex 65.32752227783203 151.5 93.34056854248047
vertex 64.97541046142578 151.40000009536743 92.67835235595703
endloop
endfacet
facet normal 0.882944705485407 0.0 -0.4694769931054
outer loop
vertex 64.97541046142578 151.40000009536743 92.67835235595703
vertex 65.32752227783203 151.5 93.34056854248047
vertex 65.32752227783203 151.40000009536743 93.34056854248047
endloop
endfacet
facet normal 0.1743545384948111 0.9284778109208124 0.327916833258004
outer loop
vertex 64.97541046142578 151.40000009536743 92.67835235595703
vertex 63.82801055908203 150.70000004768372 95.27043914794922
vertex 67.57128143310547 151.40000009536743 91.2981185913086
endloop
endfacet
facet normal 0.17436177778632878 0.9284723235557398 0.32792852092826075
outer loop
vertex 64.8580551147461 151.5 92.4576187133789
vertex 64.97541046142578 151.40000009536743 92.67835235595703
vertex 67.45391082763672 151.5 91.07738494873047
endloop
endfacet
facet normal 0.46947315367342546 -0.0 0.8829467469671818
outer loop
vertex 64.26798248291016 151.5 93.90393829345703
vertex 65.32752227783203 151.40000009536743 93.34056854248047
vertex 65.32752227783203 151.5 93.34056854248047
endloop
endfacet
facet normal 0.8829474274344334 -8.28285338654036e-06 -0.469471873830915
outer loop
vertex 64.28820037841797 151.5 82.5674819946289
vertex 65.2271499633789 151.84999990463257 84.33338165283203
vertex 68.5134506225586 151.5 90.5140151977539
endloop
endfacet
facet normal -0.0 1.0 0.0
outer loop
vertex 65.2271499633789 151.84999990463257 84.33338165283203
vertex 66.98444366455078 151.84999990463257 90.1944351196289
vertex 68.04398345947266 151.84999990463257 89.63106536865234
endloop
endfacet
facet normal -0.0 1.0 0.0
outer loop
vertex 65.43451690673828 151.5 80.82538604736328
vertex 68.5134506225586 151.5 90.5140151977539
vertex 70.12923431396484 151.5 89.6548843383789
endloop
endfacet
facet normal 0.8829472401601408 -3.24847603120479e-05 -0.4694722249913524
outer loop
vertex 65.2271499633789 151.84999990463257 84.33338165283203
vertex 68.04398345947266 151.84999990463257 89.63106536865234
vertex 68.98291778564453 151.5 91.39696502685547
endloop
endfacet
facet normal 0.8829499052896467 9.74542944015072e-05 -0.46946720359537825
outer loop
vertex 65.2271499633789 151.84999990463257 84.33338165283203
vertex 68.98291778564453 151.5 91.39696502685547
vertex 68.5134506225586 151.5 90.5140151977539
endloop
endfacet
facet normal -0.8829472405622536 1.2017390021046233e-05 0.4694722252051599
outer loop
vertex 64.16761016845703 151.84999990463257 84.8967514038086
vertex 67.92337799072266 151.5 91.96031951904297
vertex 66.98444366455078 151.84999990463257 90.1944351196289
endloop
endfacet
facet normal -0.8829465454586155 4.5817713185047706e-05 0.4694735304183123
outer loop
vertex 64.16761016845703 151.84999990463257 84.8967514038086
vertex 67.45391082763672 151.5 91.07738494873047
vertex 67.92337799072266 151.5 91.96031951904297
endloop
endfacet
facet normal 0.1743566717166069 0.9284759933566417 0.327920845309207
outer loop
vertex 64.97541046142578 151.40000009536743 92.67835235595703
vertex 67.57128143310547 151.40000009536743 91.2981185913086
vertex 67.45391082763672 151.5 91.07738494873047
endloop
endfacet
facet normal 0.080928452696234 0.9850302752899702 0.15220362119988884
outer loop
vertex 66.98444366455078 151.84999990463257 90.1944351196289
vertex 67.92337799072266 151.5 91.96031951904297
vertex 68.04398345947266 151.84999990463257 89.63106536865234
endloop
endfacet
facet normal -0.8829465458845495 -3.368176986422715e-05 0.46947353064478664
outer loop
vertex 67.45391082763672 151.5 91.07738494873047
vertex 67.57128143310547 151.40000009536743 91.2981185913086
vertex 67.92337799072266 151.5 91.96031951904297
endloop
endfacet
facet normal -0.8829486547680263 0.0 0.46946956561989506
outer loop
vertex 67.57128143310547 151.40000009536743 91.2981185913086
vertex 67.92337799072266 151.40000009536743 91.96031951904297
vertex 67.92337799072266 151.5 91.96031951904297
endloop
endfacet
facet normal 0.0 -1.0 0.0
outer loop
vertex 67.57128143310547 151.40000009536743 91.2981185913086
vertex 68.98291778564453 151.40000009536743 91.39696502685547
vertex 67.92337799072266 151.40000009536743 91.96031951904297
endloop
endfacet
facet normal 0.17436302988650293 0.9284723235371886 0.32792785522772033
outer loop
vertex 68.5134506225586 151.5 90.5140151977539
vertex 68.63080596923828 151.40000009536743 90.73474884033203
vertex 70.12923431396484 151.5 89.6548843383789
endloop
endfacet
facet normal 0.08092621490638092 0.9850304724662334 0.15220353495853953
outer loop
vertex 68.04398345947266 151.84999990463257 89.63106536865234
vertex 67.92337799072266 151.5 91.96031951904297
vertex 68.98291778564453 151.5 91.39696502685547
endloop
endfacet
facet normal 0.8829499064311205 -8.313692449623758e-05 -0.46946720420230337
outer loop
vertex 68.5134506225586 151.5 90.5140151977539
vertex 68.98291778564453 151.5 91.39696502685547
vertex 68.63080596923828 151.40000009536743 90.73474884033203
endloop
endfacet
facet normal 0.0 -1.0 0.0
outer loop
vertex 67.57128143310547 151.40000009536743 91.2981185913086
vertex 68.63080596923828 151.40000009536743 90.73474884033203
vertex 68.98291778564453 151.40000009536743 91.39696502685547
endloop
endfacet
facet normal 0.4694632405567483 0.0 0.8829520178163459
outer loop
vertex 68.98291778564453 151.40000009536743 91.39696502685547
vertex 67.92337799072266 151.5 91.96031951904297
vertex 67.92337799072266 151.40000009536743 91.96031951904297
endloop
endfacet
facet normal 0.4694632405567483 -0.0 0.8829520178163459
outer loop
vertex 68.98291778564453 151.40000009536743 91.39696502685547
vertex 68.98291778564453 151.5 91.39696502685547
vertex 67.92337799072266 151.5 91.96031951904297
endloop
endfacet
facet normal 0.882944705485407 0.0 -0.4694769931054
outer loop
vertex 68.63080596923828 151.40000009536743 90.73474884033203
vertex 68.98291778564453 151.5 91.39696502685547
vertex 68.98291778564453 151.40000009536743 91.39696502685547
endloop
endfacet
facet normal 0.9941533433354863 0.0 -0.10797745104823767
outer loop
vertex 70.36182403564453 147.29999995231628 91.79634857177734
vertex 70.12923431396484 151.5 89.6548843383789
vertex 70.36182403564453 150.70000004768372 91.79634857177734
endloop
endfacet
facet normal 0.17436408849498902 0.9284731304165323 0.32792500779574096
outer loop
vertex 63.82801055908203 150.70000004768372 95.27043914794922
vertex 68.63080596923828 151.40000009536743 90.73474884033203
vertex 67.57128143310547 151.40000009536743 91.2981185913086
endloop
endfacet
facet normal 0.17435194507929305 0.9284795995830479 0.32791314765524404
outer loop
vertex 63.82801055908203 150.70000004768372 95.27043914794922
vertex 70.12923431396484 151.5 89.6548843383789
vertex 68.63080596923828 151.40000009536743 90.73474884033203
endloop
endfacet
facet normal 0.17435774687908032 0.9284763731718163 0.3279191982256617
outer loop
vertex 63.82801055908203 150.70000004768372 95.27043914794922
vertex 70.36182403564453 150.70000004768372 91.79634857177734
vertex 70.12923431396484 151.5 89.6548843383789
endloop
endfacet
facet normal 0.4694715971267608 -0.0 0.8829475745995615
outer loop
vertex 70.36182403564453 147.29999995231628 91.79634857177734
vertex 70.36182403564453 150.70000004768372 91.79634857177734
vertex 63.82801055908203 150.70000004768372 95.27043914794922
endloop
endfacet
facet normal 0.8829477018135281 -4.231262670548261e-07 -0.4694713578718406
outer loop
vertex 49.75084686279297 298.0 44.529144287109375
vertex 60.04877471923828 286.0 63.896751403808594
vertex 51.64189910888672 295.0 48.08570098876953
endloop
endfacet
facet normal 0.8829478016515945 0.0 -0.46947117010378464
outer loop
vertex 51.64189910888672 286.0 48.08570098876953
vertex 51.64189910888672 295.0 48.08570098876953
vertex 60.04877471923828 286.0 63.896751403808594
endloop
endfacet
facet normal 0.8829478104860193 0.0 -0.46947115348862967
outer loop
vertex 49.75084686279297 298.0 44.529144287109375
vertex 60.04877471923828 298.0 63.896751403808594
vertex 60.04877471923828 286.0 63.896751403808594
endloop
endfacet
facet normal -0.0 1.0 0.0
outer loop
vertex 41.041175842285156 298.0 75.00984954833984
vertex 68.25305938720703 298.0 79.32674407958984
vertex 60.04877471923828 298.0 63.896751403808594
endloop
endfacet
facet normal 0.8829473074656649 0.0 -0.469472099532158
outer loop
vertex 60.04877471923828 286.0 63.896751403808594
vertex 60.04877471923828 298.0 63.896751403808594
vertex 68.25305938720703 286.0 79.32674407958984
endloop
endfacet
facet normal 0.46946720555162835 3.410899388869251e-05 0.8829499089688619
outer loop
vertex 48.828208923339844 295.0 89.65511322021484
vertex 52.36000061035156 295.5 87.77722930908203
vertex 68.25305938720703 298.0 79.32674407958984
endloop
endfacet
facet normal 0.0 -1.0 0.0
outer loop
vertex 52.443878173828125 286.0 87.73262786865234
vertex 60.04877471923828 286.0 63.896751403808594
vertex 68.25305938720703 286.0 79.32674407958984
endloop
endfacet
facet normal 0.4694712593531747 -1.0545217974148992e-06 0.8829477541962674
outer loop
vertex 52.443878173828125 286.0 87.73262786865234
vertex 68.25305938720703 286.0 79.32674407958984
vertex 52.36000061035156 288.5 87.77722930908203
endloop
endfacet
facet normal 0.4694713126195062 0.0 0.8829477258747076
outer loop
vertex 48.828208923339844 295.0 89.65511322021484
vertex 68.25305938720703 298.0 79.32674407958984
vertex 48.828208923339844 295.8679656982422 89.65511322021484
endloop
endfacet
facet normal 0.4694713126195062 0.0 0.8829477258747076
outer loop
vertex 48.828208923339844 295.8679656982422 89.65511322021484
vertex 68.25305938720703 298.0 79.32674407958984
vertex 48.828208923339844 298.0 89.65511322021484
endloop
endfacet
facet normal 0.8829473074656649 0.0 -0.469472099532158
outer loop
vertex 60.04877471923828 298.0 63.896751403808594
vertex 68.25305938720703 298.0 79.32674407958984
vertex 68.25305938720703 286.0 79.32674407958984
endloop
endfacet
facet normal 0.46947128228601637 -8.675165554732779e-07 0.8829477420028724
outer loop
vertex 68.25305938720703 286.0 79.32674407958984
vertex 64.72127532958984 288.5 81.20462799072266
vertex 52.36000061035156 288.5 87.77722930908203
endloop
endfacet
facet normal 0.46947128228601637 8.675165554732779e-07 0.8829477420028724
outer loop
vertex 68.25305938720703 298.0 79.32674407958984
vertex 52.36000061035156 295.5 87.77722930908203
vertex 64.72127532958984 295.5 81.20462799072266
endloop
endfacet
facet normal 0.4694717610192875 0.0 0.8829474874563316
outer loop
vertex 68.25305938720703 298.0 79.32674407958984
vertex 64.72127532958984 295.3191833496094 81.20462799072266
vertex 64.72127532958984 288.5 81.20462799072266
endloop
endfacet
facet normal 0.46947176101928756 0.0 0.8829474874563317
outer loop
vertex 68.25305938720703 298.0 79.32674407958984
vertex 64.72127532958984 295.5 81.20462799072266
vertex 64.72127532958984 295.3191833496094 81.20462799072266
endloop
endfacet
facet normal 0.46947176101928756 -0.0 0.8829474874563317
outer loop
vertex 68.25305938720703 286.0 79.32674407958984
vertex 68.25305938720703 298.0 79.32674407958984
vertex 64.72127532958984 288.5 81.20462799072266
endloop
endfacet
facet normal -0.0 -1.0 -0.0
outer loop
vertex 61.32343292236328 288.5 84.14388275146484
vertex 52.36000061035156 288.5 87.77722930908203
vertex 62.382972717285156 288.5 83.58051300048828
endloop
endfacet
facet normal 0.0 1.0 0.0
outer loop
vertex 55.637245178222656 295.5 87.16727447509766
vertex 64.72127532958984 295.5 81.20462799072266
vertex 52.36000061035156 295.5 87.77722930908203
endloop
endfacet
facet normal 0.0 1.0 0.0
outer loop
vertex 55.637245178222656 295.5 87.16727447509766
vertex 56.69678497314453 295.5 86.6039047241211
vertex 64.72127532958984 295.5 81.20462799072266
endloop
endfacet
facet normal -0.0 -1.0 -0.0
outer loop
vertex 62.382972717285156 288.5 83.58051300048828
vertex 52.36000061035156 288.5 87.77722930908203
vertex 64.72127532958984 288.5 81.20462799072266
endloop
endfacet
facet normal 0.0 1.0 0.0
outer loop
vertex 56.69678497314453 295.5 86.6039047241211
vertex 61.32343292236328 295.5 84.14388275146484
vertex 64.72127532958984 295.5 81.20462799072266
endloop
endfacet
facet normal -0.0 -1.0 -0.0
outer loop
vertex 55.637245178222656 288.5 87.16727447509766
vertex 52.36000061035156 288.5 87.77722930908203
vertex 56.69678497314453 288.5 86.6039047241211
endloop
endfacet
facet normal -0.8829476957236007 0.0 0.46947136932552536
outer loop
vertex 57.054725646972656 288.5 96.60672760009766
vertex 52.36000061035156 295.5 87.77722930908203
vertex 52.36000061035156 288.5 87.77722930908203
endloop
endfacet
facet normal -0.0 -1.0 -0.0
outer loop
vertex 56.69678497314453 288.5 86.6039047241211
vertex 52.36000061035156 288.5 87.77722930908203
vertex 61.32343292236328 288.5 84.14388275146484
endloop
endfacet
facet normal -0.08092903320616347 -0.9850300588978754 -0.15220471297553095
outer loop
vertex 55.637245178222656 288.5 87.16727447509766
vertex 56.69678497314453 288.5 86.6039047241211
vertex 56.576194763183594 288.1499938964844 88.93317413330078
endloop
endfacet
facet normal -0.08092903320616347 -0.9850300588978754 -0.15220471297553095
outer loop
vertex 56.69678497314453 288.5 86.6039047241211
vertex 57.63573455810547 288.1499938964844 88.36980438232422
vertex 56.576194763183594 288.1499938964844 88.93317413330078
endloop
endfacet
facet normal -0.0 -1.0 0.0
outer loop
vertex 55.637245178222656 288.5 87.16727447509766
vertex 59.86249542236328 288.5 95.11380767822266
vertex 52.36000061035156 288.5 87.77722930908203
endloop
endfacet
facet normal -0.08092903320616347 0.9850300588978754 -0.15220471297553095
outer loop
vertex 55.637245178222656 295.5 87.16727447509766
vertex 56.576194763183594 295.8500061035156 88.93317413330078
vertex 56.69678497314453 295.5 86.6039047241211
endloop
endfacet
facet normal -0.08092903320616347 0.9850300588978754 -0.15220471297553095
outer loop
vertex 56.69678497314453 295.5 86.6039047241211
vertex 56.576194763183594 295.8500061035156 88.93317413330078
vertex 57.63573455810547 295.8500061035156 88.36980438232422
endloop
endfacet
facet normal 0.0 1.0 -0.0
outer loop
vertex 55.637245178222656 295.5 87.16727447509766
vertex 52.36000061035156 295.5 87.77722930908203
vertex 57.054725646972656 295.5 96.60672760009766
endloop
endfacet
facet normal 0.0 -1.0 -0.0
outer loop
vertex 57.054725646972656 288.5 96.60672760009766
vertex 52.36000061035156 288.5 87.77722930908203
vertex 59.86249542236328 288.5 95.11380767822266
endloop
endfacet
facet normal -0.8829476957236007 0.0 0.46947136932552536
outer loop
vertex 57.054725646972656 288.5 96.60672760009766
vertex 57.054725646972656 295.5 96.60672760009766
vertex 52.36000061035156 295.5 87.77722930908203
endloop
endfacet
facet normal -0.8829474274344342 -8.282706690699916e-06 0.4694718738309154
outer loop
vertex 55.637245178222656 288.5 87.16727447509766
vertex 56.576194763183594 288.1499938964844 88.93317413330078
vertex 59.86249542236328 288.5 95.11380767822266
endloop
endfacet
facet normal 0.0 -1.0 0.0
outer loop
vertex 56.576194763183594 288.1499938964844 88.93317413330078
vertex 57.63573455810547 288.1499938964844 88.36980438232422
vertex 59.393028259277344 288.1499938964844 94.2308578491211
endloop
endfacet
facet normal 0.8829474274344342 8.282706690699916e-06 -0.4694718738309154
outer loop
vertex 56.69678497314453 288.5 86.6039047241211
vertex 60.922035217285156 288.5 94.5504379272461
vertex 57.63573455810547 288.1499938964844 88.36980438232422
endloop
endfacet
facet normal -0.8829474274344342 8.282706690699916e-06 0.4694718738309154
outer loop
vertex 55.637245178222656 295.5 87.16727447509766
vertex 59.86249542236328 295.5 95.11380767822266
vertex 56.576194763183594 295.8500061035156 88.93317413330078
endloop
endfacet
facet normal -0.0 1.0 0.0
outer loop
vertex 56.576194763183594 295.8500061035156 88.93317413330078
vertex 59.393028259277344 295.8500061035156 94.2308578491211
vertex 57.63573455810547 295.8500061035156 88.36980438232422
endloop
endfacet
facet normal 0.8829474274344342 -8.282706690699916e-06 -0.4694718738309154
outer loop
vertex 56.69678497314453 295.5 86.6039047241211
vertex 57.63573455810547 295.8500061035156 88.36980438232422
vertex 60.922035217285156 295.5 94.5504379272461
endloop
endfacet
facet normal 0.0 -1.0 0.0
outer loop
vertex 56.69678497314453 288.5 86.6039047241211
vertex 61.32343292236328 288.5 84.14388275146484
vertex 65.5486831665039 288.5 92.09041595458984
endloop
endfacet
facet normal 0.0 -1.0 0.0
outer loop
vertex 56.69678497314453 288.5 86.6039047241211
vertex 65.5486831665039 288.5 92.09041595458984
vertex 60.922035217285156 288.5 94.5504379272461
endloop
endfacet
facet normal -0.0 1.0 0.0
outer loop
vertex 56.69678497314453 295.5 86.6039047241211
vertex 60.922035217285156 295.5 94.5504379272461
vertex 61.32343292236328 295.5 84.14388275146484
endloop
endfacet
facet normal -0.8829472401601574 -3.2484184981423485e-05 0.46947222499136115
outer loop
vertex 56.576194763183594 288.1499938964844 88.93317413330078
vertex 59.393028259277344 288.1499938964844 94.2308578491211
vertex 60.33196258544922 288.5 95.99675750732422
endloop
endfacet
facet normal 0.0 -1.0 0.0
outer loop
vertex 57.63573455810547 288.1499938964844 88.36980438232422
vertex 60.45256805419922 288.1499938964844 93.66748809814453
vertex 59.393028259277344 288.1499938964844 94.2308578491211
endloop
endfacet
facet normal -0.8829499052897953 9.745256840941006e-05 0.46946720359545724
outer loop
vertex 56.576194763183594 288.1499938964844 88.93317413330078
vertex 60.33196258544922 288.5 95.99675750732422
vertex 59.86249542236328 288.5 95.11380767822266
endloop
endfacet
facet normal 0.17435960187467467 -0.9284749563725584 0.3279222234358022
outer loop
vertex 57.054725646972656 288.5 96.60672760009766
vertex 59.86249542236328 288.5 95.11380767822266
vertex 59.97986602783203 288.6000061035156 95.33455657958984
endloop
endfacet
facet normal -0.0 1.0 0.0
outer loop
vertex 55.637245178222656 295.5 87.16727447509766
vertex 57.054725646972656 295.5 96.60672760009766
vertex 59.86249542236328 295.5 95.11380767822266
endloop
endfacet
facet normal -0.8829472401601574 3.2484184981423485e-05 0.46947222499136115
outer loop
vertex 56.576194763183594 295.8500061035156 88.93317413330078
vertex 60.33196258544922 295.5 95.99675750732422
vertex 59.393028259277344 295.8500061035156 94.2308578491211
endloop
endfacet
facet normal -0.8829499052897953 -9.745256840941006e-05 0.46946720359545724
outer loop
vertex 56.576194763183594 295.8500061035156 88.93317413330078
vertex 59.86249542236328 295.5 95.11380767822266
vertex 60.33196258544922 295.5 95.99675750732422
endloop
endfacet
facet normal -0.0 1.0 0.0
outer loop
vertex 57.63573455810547 295.8500061035156 88.36980438232422
vertex 59.393028259277344 295.8500061035156 94.2308578491211
vertex 60.45256805419922 295.8500061035156 93.66748809814453
endloop
endfacet
facet normal -0.6454410140053425 0.0 0.7638101187073626
outer loop
vertex 57.054725646972656 288.5 96.60672760009766
vertex 58.70001983642578 294.6999969482422 97.9970474243164
vertex 57.054725646972656 295.5 96.60672760009766
endloop
endfacet
facet normal -0.6454410140053424 0.0 0.7638101187073626
outer loop
vertex 57.054725646972656 288.5 96.60672760009766
vertex 58.70001983642578 289.3000030517578 97.9970474243164
vertex 58.70001983642578 294.6999969482422 97.9970474243164
endloop
endfacet
facet normal 0.17435960187467467 0.9284749563725584 0.3279222234358022
outer loop
vertex 57.054725646972656 295.5 96.60672760009766
vertex 59.97986602783203 295.3999938964844 95.33455657958984
vertex 59.86249542236328 295.5 95.11380767822266
endloop
endfacet
facet normal 0.1743584232316205 0.9284761685189891 0.3279194180594996
outer loop
vertex 57.054725646972656 295.5 96.60672760009766
vertex 58.70001983642578 294.6999969482422 97.9970474243164
vertex 59.97986602783203 295.3999938964844 95.33455657958984
endloop
endfacet
facet normal 0.8829472401601574 3.2484184981423485e-05 -0.46947222499136115
outer loop
vertex 57.63573455810547 288.1499938964844 88.36980438232422
vertex 61.391502380371094 288.5 95.43338775634766
vertex 60.45256805419922 288.1499938964844 93.66748809814453
endloop
endfacet
facet normal 0.8829499052897953 -9.745256840941006e-05 -0.46946720359545724
outer loop
vertex 57.63573455810547 288.1499938964844 88.36980438232422
vertex 60.922035217285156 288.5 94.5504379272461
vertex 61.391502380371094 288.5 95.43338775634766
endloop
endfacet
facet normal 0.08092931446367232 -0.9850299540551632 0.15220524194167218
outer loop
vertex 59.393028259277344 288.1499938964844 94.2308578491211
vertex 60.45256805419922 288.1499938964844 93.66748809814453
vertex 60.33196258544922 288.5 95.99675750732422
endloop
endfacet
facet normal 0.8829499093051313 2.004316859498551e-05 -0.46946720573042383
outer loop
vertex 60.922035217285156 288.5 94.5504379272461
vertex 61.039405822753906 288.6000061035156 94.77118682861328
vertex 61.391502380371094 288.5 95.43338775634766
endloop
endfacet
facet normal -0.8829499093051313 -2.004316859498551e-05 0.46946720573042383
outer loop
vertex 59.86249542236328 288.5 95.11380767822266
vertex 60.33196258544922 288.5 95.99675750732422
vertex 59.97986602783203 288.6000061035156 95.33455657958984
endloop
endfacet
facet normal -0.0 0.9999999999999999 0.0
outer loop
vertex 59.97986602783203 288.6000061035156 95.33455657958984
vertex 60.33196258544922 288.6000061035156 95.99675750732422
vertex 61.039405822753906 288.6000061035156 94.77118682861328
endloop
endfacet
facet normal -0.8829486547680262 0.0 0.46946956561989506
outer loop
vertex 59.97986602783203 288.6000061035156 95.33455657958984
vertex 60.33196258544922 288.5 95.99675750732422
vertex 60.33196258544922 288.6000061035156 95.99675750732422
endloop
endfacet
facet normal 0.08092931446367232 -0.9850299540551632 0.15220524194167218
outer loop
vertex 60.45256805419922 288.1499938964844 93.66748809814453
vertex 61.391502380371094 288.5 95.43338775634766
vertex 60.33196258544922 288.5 95.99675750732422
endloop
endfacet
facet normal 0.0 0.9999999999999999 0.0
outer loop
vertex 60.33196258544922 288.6000061035156 95.99675750732422
vertex 61.391502380371094 288.6000061035156 95.43338775634766
vertex 61.039405822753906 288.6000061035156 94.77118682861328
endloop
endfacet
facet normal 0.46947315367342546 0.0 0.8829467469671817
outer loop
vertex 60.33196258544922 288.5 95.99675750732422
vertex 61.391502380371094 288.6000061035156 95.43338775634766
vertex 60.33196258544922 288.6000061035156 95.99675750732422
endloop
endfacet
facet normal 0.8829486547680262 0.0 -0.46946956561989506
outer loop
vertex 61.039405822753906 288.6000061035156 94.77118682861328
vertex 61.391502380371094 288.6000061035156 95.43338775634766
vertex 61.391502380371094 288.5 95.43338775634766
endloop
endfacet
facet normal 0.46947315367342546 -0.0 0.8829467469671817
outer loop
vertex 60.33196258544922 288.5 95.99675750732422
vertex 61.391502380371094 288.5 95.43338775634766
vertex 61.391502380371094 288.6000061035156 95.43338775634766
endloop
endfacet
facet normal 0.8829472401601574 -3.2484184981423485e-05 -0.46947222499136115
outer loop
vertex 57.63573455810547 295.8500061035156 88.36980438232422
vertex 60.45256805419922 295.8500061035156 93.66748809814453
vertex 61.391502380371094 295.5 95.43338775634766
endloop
endfacet
facet normal 0.8829499052897953 9.745256840941006e-05 -0.46946720359545724
outer loop
vertex 57.63573455810547 295.8500061035156 88.36980438232422
vertex 61.391502380371094 295.5 95.43338775634766
vertex 60.922035217285156 295.5 94.5504379272461
endloop
endfacet
facet normal 0.08092931446367232 0.9850299540551632 0.15220524194167218
outer loop
vertex 59.393028259277344 295.8500061035156 94.2308578491211
vertex 60.33196258544922 295.5 95.99675750732422
vertex 60.45256805419922 295.8500061035156 93.66748809814453
endloop
endfacet
facet normal 0.8829499093051313 -2.004316859498551e-05 -0.46946720573042383
outer loop
vertex 60.922035217285156 295.5 94.5504379272461
vertex 61.391502380371094 295.5 95.43338775634766
vertex 61.039405822753906 295.3999938964844 94.77118682861328
endloop
endfacet
facet normal 0.1743586536434448 0.9284760931324727 0.32791950899741396
outer loop
vertex 58.70001983642578 294.6999969482422 97.9970474243164
vertex 61.039405822753906 295.3999938964844 94.77118682861328
vertex 59.97986602783203 295.3999938964844 95.33455657958984
endloop
endfacet
facet normal -0.8829499093051313 2.004316859498551e-05 0.46946720573042383
outer loop
vertex 59.86249542236328 295.5 95.11380767822266
vertex 59.97986602783203 295.3999938964844 95.33455657958984
vertex 60.33196258544922 295.5 95.99675750732422
endloop
endfacet
facet normal -0.8829486547680262 0.0 0.46946956561989506
outer loop
vertex 59.97986602783203 295.3999938964844 95.33455657958984
vertex 60.33196258544922 295.3999938964844 95.99675750732422
vertex 60.33196258544922 295.5 95.99675750732422
endloop
endfacet
facet normal 0.08092931446367232 0.9850299540551632 0.15220524194167218
outer loop
vertex 60.45256805419922 295.8500061035156 93.66748809814453
vertex 60.33196258544922 295.5 95.99675750732422
vertex 61.391502380371094 295.5 95.43338775634766
endloop
endfacet
facet normal 0.0 -0.9999999999999999 0.0
outer loop
vertex 59.97986602783203 295.3999938964844 95.33455657958984
vertex 61.391502380371094 295.3999938964844 95.43338775634766
vertex 60.33196258544922 295.3999938964844 95.99675750732422
endloop
endfacet
facet normal 0.0 -0.9999999999999999 0.0
outer loop
vertex 59.97986602783203 295.3999938964844 95.33455657958984
vertex 61.039405822753906 295.3999938964844 94.77118682861328
vertex 61.391502380371094 295.3999938964844 95.43338775634766
endloop
endfacet
facet normal 0.46947315367342546 0.0 0.8829467469671817
outer loop
vertex 60.33196258544922 295.3999938964844 95.99675750732422
vertex 61.391502380371094 295.3999938964844 95.43338775634766
vertex 60.33196258544922 295.5 95.99675750732422
endloop
endfacet
facet normal 0.8829486547680262 0.0 -0.46946956561989506
outer loop
vertex 61.039405822753906 295.3999938964844 94.77118682861328
vertex 61.391502380371094 295.5 95.43338775634766
vertex 61.391502380371094 295.3999938964844 95.43338775634766
endloop
endfacet
facet normal 0.46947315367342546 -0.0 0.8829467469671817
outer loop
vertex 60.33196258544922 295.5 95.99675750732422
vertex 61.391502380371094 295.3999938964844 95.43338775634766
vertex 61.391502380371094 295.5 95.43338775634766
endloop
endfacet
facet normal -0.08092903320616347 -0.9850300588978754 -0.15220471297553095
outer loop
vertex 61.32343292236328 288.5 84.14388275146484
vertex 62.382972717285156 288.5 83.58051300048828
vertex 62.26238250732422 288.1499938964844 85.90978240966797
endloop
endfacet
facet normal -0.08092903320616347 -0.9850300588978754 -0.15220471297553095
outer loop
vertex 62.382972717285156 288.5 83.58051300048828
vertex 63.321922302246094 288.1499938964844 85.3464126586914
vertex 62.26238250732422 288.1499938964844 85.90978240966797
endloop
endfacet
facet normal -0.08092903320616347 0.9850300588978754 -0.15220471297553095
outer loop
vertex 61.32343292236328 295.5 84.14388275146484
vertex 62.26238250732422 295.8500061035156 85.90978240966797
vertex 62.382972717285156 295.5 83.58051300048828
endloop
endfacet
facet normal -0.08092903320616347 0.9850300588978754 -0.15220471297553095
outer loop
vertex 62.382972717285156 295.5 83.58051300048828
vertex 62.26238250732422 295.8500061035156 85.90978240966797
vertex 63.321922302246094 295.8500061035156 85.3464126586914
endloop
endfacet
facet normal 0.0 1.0 0.0
outer loop
vertex 61.32343292236328 295.5 84.14388275146484
vertex 62.382972717285156 295.5 83.58051300048828
vertex 64.72127532958984 295.5 81.20462799072266
endloop
endfacet
facet normal 0.0 -1.0 0.0
outer loop
vertex 62.382972717285156 288.5 83.58051300048828
vertex 64.72127532958984 288.5 81.20462799072266
vertex 69.4159927368164 288.5 90.03412628173828
endloop
endfacet
facet normal -0.0 1.0 0.0
outer loop
vertex 62.382972717285156 295.5 83.58051300048828
vertex 69.4159927368164 295.5 90.03412628173828
vertex 64.72127532958984 295.5 81.20462799072266
endloop
endfacet
facet normal 0.8829480119753921 0.0 -0.4694707745416138
outer loop
vertex 69.4159927368164 295.5 90.03412628173828
vertex 64.72127532958984 288.5 81.20462799072266
vertex 64.72127532958984 295.3191833496094 81.20462799072266
endloop
endfacet
facet normal 0.8829480119753921 0.0 -0.4694707745416138
outer loop
vertex 69.4159927368164 295.5 90.03412628173828
vertex 64.72127532958984 295.3191833496094 81.20462799072266
vertex 64.72127532958984 295.5 81.20462799072266
endloop
endfacet
facet normal -0.8829474274344342 -8.282706690699916e-06 0.4694718738309154
outer loop
vertex 61.32343292236328 288.5 84.14388275146484
vertex 62.26238250732422 288.1499938964844 85.90978240966797
vertex 65.5486831665039 288.5 92.09041595458984
endloop
endfacet
facet normal 0.0 -1.0 0.0
outer loop
vertex 62.26238250732422 288.1499938964844 85.90978240966797
vertex 63.321922302246094 288.1499938964844 85.3464126586914
vertex 65.0792007446289 288.1499938964844 91.20746612548828
endloop
endfacet
facet normal -0.8829474274344342 8.282706690699916e-06 0.4694718738309154
outer loop
vertex 61.32343292236328 295.5 84.14388275146484
vertex 65.5486831665039 295.5 92.09041595458984
vertex 62.26238250732422 295.8500061035156 85.90978240966797
endloop
endfacet
facet normal -0.0 1.0 0.0
outer loop
vertex 62.26238250732422 295.8500061035156 85.90978240966797
vertex 65.0792007446289 295.8500061035156 91.20746612548828
vertex 63.321922302246094 295.8500061035156 85.3464126586914
endloop
endfacet
facet normal -0.0 1.0 -0.0
outer loop
vertex 61.32343292236328 295.5 84.14388275146484
vertex 60.922035217285156 295.5 94.5504379272461
vertex 65.5486831665039 295.5 92.09041595458984
endloop
endfacet
facet normal 0.8829474274344342 8.282706690699916e-06 -0.4694718738309154
outer loop
vertex 62.382972717285156 288.5 83.58051300048828
vertex 66.60822296142578 288.5 91.52704620361328
vertex 63.321922302246094 288.1499938964844 85.3464126586914
endloop
endfacet
facet normal 0.0 -1.0 0.0
outer loop
vertex 63.321922302246094 288.1499938964844 85.3464126586914
vertex 66.13874053955078 288.1499938964844 90.64409637451172
vertex 65.0792007446289 288.1499938964844 91.20746612548828
endloop
endfacet
facet normal -0.8829482941197649 3.930649392210859e-05 0.46947024225822526
outer loop
vertex 62.26238250732422 288.1499938964844 85.90978240966797
vertex 65.0792007446289 288.1499938964844 91.20746612548828
vertex 66.01815032958984 288.5 92.97335052490234
endloop
endfacet
facet normal -0.8829465454586485 -4.58169017173547e-05 0.46947353041832984
outer loop
vertex 62.26238250732422 288.1499938964844 85.90978240966797
vertex 66.01815032958984 288.5 92.97335052490234
vertex 65.5486831665039 288.5 92.09041595458984
endloop
endfacet
facet normal 0.8829482946451505 -1.883957256884826e-05 -0.46947024253757663
outer loop
vertex 63.321922302246094 288.1499938964844 85.3464126586914
vertex 67.07769012451172 288.5 92.40999603271484
vertex 66.13874053955078 288.1499938964844 90.64409637451172
endloop
endfacet
facet normal 0.8829499052897953 -9.745256840941006e-05 -0.46946720359545724
outer loop
vertex 63.321922302246094 288.1499938964844 85.3464126586914
vertex 66.60822296142578 288.5 91.52704620361328
vertex 67.07769012451172 288.5 92.40999603271484
endloop
endfacet
facet normal 0.08092956217389898 -0.9850298617173638 0.15220570781482617
outer loop
vertex 65.0792007446289 288.1499938964844 91.20746612548828
vertex 66.13874053955078 288.1499938964844 90.64409637451172
vertex 66.01815032958984 288.5 92.97335052490234
endloop
endfacet
facet normal 0.8829474274344342 -8.282706690699916e-06 -0.4694718738309154
outer loop
vertex 62.382972717285156 295.5 83.58051300048828
vertex 63.321922302246094 295.8500061035156 85.3464126586914
vertex 66.60822296142578 295.5 91.52704620361328
endloop
endfacet
facet normal -0.8829465454586485 4.58169017173547e-05 0.46947353041832984
outer loop
vertex 62.26238250732422 295.8500061035156 85.90978240966797
vertex 65.5486831665039 295.5 92.09041595458984
vertex 66.01815032958984 295.5 92.97335052490234
endloop
endfacet
facet normal -0.0 1.0 0.0
outer loop
vertex 63.321922302246094 295.8500061035156 85.3464126586914
vertex 65.0792007446289 295.8500061035156 91.20746612548828
vertex 66.13874053955078 295.8500061035156 90.64409637451172
endloop
endfacet
facet normal -0.8829482941197649 -3.930649392210859e-05 0.46947024225822526
outer loop
vertex 62.26238250732422 295.8500061035156 85.90978240966797
vertex 66.01815032958984 295.5 92.97335052490234
vertex 65.0792007446289 295.8500061035156 91.20746612548828
endloop
endfacet
facet normal 0.8829499052897953 9.745256840941006e-05 -0.46946720359545724
outer loop
vertex 63.321922302246094 295.8500061035156 85.3464126586914
vertex 67.07769012451172 295.5 92.40999603271484
vertex 66.60822296142578 295.5 91.52704620361328
endloop
endfacet
facet normal 0.8829482946451505 1.883957256884826e-05 -0.46947024253757663
outer loop
vertex 63.321922302246094 295.8500061035156 85.3464126586914
vertex 66.13874053955078 295.8500061035156 90.64409637451172
vertex 67.07769012451172 295.5 92.40999603271484
endloop
endfacet
facet normal 0.08092956217389898 0.9850298617173638 0.15220570781482617
outer loop
vertex 65.0792007446289 295.8500061035156 91.20746612548828
vertex 66.01815032958984 295.5 92.97335052490234
vertex 66.13874053955078 295.8500061035156 90.64409637451172
endloop
endfacet
facet normal 0.17435882348306547 -0.9284749563763252 0.32792263730273696
outer loop
vertex 60.922035217285156 288.5 94.5504379272461
vertex 65.66605377197266 288.6000061035156 92.31116485595703
vertex 61.039405822753906 288.6000061035156 94.77118682861328
endloop
endfacet
facet normal 0.17435748479867544 -0.9284771336187483 0.3279171844258741
outer loop
vertex 57.054725646972656 288.5 96.60672760009766
vertex 59.97986602783203 288.6000061035156 95.33455657958984
vertex 69.64856719970703 289.3000030517578 92.17559051513672
endloop
endfacet
facet normal 0.17435882348306547 0.9284749563763252 0.32792263730273696
outer loop
vertex 60.922035217285156 295.5 94.5504379272461
vertex 61.039405822753906 295.3999938964844 94.77118682861328
vertex 65.5486831665039 295.5 92.09041595458984
endloop
endfacet
facet normal 0.17435756985082332 -0.9284770165452509 0.3279174706888077
outer loop
vertex 59.97986602783203 288.6000061035156 95.33455657958984
vertex 61.039405822753906 288.6000061035156 94.77118682861328
vertex 69.64856719970703 289.3000030517578 92.17559051513672
endloop
endfacet
facet normal 0.1743602517077299 0.9284747315379052 0.3279225145061442
outer loop
vertex 58.70001983642578 294.6999969482422 97.9970474243164
vertex 66.72559356689453 295.3999938964844 91.74779510498047
vertex 65.66605377197266 295.3999938964844 92.31116485595703
endloop
endfacet
facet normal 0.1743582666319778 -0.9284761385634858 0.3279195861416805
outer loop
vertex 57.054725646972656 288.5 96.60672760009766
vertex 69.64856719970703 289.3000030517578 92.17559051513672
vertex 58.70001983642578 289.3000030517578 97.9970474243164
endloop
endfacet
facet normal 0.46947225518866337 0.0 0.8829472247014941
outer loop
vertex 58.70001983642578 289.3000030517578 97.9970474243164
vertex 69.64856719970703 289.3000030517578 92.17559051513672
vertex 58.70001983642578 294.6999969482422 97.9970474243164
endloop
endfacet
facet normal 0.17435639752643556 0.9284770233623416 0.32791807472264967
outer loop
vertex 58.70001983642578 294.6999969482422 97.9970474243164
vertex 65.66605377197266 295.3999938964844 92.31116485595703
vertex 61.039405822753906 295.3999938964844 94.77118682861328
endloop
endfacet
facet normal 0.17435882348306547 -0.9284749563763252 0.32792263730273696
outer loop
vertex 60.922035217285156 288.5 94.5504379272461
vertex 65.5486831665039 288.5 92.09041595458984
vertex 65.66605377197266 288.6000061035156 92.31116485595703
endloop
endfacet
facet normal -0.8829465457495087 -3.795192159530159e-05 0.4694735305729838
outer loop
vertex 65.5486831665039 288.5 92.09041595458984
vertex 66.01815032958984 288.5 92.97335052490234
vertex 65.66605377197266 288.6000061035156 92.31116485595703
endloop
endfacet
facet normal -0.882944170492147 0.0 0.46947799926507117
outer loop
vertex 65.66605377197266 288.6000061035156 92.31116485595703
vertex 66.01815032958984 288.5 92.97335052490234
vertex 66.01815032958984 288.6000061035156 92.97335052490234
endloop
endfacet
facet normal 0.17435882348306547 0.9284749563763252 0.32792263730273696
outer loop
vertex 61.039405822753906 295.3999938964844 94.77118682861328
vertex 65.66605377197266 295.3999938964844 92.31116485595703
vertex 65.5486831665039 295.5 92.09041595458984
endloop
endfacet
facet normal 0.17435909536591188 -0.9284747247221076 0.327923148642159
outer loop
vertex 61.039405822753906 288.6000061035156 94.77118682861328
vertex 65.66605377197266 288.6000061035156 92.31116485595703
vertex 69.64856719970703 289.3000030517578 92.17559051513672
endloop
endfacet
facet normal 0.1743580058653796 0.9284761171243385 0.3279197854969407
outer loop
vertex 58.70001983642578 294.6999969482422 97.9970474243164
vertex 69.4159927368164 295.5 90.03412628173828
vertex 66.72559356689453 295.3999938964844 91.74779510498047
endloop
endfacet
facet normal -0.8829465457495087 3.795192159530159e-05 0.4694735305729838
outer loop
vertex 65.66605377197266 295.3999938964844 92.31116485595703
vertex 66.01815032958984 295.5 92.97335052490234
vertex 65.5486831665039 295.5 92.09041595458984
endloop
endfacet
facet normal -0.882944170492147 0.0 0.46947799926507117
outer loop
vertex 65.66605377197266 295.3999938964844 92.31116485595703
vertex 66.01815032958984 295.3999938964844 92.97335052490234
vertex 66.01815032958984 295.5 92.97335052490234
endloop
endfacet
facet normal 0.17435915680540712 0.9284753801119313 0.3279212603112405
outer loop
vertex 58.70001983642578 294.6999969482422 97.9970474243164
vertex 69.64856719970703 294.6999969482422 92.17559051513672
vertex 69.4159927368164 295.5 90.03412628173828
endloop
endfacet
facet normal 0.0 -1.0 0.0
outer loop
vertex 62.382972717285156 288.5 83.58051300048828
vertex 69.4159927368164 288.5 90.03412628173828
vertex 66.60822296142578 288.5 91.52704620361328
endloop
endfacet
facet normal 0.17435960187467467 -0.9284749563725584 0.3279222234358022
outer loop
vertex 66.60822296142578 288.5 91.52704620361328
vertex 69.4159927368164 288.5 90.03412628173828
vertex 66.72559356689453 288.6000061035156 91.74779510498047
endloop
endfacet
facet normal -0.0 1.0 0.0
outer loop
vertex 62.382972717285156 295.5 83.58051300048828
vertex 66.60822296142578 295.5 91.52704620361328
vertex 69.4159927368164 295.5 90.03412628173828
endloop
endfacet
facet normal 0.8829480119753922 0.0 -0.4694707745416138
outer loop
vertex 69.4159927368164 288.5 90.03412628173828
vertex 64.72127532958984 288.5 81.20462799072266
vertex 69.4159927368164 295.5 90.03412628173828
endloop
endfacet
facet normal 0.17435960187467467 0.9284749563725584 0.3279222234358022
outer loop
vertex 66.72559356689453 295.3999938964844 91.74779510498047
vertex 69.4159927368164 295.5 90.03412628173828
vertex 66.60822296142578 295.5 91.52704620361328
endloop
endfacet
facet normal 0.1743589887360398 -0.9284754022996119 0.3279212868532925
outer loop
vertex 66.72559356689453 288.6000061035156 91.74779510498047
vertex 69.4159927368164 288.5 90.03412628173828
vertex 69.64856719970703 289.3000030517578 92.17559051513672
endloop
endfacet
facet normal 0.9941541037236052 0.0 -0.10797044989030583
outer loop
vertex 69.4159927368164 288.5 90.03412628173828
vertex 69.4159927368164 295.5 90.03412628173828
vertex 69.64856719970703 289.3000030517578 92.17559051513672
endloop
endfacet
facet normal 0.9941541037236052 0.0 -0.10797044989030584
outer loop
vertex 69.64856719970703 289.3000030517578 92.17559051513672
vertex 69.4159927368164 295.5 90.03412628173828
vertex 69.64856719970703 294.6999969482422 92.17559051513672
endloop
endfacet
facet normal -0.0 1.0 0.0
outer loop
vertex 65.66605377197266 288.6000061035156 92.31116485595703
vertex 66.01815032958984 288.6000061035156 92.97335052490234
vertex 66.72559356689453 288.6000061035156 91.74779510498047
endloop
endfacet
facet normal 0.08092732436164475 -0.9850300588960306 0.1522056215878626
outer loop
vertex 66.13874053955078 288.1499938964844 90.64409637451172
vertex 67.07769012451172 288.5 92.40999603271484
vertex 66.01815032958984 288.5 92.97335052490234
endloop
endfacet
facet normal 0.4694632405567484 0.0 0.882952017816346
outer loop
vertex 66.01815032958984 288.5 92.97335052490234
vertex 67.07769012451172 288.6000061035156 92.40999603271484
vertex 66.01815032958984 288.6000061035156 92.97335052490234
endloop
endfacet
facet normal 0.0 1.0 0.0
outer loop
vertex 66.01815032958984 288.6000061035156 92.97335052490234
vertex 67.07769012451172 288.6000061035156 92.40999603271484
vertex 66.72559356689453 288.6000061035156 91.74779510498047
endloop
endfacet
facet normal 0.4694632405567484 -0.0 0.882952017816346
outer loop
vertex 66.01815032958984 288.5 92.97335052490234
vertex 67.07769012451172 288.5 92.40999603271484
vertex 67.07769012451172 288.6000061035156 92.40999603271484
endloop
endfacet
facet normal 0.8829499093051313 2.004316859498551e-05 -0.46946720573042383
outer loop
vertex 66.60822296142578 288.5 91.52704620361328
vertex 66.72559356689453 288.6000061035156 91.74779510498047
vertex 67.07769012451172 288.5 92.40999603271484
endloop
endfacet
facet normal 0.8829486547680262 0.0 -0.46946956561989506
outer loop
vertex 66.72559356689453 288.6000061035156 91.74779510498047
vertex 67.07769012451172 288.6000061035156 92.40999603271484
vertex 67.07769012451172 288.5 92.40999603271484
endloop
endfacet
facet normal 0.46947225518866337 -0.0 0.8829472247014941
outer loop
vertex 58.70001983642578 294.6999969482422 97.9970474243164
vertex 69.64856719970703 289.3000030517578 92.17559051513672
vertex 69.64856719970703 294.6999969482422 92.17559051513672
endloop
endfacet
facet normal 0.08092732436164475 0.9850300588960306 0.1522056215878626
outer loop
vertex 66.13874053955078 295.8500061035156 90.64409637451172
vertex 66.01815032958984 295.5 92.97335052490234
vertex 67.07769012451172 295.5 92.40999603271484
endloop
endfacet
facet normal 0.0 -0.9999999999999999 0.0
outer loop
vertex 65.66605377197266 295.3999938964844 92.31116485595703
vertex 66.72559356689453 295.3999938964844 91.74779510498047
vertex 67.07769012451172 295.3999938964844 92.40999603271484
endloop
endfacet
facet normal 0.0 -1.0 0.0
outer loop
vertex 65.66605377197266 295.3999938964844 92.31116485595703
vertex 67.07769012451172 295.3999938964844 92.40999603271484
vertex 66.01815032958984 295.3999938964844 92.97335052490234
endloop
endfacet
facet normal 0.4694632405567484 0.0 0.882952017816346
outer loop
vertex 66.01815032958984 295.3999938964844 92.97335052490234
vertex 67.07769012451172 295.3999938964844 92.40999603271484
vertex 66.01815032958984 295.5 92.97335052490234
endloop
endfacet
facet normal 0.4694632405567484 -0.0 0.882952017816346
outer loop
vertex 66.01815032958984 295.5 92.97335052490234
vertex 67.07769012451172 295.3999938964844 92.40999603271484
vertex 67.07769012451172 295.5 92.40999603271484
endloop
endfacet
facet normal 0.8829499093051313 -2.004316859498551e-05 -0.46946720573042383
outer loop
vertex 66.72559356689453 295.3999938964844 91.74779510498047
vertex 66.60822296142578 295.5 91.52704620361328
vertex 67.07769012451172 295.5 92.40999603271484
endloop
endfacet
facet normal 0.8829486547680262 0.0 -0.46946956561989506
outer loop
vertex 66.72559356689453 295.3999938964844 91.74779510498047
vertex 67.07769012451172 295.5 92.40999603271484
vertex 67.07769012451172 295.3999938964844 92.40999603271484
endloop
endfacet
facet normal 0.17435916789683095 -0.9284756549760738 0.3279204761631632
outer loop
vertex 65.66605377197266 288.6000061035156 92.31116485595703
vertex 66.72559356689453 288.6000061035156 91.74779510498047
vertex 69.64856719970703 289.3000030517578 92.17559051513672
endloop
endfacet

endsolid
