solid 
facet normal -0.46947159712676084 0.0 -0.8829475745995616
outer loop
vertex 3.6160659790039062 0.0 10.472869873046875
vertex 3.6160659790039062 12.0 10.472869873046875
vertex 6.882972717285156 9.800003051757812 8.735824584960938
endloop
endfacet
facet normal -0.4694715971267609 -0.0 -0.8829475745995617
outer loop
vertex 3.6160659790039062 0.0 10.472869873046875
vertex 6.882972717285156 9.800003051757812 8.735824584960938
vertex 6.882972717285156 2.1999969482421875 8.735824584960938
endloop
endfacet
facet normal -0.8829476283832823 0.0 0.46947149597428944
outer loop
vertex 3.6160659790039062 0.0 10.472869873046875
vertex 6.126976013183594 0.0 15.195205688476562
vertex 6.126976013183594 12.0 15.195205688476562
endloop
endfacet
facet normal -0.8829476283832823 0.0 0.46947149597428944
outer loop
vertex 3.6160659790039062 0.0 10.472869873046875
vertex 6.126976013183594 12.0 15.195205688476562
vertex 3.6160659790039062 12.0 10.472869873046875
endloop
endfacet
facet normal -0.4694716016401782 8.597067283850988e-09 -0.8829475721997346
outer loop
vertex 3.6160659790039062 0.0 10.472869873046875
vertex 6.882972717285156 2.1999969482421875 8.735824584960938
vertex 19.77399444580078 2.1999969482421875 1.8815460205078125
endloop
endfacet
facet normal 0.0 -1.0 0.0
outer loop
vertex 3.6160659790039062 0.0 10.472869873046875
vertex 25.13457489013672 0.0 4.0821075439453125
vertex 6.126976013183594 0.0 15.195205688476562
endloop
endfacet
facet normal -0.4694716001220275 -5.705324142465868e-09 -0.8829475730069498
outer loop
vertex 3.6160659790039062 12.0 10.472869873046875
vertex 23.04090118408203 12.0 0.144500732421875
vertex 6.882972717285156 9.800003051757812 8.735824584960938
endloop
endfacet
facet normal -0.0 1.0 0.0
outer loop
vertex 3.6160659790039062 12.0 10.472869873046875
vertex 6.126976013183594 12.0 15.195205688476562
vertex 25.13457489013672 12.0 4.0821075439453125
endloop
endfacet
facet normal -0.46947159956873785 -1.0917826505704886e-08 -0.882947573301139
outer loop
vertex 3.6160659790039062 0.0 10.472869873046875
vertex 19.77399444580078 2.1999969482421875 1.8815460205078125
vertex 23.04090118408203 1.2627105712890625 0.144500732421875
endloop
endfacet
facet normal -0.46947131261195124 -5.673163663093196e-06 -0.8829477258604989
outer loop
vertex 3.6160659790039062 0.0 10.472869873046875
vertex 23.04090118408203 1.2627105712890625 0.144500732421875
vertex 23.040916442871094 0.0 0.144500732421875
endloop
endfacet
facet normal -0.4694716016401782 8.597067283850988e-09 -0.8829475721997346
outer loop
vertex 6.882972717285156 9.800003051757812 8.735824584960938
vertex 23.04090118408203 12.0 0.144500732421875
vertex 19.77399444580078 9.800003051757812 1.8815460205078125
endloop
endfacet
facet normal -0.0 0.9999999999999999 0.0
outer loop
vertex 6.882972717285156 2.1999969482421875 8.735824584960938
vertex 12.657478332519531 2.1999969482421875 19.596099853515625
vertex 19.77399444580078 2.1999969482421875 1.8815460205078125
endloop
endfacet
facet normal 0.8829477672764952 0.0 -0.46947123475400715
outer loop
vertex 6.882972717285156 2.1999969482421875 8.735824584960938
vertex 6.882972717285156 9.800003051757812 8.735824584960938
vertex 12.657478332519531 9.800003051757812 19.596099853515625
endloop
endfacet
facet normal 0.8829477672764952 0.0 -0.46947123475400715
outer loop
vertex 6.882972717285156 2.1999969482421875 8.735824584960938
vertex 12.657478332519531 9.800003051757812 19.596099853515625
vertex 12.657478332519531 2.1999969482421875 19.596099853515625
endloop
endfacet
facet normal -0.882947689237993 0.0 0.46947138152318574
outer loop
vertex 6.126976013183594 0.0 15.195205688476562
vertex 16.324440002441406 3.0 34.37385559082031
vertex 6.126976013183594 12.0 15.195205688476562
endloop
endfacet
facet normal 0.0 -1.0 0.0
outer loop
vertex 6.126976013183594 0.0 15.195205688476562
vertex 25.13457489013672 0.0 4.0821075439453125
vertex 16.424903869628906 0.0 34.56280517578125
endloop
endfacet
facet normal 0.0 -1.0 0.0
outer loop
vertex 6.882972717285156 9.800003051757812 8.735824584960938
vertex 25.54851531982422 9.800003051757812 12.7418212890625
vertex 12.657478332519531 9.800003051757812 19.596099853515625
endloop
endfacet
facet normal -0.0 1.0 0.0
outer loop
vertex 6.126976013183594 12.0 15.195205688476562
vertex 16.324440002441406 12.0 34.37385559082031
vertex 25.13457489013672 12.0 4.0821075439453125
endloop
endfacet
facet normal -0.8829477338261017 6.876600627879139e-07 0.4694712976645949
outer loop
vertex 6.126976013183594 0.0 15.195205688476562
vertex 16.424903869628906 0.0 34.56280517578125
vertex 16.324440002441406 3.0 34.37385559082031
endloop
endfacet
facet normal -0.882947689237993 0.0 0.46947138152318574
outer loop
vertex 6.126976013183594 12.0 15.195205688476562
vertex 16.324440002441406 3.0 34.37385559082031
vertex 16.324440002441406 12.0 34.37385559082031
endloop
endfacet
facet normal -0.8829522595855422 0.0 0.4694627858444004
outer loop
vertex 16.324440002441406 3.0 34.37385559082031
vertex 16.424903869628906 0.0 34.56280517578125
vertex 16.424903869628906 3.0 34.56280517578125
endloop
endfacet
facet normal 0.0 -1.0 0.0
outer loop
vertex 15.972969055175781 3.0 34.37385559082031
vertex 16.324440002441406 3.0 34.37385559082031
vertex 16.424903869628906 3.0 34.56280517578125
endloop
endfacet
facet normal 0.0 0.0 -1.0
outer loop
vertex 15.972969055175781 3.0 34.37385559082031
vertex 15.972969055175781 37.0 34.37385559082031
vertex 16.324440002441406 3.0 34.37385559082031
endloop
endfacet
facet normal 0.0 0.0 -1.0
outer loop
vertex 16.324440002441406 3.0 34.37385559082031
vertex 15.972969055175781 37.0 34.37385559082031
vertex 16.324440002441406 12.0 34.37385559082031
endloop
endfacet
facet normal 0.0 0.0 -1.0
outer loop
vertex 16.324440002441406 12.0 34.37385559082031
vertex 15.972969055175781 37.0 34.37385559082031
vertex 16.748085021972656 12.0 34.37385559082031
endloop
endfacet
facet normal -1.0 0.0 0.0
outer loop
vertex 15.972969055175781 3.0 34.37385559082031
vertex 15.972969055175781 3.0 46.37385559082031
vertex 15.972969055175781 34.0 41.91798400878906
endloop
endfacet
facet normal -1.0 0.0 0.0
outer loop
vertex 15.972969055175781 3.0 34.37385559082031
vertex 15.972969055175781 34.0 41.91798400878906
vertex 15.972969055175781 37.0 34.37385559082031
endloop
endfacet
facet normal 0.0 0.0 -1.0
outer loop
vertex 13.730583190917969 34.0 41.91798400878906
vertex 15.972969055175781 37.0 41.91798400878906
vertex 15.972969055175781 34.0 41.91798400878906
endloop
endfacet
facet normal -0.9999999999999999 0.0 0.0
outer loop
vertex 15.972969055175781 37.0 34.37385559082031
vertex 15.972969055175781 34.0 41.91798400878906
vertex 15.972969055175781 37.0 41.91798400878906
endloop
endfacet
facet normal 0.0 -1.0 0.0
outer loop
vertex 13.730583190917969 34.0 41.91798400878906
vertex 15.972969055175781 34.0 46.37385559082031
vertex 13.972969055175781 34.0 48.37385559082031
endloop
endfacet
facet normal -1.0 0.0 0.0
outer loop
vertex 15.972969055175781 3.0 46.37385559082031
vertex 15.972969055175781 34.0 46.37385559082031
vertex 15.972969055175781 34.0 41.91798400878906
endloop
endfacet
facet normal 0.0 -1.0 0.0
outer loop
vertex 13.730583190917969 34.0 41.91798400878906
vertex 15.972969055175781 34.0 41.91798400878906
vertex 15.972969055175781 34.0 46.37385559082031
endloop
endfacet
facet normal -0.9992959297947198 0.0 0.037518591334246745
outer loop
vertex 13.730583190917969 34.0 41.91798400878906
vertex 13.972969055175781 34.0 48.37385559082031
vertex 13.972969055175781 142.0 48.37385559082031
endloop
endfacet
facet normal -0.9992959264699824 -2.3010201738898356e-07 0.037518679886775354
outer loop
vertex 0.0 142.0 16.094528198242188
vertex 0.2423858642578125 142.0 22.550384521484375
vertex 0.00390625 155.7741937637329 16.198654174804688
endloop
endfacet
facet normal 0.0 0.0 -1.0
outer loop
vertex 0.0 142.0 16.094528198242188
vertex 5.142852783203125 154.0 16.094528198242188
vertex 13.749198913574219 144.0 16.094528198242188
endloop
endfacet
facet normal -0.0 -1.0 0.0
outer loop
vertex 0.0 142.0 16.094528198242188
vertex 24.90569305419922 142.0 30.082229614257812
vertex 0.2423858642578125 142.0 22.550384521484375
endloop
endfacet
facet normal -0.46947141285332533 0.0 -0.8829476725794697
outer loop
vertex 12.010948181152344 146.20000004768372 6.0092315673828125
vertex 9.185523986816406 144.0 7.51153564453125
vertex 9.185523986816406 154.0 7.51153564453125
endloop
endfacet
facet normal -0.882946944663037 0.0 0.46947278186302555
outer loop
vertex 9.185523986816406 144.0 7.51153564453125
vertex 12.465248107910156 144.0 13.679779052734375
vertex 12.465248107910156 154.0 13.679779052734375
endloop
endfacet
facet normal -0.4694713342693468 -1.2945684481939684e-07 -0.8829477143632812
outer loop
vertex 12.010948181152344 146.20000004768372 6.0092315673828125
vertex 20.48725128173828 146.20000004768372 1.5023040771484375
vertex 9.185523986816406 144.0 7.51153564453125
endloop
endfacet
facet normal 0.0 -0.9999999999999999 0.0
outer loop
vertex 9.185523986816406 144.0 7.51153564453125
vertex 23.31269073486328 144.0 0.0
vertex 12.465248107910156 144.0 13.679779052734375
endloop
endfacet
facet normal -0.0 0.9999999999999999 0.0
outer loop
vertex 12.010948181152344 146.20000004768372 6.0092315673828125
vertex 17.78546905517578 146.20000004768372 16.8695068359375
vertex 20.48725128173828 146.20000004768372 1.5023040771484375
endloop
endfacet
facet normal -0.8829466971071617 0.0 0.46947324744606495
outer loop
vertex 12.465248107910156 144.0 13.679779052734375
vertex 13.749198913574219 144.0 16.094528198242188
vertex 13.749198913574219 154.0 16.094528198242188
endloop
endfacet
facet normal 0.8829472530452711 0.0 -0.46947220188186867
outer loop
vertex 12.010948181152344 146.20000004768372 6.0092315673828125
vertex 17.78546905517578 151.79999995231628 16.8695068359375
vertex 17.78546905517578 146.20000004768372 16.8695068359375
endloop
endfacet
facet normal 0.0 0.0 -1.0
outer loop
vertex 0.0 142.0 16.094528198242188
vertex 13.749198913574219 144.0 16.094528198242188
vertex 31.87030792236328 144.0 16.094528198242188
endloop
endfacet
facet normal -0.9992959297947198 0.0 0.037518591334246745
outer loop
vertex 13.730583190917969 34.0 41.91798400878906
vertex 13.972969055175781 142.0 48.37385559082031
vertex 13.730583190917969 142.0 41.91798400878906
endloop
endfacet
facet normal 0.0 -0.9999999999999999 0.0
outer loop
vertex 0.2423858642578125 142.0 22.550384521484375
vertex 25.309669494628906 142.0 40.842010498046875
vertex 13.730583190917969 142.0 41.91798400878906
endloop
endfacet
facet normal 0.0 -1.0 0.0
outer loop
vertex 0.2423858642578125 142.0 22.550384521484375
vertex 24.90569305419922 142.0 30.082229614257812
vertex 25.309669494628906 142.0 40.842010498046875
endloop
endfacet
facet normal 0.0 -1.0 0.0
outer loop
vertex 0.2423858642578125 142.0 22.550384521484375
vertex 13.730583190917969 142.0 41.91798400878906
vertex 13.972969055175781 142.0 48.37385559082031
endloop
endfacet
facet normal -0.8829475919360503 0.0 0.4694715645215695
outer loop
vertex 0.2423858642578125 142.0 22.550384521484375
vertex 13.972969055175781 142.0 48.37385559082031
vertex 13.972969055175781 144.0 48.37385559082031
endloop
endfacet
facet normal -0.8829475919360502 0.0 0.46947156452156946
outer loop
vertex 0.2423858642578125 142.0 22.550384521484375
vertex 13.972969055175781 144.0 48.37385559082031
vertex 13.972969055175781 156.0 48.37385559082031
endloop
endfacet
facet normal 0.0 -1.0 0.0
outer loop
vertex 3.6160659790039062 0.0 10.472869873046875
vertex 23.040916442871094 0.0 0.144500732421875
vertex 25.13457489013672 0.0 4.0821075439453125
endloop
endfacet
facet normal 0.0 0.9999999999999999 0.0
outer loop
vertex 3.6160659790039062 12.0 10.472869873046875
vertex 25.13457489013672 12.0 4.0821075439453125
vertex 23.04090118408203 12.0 0.144500732421875
endloop
endfacet
facet normal -0.4694715971267609 0.0 -0.8829475745995617
outer loop
vertex 19.77399444580078 2.1999969482421875 1.8815460205078125
vertex 19.77399444580078 9.800003051757812 1.8815460205078125
vertex 23.04090118408203 1.2627105712890625 0.144500732421875
endloop
endfacet
facet normal 0.0 -1.0 0.0
outer loop
vertex 6.882972717285156 9.800003051757812 8.735824584960938
vertex 19.77399444580078 9.800003051757812 1.8815460205078125
vertex 25.54851531982422 9.800003051757812 12.7418212890625
endloop
endfacet
facet normal 0.0 1.0 0.0
outer loop
vertex 12.657478332519531 2.1999969482421875 19.596099853515625
vertex 25.54851531982422 2.1999969482421875 12.7418212890625
vertex 19.77399444580078 2.1999969482421875 1.8815460205078125
endloop
endfacet
facet normal -0.46947159712676084 -0.0 -0.8829475745995616
outer loop
vertex 19.77399444580078 9.800003051757812 1.8815460205078125
vertex 23.04090118408203 12.0 0.144500732421875
vertex 23.04090118408203 1.2627105712890625 0.144500732421875
endloop
endfacet
facet normal -0.8829472530452711 0.0 0.4694722018818687
outer loop
vertex 19.77399444580078 2.1999969482421875 1.8815460205078125
vertex 25.54851531982422 2.1999969482421875 12.7418212890625
vertex 19.77399444580078 9.800003051757812 1.8815460205078125
endloop
endfacet
facet normal 0.8829479862259675 1.0669679482628634e-05 -0.4694708228480944
outer loop
vertex 23.040916442871094 0.0 0.144500732421875
vertex 23.04090118408203 1.2627105712890625 0.144500732421875
vertex 25.13457489013672 0.0 4.0821075439453125
endloop
endfacet
facet normal 0.882946567979484 0.0 -0.46947349029870755
outer loop
vertex 23.04090118408203 1.2627105712890625 0.144500732421875
vertex 23.04090118408203 12.0 0.144500732421875
vertex 25.13457489013672 0.0 4.0821075439453125
endloop
endfacet
facet normal 0.8829465679794839 0.0 -0.46947349029870755
outer loop
vertex 23.04090118408203 12.0 0.144500732421875
vertex 25.13457489013672 12.0 4.0821075439453125
vertex 25.13457489013672 0.0 4.0821075439453125
endloop
endfacet
facet normal -0.8829472530452711 0.0 0.4694722018818687
outer loop
vertex 19.77399444580078 9.800003051757812 1.8815460205078125
vertex 25.54851531982422 2.1999969482421875 12.7418212890625
vertex 25.54851531982422 9.800003051757812 12.7418212890625
endloop
endfacet
facet normal -0.4694711684171386 0.0 -0.8829478025483991
outer loop
vertex 12.657478332519531 2.1999969482421875 19.596099853515625
vertex 12.657478332519531 9.800003051757812 19.596099853515625
vertex 25.54851531982422 9.800003051757812 12.7418212890625
endloop
endfacet
facet normal -0.4694711684171386 -0.0 -0.8829478025483991
outer loop
vertex 12.657478332519531 2.1999969482421875 19.596099853515625
vertex 25.54851531982422 9.800003051757812 12.7418212890625
vertex 25.54851531982422 2.1999969482421875 12.7418212890625
endloop
endfacet
facet normal 0.8829477338263105 0.0 -0.46947129766470586
outer loop
vertex 25.13457489013672 0.0 4.0821075439453125
vertex 25.13457489013672 12.0 4.0821075439453125
vertex 35.43250274658203 0.0 23.44970703125
endloop
endfacet
facet normal 0.0 -1.0 0.0
outer loop
vertex 16.424903869628906 0.0 34.56280517578125
vertex 25.13457489013672 0.0 4.0821075439453125
vertex 35.43250274658203 0.0 23.44970703125
endloop
endfacet
facet normal 0.0 1.0 0.0
outer loop
vertex 16.324440002441406 12.0 34.37385559082031
vertex 35.43250274658203 12.0 23.44970703125
vertex 25.13457489013672 12.0 4.0821075439453125
endloop
endfacet
facet normal 0.8829477338263105 0.0 -0.46947129766470586
outer loop
vertex 25.13457489013672 12.0 4.0821075439453125
vertex 35.43250274658203 12.0 23.44970703125
vertex 35.43250274658203 0.0 23.44970703125
endloop
endfacet
facet normal -0.0 1.0 0.0
outer loop
vertex 16.324440002441406 12.0 34.37385559082031
vertex 16.748085021972656 12.0 34.37385559082031
vertex 35.43250274658203 12.0 23.44970703125
endloop
endfacet
facet normal -0.8829476656133425 0.0 0.46947142595471053
outer loop
vertex 16.424903869628906 0.0 34.56280517578125
vertex 22.70494842529297 3.0 46.37385559082031
vertex 16.424903869628906 3.0 34.56280517578125
endloop
endfacet
facet normal 0.0 -1.0 0.0
outer loop
vertex 15.972969055175781 3.0 34.37385559082031
vertex 16.424903869628906 3.0 34.56280517578125
vertex 22.70494842529297 3.0 46.37385559082031
endloop
endfacet
facet normal 0.0 -1.0 0.0
outer loop
vertex 15.972969055175781 3.0 34.37385559082031
vertex 22.70494842529297 3.0 46.37385559082031
vertex 15.972969055175781 3.0 46.37385559082031
endloop
endfacet
facet normal 0.0 -0.0 1.0
outer loop
vertex 15.972969055175781 3.0 46.37385559082031
vertex 22.70494842529297 12.0 46.37385559082031
vertex 15.972969055175781 34.0 46.37385559082031
endloop
endfacet
facet normal 0.0 0.0 1.0
outer loop
vertex 15.972969055175781 3.0 46.37385559082031
vertex 22.70494842529297 3.0 46.37385559082031
vertex 22.70494842529297 12.0 46.37385559082031
endloop
endfacet
facet normal -0.8829474454720797 -2.09083901691574e-06 0.46947183997547415
outer loop
vertex 16.424903869628906 0.0 34.56280517578125
vertex 26.72284698486328 0.0 53.93040466308594
vertex 22.70494842529297 3.0 46.37385559082031
endloop
endfacet
facet normal 0.0 0.0 -1.0
outer loop
vertex 16.748085021972656 12.0 34.37385559082031
vertex 15.972969055175781 37.0 34.37385559082031
vertex 47.97296905517578 37.0 34.37385559082031
endloop
endfacet
facet normal -0.0 1.0 0.0
outer loop
vertex 16.748085021972656 12.0 34.37385559082031
vertex 41.24097442626953 12.0 34.37385559082031
vertex 35.43250274658203 12.0 23.44970703125
endloop
endfacet
facet normal 0.0 -0.9999999999999999 0.0
outer loop
vertex 16.424903869628906 0.0 34.56280517578125
vertex 35.43250274658203 0.0 23.44970703125
vertex 26.72284698486328 0.0 53.93040466308594
endloop
endfacet
facet normal 0.0 1.0 0.0
outer loop
vertex 15.972969055175781 37.0 34.37385559082031
vertex 15.972969055175781 37.0 41.91798400878906
vertex 47.97296905517578 37.0 41.91798400878906
endloop
endfacet
facet normal -0.0 0.0 1.0
outer loop
vertex 15.972969055175781 34.0 46.37385559082031
vertex 22.70494842529297 12.0 46.37385559082031
vertex 39.64740753173828 12.0 46.37385559082031
endloop
endfacet
facet normal 0.0 -1.0 0.0
outer loop
vertex 15.972969055175781 34.0 46.37385559082031
vertex 49.97296905517578 34.0 48.37385559082031
vertex 13.972969055175781 34.0 48.37385559082031
endloop
endfacet
facet normal 0.0 -0.0 -0.9999999999999999
outer loop
vertex 13.730583190917969 34.0 41.91798400878906
vertex 49.73058319091797 142.0 41.91798400878906
vertex 15.972969055175781 37.0 41.91798400878906
endloop
endfacet
facet normal -0.46947097038553276 -2.527257481138167e-06 -0.8829479078399127
outer loop
vertex 9.185523986816406 144.0 7.51153564453125
vertex 20.48725128173828 146.20000004768372 1.5023040771484375
vertex 23.31269073486328 144.0 0.0
endloop
endfacet
facet normal 0.0 -1.0 0.0
outer loop
vertex 12.465248107910156 144.0 13.679779052734375
vertex 23.31269073486328 144.0 0.0
vertex 26.28894805908203 144.0 5.5975341796875
endloop
endfacet
facet normal -0.469469436275476 0.0 -0.8829487235412863
outer loop
vertex 20.48725128173828 146.20000004768372 1.5023040771484375
vertex 20.48725128173828 151.79999995231628 1.5023040771484375
vertex 23.31269073486328 144.0 0.0
endloop
endfacet
facet normal -0.8829472530452711 0.0 0.46947220188186867
outer loop
vertex 20.48725128173828 146.20000004768372 1.5023040771484375
vertex 26.26177215576172 146.20000004768372 12.362579345703125
vertex 20.48725128173828 151.79999995231628 1.5023040771484375
endloop
endfacet
facet normal 0.8829478801090029 0.0 -0.4694710225466722
outer loop
vertex 23.31269073486328 144.0 0.0
vertex 23.31269073486328 154.0 0.0
vertex 26.28894805908203 144.0 5.5975341796875
endloop
endfacet
facet normal -0.0 0.9999999999999999 -0.0
outer loop
vertex 20.48725128173828 146.20000004768372 1.5023040771484375
vertex 17.78546905517578 146.20000004768372 16.8695068359375
vertex 26.26177215576172 146.20000004768372 12.362579345703125
endloop
endfacet
facet normal 0.0 -1.0 0.0
outer loop
vertex 12.465248107910156 144.0 13.679779052734375
vertex 26.28894805908203 144.0 5.5975341796875
vertex 31.87030792236328 144.0 16.094528198242188
endloop
endfacet
facet normal 0.0 -1.0 0.0
outer loop
vertex 12.465248107910156 144.0 13.679779052734375
vertex 31.87030792236328 144.0 16.094528198242188
vertex 13.749198913574219 144.0 16.094528198242188
endloop
endfacet
facet normal 0.0 -1.0 0.0
outer loop
vertex 0.0 142.0 16.094528198242188
vertex 35.99999237060547 142.0 16.094528198242188
vertex 24.90569305419922 142.0 30.082229614257812
endloop
endfacet
facet normal 0.0 0.0 -1.0
outer loop
vertex 0.0 142.0 16.094528198242188
vertex 31.87030792236328 144.0 16.094528198242188
vertex 35.99999237060547 142.0 16.094528198242188
endloop
endfacet
facet normal -0.46947133426935067 -0.0 -0.8829477143632886
outer loop
vertex 17.78546905517578 146.20000004768372 16.8695068359375
vertex 26.26177215576172 151.79999995231628 12.362579345703125
vertex 26.26177215576172 146.20000004768372 12.362579345703125
endloop
endfacet
facet normal 0.8829472741914228 0.0 -0.46947216211180864
outer loop
vertex 26.28894805908203 144.0 5.5975341796875
vertex 31.87030792236328 154.0 16.094528198242188
vertex 31.87030792236328 144.0 16.094528198242188
endloop
endfacet
facet normal 0.0 0.0 -0.9999999999999999
outer loop
vertex 31.87030792236328 144.0 16.094528198242188
vertex 31.87030792236328 154.0 16.094528198242188
vertex 35.99999237060547 142.0 16.094528198242188
endloop
endfacet
facet normal -0.9992959291297797 0.0 0.03751860904471926
outer loop
vertex 24.90569305419922 138.0 30.082229614257812
vertex 25.309669494628906 142.0 40.842010498046875
vertex 24.90569305419922 142.0 30.082229614257812
endloop
endfacet
facet normal -0.9992959291297797 0.0 0.03751860904471926
outer loop
vertex 24.90569305419922 138.0 30.082229614257812
vertex 25.309669494628906 138.0 40.842010498046875
vertex 25.309669494628906 142.0 40.842010498046875
endloop
endfacet
facet normal 0.0 0.0 -1.0
outer loop
vertex 13.730583190917969 34.0 41.91798400878906
vertex 13.730583190917969 142.0 41.91798400878906
vertex 49.73058319091797 142.0 41.91798400878906
endloop
endfacet
facet normal -0.32236308585383533 0.0 -0.9466161000525992
outer loop
vertex 24.90569305419922 138.0 30.082229614257812
vertex 24.90569305419922 142.0 30.082229614257812
vertex 35.43769073486328 142.0 26.495635986328125
endloop
endfacet
facet normal 0.35109322818438515 -0.9362477156154421 -0.01318181049528485
outer loop
vertex 24.90569305419922 138.0 30.082229614257812
vertex 35.572349548339844 142.0 30.082229614257812
vertex 25.309669494628906 138.0 40.842010498046875
endloop
endfacet
facet normal 0.0 -1.0 0.0
outer loop
vertex 24.90569305419922 142.0 30.082229614257812
vertex 35.99999237060547 142.0 16.094528198242188
vertex 35.43769073486328 142.0 26.495635986328125
endloop
endfacet
facet normal 0.35109322818438515 -0.9362477156154421 -0.01318181049528485
outer loop
vertex 24.90569305419922 138.0 30.082229614257812
vertex 35.43769073486328 142.0 26.495635986328125
vertex 35.572349548339844 142.0 30.082229614257812
endloop
endfacet
facet normal 0.0 -0.0 1.0
outer loop
vertex 25.309669494628906 138.0 40.842010498046875
vertex 35.976341247558594 142.0 40.842010498046875
vertex 25.309669494628906 142.0 40.842010498046875
endloop
endfacet
facet normal 0.0 -1.0 0.0
outer loop
vertex 13.730583190917969 142.0 41.91798400878906
vertex 25.309669494628906 142.0 40.842010498046875
vertex 49.73058319091797 142.0 41.91798400878906
endloop
endfacet
facet normal 0.35109278563423535 -0.9362478747955241 -0.013182291775617512
outer loop
vertex 25.309669494628906 138.0 40.842010498046875
vertex 35.572349548339844 142.0 30.082229614257812
vertex 35.976341247558594 142.0 40.842010498046875
endloop
endfacet
facet normal -0.8829471013912796 0.0 0.46947248710093487
outer loop
vertex 22.70494842529297 3.0 46.37385559082031
vertex 26.72284698486328 0.0 53.93040466308594
vertex 22.70494842529297 12.0 46.37385559082031
endloop
endfacet
facet normal -0.8829471013912796 0.0 0.4694724871009349
outer loop
vertex 22.70494842529297 12.0 46.37385559082031
vertex 26.72284698486328 0.0 53.93040466308594
vertex 26.72284698486328 12.0 53.93040466308594
endloop
endfacet
facet normal -0.0 1.0 0.0
outer loop
vertex 22.70494842529297 12.0 46.37385559082031
vertex 26.72284698486328 12.0 53.93040466308594
vertex 39.64740753173828 12.0 46.37385559082031
endloop
endfacet
facet normal -0.8829477338263105 0.0 0.46947129766470586
outer loop
vertex 26.72284698486328 0.0 53.93040466308594
vertex 37.020774841308594 12.0 73.29800415039062
vertex 26.72284698486328 12.0 53.93040466308594
endloop
endfacet
facet normal -0.8829477338263105 0.0 0.46947129766470586
outer loop
vertex 26.72284698486328 0.0 53.93040466308594
vertex 37.020774841308594 0.0 73.29800415039062
vertex 37.020774841308594 12.0 73.29800415039062
endloop
endfacet
facet normal 0.0 0.0 1.0
outer loop
vertex 13.972969055175781 144.0 48.37385559082031
vertex 30.91240692138672 144.0 48.37385559082031
vertex 30.91240692138672 154.0 48.37385559082031
endloop
endfacet
facet normal 0.0 -0.0 1.0
outer loop
vertex 13.972969055175781 34.0 48.37385559082031
vertex 49.39232635498047 142.2258062362671 48.37385559082031
vertex 13.972969055175781 142.0 48.37385559082031
endloop
endfacet
facet normal 0.0 -0.0 1.0
outer loop
vertex 13.972969055175781 142.0 48.37385559082031
vertex 49.39232635498047 142.2258062362671 48.37385559082031
vertex 13.972969055175781 144.0 48.37385559082031
endloop
endfacet
facet normal -0.0 -0.0 1.0
outer loop
vertex 13.972969055175781 144.0 48.37385559082031
vertex 49.39232635498047 142.2258062362671 48.37385559082031
vertex 30.91240692138672 144.0 48.37385559082031
endloop
endfacet
facet normal -0.8829474904297151 0.0 0.4694717554271697
outer loop
vertex 30.91240692138672 144.0 48.37385559082031
vertex 33.061119079589844 144.0 52.41499328613281
vertex 30.91240692138672 154.0 48.37385559082031
endloop
endfacet
facet normal -0.9992959297947198 0.0 0.037518591334246745
outer loop
vertex 27.461158752441406 142.0 67.741455078125
vertex 27.70354461669922 142.0 74.19732666015625
vertex 27.461158752441406 156.0 67.741455078125
endloop
endfacet
facet normal 0.0 0.0 -1.0
outer loop
vertex 27.461158752441406 142.0 67.741455078125
vertex 28.04180145263672 155.7741937637329 67.741455078125
vertex 41.21033477783203 144.0 67.741455078125
endloop
endfacet
facet normal -0.9992970672285522 0.0 0.0374882838819621
outer loop
vertex 0.0 142.0 16.094528198242188
vertex 0.00390625 155.7741937637329 16.198654174804688
vertex 0.0 156.0 16.094528198242188
endloop
endfacet
facet normal 0.0 0.0 -1.0
outer loop
vertex 0.0 142.0 16.094528198242188
vertex 0.0 156.0 16.094528198242188
vertex 0.5806427001953125 155.7741937637329 16.094528198242188
endloop
endfacet
facet normal 0.0 -0.0 -1.0
outer loop
vertex 0.0 156.0 16.094528198242188
vertex 0.6545486450195312 156.0 16.094528198242188
vertex 0.5806427001953125 155.7741937637329 16.094528198242188
endloop
endfacet
facet normal 0.0 0.0 -0.9999999999999999
outer loop
vertex 0.0 142.0 16.094528198242188
vertex 0.5806427001953125 155.7741937637329 16.094528198242188
vertex 5.142852783203125 154.0 16.094528198242188
endloop
endfacet
facet normal -0.9992959077615032 0.0 0.03751917817747872
outer loop
vertex 0.2423858642578125 142.0 22.550384521484375
vertex 0.2423858642578125 154.0 22.550384521484375
vertex 0.00390625 155.7741937637329 16.198654174804688
endloop
endfacet
facet normal -0.9992959077615032 0.0 0.03751917817747872
outer loop
vertex 0.00390625 155.7741937637329 16.198654174804688
vertex 0.2423858642578125 154.0 22.550384521484375
vertex 0.2423858642578125 156.0 22.550384521484375
endloop
endfacet
facet normal 0.0 0.0 -1.0
outer loop
vertex 0.5806427001953125 155.7741937637329 16.094528198242188
vertex 0.6545486450195312 156.0 16.094528198242188
vertex 14.153755187988281 156.0 16.094528198242188
endloop
endfacet
facet normal 0.0 -0.0 -1.0
outer loop
vertex 0.5806427001953125 155.7741937637329 16.094528198242188
vertex 14.153755187988281 156.0 16.094528198242188
vertex 5.142852783203125 154.0 16.094528198242188
endloop
endfacet
facet normal 0.0 -0.0 -1.0
outer loop
vertex 0.0 156.0 16.094528198242188
vertex 2.2423858642578125 261.0 16.094528198242188
vertex 0.6545486450195312 156.0 16.094528198242188
endloop
endfacet
facet normal -0.9992969363666558 1.6107260614907938e-06 0.03749177197227645
outer loop
vertex 0.00390625 155.7741937637329 16.198654174804688
vertex 0.2423858642578125 264.0 22.550384521484375
vertex 0.0 156.0 16.094528198242188
endloop
endfacet
facet normal -0.9992959077615031 0.0 0.03751917817747871
outer loop
vertex 0.00390625 155.7741937637329 16.198654174804688
vertex 0.2423858642578125 156.0 22.550384521484375
vertex 0.2423858642578125 264.0 22.550384521484375
endloop
endfacet
facet normal -0.882946944663037 0.0 0.46947278186302555
outer loop
vertex 9.185523986816406 144.0 7.51153564453125
vertex 12.465248107910156 154.0 13.679779052734375
vertex 9.185523986816406 154.0 7.51153564453125
endloop
endfacet
facet normal -0.4694714128533254 0.0 -0.8829476725794698
outer loop
vertex 12.010948181152344 146.20000004768372 6.0092315673828125
vertex 9.185523986816406 154.0 7.51153564453125
vertex 12.010948181152344 151.79999995231628 6.0092315673828125
endloop
endfacet
facet normal -0.4694709703869074 7.289054065067321e-07 -0.8829479078424981
outer loop
vertex 12.010948181152344 151.79999995231628 6.0092315673828125
vertex 9.185523986816406 154.0 7.51153564453125
vertex 23.31269073486328 154.0 0.0
endloop
endfacet
facet normal 0.8829472530452711 0.0 -0.46947220188186867
outer loop
vertex 12.010948181152344 146.20000004768372 6.0092315673828125
vertex 12.010948181152344 151.79999995231628 6.0092315673828125
vertex 17.78546905517578 151.79999995231628 16.8695068359375
endloop
endfacet
facet normal -0.0 1.0 0.0
outer loop
vertex 9.185523986816406 154.0 7.51153564453125
vertex 12.465248107910156 154.0 13.679779052734375
vertex 26.28894805908203 154.0 5.5975341796875
endloop
endfacet
facet normal 0.0 0.0 -1.0
outer loop
vertex 13.749198913574219 144.0 16.094528198242188
vertex 5.142852783203125 154.0 16.094528198242188
vertex 13.749198913574219 154.0 16.094528198242188
endloop
endfacet
facet normal 0.0 -0.0 -1.0
outer loop
vertex 5.142852783203125 154.0 16.094528198242188
vertex 14.153755187988281 156.0 16.094528198242188
vertex 13.749198913574219 154.0 16.094528198242188
endloop
endfacet
facet normal -0.8829466971071617 0.0 0.46947324744606495
outer loop
vertex 12.465248107910156 144.0 13.679779052734375
vertex 13.749198913574219 154.0 16.094528198242188
vertex 12.465248107910156 154.0 13.679779052734375
endloop
endfacet
facet normal -0.8829475919360502 0.0 0.46947156452156946
outer loop
vertex 0.2423858642578125 142.0 22.550384521484375
vertex 13.972969055175781 156.0 48.37385559082031
vertex 0.2423858642578125 154.0 22.550384521484375
endloop
endfacet
facet normal -0.8829475919360503 0.0 0.4694715645215695
outer loop
vertex 0.2423858642578125 154.0 22.550384521484375
vertex 13.972969055175781 156.0 48.37385559082031
vertex 0.2423858642578125 156.0 22.550384521484375
endloop
endfacet
facet normal -0.0 1.0 0.0
outer loop
vertex 0.2423858642578125 156.0 22.550384521484375
vertex 13.972969055175781 156.0 48.37385559082031
vertex 24.90569305419922 156.0 30.082229614257812
endloop
endfacet
facet normal 0.0 0.0 -1.0
outer loop
vertex 0.0 156.0 16.094528198242188
vertex 0.0 264.0 16.094528198242188
vertex 2.2423858642578125 261.0 16.094528198242188
endloop
endfacet
facet normal -0.9992959264700089 0.0 0.037518679886776346
outer loop
vertex 0.0 156.0 16.094528198242188
vertex 0.2423858642578125 264.0 22.550384521484375
vertex 0.0 264.0 16.094528198242188
endloop
endfacet
facet normal 0.0 -1.0 0.0
outer loop
vertex 2.2423858642578125 261.0 11.203262329101562
vertex 7.2317352294921875 261.0 8.550384521484375
vertex 2.2423858642578125 261.0 16.094528198242188
endloop
endfacet
facet normal -0.46947069255509205 0.0 -0.8829480555683002
outer loop
vertex 2.2423858642578125 261.0 11.203262329101562
vertex 2.2423858642578125 295.0 11.203262329101562
vertex 7.2317352294921875 286.0 8.550384521484375
endloop
endfacet
facet normal -0.469470692555092 -0.0 -0.8829480555683001
outer loop
vertex 2.2423858642578125 261.0 11.203262329101562
vertex 7.2317352294921875 286.0 8.550384521484375
vertex 7.2317352294921875 261.0 8.550384521484375
endloop
endfacet
facet normal -0.4694684474545055 1.5964910598024004e-06 -0.8829492493015143
outer loop
vertex 2.2423858642578125 295.0 11.203262329101562
vertex 3.6160659790039062 295.0 10.472869873046875
vertex 7.2317352294921875 286.0 8.550384521484375
endloop
endfacet
facet normal -0.4694715455204396 0.0 -0.8829476020391298
outer loop
vertex 3.6160659790039062 295.0 10.472869873046875
vertex 3.6160659790039062 295.8679656982422 10.472869873046875
vertex 7.2317352294921875 286.0 8.550384521484375
endloop
endfacet
facet normal -0.4694715455204397 0.0 -0.88294760203913
outer loop
vertex 3.6160659790039062 295.8679656982422 10.472869873046875
vertex 3.6160659790039062 298.0 10.472869873046875
vertex 7.2317352294921875 286.0 8.550384521484375
endloop
endfacet
facet normal -0.46947208225392867 -2.0744184138698168e-07 -0.8829473166526514
outer loop
vertex 3.6160659790039062 298.0 10.472869873046875
vertex 6.882972717285156 288.1999969482422 8.735824584960938
vertex 7.2317352294921875 286.0 8.550384521484375
endloop
endfacet
facet normal -0.4694715971267609 -0.0 -0.8829475745995617
outer loop
vertex 3.6160659790039062 298.0 10.472869873046875
vertex 6.882972717285156 295.8000030517578 8.735824584960938
vertex 6.882972717285156 288.1999969482422 8.735824584960938
endloop
endfacet
facet normal 0.0 0.0 -1.0
outer loop
vertex 0.0 264.0 16.094528198242188
vertex 2.2423858642578125 264.0 16.094528198242188
vertex 2.2423858642578125 261.0 16.094528198242188
endloop
endfacet
facet normal -0.0 0.9999999999999999 0.0
outer loop
vertex 0.0 264.0 16.094528198242188
vertex 2.2423858642578125 264.0 20.550384521484375
vertex 2.2423858642578125 264.0 16.094528198242188
endloop
endfacet
facet normal -0.9999999999999999 0.0 0.0
outer loop
vertex 2.2423858642578125 261.0 11.203262329101562
vertex 2.2423858642578125 261.0 16.094528198242188
vertex 2.2423858642578125 264.0 16.094528198242188
endloop
endfacet
facet normal -1.0 0.0 0.0
outer loop
vertex 2.2423858642578125 261.0 11.203262329101562
vertex 2.2423858642578125 264.0 16.094528198242188
vertex 2.2423858642578125 295.0 20.550384521484375
endloop
endfacet
facet normal -0.0 1.0 0.0
outer loop
vertex 0.0 264.0 16.094528198242188
vertex 0.2423858642578125 264.0 22.550384521484375
vertex 2.2423858642578125 264.0 20.550384521484375
endloop
endfacet
facet normal -1.0 0.0 0.0
outer loop
vertex 2.2423858642578125 264.0 16.094528198242188
vertex 2.2423858642578125 264.0 20.550384521484375
vertex 2.2423858642578125 295.0 20.550384521484375
endloop
endfacet
facet normal -1.0 0.0 0.0
outer loop
vertex 2.2423858642578125 261.0 11.203262329101562
vertex 2.2423858642578125 295.0 20.550384521484375
vertex 2.2423858642578125 295.0 11.203262329101562
endloop
endfacet
facet normal -0.0 1.0 0.0
outer loop
vertex 2.2423858642578125 295.0 11.203262329101562
vertex 6.126976013183594 295.0 15.195205688476562
vertex 3.6160659790039062 295.0 10.472869873046875
endloop
endfacet
facet normal -0.0 1.0 0.0
outer loop
vertex 2.2423858642578125 295.0 11.203262329101562
vertex 2.2423858642578125 295.0 20.550384521484375
vertex 6.126976013183594 295.0 15.195205688476562
endloop
endfacet
facet normal -0.8829476283832821 0.0 0.46947149597428933
outer loop
vertex 3.6160659790039062 295.0 10.472869873046875
vertex 6.126976013183594 295.0 15.195205688476562
vertex 3.6160659790039062 295.8679656982422 10.472869873046875
endloop
endfacet
facet normal -0.8829476283832823 0.0 0.4694714959742895
outer loop
vertex 3.6160659790039062 295.8679656982422 10.472869873046875
vertex 6.126976013183594 298.0 15.195205688476562
vertex 3.6160659790039062 298.0 10.472869873046875
endloop
endfacet
facet normal -0.8829476283832823 0.0 0.46947149597428944
outer loop
vertex 3.6160659790039062 295.8679656982422 10.472869873046875
vertex 6.126976013183594 295.0 15.195205688476562
vertex 6.126976013183594 298.0 15.195205688476562
endloop
endfacet
facet normal -0.8829477461669973 0.0 0.469471274455232
outer loop
vertex 6.126976013183594 295.0 15.195205688476562
vertex 8.974372863769531 295.0 20.550384521484375
vertex 6.126976013183594 298.0 15.195205688476562
endloop
endfacet
facet normal 0.0 -0.0 1.0
outer loop
vertex 2.2423858642578125 264.0 20.550384521484375
vertex 8.974372863769531 295.0 20.550384521484375
vertex 2.2423858642578125 295.0 20.550384521484375
endloop
endfacet
facet normal -0.0 1.0 0.0
outer loop
vertex 2.2423858642578125 295.0 20.550384521484375
vertex 8.974372863769531 295.0 20.550384521484375
vertex 6.126976013183594 295.0 15.195205688476562
endloop
endfacet
facet normal 0.0 0.0 0.9999999999999999
outer loop
vertex 2.2423858642578125 264.0 20.550384521484375
vertex 8.974372863769531 286.0 20.550384521484375
vertex 8.974372863769531 295.0 20.550384521484375
endloop
endfacet
facet normal 0.0 0.0 -1.0
outer loop
vertex 0.6545486450195312 156.0 16.094528198242188
vertex 2.2423858642578125 261.0 16.094528198242188
vertex 34.242393493652344 261.0 16.094528198242188
endloop
endfacet
facet normal 0.0 -0.0 1.0
outer loop
vertex 0.2423858642578125 156.0 22.550384521484375
vertex 36.242393493652344 264.0 22.550384521484375
vertex 0.2423858642578125 264.0 22.550384521484375
endloop
endfacet
facet normal 0.0 0.0 -1.0
outer loop
vertex 7.2317352294921875 261.0 8.550384521484375
vertex 7.2317352294921875 286.0 8.550384521484375
vertex 17.49213409423828 286.0 8.550384521484375
endloop
endfacet
facet normal -0.4694716016401754 -1.0971046656077903e-07 -0.8829475721997293
outer loop
vertex 7.2317352294921875 286.0 8.550384521484375
vertex 6.882972717285156 288.1999969482422 8.735824584960938
vertex 19.77399444580078 288.1999969482422 1.8815460205078125
endloop
endfacet
facet normal -0.46947131261943725 5.419236821423408e-07 -0.8829477258745779
outer loop
vertex 3.6160659790039062 298.0 10.472869873046875
vertex 23.040916442871094 298.0 0.144500732421875
vertex 6.882972717285156 295.8000030517578 8.735824584960938
endloop
endfacet
facet normal -0.0 1.0 0.0
outer loop
vertex 3.6160659790039062 298.0 10.472869873046875
vertex 6.126976013183594 298.0 15.195205688476562
vertex 25.13457489013672 298.0 4.0821075439453125
endloop
endfacet
facet normal 0.0 -1.0 0.0
outer loop
vertex 7.2317352294921875 261.0 8.550384521484375
vertex 34.242393493652344 261.0 8.550384521484375
vertex 2.2423858642578125 261.0 16.094528198242188
endloop
endfacet
facet normal -0.4694712593518332 -2.6127856703409664e-06 -0.8829477541937445
outer loop
vertex 7.2317352294921875 286.0 8.550384521484375
vertex 19.77399444580078 288.1999969482422 1.8815460205078125
vertex 23.040916442871094 286.0 0.144500732421875
endloop
endfacet
facet normal 0.0 -1.0 0.0
outer loop
vertex 7.2317352294921875 286.0 8.550384521484375
vertex 23.040916442871094 286.0 0.144500732421875
vertex 17.49213409423828 286.0 8.550384521484375
endloop
endfacet
facet normal -0.4694716016376764 3.2647689205889077e-06 -0.8829475721950294
outer loop
vertex 6.882972717285156 295.8000030517578 8.735824584960938
vertex 23.040916442871094 298.0 0.144500732421875
vertex 19.77399444580078 295.8000030517578 1.8815460205078125
endloop
endfacet
facet normal -0.0 0.9999999999999999 0.0
outer loop
vertex 6.882972717285156 288.1999969482422 8.735824584960938
vertex 12.657478332519531 288.1999969482422 19.596099853515625
vertex 19.77399444580078 288.1999969482422 1.8815460205078125
endloop
endfacet
facet normal 0.0 1.0 0.0
outer loop
vertex 0.2423858642578125 264.0 22.550384521484375
vertex 34.242393493652344 264.0 20.550384521484375
vertex 2.2423858642578125 264.0 20.550384521484375
endloop
endfacet
facet normal 0.8829477672764952 0.0 -0.46947123475400715
outer loop
vertex 6.882972717285156 288.1999969482422 8.735824584960938
vertex 6.882972717285156 295.8000030517578 8.735824584960938
vertex 12.657478332519531 295.8000030517578 19.596099853515625
endloop
endfacet
facet normal 0.8829477672764952 0.0 -0.46947123475400715
outer loop
vertex 6.882972717285156 288.1999969482422 8.735824584960938
vertex 12.657478332519531 295.8000030517578 19.596099853515625
vertex 12.657478332519531 288.1999969482422 19.596099853515625
endloop
endfacet
facet normal -0.8829477338263092 5.314323862559179e-08 0.4694712976647052
outer loop
vertex 6.126976013183594 298.0 15.195205688476562
vertex 8.974372863769531 295.0 20.550384521484375
vertex 16.424903869628906 298.0 34.56280517578125
endloop
endfacet
facet normal 0.0 -0.0 1.0
outer loop
vertex 2.2423858642578125 264.0 20.550384521484375
vertex 34.242393493652344 264.0 20.550384521484375
vertex 8.974372863769531 286.0 20.550384521484375
endloop
endfacet
facet normal 0.0 -1.0 0.0
outer loop
vertex 6.882972717285156 295.8000030517578 8.735824584960938
vertex 25.54851531982422 295.8000030517578 12.7418212890625
vertex 12.657478332519531 295.8000030517578 19.596099853515625
endloop
endfacet
facet normal -0.0 1.0 0.0
outer loop
vertex 6.126976013183594 298.0 15.195205688476562
vertex 16.424903869628906 298.0 34.56280517578125
vertex 25.13457489013672 298.0 4.0821075439453125
endloop
endfacet
facet normal -0.8829477291100243 0.0 0.46947130653475644
outer loop
vertex 8.974372863769531 286.0 20.550384521484375
vertex 16.424903869628906 286.0 34.56280517578125
vertex 8.974372863769531 295.0 20.550384521484375
endloop
endfacet
facet normal -0.8829477291100242 0.0 0.4694713065347564
outer loop
vertex 8.974372863769531 295.0 20.550384521484375
vertex 16.424903869628906 286.0 34.56280517578125
vertex 16.424903869628906 298.0 34.56280517578125
endloop
endfacet
facet normal -0.4694713342670559 3.1267085666382203e-06 -0.8829477143589728
outer loop
vertex 12.010948181152344 151.79999995231628 6.0092315673828125
vertex 23.31269073486328 154.0 0.0
vertex 20.48725128173828 151.79999995231628 1.5023040771484375
endloop
endfacet
facet normal 0.0 1.0 0.0
outer loop
vertex 9.185523986816406 154.0 7.51153564453125
vertex 26.28894805908203 154.0 5.5975341796875
vertex 23.31269073486328 154.0 0.0
endloop
endfacet
facet normal -0.0 1.0 0.0
outer loop
vertex 12.465248107910156 154.0 13.679779052734375
vertex 13.749198913574219 154.0 16.094528198242188
vertex 26.28894805908203 154.0 5.5975341796875
endloop
endfacet
facet normal 0.0 -0.9999999999999999 0.0
outer loop
vertex 12.010948181152344 151.79999995231628 6.0092315673828125
vertex 26.26177215576172 151.79999995231628 12.362579345703125
vertex 17.78546905517578 151.79999995231628 16.8695068359375
endloop
endfacet
facet normal 0.0 -0.9999999999999999 0.0
outer loop
vertex 12.010948181152344 151.79999995231628 6.0092315673828125
vertex 20.48725128173828 151.79999995231628 1.5023040771484375
vertex 26.26177215576172 151.79999995231628 12.362579345703125
endloop
endfacet
facet normal -0.469469436275476 0.0 -0.8829487235412863
outer loop
vertex 23.31269073486328 144.0 0.0
vertex 20.48725128173828 151.79999995231628 1.5023040771484375
vertex 23.31269073486328 154.0 0.0
endloop
endfacet
facet normal 0.8829478801090029 0.0 -0.4694710225466722
outer loop
vertex 26.28894805908203 144.0 5.5975341796875
vertex 23.31269073486328 154.0 0.0
vertex 26.28894805908203 154.0 5.5975341796875
endloop
endfacet
facet normal -0.8829472530452711 0.0 0.46947220188186867
outer loop
vertex 26.26177215576172 146.20000004768372 12.362579345703125
vertex 26.26177215576172 151.79999995231628 12.362579345703125
vertex 20.48725128173828 151.79999995231628 1.5023040771484375
endloop
endfacet
facet normal 0.0 0.0 -1.0
outer loop
vertex 13.749198913574219 154.0 16.094528198242188
vertex 14.153755187988281 156.0 16.094528198242188
vertex 31.87030792236328 154.0 16.094528198242188
endloop
endfacet
facet normal -0.46947133426935067 0.0 -0.8829477143632886
outer loop
vertex 17.78546905517578 146.20000004768372 16.8695068359375
vertex 17.78546905517578 151.79999995231628 16.8695068359375
vertex 26.26177215576172 151.79999995231628 12.362579345703125
endloop
endfacet
facet normal -0.0 1.0 0.0
outer loop
vertex 13.749198913574219 154.0 16.094528198242188
vertex 31.87030792236328 154.0 16.094528198242188
vertex 26.28894805908203 154.0 5.5975341796875
endloop
endfacet
facet normal -0.0 1.0 0.0
outer loop
vertex 0.2423858642578125 156.0 22.550384521484375
vertex 35.43769073486328 156.0 26.495635986328125
vertex 36.242393493652344 156.0 22.550384521484375
endloop
endfacet
facet normal 0.0 -0.0 -1.0
outer loop
vertex 0.6545486450195312 156.0 16.094528198242188
vertex 35.99999237060547 264.0 16.094528198242188
vertex 14.153755187988281 156.0 16.094528198242188
endloop
endfacet
facet normal 0.0 0.0 1.0
outer loop
vertex 0.2423858642578125 156.0 22.550384521484375
vertex 36.242393493652344 156.0 22.550384521484375
vertex 36.242393493652344 264.0 22.550384521484375
endloop
endfacet
facet normal 0.8829472741914228 0.0 -0.46947216211180864
outer loop
vertex 26.28894805908203 144.0 5.5975341796875
vertex 26.28894805908203 154.0 5.5975341796875
vertex 31.87030792236328 154.0 16.094528198242188
endloop
endfacet
facet normal 0.0 -0.0 -1.0
outer loop
vertex 14.153755187988281 156.0 16.094528198242188
vertex 31.94538116455078 156.0 16.094528198242188
vertex 31.87030792236328 154.0 16.094528198242188
endloop
endfacet
facet normal 0.0 0.0 -1.0
outer loop
vertex 31.87030792236328 154.0 16.094528198242188
vertex 31.94538116455078 156.0 16.094528198242188
vertex 35.99999237060547 154.0 16.094528198242188
endloop
endfacet
facet normal 0.0 -0.0 -0.9999999999999999
outer loop
vertex 14.153755187988281 156.0 16.094528198242188
vertex 35.99999237060547 264.0 16.094528198242188
vertex 31.94538116455078 156.0 16.094528198242188
endloop
endfacet
facet normal -0.0 1.0 0.0
outer loop
vertex 0.2423858642578125 156.0 22.550384521484375
vertex 24.90569305419922 156.0 30.082229614257812
vertex 35.43769073486328 156.0 26.495635986328125
endloop
endfacet
facet normal -0.9992959291297797 0.0 0.03751860904471926
outer loop
vertex 24.90569305419922 156.0 30.082229614257812
vertex 25.309669494628906 160.0 40.842010498046875
vertex 24.90569305419922 160.0 30.082229614257812
endloop
endfacet
facet normal -0.0 0.9999999999999999 -0.0
outer loop
vertex 24.90569305419922 156.0 30.082229614257812
vertex 13.972969055175781 156.0 48.37385559082031
vertex 25.309669494628906 156.0 40.842010498046875
endloop
endfacet
facet normal -0.9992959291297797 0.0 0.03751860904471926
outer loop
vertex 24.90569305419922 156.0 30.082229614257812
vertex 25.309669494628906 156.0 40.842010498046875
vertex 25.309669494628906 160.0 40.842010498046875
endloop
endfacet
facet normal -0.0 1.0 -0.0
outer loop
vertex 25.309669494628906 156.0 40.842010498046875
vertex 13.972969055175781 156.0 48.37385559082031
vertex 35.976341247558594 156.0 40.842010498046875
endloop
endfacet
facet normal -0.32236308585383533 0.0 -0.9466161000525992
outer loop
vertex 24.90569305419922 156.0 30.082229614257812
vertex 24.90569305419922 160.0 30.082229614257812
vertex 35.43769073486328 156.0 26.495635986328125
endloop
endfacet
facet normal 0.35109278793855736 0.9362478809403857 -0.01318179396623613
outer loop
vertex 24.90569305419922 160.0 30.082229614257812
vertex 25.309669494628906 160.0 40.842010498046875
vertex 35.84168243408203 156.0 37.25541687011719
endloop
endfacet
facet normal 0.35109307913133403 0.9362477645789544 -0.013182302795395041
outer loop
vertex 24.90569305419922 160.0 30.082229614257812
vertex 35.84168243408203 156.0 37.25541687011719
vertex 35.43769073486328 156.0 26.495635986328125
endloop
endfacet
facet normal 0.0 -0.0 1.0
outer loop
vertex 25.309669494628906 156.0 40.842010498046875
vertex 35.976341247558594 156.0 40.842010498046875
vertex 25.309669494628906 160.0 40.842010498046875
endloop
endfacet
facet normal 0.3510927879385574 0.9362478809403858 -0.013181793966236133
outer loop
vertex 25.309669494628906 160.0 40.842010498046875
vertex 35.976341247558594 156.0 40.842010498046875
vertex 35.84168243408203 156.0 37.25541687011719
endloop
endfacet
facet normal 0.0 1.0 0.0
outer loop
vertex 13.972969055175781 156.0 48.37385559082031
vertex 49.73058319091797 156.0 41.91798400878906
vertex 35.976341247558594 156.0 40.842010498046875
endloop
endfacet
facet normal 0.0 0.0 -1.0
outer loop
vertex 0.6545486450195312 156.0 16.094528198242188
vertex 34.242393493652344 261.0 16.094528198242188
vertex 35.99999237060547 264.0 16.094528198242188
endloop
endfacet
facet normal 0.0 0.0 -1.0
outer loop
vertex 7.2317352294921875 261.0 8.550384521484375
vertex 17.49213409423828 286.0 8.550384521484375
vertex 34.242393493652344 261.0 8.550384521484375
endloop
endfacet
facet normal 0.0 1.0 0.0
outer loop
vertex 3.6160659790039062 298.0 10.472869873046875
vertex 25.13457489013672 298.0 4.0821075439453125
vertex 23.040916442871094 298.0 0.144500732421875
endloop
endfacet
facet normal -0.4694698876581393 0.0 -0.8829484835381133
outer loop
vertex 19.77399444580078 288.1999969482422 1.8815460205078125
vertex 19.77399444580078 295.8000030517578 1.8815460205078125
vertex 23.040916442871094 286.0 0.144500732421875
endloop
endfacet
facet normal 0.0 -1.0 0.0
outer loop
vertex 6.882972717285156 295.8000030517578 8.735824584960938
vertex 19.77399444580078 295.8000030517578 1.8815460205078125
vertex 25.54851531982422 295.8000030517578 12.7418212890625
endloop
endfacet
facet normal 0.0 1.0 0.0
outer loop
vertex 12.657478332519531 288.1999969482422 19.596099853515625
vertex 25.54851531982422 288.1999969482422 12.7418212890625
vertex 19.77399444580078 288.1999969482422 1.8815460205078125
endloop
endfacet
facet normal 0.0 -1.0 0.0
outer loop
vertex 17.49213409423828 286.0 8.550384521484375
vertex 23.040916442871094 286.0 0.144500732421875
vertex 25.13457489013672 286.0 4.0821075439453125
endloop
endfacet
facet normal -0.4694698876581393 -0.0 -0.8829484835381133
outer loop
vertex 19.77399444580078 295.8000030517578 1.8815460205078125
vertex 23.040916442871094 298.0 0.144500732421875
vertex 23.040916442871094 286.0 0.144500732421875
endloop
endfacet
facet normal -0.8829472530452711 0.0 0.4694722018818687
outer loop
vertex 19.77399444580078 288.1999969482422 1.8815460205078125
vertex 25.54851531982422 288.1999969482422 12.7418212890625
vertex 19.77399444580078 295.8000030517578 1.8815460205078125
endloop
endfacet
facet normal 0.8829479862762257 0.0 -0.4694708228748171
outer loop
vertex 23.040916442871094 286.0 0.144500732421875
vertex 23.040916442871094 298.0 0.144500732421875
vertex 25.13457489013672 286.0 4.0821075439453125
endloop
endfacet
facet normal 0.8829479862762257 0.0 -0.4694708228748171
outer loop
vertex 23.040916442871094 298.0 0.144500732421875
vertex 25.13457489013672 298.0 4.0821075439453125
vertex 25.13457489013672 286.0 4.0821075439453125
endloop
endfacet
facet normal 0.0 -1.0 0.0
outer loop
vertex 17.49213409423828 286.0 8.550384521484375
vertex 25.13457489013672 286.0 4.0821075439453125
vertex 27.510398864746094 286.0 8.550384521484375
endloop
endfacet
facet normal -0.8829472530452711 0.0 0.4694722018818687
outer loop
vertex 19.77399444580078 295.8000030517578 1.8815460205078125
vertex 25.54851531982422 288.1999969482422 12.7418212890625
vertex 25.54851531982422 295.8000030517578 12.7418212890625
endloop
endfacet
facet normal -0.4694711684171386 0.0 -0.8829478025483991
outer loop
vertex 12.657478332519531 288.1999969482422 19.596099853515625
vertex 12.657478332519531 295.8000030517578 19.596099853515625
vertex 25.54851531982422 295.8000030517578 12.7418212890625
endloop
endfacet
facet normal 0.0 -1.0 0.0
outer loop
vertex 2.2423858642578125 261.0 16.094528198242188
vertex 34.242393493652344 261.0 8.550384521484375
vertex 34.242393493652344 261.0 16.094528198242188
endloop
endfacet
facet normal -0.0 1.0 0.0
outer loop
vertex 0.2423858642578125 264.0 22.550384521484375
vertex 36.242393493652344 264.0 22.550384521484375
vertex 34.242393493652344 264.0 20.550384521484375
endloop
endfacet
facet normal -0.4694711684171386 -0.0 -0.8829478025483991
outer loop
vertex 12.657478332519531 288.1999969482422 19.596099853515625
vertex 25.54851531982422 295.8000030517578 12.7418212890625
vertex 25.54851531982422 288.1999969482422 12.7418212890625
endloop
endfacet
facet normal 0.0 0.0 -1.0
outer loop
vertex 17.49213409423828 286.0 8.550384521484375
vertex 27.510398864746094 286.0 8.550384521484375
vertex 34.242393493652344 261.0 8.550384521484375
endloop
endfacet
facet normal 0.8829476778511189 0.0 -0.4694714029387908
outer loop
vertex 25.13457489013672 286.0 4.0821075439453125
vertex 25.13457489013672 298.0 4.0821075439453125
vertex 27.510398864746094 295.0 8.550384521484375
endloop
endfacet
facet normal 0.882947677851119 0.0 -0.46947140293879086
outer loop
vertex 25.13457489013672 286.0 4.0821075439453125
vertex 27.510398864746094 295.0 8.550384521484375
vertex 27.510398864746094 286.0 8.550384521484375
endloop
endfacet
facet normal 0.8829477379493683 2.159418118506784e-07 -0.46947128991030657
outer loop
vertex 25.13457489013672 298.0 4.0821075439453125
vertex 33.890907287597656 295.0 20.550384521484375
vertex 27.510398864746094 295.0 8.550384521484375
endloop
endfacet
facet normal 0.0 0.0 -1.0
outer loop
vertex 27.510398864746094 286.0 8.550384521484375
vertex 27.510398864746094 295.0 8.550384521484375
vertex 34.242393493652344 295.0 8.550384521484375
endloop
endfacet
facet normal 0.0 0.0 -1.0
outer loop
vertex 27.510398864746094 286.0 8.550384521484375
vertex 34.242393493652344 295.0 8.550384521484375
vertex 34.242393493652344 261.0 8.550384521484375
endloop
endfacet
facet normal -0.0 -0.0 1.0
outer loop
vertex 8.974372863769531 286.0 20.550384521484375
vertex 34.242393493652344 264.0 20.550384521484375
vertex 33.890907287597656 286.0 20.550384521484375
endloop
endfacet
facet normal 0.0 -1.0 0.0
outer loop
vertex 8.974372863769531 286.0 20.550384521484375
vertex 33.890907287597656 286.0 20.550384521484375
vertex 35.43250274658203 286.0 23.44970703125
endloop
endfacet
facet normal 0.0 1.0 0.0
outer loop
vertex 16.424903869628906 298.0 34.56280517578125
vertex 35.43250274658203 298.0 23.44970703125
vertex 25.13457489013672 298.0 4.0821075439453125
endloop
endfacet
facet normal 0.8829477338262989 1.6134032498847922e-07 -0.4694712976646997
outer loop
vertex 25.13457489013672 298.0 4.0821075439453125
vertex 35.43250274658203 298.0 23.44970703125
vertex 33.890907287597656 295.0 20.550384521484375
endloop
endfacet
facet normal -0.0 1.0 0.0
outer loop
vertex 27.510398864746094 295.0 8.550384521484375
vertex 33.890907287597656 295.0 20.550384521484375
vertex 34.242393493652344 295.0 8.550384521484375
endloop
endfacet
facet normal 0.0 -1.0 0.0
outer loop
vertex 8.974372863769531 286.0 20.550384521484375
vertex 35.43250274658203 286.0 23.44970703125
vertex 16.424903869628906 286.0 34.56280517578125
endloop
endfacet
facet normal -0.8829474454740097 0.0 0.4694718399765004
outer loop
vertex 16.424903869628906 286.0 34.56280517578125
vertex 26.72284698486328 298.0 53.93040466308594
vertex 16.424903869628906 298.0 34.56280517578125
endloop
endfacet
facet normal -0.8829474454740097 0.0 0.4694718399765004
outer loop
vertex 16.424903869628906 286.0 34.56280517578125
vertex 26.72284698486328 286.0 53.93040466308594
vertex 26.72284698486328 298.0 53.93040466308594
endloop
endfacet
facet normal 0.0 -0.9999999999999999 0.0
outer loop
vertex 16.424903869628906 286.0 34.56280517578125
vertex 35.43250274658203 286.0 23.44970703125
vertex 26.72284698486328 286.0 53.93040466308594
endloop
endfacet
facet normal -0.0 0.9999999999999999 0.0
outer loop
vertex 16.424903869628906 298.0 34.56280517578125
vertex 26.72284698486328 298.0 53.93040466308594
vertex 35.43250274658203 298.0 23.44970703125
endloop
endfacet
facet normal 0.0 -0.0 1.0
outer loop
vertex 13.972969055175781 144.0 48.37385559082031
vertex 30.91240692138672 154.0 48.37385559082031
vertex 13.972969055175781 156.0 48.37385559082031
endloop
endfacet
facet normal -0.0 0.0 1.0
outer loop
vertex 13.972969055175781 156.0 48.37385559082031
vertex 30.91240692138672 154.0 48.37385559082031
vertex 39.972984313964844 154.0 48.37385559082031
endloop
endfacet
facet normal -0.8829474904297151 0.0 0.4694717554271697
outer loop
vertex 33.061119079589844 144.0 52.41499328613281
vertex 33.061119079589844 154.0 52.41499328613281
vertex 30.91240692138672 154.0 48.37385559082031
endloop
endfacet
facet normal 0.0 0.0 -1.0
outer loop
vertex 27.461158752441406 142.0 67.741455078125
vertex 27.461158752441406 156.0 67.741455078125
vertex 28.04180145263672 155.7741937637329 67.741455078125
endloop
endfacet
facet normal 0.0 -0.0 -1.0
outer loop
vertex 27.461158752441406 156.0 67.741455078125
vertex 28.115699768066406 156.0 67.741455078125
vertex 28.04180145263672 155.7741937637329 67.741455078125
endloop
endfacet
facet normal -0.9992959297947199 0.0 0.037518591334246745
outer loop
vertex 27.70354461669922 142.0 74.19732666015625
vertex 27.70354461669922 154.0 74.19732666015625
vertex 27.461158752441406 156.0 67.741455078125
endloop
endfacet
facet normal -0.9992951181278669 6.965277088043882e-05 0.03754013897555616
outer loop
vertex 27.461158752441406 156.0 67.741455078125
vertex 27.70354461669922 154.0 74.19732666015625
vertex 27.46556854248047 156.0 67.85884094238281
endloop
endfacet
facet normal -0.999295944777158 0.0 0.037518192279578325
outer loop
vertex 27.46556854248047 156.0 67.85884094238281
vertex 27.70354461669922 154.0 74.19732666015625
vertex 27.70354461669922 156.0 74.19732666015625
endloop
endfacet
facet normal -0.9992951205519113 0.0 0.037540139066619314
outer loop
vertex 27.461158752441406 156.0 67.741455078125
vertex 27.46556854248047 156.0 67.85884094238281
vertex 27.461158752441406 264.0 67.741455078125
endloop
endfacet
facet normal 0.0 -0.0 -1.0
outer loop
vertex 27.461158752441406 156.0 67.741455078125
vertex 29.70354461669922 261.0 67.741455078125
vertex 28.115699768066406 156.0 67.741455078125
endloop
endfacet
facet normal -0.9992959447771578 0.0 0.03751819227957832
outer loop
vertex 27.46556854248047 156.0 67.85884094238281
vertex 27.70354461669922 156.0 74.19732666015625
vertex 27.70354461669922 264.0 74.19732666015625
endloop
endfacet
facet normal -0.8829476064215585 0.0 0.46947153727828994
outer loop
vertex 27.70354461669922 142.0 74.19732666015625
vertex 37.171348571777344 156.0 92.00367736816406
vertex 27.70354461669922 154.0 74.19732666015625
endloop
endfacet
facet normal -0.8829476064215585 0.0 0.46947153727828994
outer loop
vertex 27.70354461669922 154.0 74.19732666015625
vertex 37.171348571777344 156.0 92.00367736816406
vertex 27.70354461669922 156.0 74.19732666015625
endloop
endfacet
facet normal 0.0 0.0 -1.0
outer loop
vertex 27.461158752441406 156.0 67.741455078125
vertex 27.461158752441406 264.0 67.741455078125
vertex 29.70354461669922 261.0 67.741455078125
endloop
endfacet
facet normal -0.9992959297947196 -2.3453405353943078e-08 0.03751859133424674
outer loop
vertex 27.46556854248047 156.0 67.85884094238281
vertex 27.70354461669922 264.0 74.19732666015625
vertex 27.461158752441406 264.0 67.741455078125
endloop
endfacet
facet normal -0.8829474582687952 0.0 0.4694718159130259
outer loop
vertex 26.72284698486328 286.0 53.93040466308594
vertex 30.055030822753906 286.0 60.19732666015625
vertex 26.72284698486328 298.0 53.93040466308594
endloop
endfacet
facet normal -0.8829474582687953 0.0 0.46947181591302595
outer loop
vertex 26.72284698486328 298.0 53.93040466308594
vertex 30.055030822753906 286.0 60.19732666015625
vertex 30.055030822753906 295.0 60.19732666015625
endloop
endfacet
facet normal 0.0 0.0 -1.0
outer loop
vertex 27.461158752441406 264.0 67.741455078125
vertex 29.70354461669922 264.0 67.741455078125
vertex 29.70354461669922 261.0 67.741455078125
endloop
endfacet
facet normal -0.0 1.0 0.0
outer loop
vertex 27.461158752441406 264.0 67.741455078125
vertex 27.70354461669922 264.0 74.19732666015625
vertex 29.70354461669922 264.0 72.19732666015625
endloop
endfacet
facet normal -0.0 1.0 0.0
outer loop
vertex 27.461158752441406 264.0 67.741455078125
vertex 29.70354461669922 264.0 72.19732666015625
vertex 29.70354461669922 264.0 67.741455078125
endloop
endfacet
facet normal -0.9999999999999999 0.0 0.0
outer loop
vertex 29.70354461669922 261.0 60.19732666015625
vertex 29.70354461669922 261.0 67.741455078125
vertex 29.70354461669922 264.0 67.741455078125
endloop
endfacet
facet normal -1.0 0.0 0.0
outer loop
vertex 29.70354461669922 261.0 60.19732666015625
vertex 29.70354461669922 264.0 67.741455078125
vertex 29.70354461669922 295.0 72.19732666015625
endloop
endfacet
facet normal -1.0 0.0 0.0
outer loop
vertex 29.70354461669922 264.0 67.741455078125
vertex 29.70354461669922 264.0 72.19732666015625
vertex 29.70354461669922 295.0 72.19732666015625
endloop
endfacet
facet normal 0.0 0.0 -1.0
outer loop
vertex 29.70354461669922 261.0 60.19732666015625
vertex 29.70354461669922 295.0 60.19732666015625
vertex 30.055030822753906 286.0 60.19732666015625
endloop
endfacet
facet normal -1.0 0.0 0.0
outer loop
vertex 29.70354461669922 261.0 60.19732666015625
vertex 29.70354461669922 295.0 72.19732666015625
vertex 29.70354461669922 295.0 60.19732666015625
endloop
endfacet
facet normal 0.0 0.0 -0.9999999999999999
outer loop
vertex 30.055030822753906 286.0 60.19732666015625
vertex 29.70354461669922 295.0 60.19732666015625
vertex 30.055030822753906 295.0 60.19732666015625
endloop
endfacet
facet normal -0.8829477338254592 -1.3886766985316456e-06 0.4694712976642532
outer loop
vertex 26.72284698486328 298.0 53.93040466308594
vertex 30.055030822753906 295.0 60.19732666015625
vertex 37.020774841308594 298.0 73.29800415039062
endloop
endfacet
facet normal -0.0 1.0 0.0
outer loop
vertex 29.70354461669922 295.0 60.19732666015625
vertex 29.70354461669922 295.0 72.19732666015625
vertex 30.055030822753906 295.0 60.19732666015625
endloop
endfacet
facet normal 0.0 -0.0 0.9999999999999999
outer loop
vertex 29.70354461669922 264.0 72.19732666015625
vertex 36.43553924560547 295.0 72.19732666015625
vertex 29.70354461669922 295.0 72.19732666015625
endloop
endfacet
facet normal 0.0 1.0 -0.0
outer loop
vertex 30.055030822753906 295.0 60.19732666015625
vertex 29.70354461669922 295.0 72.19732666015625
vertex 36.43553924560547 295.0 72.19732666015625
endloop
endfacet
facet normal 0.8829476311303351 0.0 -0.4694714908078331
outer loop
vertex 35.43250274658203 0.0 23.44970703125
vertex 35.43250274658203 12.0 23.44970703125
vertex 41.24097442626953 12.0 34.37385559082031
endloop
endfacet
facet normal 0.0 -0.0 -1.0
outer loop
vertex 16.748085021972656 12.0 34.37385559082031
vertex 47.97296905517578 37.0 34.37385559082031
vertex 41.24097442626953 12.0 34.37385559082031
endloop
endfacet
facet normal 0.8829476311303353 0.0 -0.4694714908078332
outer loop
vertex 35.43250274658203 0.0 23.44970703125
vertex 41.24097442626953 12.0 34.37385559082031
vertex 41.24097442626953 3.0 34.37385559082031
endloop
endfacet
facet normal 0.8829474454728355 1.6309166341164407e-06 -0.46947183997587605
outer loop
vertex 35.43250274658203 0.0 23.44970703125
vertex 41.24097442626953 3.0 34.37385559082031
vertex 45.730445861816406 0.0 42.81730651855469
endloop
endfacet
facet normal 0.0 -0.9999999999999999 0.0
outer loop
vertex 26.72284698486328 0.0 53.93040466308594
vertex 35.43250274658203 0.0 23.44970703125
vertex 45.730445861816406 0.0 42.81730651855469
endloop
endfacet
facet normal -0.0 1.0 0.0
outer loop
vertex 15.972969055175781 37.0 34.37385559082031
vertex 47.97296905517578 37.0 41.91798400878906
vertex 47.97296905517578 37.0 34.37385559082031
endloop
endfacet
facet normal -0.0 0.0 1.0
outer loop
vertex 15.972969055175781 34.0 46.37385559082031
vertex 39.64740753173828 12.0 46.37385559082031
vertex 47.97296905517578 34.0 46.37385559082031
endloop
endfacet
facet normal 0.0 -1.0 0.0
outer loop
vertex 15.972969055175781 34.0 46.37385559082031
vertex 47.97296905517578 34.0 46.37385559082031
vertex 49.97296905517578 34.0 48.37385559082031
endloop
endfacet
facet normal 0.0 -0.0 -1.0
outer loop
vertex 15.972969055175781 37.0 41.91798400878906
vertex 49.73058319091797 142.0 41.91798400878906
vertex 47.97296905517578 37.0 41.91798400878906
endloop
endfacet
facet normal 0.0 0.0 -1.0
outer loop
vertex 41.24097442626953 3.0 34.37385559082031
vertex 41.24097442626953 12.0 34.37385559082031
vertex 47.97296905517578 3.0 34.37385559082031
endloop
endfacet
facet normal 0.0 0.0 -1.0
outer loop
vertex 41.24097442626953 12.0 34.37385559082031
vertex 47.97296905517578 37.0 34.37385559082031
vertex 47.97296905517578 3.0 34.37385559082031
endloop
endfacet
facet normal 0.8829472052715083 0.0 -0.469472291731081
outer loop
vertex 41.24097442626953 3.0 34.37385559082031
vertex 45.730445861816406 3.0 42.81730651855469
vertex 45.730445861816406 0.0 42.81730651855469
endloop
endfacet
facet normal 0.0 -1.0 0.0
outer loop
vertex 41.24097442626953 3.0 34.37385559082031
vertex 47.97296905517578 3.0 34.37385559082031
vertex 45.730445861816406 3.0 42.81730651855469
endloop
endfacet
facet normal 0.8829474323010658 0.0 -0.4694718647511849
outer loop
vertex 45.730445861816406 0.0 42.81730651855469
vertex 45.730445861816406 3.0 42.81730651855469
vertex 47.621498107910156 3.0 46.37385559082031
endloop
endfacet
facet normal 0.0 0.0 0.9999999999999999
outer loop
vertex 39.64740753173828 12.0 46.37385559082031
vertex 47.621498107910156 12.0 46.37385559082031
vertex 47.97296905517578 34.0 46.37385559082031
endloop
endfacet
facet normal -0.0 -1.0 0.0
outer loop
vertex 47.97296905517578 3.0 34.37385559082031
vertex 47.97296905517578 3.0 46.37385559082031
vertex 45.730445861816406 3.0 42.81730651855469
endloop
endfacet
facet normal 1.0 0.0 -0.0
outer loop
vertex 47.97296905517578 3.0 34.37385559082031
vertex 47.97296905517578 37.0 34.37385559082031
vertex 47.97296905517578 3.0 46.37385559082031
endloop
endfacet
facet normal 0.0 -1.0 0.0
outer loop
vertex 45.730445861816406 3.0 42.81730651855469
vertex 47.97296905517578 3.0 46.37385559082031
vertex 47.621498107910156 3.0 46.37385559082031
endloop
endfacet
facet normal 0.0 -0.0 1.0
outer loop
vertex 47.621498107910156 3.0 46.37385559082031
vertex 47.97296905517578 3.0 46.37385559082031
vertex 47.621498107910156 12.0 46.37385559082031
endloop
endfacet
facet normal 0.0 -0.0 1.0
outer loop
vertex 47.97296905517578 3.0 46.37385559082031
vertex 47.97296905517578 34.0 46.37385559082031
vertex 47.621498107910156 12.0 46.37385559082031
endloop
endfacet
facet normal 1.0 0.0 0.0
outer loop
vertex 47.97296905517578 37.0 34.37385559082031
vertex 47.97296905517578 34.0 41.91798400878906
vertex 47.97296905517578 3.0 46.37385559082031
endloop
endfacet
facet normal 0.9999999999999999 0.0 -0.0
outer loop
vertex 47.97296905517578 37.0 34.37385559082031
vertex 47.97296905517578 37.0 41.91798400878906
vertex 47.97296905517578 34.0 41.91798400878906
endloop
endfacet
facet normal 0.0 0.0 -1.0
outer loop
vertex 47.97296905517578 34.0 41.91798400878906
vertex 47.97296905517578 37.0 41.91798400878906
vertex 49.73058319091797 34.0 41.91798400878906
endloop
endfacet
facet normal 1.0 -0.0 0.0
outer loop
vertex 47.97296905517578 3.0 46.37385559082031
vertex 47.97296905517578 34.0 41.91798400878906
vertex 47.97296905517578 34.0 46.37385559082031
endloop
endfacet
facet normal 0.0 -1.0 0.0
outer loop
vertex 47.97296905517578 34.0 41.91798400878906
vertex 49.73058319091797 34.0 41.91798400878906
vertex 47.97296905517578 34.0 46.37385559082031
endloop
endfacet
facet normal -0.0 -1.0 0.0
outer loop
vertex 49.73058319091797 34.0 41.91798400878906
vertex 49.97296905517578 34.0 48.37385559082031
vertex 47.97296905517578 34.0 46.37385559082031
endloop
endfacet
facet normal 0.0 0.0 -1.0
outer loop
vertex 47.97296905517578 37.0 41.91798400878906
vertex 49.73058319091797 142.0 41.91798400878906
vertex 49.73058319091797 34.0 41.91798400878906
endloop
endfacet
facet normal 0.9992959297947198 0.0 -0.037518591334246745
outer loop
vertex 49.73058319091797 34.0 41.91798400878906
vertex 49.73058319091797 142.0 41.91798400878906
vertex 49.97296905517578 34.0 48.37385559082031
endloop
endfacet
facet normal 0.8829472669376778 0.0 -0.46947217575409655
outer loop
vertex 35.99999237060547 142.0 16.094528198242188
vertex 35.99999237060547 154.0 16.094528198242188
vertex 40.59630584716797 143.95921182632446 24.738922119140625
endloop
endfacet
facet normal 0.8829363257051489 0.00011639325217192044 -0.46949273817909287
outer loop
vertex 35.99999237060547 142.0 16.094528198242188
vertex 40.59630584716797 143.95921182632446 24.738922119140625
vertex 40.713340759277344 144.0 24.959030151367188
endloop
endfacet
facet normal 0.3511013165596363 -0.9362445554911478 -0.013190823449393065
outer loop
vertex 40.59630584716797 143.95921182632446 24.738922119140625
vertex 40.703697204589844 144.0 24.702346801757812
vertex 40.713340759277344 144.0 24.959030151367188
endloop
endfacet
facet normal -0.3223945836063324 -0.0 -0.9466053731419971
outer loop
vertex 40.59630584716797 143.95921182632446 24.738922119140625
vertex 40.703697204589844 154.0 24.702346801757812
vertex 40.703697204589844 144.0 24.702346801757812
endloop
endfacet
facet normal 0.9992949994628472 0.0 -0.03754336224352155
outer loop
vertex 40.703697204589844 144.0 24.702346801757812
vertex 40.713340759277344 154.0 24.959030151367188
vertex 40.713340759277344 144.0 24.959030151367188
endloop
endfacet
facet normal -0.0 -1.0 0.0
outer loop
vertex 35.99999237060547 142.0 16.094528198242188
vertex 49.73058319091797 142.0 41.91798400878906
vertex 35.43769073486328 142.0 26.495635986328125
endloop
endfacet
facet normal 0.8829473688129212 -1.6188113035900358e-06 -0.46947198415210983
outer loop
vertex 35.99999237060547 142.0 16.094528198242188
vertex 40.713340759277344 144.0 24.959030151367188
vertex 49.73058319091797 142.0 41.91798400878906
endloop
endfacet
facet normal -0.0 -0.9999999999999999 0.0
outer loop
vertex 35.43769073486328 142.0 26.495635986328125
vertex 49.73058319091797 142.0 41.91798400878906
vertex 35.572349548339844 142.0 30.082229614257812
endloop
endfacet
facet normal 0.0 -0.9999999999999999 0.0
outer loop
vertex 25.309669494628906 142.0 40.842010498046875
vertex 35.976341247558594 142.0 40.842010498046875
vertex 49.73058319091797 142.0 41.91798400878906
endloop
endfacet
facet normal -0.0 -1.0 0.0
outer loop
vertex 35.572349548339844 142.0 30.082229614257812
vertex 49.73058319091797 142.0 41.91798400878906
vertex 35.976341247558594 142.0 40.842010498046875
endloop
endfacet
facet normal 0.9992969367476443 1.6060368942174255e-06 -0.037491761817702036
outer loop
vertex 49.73058319091797 142.0 41.91798400878906
vertex 49.73448944091797 142.2258062362671 42.02210998535156
vertex 49.97296905517578 34.0 48.37385559082031
endloop
endfacet
facet normal 0.9992959111408066 0.0 -0.03751908817209026
outer loop
vertex 49.73448944091797 142.2258062362671 42.02210998535156
vertex 49.97296905517578 142.0 48.37385559082031
vertex 49.97296905517578 34.0 48.37385559082031
endloop
endfacet
facet normal 0.8829474479496295 0.0 -0.4694718353205401
outer loop
vertex 40.713340759277344 144.0 24.959030151367188
vertex 40.713340759277344 154.0 24.959030151367188
vertex 49.73058319091797 142.0 41.91798400878906
endloop
endfacet
facet normal 0.8829474479496294 0.0 -0.4694718353205401
outer loop
vertex 49.73058319091797 142.0 41.91798400878906
vertex 40.713340759277344 154.0 24.959030151367188
vertex 49.73058319091797 144.0 41.91798400878906
endloop
endfacet
facet normal 0.9992970672285522 0.0 -0.0374882838819621
outer loop
vertex 49.73058319091797 142.0 41.91798400878906
vertex 49.73058319091797 144.0 41.91798400878906
vertex 49.73448944091797 142.2258062362671 42.02210998535156
endloop
endfacet
facet normal 0.999296041711847 -1.6060231563091803e-06 -0.037515610303645135
outer loop
vertex 49.73448944091797 142.2258062362671 42.02210998535156
vertex 49.73058319091797 144.0 41.91798400878906
vertex 49.97296905517578 156.0 48.37385559082031
endloop
endfacet
facet normal 0.9992959111408067 0.0 -0.03751908817209026
outer loop
vertex 49.73448944091797 142.2258062362671 42.02210998535156
vertex 49.97296905517578 156.0 48.37385559082031
vertex 49.97296905517578 142.0 48.37385559082031
endloop
endfacet
facet normal 0.0 0.9999999999999999 0.0
outer loop
vertex 26.72284698486328 12.0 53.93040466308594
vertex 47.621498107910156 12.0 46.37385559082031
vertex 39.64740753173828 12.0 46.37385559082031
endloop
endfacet
facet normal 0.0 -1.0 0.0
outer loop
vertex 26.72284698486328 0.0 53.93040466308594
vertex 45.730445861816406 0.0 42.81730651855469
vertex 37.020774841308594 0.0 73.29800415039062
endloop
endfacet
facet normal -0.0 0.9999999999999999 0.0
outer loop
vertex 26.72284698486328 12.0 53.93040466308594
vertex 37.020774841308594 12.0 73.29800415039062
vertex 47.621498107910156 12.0 46.37385559082031
endloop
endfacet
facet normal 0.0 0.0 1.0
outer loop
vertex 13.972969055175781 34.0 48.37385559082031
vertex 49.97296905517578 34.0 48.37385559082031
vertex 49.97296905517578 142.0 48.37385559082031
endloop
endfacet
facet normal 0.0 -1.0 0.0
outer loop
vertex 45.730445861816406 0.0 42.81730651855469
vertex 56.02837371826172 0.0 62.184906005859375
vertex 37.020774841308594 0.0 73.29800415039062
endloop
endfacet
facet normal 0.882948568137287 -3.2484906101233648e-06 -0.46946972853823277
outer loop
vertex 45.730445861816406 0.0 42.81730651855469
vertex 47.621498107910156 3.0 46.37385559082031
vertex 56.02837371826172 12.0 62.184906005859375
endloop
endfacet
facet normal 0.8829478016515945 0.0 -0.46947117010378464
outer loop
vertex 47.621498107910156 3.0 46.37385559082031
vertex 47.621498107910156 12.0 46.37385559082031
vertex 56.02837371826172 12.0 62.184906005859375
endloop
endfacet
facet normal -0.0 1.0 -0.0
outer loop
vertex 47.621498107910156 12.0 46.37385559082031
vertex 37.020774841308594 12.0 73.29800415039062
vertex 56.02837371826172 12.0 62.184906005859375
endloop
endfacet
facet normal -0.8829475295747184 0.0 0.46947168180615717
outer loop
vertex 37.020774841308594 0.0 73.29800415039062
vertex 43.785606384277344 3.0 86.02079772949219
vertex 37.020774841308594 12.0 73.29800415039062
endloop
endfacet
facet normal -0.8829474106785781 -1.216416203304145e-06 0.469471905415558
outer loop
vertex 37.020774841308594 0.0 73.29800415039062
vertex 44.807823181152344 0.0 87.94329833984375
vertex 43.785606384277344 3.0 86.02079772949219
endloop
endfacet
facet normal -0.8829475295747183 0.0 0.46947168180615717
outer loop
vertex 37.020774841308594 12.0 73.29800415039062
vertex 43.785606384277344 3.0 86.02079772949219
vertex 43.785606384277344 12.0 86.02079772949219
endloop
endfacet
facet normal 0.0 -1.0 0.0
outer loop
vertex 37.020774841308594 0.0 73.29800415039062
vertex 56.02837371826172 0.0 62.184906005859375
vertex 44.807823181152344 0.0 87.94329833984375
endloop
endfacet
facet normal -0.0 1.0 0.0
outer loop
vertex 37.020774841308594 12.0 73.29800415039062
vertex 43.785606384277344 12.0 86.02079772949219
vertex 64.23265838623047 12.0 77.61491394042969
endloop
endfacet
facet normal 0.0 -1.0 0.0
outer loop
vertex 43.43413543701172 3.0 86.02079772949219
vertex 43.785606384277344 3.0 86.02079772949219
vertex 43.43413543701172 3.0 88.67369079589844
endloop
endfacet
facet normal 0.0 -1.0 0.0
outer loop
vertex 43.785606384277344 3.0 86.02079772949219
vertex 44.807823181152344 3.0 87.94329833984375
vertex 43.43413543701172 3.0 88.67369079589844
endloop
endfacet
facet normal 0.0 0.0 -1.0
outer loop
vertex 43.43413543701172 3.0 86.02079772949219
vertex 43.43413543701172 37.0 86.02079772949219
vertex 43.785606384277344 3.0 86.02079772949219
endloop
endfacet
facet normal 0.0 0.0 -1.0
outer loop
vertex 43.785606384277344 3.0 86.02079772949219
vertex 43.43413543701172 37.0 86.02079772949219
vertex 43.785606384277344 12.0 86.02079772949219
endloop
endfacet
facet normal -1.0 0.0 0.0
outer loop
vertex 43.43413543701172 3.0 86.02079772949219
vertex 43.43413543701172 3.0 88.67369079589844
vertex 43.43413543701172 37.0 88.67369079589844
endloop
endfacet
facet normal -0.8829466238477867 0.0 0.4694733852262501
outer loop
vertex 43.785606384277344 3.0 86.02079772949219
vertex 44.807823181152344 0.0 87.94329833984375
vertex 44.807823181152344 2.1320343017578125 87.94329833984375
endloop
endfacet
facet normal -0.8829466238477867 0.0 0.46947338522625004
outer loop
vertex 43.785606384277344 3.0 86.02079772949219
vertex 44.807823181152344 2.1320343017578125 87.94329833984375
vertex 44.807823181152344 3.0 87.94329833984375
endloop
endfacet
facet normal 0.4694717610192876 0.0 0.8829474874563317
outer loop
vertex 44.807823181152344 0.0 87.94329833984375
vertex 48.33960723876953 2.5 86.06541442871094
vertex 44.807823181152344 2.1320343017578125 87.94329833984375
endloop
endfacet
facet normal 0.4694664147181824 2.9470534824609292e-06 0.8829503301109133
outer loop
vertex 43.43413543701172 3.0 88.67369079589844
vertex 44.807823181152344 3.0 87.94329833984375
vertex 48.42351531982422 12.0 86.02079772949219
endloop
endfacet
facet normal 0.4694721335791669 0.0 0.882947289362522
outer loop
vertex 44.807823181152344 2.1320343017578125 87.94329833984375
vertex 48.42351531982422 12.0 86.02079772949219
vertex 44.807823181152344 3.0 87.94329833984375
endloop
endfacet
facet normal 0.46947055905543444 0.0 0.8829481265511456
outer loop
vertex 43.43413543701172 3.0 88.67369079589844
vertex 48.42351531982422 12.0 86.02079772949219
vertex 43.43413543701172 37.0 88.67369079589844
endloop
endfacet
facet normal -1.0 0.0 0.0
outer loop
vertex 43.43413543701172 3.0 86.02079772949219
vertex 43.43413543701172 37.0 88.67369079589844
vertex 43.43413543701172 37.0 86.02079772949219
endloop
endfacet
facet normal 0.0 0.0 -1.0
outer loop
vertex 43.785606384277344 12.0 86.02079772949219
vertex 43.43413543701172 37.0 86.02079772949219
vertex 48.42351531982422 12.0 86.02079772949219
endloop
endfacet
facet normal -0.0 1.0 0.0
outer loop
vertex 43.43413543701172 37.0 86.02079772949219
vertex 43.43413543701172 37.0 88.67369079589844
vertex 48.42351531982422 37.0 86.02079772949219
endloop
endfacet
facet normal 0.46947176101928756 -0.0 0.8829474874563317
outer loop
vertex 44.807823181152344 2.1320343017578125 87.94329833984375
vertex 48.33960723876953 2.5 86.06541442871094
vertex 48.33960723876953 3.92620849609375 86.06541442871094
endloop
endfacet
facet normal 0.46947176101928756 -0.0 0.8829474874563316
outer loop
vertex 44.807823181152344 2.1320343017578125 87.94329833984375
vertex 48.33960723876953 3.92620849609375 86.06541442871094
vertex 48.33960723876953 9.5 86.06541442871094
endloop
endfacet
facet normal 0.4694705522938406 7.431975289968512e-07 0.8829481301460261
outer loop
vertex 44.807823181152344 2.1320343017578125 87.94329833984375
vertex 48.33960723876953 9.5 86.06541442871094
vertex 48.42351531982422 12.0 86.02079772949219
endloop
endfacet
facet normal -0.8829473393580661 0.0 0.4694720395513581
outer loop
vertex 48.33960723876953 2.5 86.06541442871094
vertex 53.034324645996094 2.5 94.89488220214844
vertex 48.33960723876953 3.92620849609375 86.06541442871094
endloop
endfacet
facet normal -0.8829473393580661 0.0 0.46947203955135813
outer loop
vertex 48.33960723876953 3.92620849609375 86.06541442871094
vertex 53.034324645996094 9.5 94.89488220214844
vertex 48.33960723876953 9.5 86.06541442871094
endloop
endfacet
facet normal 0.0 0.0 -1.0
outer loop
vertex 43.43413543701172 37.0 86.02079772949219
vertex 48.42351531982422 37.0 86.02079772949219
vertex 48.42351531982422 12.0 86.02079772949219
endloop
endfacet
facet normal 0.46947055905543444 -0.0 0.8829481265511456
outer loop
vertex 43.43413543701172 37.0 88.67369079589844
vertex 48.42351531982422 12.0 86.02079772949219
vertex 48.42351531982422 37.0 86.02079772949219
endloop
endfacet
facet normal 0.0 -0.0 1.0
outer loop
vertex 13.972969055175781 34.0 48.37385559082031
vertex 49.97296905517578 142.0 48.37385559082031
vertex 49.39232635498047 142.2258062362671 48.37385559082031
endloop
endfacet
facet normal 0.0 -1.0 0.0
outer loop
vertex 30.91240692138672 144.0 48.37385559082031
vertex 39.972984313964844 144.0 48.37385559082031
vertex 33.061119079589844 144.0 52.41499328613281
endloop
endfacet
facet normal -0.8829477980028246 0.0 0.4694711769661297
outer loop
vertex 33.061119079589844 144.0 52.41499328613281
vertex 41.21033477783203 144.0 67.741455078125
vertex 33.061119079589844 154.0 52.41499328613281
endloop
endfacet
facet normal 0.0 -1.0 0.0
outer loop
vertex 33.061119079589844 144.0 52.41499328613281
vertex 39.972984313964844 144.0 48.37385559082031
vertex 41.21033477783203 144.0 67.741455078125
endloop
endfacet
facet normal -0.0 -0.0 1.0
outer loop
vertex 30.91240692138672 144.0 48.37385559082031
vertex 49.39232635498047 142.2258062362671 48.37385559082031
vertex 39.972984313964844 144.0 48.37385559082031
endloop
endfacet
facet normal -0.0 -0.0 1.0
outer loop
vertex 39.972984313964844 144.0 48.37385559082031
vertex 49.39232635498047 142.2258062362671 48.37385559082031
vertex 49.033531188964844 144.0 48.37385559082031
endloop
endfacet
facet normal 0.0 -1.0 0.0
outer loop
vertex 39.972984313964844 144.0 48.37385559082031
vertex 49.033531188964844 144.0 48.37385559082031
vertex 50.270912170410156 144.0 67.741455078125
endloop
endfacet
facet normal -0.0 0.0 1.0
outer loop
vertex 49.033531188964844 144.0 48.37385559082031
vertex 49.39232635498047 142.2258062362671 48.37385559082031
vertex 49.97296905517578 156.0 48.37385559082031
endloop
endfacet
facet normal -0.0 0.0 1.0
outer loop
vertex 49.39232635498047 142.2258062362671 48.37385559082031
vertex 49.97296905517578 142.0 48.37385559082031
vertex 49.97296905517578 156.0 48.37385559082031
endloop
endfacet
facet normal 0.0 -0.9999999999999999 0.0
outer loop
vertex 39.972984313964844 144.0 48.37385559082031
vertex 50.270912170410156 144.0 67.741455078125
vertex 41.21033477783203 144.0 67.741455078125
endloop
endfacet
facet normal 0.0 0.0 -1.0
outer loop
vertex 27.461158752441406 142.0 67.741455078125
vertex 41.21033477783203 144.0 67.741455078125
vertex 63.461158752441406 142.0 67.741455078125
endloop
endfacet
facet normal -0.0 -1.0 0.0
outer loop
vertex 27.461158752441406 142.0 67.741455078125
vertex 52.366844177246094 142.0 81.72917175292969
vertex 27.70354461669922 142.0 74.19732666015625
endloop
endfacet
facet normal 0.0 -1.0 0.0
outer loop
vertex 27.70354461669922 142.0 74.19732666015625
vertex 52.366844177246094 142.0 81.72917175292969
vertex 37.171348571777344 142.0 92.00367736816406
endloop
endfacet
facet normal -0.8829476064215585 0.0 0.46947153727828994
outer loop
vertex 27.70354461669922 142.0 74.19732666015625
vertex 37.171348571777344 142.0 92.00367736816406
vertex 37.171348571777344 156.0 92.00367736816406
endloop
endfacet
facet normal 0.0 -1.0 0.0
outer loop
vertex 27.461158752441406 142.0 67.741455078125
vertex 63.461158752441406 142.0 67.741455078125
vertex 52.366844177246094 142.0 81.72917175292969
endloop
endfacet
facet normal 0.0 -1.0 0.0
outer loop
vertex 37.171348571777344 142.0 92.00367736816406
vertex 52.366844177246094 142.0 81.72917175292969
vertex 52.44763946533203 142.0 83.88113403320312
endloop
endfacet
facet normal 0.46947135488349584 -0.0 0.8829477034025597
outer loop
vertex 37.171348571777344 142.0 92.00367736816406
vertex 52.44763946533203 142.0 83.88113403320312
vertex 52.44763946533203 156.0 83.88113403320312
endloop
endfacet
facet normal 0.8829477338263105 0.0 -0.46947129766470586
outer loop
vertex 45.730445861816406 0.0 42.81730651855469
vertex 56.02837371826172 12.0 62.184906005859375
vertex 56.02837371826172 0.0 62.184906005859375
endloop
endfacet
facet normal -0.0 1.0 0.0
outer loop
vertex 37.020774841308594 12.0 73.29800415039062
vertex 64.23265838623047 12.0 77.61491394042969
vertex 56.02837371826172 12.0 62.184906005859375
endloop
endfacet
facet normal 0.8829474999113637 0.0 -0.4694717375947912
outer loop
vertex 56.02837371826172 0.0 62.184906005859375
vertex 56.02837371826172 12.0 62.184906005859375
vertex 64.23265838623047 0.0 77.61491394042969
endloop
endfacet
facet normal 0.0 -1.0 0.0
outer loop
vertex 44.807823181152344 0.0 87.94329833984375
vertex 56.02837371826172 0.0 62.184906005859375
vertex 64.23265838623047 0.0 77.61491394042969
endloop
endfacet
facet normal 0.46947214083548217 -6.882687289182031e-07 0.8829472855039963
outer loop
vertex 44.807823181152344 0.0 87.94329833984375
vertex 64.23265838623047 0.0 77.61491394042969
vertex 48.33960723876953 2.5 86.06541442871094
endloop
endfacet
facet normal -0.0 1.0 0.0
outer loop
vertex 43.785606384277344 12.0 86.02079772949219
vertex 48.42351531982422 12.0 86.02079772949219
vertex 64.23265838623047 12.0 77.61491394042969
endloop
endfacet
facet normal 0.4694723578728595 6.654628799394799e-07 0.8829471701029767
outer loop
vertex 48.33960723876953 9.5 86.06541442871094
vertex 60.70087432861328 9.5 79.4927978515625
vertex 48.42351531982422 12.0 86.02079772949219
endloop
endfacet
facet normal 0.0 -1.0 0.0
outer loop
vertex 48.33960723876953 2.5 86.06541442871094
vertex 58.362571716308594 2.5 81.86866760253906
vertex 57.30303192138672 2.5 82.43203735351562
endloop
endfacet
facet normal 0.0 0.9999999999999999 0.0
outer loop
vertex 48.33960723876953 9.5 86.06541442871094
vertex 51.616859436035156 9.5 85.45542907714844
vertex 60.70087432861328 9.5 79.4927978515625
endloop
endfacet
facet normal 0.0 1.0 0.0
outer loop
vertex 51.616859436035156 9.5 85.45542907714844
vertex 52.67639923095703 9.5 84.89207458496094
vertex 60.70087432861328 9.5 79.4927978515625
endloop
endfacet
facet normal 0.0 -1.0 0.0
outer loop
vertex 48.33960723876953 2.5 86.06541442871094
vertex 60.70087432861328 2.5 79.4927978515625
vertex 58.362571716308594 2.5 81.86866760253906
endloop
endfacet
facet normal 0.0 1.0 0.0
outer loop
vertex 57.30303192138672 9.5 82.43203735351562
vertex 60.70087432861328 9.5 79.4927978515625
vertex 52.67639923095703 9.5 84.89207458496094
endloop
endfacet
facet normal 0.46947235787268893 1.0815642758526617e-06 0.8829471701026558
outer loop
vertex 48.33960723876953 2.5 86.06541442871094
vertex 64.23265838623047 0.0 77.61491394042969
vertex 60.70087432861328 2.5 79.4927978515625
endloop
endfacet
facet normal -0.08092903320616347 -0.9850300588978754 -0.15220471297553095
outer loop
vertex 57.30303192138672 2.5 82.43203735351562
vertex 58.362571716308594 2.5 81.86866760253906
vertex 58.241981506347656 2.149993896484375 84.19793701171875
endloop
endfacet
facet normal -0.08092903320616347 -0.9850300588978754 -0.15220471297553095
outer loop
vertex 58.362571716308594 2.5 81.86866760253906
vertex 59.30152130126953 2.149993896484375 83.63456726074219
vertex 58.241981506347656 2.149993896484375 84.19793701171875
endloop
endfacet
facet normal 0.46947214249509067 -6.912761233765712e-07 0.882947284621563
outer loop
vertex 48.42351531982422 12.0 86.02079772949219
vertex 60.70087432861328 9.5 79.4927978515625
vertex 64.23265838623047 12.0 77.61491394042969
endloop
endfacet
facet normal -0.08092903320616347 0.9850300588978754 -0.15220471297553095
outer loop
vertex 57.30303192138672 9.5 82.43203735351562
vertex 58.241981506347656 9.850006103515625 84.19793701171875
vertex 58.362571716308594 9.5 81.86866760253906
endloop
endfacet
facet normal 0.0 0.9999999999999999 0.0
outer loop
vertex 57.30303192138672 9.5 82.43203735351562
vertex 58.362571716308594 9.5 81.86866760253906
vertex 60.70087432861328 9.5 79.4927978515625
endloop
endfacet
facet normal -0.08092903320616347 0.9850300588978754 -0.15220471297553095
outer loop
vertex 58.362571716308594 9.5 81.86866760253906
vertex 58.241981506347656 9.850006103515625 84.19793701171875
vertex 59.30152130126953 9.850006103515625 83.63456726074219
endloop
endfacet
facet normal 0.0 -1.0 0.0
outer loop
vertex 48.33960723876953 2.5 86.06541442871094
vertex 52.67639923095703 2.5 84.89207458496094
vertex 51.616859436035156 2.5 85.45542907714844
endloop
endfacet
facet normal 0.0 -1.0 0.0
outer loop
vertex 48.33960723876953 2.5 86.06541442871094
vertex 57.30303192138672 2.5 82.43203735351562
vertex 52.67639923095703 2.5 84.89207458496094
endloop
endfacet
facet normal -0.080927605607276 -0.9850299540555323 -0.1522061505459922
outer loop
vertex 51.616859436035156 2.5 85.45542907714844
vertex 52.67639923095703 2.5 84.89207458496094
vertex 52.55579376220703 2.149993896484375 87.22132873535156
endloop
endfacet
facet normal 0.0 -1.0 0.0
outer loop
vertex 48.33960723876953 2.5 86.06541442871094
vertex 51.616859436035156 2.5 85.45542907714844
vertex 55.84210968017578 2.5 93.40196228027344
endloop
endfacet
facet normal -0.080927605607276 0.9850299540555323 -0.1522061505459922
outer loop
vertex 51.616859436035156 9.5 85.45542907714844
vertex 52.55579376220703 9.850006103515625 87.22132873535156
vertex 52.67639923095703 9.5 84.89207458496094
endloop
endfacet
facet normal -0.0 1.0 0.0
outer loop
vertex 48.33960723876953 9.5 86.06541442871094
vertex 53.034324645996094 9.5 94.89488220214844
vertex 51.616859436035156 9.5 85.45542907714844
endloop
endfacet
facet normal -0.08092984343502825 -0.9850297568725958 -0.1522062367877764
outer loop
vertex 52.67639923095703 2.5 84.89207458496094
vertex 53.615333557128906 2.149993896484375 86.657958984375
vertex 52.55579376220703 2.149993896484375 87.22132873535156
endloop
endfacet
facet normal -0.8829474270618106 3.021007503142015e-05 0.4694718736327877
outer loop
vertex 51.616859436035156 2.5 85.45542907714844
vertex 52.55579376220703 2.149993896484375 87.22132873535156
vertex 55.84210968017578 2.5 93.40196228027344
endloop
endfacet
facet normal 0.0 -1.0 0.0
outer loop
vertex 52.55579376220703 2.149993896484375 87.22132873535156
vertex 53.615333557128906 2.149993896484375 86.657958984375
vertex 55.37262725830078 2.149993896484375 92.51901245117188
endloop
endfacet
facet normal 0.882947053696713 -1.4291275221428922e-05 -0.4694725765836097
outer loop
vertex 52.67639923095703 2.5 84.89207458496094
vertex 56.901649475097656 2.5 92.83859252929688
vertex 53.615333557128906 2.149993896484375 86.657958984375
endloop
endfacet
facet normal -0.08092984343502825 0.9850297568725958 -0.1522062367877764
outer loop
vertex 52.67639923095703 9.5 84.89207458496094
vertex 52.55579376220703 9.850006103515625 87.22132873535156
vertex 53.615333557128906 9.850006103515625 86.657958984375
endloop
endfacet
facet normal -0.8829474270618106 -3.021007503142015e-05 0.4694718736327877
outer loop
vertex 51.616859436035156 9.5 85.45542907714844
vertex 55.84210968017578 9.5 93.40196228027344
vertex 52.55579376220703 9.850006103515625 87.22132873535156
endloop
endfacet
facet normal -0.0 1.0 0.0
outer loop
vertex 52.55579376220703 9.850006103515625 87.22132873535156
vertex 55.37262725830078 9.850006103515625 92.51901245117188
vertex 53.615333557128906 9.850006103515625 86.657958984375
endloop
endfacet
facet normal 0.882947053696713 1.4291275221428922e-05 -0.4694725765836097
outer loop
vertex 52.67639923095703 9.5 84.89207458496094
vertex 53.615333557128906 9.850006103515625 86.657958984375
vertex 56.901649475097656 9.5 92.83859252929688
endloop
endfacet
facet normal -0.8829473393580662 0.0 0.4694720395513582
outer loop
vertex 48.33960723876953 3.92620849609375 86.06541442871094
vertex 53.034324645996094 2.5 94.89488220214844
vertex 53.034324645996094 9.5 94.89488220214844
endloop
endfacet
facet normal 0.0 -1.0 0.0
outer loop
vertex 48.33960723876953 2.5 86.06541442871094
vertex 55.84210968017578 2.5 93.40196228027344
vertex 53.034324645996094 2.5 94.89488220214844
endloop
endfacet
facet normal -0.8829472406100716 6.008588592139482e-06 0.4694722252305852
outer loop
vertex 52.55579376220703 2.149993896484375 87.22132873535156
vertex 55.37262725830078 2.149993896484375 92.51901245117188
vertex 56.31157684326172 2.5 94.284912109375
endloop
endfacet
facet normal -0.8829499013235117 0.0001359454575576383 0.46946720148657195
outer loop
vertex 52.55579376220703 2.149993896484375 87.22132873535156
vertex 56.31157684326172 2.5 94.284912109375
vertex 55.84210968017578 2.5 93.40196228027344
endloop
endfacet
facet normal -0.6454375217791256 0.0 0.7638130697229661
outer loop
vertex 53.034324645996094 2.5 94.89488220214844
vertex 54.67963409423828 8.699996948242188 96.28520202636719
vertex 53.034324645996094 9.5 94.89488220214844
endloop
endfacet
facet normal 0.17435886316309454 -0.9284749563761506 0.3279226162050714
outer loop
vertex 53.034324645996094 2.5 94.89488220214844
vertex 55.84210968017578 2.5 93.40196228027344
vertex 55.95948028564453 2.600006103515625 93.62271118164062
endloop
endfacet
facet normal -0.6454375217791256 0.0 0.763813069722966
outer loop
vertex 53.034324645996094 2.5 94.89488220214844
vertex 54.67963409423828 3.3000030517578125 96.28520202636719
vertex 54.67963409423828 8.699996948242188 96.28520202636719
endloop
endfacet
facet normal 0.17435733987003874 0.9284765229741122 0.32791899048293455
outer loop
vertex 54.67963409423828 8.699996948242188 96.28520202636719
vertex 55.95948028564453 9.399993896484375 93.62271118164062
vertex 53.034324645996094 9.5 94.89488220214844
endloop
endfacet
facet normal -0.0 1.0 0.0
outer loop
vertex 51.616859436035156 9.5 85.45542907714844
vertex 53.034324645996094 9.5 94.89488220214844
vertex 55.84210968017578 9.5 93.40196228027344
endloop
endfacet
facet normal -0.8829472406100716 -6.008588592139482e-06 0.4694722252305852
outer loop
vertex 52.55579376220703 9.850006103515625 87.22132873535156
vertex 56.31157684326172 9.5 94.284912109375
vertex 55.37262725830078 9.850006103515625 92.51901245117188
endloop
endfacet
facet normal -0.8829499013235117 -0.0001359454575576383 0.46946720148657195
outer loop
vertex 52.55579376220703 9.850006103515625 87.22132873535156
vertex 55.84210968017578 9.5 93.40196228027344
vertex 56.31157684326172 9.5 94.284912109375
endloop
endfacet
facet normal 0.17435886316309454 0.9284749563761506 0.3279226162050714
outer loop
vertex 53.034324645996094 9.5 94.89488220214844
vertex 55.95948028564453 9.399993896484375 93.62271118164062
vertex 55.84210968017578 9.5 93.40196228027344
endloop
endfacet
facet normal 0.0 -1.0 0.0
outer loop
vertex 52.67639923095703 2.5 84.89207458496094
vertex 61.528282165527344 2.5 90.37857055664062
vertex 56.901649475097656 2.5 92.83859252929688
endloop
endfacet
facet normal 0.0 1.0 -0.0
outer loop
vertex 57.30303192138672 9.5 82.43203735351562
vertex 52.67639923095703 9.5 84.89207458496094
vertex 56.901649475097656 9.5 92.83859252929688
endloop
endfacet
facet normal -0.0 -1.0 0.0
outer loop
vertex 57.30303192138672 2.5 82.43203735351562
vertex 61.528282165527344 2.5 90.37857055664062
vertex 52.67639923095703 2.5 84.89207458496094
endloop
endfacet
facet normal -0.8829474274344342 -8.282706690699916e-06 0.4694718738309154
outer loop
vertex 57.30303192138672 2.5 82.43203735351562
vertex 58.241981506347656 2.149993896484375 84.19793701171875
vertex 61.528282165527344 2.5 90.37857055664062
endloop
endfacet
facet normal -0.8829474274344342 8.282706690699916e-06 0.4694718738309154
outer loop
vertex 57.30303192138672 9.5 82.43203735351562
vertex 61.528282165527344 9.5 90.37857055664062
vertex 58.241981506347656 9.850006103515625 84.19793701171875
endloop
endfacet
facet normal -0.0 1.0 -0.0
outer loop
vertex 57.30303192138672 9.5 82.43203735351562
vertex 56.901649475097656 9.5 92.83859252929688
vertex 61.528282165527344 9.5 90.37857055664062
endloop
endfacet
facet normal 0.0 -1.0 0.0
outer loop
vertex 53.615333557128906 2.149993896484375 86.657958984375
vertex 56.432167053222656 2.149993896484375 91.95564270019531
vertex 55.37262725830078 2.149993896484375 92.51901245117188
endloop
endfacet
facet normal 0.8829472406100716 -6.008588592139482e-06 -0.4694722252305852
outer loop
vertex 53.615333557128906 2.149993896484375 86.657958984375
vertex 57.371116638183594 2.5 93.72154235839844
vertex 56.432167053222656 2.149993896484375 91.95564270019531
endloop
endfacet
facet normal 0.8829499013235117 -0.0001359454575576383 -0.46946720148657195
outer loop
vertex 53.615333557128906 2.149993896484375 86.657958984375
vertex 56.901649475097656 2.5 92.83859252929688
vertex 57.371116638183594 2.5 93.72154235839844
endloop
endfacet
facet normal 0.08092903320616347 -0.9850300588978754 0.15220471297553095
outer loop
vertex 55.37262725830078 2.149993896484375 92.51901245117188
vertex 56.432167053222656 2.149993896484375 91.95564270019531
vertex 56.31157684326172 2.5 94.284912109375
endloop
endfacet
facet normal 0.8829499093051313 2.004316859498551e-05 -0.46946720573042383
outer loop
vertex 56.901649475097656 2.5 92.83859252929688
vertex 57.019020080566406 2.600006103515625 93.05934143066406
vertex 57.371116638183594 2.5 93.72154235839844
endloop
endfacet
facet normal -0.8829499093051313 -2.004316859498551e-05 0.46946720573042383
outer loop
vertex 55.84210968017578 2.5 93.40196228027344
vertex 56.31157684326172 2.5 94.284912109375
vertex 55.95948028564453 2.600006103515625 93.62271118164062
endloop
endfacet
facet normal 0.1743586536434448 0.9284760931324727 0.32791950899741396
outer loop
vertex 54.67963409423828 8.699996948242188 96.28520202636719
vertex 57.019020080566406 9.399993896484375 93.05934143066406
vertex 55.95948028564453 9.399993896484375 93.62271118164062
endloop
endfacet
facet normal 0.0 0.9999999999999999 -0.0
outer loop
vertex 57.019020080566406 2.600006103515625 93.05934143066406
vertex 55.95948028564453 2.600006103515625 93.62271118164062
vertex 56.31157684326172 2.600006103515625 94.284912109375
endloop
endfacet
facet normal -0.8829486547680262 0.0 0.46946956561989506
outer loop
vertex 55.95948028564453 2.600006103515625 93.62271118164062
vertex 56.31157684326172 2.5 94.284912109375
vertex 56.31157684326172 2.600006103515625 94.284912109375
endloop
endfacet
facet normal 0.08092903320616347 -0.9850300588978754 0.15220471297553095
outer loop
vertex 56.432167053222656 2.149993896484375 91.95564270019531
vertex 57.371116638183594 2.5 93.72154235839844
vertex 56.31157684326172 2.5 94.284912109375
endloop
endfacet
facet normal -0.0 0.9999999999999999 -0.0
outer loop
vertex 57.019020080566406 2.600006103515625 93.05934143066406
vertex 56.31157684326172 2.600006103515625 94.284912109375
vertex 57.371116638183594 2.600006103515625 93.72154235839844
endloop
endfacet
facet normal 0.46947315367342546 -0.0 0.8829467469671817
outer loop
vertex 56.31157684326172 2.5 94.284912109375
vertex 57.371116638183594 2.5 93.72154235839844
vertex 57.371116638183594 2.600006103515625 93.72154235839844
endloop
endfacet
facet normal 0.46947315367342546 0.0 0.8829467469671817
outer loop
vertex 56.31157684326172 2.5 94.284912109375
vertex 57.371116638183594 2.600006103515625 93.72154235839844
vertex 56.31157684326172 2.600006103515625 94.284912109375
endloop
endfacet
facet normal -0.0 1.0 0.0
outer loop
vertex 53.615333557128906 9.850006103515625 86.657958984375
vertex 55.37262725830078 9.850006103515625 92.51901245117188
vertex 56.432167053222656 9.850006103515625 91.95564270019531
endloop
endfacet
facet normal 0.8829472406100716 6.008588592139482e-06 -0.4694722252305852
outer loop
vertex 53.615333557128906 9.850006103515625 86.657958984375
vertex 56.432167053222656 9.850006103515625 91.95564270019531
vertex 57.371116638183594 9.5 93.72154235839844
endloop
endfacet
facet normal 0.8829499013235117 0.0001359454575576383 -0.46946720148657195
outer loop
vertex 53.615333557128906 9.850006103515625 86.657958984375
vertex 57.371116638183594 9.5 93.72154235839844
vertex 56.901649475097656 9.5 92.83859252929688
endloop
endfacet
facet normal 0.08092903320616347 0.9850300588978754 0.15220471297553095
outer loop
vertex 55.37262725830078 9.850006103515625 92.51901245117188
vertex 56.31157684326172 9.5 94.284912109375
vertex 56.432167053222656 9.850006103515625 91.95564270019531
endloop
endfacet
facet normal 0.8829499093051313 -2.004316859498551e-05 -0.46946720573042383
outer loop
vertex 56.901649475097656 9.5 92.83859252929688
vertex 57.371116638183594 9.5 93.72154235839844
vertex 57.019020080566406 9.399993896484375 93.05934143066406
endloop
endfacet
facet normal -0.8829499093051313 2.004316859498551e-05 0.46946720573042383
outer loop
vertex 55.84210968017578 9.5 93.40196228027344
vertex 55.95948028564453 9.399993896484375 93.62271118164062
vertex 56.31157684326172 9.5 94.284912109375
endloop
endfacet
facet normal 0.0 -0.9999999999999999 0.0
outer loop
vertex 55.95948028564453 9.399993896484375 93.62271118164062
vertex 57.371116638183594 9.399993896484375 93.72154235839844
vertex 56.31157684326172 9.399993896484375 94.284912109375
endloop
endfacet
facet normal -0.8829486547680262 0.0 0.46946956561989506
outer loop
vertex 55.95948028564453 9.399993896484375 93.62271118164062
vertex 56.31157684326172 9.399993896484375 94.284912109375
vertex 56.31157684326172 9.5 94.284912109375
endloop
endfacet
facet normal 0.08092903320616347 0.9850300588978754 0.15220471297553095
outer loop
vertex 56.432167053222656 9.850006103515625 91.95564270019531
vertex 56.31157684326172 9.5 94.284912109375
vertex 57.371116638183594 9.5 93.72154235839844
endloop
endfacet
facet normal -0.0 -0.9999999999999999 0.0
outer loop
vertex 57.019020080566406 9.399993896484375 93.05934143066406
vertex 57.371116638183594 9.399993896484375 93.72154235839844
vertex 55.95948028564453 9.399993896484375 93.62271118164062
endloop
endfacet
facet normal 0.46947315367342546 -0.0 0.8829467469671817
outer loop
vertex 56.31157684326172 9.5 94.284912109375
vertex 57.371116638183594 9.399993896484375 93.72154235839844
vertex 57.371116638183594 9.5 93.72154235839844
endloop
endfacet
facet normal 0.46947315367342546 0.0 0.8829467469671817
outer loop
vertex 56.31157684326172 9.399993896484375 94.284912109375
vertex 57.371116638183594 9.399993896484375 93.72154235839844
vertex 56.31157684326172 9.5 94.284912109375
endloop
endfacet
facet normal 0.174359271785948 -0.928474956374244 0.3279223989423712
outer loop
vertex 56.901649475097656 2.5 92.83859252929688
vertex 61.645652770996094 2.600006103515625 90.59931945800781
vertex 57.019020080566406 2.600006103515625 93.05934143066406
endloop
endfacet
facet normal 0.17435792371046024 -0.9284759225383412 0.327920380132058
outer loop
vertex 53.034324645996094 2.5 94.89488220214844
vertex 55.95948028564453 2.600006103515625 93.62271118164062
vertex 65.62818145751953 3.3000030517578125 90.46376037597656
endloop
endfacet
facet normal 0.8829486547680262 0.0 -0.46946956561989506
outer loop
vertex 57.019020080566406 2.600006103515625 93.05934143066406
vertex 57.371116638183594 2.600006103515625 93.72154235839844
vertex 57.371116638183594 2.5 93.72154235839844
endloop
endfacet
facet normal 0.17435743729743422 -0.9284765416110616 0.32791888591088186
outer loop
vertex 53.034324645996094 2.5 94.89488220214844
vertex 65.62818145751953 3.3000030517578125 90.46376037597656
vertex 54.67963409423828 3.3000030517578125 96.28520202636719
endloop
endfacet
facet normal 0.17435726618543856 0.928476665202545 0.32791862695294016
outer loop
vertex 54.67963409423828 8.699996948242188 96.28520202636719
vertex 61.645652770996094 9.399993896484375 90.59931945800781
vertex 57.019020080566406 9.399993896484375 93.05934143066406
endloop
endfacet
facet normal 0.4694712958583191 0.0 0.8829477347867826
outer loop
vertex 54.67963409423828 3.3000030517578125 96.28520202636719
vertex 65.62818145751953 3.3000030517578125 90.46376037597656
vertex 54.67963409423828 8.699996948242188 96.28520202636719
endloop
endfacet
facet normal 0.174359271785948 0.928474956374244 0.3279223989423712
outer loop
vertex 56.901649475097656 9.5 92.83859252929688
vertex 57.019020080566406 9.399993896484375 93.05934143066406
vertex 61.528282165527344 9.5 90.37857055664062
endloop
endfacet
facet normal 0.8829486547680262 0.0 -0.46946956561989506
outer loop
vertex 57.019020080566406 9.399993896484375 93.05934143066406
vertex 57.371116638183594 9.5 93.72154235839844
vertex 57.371116638183594 9.399993896484375 93.72154235839844
endloop
endfacet
facet normal 0.8829474999113637 0.0 -0.4694717375947912
outer loop
vertex 56.02837371826172 12.0 62.184906005859375
vertex 64.23265838623047 12.0 77.61491394042969
vertex 64.23265838623047 0.0 77.61491394042969
endloop
endfacet
facet normal 0.46947176101928756 0.0 0.8829474874563316
outer loop
vertex 60.70087432861328 2.5 79.4927978515625
vertex 64.23265838623047 12.0 77.61491394042969
vertex 60.70087432861328 9.5 79.4927978515625
endloop
endfacet
facet normal 0.46947176101928756 -0.0 0.8829474874563317
outer loop
vertex 60.70087432861328 2.5 79.4927978515625
vertex 64.23265838623047 0.0 77.61491394042969
vertex 64.23265838623047 12.0 77.61491394042969
endloop
endfacet
facet normal 0.0 -1.0 0.0
outer loop
vertex 58.362571716308594 2.5 81.86866760253906
vertex 60.70087432861328 2.5 79.4927978515625
vertex 65.39559173583984 2.5 88.32228088378906
endloop
endfacet
facet normal 0.8829476756674087 0.0 -0.46947140704575424
outer loop
vertex 60.70087432861328 2.5 79.4927978515625
vertex 60.70087432861328 9.5 79.4927978515625
vertex 65.39559173583984 9.5 88.32228088378906
endloop
endfacet
facet normal -0.0 1.0 0.0
outer loop
vertex 58.362571716308594 9.5 81.86866760253906
vertex 65.39559173583984 9.5 88.32228088378906
vertex 60.70087432861328 9.5 79.4927978515625
endloop
endfacet
facet normal 0.8829474274344342 8.282706690699916e-06 -0.4694718738309154
outer loop
vertex 58.362571716308594 2.5 81.86866760253906
vertex 62.58782196044922 2.5 89.81520080566406
vertex 59.30152130126953 2.149993896484375 83.63456726074219
endloop
endfacet
facet normal 0.0 -1.0 0.0
outer loop
vertex 58.241981506347656 2.149993896484375 84.19793701171875
vertex 59.30152130126953 2.149993896484375 83.63456726074219
vertex 61.058815002441406 2.149993896484375 89.49562072753906
endloop
endfacet
facet normal 0.0 -1.0 0.0
outer loop
vertex 59.30152130126953 2.149993896484375 83.63456726074219
vertex 62.11835479736328 2.149993896484375 88.9322509765625
vertex 61.058815002441406 2.149993896484375 89.49562072753906
endloop
endfacet
facet normal -0.8829472401601574 -3.2484184981423485e-05 0.46947222499136115
outer loop
vertex 58.241981506347656 2.149993896484375 84.19793701171875
vertex 61.058815002441406 2.149993896484375 89.49562072753906
vertex 61.99774932861328 2.5 91.26152038574219
endloop
endfacet
facet normal -0.8829499052897953 9.745256840941006e-05 0.46946720359545724
outer loop
vertex 58.241981506347656 2.149993896484375 84.19793701171875
vertex 61.99774932861328 2.5 91.26152038574219
vertex 61.528282165527344 2.5 90.37857055664062
endloop
endfacet
facet normal 0.8829474274344342 -8.282706690699916e-06 -0.4694718738309154
outer loop
vertex 58.362571716308594 9.5 81.86866760253906
vertex 59.30152130126953 9.850006103515625 83.63456726074219
vertex 62.58782196044922 9.5 89.81520080566406
endloop
endfacet
facet normal -0.0 1.0 0.0
outer loop
vertex 58.241981506347656 9.850006103515625 84.19793701171875
vertex 61.058815002441406 9.850006103515625 89.49562072753906
vertex 59.30152130126953 9.850006103515625 83.63456726074219
endloop
endfacet
facet normal -0.0 1.0 0.0
outer loop
vertex 59.30152130126953 9.850006103515625 83.63456726074219
vertex 61.058815002441406 9.850006103515625 89.49562072753906
vertex 62.11835479736328 9.850006103515625 88.9322509765625
endloop
endfacet
facet normal -0.8829472401601574 3.2484184981423485e-05 0.46947222499136115
outer loop
vertex 58.241981506347656 9.850006103515625 84.19793701171875
vertex 61.99774932861328 9.5 91.26152038574219
vertex 61.058815002441406 9.850006103515625 89.49562072753906
endloop
endfacet
facet normal -0.8829499052897953 -9.745256840941006e-05 0.46946720359545724
outer loop
vertex 58.241981506347656 9.850006103515625 84.19793701171875
vertex 61.528282165527344 9.5 90.37857055664062
vertex 61.99774932861328 9.5 91.26152038574219
endloop
endfacet
facet normal 0.0 -1.0 0.0
outer loop
vertex 58.362571716308594 2.5 81.86866760253906
vertex 65.39559173583984 2.5 88.32228088378906
vertex 62.58782196044922 2.5 89.81520080566406
endloop
endfacet
facet normal 0.8829472401601574 3.2484184981423485e-05 -0.46947222499136115
outer loop
vertex 59.30152130126953 2.149993896484375 83.63456726074219
vertex 63.057289123535156 2.5 90.69815063476562
vertex 62.11835479736328 2.149993896484375 88.9322509765625
endloop
endfacet
facet normal 0.8829499052897953 -9.745256840941006e-05 -0.46946720359545724
outer loop
vertex 59.30152130126953 2.149993896484375 83.63456726074219
vertex 62.58782196044922 2.5 89.81520080566406
vertex 63.057289123535156 2.5 90.69815063476562
endloop
endfacet
facet normal 0.08092931446367232 -0.9850299540551632 0.15220524194167218
outer loop
vertex 61.058815002441406 2.149993896484375 89.49562072753906
vertex 62.11835479736328 2.149993896484375 88.9322509765625
vertex 61.99774932861328 2.5 91.26152038574219
endloop
endfacet
facet normal 0.8829499093051313 2.004316859498551e-05 -0.46946720573042383
outer loop
vertex 62.58782196044922 2.5 89.81520080566406
vertex 62.70519256591797 2.600006103515625 90.03594970703125
vertex 63.057289123535156 2.5 90.69815063476562
endloop
endfacet
facet normal -0.0 1.0 0.0
outer loop
vertex 58.362571716308594 9.5 81.86866760253906
vertex 62.58782196044922 9.5 89.81520080566406
vertex 65.39559173583984 9.5 88.32228088378906
endloop
endfacet
facet normal 0.8829472401601574 -3.2484184981423485e-05 -0.46947222499136115
outer loop
vertex 59.30152130126953 9.850006103515625 83.63456726074219
vertex 62.11835479736328 9.850006103515625 88.9322509765625
vertex 63.057289123535156 9.5 90.69815063476562
endloop
endfacet
facet normal 0.8829499052897953 9.745256840941006e-05 -0.46946720359545724
outer loop
vertex 59.30152130126953 9.850006103515625 83.63456726074219
vertex 63.057289123535156 9.5 90.69815063476562
vertex 62.58782196044922 9.5 89.81520080566406
endloop
endfacet
facet normal 0.08092931446367232 0.9850299540551632 0.15220524194167218
outer loop
vertex 61.058815002441406 9.850006103515625 89.49562072753906
vertex 61.99774932861328 9.5 91.26152038574219
vertex 62.11835479736328 9.850006103515625 88.9322509765625
endloop
endfacet
facet normal 0.8829499093051313 -2.004316859498551e-05 -0.46946720573042383
outer loop
vertex 62.58782196044922 9.5 89.81520080566406
vertex 63.057289123535156 9.5 90.69815063476562
vertex 62.70519256591797 9.399993896484375 90.03594970703125
endloop
endfacet
facet normal 0.174359271785948 -0.928474956374244 0.3279223989423712
outer loop
vertex 56.901649475097656 2.5 92.83859252929688
vertex 61.528282165527344 2.5 90.37857055664062
vertex 61.645652770996094 2.600006103515625 90.59931945800781
endloop
endfacet
facet normal 0.17435641267915636 -0.9284780024710795 0.32791529437488853
outer loop
vertex 57.019020080566406 2.600006103515625 93.05934143066406
vertex 65.62818145751953 3.3000030517578125 90.46376037597656
vertex 55.95948028564453 2.600006103515625 93.62271118164062
endloop
endfacet
facet normal 0.17435963640679314 0.92847525579288 0.32792135729841826
outer loop
vertex 54.67963409423828 8.699996948242188 96.28520202636719
vertex 62.70519256591797 9.399993896484375 90.03594970703125
vertex 61.645652770996094 9.399993896484375 90.59931945800781
endloop
endfacet
facet normal 0.17435669489370081 0.9284770705650982 0.32791778295877544
outer loop
vertex 54.67963409423828 8.699996948242188 96.28520202636719
vertex 65.39559173583984 9.5 88.32228088378906
vertex 62.70519256591797 9.399993896484375 90.03594970703125
endloop
endfacet
facet normal 0.174359271785948 0.928474956374244 0.3279223989423712
outer loop
vertex 57.019020080566406 9.399993896484375 93.05934143066406
vertex 61.645652770996094 9.399993896484375 90.59931945800781
vertex 61.528282165527344 9.5 90.37857055664062
endloop
endfacet
facet normal -0.8829499093051313 -2.004316859498551e-05 0.46946720573042383
outer loop
vertex 61.528282165527344 2.5 90.37857055664062
vertex 61.99774932861328 2.5 91.26152038574219
vertex 61.645652770996094 2.600006103515625 90.59931945800781
endloop
endfacet
facet normal 0.17435735081076134 -0.9284765930998397 0.32791878611017095
outer loop
vertex 57.019020080566406 2.600006103515625 93.05934143066406
vertex 61.645652770996094 2.600006103515625 90.59931945800781
vertex 65.62818145751953 3.3000030517578125 90.46376037597656
endloop
endfacet
facet normal -0.8829486547680262 0.0 0.46946956561989506
outer loop
vertex 61.645652770996094 2.600006103515625 90.59931945800781
vertex 61.99774932861328 2.5 91.26152038574219
vertex 61.99774932861328 2.600006103515625 91.26152038574219
endloop
endfacet
facet normal 0.0 0.9999999999999999 -0.0
outer loop
vertex 62.70519256591797 2.600006103515625 90.03594970703125
vertex 61.645652770996094 2.600006103515625 90.59931945800781
vertex 61.99774932861328 2.600006103515625 91.26152038574219
endloop
endfacet
facet normal 0.08092931446367232 -0.9850299540551632 0.15220524194167218
outer loop
vertex 62.11835479736328 2.149993896484375 88.9322509765625
vertex 63.057289123535156 2.5 90.69815063476562
vertex 61.99774932861328 2.5 91.26152038574219
endloop
endfacet
facet normal 0.46947315367342546 0.0 0.8829467469671817
outer loop
vertex 61.99774932861328 2.5 91.26152038574219
vertex 63.057289123535156 2.600006103515625 90.69815063476562
vertex 61.99774932861328 2.600006103515625 91.26152038574219
endloop
endfacet
facet normal 0.17435718428616973 0.9284767571823638 0.32791841006555367
outer loop
vertex 54.67963409423828 8.699996948242188 96.28520202636719
vertex 65.62818145751953 8.699996948242188 90.46376037597656
vertex 65.39559173583984 9.5 88.32228088378906
endloop
endfacet
facet normal 0.4694712958583191 -0.0 0.8829477347867826
outer loop
vertex 54.67963409423828 8.699996948242188 96.28520202636719
vertex 65.62818145751953 3.3000030517578125 90.46376037597656
vertex 65.62818145751953 8.699996948242188 90.46376037597656
endloop
endfacet
facet normal -0.0 0.9999999999999999 -0.0
outer loop
vertex 62.70519256591797 2.600006103515625 90.03594970703125
vertex 61.99774932861328 2.600006103515625 91.26152038574219
vertex 63.057289123535156 2.600006103515625 90.69815063476562
endloop
endfacet
facet normal 0.8829486547680262 0.0 -0.46946956561989506
outer loop
vertex 62.70519256591797 2.600006103515625 90.03594970703125
vertex 63.057289123535156 2.600006103515625 90.69815063476562
vertex 63.057289123535156 2.5 90.69815063476562
endloop
endfacet
facet normal 0.46947315367342546 -0.0 0.8829467469671817
outer loop
vertex 61.99774932861328 2.5 91.26152038574219
vertex 63.057289123535156 2.5 90.69815063476562
vertex 63.057289123535156 2.600006103515625 90.69815063476562
endloop
endfacet
facet normal 0.17435739541926357 -0.9284771651637724 0.32791714263218286
outer loop
vertex 62.70519256591797 2.600006103515625 90.03594970703125
vertex 65.62818145751953 3.3000030517578125 90.46376037597656
vertex 61.645652770996094 2.600006103515625 90.59931945800781
endloop
endfacet
facet normal -0.8829499093051313 2.004316859498551e-05 0.46946720573042383
outer loop
vertex 61.528282165527344 9.5 90.37857055664062
vertex 61.645652770996094 9.399993896484375 90.59931945800781
vertex 61.99774932861328 9.5 91.26152038574219
endloop
endfacet
facet normal -0.8829486547680262 0.0 0.46946956561989506
outer loop
vertex 61.645652770996094 9.399993896484375 90.59931945800781
vertex 61.99774932861328 9.399993896484375 91.26152038574219
vertex 61.99774932861328 9.5 91.26152038574219
endloop
endfacet
facet normal 0.08092931446367232 0.9850299540551632 0.15220524194167218
outer loop
vertex 62.11835479736328 9.850006103515625 88.9322509765625
vertex 61.99774932861328 9.5 91.26152038574219
vertex 63.057289123535156 9.5 90.69815063476562
endloop
endfacet
facet normal 0.0 -0.9999999999999999 0.0
outer loop
vertex 61.645652770996094 9.399993896484375 90.59931945800781
vertex 63.057289123535156 9.399993896484375 90.69815063476562
vertex 61.99774932861328 9.399993896484375 91.26152038574219
endloop
endfacet
facet normal 0.46947315367342546 0.0 0.8829467469671817
outer loop
vertex 61.99774932861328 9.399993896484375 91.26152038574219
vertex 63.057289123535156 9.399993896484375 90.69815063476562
vertex 61.99774932861328 9.5 91.26152038574219
endloop
endfacet
facet normal -0.0 -0.9999999999999999 0.0
outer loop
vertex 62.70519256591797 9.399993896484375 90.03594970703125
vertex 63.057289123535156 9.399993896484375 90.69815063476562
vertex 61.645652770996094 9.399993896484375 90.59931945800781
endloop
endfacet
facet normal 0.8829486547680262 0.0 -0.46946956561989506
outer loop
vertex 62.70519256591797 9.399993896484375 90.03594970703125
vertex 63.057289123535156 9.5 90.69815063476562
vertex 63.057289123535156 9.399993896484375 90.69815063476562
endloop
endfacet
facet normal 0.46947315367342546 -0.0 0.8829467469671817
outer loop
vertex 61.99774932861328 9.5 91.26152038574219
vertex 63.057289123535156 9.399993896484375 90.69815063476562
vertex 63.057289123535156 9.5 90.69815063476562
endloop
endfacet
facet normal 0.8829476756674087 0.0 -0.46947140704575424
outer loop
vertex 60.70087432861328 2.5 79.4927978515625
vertex 65.39559173583984 9.5 88.32228088378906
vertex 65.39559173583984 2.5 88.32228088378906
endloop
endfacet
facet normal 0.17435960187467467 -0.9284749563725584 0.3279222234358022
outer loop
vertex 62.58782196044922 2.5 89.81520080566406
vertex 65.39559173583984 2.5 88.32228088378906
vertex 62.70519256591797 2.600006103515625 90.03594970703125
endloop
endfacet
facet normal 0.17435711282094538 -0.9284767666166004 0.32791842135190724
outer loop
vertex 62.70519256591797 2.600006103515625 90.03594970703125
vertex 65.39559173583984 2.5 88.32228088378906
vertex 65.62818145751953 3.3000030517578125 90.46376037597656
endloop
endfacet
facet normal 0.9941534259248608 0.0 -0.10797669064137157
outer loop
vertex 65.39559173583984 2.5 88.32228088378906
vertex 65.39559173583984 9.5 88.32228088378906
vertex 65.62818145751953 3.3000030517578125 90.46376037597656
endloop
endfacet
facet normal 0.9941534259248607 0.0 -0.10797669064137157
outer loop
vertex 65.39559173583984 9.5 88.32228088378906
vertex 65.62818145751953 8.699996948242188 90.46376037597656
vertex 65.62818145751953 3.3000030517578125 90.46376037597656
endloop
endfacet
facet normal 0.17435960187467467 0.9284749563725584 0.3279222234358022
outer loop
vertex 62.58782196044922 9.5 89.81520080566406
vertex 62.70519256591797 9.399993896484375 90.03594970703125
vertex 65.39559173583984 9.5 88.32228088378906
endloop
endfacet
facet normal 0.0 -1.0 0.0
outer loop
vertex 49.033531188964844 144.0 48.37385559082031
vertex 57.182762145996094 144.0 63.70033264160156
vertex 50.270912170410156 144.0 67.741455078125
endloop
endfacet
facet normal 0.8829476273660181 0.0 -0.46947149788748566
outer loop
vertex 49.033531188964844 144.0 48.37385559082031
vertex 57.182762145996094 154.0 63.70033264160156
vertex 57.182762145996094 144.0 63.70033264160156
endloop
endfacet
facet normal 0.0 0.0 -1.0
outer loop
vertex 41.21033477783203 144.0 67.741455078125
vertex 50.270912170410156 144.0 67.741455078125
vertex 63.461158752441406 142.0 67.741455078125
endloop
endfacet
facet normal 0.0 -1.0 0.0
outer loop
vertex 50.270912170410156 144.0 67.741455078125
vertex 57.182762145996094 144.0 63.70033264160156
vertex 59.331459045410156 144.0 67.741455078125
endloop
endfacet
facet normal 0.0 0.0 -1.0
outer loop
vertex 50.270912170410156 144.0 67.741455078125
vertex 59.331459045410156 144.0 67.741455078125
vertex 63.461158752441406 142.0 67.741455078125
endloop
endfacet
facet normal 0.8829481375904947 0.0 -0.46947053829338087
outer loop
vertex 57.182762145996094 144.0 63.70033264160156
vertex 59.331459045410156 154.0 67.741455078125
vertex 59.331459045410156 144.0 67.741455078125
endloop
endfacet
facet normal 0.0 0.0 -1.0
outer loop
vertex 59.331459045410156 144.0 67.741455078125
vertex 59.331459045410156 154.0 67.741455078125
vertex 63.461158752441406 142.0 67.741455078125
endloop
endfacet
facet normal 0.8829479080609269 0.0 -0.46947096997666743
outer loop
vertex 63.461158752441406 142.0 67.741455078125
vertex 63.461158752441406 154.0 67.741455078125
vertex 67.72393035888672 143.81704235076904 75.75857543945312
endloop
endfacet
facet normal -0.9992959331194072 0.0 0.03751850278213486
outer loop
vertex 52.366844177246094 138.0 81.72917175292969
vertex 52.44763946533203 138.0 83.88113403320312
vertex 52.44763946533203 142.0 83.88113403320312
endloop
endfacet
facet normal -0.9992959331194072 0.0 0.03751850278213486
outer loop
vertex 52.366844177246094 138.0 81.72917175292969
vertex 52.44763946533203 142.0 83.88113403320312
vertex 52.366844177246094 142.0 81.72917175292969
endloop
endfacet
facet normal 0.46947583376149177 0.0 0.8829453219276674
outer loop
vertex 52.44763946533203 138.0 83.88113403320312
vertex 53.46759796142578 146.5 83.33880615234375
vertex 52.44763946533203 142.0 83.88113403320312
endloop
endfacet
facet normal 0.46947583376149177 -0.0 0.8829453219276675
outer loop
vertex 52.44763946533203 142.0 83.88113403320312
vertex 53.46759796142578 146.5 83.33880615234375
vertex 53.46759796142578 151.5 83.33880615234375
endloop
endfacet
facet normal 0.3510927991309072 -0.9362478772637245 -0.013181756999511834
outer loop
vertex 52.366844177246094 138.0 81.72917175292969
vertex 62.89885711669922 142.0 78.142578125
vertex 52.44763946533203 138.0 83.88113403320312
endloop
endfacet
facet normal -0.3223626673476691 0.0 -0.9466162425716643
outer loop
vertex 52.366844177246094 138.0 81.72917175292969
vertex 52.366844177246094 142.0 81.72917175292969
vertex 62.89885711669922 142.0 78.142578125
endloop
endfacet
facet normal 0.0 -1.0 0.0
outer loop
vertex 53.46759796142578 146.5 83.33880615234375
vertex 56.612403869628906 146.5 82.79925537109375
vertex 55.55286407470703 146.5 83.36262512207031
endloop
endfacet
facet normal 0.4694711873627105 7.151741629749048e-07 0.8829477924745808
outer loop
vertex 52.44763946533203 138.0 83.88113403320312
vertex 62.905540466308594 142.0 78.32057189941406
vertex 53.46759796142578 146.5 83.33880615234375
endloop
endfacet
facet normal 0.0 -1.0 0.0
outer loop
vertex 53.46759796142578 146.5 83.33880615234375
vertex 59.208274841308594 146.5 81.41900634765625
vertex 56.612403869628906 146.5 82.79925537109375
endloop
endfacet
facet normal -0.08092764248043977 -0.9850305773050285 -0.15220209741222546
outer loop
vertex 55.55286407470703 146.5 83.36262512207031
vertex 56.612403869628906 146.5 82.79925537109375
vertex 56.49181365966797 146.15000009536743 85.12852478027344
endloop
endfacet
facet normal -0.08092883234146375 -0.9850304724641658 -0.15220214325977677
outer loop
vertex 56.612403869628906 146.5 82.79925537109375
vertex 57.55133819580078 146.15000009536743 84.56515502929688
vertex 56.49181365966797 146.15000009536743 85.12852478027344
endloop
endfacet
facet normal 0.0 -1.0 0.0
outer loop
vertex 53.46759796142578 146.5 83.33880615234375
vertex 61.41411590576172 146.5 79.11357116699219
vertex 60.267799377441406 146.5 80.85565185546875
endloop
endfacet
facet normal 0.0 -1.0 0.0
outer loop
vertex 53.46759796142578 146.5 83.33880615234375
vertex 60.267799377441406 146.5 80.85565185546875
vertex 59.208274841308594 146.5 81.41900634765625
endloop
endfacet
facet normal -0.8829476756674087 0.0 0.46947140704575424
outer loop
vertex 53.46759796142578 146.5 83.33880615234375
vertex 58.162315368652344 146.5 92.16828918457031
vertex 53.46759796142578 151.5 83.33880615234375
endloop
endfacet
facet normal 0.0 -1.0 0.0
outer loop
vertex 53.46759796142578 146.5 83.33880615234375
vertex 55.55286407470703 146.5 83.36262512207031
vertex 59.778114318847656 146.5 91.30915832519531
endloop
endfacet
facet normal 0.0 -1.0 0.0
outer loop
vertex 53.46759796142578 146.5 83.33880615234375
vertex 59.778114318847656 146.5 91.30915832519531
vertex 58.162315368652344 146.5 92.16828918457031
endloop
endfacet
facet normal -0.8829474274344334 -8.28285338654036e-06 0.469471873830915
outer loop
vertex 55.55286407470703 146.5 83.36262512207031
vertex 56.49181365966797 146.15000009536743 85.12852478027344
vertex 59.778114318847656 146.5 91.30915832519531
endloop
endfacet
facet normal 0.0 -1.0 0.0
outer loop
vertex 56.49181365966797 146.15000009536743 85.12852478027344
vertex 57.55133819580078 146.15000009536743 84.56515502929688
vertex 59.308631896972656 146.15000009536743 90.42620849609375
endloop
endfacet
facet normal 0.8829474270617962 -3.0210610085057598e-05 -0.46947187363278003
outer loop
vertex 56.612403869628906 146.5 82.79925537109375
vertex 60.83765411376953 146.5 90.74578857421875
vertex 57.55133819580078 146.15000009536743 84.56515502929688
endloop
endfacet
facet normal 0.0 -1.0 0.0
outer loop
vertex 57.55133819580078 146.15000009536743 84.56515502929688
vertex 60.36817169189453 146.15000009536743 89.86283874511719
vertex 59.308631896972656 146.15000009536743 90.42620849609375
endloop
endfacet
facet normal -0.8829482941197407 3.930719008332346e-05 0.4694702422582124
outer loop
vertex 56.49181365966797 146.15000009536743 85.12852478027344
vertex 59.308631896972656 146.15000009536743 90.42620849609375
vertex 60.247581481933594 146.5 92.19209289550781
endloop
endfacet
facet normal -0.8829465454586155 -4.5817713185047706e-05 0.4694735304183123
outer loop
vertex 56.49181365966797 146.15000009536743 85.12852478027344
vertex 60.247581481933594 146.5 92.19209289550781
vertex 59.778114318847656 146.5 91.30915832519531
endloop
endfacet
facet normal 0.0 -1.0 0.0
outer loop
vertex 63.461158752441406 142.0 67.741455078125
vertex 62.89885711669922 142.0 78.142578125
vertex 52.366844177246094 142.0 81.72917175292969
endloop
endfacet
facet normal 0.3510922500278926 -0.9362480672321437 -0.013182889456683838
outer loop
vertex 52.44763946533203 138.0 83.88113403320312
vertex 62.89885711669922 142.0 78.142578125
vertex 62.905540466308594 142.0 78.32057189941406
endloop
endfacet
facet normal 0.4694712548862768 8.968304849660286e-07 0.8829477565715314
outer loop
vertex 53.46759796142578 146.5 83.33880615234375
vertex 62.905540466308594 142.0 78.32057189941406
vertex 61.41411590576172 146.5 79.11357116699219
endloop
endfacet
facet normal -0.0809271235008328 -0.9850304724664964 -0.1522030518561031
outer loop
vertex 59.208274841308594 146.5 81.41900634765625
vertex 60.267799377441406 146.5 80.85565185546875
vertex 60.14720916748047 146.15000009536743 83.18490600585938
endloop
endfacet
facet normal -0.080928171439642 -0.9850303801311899 -0.152203092235472
outer loop
vertex 60.267799377441406 146.5 80.85565185546875
vertex 61.206748962402344 146.15000009536743 82.62153625488281
vertex 60.14720916748047 146.15000009536743 83.18490600585938
endloop
endfacet
facet normal 0.4694691453238147 -0.0 0.8829488782420685
outer loop
vertex 61.41411590576172 146.5 79.11357116699219
vertex 62.905540466308594 142.0 78.32057189941406
vertex 62.905540466308594 156.0 78.32057189941406
endloop
endfacet
facet normal 0.8829470535282942 2.420191885043246e-05 -0.4694725764940596
outer loop
vertex 60.267799377441406 146.5 80.85565185546875
vertex 64.49304962158203 146.5 88.80216979980469
vertex 61.206748962402344 146.15000009536743 82.62153625488281
endloop
endfacet
facet normal 0.0 -1.0 0.0
outer loop
vertex 60.267799377441406 146.5 80.85565185546875
vertex 61.41411590576172 146.5 79.11357116699219
vertex 66.10884857177734 146.5 87.94303894042969
endloop
endfacet
facet normal 0.0 -1.0 0.0
outer loop
vertex 63.461158752441406 142.0 67.741455078125
vertex 67.72394561767578 142.0 75.75857543945312
vertex 62.89885711669922 142.0 78.142578125
endloop
endfacet
facet normal 0.0 -1.0 0.0
outer loop
vertex 62.89885711669922 142.0 78.142578125
vertex 67.72394561767578 142.0 75.75857543945312
vertex 62.905540466308594 142.0 78.32057189941406
endloop
endfacet
facet normal 0.8829472114651528 0.0 -0.46947228008255243
outer loop
vertex 63.461158752441406 142.0 67.741455078125
vertex 67.72394561767578 143.8088140487671 75.75857543945312
vertex 67.72394561767578 142.0 75.75857543945312
endloop
endfacet
facet normal 0.8827928765297017 0.0016370753389516955 -0.46975957375315874
outer loop
vertex 63.461158752441406 142.0 67.741455078125
vertex 67.72393035888672 143.81704235076904 75.75857543945312
vertex 67.72394561767578 143.8088140487671 75.75857543945312
endloop
endfacet
facet normal 0.46947227641501205 -0.0 0.8829472134152224
outer loop
vertex 62.905540466308594 142.0 78.32057189941406
vertex 67.72394561767578 142.0 75.75857543945312
vertex 67.72394561767578 143.8088140487671 75.75857543945312
endloop
endfacet
facet normal 0.4692174289363801 0.0008701296781388596 0.8830822426346691
outer loop
vertex 62.905540466308594 142.0 78.32057189941406
vertex 67.72394561767578 143.8088140487671 75.75857543945312
vertex 67.72393035888672 143.81704235076904 75.75857543945312
endloop
endfacet
facet normal 0.46947343545149695 -0.0 0.8829465971424144
outer loop
vertex 62.905540466308594 142.0 78.32057189941406
vertex 67.72393035888672 143.81704235076904 75.75857543945312
vertex 67.72393035888672 154.18295764923096 75.75857543945312
endloop
endfacet
facet normal 0.0 -1.0 0.0
outer loop
vertex 56.612403869628906 146.5 82.79925537109375
vertex 59.208274841308594 146.5 81.41900634765625
vertex 63.433509826660156 146.5 89.36553955078125
endloop
endfacet
facet normal -0.8829481300408677 2.1656507909029722e-05 0.4694705519927004
outer loop
vertex 59.208274841308594 146.5 81.41900634765625
vertex 60.14720916748047 146.15000009536743 83.18490600585938
vertex 63.433509826660156 146.5 89.36553955078125
endloop
endfacet
facet normal 0.8829472406100711 -6.008695010848528e-06 -0.46947222523058496
outer loop
vertex 57.55133819580078 146.15000009536743 84.56515502929688
vertex 61.30712127685547 146.5 91.62873840332031
vertex 60.36817169189453 146.15000009536743 89.86283874511719
endloop
endfacet
facet normal 0.0 -1.0 0.0
outer loop
vertex 56.612403869628906 146.5 82.79925537109375
vertex 63.433509826660156 146.5 89.36553955078125
vertex 60.83765411376953 146.5 90.74578857421875
endloop
endfacet
facet normal 0.8829499013232227 -0.00013594786530108835 -0.46946720148641824
outer loop
vertex 57.55133819580078 146.15000009536743 84.56515502929688
vertex 60.83765411376953 146.5 90.74578857421875
vertex 61.30712127685547 146.5 91.62873840332031
endloop
endfacet
facet normal 0.0 -1.0 0.0
outer loop
vertex 60.14720916748047 146.15000009536743 83.18490600585938
vertex 61.206748962402344 146.15000009536743 82.62153625488281
vertex 62.96404266357422 146.15000009536743 88.48258972167969
endloop
endfacet
facet normal 0.0 -1.0 0.0
outer loop
vertex 61.206748962402344 146.15000009536743 82.62153625488281
vertex 64.0235824584961 146.15000009536743 87.91921997070312
vertex 62.96404266357422 146.15000009536743 88.48258972167969
endloop
endfacet
facet normal 0.8829472401601408 3.24847603120479e-05 -0.4694722249913524
outer loop
vertex 61.206748962402344 146.15000009536743 82.62153625488281
vertex 64.96251678466797 146.5 89.68511962890625
vertex 64.0235824584961 146.15000009536743 87.91921997070312
endloop
endfacet
facet normal -0.8829472401601408 -3.24847603120479e-05 0.4694722249913524
outer loop
vertex 60.14720916748047 146.15000009536743 83.18490600585938
vertex 62.96404266357422 146.15000009536743 88.48258972167969
vertex 63.902976989746094 146.5 90.24848937988281
endloop
endfacet
facet normal -0.8829499052896467 9.74542944015072e-05 0.46946720359537825
outer loop
vertex 60.14720916748047 146.15000009536743 83.18490600585938
vertex 63.902976989746094 146.5 90.24848937988281
vertex 63.433509826660156 146.5 89.36553955078125
endloop
endfacet
facet normal 0.17435087343381409 -0.9284828945571438 0.3279043876614854
outer loop
vertex 63.433509826660156 146.5 89.36553955078125
vertex 63.550880432128906 146.59999990463257 89.58628845214844
vertex 60.83765411376953 146.5 90.74578857421875
endloop
endfacet
facet normal 0.17435743911111962 -0.9284759933623753 0.3279204372654481
outer loop
vertex 58.162315368652344 146.5 92.16828918457031
vertex 59.778114318847656 146.5 91.30915832519531
vertex 59.895484924316406 146.59999990463257 91.52989196777344
endloop
endfacet
facet normal 0.080928171439642 -0.9850303801311899 0.152203092235472
outer loop
vertex 60.36817169189453 146.15000009536743 89.86283874511719
vertex 60.247581481933594 146.5 92.19209289550781
vertex 59.308631896972656 146.15000009536743 90.42620849609375
endloop
endfacet
facet normal -0.8829465458845495 3.368176986422715e-05 0.46947353064478664
outer loop
vertex 59.778114318847656 146.5 91.30915832519531
vertex 60.247581481933594 146.5 92.19209289550781
vertex 59.895484924316406 146.59999990463257 91.52989196777344
endloop
endfacet
facet normal -0.6454410140053424 0.0 0.7638101187073626
outer loop
vertex 58.162315368652344 146.5 92.16828918457031
vertex 59.80760955810547 147.29999995231628 93.55860900878906
vertex 59.80760955810547 150.70000004768372 93.55860900878906
endloop
endfacet
facet normal -0.8829486547680263 0.0 0.46946956561989506
outer loop
vertex 59.895484924316406 146.59999990463257 91.52989196777344
vertex 60.247581481933594 146.5 92.19209289550781
vertex 60.247581481933594 146.59999990463257 92.19209289550781
endloop
endfacet
facet normal -0.0 1.0 0.0
outer loop
vertex 59.895484924316406 146.59999990463257 91.52989196777344
vertex 60.247581481933594 146.59999990463257 92.19209289550781
vertex 60.95500946044922 146.59999990463257 90.96652221679688
endloop
endfacet
facet normal 0.0809259336652867 -0.9850305773031837 0.15220300600894307
outer loop
vertex 60.36817169189453 146.15000009536743 89.86283874511719
vertex 61.30712127685547 146.5 91.62873840332031
vertex 60.247581481933594 146.5 92.19209289550781
endloop
endfacet
facet normal 0.0 1.0 0.0
outer loop
vertex 60.247581481933594 146.59999990463257 92.19209289550781
vertex 61.30712127685547 146.59999990463257 91.62873840332031
vertex 60.95500946044922 146.59999990463257 90.96652221679688
endloop
endfacet
facet normal 0.8829499064311205 8.313692449623758e-05 -0.46946720420230337
outer loop
vertex 60.83765411376953 146.5 90.74578857421875
vertex 60.95500946044922 146.59999990463257 90.96652221679688
vertex 61.30712127685547 146.5 91.62873840332031
endloop
endfacet
facet normal 0.882944705485407 0.0 -0.4694769931054
outer loop
vertex 60.95500946044922 146.59999990463257 90.96652221679688
vertex 61.30712127685547 146.59999990463257 91.62873840332031
vertex 61.30712127685547 146.5 91.62873840332031
endloop
endfacet
facet normal 0.4694632405567483 0.0 0.8829520178163459
outer loop
vertex 60.247581481933594 146.5 92.19209289550781
vertex 61.30712127685547 146.59999990463257 91.62873840332031
vertex 60.247581481933594 146.59999990463257 92.19209289550781
endloop
endfacet
facet normal 0.4694632405567483 -0.0 0.8829520178163459
outer loop
vertex 60.247581481933594 146.5 92.19209289550781
vertex 61.30712127685547 146.5 91.62873840332031
vertex 61.30712127685547 146.59999990463257 91.62873840332031
endloop
endfacet
facet normal 0.1743609787493443 -0.9284723235666023 0.3279289457495407
outer loop
vertex 60.83765411376953 146.5 90.74578857421875
vertex 63.550880432128906 146.59999990463257 89.58628845214844
vertex 60.95500946044922 146.59999990463257 90.96652221679688
endloop
endfacet
facet normal 0.1743585692230306 -0.9284746216439369 0.32792372024854466
outer loop
vertex 58.162315368652344 146.5 92.16828918457031
vertex 59.895484924316406 146.59999990463257 91.52989196777344
vertex 66.34142303466797 147.29999995231628 90.08451843261719
endloop
endfacet
facet normal 0.17435604977986574 -0.9284799794841208 0.32790988945490473
outer loop
vertex 59.895484924316406 146.59999990463257 91.52989196777344
vertex 60.95500946044922 146.59999990463257 90.96652221679688
vertex 66.34142303466797 147.29999995231628 90.08451843261719
endloop
endfacet
facet normal 0.1743574847039402 -0.9284765965510908 0.3279187051459833
outer loop
vertex 58.162315368652344 146.5 92.16828918457031
vertex 66.34142303466797 147.29999995231628 90.08451843261719
vertex 59.80760955810547 147.29999995231628 93.55860900878906
endloop
endfacet
facet normal 0.4694715971267608 0.0 0.8829475745995615
outer loop
vertex 59.80760955810547 147.29999995231628 93.55860900878906
vertex 66.34142303466797 147.29999995231628 90.08451843261719
vertex 59.80760955810547 150.70000004768372 93.55860900878906
endloop
endfacet
facet normal 0.8829467068513822 0.0 -0.46947322911993505
outer loop
vertex 61.41411590576172 146.5 79.11357116699219
vertex 66.10884857177734 151.5 87.94303894042969
vertex 66.10884857177734 146.5 87.94303894042969
endloop
endfacet
facet normal 0.0 -1.0 0.0
outer loop
vertex 60.267799377441406 146.5 80.85565185546875
vertex 66.10884857177734 146.5 87.94303894042969
vertex 64.49304962158203 146.5 88.80216979980469
endloop
endfacet
facet normal 0.8829499052896467 -9.74542944015072e-05 -0.46946720359537825
outer loop
vertex 61.206748962402344 146.15000009536743 82.62153625488281
vertex 64.49304962158203 146.5 88.80216979980469
vertex 64.96251678466797 146.5 89.68511962890625
endloop
endfacet
facet normal 0.08092792373341139 -0.9850304724658644 0.15220262636983342
outer loop
vertex 62.96404266357422 146.15000009536743 88.48258972167969
vertex 64.0235824584961 146.15000009536743 87.91921997070312
vertex 63.902976989746094 146.5 90.24848937988281
endloop
endfacet
facet normal -0.8829499093051092 -2.0044411048751955e-05 0.46946720573041206
outer loop
vertex 63.433509826660156 146.5 89.36553955078125
vertex 63.902976989746094 146.5 90.24848937988281
vertex 63.550880432128906 146.59999990463257 89.58628845214844
endloop
endfacet
facet normal -0.8829486547680263 0.0 0.46946956561989506
outer loop
vertex 63.550880432128906 146.59999990463257 89.58628845214844
vertex 63.902976989746094 146.5 90.24848937988281
vertex 63.902976989746094 146.59999990463257 90.24848937988281
endloop
endfacet
facet normal 0.17435748642445556 -0.928475299196138 0.3279223775688204
outer loop
vertex 60.95500946044922 146.59999990463257 90.96652221679688
vertex 63.550880432128906 146.59999990463257 89.58628845214844
vertex 66.34142303466797 147.29999995231628 90.08451843261719
endloop
endfacet
facet normal 0.08092792373341139 -0.9850304724658644 0.15220262636983342
outer loop
vertex 64.0235824584961 146.15000009536743 87.91921997070312
vertex 64.96251678466797 146.5 89.68511962890625
vertex 63.902976989746094 146.5 90.24848937988281
endloop
endfacet
facet normal -0.0 0.9999999999999999 0.0
outer loop
vertex 63.550880432128906 146.59999990463257 89.58628845214844
vertex 63.902976989746094 146.59999990463257 90.24848937988281
vertex 64.61042022705078 146.59999990463257 89.02291870117188
endloop
endfacet
facet normal 0.46947315367342546 0.0 0.8829467469671818
outer loop
vertex 63.902976989746094 146.5 90.24848937988281
vertex 64.96251678466797 146.59999990463257 89.68511962890625
vertex 63.902976989746094 146.59999990463257 90.24848937988281
endloop
endfacet
facet normal 0.0 0.9999999999999999 0.0
outer loop
vertex 63.902976989746094 146.59999990463257 90.24848937988281
vertex 64.96251678466797 146.59999990463257 89.68511962890625
vertex 64.61042022705078 146.59999990463257 89.02291870117188
endloop
endfacet
facet normal 0.17434933917550421 -0.9284828945649525 0.32790520341914725
outer loop
vertex 64.49304962158203 146.5 88.80216979980469
vertex 66.10884857177734 146.5 87.94303894042969
vertex 64.61042022705078 146.59999990463257 89.02291870117188
endloop
endfacet
facet normal 0.8829499093051092 2.0044411048751955e-05 -0.46946720573041206
outer loop
vertex 64.49304962158203 146.5 88.80216979980469
vertex 64.61042022705078 146.59999990463257 89.02291870117188
vertex 64.96251678466797 146.5 89.68511962890625
endloop
endfacet
facet normal 0.8829486547680263 0.0 -0.46946956561989506
outer loop
vertex 64.61042022705078 146.59999990463257 89.02291870117188
vertex 64.96251678466797 146.59999990463257 89.68511962890625
vertex 64.96251678466797 146.5 89.68511962890625
endloop
endfacet
facet normal 0.46947315367342546 -0.0 0.8829467469671818
outer loop
vertex 63.902976989746094 146.5 90.24848937988281
vertex 64.96251678466797 146.5 89.68511962890625
vertex 64.96251678466797 146.59999990463257 89.68511962890625
endloop
endfacet
facet normal 0.174358359421889 -0.9284763438157239 0.3279189556495525
outer loop
vertex 63.550880432128906 146.59999990463257 89.58628845214844
vertex 64.61042022705078 146.59999990463257 89.02291870117188
vertex 66.34142303466797 147.29999995231628 90.08451843261719
endloop
endfacet
facet normal 0.9941541863023332 0.0 -0.1079696895315807
outer loop
vertex 66.10884857177734 146.5 87.94303894042969
vertex 66.10884857177734 151.5 87.94303894042969
vertex 66.34142303466797 147.29999995231628 90.08451843261719
endloop
endfacet
facet normal 0.17435900823615003 -0.9284765480515362 0.3279180323879879
outer loop
vertex 64.61042022705078 146.59999990463257 89.02291870117188
vertex 66.10884857177734 146.5 87.94303894042969
vertex 66.34142303466797 147.29999995231628 90.08451843261719
endloop
endfacet
facet normal 0.0 0.0 -0.9999999999999999
outer loop
vertex 31.87030792236328 154.0 16.094528198242188
vertex 35.99999237060547 154.0 16.094528198242188
vertex 35.99999237060547 142.0 16.094528198242188
endloop
endfacet
facet normal 0.0 0.0 -1.0
outer loop
vertex 31.94538116455078 156.0 16.094528198242188
vertex 35.99999237060547 156.0 16.094528198242188
vertex 35.99999237060547 154.0 16.094528198242188
endloop
endfacet
facet normal 0.8829472669376778 0.0 -0.46947217575409655
outer loop
vertex 40.59630584716797 143.95921182632446 24.738922119140625
vertex 35.99999237060547 154.0 16.094528198242188
vertex 35.99999237060547 156.0 16.094528198242188
endloop
endfacet
facet normal 0.8829472669376777 0.0 -0.46947217575409655
outer loop
vertex 40.59630584716797 143.95921182632446 24.738922119140625
vertex 35.99999237060547 156.0 16.094528198242188
vertex 40.59630584716797 154.04078817367554 24.738922119140625
endloop
endfacet
facet normal 0.0 0.0 -0.9999999999999999
outer loop
vertex 31.94538116455078 156.0 16.094528198242188
vertex 35.99999237060547 264.0 16.094528198242188
vertex 35.99999237060547 156.0 16.094528198242188
endloop
endfacet
facet normal 0.999295837914495 0.0 -0.03752103845534334
outer loop
vertex 35.99999237060547 156.0 16.094528198242188
vertex 35.99999237060547 264.0 16.094528198242188
vertex 36.242393493652344 156.0 22.550384521484375
endloop
endfacet
facet normal -0.3223945836063324 0.0 -0.9466053731419971
outer loop
vertex 40.59630584716797 143.95921182632446 24.738922119140625
vertex 40.59630584716797 154.04078817367554 24.738922119140625
vertex 40.703697204589844 154.0 24.702346801757812
endloop
endfacet
facet normal 0.9992949994628472 0.0 -0.03754336224352155
outer loop
vertex 40.703697204589844 144.0 24.702346801757812
vertex 40.703697204589844 154.0 24.702346801757812
vertex 40.713340759277344 154.0 24.959030151367188
endloop
endfacet
facet normal 0.3511013165596363 0.9362445554911478 -0.013190823449393065
outer loop
vertex 40.59630584716797 154.04078817367554 24.738922119140625
vertex 40.713340759277344 154.0 24.959030151367188
vertex 40.703697204589844 154.0 24.702346801757812
endloop
endfacet
facet normal 0.0 1.0 0.0
outer loop
vertex 35.99999237060547 156.0 16.094528198242188
vertex 36.242393493652344 156.0 22.550384521484375
vertex 49.73058319091797 156.0 41.91798400878906
endloop
endfacet
facet normal 0.8829473688135588 1.0843817780811105e-06 -0.4694719841524489
outer loop
vertex 35.99999237060547 156.0 16.094528198242188
vertex 49.73058319091797 156.0 41.91798400878906
vertex 40.59630584716797 154.04078817367554 24.738922119140625
endloop
endfacet
facet normal 0.0 1.0 -0.0
outer loop
vertex 36.242393493652344 156.0 22.550384521484375
vertex 35.43769073486328 156.0 26.495635986328125
vertex 49.73058319091797 156.0 41.91798400878906
endloop
endfacet
facet normal 0.0 1.0 0.0
outer loop
vertex 35.43769073486328 156.0 26.495635986328125
vertex 35.84168243408203 156.0 37.25541687011719
vertex 49.73058319091797 156.0 41.91798400878906
endloop
endfacet
facet normal -0.0 1.0 0.0
outer loop
vertex 13.972969055175781 156.0 48.37385559082031
vertex 49.97296905517578 156.0 48.37385559082031
vertex 49.73058319091797 156.0 41.91798400878906
endloop
endfacet
facet normal 0.0 0.9999999999999999 0.0
outer loop
vertex 35.84168243408203 156.0 37.25541687011719
vertex 35.976341247558594 156.0 40.842010498046875
vertex 49.73058319091797 156.0 41.91798400878906
endloop
endfacet
facet normal 0.8829466018098261 1.7306059140901147e-05 -0.46947342635444295
outer loop
vertex 40.59630584716797 154.04078817367554 24.738922119140625
vertex 49.73058319091797 156.0 41.91798400878906
vertex 40.713340759277344 154.0 24.959030151367188
endloop
endfacet
facet normal 0.8829474479496295 0.0 -0.46947183532054015
outer loop
vertex 49.73058319091797 144.0 41.91798400878906
vertex 40.713340759277344 154.0 24.959030151367188
vertex 49.73058319091797 156.0 41.91798400878906
endloop
endfacet
facet normal 0.9992959297947199 0.0 -0.037518591334246745
outer loop
vertex 49.73058319091797 144.0 41.91798400878906
vertex 49.73058319091797 156.0 41.91798400878906
vertex 49.97296905517578 156.0 48.37385559082031
endloop
endfacet
facet normal 0.999295837914495 0.0 -0.03752103845534334
outer loop
vertex 36.242393493652344 156.0 22.550384521484375
vertex 35.99999237060547 264.0 16.094528198242188
vertex 36.242393493652344 264.0 22.550384521484375
endloop
endfacet
facet normal 1.0 0.0 -0.0
outer loop
vertex 34.242393493652344 261.0 8.550384521484375
vertex 34.242393493652344 295.0 8.550384521484375
vertex 34.242393493652344 264.0 16.094528198242188
endloop
endfacet
facet normal 0.9999999999999999 0.0 -0.0
outer loop
vertex 34.242393493652344 261.0 8.550384521484375
vertex 34.242393493652344 264.0 16.094528198242188
vertex 34.242393493652344 261.0 16.094528198242188
endloop
endfacet
facet normal 0.0 0.0 -1.0
outer loop
vertex 34.242393493652344 261.0 16.094528198242188
vertex 34.242393493652344 264.0 16.094528198242188
vertex 35.99999237060547 264.0 16.094528198242188
endloop
endfacet
facet normal -0.0 1.0 0.0
outer loop
vertex 34.242393493652344 264.0 16.094528198242188
vertex 34.242393493652344 264.0 20.550384521484375
vertex 35.99999237060547 264.0 16.094528198242188
endloop
endfacet
facet normal 0.0 1.0 -0.0
outer loop
vertex 35.99999237060547 264.0 16.094528198242188
vertex 34.242393493652344 264.0 20.550384521484375
vertex 36.242393493652344 264.0 22.550384521484375
endloop
endfacet
facet normal 1.0 0.0 -0.0
outer loop
vertex 34.242393493652344 264.0 16.094528198242188
vertex 34.242393493652344 295.0 20.550384521484375
vertex 34.242393493652344 264.0 20.550384521484375
endloop
endfacet
facet normal 1.0 0.0 -0.0
outer loop
vertex 34.242393493652344 295.0 8.550384521484375
vertex 34.242393493652344 295.0 20.550384521484375
vertex 34.242393493652344 264.0 16.094528198242188
endloop
endfacet
facet normal 0.0 1.0 -0.0
outer loop
vertex 34.242393493652344 295.0 8.550384521484375
vertex 33.890907287597656 295.0 20.550384521484375
vertex 34.242393493652344 295.0 20.550384521484375
endloop
endfacet
facet normal 0.0 -0.0 1.0
outer loop
vertex 34.242393493652344 264.0 20.550384521484375
vertex 34.242393493652344 295.0 20.550384521484375
vertex 33.890907287597656 286.0 20.550384521484375
endloop
endfacet
facet normal 0.0 -0.0 0.9999999999999999
outer loop
vertex 33.890907287597656 286.0 20.550384521484375
vertex 34.242393493652344 295.0 20.550384521484375
vertex 33.890907287597656 295.0 20.550384521484375
endloop
endfacet
facet normal 0.882947803027199 0.0 -0.4694711675166461
outer loop
vertex 33.890907287597656 286.0 20.550384521484375
vertex 35.43250274658203 298.0 23.44970703125
vertex 35.43250274658203 286.0 23.44970703125
endloop
endfacet
facet normal 0.882947803027199 0.0 -0.469471167516646
outer loop
vertex 33.890907287597656 286.0 20.550384521484375
vertex 33.890907287597656 295.0 20.550384521484375
vertex 35.43250274658203 298.0 23.44970703125
endloop
endfacet
facet normal 0.8829474454740097 0.0 -0.4694718399765004
outer loop
vertex 35.43250274658203 286.0 23.44970703125
vertex 35.43250274658203 298.0 23.44970703125
vertex 45.730445861816406 298.0 42.81730651855469
endloop
endfacet
facet normal 0.0 -0.9999999999999999 0.0
outer loop
vertex 26.72284698486328 286.0 53.93040466308594
vertex 35.43250274658203 286.0 23.44970703125
vertex 45.730445861816406 286.0 42.81730651855469
endloop
endfacet
facet normal 0.0 0.9999999999999999 0.0
outer loop
vertex 26.72284698486328 298.0 53.93040466308594
vertex 45.730445861816406 298.0 42.81730651855469
vertex 35.43250274658203 298.0 23.44970703125
endloop
endfacet
facet normal 0.8829474454740097 0.0 -0.4694718399765004
outer loop
vertex 35.43250274658203 286.0 23.44970703125
vertex 45.730445861816406 298.0 42.81730651855469
vertex 45.730445861816406 286.0 42.81730651855469
endloop
endfacet
facet normal -0.0 0.0 1.0
outer loop
vertex 13.972969055175781 156.0 48.37385559082031
vertex 39.972984313964844 154.0 48.37385559082031
vertex 49.97296905517578 156.0 48.37385559082031
endloop
endfacet
facet normal -0.0 1.0 0.0
outer loop
vertex 30.91240692138672 154.0 48.37385559082031
vertex 33.061119079589844 154.0 52.41499328613281
vertex 39.972984313964844 154.0 48.37385559082031
endloop
endfacet
facet normal -0.0 1.0 0.0
outer loop
vertex 33.061119079589844 154.0 52.41499328613281
vertex 41.21033477783203 154.0 67.741455078125
vertex 39.972984313964844 154.0 48.37385559082031
endloop
endfacet
facet normal 0.0 0.0 -1.0
outer loop
vertex 28.04180145263672 155.7741937637329 67.741455078125
vertex 41.21033477783203 154.0 67.741455078125
vertex 41.21033477783203 144.0 67.741455078125
endloop
endfacet
facet normal -0.8829477980028246 0.0 0.4694711769661297
outer loop
vertex 33.061119079589844 154.0 52.41499328613281
vertex 41.21033477783203 144.0 67.741455078125
vertex 41.21033477783203 154.0 67.741455078125
endloop
endfacet
facet normal -0.0 -0.0 -1.0
outer loop
vertex 28.04180145263672 155.7741937637329 67.741455078125
vertex 50.270912170410156 154.0 67.741455078125
vertex 41.21033477783203 154.0 67.741455078125
endloop
endfacet
facet normal 0.0 0.0 -0.9999999999999999
outer loop
vertex 28.04180145263672 155.7741937637329 67.741455078125
vertex 28.115699768066406 156.0 67.741455078125
vertex 63.461158752441406 156.0 67.741455078125
endloop
endfacet
facet normal 0.0 0.0 1.0
outer loop
vertex 39.972984313964844 154.0 48.37385559082031
vertex 49.033531188964844 154.0 48.37385559082031
vertex 49.97296905517578 156.0 48.37385559082031
endloop
endfacet
facet normal -0.0 1.0 0.0
outer loop
vertex 39.972984313964844 154.0 48.37385559082031
vertex 41.21033477783203 154.0 67.741455078125
vertex 49.033531188964844 154.0 48.37385559082031
endloop
endfacet
facet normal 0.0 -0.0 1.0
outer loop
vertex 49.033531188964844 144.0 48.37385559082031
vertex 49.97296905517578 156.0 48.37385559082031
vertex 49.033531188964844 154.0 48.37385559082031
endloop
endfacet
facet normal -0.0 -0.0 -1.0
outer loop
vertex 28.04180145263672 155.7741937637329 67.741455078125
vertex 59.331459045410156 154.0 67.741455078125
vertex 50.270912170410156 154.0 67.741455078125
endloop
endfacet
facet normal -0.0 0.9999999999999999 0.0
outer loop
vertex 41.21033477783203 154.0 67.741455078125
vertex 50.270912170410156 154.0 67.741455078125
vertex 49.033531188964844 154.0 48.37385559082031
endloop
endfacet
facet normal -0.0 -0.0 -1.0
outer loop
vertex 28.04180145263672 155.7741937637329 67.741455078125
vertex 63.461158752441406 154.0 67.741455078125
vertex 59.331459045410156 154.0 67.741455078125
endloop
endfacet
facet normal -0.0 1.0 0.0
outer loop
vertex 27.70354461669922 156.0 74.19732666015625
vertex 37.171348571777344 156.0 92.00367736816406
vertex 52.366844177246094 156.0 81.72917175292969
endloop
endfacet
facet normal 0.46947135488349584 0.0 0.8829477034025597
outer loop
vertex 37.171348571777344 142.0 92.00367736816406
vertex 52.44763946533203 156.0 83.88113403320312
vertex 37.171348571777344 156.0 92.00367736816406
endloop
endfacet
facet normal -0.0 1.0 0.0
outer loop
vertex 27.70354461669922 156.0 74.19732666015625
vertex 52.366844177246094 156.0 81.72917175292969
vertex 62.89885711669922 156.0 78.142578125
endloop
endfacet
facet normal 0.0 1.0 0.0
outer loop
vertex 37.171348571777344 156.0 92.00367736816406
vertex 52.44763946533203 156.0 83.88113403320312
vertex 52.366844177246094 156.0 81.72917175292969
endloop
endfacet
facet normal 0.0 0.0 -1.0
outer loop
vertex 28.115699768066406 156.0 67.741455078125
vertex 29.70354461669922 261.0 67.741455078125
vertex 61.70354461669922 261.0 67.741455078125
endloop
endfacet
facet normal 0.0 -1.0 0.0
outer loop
vertex 26.72284698486328 286.0 53.93040466308594
vertex 45.730445861816406 286.0 42.81730651855469
vertex 30.055030822753906 286.0 60.19732666015625
endloop
endfacet
facet normal -0.0 1.0 0.0
outer loop
vertex 26.72284698486328 298.0 53.93040466308594
vertex 37.020774841308594 298.0 73.29800415039062
vertex 45.730445861816406 298.0 42.81730651855469
endloop
endfacet
facet normal 0.0 -0.0 1.0
outer loop
vertex 29.70354461669922 264.0 72.19732666015625
vertex 38.903343200683594 286.0 72.19732666015625
vertex 36.43553924560547 286.0 72.19732666015625
endloop
endfacet
facet normal 0.0 0.0 1.0
outer loop
vertex 29.70354461669922 264.0 72.19732666015625
vertex 36.43553924560547 286.0 72.19732666015625
vertex 36.43553924560547 295.0 72.19732666015625
endloop
endfacet
facet normal -0.8829477379485898 -1.345240681868752e-06 0.4694712899098926
outer loop
vertex 30.055030822753906 295.0 60.19732666015625
vertex 36.43553924560547 295.0 72.19732666015625
vertex 37.020774841308594 298.0 73.29800415039062
endloop
endfacet
facet normal 0.0 0.0 -1.0
outer loop
vertex 29.70354461669922 261.0 60.19732666015625
vertex 30.055030822753906 286.0 60.19732666015625
vertex 54.97156524658203 286.0 60.19732666015625
endloop
endfacet
facet normal 0.0 -1.0 0.0
outer loop
vertex 29.70354461669922 261.0 60.19732666015625
vertex 61.70354461669922 261.0 60.19732666015625
vertex 29.70354461669922 261.0 67.741455078125
endloop
endfacet
facet normal 0.0 -1.0 0.0
outer loop
vertex 30.055030822753906 286.0 60.19732666015625
vertex 45.730445861816406 286.0 42.81730651855469
vertex 54.97156524658203 286.0 60.19732666015625
endloop
endfacet
facet normal -0.0 1.0 -0.0
outer loop
vertex 45.730445861816406 298.0 42.81730651855469
vertex 37.020774841308594 298.0 73.29800415039062
vertex 56.02837371826172 298.0 62.184906005859375
endloop
endfacet
facet normal 0.8829477338263105 0.0 -0.46947129766470586
outer loop
vertex 45.730445861816406 286.0 42.81730651855469
vertex 45.730445861816406 298.0 42.81730651855469
vertex 56.02837371826172 298.0 62.184906005859375
endloop
endfacet
facet normal 0.0 -0.0 1.0
outer loop
vertex 29.70354461669922 264.0 72.19732666015625
vertex 61.70354461669922 264.0 72.19732666015625
vertex 38.903343200683594 286.0 72.19732666015625
endloop
endfacet
facet normal 0.0 0.0 -1.0
outer loop
vertex 29.70354461669922 261.0 60.19732666015625
vertex 54.97156524658203 286.0 60.19732666015625
vertex 61.70354461669922 261.0 60.19732666015625
endloop
endfacet
facet normal 0.0 -0.0 1.0
outer loop
vertex 27.70354461669922 156.0 74.19732666015625
vertex 63.70354461669922 264.0 74.19732666015625
vertex 27.70354461669922 264.0 74.19732666015625
endloop
endfacet
facet normal 0.0 -1.0 0.0
outer loop
vertex 36.43553924560547 286.0 72.19732666015625
vertex 38.903343200683594 286.0 72.19732666015625
vertex 37.020774841308594 286.0 73.29800415039062
endloop
endfacet
facet normal -0.8829492578130258 0.0 0.4694684314492582
outer loop
vertex 36.43553924560547 286.0 72.19732666015625
vertex 37.020774841308594 286.0 73.29800415039062
vertex 36.43553924560547 295.0 72.19732666015625
endloop
endfacet
facet normal -0.8829492578130259 0.0 0.46946843144925826
outer loop
vertex 36.43553924560547 295.0 72.19732666015625
vertex 37.020774841308594 286.0 73.29800415039062
vertex 37.020774841308594 298.0 73.29800415039062
endloop
endfacet
facet normal -0.0 1.0 -0.0
outer loop
vertex 29.70354461669922 264.0 72.19732666015625
vertex 27.70354461669922 264.0 74.19732666015625
vertex 61.70354461669922 264.0 72.19732666015625
endloop
endfacet
facet normal -0.8829474106792313 0.0 0.4694719054159054
outer loop
vertex 37.020774841308594 286.0 73.29800415039062
vertex 44.807823181152344 298.0 87.94329833984375
vertex 37.020774841308594 298.0 73.29800415039062
endloop
endfacet
facet normal -0.0 -1.0 0.0
outer loop
vertex 38.903343200683594 286.0 72.19732666015625
vertex 44.807823181152344 286.0 87.94329833984375
vertex 37.020774841308594 286.0 73.29800415039062
endloop
endfacet
facet normal -0.8829474106792313 0.0 0.4694719054159054
outer loop
vertex 37.020774841308594 286.0 73.29800415039062
vertex 44.807823181152344 286.0 87.94329833984375
vertex 44.807823181152344 298.0 87.94329833984375
endloop
endfacet
facet normal -0.0 1.0 0.0
outer loop
vertex 37.020774841308594 298.0 73.29800415039062
vertex 44.807823181152344 298.0 87.94329833984375
vertex 56.02837371826172 298.0 62.184906005859375
endloop
endfacet
facet normal 0.0 -1.0 0.0
outer loop
vertex 38.903343200683594 286.0 72.19732666015625
vertex 61.352073669433594 286.0 72.19732666015625
vertex 44.807823181152344 286.0 87.94329833984375
endloop
endfacet
facet normal 0.46947176101928756 0.0 0.8829474874563317
outer loop
vertex 44.807823181152344 286.0 87.94329833984375
vertex 48.33960723876953 295.5 86.06541442871094
vertex 44.807823181152344 298.0 87.94329833984375
endloop
endfacet
facet normal 0.46947176101928756 -0.0 0.8829474874563316
outer loop
vertex 44.807823181152344 286.0 87.94329833984375
vertex 48.33960723876953 288.5 86.06541442871094
vertex 48.33960723876953 295.5 86.06541442871094
endloop
endfacet
facet normal 0.8829476273660181 0.0 -0.46947149788748566
outer loop
vertex 49.033531188964844 144.0 48.37385559082031
vertex 49.033531188964844 154.0 48.37385559082031
vertex 57.182762145996094 154.0 63.70033264160156
endloop
endfacet
facet normal -0.0 1.0 0.0
outer loop
vertex 49.033531188964844 154.0 48.37385559082031
vertex 50.270912170410156 154.0 67.741455078125
vertex 57.182762145996094 154.0 63.70033264160156
endloop
endfacet
facet normal 0.0 0.0 -1.0
outer loop
vertex 28.04180145263672 155.7741937637329 67.741455078125
vertex 63.461158752441406 156.0 67.741455078125
vertex 63.461158752441406 154.0 67.741455078125
endloop
endfacet
facet normal 0.8829481375904947 0.0 -0.46947053829338087
outer loop
vertex 57.182762145996094 144.0 63.70033264160156
vertex 57.182762145996094 154.0 63.70033264160156
vertex 59.331459045410156 154.0 67.741455078125
endloop
endfacet
facet normal -0.0 1.0 0.0
outer loop
vertex 50.270912170410156 154.0 67.741455078125
vertex 59.331459045410156 154.0 67.741455078125
vertex 57.182762145996094 154.0 63.70033264160156
endloop
endfacet
facet normal 0.0 0.0 -1.0
outer loop
vertex 28.115699768066406 156.0 67.741455078125
vertex 63.461158752441406 264.0 67.741455078125
vertex 63.461158752441406 156.0 67.741455078125
endloop
endfacet
facet normal 0.0 0.0 -1.0
outer loop
vertex 63.461158752441406 142.0 67.741455078125
vertex 59.331459045410156 154.0 67.741455078125
vertex 63.461158752441406 154.0 67.741455078125
endloop
endfacet
facet normal 0.8829479080609269 0.0 -0.46947096997666743
outer loop
vertex 67.72393035888672 143.81704235076904 75.75857543945312
vertex 63.461158752441406 154.0 67.741455078125
vertex 63.461158752441406 156.0 67.741455078125
endloop
endfacet
facet normal 0.9992959297947198 0.0 -0.037518591334246745
outer loop
vertex 63.461158752441406 156.0 67.741455078125
vertex 63.461158752441406 264.0 67.741455078125
vertex 63.70354461669922 156.0 74.19732666015625
endloop
endfacet
facet normal -0.0 1.0 0.0
outer loop
vertex 27.70354461669922 156.0 74.19732666015625
vertex 62.89885711669922 156.0 78.142578125
vertex 63.70354461669922 156.0 74.19732666015625
endloop
endfacet
facet normal 0.46947583376149177 0.0 0.8829453219276675
outer loop
vertex 52.44763946533203 142.0 83.88113403320312
vertex 53.46759796142578 151.5 83.33880615234375
vertex 52.44763946533203 156.0 83.88113403320312
endloop
endfacet
facet normal -0.9992959331194072 0.0 0.03751850278213486
outer loop
vertex 52.366844177246094 156.0 81.72917175292969
vertex 52.44763946533203 156.0 83.88113403320312
vertex 52.366844177246094 160.0 81.72917175292969
endloop
endfacet
facet normal -0.9992959331194072 0.0 0.03751850278213486
outer loop
vertex 52.44763946533203 156.0 83.88113403320312
vertex 52.44763946533203 160.0 83.88113403320312
vertex 52.366844177246094 160.0 81.72917175292969
endloop
endfacet
facet normal -0.3223626673476691 0.0 -0.9466162425716643
outer loop
vertex 52.366844177246094 156.0 81.72917175292969
vertex 52.366844177246094 160.0 81.72917175292969
vertex 62.89885711669922 156.0 78.142578125
endloop
endfacet
facet normal 0.4694712548860495 -1.3312528723175823e-06 0.8829477565711039
outer loop
vertex 52.44763946533203 156.0 83.88113403320312
vertex 53.46759796142578 151.5 83.33880615234375
vertex 61.41411590576172 151.5 79.11357116699219
endloop
endfacet
facet normal 0.469471400616861 0.0 0.8829476790857106
outer loop
vertex 52.44763946533203 156.0 83.88113403320312
vertex 62.905540466308594 156.0 78.32057189941406
vertex 52.44763946533203 160.0 83.88113403320312
endloop
endfacet
facet normal -0.0 1.0 0.0
outer loop
vertex 53.46759796142578 151.5 83.33880615234375
vertex 55.55286407470703 151.5 83.36262512207031
vertex 61.41411590576172 151.5 79.11357116699219
endloop
endfacet
facet normal -0.08092764248043977 0.9850305773050285 -0.15220209741222546
outer loop
vertex 55.55286407470703 151.5 83.36262512207031
vertex 56.49181365966797 151.84999990463257 85.12852478027344
vertex 56.612403869628906 151.5 82.79925537109375
endloop
endfacet
facet normal -0.08092883234146375 0.9850304724641658 -0.15220214325977677
outer loop
vertex 56.612403869628906 151.5 82.79925537109375
vertex 56.49181365966797 151.84999990463257 85.12852478027344
vertex 57.55133819580078 151.84999990463257 84.56515502929688
endloop
endfacet
facet normal 0.35109278226478935 0.9362478835974315 -0.013181756366274505
outer loop
vertex 52.366844177246094 160.0 81.72917175292969
vertex 52.44763946533203 160.0 83.88113403320312
vertex 62.905540466308594 156.0 78.32057189941406
endloop
endfacet
facet normal 0.0 1.0 0.0
outer loop
vertex 56.612403869628906 151.5 82.79925537109375
vertex 59.208274841308594 151.5 81.41900634765625
vertex 61.41411590576172 151.5 79.11357116699219
endloop
endfacet
facet normal 0.4694714006166451 -9.587843453194624e-07 0.8829476790853046
outer loop
vertex 52.44763946533203 156.0 83.88113403320312
vertex 61.41411590576172 151.5 79.11357116699219
vertex 62.905540466308594 156.0 78.32057189941406
endloop
endfacet
facet normal 0.0 1.0 0.0
outer loop
vertex 55.55286407470703 151.5 83.36262512207031
vertex 56.612403869628906 151.5 82.79925537109375
vertex 61.41411590576172 151.5 79.11357116699219
endloop
endfacet
facet normal -0.0 1.0 0.0
outer loop
vertex 53.46759796142578 151.5 83.33880615234375
vertex 58.162315368652344 151.5 92.16828918457031
vertex 55.55286407470703 151.5 83.36262512207031
endloop
endfacet
facet normal -0.8829476756674087 0.0 0.46947140704575424
outer loop
vertex 58.162315368652344 146.5 92.16828918457031
vertex 58.162315368652344 151.5 92.16828918457031
vertex 53.46759796142578 151.5 83.33880615234375
endloop
endfacet
facet normal -0.8829474274344334 8.28285338654036e-06 0.469471873830915
outer loop
vertex 55.55286407470703 151.5 83.36262512207031
vertex 59.778114318847656 151.5 91.30915832519531
vertex 56.49181365966797 151.84999990463257 85.12852478027344
endloop
endfacet
facet normal -0.0 1.0 0.0
outer loop
vertex 56.49181365966797 151.84999990463257 85.12852478027344
vertex 59.308631896972656 151.84999990463257 90.42620849609375
vertex 57.55133819580078 151.84999990463257 84.56515502929688
endloop
endfacet
facet normal -0.0 1.0 0.0
outer loop
vertex 56.612403869628906 151.5 82.79925537109375
vertex 60.83765411376953 151.5 90.74578857421875
vertex 59.208274841308594 151.5 81.41900634765625
endloop
endfacet
facet normal 0.8829474270617962 3.0210610085057598e-05 -0.46947187363278003
outer loop
vertex 56.612403869628906 151.5 82.79925537109375
vertex 57.55133819580078 151.84999990463257 84.56515502929688
vertex 60.83765411376953 151.5 90.74578857421875
endloop
endfacet
facet normal -0.0 1.0 0.0
outer loop
vertex 55.55286407470703 151.5 83.36262512207031
vertex 58.162315368652344 151.5 92.16828918457031
vertex 59.778114318847656 151.5 91.30915832519531
endloop
endfacet
facet normal -0.0 1.0 0.0
outer loop
vertex 57.55133819580078 151.84999990463257 84.56515502929688
vertex 59.308631896972656 151.84999990463257 90.42620849609375
vertex 60.36817169189453 151.84999990463257 89.86283874511719
endloop
endfacet
facet normal -0.8829482941197407 -3.930719008332346e-05 0.4694702422582124
outer loop
vertex 56.49181365966797 151.84999990463257 85.12852478027344
vertex 60.247581481933594 151.5 92.19209289550781
vertex 59.308631896972656 151.84999990463257 90.42620849609375
endloop
endfacet
facet normal -0.8829465454586155 4.5817713185047706e-05 0.4694735304183123
outer loop
vertex 56.49181365966797 151.84999990463257 85.12852478027344
vertex 59.778114318847656 151.5 91.30915832519531
vertex 60.247581481933594 151.5 92.19209289550781
endloop
endfacet
facet normal -0.6454410140053425 0.0 0.7638101187073627
outer loop
vertex 58.162315368652344 146.5 92.16828918457031
vertex 59.80760955810547 150.70000004768372 93.55860900878906
vertex 58.162315368652344 151.5 92.16828918457031
endloop
endfacet
facet normal 0.0 0.0 1.0
outer loop
vertex 27.70354461669922 156.0 74.19732666015625
vertex 63.70354461669922 156.0 74.19732666015625
vertex 63.70354461669922 264.0 74.19732666015625
endloop
endfacet
facet normal 0.0 1.0 0.0
outer loop
vertex 59.208274841308594 151.5 81.41900634765625
vertex 60.267799377441406 151.5 80.85565185546875
vertex 61.41411590576172 151.5 79.11357116699219
endloop
endfacet
facet normal 0.35109245394044325 0.936247990657272 -0.013182897113237389
outer loop
vertex 52.366844177246094 160.0 81.72917175292969
vertex 62.905540466308594 156.0 78.32057189941406
vertex 62.89885711669922 156.0 78.142578125
endloop
endfacet
facet normal -0.0809271235008328 0.9850304724664964 -0.1522030518561031
outer loop
vertex 59.208274841308594 151.5 81.41900634765625
vertex 60.14720916748047 151.84999990463257 83.18490600585938
vertex 60.267799377441406 151.5 80.85565185546875
endloop
endfacet
facet normal -0.080928171439642 0.9850303801311899 -0.152203092235472
outer loop
vertex 60.267799377441406 151.5 80.85565185546875
vertex 60.14720916748047 151.84999990463257 83.18490600585938
vertex 61.206748962402344 151.84999990463257 82.62153625488281
endloop
endfacet
facet normal 0.46946914532381473 0.0 0.8829488782420685
outer loop
vertex 61.41411590576172 146.5 79.11357116699219
vertex 62.905540466308594 156.0 78.32057189941406
vertex 61.41411590576172 151.5 79.11357116699219
endloop
endfacet
facet normal -0.0 1.0 0.0
outer loop
vertex 60.267799377441406 151.5 80.85565185546875
vertex 64.49304962158203 151.5 88.80216979980469
vertex 61.41411590576172 151.5 79.11357116699219
endloop
endfacet
facet normal 0.8829470535282942 -2.420191885043246e-05 -0.4694725764940596
outer loop
vertex 60.267799377441406 151.5 80.85565185546875
vertex 61.206748962402344 151.84999990463257 82.62153625488281
vertex 64.49304962158203 151.5 88.80216979980469
endloop
endfacet
facet normal 0.8829467068513822 0.0 -0.46947322911993505
outer loop
vertex 61.41411590576172 146.5 79.11357116699219
vertex 61.41411590576172 151.5 79.11357116699219
vertex 66.10884857177734 151.5 87.94303894042969
endloop
endfacet
facet normal 0.0 1.0 0.0
outer loop
vertex 63.461158752441406 156.0 67.741455078125
vertex 63.70354461669922 156.0 74.19732666015625
vertex 67.72394561767578 156.0 75.75857543945312
endloop
endfacet
facet normal 0.46947227641501205 0.0 0.8829472134152224
outer loop
vertex 62.905540466308594 142.0 78.32057189941406
vertex 67.72394561767578 156.0 75.75857543945312
vertex 62.905540466308594 156.0 78.32057189941406
endloop
endfacet
facet normal -0.0 1.0 0.0
outer loop
vertex 62.89885711669922 156.0 78.142578125
vertex 62.905540466308594 156.0 78.32057189941406
vertex 67.72394561767578 156.0 75.75857543945312
endloop
endfacet
facet normal 0.0 1.0 0.0
outer loop
vertex 62.89885711669922 156.0 78.142578125
vertex 67.72394561767578 156.0 75.75857543945312
vertex 63.70354461669922 156.0 74.19732666015625
endloop
endfacet
facet normal 0.8829479080609269 0.0 -0.4694709699766675
outer loop
vertex 67.72393035888672 143.81704235076904 75.75857543945312
vertex 63.461158752441406 156.0 67.741455078125
vertex 67.72393035888672 154.18295764923096 75.75857543945312
endloop
endfacet
facet normal 0.8829472114408821 -7.4146346930201345e-06 -0.4694722800696475
outer loop
vertex 63.461158752441406 156.0 67.741455078125
vertex 67.72394561767578 156.0 75.75857543945312
vertex 67.72393035888672 154.18295764923096 75.75857543945312
endloop
endfacet
facet normal 0.4694812067158287 -3.9425138875012055e-06 0.8829424650140607
outer loop
vertex 62.905540466308594 142.0 78.32057189941406
vertex 67.72393035888672 154.18295764923096 75.75857543945312
vertex 67.72394561767578 156.0 75.75857543945312
endloop
endfacet
facet normal -0.8829481300408677 -2.1656507909029722e-05 0.4694705519927004
outer loop
vertex 59.208274841308594 151.5 81.41900634765625
vertex 63.433509826660156 151.5 89.36553955078125
vertex 60.14720916748047 151.84999990463257 83.18490600585938
endloop
endfacet
facet normal -0.0 1.0 0.0
outer loop
vertex 59.208274841308594 151.5 81.41900634765625
vertex 60.83765411376953 151.5 90.74578857421875
vertex 63.433509826660156 151.5 89.36553955078125
endloop
endfacet
facet normal 0.8829472406100711 6.008695010848528e-06 -0.46947222523058496
outer loop
vertex 57.55133819580078 151.84999990463257 84.56515502929688
vertex 60.36817169189453 151.84999990463257 89.86283874511719
vertex 61.30712127685547 151.5 91.62873840332031
endloop
endfacet
facet normal 0.8829499013232227 0.00013594786530108835 -0.46946720148641824
outer loop
vertex 57.55133819580078 151.84999990463257 84.56515502929688
vertex 61.30712127685547 151.5 91.62873840332031
vertex 60.83765411376953 151.5 90.74578857421875
endloop
endfacet
facet normal -0.0 1.0 0.0
outer loop
vertex 60.14720916748047 151.84999990463257 83.18490600585938
vertex 62.96404266357422 151.84999990463257 88.48258972167969
vertex 61.206748962402344 151.84999990463257 82.62153625488281
endloop
endfacet
facet normal -0.0 1.0 0.0
outer loop
vertex 61.206748962402344 151.84999990463257 82.62153625488281
vertex 62.96404266357422 151.84999990463257 88.48258972167969
vertex 64.0235824584961 151.84999990463257 87.91921997070312
endloop
endfacet
facet normal 0.8829472401601408 -3.24847603120479e-05 -0.4694722249913524
outer loop
vertex 61.206748962402344 151.84999990463257 82.62153625488281
vertex 64.0235824584961 151.84999990463257 87.91921997070312
vertex 64.96251678466797 151.5 89.68511962890625
endloop
endfacet
facet normal -0.8829472401601408 3.24847603120479e-05 0.4694722249913524
outer loop
vertex 60.14720916748047 151.84999990463257 83.18490600585938
vertex 63.902976989746094 151.5 90.24848937988281
vertex 62.96404266357422 151.84999990463257 88.48258972167969
endloop
endfacet
facet normal -0.8829499052896467 -9.74542944015072e-05 0.46946720359537825
outer loop
vertex 60.14720916748047 151.84999990463257 83.18490600585938
vertex 63.433509826660156 151.5 89.36553955078125
vertex 63.902976989746094 151.5 90.24848937988281
endloop
endfacet
facet normal 0.17435817441837592 0.9284759933672111 0.3279200462830256
outer loop
vertex 63.433509826660156 151.5 89.36553955078125
vertex 60.95500946044922 151.40000009536743 90.96652221679688
vertex 63.550880432128906 151.40000009536743 89.58627319335938
endloop
endfacet
facet normal 0.17435743911111962 0.9284759933623753 0.3279204372654481
outer loop
vertex 58.162315368652344 151.5 92.16828918457031
vertex 59.895484924316406 151.40000009536743 91.52989196777344
vertex 59.778114318847656 151.5 91.30915832519531
endloop
endfacet
facet normal 0.080928171439642 0.9850303801311899 0.152203092235472
outer loop
vertex 60.36817169189453 151.84999990463257 89.86283874511719
vertex 59.308631896972656 151.84999990463257 90.42620849609375
vertex 60.247581481933594 151.5 92.19209289550781
endloop
endfacet
facet normal -0.8829465458845495 -3.368176986422715e-05 0.46947353064478664
outer loop
vertex 59.778114318847656 151.5 91.30915832519531
vertex 59.895484924316406 151.40000009536743 91.52989196777344
vertex 60.247581481933594 151.5 92.19209289550781
endloop
endfacet
facet normal 0.17435701602312972 0.9284765068982218 0.3279192081924846
outer loop
vertex 58.162315368652344 151.5 92.16828918457031
vertex 59.80760955810547 150.70000004768372 93.55860900878906
vertex 59.895484924316406 151.40000009536743 91.52989196777344
endloop
endfacet
facet normal 0.17436096453383695 0.9284757921069325 0.32791913258947586
outer loop
vertex 59.895484924316406 151.40000009536743 91.52989196777344
vertex 59.80760955810547 150.70000004768372 93.55860900878906
vertex 60.95500946044922 151.40000009536743 90.96652221679688
endloop
endfacet
facet normal -0.8829486547680263 0.0 0.46946956561989506
outer loop
vertex 59.895484924316406 151.40000009536743 91.52989196777344
vertex 60.247581481933594 151.40000009536743 92.19209289550781
vertex 60.247581481933594 151.5 92.19209289550781
endloop
endfacet
facet normal 0.0809259336652867 0.9850305773031837 0.15220300600894307
outer loop
vertex 60.36817169189453 151.84999990463257 89.86283874511719
vertex 60.247581481933594 151.5 92.19209289550781
vertex 61.30712127685547 151.5 91.62873840332031
endloop
endfacet
facet normal 0.0 -1.0 0.0
outer loop
vertex 59.895484924316406 151.40000009536743 91.52989196777344
vertex 60.95500946044922 151.40000009536743 90.96652221679688
vertex 61.30712127685547 151.40000009536743 91.62873840332031
endloop
endfacet
facet normal 0.8829499064311205 -8.313692449623758e-05 -0.46946720420230337
outer loop
vertex 60.83765411376953 151.5 90.74578857421875
vertex 61.30712127685547 151.5 91.62873840332031
vertex 60.95500946044922 151.40000009536743 90.96652221679688
endloop
endfacet
facet normal 0.882944705485407 0.0 -0.4694769931054
outer loop
vertex 60.95500946044922 151.40000009536743 90.96652221679688
vertex 61.30712127685547 151.5 91.62873840332031
vertex 61.30712127685547 151.40000009536743 91.62873840332031
endloop
endfacet
facet normal 0.0 -1.0 0.0
outer loop
vertex 59.895484924316406 151.40000009536743 91.52989196777344
vertex 61.30712127685547 151.40000009536743 91.62873840332031
vertex 60.247581481933594 151.40000009536743 92.19209289550781
endloop
endfacet
facet normal 0.4694632405567483 0.0 0.8829520178163459
outer loop
vertex 60.247581481933594 151.40000009536743 92.19209289550781
vertex 61.30712127685547 151.40000009536743 91.62873840332031
vertex 60.247581481933594 151.5 92.19209289550781
endloop
endfacet
facet normal 0.4694632405567483 -0.0 0.8829520178163459
outer loop
vertex 60.247581481933594 151.5 92.19209289550781
vertex 61.30712127685547 151.40000009536743 91.62873840332031
vertex 61.30712127685547 151.5 91.62873840332031
endloop
endfacet
facet normal 0.1743569189048189 0.9284770630935083 0.3279176850053563
outer loop
vertex 60.95500946044922 151.40000009536743 90.96652221679688
vertex 59.80760955810547 150.70000004768372 93.55860900878906
vertex 63.550880432128906 151.40000009536743 89.58627319335938
endloop
endfacet
facet normal 0.1743632805670111 0.9284723235332503 0.32792772194902564
outer loop
vertex 63.433509826660156 151.5 89.36553955078125
vertex 60.83765411376953 151.5 90.74578857421875
vertex 60.95500946044922 151.40000009536743 90.96652221679688
endloop
endfacet
facet normal 0.1743496557695851 0.928480622689019 0.3279114679666428
outer loop
vertex 59.80760955810547 150.70000004768372 93.55860900878906
vertex 64.61042022705078 151.40000009536743 89.02291870117188
vertex 63.550880432128906 151.40000009536743 89.58627319335938
endloop
endfacet
facet normal -0.0 1.0 0.0
outer loop
vertex 61.41411590576172 151.5 79.11357116699219
vertex 64.49304962158203 151.5 88.80216979980469
vertex 66.10884857177734 151.5 87.94303894042969
endloop
endfacet
facet normal 0.8829499052896467 9.74542944015072e-05 -0.46946720359537825
outer loop
vertex 61.206748962402344 151.84999990463257 82.62153625488281
vertex 64.96251678466797 151.5 89.68511962890625
vertex 64.49304962158203 151.5 88.80216979980469
endloop
endfacet
facet normal 0.17436634813936722 0.928471730127154 0.3279277709972588
outer loop
vertex 59.80760955810547 150.70000004768372 93.55860900878906
vertex 66.10884857177734 151.5 87.94303894042969
vertex 64.61042022705078 151.40000009536743 89.02291870117188
endloop
endfacet
facet normal 0.08092792373341139 0.9850304724658644 0.15220262636983342
outer loop
vertex 62.96404266357422 151.84999990463257 88.48258972167969
vertex 63.902976989746094 151.5 90.24848937988281
vertex 64.0235824584961 151.84999990463257 87.91921997070312
endloop
endfacet
facet normal -0.8829499083074558 -5.1590667849506714e-05 0.46946720519995666
outer loop
vertex 63.433509826660156 151.5 89.36553955078125
vertex 63.550880432128906 151.40000009536743 89.58627319335938
vertex 63.902976989746094 151.5 90.24848937988281
endloop
endfacet
facet normal -0.8829531388022461 0.0 0.4694611322348863
outer loop
vertex 63.550880432128906 151.40000009536743 89.58627319335938
vertex 63.902976989746094 151.40000009536743 90.24848937988281
vertex 63.902976989746094 151.5 90.24848937988281
endloop
endfacet
facet normal 0.08092792373341139 0.9850304724658644 0.15220262636983342
outer loop
vertex 64.0235824584961 151.84999990463257 87.91921997070312
vertex 63.902976989746094 151.5 90.24848937988281
vertex 64.96251678466797 151.5 89.68511962890625
endloop
endfacet
facet normal 0.0 -1.0 0.0
outer loop
vertex 63.550880432128906 151.40000009536743 89.58627319335938
vertex 64.61042022705078 151.40000009536743 89.02291870117188
vertex 64.96251678466797 151.40000009536743 89.68511962890625
endloop
endfacet
facet normal 0.0 -1.0 0.0
outer loop
vertex 63.550880432128906 151.40000009536743 89.58627319335938
vertex 64.96251678466797 151.40000009536743 89.68511962890625
vertex 63.902976989746094 151.40000009536743 90.24848937988281
endloop
endfacet
facet normal 0.46947315367342546 0.0 0.8829467469671818
outer loop
vertex 63.902976989746094 151.40000009536743 90.24848937988281
vertex 64.96251678466797 151.40000009536743 89.68511962890625
vertex 63.902976989746094 151.5 90.24848937988281
endloop
endfacet
facet normal 0.17434933917550421 0.9284828945649525 0.32790520341914725
outer loop
vertex 64.49304962158203 151.5 88.80216979980469
vertex 64.61042022705078 151.40000009536743 89.02291870117188
vertex 66.10884857177734 151.5 87.94303894042969
endloop
endfacet
facet normal 0.8829499093051092 -2.0044411048751955e-05 -0.46946720573041206
outer loop
vertex 64.49304962158203 151.5 88.80216979980469
vertex 64.96251678466797 151.5 89.68511962890625
vertex 64.61042022705078 151.40000009536743 89.02291870117188
endloop
endfacet
facet normal 0.8829486547680263 0.0 -0.46946956561989506
outer loop
vertex 64.61042022705078 151.40000009536743 89.02291870117188
vertex 64.96251678466797 151.5 89.68511962890625
vertex 64.96251678466797 151.40000009536743 89.68511962890625
endloop
endfacet
facet normal 0.46947315367342546 -0.0 0.8829467469671818
outer loop
vertex 63.902976989746094 151.5 90.24848937988281
vertex 64.96251678466797 151.40000009536743 89.68511962890625
vertex 64.96251678466797 151.5 89.68511962890625
endloop
endfacet
facet normal 0.9941541863023331 0.0 -0.10796968953158069
outer loop
vertex 66.34142303466797 147.29999995231628 90.08451843261719
vertex 66.10884857177734 151.5 87.94303894042969
vertex 66.34142303466797 150.70000004768372 90.08451843261719
endloop
endfacet
facet normal 0.1743572727208047 0.9284767771653333 0.3279183064637276
outer loop
vertex 59.80760955810547 150.70000004768372 93.55860900878906
vertex 66.34142303466797 150.70000004768372 90.08451843261719
vertex 66.10884857177734 151.5 87.94303894042969
endloop
endfacet
facet normal 0.4694715971267608 -0.0 0.8829475745995615
outer loop
vertex 66.34142303466797 147.29999995231628 90.08451843261719
vertex 66.34142303466797 150.70000004768372 90.08451843261719
vertex 59.80760955810547 150.70000004768372 93.55860900878906
endloop
endfacet
facet normal 0.0 0.0 -1.0
outer loop
vertex 28.115699768066406 156.0 67.741455078125
vertex 61.70354461669922 261.0 67.741455078125
vertex 63.461158752441406 264.0 67.741455078125
endloop
endfacet
facet normal 0.8829476191187604 0.0 -0.46947151339832366
outer loop
vertex 45.730445861816406 286.0 42.81730651855469
vertex 54.97156524658203 295.0 60.19732666015625
vertex 54.97156524658203 286.0 60.19732666015625
endloop
endfacet
facet normal 0.8829470353659086 2.719503733489037e-06 -0.4694726112683865
outer loop
vertex 45.730445861816406 286.0 42.81730651855469
vertex 56.02837371826172 298.0 62.184906005859375
vertex 54.97156524658203 295.0 60.19732666015625
endloop
endfacet
facet normal 0.0 -1.0 0.0
outer loop
vertex 29.70354461669922 261.0 67.741455078125
vertex 61.70354461669922 261.0 60.19732666015625
vertex 61.70354461669922 261.0 67.741455078125
endloop
endfacet
facet normal -0.0 -0.0 1.0
outer loop
vertex 38.903343200683594 286.0 72.19732666015625
vertex 61.70354461669922 264.0 72.19732666015625
vertex 61.352073669433594 286.0 72.19732666015625
endloop
endfacet
facet normal 0.8829487368642994 0.0 -0.4694694112183859
outer loop
vertex 54.97156524658203 295.0 60.19732666015625
vertex 56.02837371826172 298.0 62.184906005859375
vertex 56.02837371826172 295.0 62.184906005859375
endloop
endfacet
facet normal 0.0 0.0 -1.0
outer loop
vertex 54.97156524658203 286.0 60.19732666015625
vertex 54.97156524658203 295.0 60.19732666015625
vertex 61.70354461669922 295.0 60.19732666015625
endloop
endfacet
facet normal -0.0 1.0 0.0
outer loop
vertex 54.97156524658203 295.0 60.19732666015625
vertex 56.02837371826172 295.0 62.184906005859375
vertex 61.70354461669922 295.0 60.19732666015625
endloop
endfacet
facet normal 0.8829475396532144 0.0 -0.46947166285126896
outer loop
vertex 56.02837371826172 295.0 62.184906005859375
vertex 56.02837371826172 298.0 62.184906005859375
vertex 61.352073669433594 295.0 72.19732666015625
endloop
endfacet
facet normal 0.9992959297947198 0.0 -0.037518591334246745
outer loop
vertex 63.70354461669922 156.0 74.19732666015625
vertex 63.461158752441406 264.0 67.741455078125
vertex 63.70354461669922 264.0 74.19732666015625
endloop
endfacet
facet normal 0.9999999999999999 0.0 -0.0
outer loop
vertex 61.70354461669922 261.0 60.19732666015625
vertex 61.70354461669922 264.0 67.741455078125
vertex 61.70354461669922 261.0 67.741455078125
endloop
endfacet
facet normal 1.0 0.0 -0.0
outer loop
vertex 61.70354461669922 261.0 60.19732666015625
vertex 61.70354461669922 295.0 60.19732666015625
vertex 61.70354461669922 264.0 67.741455078125
endloop
endfacet
facet normal 0.0 0.0 -1.0
outer loop
vertex 61.70354461669922 261.0 67.741455078125
vertex 61.70354461669922 264.0 67.741455078125
vertex 63.461158752441406 264.0 67.741455078125
endloop
endfacet
facet normal -0.0 1.0 0.0
outer loop
vertex 61.70354461669922 264.0 67.741455078125
vertex 61.70354461669922 264.0 72.19732666015625
vertex 63.461158752441406 264.0 67.741455078125
endloop
endfacet
facet normal 0.0 1.0 -0.0
outer loop
vertex 63.461158752441406 264.0 67.741455078125
vertex 61.70354461669922 264.0 72.19732666015625
vertex 63.70354461669922 264.0 74.19732666015625
endloop
endfacet
facet normal 1.0 0.0 -0.0
outer loop
vertex 61.70354461669922 264.0 67.741455078125
vertex 61.70354461669922 295.0 72.19732666015625
vertex 61.70354461669922 264.0 72.19732666015625
endloop
endfacet
facet normal 0.0 0.0 -1.0
outer loop
vertex 54.97156524658203 286.0 60.19732666015625
vertex 61.70354461669922 295.0 60.19732666015625
vertex 61.70354461669922 261.0 60.19732666015625
endloop
endfacet
facet normal -0.0 1.0 0.0
outer loop
vertex 56.02837371826172 295.0 62.184906005859375
vertex 61.352073669433594 295.0 72.19732666015625
vertex 61.70354461669922 295.0 60.19732666015625
endloop
endfacet
facet normal 0.8829474999113184 -3.1997909148120134e-07 -0.4694717375947671
outer loop
vertex 56.02837371826172 298.0 62.184906005859375
vertex 64.23265838623047 298.0 77.61491394042969
vertex 61.352073669433594 295.0 72.19732666015625
endloop
endfacet
facet normal 1.0 -0.0 0.0
outer loop
vertex 61.70354461669922 264.0 67.741455078125
vertex 61.70354461669922 295.0 60.19732666015625
vertex 61.70354461669922 295.0 72.19732666015625
endloop
endfacet
facet normal 0.0 -0.0 1.0
outer loop
vertex 61.70354461669922 264.0 72.19732666015625
vertex 61.70354461669922 295.0 72.19732666015625
vertex 61.352073669433594 286.0 72.19732666015625
endloop
endfacet
facet normal 0.0 1.0 -0.0
outer loop
vertex 61.70354461669922 295.0 60.19732666015625
vertex 61.352073669433594 295.0 72.19732666015625
vertex 61.70354461669922 295.0 72.19732666015625
endloop
endfacet
facet normal 0.0 -0.0 1.0
outer loop
vertex 61.352073669433594 286.0 72.19732666015625
vertex 61.70354461669922 295.0 72.19732666015625
vertex 61.352073669433594 295.0 72.19732666015625
endloop
endfacet
facet normal -0.0 1.0 0.0
outer loop
vertex 27.70354461669922 264.0 74.19732666015625
vertex 63.70354461669922 264.0 74.19732666015625
vertex 61.70354461669922 264.0 72.19732666015625
endloop
endfacet
facet normal 0.0 1.0 0.0
outer loop
vertex 44.807823181152344 298.0 87.94329833984375
vertex 64.23265838623047 298.0 77.61491394042969
vertex 56.02837371826172 298.0 62.184906005859375
endloop
endfacet
facet normal 0.46947214083548217 -6.882687289182031e-07 0.8829472855039963
outer loop
vertex 44.807823181152344 286.0 87.94329833984375
vertex 64.23265838623047 286.0 77.61491394042969
vertex 48.33960723876953 288.5 86.06541442871094
endloop
endfacet
facet normal 0.0 -1.0 0.0
outer loop
vertex 44.807823181152344 286.0 87.94329833984375
vertex 61.352073669433594 286.0 72.19732666015625
vertex 64.23265838623047 286.0 77.61491394042969
endloop
endfacet
facet normal 0.4694720813906352 -1.1730104505470118e-06 0.8829473171109183
outer loop
vertex 44.807823181152344 298.0 87.94329833984375
vertex 60.70087432861328 295.5 79.4927978515625
vertex 64.23265838623047 296.7373046875 77.61491394042969
endloop
endfacet
facet normal 0.46947235787268893 1.0815642758526617e-06 0.8829471701026558
outer loop
vertex 64.23265838623047 286.0 77.61491394042969
vertex 60.70087432861328 288.5 79.4927978515625
vertex 48.33960723876953 288.5 86.06541442871094
endloop
endfacet
facet normal 0.4694721408355933 -0.0 0.8829472855042053
outer loop
vertex 44.807823181152344 298.0 87.94329833984375
vertex 64.23265838623047 296.7373046875 77.61491394042969
vertex 64.23265838623047 298.0 77.61491394042969
endloop
endfacet
facet normal 0.46947235787268893 1.0815642758526617e-06 0.8829471701026558
outer loop
vertex 44.807823181152344 298.0 87.94329833984375
vertex 48.33960723876953 295.5 86.06541442871094
vertex 60.70087432861328 295.5 79.4927978515625
endloop
endfacet
facet normal 0.8829474264631393 0.0 -0.46947187573071836
outer loop
vertex 61.352073669433594 286.0 72.19732666015625
vertex 61.352073669433594 295.0 72.19732666015625
vertex 64.23265838623047 286.0 77.61491394042969
endloop
endfacet
facet normal 0.8829474264631393 0.0 -0.46947187573071836
outer loop
vertex 61.352073669433594 295.0 72.19732666015625
vertex 64.23265838623047 296.7373046875 77.61491394042969
vertex 64.23265838623047 286.0 77.61491394042969
endloop
endfacet
facet normal 0.8829474264631393 0.0 -0.46947187573071836
outer loop
vertex 61.352073669433594 295.0 72.19732666015625
vertex 64.23265838623047 298.0 77.61491394042969
vertex 64.23265838623047 296.7373046875 77.61491394042969
endloop
endfacet
facet normal 0.46947176101928756 0.0 0.8829474874563316
outer loop
vertex 64.23265838623047 296.7373046875 77.61491394042969
vertex 60.70087432861328 295.5 79.4927978515625
vertex 60.70087432861328 288.5 79.4927978515625
endloop
endfacet
facet normal 0.46947176101928756 -0.0 0.8829474874563317
outer loop
vertex 64.23265838623047 286.0 77.61491394042969
vertex 64.23265838623047 296.7373046875 77.61491394042969
vertex 60.70087432861328 288.5 79.4927978515625
endloop
endfacet
facet normal -0.8829473393580662 0.0 0.4694720395513582
outer loop
vertex 53.034324645996094 288.5 94.89488220214844
vertex 48.33960723876953 295.5 86.06541442871094
vertex 48.33960723876953 288.5 86.06541442871094
endloop
endfacet
facet normal 0.0 1.0 0.0
outer loop
vertex 52.67639923095703 295.5 84.89207458496094
vertex 60.70087432861328 295.5 79.4927978515625
vertex 48.33960723876953 295.5 86.06541442871094
endloop
endfacet
facet normal -0.0 -1.0 -0.0
outer loop
vertex 57.30303192138672 288.5 82.43203735351562
vertex 48.33960723876953 288.5 86.06541442871094
vertex 60.70087432861328 288.5 79.4927978515625
endloop
endfacet
facet normal 0.0 1.0 0.0
outer loop
vertex 52.67639923095703 295.5 84.89207458496094
vertex 57.30303192138672 295.5 82.43203735351562
vertex 60.70087432861328 295.5 79.4927978515625
endloop
endfacet
facet normal -0.08092903320616347 -0.9850300588978754 -0.15220471297553095
outer loop
vertex 57.30303192138672 288.5 82.43203735351562
vertex 58.362571716308594 288.5 81.86866760253906
vertex 58.241981506347656 288.1499938964844 84.19793701171875
endloop
endfacet
facet normal 0.0 -0.9999999999999999 0.0
outer loop
vertex 57.30303192138672 288.5 82.43203735351562
vertex 60.70087432861328 288.5 79.4927978515625
vertex 58.362571716308594 288.5 81.86866760253906
endloop
endfacet
facet normal -0.08092903320616347 -0.9850300588978754 -0.15220471297553095
outer loop
vertex 58.362571716308594 288.5 81.86866760253906
vertex 59.30152130126953 288.1499938964844 83.63456726074219
vertex 58.241981506347656 288.1499938964844 84.19793701171875
endloop
endfacet
facet normal -0.08092903320616347 0.9850300588978754 -0.15220471297553095
outer loop
vertex 57.30303192138672 295.5 82.43203735351562
vertex 58.241981506347656 295.8500061035156 84.19793701171875
vertex 58.362571716308594 295.5 81.86866760253906
endloop
endfacet
facet normal 0.0 0.9999999999999999 0.0
outer loop
vertex 57.30303192138672 295.5 82.43203735351562
vertex 58.362571716308594 295.5 81.86866760253906
vertex 60.70087432861328 295.5 79.4927978515625
endloop
endfacet
facet normal -0.08092903320616347 0.9850300588978754 -0.15220471297553095
outer loop
vertex 58.362571716308594 295.5 81.86866760253906
vertex 58.241981506347656 295.8500061035156 84.19793701171875
vertex 59.30152130126953 295.8500061035156 83.63456726074219
endloop
endfacet
facet normal -0.0 -1.0 -0.0
outer loop
vertex 51.616859436035156 288.5 85.45542907714844
vertex 48.33960723876953 288.5 86.06541442871094
vertex 52.67639923095703 288.5 84.89207458496094
endloop
endfacet
facet normal -0.0 -1.0 -0.0
outer loop
vertex 52.67639923095703 288.5 84.89207458496094
vertex 48.33960723876953 288.5 86.06541442871094
vertex 57.30303192138672 288.5 82.43203735351562
endloop
endfacet
facet normal -0.080927605607276 -0.9850299540555323 -0.1522061505459922
outer loop
vertex 51.616859436035156 288.5 85.45542907714844
vertex 52.67639923095703 288.5 84.89207458496094
vertex 52.55579376220703 288.1499938964844 87.22132873535156
endloop
endfacet
facet normal -0.0 -1.0 0.0
outer loop
vertex 51.616859436035156 288.5 85.45542907714844
vertex 55.84210968017578 288.5 93.40196228027344
vertex 48.33960723876953 288.5 86.06541442871094
endloop
endfacet
facet normal 0.0 1.0 0.0
outer loop
vertex 51.616859436035156 295.5 85.45542907714844
vertex 52.67639923095703 295.5 84.89207458496094
vertex 48.33960723876953 295.5 86.06541442871094
endloop
endfacet
facet normal -0.080927605607276 0.9850299540555323 -0.1522061505459922
outer loop
vertex 51.616859436035156 295.5 85.45542907714844
vertex 52.55579376220703 295.8500061035156 87.22132873535156
vertex 52.67639923095703 295.5 84.89207458496094
endloop
endfacet
facet normal 0.0 1.0 -0.0
outer loop
vertex 51.616859436035156 295.5 85.45542907714844
vertex 48.33960723876953 295.5 86.06541442871094
vertex 53.034324645996094 295.5 94.89488220214844
endloop
endfacet
facet normal -0.08092984343502825 -0.9850297568725958 -0.1522062367877764
outer loop
vertex 52.67639923095703 288.5 84.89207458496094
vertex 53.615333557128906 288.1499938964844 86.657958984375
vertex 52.55579376220703 288.1499938964844 87.22132873535156
endloop
endfacet
facet normal -0.8829474270618106 3.021007503142015e-05 0.4694718736327877
outer loop
vertex 51.616859436035156 288.5 85.45542907714844
vertex 52.55579376220703 288.1499938964844 87.22132873535156
vertex 55.84210968017578 288.5 93.40196228027344
endloop
endfacet
facet normal 0.0 -1.0 0.0
outer loop
vertex 52.55579376220703 288.1499938964844 87.22132873535156
vertex 53.615333557128906 288.1499938964844 86.657958984375
vertex 55.37262725830078 288.1499938964844 92.51901245117188
endloop
endfacet
facet normal 0.882947053696713 -1.4291275221428922e-05 -0.4694725765836097
outer loop
vertex 52.67639923095703 288.5 84.89207458496094
vertex 56.901649475097656 288.5 92.83859252929688
vertex 53.615333557128906 288.1499938964844 86.657958984375
endloop
endfacet
facet normal -0.08092984343502825 0.9850297568725958 -0.1522062367877764
outer loop
vertex 52.67639923095703 295.5 84.89207458496094
vertex 52.55579376220703 295.8500061035156 87.22132873535156
vertex 53.615333557128906 295.8500061035156 86.657958984375
endloop
endfacet
facet normal -0.8829474270618106 -3.021007503142015e-05 0.4694718736327877
outer loop
vertex 51.616859436035156 295.5 85.45542907714844
vertex 55.84210968017578 295.5 93.40196228027344
vertex 52.55579376220703 295.8500061035156 87.22132873535156
endloop
endfacet
facet normal -0.0 1.0 0.0
outer loop
vertex 52.55579376220703 295.8500061035156 87.22132873535156
vertex 55.37262725830078 295.8500061035156 92.51901245117188
vertex 53.615333557128906 295.8500061035156 86.657958984375
endloop
endfacet
facet normal 0.882947053696713 1.4291275221428922e-05 -0.4694725765836097
outer loop
vertex 52.67639923095703 295.5 84.89207458496094
vertex 53.615333557128906 295.8500061035156 86.657958984375
vertex 56.901649475097656 295.5 92.83859252929688
endloop
endfacet
facet normal 0.0 -1.0 -0.0
outer loop
vertex 53.034324645996094 288.5 94.89488220214844
vertex 48.33960723876953 288.5 86.06541442871094
vertex 55.84210968017578 288.5 93.40196228027344
endloop
endfacet
facet normal -0.8829473393580662 0.0 0.4694720395513582
outer loop
vertex 53.034324645996094 288.5 94.89488220214844
vertex 53.034324645996094 295.5 94.89488220214844
vertex 48.33960723876953 295.5 86.06541442871094
endloop
endfacet
facet normal -0.8829472406100716 6.008588592139482e-06 0.4694722252305852
outer loop
vertex 52.55579376220703 288.1499938964844 87.22132873535156
vertex 55.37262725830078 288.1499938964844 92.51901245117188
vertex 56.31157684326172 288.5 94.284912109375
endloop
endfacet
facet normal -0.8829499013235117 0.0001359454575576383 0.46946720148657195
outer loop
vertex 52.55579376220703 288.1499938964844 87.22132873535156
vertex 56.31157684326172 288.5 94.284912109375
vertex 55.84210968017578 288.5 93.40196228027344
endloop
endfacet
facet normal 0.17435886316309454 -0.9284749563761506 0.3279226162050714
outer loop
vertex 53.034324645996094 288.5 94.89488220214844
vertex 55.84210968017578 288.5 93.40196228027344
vertex 55.95948028564453 288.6000061035156 93.62271118164062
endloop
endfacet
facet normal -0.0 1.0 0.0
outer loop
vertex 51.616859436035156 295.5 85.45542907714844
vertex 53.034324645996094 295.5 94.89488220214844
vertex 55.84210968017578 295.5 93.40196228027344
endloop
endfacet
facet normal -0.8829499013235117 -0.0001359454575576383 0.46946720148657195
outer loop
vertex 52.55579376220703 295.8500061035156 87.22132873535156
vertex 55.84210968017578 295.5 93.40196228027344
vertex 56.31157684326172 295.5 94.284912109375
endloop
endfacet
facet normal -0.8829472406100716 -6.008588592139482e-06 0.4694722252305852
outer loop
vertex 52.55579376220703 295.8500061035156 87.22132873535156
vertex 56.31157684326172 295.5 94.284912109375
vertex 55.37262725830078 295.8500061035156 92.51901245117188
endloop
endfacet
facet normal -0.6454375217791256 0.0 0.7638130697229661
outer loop
vertex 53.034324645996094 288.5 94.89488220214844
vertex 54.67963409423828 294.6999969482422 96.28520202636719
vertex 53.034324645996094 295.5 94.89488220214844
endloop
endfacet
facet normal -0.6454375217791256 0.0 0.763813069722966
outer loop
vertex 53.034324645996094 288.5 94.89488220214844
vertex 54.67963409423828 289.3000030517578 96.28520202636719
vertex 54.67963409423828 294.6999969482422 96.28520202636719
endloop
endfacet
facet normal 0.17435886316309454 0.9284749563761506 0.3279226162050714
outer loop
vertex 53.034324645996094 295.5 94.89488220214844
vertex 55.95948028564453 295.3999938964844 93.62271118164062
vertex 55.84210968017578 295.5 93.40196228027344
endloop
endfacet
facet normal 0.17435733987003874 0.9284765229741122 0.32791899048293455
outer loop
vertex 53.034324645996094 295.5 94.89488220214844
vertex 54.67963409423828 294.6999969482422 96.28520202636719
vertex 55.95948028564453 295.3999938964844 93.62271118164062
endloop
endfacet
facet normal 0.0 -1.0 0.0
outer loop
vertex 52.67639923095703 288.5 84.89207458496094
vertex 61.528282165527344 288.5 90.37857055664062
vertex 56.901649475097656 288.5 92.83859252929688
endloop
endfacet
facet normal -0.0 1.0 0.0
outer loop
vertex 52.67639923095703 295.5 84.89207458496094
vertex 56.901649475097656 295.5 92.83859252929688
vertex 57.30303192138672 295.5 82.43203735351562
endloop
endfacet
facet normal 0.0 -1.0 0.0
outer loop
vertex 52.67639923095703 288.5 84.89207458496094
vertex 57.30303192138672 288.5 82.43203735351562
vertex 61.528282165527344 288.5 90.37857055664062
endloop
endfacet
facet normal -0.8829474274344342 -8.282706690699916e-06 0.4694718738309154
outer loop
vertex 57.30303192138672 288.5 82.43203735351562
vertex 58.241981506347656 288.1499938964844 84.19793701171875
vertex 61.528282165527344 288.5 90.37857055664062
endloop
endfacet
facet normal -0.8829474274344342 8.282706690699916e-06 0.4694718738309154
outer loop
vertex 57.30303192138672 295.5 82.43203735351562
vertex 61.528282165527344 295.5 90.37857055664062
vertex 58.241981506347656 295.8500061035156 84.19793701171875
endloop
endfacet
facet normal -0.0 1.0 -0.0
outer loop
vertex 57.30303192138672 295.5 82.43203735351562
vertex 56.901649475097656 295.5 92.83859252929688
vertex 61.528282165527344 295.5 90.37857055664062
endloop
endfacet
facet normal 0.0 -1.0 0.0
outer loop
vertex 53.615333557128906 288.1499938964844 86.657958984375
vertex 56.432167053222656 288.1499938964844 91.95564270019531
vertex 55.37262725830078 288.1499938964844 92.51901245117188
endloop
endfacet
facet normal 0.8829472406100716 -6.008588592139482e-06 -0.4694722252305852
outer loop
vertex 53.615333557128906 288.1499938964844 86.657958984375
vertex 57.371116638183594 288.5 93.72154235839844
vertex 56.432167053222656 288.1499938964844 91.95564270019531
endloop
endfacet
facet normal 0.8829499013235117 -0.0001359454575576383 -0.46946720148657195
outer loop
vertex 53.615333557128906 288.1499938964844 86.657958984375
vertex 56.901649475097656 288.5 92.83859252929688
vertex 57.371116638183594 288.5 93.72154235839844
endloop
endfacet
facet normal 0.08092903320616347 -0.9850300588978754 0.15220471297553095
outer loop
vertex 55.37262725830078 288.1499938964844 92.51901245117188
vertex 56.432167053222656 288.1499938964844 91.95564270019531
vertex 56.31157684326172 288.5 94.284912109375
endloop
endfacet
facet normal 0.8829499093051313 2.004316859498551e-05 -0.46946720573042383
outer loop
vertex 56.901649475097656 288.5 92.83859252929688
vertex 57.019020080566406 288.6000061035156 93.05934143066406
vertex 57.371116638183594 288.5 93.72154235839844
endloop
endfacet
facet normal -0.8829499093051313 -2.004316859498551e-05 0.46946720573042383
outer loop
vertex 55.84210968017578 288.5 93.40196228027344
vertex 56.31157684326172 288.5 94.284912109375
vertex 55.95948028564453 288.6000061035156 93.62271118164062
endloop
endfacet
facet normal -0.0 0.9999999999999999 0.0
outer loop
vertex 55.95948028564453 288.6000061035156 93.62271118164062
vertex 56.31157684326172 288.6000061035156 94.284912109375
vertex 57.019020080566406 288.6000061035156 93.05934143066406
endloop
endfacet
facet normal -0.8829486547680262 0.0 0.46946956561989506
outer loop
vertex 55.95948028564453 288.6000061035156 93.62271118164062
vertex 56.31157684326172 288.5 94.284912109375
vertex 56.31157684326172 288.6000061035156 94.284912109375
endloop
endfacet
facet normal 0.08092903320616347 -0.9850300588978754 0.15220471297553095
outer loop
vertex 56.432167053222656 288.1499938964844 91.95564270019531
vertex 57.371116638183594 288.5 93.72154235839844
vertex 56.31157684326172 288.5 94.284912109375
endloop
endfacet
facet normal 0.0 0.9999999999999999 0.0
outer loop
vertex 56.31157684326172 288.6000061035156 94.284912109375
vertex 57.371116638183594 288.6000061035156 93.72154235839844
vertex 57.019020080566406 288.6000061035156 93.05934143066406
endloop
endfacet
facet normal 0.46947315367342546 -0.0 0.8829467469671817
outer loop
vertex 56.31157684326172 288.5 94.284912109375
vertex 57.371116638183594 288.5 93.72154235839844
vertex 57.371116638183594 288.6000061035156 93.72154235839844
endloop
endfacet
facet normal 0.46947315367342546 0.0 0.8829467469671817
outer loop
vertex 56.31157684326172 288.5 94.284912109375
vertex 57.371116638183594 288.6000061035156 93.72154235839844
vertex 56.31157684326172 288.6000061035156 94.284912109375
endloop
endfacet
facet normal -0.0 1.0 0.0
outer loop
vertex 53.615333557128906 295.8500061035156 86.657958984375
vertex 55.37262725830078 295.8500061035156 92.51901245117188
vertex 56.432167053222656 295.8500061035156 91.95564270019531
endloop
endfacet
facet normal 0.8829499013235117 0.0001359454575576383 -0.46946720148657195
outer loop
vertex 53.615333557128906 295.8500061035156 86.657958984375
vertex 57.371116638183594 295.5 93.72154235839844
vertex 56.901649475097656 295.5 92.83859252929688
endloop
endfacet
facet normal 0.8829472406100716 6.008588592139482e-06 -0.4694722252305852
outer loop
vertex 53.615333557128906 295.8500061035156 86.657958984375
vertex 56.432167053222656 295.8500061035156 91.95564270019531
vertex 57.371116638183594 295.5 93.72154235839844
endloop
endfacet
facet normal 0.08092903320616347 0.9850300588978754 0.15220471297553095
outer loop
vertex 55.37262725830078 295.8500061035156 92.51901245117188
vertex 56.31157684326172 295.5 94.284912109375
vertex 56.432167053222656 295.8500061035156 91.95564270019531
endloop
endfacet
facet normal 0.8829499093051313 -2.004316859498551e-05 -0.46946720573042383
outer loop
vertex 56.901649475097656 295.5 92.83859252929688
vertex 57.371116638183594 295.5 93.72154235839844
vertex 57.019020080566406 295.3999938964844 93.05934143066406
endloop
endfacet
facet normal -0.8829499093051313 2.004316859498551e-05 0.46946720573042383
outer loop
vertex 55.84210968017578 295.5 93.40196228027344
vertex 55.95948028564453 295.3999938964844 93.62271118164062
vertex 56.31157684326172 295.5 94.284912109375
endloop
endfacet
facet normal 0.1743586536434448 0.9284760931324727 0.32791950899741396
outer loop
vertex 54.67963409423828 294.6999969482422 96.28520202636719
vertex 57.019020080566406 295.3999938964844 93.05934143066406
vertex 55.95948028564453 295.3999938964844 93.62271118164062
endloop
endfacet
facet normal 0.0 -0.9999999999999999 0.0
outer loop
vertex 55.95948028564453 295.3999938964844 93.62271118164062
vertex 57.371116638183594 295.3999938964844 93.72154235839844
vertex 56.31157684326172 295.3999938964844 94.284912109375
endloop
endfacet
facet normal -0.8829486547680262 0.0 0.46946956561989506
outer loop
vertex 55.95948028564453 295.3999938964844 93.62271118164062
vertex 56.31157684326172 295.3999938964844 94.284912109375
vertex 56.31157684326172 295.5 94.284912109375
endloop
endfacet
facet normal 0.08092903320616347 0.9850300588978754 0.15220471297553095
outer loop
vertex 56.432167053222656 295.8500061035156 91.95564270019531
vertex 56.31157684326172 295.5 94.284912109375
vertex 57.371116638183594 295.5 93.72154235839844
endloop
endfacet
facet normal 0.0 -0.9999999999999999 0.0
outer loop
vertex 55.95948028564453 295.3999938964844 93.62271118164062
vertex 57.019020080566406 295.3999938964844 93.05934143066406
vertex 57.371116638183594 295.3999938964844 93.72154235839844
endloop
endfacet
facet normal 0.46947315367342546 -0.0 0.8829467469671817
outer loop
vertex 56.31157684326172 295.5 94.284912109375
vertex 57.371116638183594 295.3999938964844 93.72154235839844
vertex 57.371116638183594 295.5 93.72154235839844
endloop
endfacet
facet normal 0.46947315367342546 0.0 0.8829467469671817
outer loop
vertex 56.31157684326172 295.3999938964844 94.284912109375
vertex 57.371116638183594 295.3999938964844 93.72154235839844
vertex 56.31157684326172 295.5 94.284912109375
endloop
endfacet
facet normal 0.174359271785948 -0.928474956374244 0.3279223989423712
outer loop
vertex 56.901649475097656 288.5 92.83859252929688
vertex 61.645652770996094 288.6000061035156 90.59931945800781
vertex 57.019020080566406 288.6000061035156 93.05934143066406
endloop
endfacet
facet normal 0.8829486547680262 0.0 -0.46946956561989506
outer loop
vertex 57.019020080566406 288.6000061035156 93.05934143066406
vertex 57.371116638183594 288.6000061035156 93.72154235839844
vertex 57.371116638183594 288.5 93.72154235839844
endloop
endfacet
facet normal 0.17435792371046024 -0.9284759225383412 0.327920380132058
outer loop
vertex 53.034324645996094 288.5 94.89488220214844
vertex 55.95948028564453 288.6000061035156 93.62271118164062
vertex 65.62818145751953 289.3000030517578 90.46376037597656
endloop
endfacet
facet normal 0.174359271785948 0.928474956374244 0.3279223989423712
outer loop
vertex 56.901649475097656 295.5 92.83859252929688
vertex 57.019020080566406 295.3999938964844 93.05934143066406
vertex 61.528282165527344 295.5 90.37857055664062
endloop
endfacet
facet normal 0.17435743729743422 -0.9284765416110616 0.32791888591088186
outer loop
vertex 53.034324645996094 288.5 94.89488220214844
vertex 65.62818145751953 289.3000030517578 90.46376037597656
vertex 54.67963409423828 289.3000030517578 96.28520202636719
endloop
endfacet
facet normal 0.8829486547680262 0.0 -0.46946956561989506
outer loop
vertex 57.019020080566406 295.3999938964844 93.05934143066406
vertex 57.371116638183594 295.5 93.72154235839844
vertex 57.371116638183594 295.3999938964844 93.72154235839844
endloop
endfacet
facet normal 0.17435726618543856 0.928476665202545 0.32791862695294016
outer loop
vertex 54.67963409423828 294.6999969482422 96.28520202636719
vertex 61.645652770996094 295.3999938964844 90.59931945800781
vertex 57.019020080566406 295.3999938964844 93.05934143066406
endloop
endfacet
facet normal 0.4694712958583191 0.0 0.8829477347867826
outer loop
vertex 54.67963409423828 289.3000030517578 96.28520202636719
vertex 65.62818145751953 289.3000030517578 90.46376037597656
vertex 54.67963409423828 294.6999969482422 96.28520202636719
endloop
endfacet
facet normal 0.0 -1.0 0.0
outer loop
vertex 58.362571716308594 288.5 81.86866760253906
vertex 60.70087432861328 288.5 79.4927978515625
vertex 65.39559173583984 288.5 88.32228088378906
endloop
endfacet
facet normal 0.8829476756674087 0.0 -0.46947140704575424
outer loop
vertex 65.39559173583984 295.5 88.32228088378906
vertex 60.70087432861328 288.5 79.4927978515625
vertex 60.70087432861328 295.5 79.4927978515625
endloop
endfacet
facet normal -0.0 1.0 0.0
outer loop
vertex 58.362571716308594 295.5 81.86866760253906
vertex 65.39559173583984 295.5 88.32228088378906
vertex 60.70087432861328 295.5 79.4927978515625
endloop
endfacet
facet normal 0.8829474274344342 8.282706690699916e-06 -0.4694718738309154
outer loop
vertex 58.362571716308594 288.5 81.86866760253906
vertex 62.58782196044922 288.5 89.81520080566406
vertex 59.30152130126953 288.1499938964844 83.63456726074219
endloop
endfacet
facet normal 0.0 -1.0 0.0
outer loop
vertex 58.241981506347656 288.1499938964844 84.19793701171875
vertex 59.30152130126953 288.1499938964844 83.63456726074219
vertex 61.058815002441406 288.1499938964844 89.49562072753906
endloop
endfacet
facet normal 0.0 -1.0 0.0
outer loop
vertex 59.30152130126953 288.1499938964844 83.63456726074219
vertex 62.11835479736328 288.1499938964844 88.9322509765625
vertex 61.058815002441406 288.1499938964844 89.49562072753906
endloop
endfacet
facet normal -0.8829472401601574 -3.2484184981423485e-05 0.46947222499136115
outer loop
vertex 58.241981506347656 288.1499938964844 84.19793701171875
vertex 61.058815002441406 288.1499938964844 89.49562072753906
vertex 61.99774932861328 288.5 91.26152038574219
endloop
endfacet
facet normal -0.8829499052897953 9.745256840941006e-05 0.46946720359545724
outer loop
vertex 58.241981506347656 288.1499938964844 84.19793701171875
vertex 61.99774932861328 288.5 91.26152038574219
vertex 61.528282165527344 288.5 90.37857055664062
endloop
endfacet
facet normal 0.8829474274344342 -8.282706690699916e-06 -0.4694718738309154
outer loop
vertex 58.362571716308594 295.5 81.86866760253906
vertex 59.30152130126953 295.8500061035156 83.63456726074219
vertex 62.58782196044922 295.5 89.81520080566406
endloop
endfacet
facet normal -0.0 1.0 0.0
outer loop
vertex 58.241981506347656 295.8500061035156 84.19793701171875
vertex 61.058815002441406 295.8500061035156 89.49562072753906
vertex 59.30152130126953 295.8500061035156 83.63456726074219
endloop
endfacet
facet normal -0.8829499052897953 -9.745256840941006e-05 0.46946720359545724
outer loop
vertex 58.241981506347656 295.8500061035156 84.19793701171875
vertex 61.528282165527344 295.5 90.37857055664062
vertex 61.99774932861328 295.5 91.26152038574219
endloop
endfacet
facet normal -0.0 1.0 0.0
outer loop
vertex 59.30152130126953 295.8500061035156 83.63456726074219
vertex 61.058815002441406 295.8500061035156 89.49562072753906
vertex 62.11835479736328 295.8500061035156 88.9322509765625
endloop
endfacet
facet normal -0.8829472401601574 3.2484184981423485e-05 0.46947222499136115
outer loop
vertex 58.241981506347656 295.8500061035156 84.19793701171875
vertex 61.99774932861328 295.5 91.26152038574219
vertex 61.058815002441406 295.8500061035156 89.49562072753906
endloop
endfacet
facet normal 0.0 -1.0 0.0
outer loop
vertex 58.362571716308594 288.5 81.86866760253906
vertex 65.39559173583984 288.5 88.32228088378906
vertex 62.58782196044922 288.5 89.81520080566406
endloop
endfacet
facet normal 0.8829472401601574 3.2484184981423485e-05 -0.46947222499136115
outer loop
vertex 59.30152130126953 288.1499938964844 83.63456726074219
vertex 63.057289123535156 288.5 90.69815063476562
vertex 62.11835479736328 288.1499938964844 88.9322509765625
endloop
endfacet
facet normal 0.8829499052897953 -9.745256840941006e-05 -0.46946720359545724
outer loop
vertex 59.30152130126953 288.1499938964844 83.63456726074219
vertex 62.58782196044922 288.5 89.81520080566406
vertex 63.057289123535156 288.5 90.69815063476562
endloop
endfacet
facet normal 0.08092931446367232 -0.9850299540551632 0.15220524194167218
outer loop
vertex 61.058815002441406 288.1499938964844 89.49562072753906
vertex 62.11835479736328 288.1499938964844 88.9322509765625
vertex 61.99774932861328 288.5 91.26152038574219
endloop
endfacet
facet normal 0.8829499093051313 2.004316859498551e-05 -0.46946720573042383
outer loop
vertex 62.58782196044922 288.5 89.81520080566406
vertex 62.70519256591797 288.6000061035156 90.03594970703125
vertex 63.057289123535156 288.5 90.69815063476562
endloop
endfacet
facet normal -0.0 1.0 0.0
outer loop
vertex 58.362571716308594 295.5 81.86866760253906
vertex 62.58782196044922 295.5 89.81520080566406
vertex 65.39559173583984 295.5 88.32228088378906
endloop
endfacet
facet normal 0.8829499052897953 9.745256840941006e-05 -0.46946720359545724
outer loop
vertex 59.30152130126953 295.8500061035156 83.63456726074219
vertex 63.057289123535156 295.5 90.69815063476562
vertex 62.58782196044922 295.5 89.81520080566406
endloop
endfacet
facet normal 0.8829472401601574 -3.2484184981423485e-05 -0.46947222499136115
outer loop
vertex 59.30152130126953 295.8500061035156 83.63456726074219
vertex 62.11835479736328 295.8500061035156 88.9322509765625
vertex 63.057289123535156 295.5 90.69815063476562
endloop
endfacet
facet normal 0.08092931446367232 0.9850299540551632 0.15220524194167218
outer loop
vertex 61.058815002441406 295.8500061035156 89.49562072753906
vertex 61.99774932861328 295.5 91.26152038574219
vertex 62.11835479736328 295.8500061035156 88.9322509765625
endloop
endfacet
facet normal 0.8829499093051313 -2.004316859498551e-05 -0.46946720573042383
outer loop
vertex 62.70519256591797 295.3999938964844 90.03594970703125
vertex 62.58782196044922 295.5 89.81520080566406
vertex 63.057289123535156 295.5 90.69815063476562
endloop
endfacet
facet normal 0.174359271785948 -0.928474956374244 0.3279223989423712
outer loop
vertex 56.901649475097656 288.5 92.83859252929688
vertex 61.528282165527344 288.5 90.37857055664062
vertex 61.645652770996094 288.6000061035156 90.59931945800781
endloop
endfacet
facet normal 0.17435641267915636 -0.9284780024710795 0.32791529437488853
outer loop
vertex 55.95948028564453 288.6000061035156 93.62271118164062
vertex 57.019020080566406 288.6000061035156 93.05934143066406
vertex 65.62818145751953 289.3000030517578 90.46376037597656
endloop
endfacet
facet normal 0.174359271785948 0.928474956374244 0.3279223989423712
outer loop
vertex 57.019020080566406 295.3999938964844 93.05934143066406
vertex 61.645652770996094 295.3999938964844 90.59931945800781
vertex 61.528282165527344 295.5 90.37857055664062
endloop
endfacet
facet normal 0.17435963640679314 0.92847525579288 0.32792135729841826
outer loop
vertex 54.67963409423828 294.6999969482422 96.28520202636719
vertex 62.70519256591797 295.3999938964844 90.03594970703125
vertex 61.645652770996094 295.3999938964844 90.59931945800781
endloop
endfacet
facet normal 0.17435669489370081 0.9284770705650982 0.32791778295877544
outer loop
vertex 54.67963409423828 294.6999969482422 96.28520202636719
vertex 65.39559173583984 295.5 88.32228088378906
vertex 62.70519256591797 295.3999938964844 90.03594970703125
endloop
endfacet
facet normal -0.8829499093051313 -2.004316859498551e-05 0.46946720573042383
outer loop
vertex 61.528282165527344 288.5 90.37857055664062
vertex 61.99774932861328 288.5 91.26152038574219
vertex 61.645652770996094 288.6000061035156 90.59931945800781
endloop
endfacet
facet normal -0.8829486547680262 0.0 0.46946956561989506
outer loop
vertex 61.645652770996094 288.6000061035156 90.59931945800781
vertex 61.99774932861328 288.5 91.26152038574219
vertex 61.99774932861328 288.6000061035156 91.26152038574219
endloop
endfacet
facet normal -0.0 0.9999999999999999 0.0
outer loop
vertex 61.645652770996094 288.6000061035156 90.59931945800781
vertex 61.99774932861328 288.6000061035156 91.26152038574219
vertex 62.70519256591797 288.6000061035156 90.03594970703125
endloop
endfacet
facet normal 0.08092931446367232 -0.9850299540551632 0.15220524194167218
outer loop
vertex 62.11835479736328 288.1499938964844 88.9322509765625
vertex 63.057289123535156 288.5 90.69815063476562
vertex 61.99774932861328 288.5 91.26152038574219
endloop
endfacet
facet normal 0.46947315367342546 0.0 0.8829467469671817
outer loop
vertex 61.99774932861328 288.5 91.26152038574219
vertex 63.057289123535156 288.6000061035156 90.69815063476562
vertex 61.99774932861328 288.6000061035156 91.26152038574219
endloop
endfacet
facet normal 0.0 0.9999999999999999 0.0
outer loop
vertex 61.99774932861328 288.6000061035156 91.26152038574219
vertex 63.057289123535156 288.6000061035156 90.69815063476562
vertex 62.70519256591797 288.6000061035156 90.03594970703125
endloop
endfacet
facet normal 0.8829486547680262 0.0 -0.46946956561989506
outer loop
vertex 62.70519256591797 288.6000061035156 90.03594970703125
vertex 63.057289123535156 288.6000061035156 90.69815063476562
vertex 63.057289123535156 288.5 90.69815063476562
endloop
endfacet
facet normal 0.46947315367342546 -0.0 0.8829467469671817
outer loop
vertex 61.99774932861328 288.5 91.26152038574219
vertex 63.057289123535156 288.5 90.69815063476562
vertex 63.057289123535156 288.6000061035156 90.69815063476562
endloop
endfacet
facet normal 0.17435735081076134 -0.9284765930998397 0.32791878611017095
outer loop
vertex 57.019020080566406 288.6000061035156 93.05934143066406
vertex 61.645652770996094 288.6000061035156 90.59931945800781
vertex 65.62818145751953 289.3000030517578 90.46376037597656
endloop
endfacet
facet normal 0.4694712958583191 -0.0 0.8829477347867826
outer loop
vertex 54.67963409423828 294.6999969482422 96.28520202636719
vertex 65.62818145751953 289.3000030517578 90.46376037597656
vertex 65.62818145751953 294.6999969482422 90.46376037597656
endloop
endfacet
facet normal -0.8829499093051313 2.004316859498551e-05 0.46946720573042383
outer loop
vertex 61.645652770996094 295.3999938964844 90.59931945800781
vertex 61.99774932861328 295.5 91.26152038574219
vertex 61.528282165527344 295.5 90.37857055664062
endloop
endfacet
facet normal -0.8829486547680262 0.0 0.46946956561989506
outer loop
vertex 61.645652770996094 295.3999938964844 90.59931945800781
vertex 61.99774932861328 295.3999938964844 91.26152038574219
vertex 61.99774932861328 295.5 91.26152038574219
endloop
endfacet
facet normal 0.17435718428616973 0.9284767571823638 0.32791841006555367
outer loop
vertex 54.67963409423828 294.6999969482422 96.28520202636719
vertex 65.62818145751953 294.6999969482422 90.46376037597656
vertex 65.39559173583984 295.5 88.32228088378906
endloop
endfacet
facet normal 0.08092931446367232 0.9850299540551632 0.15220524194167218
outer loop
vertex 62.11835479736328 295.8500061035156 88.9322509765625
vertex 61.99774932861328 295.5 91.26152038574219
vertex 63.057289123535156 295.5 90.69815063476562
endloop
endfacet
facet normal 0.0 -0.9999999999999999 0.0
outer loop
vertex 61.645652770996094 295.3999938964844 90.59931945800781
vertex 63.057289123535156 295.3999938964844 90.69815063476562
vertex 61.99774932861328 295.3999938964844 91.26152038574219
endloop
endfacet
facet normal 0.46947315367342546 0.0 0.8829467469671817
outer loop
vertex 61.99774932861328 295.3999938964844 91.26152038574219
vertex 63.057289123535156 295.3999938964844 90.69815063476562
vertex 61.99774932861328 295.5 91.26152038574219
endloop
endfacet
facet normal 0.17435739541926357 -0.9284771651637724 0.32791714263218286
outer loop
vertex 61.645652770996094 288.6000061035156 90.59931945800781
vertex 62.70519256591797 288.6000061035156 90.03594970703125
vertex 65.62818145751953 289.3000030517578 90.46376037597656
endloop
endfacet
facet normal 0.0 -0.9999999999999999 0.0
outer loop
vertex 61.645652770996094 295.3999938964844 90.59931945800781
vertex 62.70519256591797 295.3999938964844 90.03594970703125
vertex 63.057289123535156 295.3999938964844 90.69815063476562
endloop
endfacet
facet normal 0.8829486547680262 0.0 -0.46946956561989506
outer loop
vertex 62.70519256591797 295.3999938964844 90.03594970703125
vertex 63.057289123535156 295.5 90.69815063476562
vertex 63.057289123535156 295.3999938964844 90.69815063476562
endloop
endfacet
facet normal 0.46947315367342546 -0.0 0.8829467469671817
outer loop
vertex 61.99774932861328 295.5 91.26152038574219
vertex 63.057289123535156 295.3999938964844 90.69815063476562
vertex 63.057289123535156 295.5 90.69815063476562
endloop
endfacet
facet normal 0.17435960187467467 -0.9284749563725584 0.3279222234358022
outer loop
vertex 62.58782196044922 288.5 89.81520080566406
vertex 65.39559173583984 288.5 88.32228088378906
vertex 62.70519256591797 288.6000061035156 90.03594970703125
endloop
endfacet
facet normal 0.8829476756674087 0.0 -0.46947140704575424
outer loop
vertex 65.39559173583984 288.5 88.32228088378906
vertex 60.70087432861328 288.5 79.4927978515625
vertex 65.39559173583984 295.5 88.32228088378906
endloop
endfacet
facet normal 0.17435960187467467 0.9284749563725584 0.3279222234358022
outer loop
vertex 62.70519256591797 295.3999938964844 90.03594970703125
vertex 65.39559173583984 295.5 88.32228088378906
vertex 62.58782196044922 295.5 89.81520080566406
endloop
endfacet
facet normal 0.17435711282094538 -0.9284767666166004 0.32791842135190724
outer loop
vertex 62.70519256591797 288.6000061035156 90.03594970703125
vertex 65.39559173583984 288.5 88.32228088378906
vertex 65.62818145751953 289.3000030517578 90.46376037597656
endloop
endfacet
facet normal 0.9941534259248608 0.0 -0.10797669064137157
outer loop
vertex 65.39559173583984 288.5 88.32228088378906
vertex 65.39559173583984 295.5 88.32228088378906
vertex 65.62818145751953 289.3000030517578 90.46376037597656
endloop
endfacet
facet normal 0.9941534259248607 0.0 -0.10797669064137157
outer loop
vertex 65.62818145751953 289.3000030517578 90.46376037597656
vertex 65.39559173583984 295.5 88.32228088378906
vertex 65.62818145751953 294.6999969482422 90.46376037597656
endloop
endfacet

endsolid
