solid 
facet normal -0.469474060783093 -3.139394328213451e-07 -0.8829462646456657
outer loop
vertex 328.0727844238281 -146.0 556.7692260742188
vertex 333.0622253417969 -137.0 554.1162719726562
vertex 329.44647216796875 -146.0 556.038818359375
endloop
endfacet
facet normal -0.4694746699803334 0.0 -0.8829459407273228
outer loop
vertex 329.44647216796875 -146.86798095703125 556.038818359375
vertex 329.44647216796875 -146.0 556.038818359375
vertex 333.0622253417969 -137.0 554.1162719726562
endloop
endfacet
facet normal -0.4694745022568487 0.0 -0.8829460299082181
outer loop
vertex 328.0727844238281 -146.0 556.7692260742188
vertex 328.0727844238281 -112.0 556.7692260742188
vertex 333.0622253417969 -112.0 554.1162719726562
endloop
endfacet
facet normal -1.0 0.0 0.0
outer loop
vertex 328.0727844238281 -146.0 556.7692260742188
vertex 328.0727844238281 -146.0 566.1162719726562
vertex 328.0727844238281 -115.0 561.660400390625
endloop
endfacet
facet normal 0.0 -1.0 0.0
outer loop
vertex 328.0727844238281 -146.0 556.7692260742188
vertex 329.44647216796875 -146.0 556.038818359375
vertex 331.9573669433594 -146.0 560.7611083984375
endloop
endfacet
facet normal -0.8829469245704478 0.0 0.4694728196515621
outer loop
vertex 329.44647216796875 -149.0 556.038818359375
vertex 331.9573669433594 -149.0 560.7611083984375
vertex 329.44647216796875 -146.86798095703125 556.038818359375
endloop
endfacet
facet normal -0.8829469245704475 0.0 0.46947281965156207
outer loop
vertex 329.44647216796875 -146.86798095703125 556.038818359375
vertex 331.9573669433594 -146.0 560.7611083984375
vertex 329.44647216796875 -146.0 556.038818359375
endloop
endfacet
facet normal 0.0 -1.0 0.0
outer loop
vertex 328.0727844238281 -146.0 556.7692260742188
vertex 331.9573669433594 -146.0 560.7611083984375
vertex 328.0727844238281 -146.0 566.1162719726562
endloop
endfacet
facet normal 0.0 -0.0 1.0
outer loop
vertex 328.0727844238281 -146.0 566.1162719726562
vertex 334.80474853515625 -137.0 566.1162719726562
vertex 328.0727844238281 -115.0 566.1162719726562
endloop
endfacet
facet normal -0.9999999999999999 0.0 0.0
outer loop
vertex 328.0727844238281 -146.0 556.7692260742188
vertex 328.0727844238281 -112.0 561.660400390625
vertex 328.0727844238281 -112.0 556.7692260742188
endloop
endfacet
facet normal -0.9999999999999999 0.0 0.0
outer loop
vertex 328.0727844238281 -146.0 556.7692260742188
vertex 328.0727844238281 -115.0 561.660400390625
vertex 328.0727844238281 -112.0 561.660400390625
endloop
endfacet
facet normal 0.0 0.0 -1.0
outer loop
vertex 325.8304138183594 -115.0 561.660400390625
vertex 328.0727844238281 -112.0 561.660400390625
vertex 328.0727844238281 -115.0 561.660400390625
endloop
endfacet
facet normal -1.0 0.0 0.0
outer loop
vertex 328.0727844238281 -146.0 566.1162719726562
vertex 328.0727844238281 -115.0 566.1162719726562
vertex 328.0727844238281 -115.0 561.660400390625
endloop
endfacet
facet normal 0.0 -1.0 0.0
outer loop
vertex 325.8304138183594 -115.0 561.660400390625
vertex 328.0727844238281 -115.0 561.660400390625
vertex 328.0727844238281 -115.0 566.1162719726562
endloop
endfacet
facet normal 0.0 -1.0 0.0
outer loop
vertex 325.8304138183594 -115.0 561.660400390625
vertex 328.0727844238281 -115.0 566.1162719726562
vertex 326.0727844238281 -115.0 568.1162719726562
endloop
endfacet
facet normal -0.9992960183442651 0.0 0.037516232770603807
outer loop
vertex 325.8304138183594 -115.0 561.660400390625
vertex 326.0727844238281 -115.0 568.1162719726562
vertex 326.0727844238281 -7.0 568.1162719726562
endloop
endfacet
facet normal 0.0 0.0 -0.9999999999999999
outer loop
vertex 325.8304138183594 -115.0 561.660400390625
vertex 325.8304138183594 -7.0 561.660400390625
vertex 328.0727844238281 -112.0 561.660400390625
endloop
endfacet
facet normal -0.46947481217005227 -0.0 -0.8829458651230516
outer loop
vertex 329.44647216796875 -146.86798095703125 556.038818359375
vertex 332.71337890625 -139.1999969482422 554.3017578125
vertex 332.71337890625 -146.8000030517578 554.3017578125
endloop
endfacet
facet normal -0.4694756858571904 4.774671169597605e-07 -0.882945400570552
outer loop
vertex 329.44647216796875 -146.86798095703125 556.038818359375
vertex 333.0622253417969 -137.0 554.1162719726562
vertex 332.71337890625 -139.1999969482422 554.3017578125
endloop
endfacet
facet normal -0.46947450225684867 -0.0 -0.882946029908218
outer loop
vertex 328.0727844238281 -146.0 556.7692260742188
vertex 333.0622253417969 -112.0 554.1162719726562
vertex 333.0622253417969 -137.0 554.1162719726562
endloop
endfacet
facet normal -0.46947160012202754 0.0 -0.8829475730069498
outer loop
vertex 329.44647216796875 -149.0 556.038818359375
vertex 329.44647216796875 -146.86798095703125 556.038818359375
vertex 348.8713073730469 -149.0 545.71044921875
endloop
endfacet
facet normal -0.46946907659620946 -0.0003517805290150681 -0.8829488447075299
outer loop
vertex 329.44647216796875 -146.86798095703125 556.038818359375
vertex 332.71337890625 -146.8000030517578 554.3017578125
vertex 345.60443115234375 -146.8000030517578 547.447509765625
endloop
endfacet
facet normal 0.0 -0.9999999999999999 0.0
outer loop
vertex 329.44647216796875 -149.0 556.038818359375
vertex 348.8713073730469 -149.0 545.71044921875
vertex 331.9573669433594 -149.0 560.7611083984375
endloop
endfacet
facet normal -0.4694691056443295 -8.609237813653631e-07 -0.8829488993394647
outer loop
vertex 332.71337890625 -139.1999969482422 554.3017578125
vertex 333.0622253417969 -137.0 554.1162719726562
vertex 345.60443115234375 -139.1999969482422 547.447509765625
endloop
endfacet
facet normal -0.0 1.0 0.0
outer loop
vertex 332.71337890625 -146.8000030517578 554.3017578125
vertex 338.4878845214844 -146.8000030517578 565.1619873046875
vertex 345.60443115234375 -146.8000030517578 547.447509765625
endloop
endfacet
facet normal 0.0 0.0 -1.0
outer loop
vertex 333.0622253417969 -137.0 554.1162719726562
vertex 333.0622253417969 -112.0 554.1162719726562
vertex 343.3225402832031 -137.0 554.1162719726562
endloop
endfacet
facet normal -0.8829469245704478 0.0 0.4694728196515622
outer loop
vertex 329.44647216796875 -146.86798095703125 556.038818359375
vertex 331.9573669433594 -149.0 560.7611083984375
vertex 331.9573669433594 -146.0 560.7611083984375
endloop
endfacet
facet normal 0.8829469470087787 0.0 -0.46947277745134175
outer loop
vertex 332.71337890625 -146.8000030517578 554.3017578125
vertex 332.71337890625 -139.1999969482422 554.3017578125
vertex 338.4878845214844 -139.1999969482422 565.1619873046875
endloop
endfacet
facet normal 0.0 -1.0 0.0
outer loop
vertex 328.0727844238281 -146.0 566.1162719726562
vertex 331.9573669433594 -146.0 560.7611083984375
vertex 334.80474853515625 -146.0 566.1162719726562
endloop
endfacet
facet normal -0.8829482345291191 0.0 0.4694703559777887
outer loop
vertex 331.9573669433594 -149.0 560.7611083984375
vertex 334.80474853515625 -146.0 566.1162719726562
vertex 331.9573669433594 -146.0 560.7611083984375
endloop
endfacet
facet normal 0.0 0.0 1.0
outer loop
vertex 328.0727844238281 -146.0 566.1162719726562
vertex 334.80474853515625 -146.0 566.1162719726562
vertex 334.80474853515625 -137.0 566.1162719726562
endloop
endfacet
facet normal 0.8829469470087787 0.0 -0.46947277745134175
outer loop
vertex 332.71337890625 -146.8000030517578 554.3017578125
vertex 338.4878845214844 -139.1999969482422 565.1619873046875
vertex 338.4878845214844 -146.8000030517578 565.1619873046875
endloop
endfacet
facet normal 0.0 1.0 0.0
outer loop
vertex 328.0727844238281 -112.0 556.7692260742188
vertex 328.0727844238281 -112.0 561.660400390625
vertex 360.0727844238281 -112.0 561.660400390625
endloop
endfacet
facet normal 0.0 -1.0 0.0
outer loop
vertex 326.0727844238281 -115.0 568.1162719726562
vertex 328.0727844238281 -115.0 566.1162719726562
vertex 362.0727844238281 -115.0 568.1162719726562
endloop
endfacet
facet normal 0.0 0.0 -1.0
outer loop
vertex 328.0727844238281 -112.0 561.660400390625
vertex 325.8304138183594 -7.0 561.660400390625
vertex 360.0727844238281 -112.0 561.660400390625
endloop
endfacet
facet normal -0.8829475987903522 -2.7376879915858523e-06 0.46947155162251997
outer loop
vertex 331.9573669433594 -149.0 560.7611083984375
vertex 342.25531005859375 -149.0 580.1287231445312
vertex 334.80474853515625 -146.0 566.1162719726562
endloop
endfacet
facet normal -0.882947355833316 0.0 0.46947200856595905
outer loop
vertex 334.80474853515625 -146.0 566.1162719726562
vertex 342.25531005859375 -149.0 580.1287231445312
vertex 334.80474853515625 -137.0 566.1162719726562
endloop
endfacet
facet normal -0.9992960183442651 0.0 0.037516232770603807
outer loop
vertex 325.8304138183594 -115.0 561.660400390625
vertex 326.0727844238281 -7.0 568.1162719726562
vertex 325.8304138183594 -7.0 561.660400390625
endloop
endfacet
facet normal 0.0 -1.0 0.0
outer loop
vertex 321.80999755859375 -7.0 560.0991821289062
vertex 325.8304138183594 -7.0 561.660400390625
vertex 326.0727844238281 -7.0 568.1162719726562
endloop
endfacet
facet normal -0.8829464706868682 0.0 0.4694736732784952
outer loop
vertex 321.80999755859375 -7.0 560.0991821289062
vertex 326.0727844238281 -7.0 568.1162719726562
vertex 326.0727844238281 -5.0 568.1162719726562
endloop
endfacet
facet normal -0.8829464706868682 0.0 0.4694736732784952
outer loop
vertex 321.80999755859375 -7.0 560.0991821289062
vertex 326.0727844238281 -5.0 568.1162719726562
vertex 326.0727844238281 7.0 568.1162719726562
endloop
endfacet
facet normal -0.4694716768585497 0.0 -0.8829475322054089
outer loop
vertex 321.80999755859375 -7.0 560.0991821289062
vertex 321.80999755859375 7.0 560.0991821289062
vertex 337.0863037109375 -7.0 551.9766235351562
endloop
endfacet
facet normal 0.0 -1.0 0.0
outer loop
vertex 321.80999755859375 -7.0 560.0991821289062
vertex 337.0863037109375 -7.0 551.9766235351562
vertex 325.8304138183594 -7.0 561.660400390625
endloop
endfacet
facet normal 0.0 -0.0 1.0
outer loop
vertex 326.0727844238281 -115.0 568.1162719726562
vertex 342.7042236328125 -7.0 568.1162719726562
vertex 326.0727844238281 -7.0 568.1162719726562
endloop
endfacet
facet normal -0.46948394964162316 0.0 -0.8829410065394527
outer loop
vertex 337.0863037109375 -7.0 551.9766235351562
vertex 337.0863037109375 7.0 551.9766235351562
vertex 337.84136962890625 -2.799999952316284 551.5751342773438
endloop
endfacet
facet normal -0.9992959231452746 0.0 0.03751876843972367
outer loop
vertex 337.0863037109375 -11.0 551.9766235351562
vertex 337.40948486328125 -7.0 560.5844116210938
vertex 337.0863037109375 -7.0 551.9766235351562
endloop
endfacet
facet normal 0.0 -1.0 0.0
outer loop
vertex 325.8304138183594 -7.0 561.660400390625
vertex 337.0863037109375 -7.0 551.9766235351562
vertex 337.40948486328125 -7.0 560.5844116210938
endloop
endfacet
facet normal 0.0 -0.0 1.0
outer loop
vertex 326.0727844238281 -7.0 568.1162719726562
vertex 342.7042236328125 -7.0 568.1162719726562
vertex 326.0727844238281 -5.0 568.1162719726562
endloop
endfacet
facet normal -0.9992959231452746 0.0 0.03751876843972367
outer loop
vertex 337.0863037109375 -11.0 551.9766235351562
vertex 337.40948486328125 -11.0 560.5844116210938
vertex 337.40948486328125 -7.0 560.5844116210938
endloop
endfacet
facet normal 0.0 -1.0 0.0
outer loop
vertex 325.8304138183594 -7.0 561.660400390625
vertex 337.40948486328125 -7.0 560.5844116210938
vertex 348.0761413574219 -7.0 560.5844116210938
endloop
endfacet
facet normal -0.0 0.0 1.0
outer loop
vertex 326.0727844238281 -5.0 568.1162719726562
vertex 342.7042236328125 -7.0 568.1162719726562
vertex 343.0122375488281 -5.0 568.1162719726562
endloop
endfacet
facet normal 0.0 0.0 1.0
outer loop
vertex 326.0727844238281 -5.0 568.1162719726562
vertex 343.0122375488281 -5.0 568.1162719726562
vertex 343.0122375488281 5.0 568.1162719726562
endloop
endfacet
facet normal -0.4694703088659758 1.509004908369567e-05 -0.8829482594498816
outer loop
vertex 329.44647216796875 -146.86798095703125 556.038818359375
vertex 345.60443115234375 -146.8000030517578 547.447509765625
vertex 348.8713073730469 -149.0 545.71044921875
endloop
endfacet
facet normal -0.4694708979552772 -1.3967984813201672e-05 -0.8829479462448289
outer loop
vertex 333.0622253417969 -137.0 554.1162719726562
vertex 348.8713073730469 -137.0 545.71044921875
vertex 345.60443115234375 -139.1999969482422 547.447509765625
endloop
endfacet
facet normal 0.0 -1.0 0.0
outer loop
vertex 331.9573669433594 -149.0 560.7611083984375
vertex 348.8713073730469 -149.0 545.71044921875
vertex 350.9649658203125 -149.0 549.6480102539062
endloop
endfacet
facet normal -0.0 0.9999999999999999 0.0
outer loop
vertex 333.0622253417969 -137.0 554.1162719726562
vertex 343.3225402832031 -137.0 554.1162719726562
vertex 350.9649658203125 -137.0 549.6480102539062
endloop
endfacet
facet normal 0.0 -0.9999999999999999 0.0
outer loop
vertex 332.71337890625 -139.1999969482422 554.3017578125
vertex 345.60443115234375 -139.1999969482422 547.447509765625
vertex 351.37890625 -139.1999969482422 558.3077392578125
endloop
endfacet
facet normal 0.0 1.0 0.0
outer loop
vertex 333.0622253417969 -137.0 554.1162719726562
vertex 350.9649658203125 -137.0 549.6480102539062
vertex 348.8713073730469 -137.0 545.71044921875
endloop
endfacet
facet normal -0.4694782311495386 0.0 -0.8829440471947814
outer loop
vertex 345.60443115234375 -146.8000030517578 547.447509765625
vertex 345.60443115234375 -146.52024841308594 547.447509765625
vertex 348.8713073730469 -149.0 545.71044921875
endloop
endfacet
facet normal -0.4694782311495386 0.0 -0.8829440471947815
outer loop
vertex 345.60443115234375 -146.52024841308594 547.447509765625
vertex 345.60443115234375 -139.1999969482422 547.447509765625
vertex 348.8713073730469 -149.0 545.71044921875
endloop
endfacet
facet normal -0.4694782311495386 -0.0 -0.8829440471947815
outer loop
vertex 345.60443115234375 -139.1999969482422 547.447509765625
vertex 348.8713073730469 -137.0 545.71044921875
vertex 348.8713073730469 -149.0 545.71044921875
endloop
endfacet
facet normal -0.8829479754756495 0.0 0.4694708431877872
outer loop
vertex 345.60443115234375 -146.8000030517578 547.447509765625
vertex 351.37890625 -146.8000030517578 558.3077392578125
vertex 345.60443115234375 -146.52024841308594 547.447509765625
endloop
endfacet
facet normal -0.8829479754756495 0.0 0.4694708431877872
outer loop
vertex 345.60443115234375 -146.52024841308594 547.447509765625
vertex 351.37890625 -146.8000030517578 558.3077392578125
vertex 345.60443115234375 -139.1999969482422 547.447509765625
endloop
endfacet
facet normal 0.0 -0.0 -1.0
outer loop
vertex 333.0622253417969 -112.0 554.1162719726562
vertex 360.0727844238281 -112.0 554.1162719726562
vertex 343.3225402832031 -137.0 554.1162719726562
endloop
endfacet
facet normal 0.0 -1.0 0.0
outer loop
vertex 332.71337890625 -139.1999969482422 554.3017578125
vertex 351.37890625 -139.1999969482422 558.3077392578125
vertex 338.4878845214844 -139.1999969482422 565.1619873046875
endloop
endfacet
facet normal 0.0 -1.0 0.0
outer loop
vertex 331.9573669433594 -149.0 560.7611083984375
vertex 350.9649658203125 -149.0 549.6480102539062
vertex 342.25531005859375 -149.0 580.1287231445312
endloop
endfacet
facet normal -0.46946997208858926 0.0 -0.8829484386458472
outer loop
vertex 338.4878845214844 -146.8000030517578 565.1619873046875
vertex 338.4878845214844 -139.1999969482422 565.1619873046875
vertex 351.37890625 -139.1999969482422 558.3077392578125
endloop
endfacet
facet normal -0.0 1.0 0.0
outer loop
vertex 328.0727844238281 -112.0 556.7692260742188
vertex 360.0727844238281 -112.0 561.660400390625
vertex 333.0622253417969 -112.0 554.1162719726562
endloop
endfacet
facet normal -0.0 0.0 1.0
outer loop
vertex 328.0727844238281 -115.0 566.1162719726562
vertex 334.80474853515625 -137.0 566.1162719726562
vertex 359.7212829589844 -137.0 566.1162719726562
endloop
endfacet
facet normal 0.0 1.0 0.0
outer loop
vertex 338.4878845214844 -146.8000030517578 565.1619873046875
vertex 351.37890625 -146.8000030517578 558.3077392578125
vertex 345.60443115234375 -146.8000030517578 547.447509765625
endloop
endfacet
facet normal -0.46946997208858926 -0.0 -0.8829484386458472
outer loop
vertex 338.4878845214844 -146.8000030517578 565.1619873046875
vertex 351.37890625 -139.1999969482422 558.3077392578125
vertex 351.37890625 -146.8000030517578 558.3077392578125
endloop
endfacet
facet normal 0.8829457238875723 0.0 -0.46947507779290143
outer loop
vertex 348.8713073730469 -149.0 545.71044921875
vertex 348.8713073730469 -137.0 545.71044921875
vertex 350.9649658203125 -149.0 549.6480102539062
endloop
endfacet
facet normal 0.8829457238875723 0.0 -0.46947507779290143
outer loop
vertex 348.8713073730469 -137.0 545.71044921875
vertex 350.9649658203125 -137.0 549.6480102539062
vertex 350.9649658203125 -149.0 549.6480102539062
endloop
endfacet
facet normal -0.8829479754756495 0.0 0.46947084318778715
outer loop
vertex 345.60443115234375 -139.1999969482422 547.447509765625
vertex 351.37890625 -146.8000030517578 558.3077392578125
vertex 351.37890625 -139.1999969482422 558.3077392578125
endloop
endfacet
facet normal -0.0 1.0 0.0
outer loop
vertex 343.3225402832031 -137.0 554.1162719726562
vertex 353.3407897949219 -137.0 554.1162719726562
vertex 350.9649658203125 -137.0 549.6480102539062
endloop
endfacet
facet normal 0.8829470132899332 0.0 -0.46947265279501277
outer loop
vertex 350.9649658203125 -149.0 549.6480102539062
vertex 350.9649658203125 -137.0 549.6480102539062
vertex 353.3407897949219 -146.0 554.1162719726562
endloop
endfacet
facet normal 0.8829470132899332 0.0 -0.46947265279501277
outer loop
vertex 350.9649658203125 -137.0 549.6480102539062
vertex 353.3407897949219 -137.0 554.1162719726562
vertex 353.3407897949219 -146.0 554.1162719726562
endloop
endfacet
facet normal 0.0 -0.0 -0.9999999999999999
outer loop
vertex 343.3225402832031 -137.0 554.1162719726562
vertex 360.0727844238281 -112.0 554.1162719726562
vertex 353.3407897949219 -137.0 554.1162719726562
endloop
endfacet
facet normal 0.0 0.0 -1.0
outer loop
vertex 353.3407897949219 -146.0 554.1162719726562
vertex 353.3407897949219 -137.0 554.1162719726562
vertex 360.0727844238281 -146.0 554.1162719726562
endloop
endfacet
facet normal 0.0 -1.0 0.0
outer loop
vertex 350.9649658203125 -149.0 549.6480102539062
vertex 361.2629089355469 -149.0 569.015625
vertex 342.25531005859375 -149.0 580.1287231445312
endloop
endfacet
facet normal -0.0 1.0 0.0
outer loop
vertex 333.0622253417969 -112.0 554.1162719726562
vertex 360.0727844238281 -112.0 561.660400390625
vertex 360.0727844238281 -112.0 554.1162719726562
endloop
endfacet
facet normal -0.0 0.0 1.0
outer loop
vertex 328.0727844238281 -115.0 566.1162719726562
vertex 359.7212829589844 -137.0 566.1162719726562
vertex 360.0727844238281 -115.0 566.1162719726562
endloop
endfacet
facet normal 0.0 -1.0 0.0
outer loop
vertex 328.0727844238281 -115.0 566.1162719726562
vertex 360.0727844238281 -115.0 566.1162719726562
vertex 362.0727844238281 -115.0 568.1162719726562
endloop
endfacet
facet normal 0.882947598791707 -2.1037909426688452e-06 -0.46947155162324034
outer loop
vertex 350.9649658203125 -149.0 549.6480102539062
vertex 353.3407897949219 -146.0 554.1162719726562
vertex 361.2629089355469 -149.0 569.015625
endloop
endfacet
facet normal 0.0 -0.0 1.0
outer loop
vertex 326.0727844238281 -115.0 568.1162719726562
vertex 362.0727844238281 -115.0 568.1162719726562
vertex 361.4182434082031 -7.0 568.1162719726562
endloop
endfacet
facet normal -0.8829473558333159 0.0 0.469472008565959
outer loop
vertex 334.80474853515625 -137.0 566.1162719726562
vertex 342.25531005859375 -149.0 580.1287231445312
vertex 342.25531005859375 -137.0 580.1287231445312
endloop
endfacet
facet normal -0.0 1.0 0.0
outer loop
vertex 334.80474853515625 -137.0 566.1162719726562
vertex 342.25531005859375 -137.0 580.1287231445312
vertex 359.7212829589844 -137.0 566.1162719726562
endloop
endfacet
facet normal -0.8829469855133607 0.0 0.4694727050349885
outer loop
vertex 342.25531005859375 -149.0 580.1287231445312
vertex 352.5532531738281 -137.0 599.4962768554688
vertex 342.25531005859375 -137.0 580.1287231445312
endloop
endfacet
facet normal 0.0 1.0 0.0
outer loop
vertex 342.25531005859375 -137.0 580.1287231445312
vertex 361.2629089355469 -137.0 569.015625
vertex 359.7212829589844 -137.0 566.1162719726562
endloop
endfacet
facet normal 0.0 -0.9999999999999999 0.0
outer loop
vertex 342.25531005859375 -149.0 580.1287231445312
vertex 361.2629089355469 -149.0 569.015625
vertex 352.5532531738281 -149.0 599.4962768554688
endloop
endfacet
facet normal -0.0 0.9999999999999999 0.0
outer loop
vertex 342.25531005859375 -137.0 580.1287231445312
vertex 352.5532531738281 -137.0 599.4962768554688
vertex 361.2629089355469 -137.0 569.015625
endloop
endfacet
facet normal 0.0 -0.0 1.0
outer loop
vertex 326.0727844238281 -115.0 568.1162719726562
vertex 360.6697998046875 -6.454392910003662 568.1162719726562
vertex 342.7042236328125 -7.0 568.1162719726562
endloop
endfacet
facet normal -0.469470930289229 4.073062596739256e-06 -0.8829479291536823
outer loop
vertex 337.0863037109375 -7.0 551.9766235351562
vertex 346.31768798828125 -2.799999952316284 547.0682373046875
vertex 347.544189453125 -7.0 546.4160766601562
endloop
endfacet
facet normal 0.3510931958967106 -0.9362477269508117 -0.013181865363916065
outer loop
vertex 337.0863037109375 -11.0 551.9766235351562
vertex 347.544189453125 -7.0 546.4160766601562
vertex 337.40948486328125 -11.0 560.5844116210938
endloop
endfacet
facet normal -0.4694709302931232 0.0 -0.8829479291610062
outer loop
vertex 337.0863037109375 -11.0 551.9766235351562
vertex 337.0863037109375 -7.0 551.9766235351562
vertex 347.544189453125 -7.0 546.4160766601562
endloop
endfacet
facet normal -0.46946819713418075 -3.6326181274747073e-06 -0.882949382391984
outer loop
vertex 337.0863037109375 -7.0 551.9766235351562
vertex 337.84136962890625 -2.799999952316284 551.5751342773438
vertex 346.31768798828125 -2.799999952316284 547.0682373046875
endloop
endfacet
facet normal -0.0 1.0 0.0
outer loop
vertex 337.84136962890625 -2.799999952316284 551.5751342773438
vertex 343.6158752441406 -2.799999952316284 562.4354248046875
vertex 346.31768798828125 -2.799999952316284 547.0682373046875
endloop
endfacet
facet normal -0.4694818037648018 0.0 -0.8829421475576689
outer loop
vertex 347.544189453125 -7.0 546.4160766601562
vertex 346.31768798828125 -2.799999952316284 547.0682373046875
vertex 346.31768798828125 2.799999952316284 547.0682373046875
endloop
endfacet
facet normal 0.3510913543691267 -0.9362483963140509 -0.01318337159531674
outer loop
vertex 337.40948486328125 -11.0 560.5844116210938
vertex 347.544189453125 -7.0 546.4160766601562
vertex 347.67218017578125 -7.0 549.8246459960938
endloop
endfacet
facet normal -0.8829479754756494 0.0 0.4694708431877871
outer loop
vertex 346.31768798828125 -2.799999952316284 547.0682373046875
vertex 352.0921630859375 -2.799999952316284 557.928466796875
vertex 346.31768798828125 2.799999952316284 547.0682373046875
endloop
endfacet
facet normal -0.0 1.0 -0.0
outer loop
vertex 346.31768798828125 -2.799999952316284 547.0682373046875
vertex 343.6158752441406 -2.799999952316284 562.4354248046875
vertex 352.0921630859375 -2.799999952316284 557.928466796875
endloop
endfacet
facet normal 0.8829480406972705 0.0 -0.46947072052349686
outer loop
vertex 337.84136962890625 -2.799999952316284 551.5751342773438
vertex 343.6158752441406 2.799999952316284 562.4354248046875
vertex 343.6158752441406 -2.799999952316284 562.4354248046875
endloop
endfacet
facet normal 0.0 -0.0 1.0
outer loop
vertex 337.40948486328125 -11.0 560.5844116210938
vertex 348.0761413574219 -7.0 560.5844116210938
vertex 337.40948486328125 -7.0 560.5844116210938
endloop
endfacet
facet normal 0.3510932304021207 -0.9362477215293978 -0.013181331374889022
outer loop
vertex 337.40948486328125 -11.0 560.5844116210938
vertex 347.67218017578125 -7.0 549.8246459960938
vertex 348.0761413574219 -7.0 560.5844116210938
endloop
endfacet
facet normal 0.0 -1.0 0.0
outer loop
vertex 325.8304138183594 -7.0 561.660400390625
vertex 348.0761413574219 -7.0 560.5844116210938
vertex 361.8304138183594 -7.0 561.660400390625
endloop
endfacet
facet normal 0.0 -0.0 -1.0
outer loop
vertex 325.8304138183594 -7.0 561.660400390625
vertex 361.8304138183594 -7.0 561.660400390625
vertex 360.0727844238281 -112.0 561.660400390625
endloop
endfacet
facet normal 0.0 -0.0 1.0
outer loop
vertex 326.0727844238281 -115.0 568.1162719726562
vertex 361.4182434082031 -7.0 568.1162719726562
vertex 360.6697998046875 -6.454392910003662 568.1162719726562
endloop
endfacet
facet normal -0.4694732971985306 -0.0 -0.8829466706531827
outer loop
vertex 347.544189453125 -7.0 546.4160766601562
vertex 352.36260986328125 -5.191189765930176 543.8540649414062
vertex 352.36260986328125 -7.0 543.8540649414062
endloop
endfacet
facet normal -0.46947329719853065 -0.0 -0.8829466706531828
outer loop
vertex 347.544189453125 -7.0 546.4160766601562
vertex 352.36260986328125 -5.182956695556641 543.8540649414062
vertex 352.36260986328125 -5.191189765930176 543.8540649414062
endloop
endfacet
facet normal -0.46947329719853065 -0.0 -0.8829466706531829
outer loop
vertex 347.544189453125 -7.0 546.4160766601562
vertex 352.36260986328125 5.182956695556641 543.8540649414062
vertex 352.36260986328125 -5.182956695556641 543.8540649414062
endloop
endfacet
facet normal 0.8829542819432704 0.0 -0.4694589822317216
outer loop
vertex 352.36260986328125 -7.0 543.8540649414062
vertex 352.36260986328125 -5.191189765930176 543.8540649414062
vertex 352.81317138671875 -5.0 544.7014770507812
endloop
endfacet
facet normal 0.8829432419308526 0.0 -0.46947974559999456
outer loop
vertex 352.36260986328125 -5.182956695556641 543.8540649414062
vertex 352.6961364746094 -5.0407915115356445 544.4813232421875
vertex 352.36260986328125 -5.191189765930176 543.8540649414062
endloop
endfacet
facet normal 0.8831286581140642 -0.0018819642432528958 -0.46912709517596557
outer loop
vertex 352.36260986328125 -5.191189765930176 543.8540649414062
vertex 352.6961364746094 -5.0407915115356445 544.4813232421875
vertex 352.81317138671875 -5.0 544.7014770507812
endloop
endfacet
facet normal 0.35112859286714243 -0.9362343337993465 -0.013190279998337733
outer loop
vertex 352.6961364746094 -5.0407915115356445 544.4813232421875
vertex 352.80352783203125 -5.0 544.4447631835938
vertex 352.81317138671875 -5.0 544.7014770507812
endloop
endfacet
facet normal 0.8829432419308527 0.0 -0.4694797455999946
outer loop
vertex 352.36260986328125 -5.182956695556641 543.8540649414062
vertex 352.36260986328125 5.182956695556641 543.8540649414062
vertex 352.6961364746094 -5.0407915115356445 544.4813232421875
endloop
endfacet
facet normal -0.32227405618131666 -0.0 -0.9466464137746688
outer loop
vertex 352.6961364746094 -5.0407915115356445 544.4813232421875
vertex 352.80352783203125 5.0 544.4447631835938
vertex 352.80352783203125 -5.0 544.4447631835938
endloop
endfacet
facet normal 0.9992951668935391 0.0 -0.03753890546105069
outer loop
vertex 352.80352783203125 -5.0 544.4447631835938
vertex 352.81317138671875 5.0 544.7014770507812
vertex 352.81317138671875 -5.0 544.7014770507812
endloop
endfacet
facet normal -0.0 -1.0 0.0
outer loop
vertex 347.544189453125 -7.0 546.4160766601562
vertex 361.8304138183594 -7.0 561.660400390625
vertex 347.67218017578125 -7.0 549.8246459960938
endloop
endfacet
facet normal 0.0 -1.0 0.0
outer loop
vertex 347.544189453125 -7.0 546.4160766601562
vertex 352.36260986328125 -7.0 543.8540649414062
vertex 361.8304138183594 -7.0 561.660400390625
endloop
endfacet
facet normal 0.8829474396372128 6.993973354445741e-06 -0.46947185090181387
outer loop
vertex 352.36260986328125 -7.0 543.8540649414062
vertex 352.81317138671875 -5.0 544.7014770507812
vertex 361.8304138183594 -7.0 561.660400390625
endloop
endfacet
facet normal 0.8829470977579185 0.0 -0.4694724939342759
outer loop
vertex 352.81317138671875 -5.0 544.7014770507812
vertex 352.81317138671875 5.0 544.7014770507812
vertex 361.8304138183594 -7.0 561.660400390625
endloop
endfacet
facet normal -0.46947447139493803 -0.0 -0.8829460463179183
outer loop
vertex 343.6158752441406 -2.799999952316284 562.4354248046875
vertex 352.0921630859375 2.799999952316284 557.928466796875
vertex 352.0921630859375 -2.799999952316284 557.928466796875
endloop
endfacet
facet normal -0.0 -1.0 0.0
outer loop
vertex 347.67218017578125 -7.0 549.8246459960938
vertex 361.8304138183594 -7.0 561.660400390625
vertex 348.0761413574219 -7.0 560.5844116210938
endloop
endfacet
facet normal 0.0 -0.0 1.0
outer loop
vertex 342.7042236328125 -7.0 568.1162719726562
vertex 361.13336181640625 -5.0 568.1162719726562
vertex 343.0122375488281 -5.0 568.1162719726562
endloop
endfacet
facet normal 0.0 0.0 1.0
outer loop
vertex 342.7042236328125 -7.0 568.1162719726562
vertex 360.6697998046875 -6.454392910003662 568.1162719726562
vertex 361.13336181640625 -5.0 568.1162719726562
endloop
endfacet
facet normal -0.8829486211287041 0.0 0.469469628886598
outer loop
vertex 343.0122375488281 -5.0 568.1162719726562
vertex 348.59356689453125 -5.0 578.61328125
vertex 348.59356689453125 5.0 578.61328125
endloop
endfacet
facet normal -0.9992958412396237 0.0 0.03752094989726268
outer loop
vertex 339.56097412109375 -7.0 587.48388671875
vertex 339.8033752441406 -7.0 593.9397583007812
vertex 339.56097412109375 5.0 587.48388671875
endloop
endfacet
facet normal 0.0 0.0 -1.0
outer loop
vertex 339.56097412109375 -7.0 587.48388671875
vertex 339.56097412109375 5.0 587.48388671875
vertex 353.3101501464844 -5.0 587.48388671875
endloop
endfacet
facet normal 0.0 -1.0 0.0
outer loop
vertex 343.0122375488281 -5.0 568.1162719726562
vertex 361.13336181640625 -5.0 568.1162719726562
vertex 348.59356689453125 -5.0 578.61328125
endloop
endfacet
facet normal 0.0 -1.0 0.0
outer loop
vertex 348.59356689453125 -5.0 578.61328125
vertex 361.13336181640625 -5.0 568.1162719726562
vertex 362.41729736328125 -5.0 570.531005859375
endloop
endfacet
facet normal -0.882947648160479 0.0 0.4694714587787834
outer loop
vertex 348.59356689453125 -5.0 578.61328125
vertex 353.3101501464844 -5.0 587.48388671875
vertex 348.59356689453125 5.0 578.61328125
endloop
endfacet
facet normal 0.0 0.0 -1.0
outer loop
vertex 339.56097412109375 -7.0 587.48388671875
vertex 353.3101501464844 -5.0 587.48388671875
vertex 375.56097412109375 -7.0 587.48388671875
endloop
endfacet
facet normal -0.8829469855133607 0.0 0.4694727050349885
outer loop
vertex 342.25531005859375 -149.0 580.1287231445312
vertex 352.5532531738281 -149.0 599.4962768554688
vertex 352.5532531738281 -137.0 599.4962768554688
endloop
endfacet
facet normal -0.8829488797372826 0.0 0.46946914251170724
outer loop
vertex 352.5532531738281 -149.0 599.4962768554688
vertex 355.88543701171875 -146.0 605.7632446289062
vertex 352.5532531738281 -137.0 599.4962768554688
endloop
endfacet
facet normal -0.8829488797372826 0.0 0.46946914251170724
outer loop
vertex 352.5532531738281 -137.0 599.4962768554688
vertex 355.88543701171875 -146.0 605.7632446289062
vertex 355.88543701171875 -137.0 605.7632446289062
endloop
endfacet
facet normal 0.0 0.0 -1.0
outer loop
vertex 355.533935546875 -146.0 605.7632446289062
vertex 355.88543701171875 -137.0 605.7632446289062
vertex 355.88543701171875 -146.0 605.7632446289062
endloop
endfacet
facet normal 0.0 -1.0 0.0
outer loop
vertex 355.533935546875 -146.0 605.7632446289062
vertex 355.88543701171875 -146.0 605.7632446289062
vertex 355.533935546875 -146.0 617.7632446289062
endloop
endfacet
facet normal -0.8829481754919488 -3.549061549113239e-06 0.4694704669974918
outer loop
vertex 352.5532531738281 -149.0 599.4962768554688
vertex 362.8511657714844 -149.0 618.8638916015625
vertex 355.88543701171875 -146.0 605.7632446289062
endloop
endfacet
facet normal 0.0 0.0 -1.0
outer loop
vertex 355.533935546875 -146.0 605.7632446289062
vertex 355.533935546875 -112.0 605.7632446289062
vertex 355.88543701171875 -137.0 605.7632446289062
endloop
endfacet
facet normal -1.0 0.0 0.0
outer loop
vertex 355.533935546875 -146.0 605.7632446289062
vertex 355.533935546875 -146.0 617.7632446289062
vertex 355.533935546875 -115.0 613.307373046875
endloop
endfacet
facet normal -1.0 0.0 0.0
outer loop
vertex 355.533935546875 -146.0 605.7632446289062
vertex 355.533935546875 -115.0 613.307373046875
vertex 355.533935546875 -112.0 605.7632446289062
endloop
endfacet
facet normal -0.9999999999999999 0.0 0.0
outer loop
vertex 355.533935546875 -112.0 605.7632446289062
vertex 355.533935546875 -115.0 613.307373046875
vertex 355.533935546875 -112.0 613.307373046875
endloop
endfacet
facet normal 0.0 0.0 -1.0
outer loop
vertex 353.29156494140625 -115.0 613.307373046875
vertex 355.533935546875 -112.0 613.307373046875
vertex 355.533935546875 -115.0 613.307373046875
endloop
endfacet
facet normal 0.0 -1.0 0.0
outer loop
vertex 353.29156494140625 -115.0 613.307373046875
vertex 355.533935546875 -115.0 613.307373046875
vertex 355.533935546875 -115.0 617.7632446289062
endloop
endfacet
facet normal -1.0 0.0 0.0
outer loop
vertex 355.533935546875 -115.0 613.307373046875
vertex 355.533935546875 -146.0 617.7632446289062
vertex 355.533935546875 -115.0 617.7632446289062
endloop
endfacet
facet normal 0.0 -1.0 0.0
outer loop
vertex 353.29156494140625 -115.0 613.307373046875
vertex 355.533935546875 -115.0 617.7632446289062
vertex 353.533935546875 -115.0 619.7632446289062
endloop
endfacet
facet normal -0.9992960183442651 0.0 0.037516232770603807
outer loop
vertex 353.29156494140625 -115.0 613.307373046875
vertex 353.533935546875 -115.0 619.7632446289062
vertex 353.533935546875 -7.0 619.7632446289062
endloop
endfacet
facet normal -0.0 -1.0 0.0
outer loop
vertex 339.56097412109375 -7.0 587.48388671875
vertex 364.4666748046875 -7.0 601.4716186523438
vertex 339.8033752441406 -7.0 593.9397583007812
endloop
endfacet
facet normal -0.9992960183442651 0.0 0.037516232770603807
outer loop
vertex 353.29156494140625 -115.0 613.307373046875
vertex 353.533935546875 -7.0 619.7632446289062
vertex 353.29156494140625 -7.0 613.307373046875
endloop
endfacet
facet normal 0.0 -1.0 0.0
outer loop
vertex 339.8033752441406 -7.0 593.9397583007812
vertex 364.4666748046875 -7.0 601.4716186523438
vertex 364.8706359863281 -7.0 612.2313842773438
endloop
endfacet
facet normal 0.0 -1.0 0.0
outer loop
vertex 339.8033752441406 -7.0 593.9397583007812
vertex 353.29156494140625 -7.0 613.307373046875
vertex 353.533935546875 -7.0 619.7632446289062
endloop
endfacet
facet normal 0.0 -1.0 0.0
outer loop
vertex 339.8033752441406 -7.0 593.9397583007812
vertex 364.8706359863281 -7.0 612.2313842773438
vertex 353.29156494140625 -7.0 613.307373046875
endloop
endfacet
facet normal -0.8829480313216017 0.0 0.4694707381566054
outer loop
vertex 339.8033752441406 -7.0 593.9397583007812
vertex 353.533935546875 -7.0 619.7632446289062
vertex 353.533935546875 -5.0 619.7632446289062
endloop
endfacet
facet normal -0.8829480313216016 0.0 0.4694707381566054
outer loop
vertex 339.8033752441406 -7.0 593.9397583007812
vertex 353.533935546875 -5.0 619.7632446289062
vertex 353.533935546875 7.0 619.7632446289062
endloop
endfacet
facet normal -0.8829464706868682 0.0 0.4694736732784952
outer loop
vertex 321.80999755859375 -7.0 560.0991821289062
vertex 326.0727844238281 7.0 568.1162719726562
vertex 321.80999755859375 7.0 560.0991821289062
endloop
endfacet
facet normal -0.0 0.9999999999999999 0.0
outer loop
vertex 321.80999755859375 7.0 560.0991821289062
vertex 326.0727844238281 7.0 568.1162719726562
vertex 337.40948486328125 7.0 560.5844116210938
endloop
endfacet
facet normal -0.4694716768585497 0.0 -0.8829475322054089
outer loop
vertex 337.0863037109375 -7.0 551.9766235351562
vertex 321.80999755859375 7.0 560.0991821289062
vertex 337.0863037109375 7.0 551.9766235351562
endloop
endfacet
facet normal -0.4694839496416231 0.0 -0.8829410065394526
outer loop
vertex 337.0863037109375 7.0 551.9766235351562
vertex 337.0863037109375 11.0 551.9766235351562
vertex 337.84136962890625 2.799999952316284 551.5751342773438
endloop
endfacet
facet normal -0.9992959231452746 0.0 0.03751876843972367
outer loop
vertex 337.0863037109375 7.0 551.9766235351562
vertex 337.40948486328125 11.0 560.5844116210938
vertex 337.0863037109375 11.0 551.9766235351562
endloop
endfacet
facet normal -0.46948394964162304 0.0 -0.8829410065394526
outer loop
vertex 337.84136962890625 -2.799999952316284 551.5751342773438
vertex 337.0863037109375 7.0 551.9766235351562
vertex 337.84136962890625 2.799999952316284 551.5751342773438
endloop
endfacet
facet normal -0.0 1.0 0.0
outer loop
vertex 321.80999755859375 7.0 560.0991821289062
vertex 337.40948486328125 7.0 560.5844116210938
vertex 337.0863037109375 7.0 551.9766235351562
endloop
endfacet
facet normal 0.0 -0.0 1.0
outer loop
vertex 326.0727844238281 -5.0 568.1162719726562
vertex 343.0122375488281 5.0 568.1162719726562
vertex 326.0727844238281 7.0 568.1162719726562
endloop
endfacet
facet normal -0.9992959231452746 0.0 0.03751876843972367
outer loop
vertex 337.0863037109375 7.0 551.9766235351562
vertex 337.40948486328125 7.0 560.5844116210938
vertex 337.40948486328125 11.0 560.5844116210938
endloop
endfacet
facet normal -0.9992998032269532 0.0 0.037415281244066886
outer loop
vertex 339.56097412109375 5.0 587.48388671875
vertex 339.56536865234375 7.0 587.6012573242188
vertex 339.56097412109375 115.0 587.48388671875
endloop
endfacet
facet normal -0.4694748121700523 0.0 -0.8829458651230516
outer loop
vertex 329.44647216796875 137.0 556.038818359375
vertex 329.44647216796875 149.0 556.038818359375
vertex 332.71337890625 139.1999969482422 554.3017578125
endloop
endfacet
facet normal -0.8829469245704478 0.0 0.4694728196515622
outer loop
vertex 329.44647216796875 137.0 556.038818359375
vertex 331.9573669433594 149.0 560.7611083984375
vertex 329.44647216796875 149.0 556.038818359375
endloop
endfacet
facet normal -0.46947481217005227 -0.0 -0.8829458651230516
outer loop
vertex 329.44647216796875 149.0 556.038818359375
vertex 332.71337890625 146.8000030517578 554.3017578125
vertex 332.71337890625 139.1999969482422 554.3017578125
endloop
endfacet
facet normal -0.46946910561676947 -1.0869699149242248e-05 -0.8829488992876316
outer loop
vertex 329.44647216796875 137.0 556.038818359375
vertex 332.71337890625 139.1999969482422 554.3017578125
vertex 345.60443115234375 139.1999969482422 547.447509765625
endloop
endfacet
facet normal 0.0 -0.9999999999999999 0.0
outer loop
vertex 329.44647216796875 137.0 556.038818359375
vertex 348.8713073730469 137.0 545.71044921875
vertex 331.9573669433594 137.0 560.7611083984375
endloop
endfacet
facet normal -0.46947125692895875 6.7719505999421875e-06 -0.8829477554599052
outer loop
vertex 329.44647216796875 149.0 556.038818359375
vertex 348.8713073730469 147.7373046875 545.71044921875
vertex 332.71337890625 146.8000030517578 554.3017578125
endloop
endfacet
facet normal -0.0 1.0 0.0
outer loop
vertex 332.71337890625 139.1999969482422 554.3017578125
vertex 338.4878845214844 139.1999969482422 565.1619873046875
vertex 345.60443115234375 139.1999969482422 547.447509765625
endloop
endfacet
facet normal -0.0 0.9999999999999999 0.0
outer loop
vertex 329.44647216796875 149.0 556.038818359375
vertex 331.9573669433594 149.0 560.7611083984375
vertex 350.9649658203125 149.0 549.6480102539062
endloop
endfacet
facet normal -0.8829469245704478 0.0 0.4694728196515622
outer loop
vertex 329.44647216796875 137.0 556.038818359375
vertex 331.9573669433594 137.0 560.7611083984375
vertex 331.9573669433594 149.0 560.7611083984375
endloop
endfacet
facet normal 0.8829469470087787 0.0 -0.46947277745134175
outer loop
vertex 332.71337890625 139.1999969482422 554.3017578125
vertex 332.71337890625 146.8000030517578 554.3017578125
vertex 338.4878845214844 146.8000030517578 565.1619873046875
endloop
endfacet
facet normal 0.8829469470087787 0.0 -0.46947277745134175
outer loop
vertex 332.71337890625 139.1999969482422 554.3017578125
vertex 338.4878845214844 146.8000030517578 565.1619873046875
vertex 338.4878845214844 139.1999969482422 565.1619873046875
endloop
endfacet
facet normal -0.8829475987936609 0.0 0.4694715516242792
outer loop
vertex 331.9573669433594 137.0 560.7611083984375
vertex 342.25531005859375 149.0 580.1287231445312
vertex 331.9573669433594 149.0 560.7611083984375
endloop
endfacet
facet normal 0.0 -1.0 0.0
outer loop
vertex 331.9573669433594 137.0 560.7611083984375
vertex 342.5785217285156 137.0 579.9397583007812
vertex 342.15484619140625 137.0 579.9397583007812
endloop
endfacet
facet normal -0.882947398044799 0.0 0.46947192917779357
outer loop
vertex 331.9573669433594 137.0 560.7611083984375
vertex 342.15484619140625 137.0 579.9397583007812
vertex 342.15484619140625 146.0 579.9397583007812
endloop
endfacet
facet normal -0.882946771334781 -3.221765875788482e-06 0.4694731078337779
outer loop
vertex 331.9573669433594 137.0 560.7611083984375
vertex 342.15484619140625 146.0 579.9397583007812
vertex 342.25531005859375 149.0 580.1287231445312
endloop
endfacet
facet normal -0.46946819713118043 -5.096863417881871e-06 -0.8829493823863411
outer loop
vertex 337.84136962890625 2.799999952316284 551.5751342773438
vertex 347.544189453125 7.0 546.4160766601562
vertex 346.31768798828125 2.799999952316284 547.0682373046875
endloop
endfacet
facet normal -0.4694704550084289 1.5939215356764244e-06 -0.8829481818723216
outer loop
vertex 337.0863037109375 11.0 551.9766235351562
vertex 347.544189453125 7.0 546.4160766601562
vertex 337.84136962890625 2.799999952316284 551.5751342773438
endloop
endfacet
facet normal 0.8829480406972705 0.0 -0.46947072052349686
outer loop
vertex 337.84136962890625 -2.799999952316284 551.5751342773438
vertex 337.84136962890625 2.799999952316284 551.5751342773438
vertex 343.6158752441406 2.799999952316284 562.4354248046875
endloop
endfacet
facet normal 0.35109275462081646 0.9362478926625594 -0.013181848796122974
outer loop
vertex 337.0863037109375 11.0 551.9766235351562
vertex 337.40948486328125 11.0 560.5844116210938
vertex 347.67218017578125 7.0 549.8246459960938
endloop
endfacet
facet normal 0.35109246873340216 0.936247977839617 -0.013183413439350075
outer loop
vertex 337.0863037109375 11.0 551.9766235351562
vertex 347.67218017578125 7.0 549.8246459960938
vertex 347.544189453125 7.0 546.4160766601562
endloop
endfacet
facet normal -0.4694818037648017 0.0 -0.8829421475576688
outer loop
vertex 347.544189453125 -7.0 546.4160766601562
vertex 346.31768798828125 2.799999952316284 547.0682373046875
vertex 347.544189453125 7.0 546.4160766601562
endloop
endfacet
facet normal 0.0 -1.0 0.0
outer loop
vertex 337.84136962890625 2.799999952316284 551.5751342773438
vertex 346.31768798828125 2.799999952316284 547.0682373046875
vertex 352.0921630859375 2.799999952316284 557.928466796875
endloop
endfacet
facet normal 0.0 -0.0 1.0
outer loop
vertex 337.40948486328125 7.0 560.5844116210938
vertex 348.0761413574219 7.0 560.5844116210938
vertex 337.40948486328125 11.0 560.5844116210938
endloop
endfacet
facet normal -0.0 1.0 0.0
outer loop
vertex 326.0727844238281 7.0 568.1162719726562
vertex 362.0727844238281 7.0 568.1162719726562
vertex 337.40948486328125 7.0 560.5844116210938
endloop
endfacet
facet normal -0.0 0.0 1.0
outer loop
vertex 326.0727844238281 7.0 568.1162719726562
vertex 343.0122375488281 5.0 568.1162719726562
vertex 362.0727844238281 7.0 568.1162719726562
endloop
endfacet
facet normal 0.0 -0.9999999999999999 0.0
outer loop
vertex 337.84136962890625 2.799999952316284 551.5751342773438
vertex 352.0921630859375 2.799999952316284 557.928466796875
vertex 343.6158752441406 2.799999952316284 562.4354248046875
endloop
endfacet
facet normal 0.3510932304021207 0.9362477215293978 -0.013181331374889022
outer loop
vertex 337.40948486328125 11.0 560.5844116210938
vertex 348.0761413574219 7.0 560.5844116210938
vertex 347.67218017578125 7.0 549.8246459960938
endloop
endfacet
facet normal -0.46947447139493803 0.0 -0.8829460463179183
outer loop
vertex 343.6158752441406 -2.799999952316284 562.4354248046875
vertex 343.6158752441406 2.799999952316284 562.4354248046875
vertex 352.0921630859375 2.799999952316284 557.928466796875
endloop
endfacet
facet normal -0.46947329719853065 0.0 -0.8829466706531829
outer loop
vertex 347.544189453125 -7.0 546.4160766601562
vertex 347.544189453125 7.0 546.4160766601562
vertex 352.36260986328125 5.182956695556641 543.8540649414062
endloop
endfacet
facet normal -0.46947329719853065 -0.0 -0.8829466706531829
outer loop
vertex 347.544189453125 7.0 546.4160766601562
vertex 352.36260986328125 7.0 543.8540649414062
vertex 352.36260986328125 5.182956695556641 543.8540649414062
endloop
endfacet
facet normal 0.8829432419308527 0.0 -0.4694797455999946
outer loop
vertex 352.6961364746094 -5.0407915115356445 544.4813232421875
vertex 352.36260986328125 5.182956695556641 543.8540649414062
vertex 352.6961364746094 5.0407915115356445 544.4813232421875
endloop
endfacet
facet normal -0.32227405618131666 0.0 -0.9466464137746688
outer loop
vertex 352.6961364746094 -5.0407915115356445 544.4813232421875
vertex 352.6961364746094 5.0407915115356445 544.4813232421875
vertex 352.80352783203125 5.0 544.4447631835938
endloop
endfacet
facet normal 0.9992951668935391 0.0 -0.03753890546105069
outer loop
vertex 352.80352783203125 -5.0 544.4447631835938
vertex 352.80352783203125 5.0 544.4447631835938
vertex 352.81317138671875 5.0 544.7014770507812
endloop
endfacet
facet normal 0.8829432419308528 0.0 -0.46947974559999467
outer loop
vertex 352.36260986328125 5.182956695556641 543.8540649414062
vertex 352.36260986328125 7.0 543.8540649414062
vertex 352.6961364746094 5.0407915115356445 544.4813232421875
endloop
endfacet
facet normal 0.35112859286714243 0.9362343337993465 -0.013190279998337733
outer loop
vertex 352.6961364746094 5.0407915115356445 544.4813232421875
vertex 352.81317138671875 5.0 544.7014770507812
vertex 352.80352783203125 5.0 544.4447631835938
endloop
endfacet
facet normal -0.8829479754756494 0.0 0.4694708431877871
outer loop
vertex 352.0921630859375 -2.799999952316284 557.928466796875
vertex 352.0921630859375 2.799999952316284 557.928466796875
vertex 346.31768798828125 2.799999952316284 547.0682373046875
endloop
endfacet
facet normal 0.0 1.0 0.0
outer loop
vertex 347.544189453125 7.0 546.4160766601562
vertex 347.67218017578125 7.0 549.8246459960938
vertex 361.8304138183594 7.0 561.660400390625
endloop
endfacet
facet normal -0.0 1.0 0.0
outer loop
vertex 347.544189453125 7.0 546.4160766601562
vertex 361.8304138183594 7.0 561.660400390625
vertex 352.36260986328125 7.0 543.8540649414062
endloop
endfacet
facet normal 0.8829474396541671 3.242157116613848e-06 -0.4694718509108286
outer loop
vertex 352.36260986328125 7.0 543.8540649414062
vertex 361.8304138183594 7.0 561.660400390625
vertex 352.6961364746094 5.0407915115356445 544.4813232421875
endloop
endfacet
facet normal 0.8829620839927153 -0.00030742309587988885 -0.46944420725181113
outer loop
vertex 352.6961364746094 5.0407915115356445 544.4813232421875
vertex 361.8304138183594 7.0 561.660400390625
vertex 352.81317138671875 5.0 544.7014770507812
endloop
endfacet
facet normal 0.0 1.0 0.0
outer loop
vertex 347.67218017578125 7.0 549.8246459960938
vertex 348.0761413574219 7.0 560.5844116210938
vertex 361.8304138183594 7.0 561.660400390625
endloop
endfacet
facet normal -0.0 1.0 0.0
outer loop
vertex 337.40948486328125 7.0 560.5844116210938
vertex 362.0727844238281 7.0 568.1162719726562
vertex 348.0761413574219 7.0 560.5844116210938
endloop
endfacet
facet normal -0.0 1.0 0.0
outer loop
vertex 348.0761413574219 7.0 560.5844116210938
vertex 362.0727844238281 7.0 568.1162719726562
vertex 361.8304138183594 7.0 561.660400390625
endloop
endfacet
facet normal 0.0 0.0 1.0
outer loop
vertex 343.0122375488281 5.0 568.1162719726562
vertex 361.13336181640625 5.0 568.1162719726562
vertex 362.0727844238281 7.0 568.1162719726562
endloop
endfacet
facet normal -0.8829486211287041 0.0 0.469469628886598
outer loop
vertex 343.0122375488281 -5.0 568.1162719726562
vertex 348.59356689453125 5.0 578.61328125
vertex 343.0122375488281 5.0 568.1162719726562
endloop
endfacet
facet normal -0.9992958412396237 0.0 0.03752094989726268
outer loop
vertex 339.8033752441406 -7.0 593.9397583007812
vertex 339.8033752441406 5.0 593.9397583007812
vertex 339.56097412109375 5.0 587.48388671875
endloop
endfacet
facet normal -0.9992958412203558 -6.20990244077469e-06 0.03752094989653922
outer loop
vertex 339.56097412109375 5.0 587.48388671875
vertex 339.8033752441406 5.0 593.9397583007812
vertex 339.56536865234375 7.0 587.6012573242188
endloop
endfacet
facet normal -0.9992957677700688 0.0 0.03752290656157326
outer loop
vertex 339.56536865234375 7.0 587.6012573242188
vertex 339.8033752441406 5.0 593.9397583007812
vertex 339.8033752441406 7.0 593.9397583007812
endloop
endfacet
facet normal 0.0 0.0 -1.0
outer loop
vertex 353.3101501464844 -5.0 587.48388671875
vertex 339.56097412109375 5.0 587.48388671875
vertex 340.1416320800781 6.77419376373291 587.48388671875
endloop
endfacet
facet normal -0.9992957677700689 0.0 0.03752290656157327
outer loop
vertex 339.56536865234375 7.0 587.6012573242188
vertex 339.8033752441406 7.0 593.9397583007812
vertex 339.8033752441406 115.0 593.9397583007812
endloop
endfacet
facet normal -0.0 1.0 0.0
outer loop
vertex 343.0122375488281 5.0 568.1162719726562
vertex 348.59356689453125 5.0 578.61328125
vertex 361.13336181640625 5.0 568.1162719726562
endloop
endfacet
facet normal 0.0 1.0 0.0
outer loop
vertex 348.59356689453125 5.0 578.61328125
vertex 362.41729736328125 5.0 570.531005859375
vertex 361.13336181640625 5.0 568.1162719726562
endloop
endfacet
facet normal -0.0 1.0 0.0
outer loop
vertex 348.59356689453125 5.0 578.61328125
vertex 353.3101501464844 5.0 587.48388671875
vertex 362.41729736328125 5.0 570.531005859375
endloop
endfacet
facet normal -0.882947648160479 0.0 0.4694714587787834
outer loop
vertex 353.3101501464844 -5.0 587.48388671875
vertex 353.3101501464844 5.0 587.48388671875
vertex 348.59356689453125 5.0 578.61328125
endloop
endfacet
facet normal 0.0 0.0 -1.0
outer loop
vertex 353.3101501464844 -5.0 587.48388671875
vertex 340.1416320800781 6.77419376373291 587.48388671875
vertex 353.3101501464844 5.0 587.48388671875
endloop
endfacet
facet normal -0.0 -0.0 -1.0
outer loop
vertex 340.1416320800781 6.77419376373291 587.48388671875
vertex 371.4312744140625 5.0 587.48388671875
vertex 353.3101501464844 5.0 587.48388671875
endloop
endfacet
facet normal 0.0 -0.0 -1.0
outer loop
vertex 339.56097412109375 5.0 587.48388671875
vertex 373.8033752441406 112.0 587.48388671875
vertex 340.1416320800781 6.77419376373291 587.48388671875
endloop
endfacet
facet normal -0.4694716000845796 1.2630606296174955e-05 -0.8829475729365206
outer loop
vertex 329.44647216796875 137.0 556.038818359375
vertex 345.60443115234375 139.1999969482422 547.447509765625
vertex 348.8713073730469 137.0 545.71044921875
endloop
endfacet
facet normal -0.4694691052537864 -4.0798355168483895e-05 -0.8829488986049552
outer loop
vertex 332.71337890625 146.8000030517578 554.3017578125
vertex 348.8713073730469 147.7373046875 545.71044921875
vertex 345.60443115234375 146.8000030517578 547.447509765625
endloop
endfacet
facet normal -0.46947160012202754 -0.0 -0.8829475730069499
outer loop
vertex 329.44647216796875 149.0 556.038818359375
vertex 348.8713073730469 149.0 545.71044921875
vertex 348.8713073730469 147.7373046875 545.71044921875
endloop
endfacet
facet normal 0.0 -1.0 0.0
outer loop
vertex 331.9573669433594 137.0 560.7611083984375
vertex 348.8713073730469 137.0 545.71044921875
vertex 350.9649658203125 137.0 549.6480102539062
endloop
endfacet
facet normal 0.0 1.0 0.0
outer loop
vertex 329.44647216796875 149.0 556.038818359375
vertex 350.9649658203125 149.0 549.6480102539062
vertex 348.8713073730469 149.0 545.71044921875
endloop
endfacet
facet normal 0.0 -0.9999999999999999 0.0
outer loop
vertex 332.71337890625 146.8000030517578 554.3017578125
vertex 345.60443115234375 146.8000030517578 547.447509765625
vertex 351.37890625 146.8000030517578 558.3077392578125
endloop
endfacet
facet normal -0.46947823114953857 0.0 -0.8829440471947814
outer loop
vertex 345.60443115234375 139.1999969482422 547.447509765625
vertex 345.60443115234375 146.8000030517578 547.447509765625
vertex 348.8713073730469 147.7373046875 545.71044921875
endloop
endfacet
facet normal -0.46947823114953857 -0.0 -0.8829440471947814
outer loop
vertex 345.60443115234375 139.1999969482422 547.447509765625
vertex 348.8713073730469 147.7373046875 545.71044921875
vertex 348.8713073730469 137.0 545.71044921875
endloop
endfacet
facet normal -0.8829479754756495 0.0 0.46947084318778715
outer loop
vertex 345.60443115234375 139.1999969482422 547.447509765625
vertex 351.37890625 139.1999969482422 558.3077392578125
vertex 345.60443115234375 146.8000030517578 547.447509765625
endloop
endfacet
facet normal 0.0 -1.0 0.0
outer loop
vertex 332.71337890625 146.8000030517578 554.3017578125
vertex 351.37890625 146.8000030517578 558.3077392578125
vertex 338.4878845214844 146.8000030517578 565.1619873046875
endloop
endfacet
facet normal 0.0 -1.0 0.0
outer loop
vertex 331.9573669433594 137.0 560.7611083984375
vertex 350.9649658203125 137.0 549.6480102539062
vertex 342.5785217285156 137.0 579.9397583007812
endloop
endfacet
facet normal -0.0 1.0 0.0
outer loop
vertex 331.9573669433594 149.0 560.7611083984375
vertex 342.25531005859375 149.0 580.1287231445312
vertex 350.9649658203125 149.0 549.6480102539062
endloop
endfacet
facet normal -0.46946997208858926 0.0 -0.8829484386458472
outer loop
vertex 338.4878845214844 139.1999969482422 565.1619873046875
vertex 338.4878845214844 146.8000030517578 565.1619873046875
vertex 351.37890625 146.8000030517578 558.3077392578125
endloop
endfacet
facet normal 0.0 1.0 0.0
outer loop
vertex 338.4878845214844 139.1999969482422 565.1619873046875
vertex 351.37890625 139.1999969482422 558.3077392578125
vertex 345.60443115234375 139.1999969482422 547.447509765625
endloop
endfacet
facet normal -0.46946997208858926 -0.0 -0.8829484386458472
outer loop
vertex 338.4878845214844 139.1999969482422 565.1619873046875
vertex 351.37890625 146.8000030517578 558.3077392578125
vertex 351.37890625 139.1999969482422 558.3077392578125
endloop
endfacet
facet normal 0.8829457238875722 0.0 -0.4694750777929014
outer loop
vertex 348.8713073730469 137.0 545.71044921875
vertex 348.8713073730469 147.7373046875 545.71044921875
vertex 350.9649658203125 137.0 549.6480102539062
endloop
endfacet
facet normal 0.8829457238875722 0.0 -0.4694750777929014
outer loop
vertex 348.8713073730469 147.7373046875 545.71044921875
vertex 348.8713073730469 149.0 545.71044921875
vertex 350.9649658203125 149.0 549.6480102539062
endloop
endfacet
facet normal 0.8829457238875723 0.0 -0.46947507779290143
outer loop
vertex 348.8713073730469 147.7373046875 545.71044921875
vertex 350.9649658203125 149.0 549.6480102539062
vertex 350.9649658203125 137.0 549.6480102539062
endloop
endfacet
facet normal -0.8829479754756495 0.0 0.46947084318778715
outer loop
vertex 345.60443115234375 146.8000030517578 547.447509765625
vertex 351.37890625 139.1999969482422 558.3077392578125
vertex 351.37890625 146.8000030517578 558.3077392578125
endloop
endfacet
facet normal 0.0 -1.0 0.0
outer loop
vertex 350.9649658203125 137.0 549.6480102539062
vertex 361.2629089355469 137.0 569.015625
vertex 342.5785217285156 137.0 579.9397583007812
endloop
endfacet
facet normal -0.0 1.0 -0.0
outer loop
vertex 350.9649658203125 149.0 549.6480102539062
vertex 342.25531005859375 149.0 580.1287231445312
vertex 361.2629089355469 149.0 569.015625
endloop
endfacet
facet normal 0.8829475987936609 0.0 -0.4694715516242792
outer loop
vertex 350.9649658203125 137.0 549.6480102539062
vertex 350.9649658203125 149.0 549.6480102539062
vertex 361.2629089355469 149.0 569.015625
endloop
endfacet
facet normal 0.0 0.0 -0.9999999999999999
outer loop
vertex 339.56097412109375 5.0 587.48388671875
vertex 339.56097412109375 115.0 587.48388671875
vertex 341.8033752441406 112.0 587.48388671875
endloop
endfacet
facet normal -0.999295841239617 1.1499819334989602e-07 0.03752094989726243
outer loop
vertex 339.56536865234375 7.0 587.6012573242188
vertex 339.8033752441406 115.0 593.9397583007812
vertex 339.56097412109375 115.0 587.48388671875
endloop
endfacet
facet normal 0.0 0.0 -1.0
outer loop
vertex 341.8033752441406 112.0 579.9397583007812
vertex 342.15484619140625 137.0 579.9397583007812
vertex 342.5785217285156 137.0 579.9397583007812
endloop
endfacet
facet normal 0.0 0.0 -1.0
outer loop
vertex 341.8033752441406 112.0 579.9397583007812
vertex 341.8033752441406 146.0 579.9397583007812
vertex 342.15484619140625 137.0 579.9397583007812
endloop
endfacet
facet normal 0.0 0.0 -1.0
outer loop
vertex 341.8033752441406 146.0 579.9397583007812
vertex 342.15484619140625 146.0 579.9397583007812
vertex 342.15484619140625 137.0 579.9397583007812
endloop
endfacet
facet normal -0.8829679730765223 0.0 0.4694332311640684
outer loop
vertex 342.15484619140625 146.0 579.9397583007812
vertex 342.25531005859375 146.0 580.1287231445312
vertex 342.25531005859375 149.0 580.1287231445312
endloop
endfacet
facet normal -0.9999999999999999 0.0 0.0
outer loop
vertex 341.8033752441406 112.0 579.9397583007812
vertex 341.8033752441406 112.0 587.48388671875
vertex 341.8033752441406 115.0 587.48388671875
endloop
endfacet
facet normal -1.0 0.0 0.0
outer loop
vertex 341.8033752441406 112.0 579.9397583007812
vertex 341.8033752441406 115.0 587.48388671875
vertex 341.8033752441406 146.0 591.9397583007812
endloop
endfacet
facet normal 0.0 0.0 -1.0
outer loop
vertex 339.56097412109375 115.0 587.48388671875
vertex 341.8033752441406 115.0 587.48388671875
vertex 341.8033752441406 112.0 587.48388671875
endloop
endfacet
facet normal -0.0 1.0 0.0
outer loop
vertex 339.56097412109375 115.0 587.48388671875
vertex 341.8033752441406 115.0 591.9397583007812
vertex 341.8033752441406 115.0 587.48388671875
endloop
endfacet
facet normal -0.0 1.0 0.0
outer loop
vertex 339.56097412109375 115.0 587.48388671875
vertex 339.8033752441406 115.0 593.9397583007812
vertex 341.8033752441406 115.0 591.9397583007812
endloop
endfacet
facet normal -1.0 0.0 0.0
outer loop
vertex 341.8033752441406 115.0 587.48388671875
vertex 341.8033752441406 115.0 591.9397583007812
vertex 341.8033752441406 146.0 591.9397583007812
endloop
endfacet
facet normal -1.0 0.0 0.0
outer loop
vertex 341.8033752441406 112.0 579.9397583007812
vertex 341.8033752441406 146.0 591.9397583007812
vertex 341.8033752441406 146.0 579.9397583007812
endloop
endfacet
facet normal -0.0 1.0 0.0
outer loop
vertex 341.8033752441406 146.0 579.9397583007812
vertex 341.8033752441406 146.0 591.9397583007812
vertex 342.15484619140625 146.0 579.9397583007812
endloop
endfacet
facet normal -0.0 1.0 -0.0
outer loop
vertex 342.15484619140625 146.0 579.9397583007812
vertex 341.8033752441406 146.0 591.9397583007812
vertex 342.25531005859375 146.0 580.1287231445312
endloop
endfacet
facet normal 0.0 -0.0 0.9999999999999999
outer loop
vertex 341.8033752441406 115.0 591.9397583007812
vertex 348.5353698730469 146.0 591.9397583007812
vertex 341.8033752441406 146.0 591.9397583007812
endloop
endfacet
facet normal -0.8829469413645147 0.0 0.4694727880666229
outer loop
vertex 342.25531005859375 146.0 580.1287231445312
vertex 348.5353698730469 146.0 591.9397583007812
vertex 342.25531005859375 149.0 580.1287231445312
endloop
endfacet
facet normal 0.0 0.0 1.0
outer loop
vertex 341.8033752441406 115.0 591.9397583007812
vertex 348.5353698730469 137.0 591.9397583007812
vertex 348.5353698730469 146.0 591.9397583007812
endloop
endfacet
facet normal 0.0 0.9999999999999999 -0.0
outer loop
vertex 342.25531005859375 146.0 580.1287231445312
vertex 341.8033752441406 146.0 591.9397583007812
vertex 348.5353698730469 146.0 591.9397583007812
endloop
endfacet
facet normal -0.8829469855132831 -4.193156487476756e-07 0.46947270503494726
outer loop
vertex 342.25531005859375 149.0 580.1287231445312
vertex 348.5353698730469 146.0 591.9397583007812
vertex 352.5532531738281 149.0 599.4962768554688
endloop
endfacet
facet normal 0.0 0.0 -0.9999999999999999
outer loop
vertex 339.56097412109375 5.0 587.48388671875
vertex 341.8033752441406 112.0 587.48388671875
vertex 373.8033752441406 112.0 587.48388671875
endloop
endfacet
facet normal 0.0 0.0 -1.0
outer loop
vertex 341.8033752441406 112.0 579.9397583007812
vertex 342.5785217285156 137.0 579.9397583007812
vertex 367.0713806152344 137.0 579.9397583007812
endloop
endfacet
facet normal 0.0 -1.0 0.0
outer loop
vertex 342.5785217285156 137.0 579.9397583007812
vertex 361.2629089355469 137.0 569.015625
vertex 367.0713806152344 137.0 579.9397583007812
endloop
endfacet
facet normal 0.0 -1.0 0.0
outer loop
vertex 341.8033752441406 112.0 579.9397583007812
vertex 373.8033752441406 112.0 579.9397583007812
vertex 341.8033752441406 112.0 587.48388671875
endloop
endfacet
facet normal -0.0 0.9999999999999999 0.0
outer loop
vertex 342.25531005859375 149.0 580.1287231445312
vertex 352.5532531738281 149.0 599.4962768554688
vertex 361.2629089355469 149.0 569.015625
endloop
endfacet
facet normal 0.0 -0.0 1.0
outer loop
vertex 341.8033752441406 115.0 591.9397583007812
vertex 373.8033752441406 115.0 591.9397583007812
vertex 348.5353698730469 137.0 591.9397583007812
endloop
endfacet
facet normal -0.8829480313216016 0.0 0.4694707381566054
outer loop
vertex 339.8033752441406 -7.0 593.9397583007812
vertex 353.533935546875 7.0 619.7632446289062
vertex 339.8033752441406 5.0 593.9397583007812
endloop
endfacet
facet normal -0.8829480313216017 0.0 0.4694707381566054
outer loop
vertex 339.8033752441406 5.0 593.9397583007812
vertex 353.533935546875 7.0 619.7632446289062
vertex 339.8033752441406 7.0 593.9397583007812
endloop
endfacet
facet normal -0.0 1.0 0.0
outer loop
vertex 339.8033752441406 7.0 593.9397583007812
vertex 353.533935546875 7.0 619.7632446289062
vertex 364.4666748046875 7.0 601.4716186523438
endloop
endfacet
facet normal 0.0 -0.0 1.0
outer loop
vertex 339.8033752441406 7.0 593.9397583007812
vertex 375.8033752441406 115.0 593.9397583007812
vertex 339.8033752441406 115.0 593.9397583007812
endloop
endfacet
facet normal -0.0 1.0 -0.0
outer loop
vertex 341.8033752441406 115.0 591.9397583007812
vertex 339.8033752441406 115.0 593.9397583007812
vertex 373.8033752441406 115.0 591.9397583007812
endloop
endfacet
facet normal -0.882947054519149 0.0 0.4694725752543581
outer loop
vertex 348.5353698730469 137.0 591.9397583007812
vertex 352.5532531738281 137.0 599.4962768554688
vertex 348.5353698730469 146.0 591.9397583007812
endloop
endfacet
facet normal -0.882947054519149 0.0 0.4694725752543581
outer loop
vertex 348.5353698730469 146.0 591.9397583007812
vertex 352.5532531738281 137.0 599.4962768554688
vertex 352.5532531738281 149.0 599.4962768554688
endloop
endfacet
facet normal 0.0 -1.0 0.0
outer loop
vertex 348.5353698730469 137.0 591.9397583007812
vertex 365.4777526855469 137.0 591.9397583007812
vertex 352.5532531738281 137.0 599.4962768554688
endloop
endfacet
facet normal -0.8829481754975095 0.0 0.4694704670004484
outer loop
vertex 352.5532531738281 137.0 599.4962768554688
vertex 362.8511657714844 149.0 618.8638916015625
vertex 352.5532531738281 149.0 599.4962768554688
endloop
endfacet
facet normal 0.0 0.0 -1.0
outer loop
vertex 353.3407897949219 -137.0 554.1162719726562
vertex 360.0727844238281 -112.0 554.1162719726562
vertex 360.0727844238281 -146.0 554.1162719726562
endloop
endfacet
facet normal 0.0 -1.0 0.0
outer loop
vertex 353.3407897949219 -146.0 554.1162719726562
vertex 360.0727844238281 -146.0 554.1162719726562
vertex 359.7212829589844 -146.0 566.1162719726562
endloop
endfacet
facet normal 1.0 0.0 -0.0
outer loop
vertex 360.0727844238281 -146.0 554.1162719726562
vertex 360.0727844238281 -112.0 554.1162719726562
vertex 360.0727844238281 -146.0 566.1162719726562
endloop
endfacet
facet normal 0.8829482033284086 5.139434962349528e-06 -0.4694704146298481
outer loop
vertex 353.3407897949219 -146.0 554.1162719726562
vertex 359.7212829589844 -146.0 566.1162719726562
vertex 361.2629089355469 -149.0 569.015625
endloop
endfacet
facet normal 0.0 -1.0 0.0
outer loop
vertex 360.0727844238281 -146.0 554.1162719726562
vertex 360.0727844238281 -146.0 566.1162719726562
vertex 359.7212829589844 -146.0 566.1162719726562
endloop
endfacet
facet normal 0.8829459989937827 0.0 -0.4694745603979741
outer loop
vertex 359.7212829589844 -146.0 566.1162719726562
vertex 361.2629089355469 -137.0 569.015625
vertex 361.2629089355469 -149.0 569.015625
endloop
endfacet
facet normal 0.8829459989937828 0.0 -0.46947456039797414
outer loop
vertex 359.7212829589844 -146.0 566.1162719726562
vertex 359.7212829589844 -137.0 566.1162719726562
vertex 361.2629089355469 -137.0 569.015625
endloop
endfacet
facet normal 0.0 0.0 1.0
outer loop
vertex 359.7212829589844 -146.0 566.1162719726562
vertex 360.0727844238281 -146.0 566.1162719726562
vertex 360.0727844238281 -115.0 566.1162719726562
endloop
endfacet
facet normal 0.0 -0.0 1.0
outer loop
vertex 359.7212829589844 -146.0 566.1162719726562
vertex 360.0727844238281 -115.0 566.1162719726562
vertex 359.7212829589844 -137.0 566.1162719726562
endloop
endfacet
facet normal 1.0 0.0 0.0
outer loop
vertex 360.0727844238281 -112.0 554.1162719726562
vertex 360.0727844238281 -115.0 561.660400390625
vertex 360.0727844238281 -146.0 566.1162719726562
endloop
endfacet
facet normal 0.9999999999999999 0.0 -0.0
outer loop
vertex 360.0727844238281 -112.0 554.1162719726562
vertex 360.0727844238281 -112.0 561.660400390625
vertex 360.0727844238281 -115.0 561.660400390625
endloop
endfacet
facet normal 0.0 0.0 -1.0
outer loop
vertex 360.0727844238281 -115.0 561.660400390625
vertex 360.0727844238281 -112.0 561.660400390625
vertex 361.8304138183594 -115.0 561.660400390625
endloop
endfacet
facet normal 1.0 -0.0 0.0
outer loop
vertex 360.0727844238281 -146.0 566.1162719726562
vertex 360.0727844238281 -115.0 561.660400390625
vertex 360.0727844238281 -115.0 566.1162719726562
endloop
endfacet
facet normal 0.0 -1.0 0.0
outer loop
vertex 360.0727844238281 -115.0 561.660400390625
vertex 361.8304138183594 -115.0 561.660400390625
vertex 360.0727844238281 -115.0 566.1162719726562
endloop
endfacet
facet normal -0.0 -0.9999999999999999 0.0
outer loop
vertex 361.8304138183594 -115.0 561.660400390625
vertex 362.0727844238281 -115.0 568.1162719726562
vertex 360.0727844238281 -115.0 566.1162719726562
endloop
endfacet
facet normal 0.0 0.0 -1.0
outer loop
vertex 360.0727844238281 -112.0 561.660400390625
vertex 361.8304138183594 -7.0 561.660400390625
vertex 361.8304138183594 -115.0 561.660400390625
endloop
endfacet
facet normal 0.9992960183442591 -1.0986457942484354e-07 -0.037516232770603584
outer loop
vertex 361.8304138183594 -115.0 561.660400390625
vertex 362.0683898925781 -7.0 567.9989013671875
vertex 362.0727844238281 -115.0 568.1162719726562
endloop
endfacet
facet normal 0.8829469855133607 0.0 -0.4694727050349885
outer loop
vertex 361.2629089355469 -149.0 569.015625
vertex 361.2629089355469 -137.0 569.015625
vertex 371.56085205078125 -137.0 588.3831787109375
endloop
endfacet
facet normal 0.0 -0.9999999999999999 0.0
outer loop
vertex 352.5532531738281 -149.0 599.4962768554688
vertex 361.2629089355469 -149.0 569.015625
vertex 371.56085205078125 -149.0 588.3831787109375
endloop
endfacet
facet normal 0.0 0.9999999999999999 0.0
outer loop
vertex 352.5532531738281 -137.0 599.4962768554688
vertex 371.56085205078125 -137.0 588.3831787109375
vertex 361.2629089355469 -137.0 569.015625
endloop
endfacet
facet normal 0.8829469855133607 0.0 -0.4694727050349885
outer loop
vertex 361.2629089355469 -149.0 569.015625
vertex 371.56085205078125 -137.0 588.3831787109375
vertex 371.56085205078125 -149.0 588.3831787109375
endloop
endfacet
facet normal 0.0 -0.0 1.0
outer loop
vertex 362.0727844238281 -115.0 568.1162719726562
vertex 362.0727844238281 -7.0 568.1162719726562
vertex 361.4182434082031 -7.0 568.1162719726562
endloop
endfacet
facet normal 0.9992959481633447 0.0 -0.03751810208848224
outer loop
vertex 361.8304138183594 -115.0 561.660400390625
vertex 361.8304138183594 -7.0 561.660400390625
vertex 362.0683898925781 -7.0 567.9989013671875
endloop
endfacet
facet normal 0.9992998032269532 0.0 -0.03741528124406689
outer loop
vertex 362.0727844238281 -115.0 568.1162719726562
vertex 362.0683898925781 -7.0 567.9989013671875
vertex 362.0727844238281 -7.0 568.1162719726562
endloop
endfacet
facet normal 0.8829470977579186 0.0 -0.469472493934276
outer loop
vertex 352.81317138671875 5.0 544.7014770507812
vertex 361.8304138183594 -5.0 561.660400390625
vertex 361.8304138183594 -7.0 561.660400390625
endloop
endfacet
facet normal 0.9992954470405755 0.0 -0.03753144713405206
outer loop
vertex 361.8304138183594 -7.0 561.660400390625
vertex 361.8304138183594 -5.0 561.660400390625
vertex 361.86505126953125 -5.0 562.5826416015625
endloop
endfacet
facet normal 0.9992954470405756 0.0 -0.037531447134052064
outer loop
vertex 361.8304138183594 -5.0 561.660400390625
vertex 361.8304138183594 7.0 561.660400390625
vertex 361.86505126953125 -5.0 562.5826416015625
endloop
endfacet
facet normal -0.0 0.0 1.0
outer loop
vertex 360.6697998046875 -6.454392910003662 568.1162719726562
vertex 361.4182434082031 -7.0 568.1162719726562
vertex 361.49212646484375 -6.77419376373291 568.1162719726562
endloop
endfacet
facet normal -0.0 -0.0 1.0
outer loop
vertex 360.6697998046875 -6.454392910003662 568.1162719726562
vertex 361.49212646484375 -6.77419376373291 568.1162719726562
vertex 361.13336181640625 -5.0 568.1162719726562
endloop
endfacet
facet normal 0.0 0.0 1.0
outer loop
vertex 361.13336181640625 -5.0 568.1162719726562
vertex 361.49212646484375 -6.77419376373291 568.1162719726562
vertex 362.0727844238281 -7.0 568.1162719726562
endloop
endfacet
facet normal 0.0 -0.0 1.0
outer loop
vertex 361.4182434082031 -7.0 568.1162719726562
vertex 362.0727844238281 -7.0 568.1162719726562
vertex 361.49212646484375 -6.77419376373291 568.1162719726562
endloop
endfacet
facet normal -0.0 -0.0 1.0
outer loop
vertex 361.13336181640625 -5.0 568.1162719726562
vertex 362.0727844238281 -7.0 568.1162719726562
vertex 361.13336181640625 5.0 568.1162719726562
endloop
endfacet
facet normal 0.9992959481443707 -6.162354300768561e-06 -0.03751810208776987
outer loop
vertex 361.8304138183594 -7.0 561.660400390625
vertex 361.86505126953125 -5.0 562.5826416015625
vertex 362.0683898925781 -7.0 567.9989013671875
endloop
endfacet
facet normal 0.9992960451224249 8.415384096396069e-07 -0.03751551948157259
outer loop
vertex 361.86505126953125 -5.0 562.5826416015625
vertex 362.0727844238281 7.0 568.1162719726562
vertex 362.0683898925781 -7.0 567.9989013671875
endloop
endfacet
facet normal 0.9992998032269532 0.0 -0.03741528124406689
outer loop
vertex 362.0683898925781 -7.0 567.9989013671875
vertex 362.0727844238281 7.0 568.1162719726562
vertex 362.0727844238281 -7.0 568.1162719726562
endloop
endfacet
facet normal 0.0 -1.0 0.0
outer loop
vertex 348.59356689453125 -5.0 578.61328125
vertex 362.41729736328125 -5.0 570.531005859375
vertex 371.4312744140625 -5.0 587.48388671875
endloop
endfacet
facet normal 0.8829477801442928 0.0 -0.46947121055317703
outer loop
vertex 361.13336181640625 -5.0 568.1162719726562
vertex 362.41729736328125 5.0 570.531005859375
vertex 362.41729736328125 -5.0 570.531005859375
endloop
endfacet
facet normal 0.0 -1.0 0.0
outer loop
vertex 348.59356689453125 -5.0 578.61328125
vertex 371.4312744140625 -5.0 587.48388671875
vertex 353.3101501464844 -5.0 587.48388671875
endloop
endfacet
facet normal 0.0 -0.9999999999999999 0.0
outer loop
vertex 339.56097412109375 -7.0 587.48388671875
vertex 375.56097412109375 -7.0 587.48388671875
vertex 364.4666748046875 -7.0 601.4716186523438
endloop
endfacet
facet normal 0.882948231810796 0.0 -0.4694703610902281
outer loop
vertex 362.41729736328125 -5.0 570.531005859375
vertex 371.4312744140625 5.0 587.48388671875
vertex 371.4312744140625 -5.0 587.48388671875
endloop
endfacet
facet normal 0.0 0.0 -1.0
outer loop
vertex 353.3101501464844 -5.0 587.48388671875
vertex 371.4312744140625 -5.0 587.48388671875
vertex 375.56097412109375 -7.0 587.48388671875
endloop
endfacet
facet normal 0.0 0.0 -1.0
outer loop
vertex 371.4312744140625 -5.0 587.48388671875
vertex 375.56097412109375 5.0 587.48388671875
vertex 375.56097412109375 -7.0 587.48388671875
endloop
endfacet
facet normal 0.8829476104474577 0.0 -0.4694715297066741
outer loop
vertex 375.56097412109375 -7.0 587.48388671875
vertex 375.56097412109375 5.0 587.48388671875
vertex 380.15728759765625 -5.04078483581543 596.1282958984375
endloop
endfacet
facet normal -0.0 1.0 0.0
outer loop
vertex 352.5532531738281 -137.0 599.4962768554688
vertex 355.88543701171875 -137.0 605.7632446289062
vertex 371.56085205078125 -137.0 588.3831787109375
endloop
endfacet
facet normal 0.0 -0.9999999999999999 0.0
outer loop
vertex 352.5532531738281 -149.0 599.4962768554688
vertex 371.56085205078125 -149.0 588.3831787109375
vertex 362.8511657714844 -149.0 618.8638916015625
endloop
endfacet
facet normal 0.0 -1.0 0.0
outer loop
vertex 355.88543701171875 -146.0 605.7632446289062
vertex 362.26593017578125 -146.0 617.7632446289062
vertex 355.533935546875 -146.0 617.7632446289062
endloop
endfacet
facet normal -0.8829482033335517 -3.842378629473885e-06 0.46947041463258277
outer loop
vertex 355.88543701171875 -146.0 605.7632446289062
vertex 362.8511657714844 -149.0 618.8638916015625
vertex 362.26593017578125 -146.0 617.7632446289062
endloop
endfacet
facet normal 0.0 0.0 -1.0
outer loop
vertex 355.88543701171875 -137.0 605.7632446289062
vertex 355.533935546875 -112.0 605.7632446289062
vertex 387.533935546875 -112.0 605.7632446289062
endloop
endfacet
facet normal 0.0 1.0 0.0
outer loop
vertex 355.533935546875 -112.0 605.7632446289062
vertex 355.533935546875 -112.0 613.307373046875
vertex 387.533935546875 -112.0 613.307373046875
endloop
endfacet
facet normal 0.0 -0.0 -1.0
outer loop
vertex 353.29156494140625 -115.0 613.307373046875
vertex 389.29156494140625 -7.0 613.307373046875
vertex 355.533935546875 -112.0 613.307373046875
endloop
endfacet
facet normal -0.0 1.0 0.0
outer loop
vertex 355.88543701171875 -137.0 605.7632446289062
vertex 380.802001953125 -137.0 605.7632446289062
vertex 371.56085205078125 -137.0 588.3831787109375
endloop
endfacet
facet normal 0.8829474890222998 0.0 -0.4694717580741316
outer loop
vertex 371.56085205078125 -149.0 588.3831787109375
vertex 371.56085205078125 -137.0 588.3831787109375
vertex 380.802001953125 -137.0 605.7632446289062
endloop
endfacet
facet normal 0.0 -1.0 0.0
outer loop
vertex 371.56085205078125 -149.0 588.3831787109375
vertex 381.8587951660156 -149.0 607.7507934570312
vertex 362.8511657714844 -149.0 618.8638916015625
endloop
endfacet
facet normal 0.0 -0.0 -1.0
outer loop
vertex 355.88543701171875 -137.0 605.7632446289062
vertex 387.533935546875 -112.0 605.7632446289062
vertex 380.802001953125 -137.0 605.7632446289062
endloop
endfacet
facet normal 0.0 -0.0 0.9999999999999999
outer loop
vertex 355.533935546875 -146.0 617.7632446289062
vertex 362.26593017578125 -137.0 617.7632446289062
vertex 355.533935546875 -115.0 617.7632446289062
endloop
endfacet
facet normal 0.0 0.0 1.0
outer loop
vertex 355.533935546875 -146.0 617.7632446289062
vertex 362.26593017578125 -146.0 617.7632446289062
vertex 362.26593017578125 -137.0 617.7632446289062
endloop
endfacet
facet normal -0.0 0.0 1.0
outer loop
vertex 355.533935546875 -115.0 617.7632446289062
vertex 362.26593017578125 -137.0 617.7632446289062
vertex 364.73370361328125 -137.0 617.7632446289062
endloop
endfacet
facet normal -0.8829438620533805 0.0 0.46947857934336157
outer loop
vertex 362.26593017578125 -146.0 617.7632446289062
vertex 362.8511657714844 -137.0 618.8638916015625
vertex 362.26593017578125 -137.0 617.7632446289062
endloop
endfacet
facet normal -0.8829438620533805 0.0 0.46947857934336157
outer loop
vertex 362.26593017578125 -146.0 617.7632446289062
vertex 362.8511657714844 -149.0 618.8638916015625
vertex 362.8511657714844 -137.0 618.8638916015625
endloop
endfacet
facet normal -0.0 1.0 0.0
outer loop
vertex 362.26593017578125 -137.0 617.7632446289062
vertex 362.8511657714844 -137.0 618.8638916015625
vertex 364.73370361328125 -137.0 617.7632446289062
endloop
endfacet
facet normal -0.8317417725679875 0.0 0.5551627002649423
outer loop
vertex 362.8511657714844 -149.0 618.8638916015625
vertex 372.0721435546875 -137.0 632.6787109375
vertex 362.8511657714844 -137.0 618.8638916015625
endloop
endfacet
facet normal 0.0 -1.0 0.0
outer loop
vertex 353.533935546875 -115.0 619.7632446289062
vertex 355.533935546875 -115.0 617.7632446289062
vertex 389.533935546875 -115.0 619.7632446289062
endloop
endfacet
facet normal -0.0 1.0 0.0
outer loop
vertex 362.8511657714844 -137.0 618.8638916015625
vertex 372.0721435546875 -137.0 632.6787109375
vertex 364.73370361328125 -137.0 617.7632446289062
endloop
endfacet
facet normal -0.8317417725679875 0.0 0.5551627002649423
outer loop
vertex 362.8511657714844 -149.0 618.8638916015625
vertex 372.0721435546875 -149.0 632.6787109375
vertex 372.0721435546875 -137.0 632.6787109375
endloop
endfacet
facet normal -0.0 0.0 0.9999999999999999
outer loop
vertex 355.533935546875 -115.0 617.7632446289062
vertex 364.73370361328125 -137.0 617.7632446289062
vertex 387.533935546875 -137.0 617.7632446289062
endloop
endfacet
facet normal 0.0 -0.9999999999999999 0.0
outer loop
vertex 362.8511657714844 -149.0 618.8638916015625
vertex 381.8587951660156 -149.0 607.7507934570312
vertex 372.0721435546875 -149.0 632.6787109375
endloop
endfacet
facet normal 0.46947179021757257 -0.0 0.8829474719313191
outer loop
vertex 372.0721435546875 -149.0 632.6787109375
vertex 375.1773376464844 -146.5 631.0276489257812
vertex 375.1773376464844 -139.5 631.0276489257812
endloop
endfacet
facet normal 0.46947179021757257 0.0 0.8829474719313191
outer loop
vertex 372.0721435546875 -149.0 632.6787109375
vertex 375.1773376464844 -139.5 631.0276489257812
vertex 372.0721435546875 -137.0 632.6787109375
endloop
endfacet
facet normal 0.0 0.0 -1.0
outer loop
vertex 353.29156494140625 -115.0 613.307373046875
vertex 353.29156494140625 -7.0 613.307373046875
vertex 389.29156494140625 -7.0 613.307373046875
endloop
endfacet
facet normal -0.9992959802655469 0.0 0.037517247035461984
outer loop
vertex 364.4666748046875 -11.0 601.4716186523438
vertex 364.8706359863281 -11.0 612.2313842773438
vertex 364.8706359863281 -7.0 612.2313842773438
endloop
endfacet
facet normal -0.9992959802655469 0.0 0.037517247035461984
outer loop
vertex 364.4666748046875 -11.0 601.4716186523438
vertex 364.8706359863281 -7.0 612.2313842773438
vertex 364.4666748046875 -7.0 601.4716186523438
endloop
endfacet
facet normal -0.3223638962864623 0.0 -0.946615824065397
outer loop
vertex 364.4666748046875 -11.0 601.4716186523438
vertex 364.4666748046875 -7.0 601.4716186523438
vertex 374.9986877441406 -7.0 597.885009765625
endloop
endfacet
facet normal 0.0 -1.0 0.0
outer loop
vertex 375.56097412109375 -7.0 587.48388671875
vertex 374.9986877441406 -7.0 597.885009765625
vertex 364.4666748046875 -7.0 601.4716186523438
endloop
endfacet
facet normal 0.3510932353563386 -0.936247734740633 -0.01318026100090334
outer loop
vertex 364.4666748046875 -11.0 601.4716186523438
vertex 374.9986877441406 -7.0 597.885009765625
vertex 375.1333312988281 -7.0 601.4716186523438
endloop
endfacet
facet normal 0.3510932304021207 -0.9362477215293978 -0.013181331374889022
outer loop
vertex 364.4666748046875 -11.0 601.4716186523438
vertex 375.1333312988281 -7.0 601.4716186523438
vertex 364.8706359863281 -11.0 612.2313842773438
endloop
endfacet
facet normal 0.0 -0.0 1.0
outer loop
vertex 364.8706359863281 -11.0 612.2313842773438
vertex 375.53729248046875 -7.0 612.2313842773438
vertex 364.8706359863281 -7.0 612.2313842773438
endloop
endfacet
facet normal 0.0 -1.0 0.0
outer loop
vertex 353.29156494140625 -7.0 613.307373046875
vertex 364.8706359863281 -7.0 612.2313842773438
vertex 389.29156494140625 -7.0 613.307373046875
endloop
endfacet
facet normal 0.3510932304021207 -0.9362477215293978 -0.013181331374889022
outer loop
vertex 364.8706359863281 -11.0 612.2313842773438
vertex 375.1333312988281 -7.0 601.4716186523438
vertex 375.53729248046875 -7.0 612.2313842773438
endloop
endfacet
facet normal 0.0 -0.0 1.0
outer loop
vertex 353.533935546875 -115.0 619.7632446289062
vertex 388.9532775878906 -6.77419376373291 619.7632446289062
vertex 353.533935546875 -7.0 619.7632446289062
endloop
endfacet
facet normal 0.0 0.0 1.0
outer loop
vertex 353.533935546875 -5.0 619.7632446289062
vertex 370.7727966308594 -5.0 619.7632446289062
vertex 370.7727966308594 5.0 619.7632446289062
endloop
endfacet
facet normal 0.0 -0.0 1.0
outer loop
vertex 353.533935546875 -7.0 619.7632446289062
vertex 388.9532775878906 -6.77419376373291 619.7632446289062
vertex 353.533935546875 -5.0 619.7632446289062
endloop
endfacet
facet normal -0.0 -0.0 1.0
outer loop
vertex 353.533935546875 -5.0 619.7632446289062
vertex 388.9532775878906 -6.77419376373291 619.7632446289062
vertex 370.7727966308594 -5.0 619.7632446289062
endloop
endfacet
facet normal -0.8362582295592529 0.0 0.5483358218231087
outer loop
vertex 370.7727966308594 -5.0 619.7632446289062
vertex 377.38812255859375 -5.0 629.8521728515625
vertex 377.38812255859375 5.0 629.8521728515625
endloop
endfacet
facet normal 0.882947598792622 -1.5341752153879884e-06 -0.4694715516237268
outer loop
vertex 371.56085205078125 -149.0 588.3831787109375
vertex 380.802001953125 -146.0 605.7632446289062
vertex 381.8587951660156 -149.0 607.7507934570312
endloop
endfacet
facet normal 0.8829474890222998 0.0 -0.4694717580741316
outer loop
vertex 371.56085205078125 -149.0 588.3831787109375
vertex 380.802001953125 -137.0 605.7632446289062
vertex 380.802001953125 -146.0 605.7632446289062
endloop
endfacet
facet normal -0.0 1.0 0.0
outer loop
vertex 355.533935546875 -112.0 605.7632446289062
vertex 387.533935546875 -112.0 613.307373046875
vertex 387.533935546875 -112.0 605.7632446289062
endloop
endfacet
facet normal 0.8829485586854086 0.0 -0.46946974632595834
outer loop
vertex 380.802001953125 -146.0 605.7632446289062
vertex 381.8587951660156 -146.0 607.7507934570312
vertex 381.8587951660156 -149.0 607.7507934570312
endloop
endfacet
facet normal 0.0 0.0 -1.0
outer loop
vertex 380.802001953125 -146.0 605.7632446289062
vertex 380.802001953125 -137.0 605.7632446289062
vertex 387.533935546875 -146.0 605.7632446289062
endloop
endfacet
facet normal 0.0 -0.9999999999999999 0.0
outer loop
vertex 380.802001953125 -146.0 605.7632446289062
vertex 387.533935546875 -146.0 605.7632446289062
vertex 381.8587951660156 -146.0 607.7507934570312
endloop
endfacet
facet normal 0.8635904290358576 0.0 -0.5041939813976993
outer loop
vertex 381.8587951660156 -149.0 607.7507934570312
vertex 381.8587951660156 -146.0 607.7507934570312
vertex 387.533935546875 -146.0 617.4712524414062
endloop
endfacet
facet normal 0.0 -0.0 -1.0
outer loop
vertex 355.533935546875 -112.0 613.307373046875
vertex 389.29156494140625 -7.0 613.307373046875
vertex 387.533935546875 -112.0 613.307373046875
endloop
endfacet
facet normal 0.0 -1.0 0.0
outer loop
vertex 381.8587951660156 -146.0 607.7507934570312
vertex 387.533935546875 -146.0 605.7632446289062
vertex 387.533935546875 -146.0 617.4712524414062
endloop
endfacet
facet normal 0.0 0.0 -0.9999999999999999
outer loop
vertex 380.802001953125 -137.0 605.7632446289062
vertex 387.533935546875 -112.0 605.7632446289062
vertex 387.533935546875 -146.0 605.7632446289062
endloop
endfacet
facet normal 1.0 0.0 -0.0
outer loop
vertex 387.533935546875 -146.0 605.7632446289062
vertex 387.533935546875 -112.0 605.7632446289062
vertex 387.533935546875 -146.0 617.4712524414062
endloop
endfacet
facet normal 0.8635901020000303 2.4336142244210523e-06 -0.5041945415428996
outer loop
vertex 381.8587951660156 -149.0 607.7507934570312
vertex 387.533935546875 -146.0 617.4712524414062
vertex 390.64654541015625 -149.0 622.8025512695312
endloop
endfacet
facet normal 1.0 0.0 0.0
outer loop
vertex 387.533935546875 -115.0 613.307373046875
vertex 387.533935546875 -137.0 617.4712524414062
vertex 387.533935546875 -146.0 617.4712524414062
endloop
endfacet
facet normal 0.9999999999999999 0.0 -0.0
outer loop
vertex 387.533935546875 -112.0 605.7632446289062
vertex 387.533935546875 -112.0 613.307373046875
vertex 387.533935546875 -115.0 613.307373046875
endloop
endfacet
facet normal 1.0 0.0 0.0
outer loop
vertex 387.533935546875 -112.0 605.7632446289062
vertex 387.533935546875 -115.0 613.307373046875
vertex 387.533935546875 -146.0 617.4712524414062
endloop
endfacet
facet normal 1.0 0.0 -0.0
outer loop
vertex 387.533935546875 -115.0 613.307373046875
vertex 387.533935546875 -115.0 617.7632446289062
vertex 387.533935546875 -137.0 617.4712524414062
endloop
endfacet
facet normal 0.0 0.0 -1.0
outer loop
vertex 387.533935546875 -115.0 613.307373046875
vertex 387.533935546875 -112.0 613.307373046875
vertex 389.29156494140625 -115.0 613.307373046875
endloop
endfacet
facet normal 0.0 -1.0 0.0
outer loop
vertex 387.533935546875 -115.0 613.307373046875
vertex 389.29156494140625 -115.0 613.307373046875
vertex 387.533935546875 -115.0 617.7632446289062
endloop
endfacet
facet normal 0.0 0.0 -1.0
outer loop
vertex 387.533935546875 -112.0 613.307373046875
vertex 389.29156494140625 -7.0 613.307373046875
vertex 389.29156494140625 -115.0 613.307373046875
endloop
endfacet
facet normal -0.0 0.9999999999999999 0.0
outer loop
vertex 364.73370361328125 -137.0 617.7632446289062
vertex 372.0721435546875 -137.0 632.6787109375
vertex 390.64654541015625 -137.0 622.8025512695312
endloop
endfacet
facet normal -0.0 0.0 1.0
outer loop
vertex 355.533935546875 -115.0 617.7632446289062
vertex 387.533935546875 -137.0 617.7632446289062
vertex 387.533935546875 -115.0 617.7632446289062
endloop
endfacet
facet normal 0.0 -1.0 0.0
outer loop
vertex 355.533935546875 -115.0 617.7632446289062
vertex 387.533935546875 -115.0 617.7632446289062
vertex 389.533935546875 -115.0 619.7632446289062
endloop
endfacet
facet normal 0.0 -1.0 0.0
outer loop
vertex 372.0721435546875 -149.0 632.6787109375
vertex 381.8587951660156 -149.0 607.7507934570312
vertex 390.64654541015625 -149.0 622.8025512695312
endloop
endfacet
facet normal -0.0 1.0 0.0
outer loop
vertex 364.73370361328125 -137.0 617.7632446289062
vertex 390.64654541015625 -137.0 622.8025512695312
vertex 387.533935546875 -137.0 617.7632446289062
endloop
endfacet
facet normal 0.0 -1.0 0.0
outer loop
vertex 375.1773376464844 -146.5 631.0276489257812
vertex 385.2003479003906 -146.5 626.8308715820312
vertex 384.14080810546875 -146.5 627.394287109375
endloop
endfacet
facet normal 0.0 0.9999999999999999 0.0
outer loop
vertex 375.1773376464844 -139.5 631.0276489257812
vertex 378.4546203613281 -139.5 630.4176635742188
vertex 387.53863525390625 -139.5 624.455078125
endloop
endfacet
facet normal 0.0 1.0 0.0
outer loop
vertex 378.4546203613281 -139.5 630.4176635742188
vertex 379.51416015625 -139.5 629.8543090820312
vertex 387.53863525390625 -139.5 624.455078125
endloop
endfacet
facet normal 0.0 -1.0 0.0
outer loop
vertex 375.1773376464844 -146.5 631.0276489257812
vertex 387.53863525390625 -146.5 624.455078125
vertex 385.2003479003906 -146.5 626.8308715820312
endloop
endfacet
facet normal 0.4694714714726531 -1.57688330155848e-05 0.8829476412702203
outer loop
vertex 372.0721435546875 -149.0 632.6787109375
vertex 390.64654541015625 -147.73883056640625 622.8025512695312
vertex 387.53863525390625 -146.5 624.455078125
endloop
endfacet
facet normal 0.46947063681529416 9.144995720261142e-06 0.882948085158245
outer loop
vertex 372.0721435546875 -137.0 632.6787109375
vertex 387.53863525390625 -139.5 624.455078125
vertex 390.64654541015625 -137.0 622.8025512695312
endloop
endfacet
facet normal 0.0 1.0 0.0
outer loop
vertex 384.14080810546875 -139.5 627.394287109375
vertex 387.53863525390625 -139.5 624.455078125
vertex 379.51416015625 -139.5 629.8543090820312
endloop
endfacet
facet normal -0.8829467068513824 0.0 0.46947322911993516
outer loop
vertex 375.1773376464844 -146.5 631.0276489257812
vertex 379.8720703125 -146.5 639.8571166992188
vertex 375.1773376464844 -139.5 631.0276489257812
endloop
endfacet
facet normal 0.0 -1.0 0.0
outer loop
vertex 375.1773376464844 -146.5 631.0276489257812
vertex 379.51416015625 -146.5 629.8543090820312
vertex 378.4546203613281 -146.5 630.4176635742188
endloop
endfacet
facet normal 0.4694689052116287 4.5964717585316896e-06 0.882949005899133
outer loop
vertex 372.0721435546875 -149.0 632.6787109375
vertex 387.53863525390625 -146.5 624.455078125
vertex 375.1773376464844 -146.5 631.0276489257812
endloop
endfacet
facet normal 0.0 -1.0 0.0
outer loop
vertex 375.1773376464844 -146.5 631.0276489257812
vertex 384.14080810546875 -146.5 627.394287109375
vertex 379.51416015625 -146.5 629.8543090820312
endloop
endfacet
facet normal -0.08092866354077341 -0.9850295596841765 -0.1522081402747623
outer loop
vertex 378.4546203613281 -146.5 630.4176635742188
vertex 379.51416015625 -146.5 629.8543090820312
vertex 379.3935546875 -146.85000610351562 632.1835327148438
endloop
endfacet
facet normal 0.0 -1.0 0.0
outer loop
vertex 375.1773376464844 -146.5 631.0276489257812
vertex 378.4546203613281 -146.5 630.4176635742188
vertex 382.6798400878906 -146.5 638.3641967773438
endloop
endfacet
facet normal 0.4694689052116287 -4.5964717585316896e-06 0.882949005899133
outer loop
vertex 372.0721435546875 -137.0 632.6787109375
vertex 375.1773376464844 -139.5 631.0276489257812
vertex 387.53863525390625 -139.5 624.455078125
endloop
endfacet
facet normal -0.08092866354077341 0.9850295596841765 -0.1522081402747623
outer loop
vertex 378.4546203613281 -139.5 630.4176635742188
vertex 379.3935546875 -139.14999389648438 632.1835327148438
vertex 379.51416015625 -139.5 629.8543090820312
endloop
endfacet
facet normal -0.0 1.0 0.0
outer loop
vertex 375.1773376464844 -139.5 631.0276489257812
vertex 379.8720703125 -139.5 639.8571166992188
vertex 378.4546203613281 -139.5 630.4176635742188
endloop
endfacet
facet normal -0.8829467068513824 0.0 0.46947322911993516
outer loop
vertex 375.1773376464844 -139.5 631.0276489257812
vertex 379.8720703125 -146.5 639.8571166992188
vertex 379.8720703125 -139.5 639.8571166992188
endloop
endfacet
facet normal 0.0 -1.0 0.0
outer loop
vertex 375.1773376464844 -146.5 631.0276489257812
vertex 382.6798400878906 -146.5 638.3641967773438
vertex 379.8720703125 -146.5 639.8571166992188
endloop
endfacet
facet normal -0.08092866354077341 -0.9850295596841765 -0.1522081402747623
outer loop
vertex 379.51416015625 -146.5 629.8543090820312
vertex 380.4530944824219 -146.85000610351562 631.6201782226562
vertex 379.3935546875 -146.85000610351562 632.1835327148438
endloop
endfacet
facet normal -0.882948832688296 -2.783159443040058e-05 0.4694692301735843
outer loop
vertex 378.4546203613281 -146.5 630.4176635742188
vertex 379.3935546875 -146.85000610351562 632.1835327148438
vertex 382.6798400878906 -146.5 638.3641967773438
endloop
endfacet
facet normal 0.0 -1.0 0.0
outer loop
vertex 379.3935546875 -146.85000610351562 632.1835327148438
vertex 380.4530944824219 -146.85000610351562 631.6201782226562
vertex 382.21038818359375 -146.85000610351562 637.4812622070312
endloop
endfacet
facet normal 0.882948832688296 2.783159443040058e-05 -0.4694692301735843
outer loop
vertex 379.51416015625 -146.5 629.8543090820312
vertex 383.7393798828125 -146.5 637.8008422851562
vertex 380.4530944824219 -146.85000610351562 631.6201782226562
endloop
endfacet
facet normal -0.08092866354077341 0.9850295596841765 -0.1522081402747623
outer loop
vertex 379.51416015625 -139.5 629.8543090820312
vertex 379.3935546875 -139.14999389648438 632.1835327148438
vertex 380.4530944824219 -139.14999389648438 631.6201782226562
endloop
endfacet
facet normal -0.882948832688296 2.783159443040058e-05 0.4694692301735843
outer loop
vertex 378.4546203613281 -139.5 630.4176635742188
vertex 382.6798400878906 -139.5 638.3641967773438
vertex 379.3935546875 -139.14999389648438 632.1835327148438
endloop
endfacet
facet normal -0.0 1.0 0.0
outer loop
vertex 379.3935546875 -139.14999389648438 632.1835327148438
vertex 382.21038818359375 -139.14999389648438 637.4812622070312
vertex 380.4530944824219 -139.14999389648438 631.6201782226562
endloop
endfacet
facet normal 0.882948832688296 -2.783159443040058e-05 -0.4694692301735843
outer loop
vertex 379.51416015625 -139.5 629.8543090820312
vertex 380.4530944824219 -139.14999389648438 631.6201782226562
vertex 383.7393798828125 -139.5 637.8008422851562
endloop
endfacet
facet normal -0.0 -1.0 0.0
outer loop
vertex 384.14080810546875 -146.5 627.394287109375
vertex 388.36602783203125 -146.5 635.3407592773438
vertex 379.51416015625 -146.5 629.8543090820312
endloop
endfacet
facet normal 0.0 -1.0 0.0
outer loop
vertex 379.51416015625 -146.5 629.8543090820312
vertex 388.36602783203125 -146.5 635.3407592773438
vertex 383.7393798828125 -146.5 637.8008422851562
endloop
endfacet
facet normal 0.0 1.0 -0.0
outer loop
vertex 384.14080810546875 -139.5 627.394287109375
vertex 379.51416015625 -139.5 629.8543090820312
vertex 383.7393798828125 -139.5 637.8008422851562
endloop
endfacet
facet normal -0.8829489217901609 2.8916421900559413e-05 0.46946906253067716
outer loop
vertex 379.3935546875 -146.85000610351562 632.1835327148438
vertex 382.21038818359375 -146.85000610351562 637.4812622070312
vertex 383.1493225097656 -146.5 639.2471313476562
endloop
endfacet
facet normal -0.8829401524168273 -0.00039469544140119264 0.4694853900449492
outer loop
vertex 379.3935546875 -146.85000610351562 632.1835327148438
vertex 383.1493225097656 -146.5 639.2471313476562
vertex 382.6798400878906 -146.5 638.3641967773438
endloop
endfacet
facet normal -0.6454340295772067 0.0 0.7638160206906697
outer loop
vertex 379.8720703125 -146.5 639.8571166992188
vertex 381.51739501953125 -140.3000030517578 641.2474365234375
vertex 379.8720703125 -139.5 639.8571166992188
endloop
endfacet
facet normal 0.17434288981755425 -0.9284891947938775 0.32789079267506294
outer loop
vertex 379.8720703125 -146.5 639.8571166992188
vertex 382.6798400878906 -146.5 638.3641967773438
vertex 382.7972412109375 -146.39999389648438 638.5849609375
endloop
endfacet
facet normal -0.6454340295772069 0.0 0.7638160206906697
outer loop
vertex 379.8720703125 -146.5 639.8571166992188
vertex 381.51739501953125 -145.6999969482422 641.2474365234375
vertex 381.51739501953125 -140.3000030517578 641.2474365234375
endloop
endfacet
facet normal 0.17435508511977005 0.928476653339416 0.3279198202251819
outer loop
vertex 381.51739501953125 -140.3000030517578 641.2474365234375
vertex 382.7972412109375 -139.60000610351562 638.5849609375
vertex 379.8720703125 -139.5 639.8571166992188
endloop
endfacet
facet normal -0.0 0.9999999999999999 0.0
outer loop
vertex 378.4546203613281 -139.5 630.4176635742188
vertex 379.8720703125 -139.5 639.8571166992188
vertex 382.6798400878906 -139.5 638.3641967773438
endloop
endfacet
facet normal -0.8829489217901609 -2.8916421900559413e-05 0.46946906253067716
outer loop
vertex 379.3935546875 -139.14999389648438 632.1835327148438
vertex 383.1493225097656 -139.5 639.2471313476562
vertex 382.21038818359375 -139.14999389648438 637.4812622070312
endloop
endfacet
facet normal -0.8829401524168273 0.00039469544140119264 0.4694853900449492
outer loop
vertex 379.3935546875 -139.14999389648438 632.1835327148438
vertex 382.6798400878906 -139.5 638.3641967773438
vertex 383.1493225097656 -139.5 639.2471313476562
endloop
endfacet
facet normal 0.17434288981755425 0.9284891947938775 0.32789079267506294
outer loop
vertex 379.8720703125 -139.5 639.8571166992188
vertex 382.7972412109375 -139.60000610351562 638.5849609375
vertex 382.6798400878906 -139.5 638.3641967773438
endloop
endfacet
facet normal 0.0 -1.0 0.0
outer loop
vertex 380.4530944824219 -146.85000610351562 631.6201782226562
vertex 383.2699279785156 -146.85000610351562 636.9179077148438
vertex 382.21038818359375 -146.85000610351562 637.4812622070312
endloop
endfacet
facet normal 0.8829489217901609 -2.8916421900559413e-05 -0.46946906253067716
outer loop
vertex 380.4530944824219 -146.85000610351562 631.6201782226562
vertex 384.2088623046875 -146.5 638.6837768554688
vertex 383.2699279785156 -146.85000610351562 636.9179077148438
endloop
endfacet
facet normal 0.8829401524168273 0.00039469544140119264 -0.4694853900449492
outer loop
vertex 380.4530944824219 -146.85000610351562 631.6201782226562
vertex 383.7393798828125 -146.5 637.8008422851562
vertex 384.2088623046875 -146.5 638.6837768554688
endloop
endfacet
facet normal 0.08092866354077341 -0.9850295596841765 0.1522081402747623
outer loop
vertex 382.21038818359375 -146.85000610351562 637.4812622070312
vertex 383.2699279785156 -146.85000610351562 636.9179077148438
vertex 383.1493225097656 -146.5 639.2471313476562
endloop
endfacet
facet normal 0.8829402121296821 -0.00014326683606836742 -0.46948542179604
outer loop
vertex 383.7393798828125 -146.5 637.8008422851562
vertex 383.85675048828125 -146.39999389648438 638.0215454101562
vertex 384.2088623046875 -146.5 638.6837768554688
endloop
endfacet
facet normal -0.8829402141634679 0.00012616868821666277 0.4694854228774641
outer loop
vertex 382.6798400878906 -146.5 638.3641967773438
vertex 383.1493225097656 -146.5 639.2471313476562
vertex 382.7972412109375 -146.39999389648438 638.5849609375
endloop
endfacet
facet normal -0.8829481199481272 0.0 0.4694705714739397
outer loop
vertex 382.7972412109375 -146.39999389648438 638.5849609375
vertex 383.1493225097656 -146.5 639.2471313476562
vertex 383.1493225097656 -146.39999389648438 639.2471313476562
endloop
endfacet
facet normal 0.174384098292979 0.9284671603166919 0.3279312709639067
outer loop
vertex 381.51739501953125 -140.3000030517578 641.2474365234375
vertex 383.85675048828125 -139.60000610351562 638.0215454101562
vertex 382.7972412109375 -139.60000610351562 638.5849609375
endloop
endfacet
facet normal 0.0 1.0 -0.0
outer loop
vertex 383.85675048828125 -146.39999389648438 638.0215454101562
vertex 382.7972412109375 -146.39999389648438 638.5849609375
vertex 383.1493225097656 -146.39999389648438 639.2471313476562
endloop
endfacet
facet normal 0.08092866354077341 -0.9850295596841765 0.1522081402747623
outer loop
vertex 383.2699279785156 -146.85000610351562 636.9179077148438
vertex 384.2088623046875 -146.5 638.6837768554688
vertex 383.1493225097656 -146.5 639.2471313476562
endloop
endfacet
facet normal 0.4694632405567484 0.0 0.882952017816346
outer loop
vertex 383.1493225097656 -146.5 639.2471313476562
vertex 384.2088623046875 -146.39999389648438 638.6837768554688
vertex 383.1493225097656 -146.39999389648438 639.2471313476562
endloop
endfacet
facet normal -0.0 1.0 -0.0
outer loop
vertex 383.85675048828125 -146.39999389648438 638.0215454101562
vertex 383.1493225097656 -146.39999389648438 639.2471313476562
vertex 384.2088623046875 -146.39999389648438 638.6837768554688
endloop
endfacet
facet normal 0.4694632405567484 -0.0 0.882952017816346
outer loop
vertex 383.1493225097656 -146.5 639.2471313476562
vertex 384.2088623046875 -146.5 638.6837768554688
vertex 384.2088623046875 -146.39999389648438 638.6837768554688
endloop
endfacet
facet normal 0.882949189538135 0.0 -0.46946855985672814
outer loop
vertex 383.85675048828125 -146.39999389648438 638.0215454101562
vertex 384.2088623046875 -146.39999389648438 638.6837768554688
vertex 384.2088623046875 -146.5 638.6837768554688
endloop
endfacet
facet normal -0.0 1.0 0.0
outer loop
vertex 380.4530944824219 -139.14999389648438 631.6201782226562
vertex 382.21038818359375 -139.14999389648438 637.4812622070312
vertex 383.2699279785156 -139.14999389648438 636.9179077148438
endloop
endfacet
facet normal 0.8829489217901609 2.8916421900559413e-05 -0.46946906253067716
outer loop
vertex 380.4530944824219 -139.14999389648438 631.6201782226562
vertex 383.2699279785156 -139.14999389648438 636.9179077148438
vertex 384.2088623046875 -139.5 638.6837768554688
endloop
endfacet
facet normal 0.8829401524168273 -0.00039469544140119264 -0.4694853900449492
outer loop
vertex 380.4530944824219 -139.14999389648438 631.6201782226562
vertex 384.2088623046875 -139.5 638.6837768554688
vertex 383.7393798828125 -139.5 637.8008422851562
endloop
endfacet
facet normal 0.08092866354077341 0.9850295596841765 0.1522081402747623
outer loop
vertex 382.21038818359375 -139.14999389648438 637.4812622070312
vertex 383.1493225097656 -139.5 639.2471313476562
vertex 383.2699279785156 -139.14999389648438 636.9179077148438
endloop
endfacet
facet normal 0.8829402121296821 0.00014326683606836742 -0.46948542179604
outer loop
vertex 383.7393798828125 -139.5 637.8008422851562
vertex 384.2088623046875 -139.5 638.6837768554688
vertex 383.85675048828125 -139.60000610351562 638.0215454101562
endloop
endfacet
facet normal -0.8829402141634679 -0.00012616868821666277 0.4694854228774641
outer loop
vertex 382.6798400878906 -139.5 638.3641967773438
vertex 382.7972412109375 -139.60000610351562 638.5849609375
vertex 383.1493225097656 -139.5 639.2471313476562
endloop
endfacet
facet normal -0.8829481199481272 0.0 0.4694705714739397
outer loop
vertex 382.7972412109375 -139.60000610351562 638.5849609375
vertex 383.1493225097656 -139.60000610351562 639.2471313476562
vertex 383.1493225097656 -139.5 639.2471313476562
endloop
endfacet
facet normal 0.08092866354077341 0.9850295596841765 0.1522081402747623
outer loop
vertex 383.2699279785156 -139.14999389648438 636.9179077148438
vertex 383.1493225097656 -139.5 639.2471313476562
vertex 384.2088623046875 -139.5 638.6837768554688
endloop
endfacet
facet normal 0.0 -1.0 0.0
outer loop
vertex 382.7972412109375 -139.60000610351562 638.5849609375
vertex 384.2088623046875 -139.60000610351562 638.6837768554688
vertex 383.1493225097656 -139.60000610351562 639.2471313476562
endloop
endfacet
facet normal 0.4694632405567484 0.0 0.882952017816346
outer loop
vertex 383.1493225097656 -139.60000610351562 639.2471313476562
vertex 384.2088623046875 -139.60000610351562 638.6837768554688
vertex 383.1493225097656 -139.5 639.2471313476562
endloop
endfacet
facet normal -0.0 -1.0 0.0
outer loop
vertex 383.85675048828125 -139.60000610351562 638.0215454101562
vertex 384.2088623046875 -139.60000610351562 638.6837768554688
vertex 382.7972412109375 -139.60000610351562 638.5849609375
endloop
endfacet
facet normal 0.4694632405567484 -0.0 0.882952017816346
outer loop
vertex 383.1493225097656 -139.5 639.2471313476562
vertex 384.2088623046875 -139.60000610351562 638.6837768554688
vertex 384.2088623046875 -139.5 638.6837768554688
endloop
endfacet
facet normal 0.882949189538135 0.0 -0.46946855985672814
outer loop
vertex 383.85675048828125 -139.60000610351562 638.0215454101562
vertex 384.2088623046875 -139.5 638.6837768554688
vertex 384.2088623046875 -139.60000610351562 638.6837768554688
endloop
endfacet
facet normal 0.0 0.0 1.0
outer loop
vertex 353.533935546875 -115.0 619.7632446289062
vertex 389.533935546875 -115.0 619.7632446289062
vertex 389.533935546875 -7.0 619.7632446289062
endloop
endfacet
facet normal 0.863589505728551 0.0 -0.5041955628479062
outer loop
vertex 387.533935546875 -146.0 617.4712524414062
vertex 387.533935546875 -137.0 617.4712524414062
vertex 390.64654541015625 -147.73883056640625 622.8025512695312
endloop
endfacet
facet normal 0.0 1.0 0.0
outer loop
vertex 387.533935546875 -137.0 617.4712524414062
vertex 387.533935546875 -137.0 617.7632446289062
vertex 390.64654541015625 -137.0 622.8025512695312
endloop
endfacet
facet normal 0.4694706368349253 -0.0 0.8829480851951658
outer loop
vertex 372.0721435546875 -149.0 632.6787109375
vertex 390.64654541015625 -149.0 622.8025512695312
vertex 390.64654541015625 -147.73883056640625 622.8025512695312
endloop
endfacet
facet normal -0.08093549890621987 -0.9850295596699797 -0.1522045058241278
outer loop
vertex 384.14080810546875 -146.5 627.394287109375
vertex 385.2003479003906 -146.5 626.8308715820312
vertex 385.0797424316406 -146.85000610351562 629.16015625
endloop
endfacet
facet normal -0.08092654770101423 -0.9850303484114221 -0.152204160868446
outer loop
vertex 385.2003479003906 -146.5 626.8308715820312
vertex 386.1392822265625 -146.85000610351562 628.5968017578125
vertex 385.0797424316406 -146.85000610351562 629.16015625
endloop
endfacet
facet normal -0.08093549890621987 0.9850295596699797 -0.1522045058241278
outer loop
vertex 384.14080810546875 -139.5 627.394287109375
vertex 385.0797424316406 -139.14999389648438 629.16015625
vertex 385.2003479003906 -139.5 626.8308715820312
endloop
endfacet
facet normal 0.0 1.0 0.0
outer loop
vertex 384.14080810546875 -139.5 627.394287109375
vertex 385.2003479003906 -139.5 626.8308715820312
vertex 387.53863525390625 -139.5 624.455078125
endloop
endfacet
facet normal -0.08092654770101423 0.9850303484114221 -0.152204160868446
outer loop
vertex 385.2003479003906 -139.5 626.8308715820312
vertex 385.0797424316406 -139.14999389648438 629.16015625
vertex 386.1392822265625 -139.14999389648438 628.5968017578125
endloop
endfacet
facet normal 0.4694763716992511 0.0 0.8829450358975389
outer loop
vertex 387.53863525390625 -146.5 624.455078125
vertex 390.64654541015625 -147.73883056640625 622.8025512695312
vertex 387.53863525390625 -139.5 624.455078125
endloop
endfacet
facet normal 0.0 -1.0 0.0
outer loop
vertex 385.2003479003906 -146.5 626.8308715820312
vertex 387.53863525390625 -146.5 624.455078125
vertex 392.23333740234375 -146.5 633.2844848632812
endloop
endfacet
facet normal -0.0 1.0 0.0
outer loop
vertex 385.2003479003906 -139.5 626.8308715820312
vertex 392.23333740234375 -139.5 633.2844848632812
vertex 387.53863525390625 -139.5 624.455078125
endloop
endfacet
facet normal 1.0 0.0 -0.0
outer loop
vertex 387.533935546875 -137.0 617.4712524414062
vertex 387.533935546875 -115.0 617.7632446289062
vertex 387.533935546875 -137.0 617.7632446289062
endloop
endfacet
facet normal 0.8635895057285509 0.0 -0.5041955628479062
outer loop
vertex 387.533935546875 -146.0 617.4712524414062
vertex 390.64654541015625 -147.73883056640625 622.8025512695312
vertex 390.64654541015625 -149.0 622.8025512695312
endloop
endfacet
facet normal 0.863589505728551 0.0 -0.5041955628479062
outer loop
vertex 387.533935546875 -137.0 617.4712524414062
vertex 390.64654541015625 -137.0 622.8025512695312
vertex 390.64654541015625 -147.73883056640625 622.8025512695312
endloop
endfacet
facet normal 0.4694763716992512 -0.0 0.8829450358975391
outer loop
vertex 387.53863525390625 -139.5 624.455078125
vertex 390.64654541015625 -147.73883056640625 622.8025512695312
vertex 390.64654541015625 -137.0 622.8025512695312
endloop
endfacet
facet normal 0.8829466266189434 0.0 -0.4694733800144883
outer loop
vertex 387.53863525390625 -146.5 624.455078125
vertex 387.53863525390625 -139.5 624.455078125
vertex 392.23333740234375 -139.5 633.2844848632812
endloop
endfacet
facet normal -0.0 -0.9999999999999999 0.0
outer loop
vertex 389.29156494140625 -115.0 613.307373046875
vertex 389.533935546875 -115.0 619.7632446289062
vertex 387.533935546875 -115.0 617.7632446289062
endloop
endfacet
facet normal -0.0 -1.0 0.0
outer loop
vertex 386.1392822265625 -146.85000610351562 628.5968017578125
vertex 387.8965759277344 -146.85000610351562 634.4578247070312
vertex 385.0797424316406 -146.85000610351562 629.16015625
endloop
endfacet
facet normal -0.882947338282264 -9.638938080628098e-06 0.4694720414756942
outer loop
vertex 384.14080810546875 -146.5 627.394287109375
vertex 385.0797424316406 -146.85000610351562 629.16015625
vertex 388.36602783203125 -146.5 635.3407592773438
endloop
endfacet
facet normal -0.882947338282264 9.638938080628098e-06 0.4694720414756942
outer loop
vertex 384.14080810546875 -139.5 627.394287109375
vertex 388.36602783203125 -139.5 635.3407592773438
vertex 385.0797424316406 -139.14999389648438 629.16015625
endloop
endfacet
facet normal 0.0 1.0 -0.0
outer loop
vertex 386.1392822265625 -139.14999389648438 628.5968017578125
vertex 385.0797424316406 -139.14999389648438 629.16015625
vertex 387.8965759277344 -139.14999389648438 634.4578247070312
endloop
endfacet
facet normal -0.0 0.9999999999999999 -0.0
outer loop
vertex 384.14080810546875 -139.5 627.394287109375
vertex 383.7393798828125 -139.5 637.8008422851562
vertex 388.36602783203125 -139.5 635.3407592773438
endloop
endfacet
facet normal 0.8829488317412085 -5.403591447904332e-05 -0.4694692296700122
outer loop
vertex 385.2003479003906 -146.5 626.8308715820312
vertex 389.4255676269531 -146.5 634.7774047851562
vertex 386.1392822265625 -146.85000610351562 628.5968017578125
endloop
endfacet
facet normal -0.8829466772649076 -8.02406425695647e-05 0.4694732779065262
outer loop
vertex 385.0797424316406 -146.85000610351562 629.16015625
vertex 387.8965759277344 -146.85000610351562 634.4578247070312
vertex 388.83551025390625 -146.5 636.2237548828125
endloop
endfacet
facet normal -0.8829536434509149 0.0002602371960332239 0.4694601109714825
outer loop
vertex 385.0797424316406 -146.85000610351562 629.16015625
vertex 388.83551025390625 -146.5 636.2237548828125
vertex 388.36602783203125 -146.5 635.3407592773438
endloop
endfacet
facet normal 0.0 -1.0 0.0
outer loop
vertex 386.1392822265625 -146.85000610351562 628.5968017578125
vertex 388.95611572265625 -146.85000610351562 633.8944702148438
vertex 387.8965759277344 -146.85000610351562 634.4578247070312
endloop
endfacet
facet normal 0.8829466772649076 8.02406425695647e-05 -0.4694732779065262
outer loop
vertex 386.1392822265625 -146.85000610351562 628.5968017578125
vertex 389.8950500488281 -146.5 635.660400390625
vertex 388.95611572265625 -146.85000610351562 633.8944702148438
endloop
endfacet
facet normal 0.8829536434509149 -0.0002602371960332239 -0.4694601109714825
outer loop
vertex 386.1392822265625 -146.85000610351562 628.5968017578125
vertex 389.4255676269531 -146.5 634.7774047851562
vertex 389.8950500488281 -146.5 635.660400390625
endloop
endfacet
facet normal 0.08092654770101423 -0.9850303484114221 0.152204160868446
outer loop
vertex 387.8965759277344 -146.85000610351562 634.4578247070312
vertex 388.95611572265625 -146.85000610351562 633.8944702148438
vertex 388.83551025390625 -146.5 636.2237548828125
endloop
endfacet
facet normal 0.8829488317412085 5.403591447904332e-05 -0.4694692296700122
outer loop
vertex 385.2003479003906 -139.5 626.8308715820312
vertex 386.1392822265625 -139.14999389648438 628.5968017578125
vertex 389.4255676269531 -139.5 634.7774047851562
endloop
endfacet
facet normal -0.8829466772649076 8.02406425695647e-05 0.4694732779065262
outer loop
vertex 385.0797424316406 -139.14999389648438 629.16015625
vertex 388.83551025390625 -139.5 636.2237548828125
vertex 387.8965759277344 -139.14999389648438 634.4578247070312
endloop
endfacet
facet normal -0.8829536434509149 -0.0002602371960332239 0.4694601109714825
outer loop
vertex 385.0797424316406 -139.14999389648438 629.16015625
vertex 388.36602783203125 -139.5 635.3407592773438
vertex 388.83551025390625 -139.5 636.2237548828125
endloop
endfacet
facet normal -0.0 1.0 0.0
outer loop
vertex 386.1392822265625 -139.14999389648438 628.5968017578125
vertex 387.8965759277344 -139.14999389648438 634.4578247070312
vertex 388.95611572265625 -139.14999389648438 633.8944702148438
endloop
endfacet
facet normal 0.8829466772649076 -8.02406425695647e-05 -0.4694732779065262
outer loop
vertex 386.1392822265625 -139.14999389648438 628.5968017578125
vertex 388.95611572265625 -139.14999389648438 633.8944702148438
vertex 389.8950500488281 -139.5 635.660400390625
endloop
endfacet
facet normal 0.8829536434509149 0.0002602371960332239 -0.4694601109714825
outer loop
vertex 386.1392822265625 -139.14999389648438 628.5968017578125
vertex 389.8950500488281 -139.5 635.660400390625
vertex 389.4255676269531 -139.5 634.7774047851562
endloop
endfacet
facet normal 0.08092654770101423 0.9850303484114221 0.152204160868446
outer loop
vertex 387.8965759277344 -139.14999389648438 634.4578247070312
vertex 388.83551025390625 -139.5 636.2237548828125
vertex 388.95611572265625 -139.14999389648438 633.8944702148438
endloop
endfacet
facet normal 0.17436944278443353 -0.9284618865149957 0.3279539948103412
outer loop
vertex 379.8720703125 -146.5 639.8571166992188
vertex 382.7972412109375 -146.39999389648438 638.5849609375
vertex 392.4659423828125 -145.6999969482422 635.4259643554688
endloop
endfacet
facet normal 0.1743831262670235 -0.9284542478523098 0.3279683443845474
outer loop
vertex 383.7393798828125 -146.5 637.8008422851562
vertex 388.4833984375 -146.39999389648438 635.5615234375
vertex 383.85675048828125 -146.39999389648438 638.0215454101562
endloop
endfacet
facet normal 0.17433558549070874 -0.9285084870016045 0.32784004209004586
outer loop
vertex 383.85675048828125 -146.39999389648438 638.0215454101562
vertex 392.4659423828125 -145.6999969482422 635.4259643554688
vertex 382.7972412109375 -146.39999389648438 638.5849609375
endloop
endfacet
facet normal 0.17435748084908184 -0.9284771116290409 0.32791724878840367
outer loop
vertex 379.8720703125 -146.5 639.8571166992188
vertex 392.4659423828125 -145.6999969482422 635.4259643554688
vertex 381.51739501953125 -145.6999969482422 641.2474365234375
endloop
endfacet
facet normal 0.17435285269205475 0.9284800436049445 0.3279114078306867
outer loop
vertex 381.51739501953125 -140.3000030517578 641.2474365234375
vertex 388.4833984375 -139.60000610351562 635.5615234375
vertex 383.85675048828125 -139.60000610351562 638.0215454101562
endloop
endfacet
facet normal 0.46947321451734497 0.0 0.8829467146157525
outer loop
vertex 381.51739501953125 -145.6999969482422 641.2474365234375
vertex 392.4659423828125 -145.6999969482422 635.4259643554688
vertex 381.51739501953125 -140.3000030517578 641.2474365234375
endloop
endfacet
facet normal 0.17438649913058069 0.9284542479440377 0.327966550726825
outer loop
vertex 383.7393798828125 -139.5 637.8008422851562
vertex 383.85675048828125 -139.60000610351562 638.0215454101562
vertex 388.36602783203125 -139.5 635.3407592773438
endloop
endfacet
facet normal 0.17435409635392254 -0.9284818572345364 0.327905611222061
outer loop
vertex 383.7393798828125 -146.5 637.8008422851562
vertex 388.36602783203125 -146.5 635.3407592773438
vertex 388.4833984375 -146.39999389648438 635.5615234375
endloop
endfacet
facet normal 0.17434452050199775 0.9284849979173727 0.3279018097133727
outer loop
vertex 381.51739501953125 -140.3000030517578 641.2474365234375
vertex 389.5429382324219 -139.60000610351562 634.9981689453125
vertex 388.4833984375 -139.60000610351562 635.5615234375
endloop
endfacet
facet normal -0.8829536710841003 -7.162955838630588e-05 0.46946012566384876
outer loop
vertex 388.36602783203125 -146.5 635.3407592773438
vertex 388.83551025390625 -146.5 636.2237548828125
vertex 388.4833984375 -146.39999389648438 635.5615234375
endloop
endfacet
facet normal 0.17435670760042077 -0.928476759172095 0.3279186578894603
outer loop
vertex 383.85675048828125 -146.39999389648438 638.0215454101562
vertex 388.4833984375 -146.39999389648438 635.5615234375
vertex 392.4659423828125 -145.6999969482422 635.4259643554688
endloop
endfacet
facet normal 0.17436207657100966 0.9284741669824275 0.32792314267238404
outer loop
vertex 381.51739501953125 -140.3000030517578 641.2474365234375
vertex 392.23333740234375 -139.5 633.2844848632812
vertex 389.5429382324219 -139.60000610351562 634.9981689453125
endloop
endfacet
facet normal 0.1743507239399028 0.9284818572937962 0.327907404213285
outer loop
vertex 383.85675048828125 -139.60000610351562 638.0215454101562
vertex 388.4833984375 -139.60000610351562 635.5615234375
vertex 388.36602783203125 -139.5 635.3407592773438
endloop
endfacet
facet normal -0.8829536710841003 7.162955838630588e-05 0.46946012566384876
outer loop
vertex 388.36602783203125 -139.5 635.3407592773438
vertex 388.4833984375 -139.60000610351562 635.5615234375
vertex 388.83551025390625 -139.5 636.2237548828125
endloop
endfacet
facet normal 0.0 -0.9999999999999999 0.0
outer loop
vertex 385.2003479003906 -146.5 626.8308715820312
vertex 392.23333740234375 -146.5 633.2844848632812
vertex 389.4255676269531 -146.5 634.7774047851562
endloop
endfacet
facet normal 0.8829466266189434 0.0 -0.4694733800144883
outer loop
vertex 387.53863525390625 -146.5 624.455078125
vertex 392.23333740234375 -139.5 633.2844848632812
vertex 392.23333740234375 -146.5 633.2844848632812
endloop
endfacet
facet normal 0.8829536710841003 7.162955838630588e-05 -0.46946012566384876
outer loop
vertex 389.4255676269531 -146.5 634.7774047851562
vertex 389.5429382324219 -146.39999389648438 634.9981689453125
vertex 389.8950500488281 -146.5 635.660400390625
endloop
endfacet
facet normal 0.17435150230557514 -0.928481857281321 0.32790699038480053
outer loop
vertex 389.4255676269531 -146.5 634.7774047851562
vertex 392.23333740234375 -146.5 633.2844848632812
vertex 389.5429382324219 -146.39999389648438 634.9981689453125
endloop
endfacet
facet normal -0.0 0.9999999999999999 0.0
outer loop
vertex 385.2003479003906 -139.5 626.8308715820312
vertex 389.4255676269531 -139.5 634.7774047851562
vertex 392.23333740234375 -139.5 633.2844848632812
endloop
endfacet
facet normal 0.8829536710841003 -7.162955838630588e-05 -0.46946012566384876
outer loop
vertex 389.4255676269531 -139.5 634.7774047851562
vertex 389.8950500488281 -139.5 635.660400390625
vertex 389.5429382324219 -139.60000610351562 634.9981689453125
endloop
endfacet
facet normal 0.17435150230557514 0.928481857281321 0.32790699038480053
outer loop
vertex 389.4255676269531 -139.5 634.7774047851562
vertex 389.5429382324219 -139.60000610351562 634.9981689453125
vertex 392.23333740234375 -139.5 633.2844848632812
endloop
endfacet
facet normal 0.17435815901651006 -0.9284770161379715 0.32791715857500164
outer loop
vertex 389.5429382324219 -146.39999389648438 634.9981689453125
vertex 392.23333740234375 -146.5 633.2844848632812
vertex 392.4659423828125 -145.6999969482422 635.4259643554688
endloop
endfacet
facet normal 0.9941526654992479 0.0 -0.10798369173509757
outer loop
vertex 392.23333740234375 -146.5 633.2844848632812
vertex 392.23333740234375 -139.5 633.2844848632812
vertex 392.4659423828125 -145.6999969482422 635.4259643554688
endloop
endfacet
facet normal 0.9941526654992479 0.0 -0.10798369173509759
outer loop
vertex 392.23333740234375 -139.5 633.2844848632812
vertex 392.4659423828125 -140.3000030517578 635.4259643554688
vertex 392.4659423828125 -145.6999969482422 635.4259643554688
endloop
endfacet
facet normal -0.0 1.0 0.0
outer loop
vertex 388.4833984375 -146.39999389648438 635.5615234375
vertex 388.83551025390625 -146.39999389648438 636.2237548828125
vertex 389.5429382324219 -146.39999389648438 634.9981689453125
endloop
endfacet
facet normal -0.882949189538135 0.0 0.46946855985672814
outer loop
vertex 388.4833984375 -146.39999389648438 635.5615234375
vertex 388.83551025390625 -146.5 636.2237548828125
vertex 388.83551025390625 -146.39999389648438 636.2237548828125
endloop
endfacet
facet normal 0.08092654770101423 -0.9850303484114221 0.152204160868446
outer loop
vertex 388.95611572265625 -146.85000610351562 633.8944702148438
vertex 389.8950500488281 -146.5 635.660400390625
vertex 388.83551025390625 -146.5 636.2237548828125
endloop
endfacet
facet normal -0.0 1.0 -0.0
outer loop
vertex 389.5429382324219 -146.39999389648438 634.9981689453125
vertex 388.83551025390625 -146.39999389648438 636.2237548828125
vertex 389.8950500488281 -146.39999389648438 635.660400390625
endloop
endfacet
facet normal 0.4694632405567484 -0.0 0.882952017816346
outer loop
vertex 388.83551025390625 -146.5 636.2237548828125
vertex 389.8950500488281 -146.5 635.660400390625
vertex 389.8950500488281 -146.39999389648438 635.660400390625
endloop
endfacet
facet normal 0.4694632405567484 0.0 0.882952017816346
outer loop
vertex 388.83551025390625 -146.5 636.2237548828125
vertex 389.8950500488281 -146.39999389648438 635.660400390625
vertex 388.83551025390625 -146.39999389648438 636.2237548828125
endloop
endfacet
facet normal 0.17435748913525698 0.9284771045690868 0.3279172643723622
outer loop
vertex 381.51739501953125 -140.3000030517578 641.2474365234375
vertex 392.4659423828125 -140.3000030517578 635.4259643554688
vertex 392.23333740234375 -139.5 633.2844848632812
endloop
endfacet
facet normal 0.46947321451734497 -0.0 0.8829467146157525
outer loop
vertex 381.51739501953125 -140.3000030517578 641.2474365234375
vertex 392.4659423828125 -145.6999969482422 635.4259643554688
vertex 392.4659423828125 -140.3000030517578 635.4259643554688
endloop
endfacet
facet normal 0.882949189538135 0.0 -0.46946855985672814
outer loop
vertex 389.5429382324219 -146.39999389648438 634.9981689453125
vertex 389.8950500488281 -146.39999389648438 635.660400390625
vertex 389.8950500488281 -146.5 635.660400390625
endloop
endfacet
facet normal 0.1743565507666624 -0.928474747942764 0.327924435864992
outer loop
vertex 388.4833984375 -146.39999389648438 635.5615234375
vertex 389.5429382324219 -146.39999389648438 634.9981689453125
vertex 392.4659423828125 -145.6999969482422 635.4259643554688
endloop
endfacet
facet normal 0.0 -1.0 0.0
outer loop
vertex 388.4833984375 -139.60000610351562 635.5615234375
vertex 389.8950500488281 -139.60000610351562 635.660400390625
vertex 388.83551025390625 -139.60000610351562 636.2237548828125
endloop
endfacet
facet normal -0.882949189538135 0.0 0.46946855985672814
outer loop
vertex 388.4833984375 -139.60000610351562 635.5615234375
vertex 388.83551025390625 -139.60000610351562 636.2237548828125
vertex 388.83551025390625 -139.5 636.2237548828125
endloop
endfacet
facet normal 0.08092654770101423 0.9850303484114221 0.152204160868446
outer loop
vertex 388.95611572265625 -139.14999389648438 633.8944702148438
vertex 388.83551025390625 -139.5 636.2237548828125
vertex 389.8950500488281 -139.5 635.660400390625
endloop
endfacet
facet normal 0.0 -1.0 0.0
outer loop
vertex 388.4833984375 -139.60000610351562 635.5615234375
vertex 389.5429382324219 -139.60000610351562 634.9981689453125
vertex 389.8950500488281 -139.60000610351562 635.660400390625
endloop
endfacet
facet normal 0.4694632405567484 -0.0 0.882952017816346
outer loop
vertex 388.83551025390625 -139.5 636.2237548828125
vertex 389.8950500488281 -139.60000610351562 635.660400390625
vertex 389.8950500488281 -139.5 635.660400390625
endloop
endfacet
facet normal 0.4694632405567484 0.0 0.882952017816346
outer loop
vertex 388.83551025390625 -139.60000610351562 636.2237548828125
vertex 389.8950500488281 -139.60000610351562 635.660400390625
vertex 388.83551025390625 -139.5 636.2237548828125
endloop
endfacet
facet normal 0.882949189538135 0.0 -0.46946855985672814
outer loop
vertex 389.5429382324219 -139.60000610351562 634.9981689453125
vertex 389.8950500488281 -139.5 635.660400390625
vertex 389.8950500488281 -139.60000610351562 635.660400390625
endloop
endfacet
facet normal 0.9992960183442591 -1.0986457942484354e-07 -0.037516232770603584
outer loop
vertex 389.29156494140625 -115.0 613.307373046875
vertex 389.529541015625 -7.0 619.6458740234375
vertex 389.533935546875 -115.0 619.7632446289062
endloop
endfacet
facet normal 0.8828604366123673 0.0009237170219730336 -0.46963453473044675
outer loop
vertex 375.56097412109375 -7.0 587.48388671875
vertex 380.15728759765625 -5.04078483581543 596.1282958984375
vertex 380.2743225097656 -5.0 596.348388671875
endloop
endfacet
facet normal 0.35107728365611696 -0.9362535583490651 -0.013191488898374907
outer loop
vertex 380.15728759765625 -5.04078483581543 596.1282958984375
vertex 380.2646789550781 -5.0 596.0917358398438
vertex 380.2743225097656 -5.0 596.348388671875
endloop
endfacet
facet normal -0.32227405618131666 -0.0 -0.9466464137746688
outer loop
vertex 380.15728759765625 -5.04078483581543 596.1282958984375
vertex 380.2646789550781 5.0 596.0917358398438
vertex 380.2646789550781 -5.0 596.0917358398438
endloop
endfacet
facet normal 0.9992948319725102 0.0 -0.037547820083628204
outer loop
vertex 380.2646789550781 -5.0 596.0917358398438
vertex 380.2743225097656 5.0 596.348388671875
vertex 380.2743225097656 -5.0 596.348388671875
endloop
endfacet
facet normal -0.0 -1.0 0.0
outer loop
vertex 375.56097412109375 -7.0 587.48388671875
vertex 389.29156494140625 -7.0 613.307373046875
vertex 374.9986877441406 -7.0 597.885009765625
endloop
endfacet
facet normal 0.8829475987863197 -4.077872877646748e-06 -0.4694715516203758
outer loop
vertex 375.56097412109375 -7.0 587.48388671875
vertex 380.2743225097656 -5.0 596.348388671875
vertex 389.29156494140625 -7.0 613.307373046875
endloop
endfacet
facet normal -0.0 -1.0 0.0
outer loop
vertex 374.9986877441406 -7.0 597.885009765625
vertex 389.29156494140625 -7.0 613.307373046875
vertex 375.1333312988281 -7.0 601.4716186523438
endloop
endfacet
facet normal 0.8829477981398666 0.0 -0.46947117670839095
outer loop
vertex 380.2743225097656 -5.0 596.348388671875
vertex 380.2743225097656 5.0 596.348388671875
vertex 389.29156494140625 -7.0 613.307373046875
endloop
endfacet
facet normal 0.0 -1.0 0.0
outer loop
vertex 364.8706359863281 -7.0 612.2313842773438
vertex 375.53729248046875 -7.0 612.2313842773438
vertex 389.29156494140625 -7.0 613.307373046875
endloop
endfacet
facet normal -0.0 -1.0 0.0
outer loop
vertex 375.1333312988281 -7.0 601.4716186523438
vertex 389.29156494140625 -7.0 613.307373046875
vertex 375.53729248046875 -7.0 612.2313842773438
endloop
endfacet
facet normal 0.9992959481633447 0.0 -0.03751810208848224
outer loop
vertex 389.29156494140625 -115.0 613.307373046875
vertex 389.29156494140625 -7.0 613.307373046875
vertex 389.529541015625 -7.0 619.6458740234375
endloop
endfacet
facet normal 0.8829477981398667 0.0 -0.46947117670839106
outer loop
vertex 389.29156494140625 -7.0 613.307373046875
vertex 380.2743225097656 5.0 596.348388671875
vertex 389.29156494140625 -5.0 613.307373046875
endloop
endfacet
facet normal 0.9992954470405755 0.0 -0.03753144713405206
outer loop
vertex 389.29156494140625 -7.0 613.307373046875
vertex 389.29156494140625 -5.0 613.307373046875
vertex 389.3262023925781 -5.0 614.2296142578125
endloop
endfacet
facet normal 0.9992954470405756 0.0 -0.037531447134052064
outer loop
vertex 389.29156494140625 -5.0 613.307373046875
vertex 389.29156494140625 7.0 613.307373046875
vertex 389.3262023925781 -5.0 614.2296142578125
endloop
endfacet
facet normal 0.9992959481443707 -6.162354300768561e-06 -0.03751810208776987
outer loop
vertex 389.29156494140625 -7.0 613.307373046875
vertex 389.3262023925781 -5.0 614.2296142578125
vertex 389.529541015625 -7.0 619.6458740234375
endloop
endfacet
facet normal 0.0 -0.0 1.0
outer loop
vertex 353.533935546875 -115.0 619.7632446289062
vertex 389.533935546875 -7.0 619.7632446289062
vertex 388.9532775878906 -6.77419376373291 619.7632446289062
endloop
endfacet
facet normal 0.0 -1.0 0.0
outer loop
vertex 370.7727966308594 -5.0 619.7632446289062
vertex 389.2576904296875 -5.0 619.7632446289062
vertex 377.38812255859375 -5.0 629.8521728515625
endloop
endfacet
facet normal 0.4694706898156849 -0.0 0.8829480570248655
outer loop
vertex 380.20233154296875 -2.5 628.3558349609375
vertex 380.20233154296875 2.5 628.3558349609375
vertex 377.38812255859375 -5.0 629.8521728515625
endloop
endfacet
facet normal -0.0 0.0 1.0
outer loop
vertex 370.7727966308594 -5.0 619.7632446289062
vertex 388.9532775878906 -6.77419376373291 619.7632446289062
vertex 389.2576904296875 -5.0 619.7632446289062
endloop
endfacet
facet normal 0.46947061290368125 1.1105551366395242e-07 0.8829480979195944
outer loop
vertex 380.20233154296875 -2.5 628.3558349609375
vertex 377.38812255859375 -5.0 629.8521728515625
vertex 390.9649963378906 -5.0 622.6332397460938
endloop
endfacet
facet normal 0.0 -1.0 0.0
outer loop
vertex 380.20233154296875 -2.5 628.3558349609375
vertex 383.34710693359375 -2.5 627.8162841796875
vertex 382.2875671386719 -2.5 628.379638671875
endloop
endfacet
facet normal -0.0809267103280672 -0.9850302877892548 -0.1522044667324033
outer loop
vertex 382.2875671386719 -2.5 628.379638671875
vertex 383.34710693359375 -2.5 627.8162841796875
vertex 383.2265319824219 -2.8499999046325684 630.1455078125
endloop
endfacet
facet normal 0.0 -1.0 0.0
outer loop
vertex 380.20233154296875 -2.5 628.3558349609375
vertex 385.9429626464844 -2.5 626.43603515625
vertex 383.34710693359375 -2.5 627.8162841796875
endloop
endfacet
facet normal -0.8829479718640534 0.0 0.4694708499802247
outer loop
vertex 380.20233154296875 -2.5 628.3558349609375
vertex 384.89703369140625 -2.5 637.185302734375
vertex 380.20233154296875 2.5 628.3558349609375
endloop
endfacet
facet normal 0.0 -1.0 0.0
outer loop
vertex 380.20233154296875 -2.5 628.3558349609375
vertex 382.2875671386719 -2.5 628.379638671875
vertex 386.5128479003906 -2.5 636.326171875
endloop
endfacet
facet normal -0.08092909004907205 -0.9850300781102109 -0.15220455841406735
outer loop
vertex 383.34710693359375 -2.5 627.8162841796875
vertex 384.2860412597656 -2.8499999046325684 629.5821533203125
vertex 383.2265319824219 -2.8499999046325684 630.1455078125
endloop
endfacet
facet normal -0.8829460196950958 -7.06029710919681e-05 0.4694745161558911
outer loop
vertex 382.2875671386719 -2.5 628.379638671875
vertex 383.2265319824219 -2.8499999046325684 630.1455078125
vertex 386.5128479003906 -2.5 636.326171875
endloop
endfacet
facet normal 0.0 -1.0 0.0
outer loop
vertex 380.20233154296875 -2.5 628.3558349609375
vertex 386.5128479003906 -2.5 636.326171875
vertex 384.89703369140625 -2.5 637.185302734375
endloop
endfacet
facet normal 0.9992998032269532 0.0 -0.03741528124406689
outer loop
vertex 389.533935546875 -115.0 619.7632446289062
vertex 389.529541015625 -7.0 619.6458740234375
vertex 389.533935546875 -7.0 619.7632446289062
endloop
endfacet
facet normal 0.0 -1.0 0.0
outer loop
vertex 377.38812255859375 -5.0 629.8521728515625
vertex 389.2576904296875 -5.0 619.7632446289062
vertex 390.9649963378906 -5.0 622.6332397460938
endloop
endfacet
facet normal 0.0 -0.9999999999999999 0.0
outer loop
vertex 380.20233154296875 -2.5 628.3558349609375
vertex 387.00250244140625 -2.5 625.8726806640625
vertex 385.9429626464844 -2.5 626.43603515625
endloop
endfacet
facet normal 0.0 -1.0 0.0
outer loop
vertex 380.20233154296875 -2.5 628.3558349609375
vertex 388.1488342285156 -2.5 624.130615234375
vertex 387.00250244140625 -2.5 625.8726806640625
endloop
endfacet
facet normal 0.4694706359228296 2.381711281309187e-07 0.8829480856801023
outer loop
vertex 380.20233154296875 -2.5 628.3558349609375
vertex 390.9649963378906 -5.0 622.6332397460938
vertex 388.1488342285156 -2.5 624.130615234375
endloop
endfacet
facet normal -0.0809267103280672 -0.9850302877892548 -0.1522044667324033
outer loop
vertex 385.9429626464844 -2.5 626.43603515625
vertex 387.00250244140625 -2.5 625.8726806640625
vertex 386.8819274902344 -2.8499999046325684 628.201904296875
endloop
endfacet
facet normal -0.0809267103280672 -0.9850302877892548 -0.1522044667324033
outer loop
vertex 387.00250244140625 -2.5 625.8726806640625
vertex 387.94146728515625 -2.8499999046325684 627.6385498046875
vertex 386.8819274902344 -2.8499999046325684 628.201904296875
endloop
endfacet
facet normal -0.0 -0.0 0.9999999999999999
outer loop
vertex 388.9532775878906 -6.77419376373291 619.7632446289062
vertex 389.533935546875 -7.0 619.7632446289062
vertex 389.2576904296875 -5.0 619.7632446289062
endloop
endfacet
facet normal 0.9992960451224249 8.415384096396069e-07 -0.03751551948157259
outer loop
vertex 389.3262023925781 -5.0 614.2296142578125
vertex 389.533935546875 7.0 619.7632446289062
vertex 389.529541015625 -7.0 619.6458740234375
endloop
endfacet
facet normal 0.9992998032269532 0.0 -0.03741528124406689
outer loop
vertex 389.529541015625 -7.0 619.6458740234375
vertex 389.533935546875 7.0 619.7632446289062
vertex 389.533935546875 -7.0 619.7632446289062
endloop
endfacet
facet normal 0.0 -0.0 0.9999999999999999
outer loop
vertex 389.533935546875 -7.0 619.7632446289062
vertex 389.533935546875 7.0 619.7632446289062
vertex 389.2576904296875 -5.0 619.7632446289062
endloop
endfacet
facet normal 0.8594276953196255 0.0 -0.5112573095004088
outer loop
vertex 389.2576904296875 -5.0 619.7632446289062
vertex 389.2576904296875 5.0 619.7632446289062
vertex 390.9649963378906 -5.0 622.6332397460938
endloop
endfacet
facet normal 0.4694704710907113 -0.0 0.8829481733226846
outer loop
vertex 388.1488342285156 -2.5 624.130615234375
vertex 390.9649963378906 -5.0 622.6332397460938
vertex 390.9649963378906 5.0 622.6332397460938
endloop
endfacet
facet normal 0.0 -1.0 0.0
outer loop
vertex 387.00250244140625 -2.5 625.8726806640625
vertex 388.1488342285156 -2.5 624.130615234375
vertex 392.84356689453125 -2.5 632.9600830078125
endloop
endfacet
facet normal 0.0 -1.0 0.0
outer loop
vertex 383.2265319824219 -2.8499999046325684 630.1455078125
vertex 384.2860412597656 -2.8499999046325684 629.5821533203125
vertex 386.0433349609375 -2.8499999046325684 635.4432373046875
endloop
endfacet
facet normal 0.8829474274139486 1.0724099876124279e-05 -0.46947187382002303
outer loop
vertex 383.34710693359375 -2.5 627.8162841796875
vertex 387.5723571777344 -2.5 635.7628173828125
vertex 384.2860412597656 -2.8499999046325684 629.5821533203125
endloop
endfacet
facet normal 0.0 -1.0 0.0
outer loop
vertex 384.2860412597656 -2.8499999046325684 629.5821533203125
vertex 387.1028747558594 -2.8499999046325684 634.8798828125
vertex 386.0433349609375 -2.8499999046325684 635.4432373046875
endloop
endfacet
facet normal -0.8829510228428669 0.00013156606549038604 0.4694650934319884
outer loop
vertex 383.2265319824219 -2.8499999046325684 630.1455078125
vertex 386.0433349609375 -2.8499999046325684 635.4432373046875
vertex 386.9822998046875 -2.5 637.2091064453125
endloop
endfacet
facet normal -0.8829528499085595 0.0002212017340027511 0.46946162346686615
outer loop
vertex 383.2265319824219 -2.8499999046325684 630.1455078125
vertex 386.9822998046875 -2.5 637.2091064453125
vertex 386.5128479003906 -2.5 636.326171875
endloop
endfacet
facet normal 0.0 -1.0 0.0
outer loop
vertex 383.34710693359375 -2.5 627.8162841796875
vertex 385.9429626464844 -2.5 626.43603515625
vertex 390.1682434082031 -2.5 634.382568359375
endloop
endfacet
facet normal -0.8829460196950958 -7.06029710919681e-05 0.4694745161558911
outer loop
vertex 385.9429626464844 -2.5 626.43603515625
vertex 386.8819274902344 -2.8499999046325684 628.201904296875
vertex 390.1682434082031 -2.5 634.382568359375
endloop
endfacet
facet normal 0.0 -1.0 0.0
outer loop
vertex 386.8819274902344 -2.8499999046325684 628.201904296875
vertex 387.94146728515625 -2.8499999046325684 627.6385498046875
vertex 389.6987609863281 -2.8499999046325684 633.4996337890625
endloop
endfacet
facet normal 0.0 -1.0 0.0
outer loop
vertex 383.34710693359375 -2.5 627.8162841796875
vertex 390.1682434082031 -2.5 634.382568359375
vertex 387.5723571777344 -2.5 635.7628173828125
endloop
endfacet
facet normal 0.8829489172078787 -0.00010590399075877382 -0.46946906009425116
outer loop
vertex 384.2860412597656 -2.8499999046325684 629.5821533203125
vertex 388.0418395996094 -2.5 636.645751953125
vertex 387.1028747558594 -2.8499999046325684 634.8798828125
endloop
endfacet
facet normal 0.8829401766274652 0.000317716147965937 -0.46948540291846136
outer loop
vertex 384.2860412597656 -2.8499999046325684 629.5821533203125
vertex 387.5723571777344 -2.5 635.7628173828125
vertex 388.0418395996094 -2.5 636.645751953125
endloop
endfacet
facet normal 0.17438097303454766 -0.9284548461558992 0.3279677955122263
outer loop
vertex 384.89703369140625 -2.5 637.185302734375
vertex 386.5128479003906 -2.5 636.326171875
vertex 386.63018798828125 -2.4000000953674316 636.546875
endloop
endfacet
facet normal -0.6454410140053424 0.0 0.7638101187073626
outer loop
vertex 384.89703369140625 -2.5 637.185302734375
vertex 386.5423278808594 -1.7000000476837158 638.5756225585938
vertex 386.5423278808594 1.7000000476837158 638.5756225585938
endloop
endfacet
facet normal 0.0809267103280672 -0.9850302877892548 0.1522044667324033
outer loop
vertex 387.1028747558594 -2.8499999046325684 634.8798828125
vertex 386.9822998046875 -2.5 637.2091064453125
vertex 386.0433349609375 -2.8499999046325684 635.4432373046875
endloop
endfacet
facet normal -0.0 1.0 0.0
outer loop
vertex 386.63018798828125 -2.4000000953674316 636.546875
vertex 386.9822998046875 -2.4000000953674316 637.2091064453125
vertex 387.6897277832031 -2.4000000953674316 635.9835205078125
endloop
endfacet
facet normal 0.0809267103280672 -0.9850302877892548 0.1522044667324033
outer loop
vertex 387.1028747558594 -2.8499999046325684 634.8798828125
vertex 388.0418395996094 -2.5 636.645751953125
vertex 386.9822998046875 -2.5 637.2091064453125
endloop
endfacet
facet normal -0.882952869982489 -5.8823609060843144e-05 0.46946163414007425
outer loop
vertex 386.5128479003906 -2.5 636.326171875
vertex 386.9822998046875 -2.5 637.2091064453125
vertex 386.63018798828125 -2.4000000953674316 636.546875
endloop
endfacet
facet normal -0.8829491895381352 0.0 0.46946855985672825
outer loop
vertex 386.63018798828125 -2.4000000953674316 636.546875
vertex 386.9822998046875 -2.5 637.2091064453125
vertex 386.9822998046875 -2.4000000953674316 637.2091064453125
endloop
endfacet
facet normal 0.4694632405567483 0.0 0.8829520178163459
outer loop
vertex 386.9822998046875 -2.5 637.2091064453125
vertex 388.0418395996094 -2.4000000953674316 636.645751953125
vertex 386.9822998046875 -2.4000000953674316 637.2091064453125
endloop
endfacet
facet normal 0.8829402121285587 -0.00014327571702028147 -0.4694854217954426
outer loop
vertex 387.5723571777344 -2.5 635.7628173828125
vertex 387.6897277832031 -2.4000000953674316 635.9835205078125
vertex 388.0418395996094 -2.5 636.645751953125
endloop
endfacet
facet normal 0.0 1.0 0.0
outer loop
vertex 386.9822998046875 -2.4000000953674316 637.2091064453125
vertex 388.0418395996094 -2.4000000953674316 636.645751953125
vertex 387.6897277832031 -2.4000000953674316 635.9835205078125
endloop
endfacet
facet normal 0.8829491895381352 0.0 -0.46946855985672825
outer loop
vertex 387.6897277832031 -2.4000000953674316 635.9835205078125
vertex 388.0418395996094 -2.4000000953674316 636.645751953125
vertex 388.0418395996094 -2.5 636.645751953125
endloop
endfacet
facet normal 0.17436916419806786 -0.9284621879277433 0.3279532896088942
outer loop
vertex 387.5723571777344 -2.5 635.7628173828125
vertex 390.28558349609375 -2.4000000953674316 634.6033325195312
vertex 387.6897277832031 -2.4000000953674316 635.9835205078125
endloop
endfacet
facet normal 0.1743495839076197 -0.9284929443862976 0.32787661523216866
outer loop
vertex 384.89703369140625 -2.5 637.185302734375
vertex 386.63018798828125 -2.4000000953674316 636.546875
vertex 393.0761413574219 -1.7000000476837158 635.1015014648438
endloop
endfacet
facet normal 0.4694632405567483 -0.0 0.8829520178163459
outer loop
vertex 386.9822998046875 -2.5 637.2091064453125
vertex 388.0418395996094 -2.5 636.645751953125
vertex 388.0418395996094 -2.4000000953674316 636.645751953125
endloop
endfacet
facet normal 0.17435845981859746 -0.9284767830771403 0.3279176585309357
outer loop
vertex 384.89703369140625 -2.5 637.185302734375
vertex 393.0761413574219 -1.7000000476837158 635.1015014648438
vertex 386.5423278808594 -1.7000000476837158 638.5756225585938
endloop
endfacet
facet normal 0.8829474240683647 8.771102651068747e-05 -0.469471872041143
outer loop
vertex 387.00250244140625 -2.5 625.8726806640625
vertex 391.2277526855469 -2.5 633.8192138671875
vertex 387.94146728515625 -2.8499999046325684 627.6385498046875
endloop
endfacet
facet normal 0.0 -1.0 0.0
outer loop
vertex 387.94146728515625 -2.8499999046325684 627.6385498046875
vertex 390.75830078125 -2.8499999046325684 632.9362182617188
vertex 389.6987609863281 -2.8499999046325684 633.4996337890625
endloop
endfacet
facet normal 0.8829466772648069 8.024206371954186e-05 -0.46947327790647264
outer loop
vertex 387.94146728515625 -2.8499999046325684 627.6385498046875
vertex 391.6972351074219 -2.5 634.7021484375
vertex 390.75830078125 -2.8499999046325684 632.9362182617188
endloop
endfacet
facet normal 0.8829401524143913 0.0003947024318902491 -0.46948539004365397
outer loop
vertex 387.94146728515625 -2.8499999046325684 627.6385498046875
vertex 391.2277526855469 -2.5 633.8192138671875
vertex 391.6972351074219 -2.5 634.7021484375
endloop
endfacet
facet normal 0.0 -1.0 0.0
outer loop
vertex 387.00250244140625 -2.5 625.8726806640625
vertex 392.84356689453125 -2.5 632.9600830078125
vertex 391.2277526855469 -2.5 633.8192138671875
endloop
endfacet
facet normal -0.882948921790148 2.89169340421779e-05 0.4694690625306702
outer loop
vertex 386.8819274902344 -2.8499999046325684 628.201904296875
vertex 389.6987609863281 -2.8499999046325684 633.4996337890625
vertex 390.6376953125 -2.5 635.2655029296875
endloop
endfacet
facet normal -0.8829528499085595 0.0002212017340027511 0.46946162346686615
outer loop
vertex 386.8819274902344 -2.8499999046325684 628.201904296875
vertex 390.6376953125 -2.5 635.2655029296875
vertex 390.1682434082031 -2.5 634.382568359375
endloop
endfacet
facet normal 0.17434978910691862 -0.928482456970743 0.3279062032593241
outer loop
vertex 387.5723571777344 -2.5 635.7628173828125
vertex 390.1682434082031 -2.5 634.382568359375
vertex 390.28558349609375 -2.4000000953674316 634.6033325195312
endloop
endfacet
facet normal 0.08093410807079603 -0.9850300780940278 0.15220189026703324
outer loop
vertex 389.6987609863281 -2.8499999046325684 633.4996337890625
vertex 390.75830078125 -2.8499999046325684 632.9362182617188
vertex 390.6376953125 -2.5 635.2655029296875
endloop
endfacet
facet normal -0.8829528188534852 -0.00034536050425620354 0.4694616069550381
outer loop
vertex 390.1682434082031 -2.5 634.382568359375
vertex 390.6376953125 -2.5 635.2655029296875
vertex 390.28558349609375 -2.4000000953674316 634.6033325195312
endloop
endfacet
facet normal -0.8829312518772446 0.0 0.469502294412372
outer loop
vertex 390.28558349609375 -2.4000000953674316 634.6033325195312
vertex 390.6376953125 -2.5 635.2655029296875
vertex 390.6376953125 -2.4000000953674316 635.2655029296875
endloop
endfacet
facet normal -0.0 0.9999999999999999 0.0
outer loop
vertex 390.28558349609375 -2.4000000953674316 634.6033325195312
vertex 390.6376953125 -2.4000000953674316 635.2655029296875
vertex 391.3451232910156 -2.4000000953674316 634.0399169921875
endloop
endfacet
facet normal 0.8829467068513822 0.0 -0.46947322911993505
outer loop
vertex 388.1488342285156 -2.5 624.130615234375
vertex 392.84356689453125 2.5 632.9600830078125
vertex 392.84356689453125 -2.5 632.9600830078125
endloop
endfacet
facet normal 0.1743723573513916 -0.9284621880325837 0.32795159152756925
outer loop
vertex 391.2277526855469 -2.5 633.8192138671875
vertex 392.84356689453125 -2.5 632.9600830078125
vertex 391.3451232910156 -2.4000000953674316 634.0399169921875
endloop
endfacet
facet normal 0.08092515701718526 -0.9850308668087774 0.15220154531309074
outer loop
vertex 390.75830078125 -2.8499999046325684 632.9362182617188
vertex 391.6972351074219 -2.5 634.7021484375
vertex 390.6376953125 -2.5 635.2655029296875
endloop
endfacet
facet normal 0.4694632405567483 0.0 0.8829520178163459
outer loop
vertex 391.6972351074219 -2.4000000953674316 634.7021484375
vertex 390.6376953125 -2.4000000953674316 635.2655029296875
vertex 390.6376953125 -2.5 635.2655029296875
endloop
endfacet
facet normal -0.0 1.0 -0.0
outer loop
vertex 391.3451232910156 -2.4000000953674316 634.0399169921875
vertex 390.6376953125 -2.4000000953674316 635.2655029296875
vertex 391.6972351074219 -2.4000000953674316 634.7021484375
endloop
endfacet
facet normal 0.4694632405567483 -0.0 0.8829520178163459
outer loop
vertex 391.6972351074219 -2.5 634.7021484375
vertex 391.6972351074219 -2.4000000953674316 634.7021484375
vertex 390.6376953125 -2.5 635.2655029296875
endloop
endfacet
facet normal 0.8829402121285587 -0.00014327571702028147 -0.4694854217954426
outer loop
vertex 391.2277526855469 -2.5 633.8192138671875
vertex 391.3451232910156 -2.4000000953674316 634.0399169921875
vertex 391.6972351074219 -2.5 634.7021484375
endloop
endfacet
facet normal 0.8829491895381352 0.0 -0.46946855985672825
outer loop
vertex 391.3451232910156 -2.4000000953674316 634.0399169921875
vertex 391.6972351074219 -2.4000000953674316 634.7021484375
vertex 391.6972351074219 -2.5 634.7021484375
endloop
endfacet
facet normal 0.17436696611096972 -0.9284784207744171 0.3279084983429074
outer loop
vertex 390.28558349609375 -2.4000000953674316 634.6033325195312
vertex 391.3451232910156 -2.4000000953674316 634.0399169921875
vertex 393.0761413574219 -1.7000000476837158 635.1015014648438
endloop
endfacet
facet normal 0.1743538966353943 -0.9284743066239953 0.3279270965735303
outer loop
vertex 391.3451232910156 -2.4000000953674316 634.0399169921875
vertex 392.84356689453125 -2.5 632.9600830078125
vertex 393.0761413574219 -1.7000000476837158 635.1015014648438
endloop
endfacet
facet normal 0.9941538559769536 0.0 -0.10797273103036004
outer loop
vertex 392.84356689453125 -2.5 632.9600830078125
vertex 392.84356689453125 2.5 632.9600830078125
vertex 393.0761413574219 -1.7000000476837158 635.1015014648438
endloop
endfacet
facet normal 0.174359204136625 -0.9284724871194158 0.3279294262415755
outer loop
vertex 386.63018798828125 -2.4000000953674316 636.546875
vertex 387.6897277832031 -2.4000000953674316 635.9835205078125
vertex 393.0761413574219 -1.7000000476837158 635.1015014648438
endloop
endfacet
facet normal 0.4694748121700523 0.0 0.8829458651230517
outer loop
vertex 386.5423278808594 -1.7000000476837158 638.5756225585938
vertex 393.0761413574219 -1.7000000476837158 635.1015014648438
vertex 386.5423278808594 1.7000000476837158 638.5756225585938
endloop
endfacet
facet normal 0.17435995732029674 -0.9284700332710163 0.3279359733255596
outer loop
vertex 387.6897277832031 -2.4000000953674316 635.9835205078125
vertex 390.28558349609375 -2.4000000953674316 634.6033325195312
vertex 393.0761413574219 -1.7000000476837158 635.1015014648438
endloop
endfacet
facet normal 0.8829470977579186 0.0 -0.469472493934276
outer loop
vertex 352.81317138671875 5.0 544.7014770507812
vertex 361.8304138183594 7.0 561.660400390625
vertex 361.8304138183594 -5.0 561.660400390625
endloop
endfacet
facet normal 0.0 -0.0 1.0
outer loop
vertex 362.0727844238281 -7.0 568.1162719726562
vertex 362.0727844238281 7.0 568.1162719726562
vertex 361.13336181640625 5.0 568.1162719726562
endloop
endfacet
facet normal 0.9992960183435801 1.1709251228166157e-06 -0.03751623277057809
outer loop
vertex 361.86505126953125 -5.0 562.5826416015625
vertex 361.8304138183594 7.0 561.660400390625
vertex 362.0727844238281 7.0 568.1162719726562
endloop
endfacet
facet normal 0.8829477801442928 0.0 -0.46947121055317703
outer loop
vertex 361.13336181640625 -5.0 568.1162719726562
vertex 361.13336181640625 5.0 568.1162719726562
vertex 362.41729736328125 5.0 570.531005859375
endloop
endfacet
facet normal 0.882948231810796 0.0 -0.4694703610902281
outer loop
vertex 362.41729736328125 -5.0 570.531005859375
vertex 362.41729736328125 5.0 570.531005859375
vertex 371.4312744140625 5.0 587.48388671875
endloop
endfacet
facet normal -0.0 1.0 0.0
outer loop
vertex 353.3101501464844 5.0 587.48388671875
vertex 371.4312744140625 5.0 587.48388671875
vertex 362.41729736328125 5.0 570.531005859375
endloop
endfacet
facet normal -0.0 -0.0 -1.0
outer loop
vertex 340.1416320800781 6.77419376373291 587.48388671875
vertex 375.56097412109375 5.0 587.48388671875
vertex 371.4312744140625 5.0 587.48388671875
endloop
endfacet
facet normal 0.0 0.0 -1.0
outer loop
vertex 340.1416320800781 6.77419376373291 587.48388671875
vertex 375.56097412109375 7.0 587.48388671875
vertex 375.56097412109375 5.0 587.48388671875
endloop
endfacet
facet normal 0.0 0.0 -1.0
outer loop
vertex 340.1416320800781 6.77419376373291 587.48388671875
vertex 375.56097412109375 115.0 587.48388671875
vertex 375.56097412109375 7.0 587.48388671875
endloop
endfacet
facet normal 0.0 0.0 -1.0
outer loop
vertex 371.4312744140625 -5.0 587.48388671875
vertex 371.4312744140625 5.0 587.48388671875
vertex 375.56097412109375 5.0 587.48388671875
endloop
endfacet
facet normal 0.8829475987936609 0.0 -0.4694715516242792
outer loop
vertex 350.9649658203125 137.0 549.6480102539062
vertex 361.2629089355469 149.0 569.015625
vertex 361.2629089355469 137.0 569.015625
endloop
endfacet
facet normal 0.0 0.0 -0.9999999999999999
outer loop
vertex 340.1416320800781 6.77419376373291 587.48388671875
vertex 373.8033752441406 112.0 587.48388671875
vertex 375.56097412109375 115.0 587.48388671875
endloop
endfacet
facet normal 0.0 0.0 -1.0
outer loop
vertex 341.8033752441406 112.0 579.9397583007812
vertex 367.0713806152344 137.0 579.9397583007812
vertex 373.8033752441406 112.0 579.9397583007812
endloop
endfacet
facet normal 0.8829473593071009 0.0 -0.4694720020327273
outer loop
vertex 361.2629089355469 137.0 569.015625
vertex 361.2629089355469 149.0 569.015625
vertex 367.0713806152344 146.0 579.9397583007812
endloop
endfacet
facet normal 0.882947359307101 0.0 -0.4694720020327273
outer loop
vertex 361.2629089355469 137.0 569.015625
vertex 367.0713806152344 146.0 579.9397583007812
vertex 367.0713806152344 137.0 579.9397583007812
endloop
endfacet
facet normal 0.0 0.9999999999999999 0.0
outer loop
vertex 352.5532531738281 149.0 599.4962768554688
vertex 371.56085205078125 149.0 588.3831787109375
vertex 361.2629089355469 149.0 569.015625
endloop
endfacet
facet normal 0.0 -1.0 0.0
outer loop
vertex 341.8033752441406 112.0 587.48388671875
vertex 373.8033752441406 112.0 579.9397583007812
vertex 373.8033752441406 112.0 587.48388671875
endloop
endfacet
facet normal -0.0 -0.0 0.9999999999999999
outer loop
vertex 348.5353698730469 137.0 591.9397583007812
vertex 373.8033752441406 115.0 591.9397583007812
vertex 365.4777526855469 137.0 591.9397583007812
endloop
endfacet
facet normal 0.8829465018720208 -7.5319780064784805e-06 -0.46947361456766756
outer loop
vertex 361.2629089355469 149.0 569.015625
vertex 371.56085205078125 146.0 588.3831787109375
vertex 367.0713806152344 146.0 579.9397583007812
endloop
endfacet
facet normal 0.0 0.0 -1.0
outer loop
vertex 367.0713806152344 137.0 579.9397583007812
vertex 367.0713806152344 146.0 579.9397583007812
vertex 373.8033752441406 146.0 579.9397583007812
endloop
endfacet
facet normal 0.0 0.0 -1.0
outer loop
vertex 367.0713806152344 137.0 579.9397583007812
vertex 373.8033752441406 146.0 579.9397583007812
vertex 373.8033752441406 112.0 579.9397583007812
endloop
endfacet
facet normal 0.8829469855133607 0.0 -0.4694727050349885
outer loop
vertex 361.2629089355469 149.0 569.015625
vertex 371.56085205078125 149.0 588.3831787109375
vertex 371.56085205078125 146.0 588.3831787109375
endloop
endfacet
facet normal 0.9999999999999999 0.0 -0.0
outer loop
vertex 373.8033752441406 112.0 579.9397583007812
vertex 373.8033752441406 115.0 587.48388671875
vertex 373.8033752441406 112.0 587.48388671875
endloop
endfacet
facet normal 1.0 0.0 -0.0
outer loop
vertex 373.8033752441406 112.0 579.9397583007812
vertex 373.8033752441406 146.0 579.9397583007812
vertex 373.8033752441406 115.0 587.48388671875
endloop
endfacet
facet normal -0.0 -0.0 1.0
outer loop
vertex 365.4777526855469 137.0 591.9397583007812
vertex 373.8033752441406 115.0 591.9397583007812
vertex 373.451904296875 137.0 591.9397583007812
endloop
endfacet
facet normal 0.0 0.0 -1.0
outer loop
vertex 373.8033752441406 112.0 587.48388671875
vertex 373.8033752441406 115.0 587.48388671875
vertex 375.56097412109375 115.0 587.48388671875
endloop
endfacet
facet normal -0.0 1.0 0.0
outer loop
vertex 373.8033752441406 115.0 587.48388671875
vertex 373.8033752441406 115.0 591.9397583007812
vertex 375.56097412109375 115.0 587.48388671875
endloop
endfacet
facet normal -0.0 1.0 0.0
outer loop
vertex 373.8033752441406 115.0 591.9397583007812
vertex 375.8033752441406 115.0 593.9397583007812
vertex 375.56097412109375 115.0 587.48388671875
endloop
endfacet
facet normal 1.0 0.0 -0.0
outer loop
vertex 373.8033752441406 115.0 587.48388671875
vertex 373.8033752441406 146.0 591.9397583007812
vertex 373.8033752441406 115.0 591.9397583007812
endloop
endfacet
facet normal -0.0 1.0 0.0
outer loop
vertex 367.0713806152344 146.0 579.9397583007812
vertex 371.56085205078125 146.0 588.3831787109375
vertex 373.8033752441406 146.0 579.9397583007812
endloop
endfacet
facet normal 1.0 0.0 -0.0
outer loop
vertex 373.8033752441406 146.0 579.9397583007812
vertex 373.8033752441406 146.0 591.9397583007812
vertex 373.8033752441406 115.0 587.48388671875
endloop
endfacet
facet normal 0.8829491021258026 0.0 -0.46946872425672703
outer loop
vertex 371.56085205078125 146.0 588.3831787109375
vertex 371.56085205078125 149.0 588.3831787109375
vertex 373.451904296875 146.0 591.9397583007812
endloop
endfacet
facet normal 0.0 1.0 0.0
outer loop
vertex 371.56085205078125 146.0 588.3831787109375
vertex 373.451904296875 146.0 591.9397583007812
vertex 373.8033752441406 146.0 591.9397583007812
endloop
endfacet
facet normal 0.0 -0.0 1.0
outer loop
vertex 373.8033752441406 115.0 591.9397583007812
vertex 373.8033752441406 146.0 591.9397583007812
vertex 373.451904296875 137.0 591.9397583007812
endloop
endfacet
facet normal 0.0 1.0 -0.0
outer loop
vertex 373.8033752441406 146.0 579.9397583007812
vertex 371.56085205078125 146.0 588.3831787109375
vertex 373.8033752441406 146.0 591.9397583007812
endloop
endfacet
facet normal 0.0 -0.0 1.0
outer loop
vertex 373.451904296875 137.0 591.9397583007812
vertex 373.8033752441406 146.0 591.9397583007812
vertex 373.451904296875 146.0 591.9397583007812
endloop
endfacet
facet normal 0.8829476104474576 0.0 -0.469471529706674
outer loop
vertex 380.15728759765625 -5.04078483581543 596.1282958984375
vertex 375.56097412109375 5.0 587.48388671875
vertex 375.56097412109375 7.0 587.48388671875
endloop
endfacet
facet normal 0.9992958412396236 0.0 -0.03752094989726268
outer loop
vertex 375.56097412109375 7.0 587.48388671875
vertex 375.56097412109375 115.0 587.48388671875
vertex 375.8033752441406 7.0 593.9397583007812
endloop
endfacet
facet normal 0.9992958412396236 0.0 -0.03752094989726268
outer loop
vertex 375.56097412109375 115.0 587.48388671875
vertex 375.8033752441406 115.0 593.9397583007812
vertex 375.8033752441406 7.0 593.9397583007812
endloop
endfacet
facet normal -0.0 1.0 0.0
outer loop
vertex 339.8033752441406 7.0 593.9397583007812
vertex 364.4666748046875 7.0 601.4716186523438
vertex 374.9986877441406 7.0 597.885009765625
endloop
endfacet
facet normal -0.0 1.0 0.0
outer loop
vertex 339.8033752441406 7.0 593.9397583007812
vertex 374.9986877441406 7.0 597.885009765625
vertex 375.8033752441406 7.0 593.9397583007812
endloop
endfacet
facet normal 0.0 1.0 0.0
outer loop
vertex 353.533935546875 7.0 619.7632446289062
vertex 364.8706359863281 7.0 612.2313842773438
vertex 364.4666748046875 7.0 601.4716186523438
endloop
endfacet
facet normal -0.9992959802655469 0.0 0.037517247035461984
outer loop
vertex 364.4666748046875 7.0 601.4716186523438
vertex 364.8706359863281 7.0 612.2313842773438
vertex 364.8706359863281 11.0 612.2313842773438
endloop
endfacet
facet normal -0.9992959802655469 0.0 0.037517247035461984
outer loop
vertex 364.4666748046875 7.0 601.4716186523438
vertex 364.8706359863281 11.0 612.2313842773438
vertex 364.4666748046875 11.0 601.4716186523438
endloop
endfacet
facet normal 0.0 0.0 1.0
outer loop
vertex 339.8033752441406 7.0 593.9397583007812
vertex 375.8033752441406 7.0 593.9397583007812
vertex 375.8033752441406 115.0 593.9397583007812
endloop
endfacet
facet normal -0.3223638962864623 0.0 -0.946615824065397
outer loop
vertex 364.4666748046875 7.0 601.4716186523438
vertex 364.4666748046875 11.0 601.4716186523438
vertex 374.9986877441406 7.0 597.885009765625
endloop
endfacet
facet normal 0.3510932353563386 0.936247734740633 -0.01318026100090334
outer loop
vertex 364.4666748046875 11.0 601.4716186523438
vertex 375.1333312988281 7.0 601.4716186523438
vertex 374.9986877441406 7.0 597.885009765625
endloop
endfacet
facet normal 0.3510932304021207 0.9362477215293978 -0.013181331374889022
outer loop
vertex 364.4666748046875 11.0 601.4716186523438
vertex 364.8706359863281 11.0 612.2313842773438
vertex 375.1333312988281 7.0 601.4716186523438
endloop
endfacet
facet normal 0.0 -0.0 1.0
outer loop
vertex 364.8706359863281 7.0 612.2313842773438
vertex 375.53729248046875 7.0 612.2313842773438
vertex 364.8706359863281 11.0 612.2313842773438
endloop
endfacet
facet normal 0.0 1.0 0.0
outer loop
vertex 353.533935546875 7.0 619.7632446289062
vertex 389.29156494140625 7.0 613.307373046875
vertex 364.8706359863281 7.0 612.2313842773438
endloop
endfacet
facet normal 0.3510932304021207 0.9362477215293978 -0.013181331374889022
outer loop
vertex 364.8706359863281 11.0 612.2313842773438
vertex 375.53729248046875 7.0 612.2313842773438
vertex 375.1333312988281 7.0 601.4716186523438
endloop
endfacet
facet normal 0.0 -0.0 1.0
outer loop
vertex 353.533935546875 -5.0 619.7632446289062
vertex 370.7727966308594 5.0 619.7632446289062
vertex 353.533935546875 7.0 619.7632446289062
endloop
endfacet
facet normal -0.0 0.0 1.0
outer loop
vertex 353.533935546875 7.0 619.7632446289062
vertex 370.7727966308594 5.0 619.7632446289062
vertex 389.533935546875 7.0 619.7632446289062
endloop
endfacet
facet normal -0.8362582295592529 0.0 0.5483358218231087
outer loop
vertex 370.7727966308594 -5.0 619.7632446289062
vertex 377.38812255859375 5.0 629.8521728515625
vertex 370.7727966308594 5.0 619.7632446289062
endloop
endfacet
facet normal 0.0 -1.0 0.0
outer loop
vertex 352.5532531738281 137.0 599.4962768554688
vertex 365.4777526855469 137.0 591.9397583007812
vertex 362.8511657714844 137.0 618.8638916015625
endloop
endfacet
facet normal -0.0 1.0 0.0
outer loop
vertex 339.8033752441406 115.0 593.9397583007812
vertex 375.8033752441406 115.0 593.9397583007812
vertex 373.8033752441406 115.0 591.9397583007812
endloop
endfacet
facet normal -0.0 0.9999999999999999 0.0
outer loop
vertex 352.5532531738281 149.0 599.4962768554688
vertex 362.8511657714844 149.0 618.8638916015625
vertex 371.56085205078125 149.0 588.3831787109375
endloop
endfacet
facet normal -0.8829481754975095 0.0 0.4694704670004484
outer loop
vertex 352.5532531738281 137.0 599.4962768554688
vertex 362.8511657714844 137.0 618.8638916015625
vertex 362.8511657714844 149.0 618.8638916015625
endloop
endfacet
facet normal 0.0 -1.0 0.0
outer loop
vertex 365.4777526855469 137.0 591.9397583007812
vertex 373.451904296875 137.0 591.9397583007812
vertex 381.8587951660156 137.0 607.7507934570312
endloop
endfacet
facet normal 0.0 -0.9999999999999999 0.0
outer loop
vertex 365.4777526855469 137.0 591.9397583007812
vertex 381.8587951660156 137.0 607.7507934570312
vertex 362.8511657714844 137.0 618.8638916015625
endloop
endfacet
facet normal -0.0 1.0 -0.0
outer loop
vertex 371.56085205078125 149.0 588.3831787109375
vertex 362.8511657714844 149.0 618.8638916015625
vertex 381.8587951660156 149.0 607.7507934570312
endloop
endfacet
facet normal -0.8317424623328711 0.0 0.5551616668615119
outer loop
vertex 362.8511657714844 137.0 618.8638916015625
vertex 371.4066467285156 137.0 631.6817016601562
vertex 362.8511657714844 149.0 618.8638916015625
endloop
endfacet
facet normal -0.8317424623328712 0.0 0.555161666861512
outer loop
vertex 362.8511657714844 149.0 618.8638916015625
vertex 371.4066467285156 137.0 631.6817016601562
vertex 371.4066467285156 146.0 631.6817016601562
endloop
endfacet
facet normal 0.0 -1.0 0.0
outer loop
vertex 362.8511657714844 137.0 618.8638916015625
vertex 374.5732116699219 137.0 631.348876953125
vertex 371.4066467285156 137.0 631.6817016601562
endloop
endfacet
facet normal -0.831741772551047 6.382413069932394e-06 0.555162700253635
outer loop
vertex 362.8511657714844 149.0 618.8638916015625
vertex 371.4066467285156 146.0 631.6817016601562
vertex 372.0721435546875 149.0 632.6787109375
endloop
endfacet
facet normal 0.0 -0.9999999999999999 0.0
outer loop
vertex 362.8511657714844 137.0 618.8638916015625
vertex 381.8587951660156 137.0 607.7507934570312
vertex 374.5732116699219 137.0 631.348876953125
endloop
endfacet
facet normal -0.0 1.0 0.0
outer loop
vertex 362.8511657714844 149.0 618.8638916015625
vertex 372.0721435546875 149.0 632.6787109375
vertex 390.64654541015625 149.0 622.8025512695312
endloop
endfacet
facet normal 0.0 -1.0 0.0
outer loop
vertex 370.8264465332031 112.0 631.74267578125
vertex 374.5732421875 112.0 631.348876953125
vertex 370.98553466796875 112.0 633.2564697265625
endloop
endfacet
facet normal -0.9945231260123588 0.0 0.10451675380820956
outer loop
vertex 370.8264465332031 112.0 631.74267578125
vertex 370.98553466796875 112.0 633.2564697265625
vertex 370.98553466796875 112.73181915283203 633.2564697265625
endloop
endfacet
facet normal -0.9945235518702736 8.47562560584181e-06 0.10451270115875336
outer loop
vertex 370.8264465332031 112.0 631.74267578125
vertex 370.98553466796875 112.73181915283203 633.2564697265625
vertex 370.9855651855469 116.31272888183594 633.2564697265625
endloop
endfacet
facet normal 0.4694667369233663 0.0 0.8829501587986305
outer loop
vertex 370.98553466796875 112.0 633.2564697265625
vertex 374.5732421875 112.0 631.348876953125
vertex 370.98553466796875 112.73181915283203 633.2564697265625
endloop
endfacet
facet normal 0.46946610068083583 -4.000929788462393e-06 0.8829504970809654
outer loop
vertex 370.98553466796875 112.73181915283203 633.2564697265625
vertex 374.5732421875 112.0 631.348876953125
vertex 370.9855651855469 116.31272888183594 633.2564697265625
endloop
endfacet
facet normal -0.10452749128308741 2.7064601344144466e-07 -0.9945219975274507
outer loop
vertex 370.8264465332031 112.0 631.74267578125
vertex 371.4066467285156 137.0 631.6817016601562
vertex 374.5732421875 117.73783874511719 631.348876953125
endloop
endfacet
facet normal -0.9945210418129222 0.0 0.10453658398541603
outer loop
vertex 370.8264465332031 112.0 631.74267578125
vertex 370.9855651855469 116.31272888183594 633.2564697265625
vertex 370.8264465332031 146.0 631.74267578125
endloop
endfacet
facet normal -0.10452708134452227 -0.0 -0.9945220406132765
outer loop
vertex 370.8264465332031 112.0 631.74267578125
vertex 374.5732421875 117.73783874511719 631.348876953125
vertex 374.5732421875 112.0 631.348876953125
endloop
endfacet
facet normal 0.46946985016415466 -0.0 0.8829485034739263
outer loop
vertex 370.9855651855469 116.31272888183594 633.2564697265625
vertex 374.5732421875 112.0 631.348876953125
vertex 374.5732421875 117.73783874511719 631.348876953125
endloop
endfacet
facet normal 0.4694696198298744 7.437937836202277e-07 0.8829486259439107
outer loop
vertex 370.9855651855469 116.31272888183594 633.2564697265625
vertex 374.5732421875 117.73783874511719 631.348876953125
vertex 374.5732116699219 137.0 631.348876953125
endloop
endfacet
facet normal -0.10451595692703329 0.0 -0.9945232097581366
outer loop
vertex 370.8264465332031 112.0 631.74267578125
vertex 370.8264465332031 146.0 631.74267578125
vertex 371.4066467285156 137.0 631.6817016601562
endloop
endfacet
facet normal -0.9945210418129221 0.0 0.10453658398541602
outer loop
vertex 370.9855651855469 116.31272888183594 633.2564697265625
vertex 370.9855651855469 146.0 633.2564697265625
vertex 370.8264465332031 146.0 631.74267578125
endloop
endfacet
facet normal 0.4694729634403971 0.0 0.8829468481162904
outer loop
vertex 370.9855651855469 116.31272888183594 633.2564697265625
vertex 374.5732116699219 137.0 631.348876953125
vertex 370.9855651855469 146.0 633.2564697265625
endloop
endfacet
facet normal -0.10451595692703329 0.0 -0.9945232097581366
outer loop
vertex 371.4066467285156 137.0 631.6817016601562
vertex 370.8264465332031 146.0 631.74267578125
vertex 371.4066467285156 146.0 631.6817016601562
endloop
endfacet
facet normal -0.0 1.0 0.0
outer loop
vertex 370.8264465332031 146.0 631.74267578125
vertex 372.0721435546875 146.0 632.6787109375
vertex 371.4066467285156 146.0 631.6817016601562
endloop
endfacet
facet normal -0.0 1.0 0.0
outer loop
vertex 370.8264465332031 146.0 631.74267578125
vertex 370.9855651855469 146.0 633.2564697265625
vertex 372.0721435546875 146.0 632.6787109375
endloop
endfacet
facet normal -0.8317329047591451 0.0 0.55517598573868
outer loop
vertex 371.4066467285156 146.0 631.6817016601562
vertex 372.0721435546875 146.0 632.6787109375
vertex 372.0721435546875 146.5516357421875 632.6787109375
endloop
endfacet
facet normal -0.8317329047591451 0.0 0.55517598573868
outer loop
vertex 371.4066467285156 146.0 631.6817016601562
vertex 372.0721435546875 146.5516357421875 632.6787109375
vertex 372.0721435546875 149.0 632.6787109375
endloop
endfacet
facet normal 0.4694809523457819 4.084948138013154e-06 0.8829426002678832
outer loop
vertex 370.9855651855469 146.0 633.2564697265625
vertex 374.5732116699219 137.0 631.348876953125
vertex 372.0721435546875 146.0 632.6787109375
endloop
endfacet
facet normal 0.4694694926569161 0.0 0.8829486935629145
outer loop
vertex 372.0721435546875 146.0 632.6787109375
vertex 374.5732116699219 137.0 631.348876953125
vertex 372.0721435546875 146.5516357421875 632.6787109375
endloop
endfacet
facet normal -0.10453011600006573 -1.6560997175946058e-07 -0.9945217216576948
outer loop
vertex 374.5732421875 117.73783874511719 631.348876953125
vertex 371.4066467285156 137.0 631.6817016601562
vertex 374.5732116699219 137.0 631.348876953125
endloop
endfacet
facet normal 0.4694751604897251 1.9036831604107548e-06 0.8829456799144118
outer loop
vertex 372.0721435546875 146.5516357421875 632.6787109375
vertex 374.5732116699219 137.0 631.348876953125
vertex 375.1773376464844 139.5 631.0276489257812
endloop
endfacet
facet normal 0.46947179021757257 -0.0 0.8829474719313191
outer loop
vertex 372.0721435546875 146.5516357421875 632.6787109375
vertex 375.1773376464844 139.5 631.0276489257812
vertex 375.1773376464844 146.5 631.0276489257812
endloop
endfacet
facet normal 0.8829476104474577 0.0 -0.4694715297066741
outer loop
vertex 380.15728759765625 -5.04078483581543 596.1282958984375
vertex 375.56097412109375 7.0 587.48388671875
vertex 380.15728759765625 5.04078483581543 596.1282958984375
endloop
endfacet
facet normal -0.3222740561813167 0.0 -0.946646413774669
outer loop
vertex 380.15728759765625 -5.04078483581543 596.1282958984375
vertex 380.15728759765625 5.04078483581543 596.1282958984375
vertex 380.2646789550781 5.0 596.0917358398438
endloop
endfacet
facet normal 0.9992948319725102 0.0 -0.037547820083628204
outer loop
vertex 380.2646789550781 -5.0 596.0917358398438
vertex 380.2646789550781 5.0 596.0917358398438
vertex 380.2743225097656 5.0 596.348388671875
endloop
endfacet
facet normal 0.35107728365611696 0.9362535583490651 -0.013191488898374907
outer loop
vertex 380.15728759765625 5.04078483581543 596.1282958984375
vertex 380.2743225097656 5.0 596.348388671875
vertex 380.2646789550781 5.0 596.0917358398438
endloop
endfacet
facet normal 0.0 1.0 0.0
outer loop
vertex 375.56097412109375 7.0 587.48388671875
vertex 375.8033752441406 7.0 593.9397583007812
vertex 389.29156494140625 7.0 613.307373046875
endloop
endfacet
facet normal 0.8829475987936543 -1.240441860665902e-07 -0.46947155162427573
outer loop
vertex 375.56097412109375 7.0 587.48388671875
vertex 389.29156494140625 7.0 613.307373046875
vertex 380.15728759765625 5.04078483581543 596.1282958984375
endloop
endfacet
facet normal -0.0 1.0 0.0
outer loop
vertex 374.9986877441406 7.0 597.885009765625
vertex 389.29156494140625 7.0 613.307373046875
vertex 375.8033752441406 7.0 593.9397583007812
endloop
endfacet
facet normal 0.0 1.0 0.0
outer loop
vertex 374.9986877441406 7.0 597.885009765625
vertex 375.1333312988281 7.0 601.4716186523438
vertex 389.29156494140625 7.0 613.307373046875
endloop
endfacet
facet normal 0.8829415616528296 0.00012742686673203937 -0.4694828883659724
outer loop
vertex 380.15728759765625 5.04078483581543 596.1282958984375
vertex 389.29156494140625 7.0 613.307373046875
vertex 380.2743225097656 5.0 596.348388671875
endloop
endfacet
facet normal -0.0 1.0 0.0
outer loop
vertex 364.8706359863281 7.0 612.2313842773438
vertex 389.29156494140625 7.0 613.307373046875
vertex 375.53729248046875 7.0 612.2313842773438
endloop
endfacet
facet normal 0.0 1.0 0.0
outer loop
vertex 375.1333312988281 7.0 601.4716186523438
vertex 375.53729248046875 7.0 612.2313842773438
vertex 389.29156494140625 7.0 613.307373046875
endloop
endfacet
facet normal 0.8829477981398667 0.0 -0.46947117670839106
outer loop
vertex 389.29156494140625 -5.0 613.307373046875
vertex 380.2743225097656 5.0 596.348388671875
vertex 389.29156494140625 7.0 613.307373046875
endloop
endfacet
facet normal 0.9992960183435801 1.1709251228166157e-06 -0.03751623277057809
outer loop
vertex 389.3262023925781 -5.0 614.2296142578125
vertex 389.29156494140625 7.0 613.307373046875
vertex 389.533935546875 7.0 619.7632446289062
endloop
endfacet
facet normal -0.0 1.0 0.0
outer loop
vertex 353.533935546875 7.0 619.7632446289062
vertex 389.533935546875 7.0 619.7632446289062
vertex 389.29156494140625 7.0 613.307373046875
endloop
endfacet
facet normal -0.0 1.0 0.0
outer loop
vertex 370.7727966308594 5.0 619.7632446289062
vertex 377.38812255859375 5.0 629.8521728515625
vertex 389.2576904296875 5.0 619.7632446289062
endloop
endfacet
facet normal 0.0 0.0 1.0
outer loop
vertex 370.7727966308594 5.0 619.7632446289062
vertex 389.2576904296875 5.0 619.7632446289062
vertex 389.533935546875 7.0 619.7632446289062
endloop
endfacet
facet normal 0.4694706359228415 -7.78174697403786e-08 0.8829480856801247
outer loop
vertex 380.20233154296875 2.5 628.3558349609375
vertex 388.1488342285156 2.5 624.130615234375
vertex 377.38812255859375 5.0 629.8521728515625
endloop
endfacet
facet normal -0.0809267103280672 0.9850302877892548 -0.1522044667324033
outer loop
vertex 382.2875671386719 2.5 628.379638671875
vertex 383.2265319824219 2.8499999046325684 630.1455078125
vertex 383.34710693359375 2.5 627.8162841796875
endloop
endfacet
facet normal -0.0 1.0 0.0
outer loop
vertex 380.20233154296875 2.5 628.3558349609375
vertex 382.2875671386719 2.5 628.379638671875
vertex 388.1488342285156 2.5 624.130615234375
endloop
endfacet
facet normal 0.4694706898156849 0.0 0.8829480570248655
outer loop
vertex 377.38812255859375 -5.0 629.8521728515625
vertex 380.20233154296875 2.5 628.3558349609375
vertex 377.38812255859375 5.0 629.8521728515625
endloop
endfacet
facet normal -0.0 1.0 0.0
outer loop
vertex 380.20233154296875 2.5 628.3558349609375
vertex 384.89703369140625 2.5 637.185302734375
vertex 382.2875671386719 2.5 628.379638671875
endloop
endfacet
facet normal -0.08092909004907205 0.9850300781102109 -0.15220455841406735
outer loop
vertex 383.34710693359375 2.5 627.8162841796875
vertex 383.2265319824219 2.8499999046325684 630.1455078125
vertex 384.2860412597656 2.8499999046325684 629.5821533203125
endloop
endfacet
facet normal -0.8829460196950958 7.06029710919681e-05 0.4694745161558911
outer loop
vertex 382.2875671386719 2.5 628.379638671875
vertex 386.5128479003906 2.5 636.326171875
vertex 383.2265319824219 2.8499999046325684 630.1455078125
endloop
endfacet
facet normal -0.8829479718640534 0.0 0.4694708499802247
outer loop
vertex 384.89703369140625 -2.5 637.185302734375
vertex 384.89703369140625 2.5 637.185302734375
vertex 380.20233154296875 2.5 628.3558349609375
endloop
endfacet
facet normal 0.4694706129036743 -2.0491002063038738e-07 0.8829480979195813
outer loop
vertex 377.38812255859375 5.0 629.8521728515625
vertex 388.1488342285156 2.5 624.130615234375
vertex 390.9649963378906 5.0 622.6332397460938
endloop
endfacet
facet normal 0.0 1.0 0.0
outer loop
vertex 377.38812255859375 5.0 629.8521728515625
vertex 390.9649963378906 5.0 622.6332397460938
vertex 389.2576904296875 5.0 619.7632446289062
endloop
endfacet
facet normal 0.0 1.0 0.0
outer loop
vertex 382.2875671386719 2.5 628.379638671875
vertex 383.34710693359375 2.5 627.8162841796875
vertex 388.1488342285156 2.5 624.130615234375
endloop
endfacet
facet normal 0.0 1.0 0.0
outer loop
vertex 383.34710693359375 2.5 627.8162841796875
vertex 385.9429626464844 2.5 626.43603515625
vertex 388.1488342285156 2.5 624.130615234375
endloop
endfacet
facet normal 0.0 1.0 0.0
outer loop
vertex 385.9429626464844 2.5 626.43603515625
vertex 387.00250244140625 2.5 625.8726806640625
vertex 388.1488342285156 2.5 624.130615234375
endloop
endfacet
facet normal -0.0809267103280672 0.9850302877892548 -0.1522044667324033
outer loop
vertex 385.9429626464844 2.5 626.43603515625
vertex 386.8819274902344 2.8499999046325684 628.201904296875
vertex 387.00250244140625 2.5 625.8726806640625
endloop
endfacet
facet normal -0.0809267103280672 0.9850302877892548 -0.1522044667324033
outer loop
vertex 387.00250244140625 2.5 625.8726806640625
vertex 386.8819274902344 2.8499999046325684 628.201904296875
vertex 387.94146728515625 2.8499999046325684 627.6385498046875
endloop
endfacet
facet normal 0.0 -0.0 1.0
outer loop
vertex 389.2576904296875 -5.0 619.7632446289062
vertex 389.533935546875 7.0 619.7632446289062
vertex 389.2576904296875 5.0 619.7632446289062
endloop
endfacet
facet normal 0.8594276953196255 0.0 -0.5112573095004088
outer loop
vertex 390.9649963378906 -5.0 622.6332397460938
vertex 389.2576904296875 5.0 619.7632446289062
vertex 390.9649963378906 5.0 622.6332397460938
endloop
endfacet
facet normal 0.4694704710907113 0.0 0.8829481733226846
outer loop
vertex 388.1488342285156 -2.5 624.130615234375
vertex 390.9649963378906 5.0 622.6332397460938
vertex 388.1488342285156 2.5 624.130615234375
endloop
endfacet
facet normal 0.8829467068513822 0.0 -0.46947322911993505
outer loop
vertex 388.1488342285156 -2.5 624.130615234375
vertex 388.1488342285156 2.5 624.130615234375
vertex 392.84356689453125 2.5 632.9600830078125
endloop
endfacet
facet normal -0.0 1.0 0.0
outer loop
vertex 387.00250244140625 2.5 625.8726806640625
vertex 391.2277526855469 2.5 633.8192138671875
vertex 388.1488342285156 2.5 624.130615234375
endloop
endfacet
facet normal -0.0 1.0 0.0
outer loop
vertex 383.2265319824219 2.8499999046325684 630.1455078125
vertex 386.0433349609375 2.8499999046325684 635.4432373046875
vertex 384.2860412597656 2.8499999046325684 629.5821533203125
endloop
endfacet
facet normal 0.8829474274139486 -1.0724099876124279e-05 -0.46947187382002303
outer loop
vertex 383.34710693359375 2.5 627.8162841796875
vertex 384.2860412597656 2.8499999046325684 629.5821533203125
vertex 387.5723571777344 2.5 635.7628173828125
endloop
endfacet
facet normal -0.0 1.0 0.0
outer loop
vertex 383.34710693359375 2.5 627.8162841796875
vertex 387.5723571777344 2.5 635.7628173828125
vertex 385.9429626464844 2.5 626.43603515625
endloop
endfacet
facet normal -0.0 1.0 0.0
outer loop
vertex 382.2875671386719 2.5 628.379638671875
vertex 384.89703369140625 2.5 637.185302734375
vertex 386.5128479003906 2.5 636.326171875
endloop
endfacet
facet normal -0.0 1.0 0.0
outer loop
vertex 384.2860412597656 2.8499999046325684 629.5821533203125
vertex 386.0433349609375 2.8499999046325684 635.4432373046875
vertex 387.1028747558594 2.8499999046325684 634.8798828125
endloop
endfacet
facet normal -0.8829510228428669 -0.00013156606549038604 0.4694650934319884
outer loop
vertex 383.2265319824219 2.8499999046325684 630.1455078125
vertex 386.9822998046875 2.5 637.2091064453125
vertex 386.0433349609375 2.8499999046325684 635.4432373046875
endloop
endfacet
facet normal -0.8829528499085595 -0.0002212017340027511 0.46946162346686615
outer loop
vertex 383.2265319824219 2.8499999046325684 630.1455078125
vertex 386.5128479003906 2.5 636.326171875
vertex 386.9822998046875 2.5 637.2091064453125
endloop
endfacet
facet normal -0.8829460196950958 7.06029710919681e-05 0.4694745161558911
outer loop
vertex 385.9429626464844 2.5 626.43603515625
vertex 390.1682434082031 2.5 634.382568359375
vertex 386.8819274902344 2.8499999046325684 628.201904296875
endloop
endfacet
facet normal -0.0 1.0 0.0
outer loop
vertex 386.8819274902344 2.8499999046325684 628.201904296875
vertex 389.6987609863281 2.8499999046325684 633.4996337890625
vertex 387.94146728515625 2.8499999046325684 627.6385498046875
endloop
endfacet
facet normal 0.8829489172078787 0.00010590399075877382 -0.46946906009425116
outer loop
vertex 384.2860412597656 2.8499999046325684 629.5821533203125
vertex 387.1028747558594 2.8499999046325684 634.8798828125
vertex 388.0418395996094 2.5 636.645751953125
endloop
endfacet
facet normal 0.8829401766274652 -0.000317716147965937 -0.46948540291846136
outer loop
vertex 384.2860412597656 2.8499999046325684 629.5821533203125
vertex 388.0418395996094 2.5 636.645751953125
vertex 387.5723571777344 2.5 635.7628173828125
endloop
endfacet
facet normal -0.0 1.0 0.0
outer loop
vertex 385.9429626464844 2.5 626.43603515625
vertex 387.5723571777344 2.5 635.7628173828125
vertex 390.1682434082031 2.5 634.382568359375
endloop
endfacet
facet normal -0.6454410140053425 0.0 0.7638101187073627
outer loop
vertex 384.89703369140625 -2.5 637.185302734375
vertex 386.5423278808594 1.7000000476837158 638.5756225585938
vertex 384.89703369140625 2.5 637.185302734375
endloop
endfacet
facet normal 0.1743539538240767 0.9284759211266529 0.3279224949190363
outer loop
vertex 384.89703369140625 2.5 637.185302734375
vertex 386.5423278808594 1.7000000476837158 638.5756225585938
vertex 386.63018798828125 2.4000000953674316 636.5469360351562
endloop
endfacet
facet normal 0.17434856913265265 0.9284824570398541 0.327906851728707
outer loop
vertex 384.89703369140625 2.5 637.185302734375
vertex 386.63018798828125 2.4000000953674316 636.5469360351562
vertex 386.5128479003906 2.5 636.326171875
endloop
endfacet
facet normal 0.0809267103280672 0.9850302877892548 0.1522044667324033
outer loop
vertex 387.1028747558594 2.8499999046325684 634.8798828125
vertex 386.0433349609375 2.8499999046325684 635.4432373046875
vertex 386.9822998046875 2.5 637.2091064453125
endloop
endfacet
facet normal 0.0809267103280672 0.9850302877892548 0.1522044667324033
outer loop
vertex 387.1028747558594 2.8499999046325684 634.8798828125
vertex 386.9822998046875 2.5 637.2091064453125
vertex 388.0418395996094 2.5 636.645751953125
endloop
endfacet
facet normal 0.0 -0.9999999999999999 0.0
outer loop
vertex 386.63018798828125 2.4000000953674316 636.5469360351562
vertex 387.6897277832031 2.4000000953674316 635.9835205078125
vertex 388.0418395996094 2.4000000953674316 636.645751953125
endloop
endfacet
facet normal -0.8829528188534852 0.00034536050425620354 0.4694616069550381
outer loop
vertex 386.5128479003906 2.5 636.326171875
vertex 386.63018798828125 2.4000000953674316 636.5469360351562
vertex 386.9822998046875 2.5 637.2091064453125
endloop
endfacet
facet normal -0.8829312518772446 0.0 0.469502294412372
outer loop
vertex 386.63018798828125 2.4000000953674316 636.5469360351562
vertex 386.9822998046875 2.4000000953674316 637.2091064453125
vertex 386.9822998046875 2.5 637.2091064453125
endloop
endfacet
facet normal 0.17437420259980982 0.9284722554745638 0.327922107034059
outer loop
vertex 386.63018798828125 2.4000000953674316 636.5469360351562
vertex 386.5423278808594 1.7000000476837158 638.5756225585938
vertex 387.6897277832031 2.4000000953674316 635.9835205078125
endloop
endfacet
facet normal 0.0 -1.0 0.0
outer loop
vertex 386.63018798828125 2.4000000953674316 636.5469360351562
vertex 388.0418395996094 2.4000000953674316 636.645751953125
vertex 386.9822998046875 2.4000000953674316 637.2091064453125
endloop
endfacet
facet normal 0.4694632405567483 0.0 0.8829520178163459
outer loop
vertex 386.9822998046875 2.4000000953674316 637.2091064453125
vertex 388.0418395996094 2.4000000953674316 636.645751953125
vertex 386.9822998046875 2.5 637.2091064453125
endloop
endfacet
facet normal 0.8829402121285587 0.00014327571702028147 -0.4694854217954426
outer loop
vertex 387.5723571777344 2.5 635.7628173828125
vertex 388.0418395996094 2.5 636.645751953125
vertex 387.6897277832031 2.4000000953674316 635.9835205078125
endloop
endfacet
facet normal 0.8829491895381352 0.0 -0.46946855985672825
outer loop
vertex 387.6897277832031 2.4000000953674316 635.9835205078125
vertex 388.0418395996094 2.5 636.645751953125
vertex 388.0418395996094 2.4000000953674316 636.645751953125
endloop
endfacet
facet normal 0.17434497464900267 0.9284814377917909 0.3279116489097746
outer loop
vertex 387.6897277832031 2.4000000953674316 635.9835205078125
vertex 386.5423278808594 1.7000000476837158 638.5756225585938
vertex 390.2856140136719 2.4000000953674316 634.6033325195312
endloop
endfacet
facet normal 0.17437357736773776 0.9284621880694343 0.3279509427357944
outer loop
vertex 387.5723571777344 2.5 635.7628173828125
vertex 387.6897277832031 2.4000000953674316 635.9835205078125
vertex 390.1682434082031 2.5 634.382568359375
endloop
endfacet
facet normal 0.4694632405567483 -0.0 0.8829520178163459
outer loop
vertex 386.9822998046875 2.5 637.2091064453125
vertex 388.0418395996094 2.4000000953674316 636.645751953125
vertex 388.0418395996094 2.5 636.645751953125
endloop
endfacet
facet normal 0.8829474240683647 -8.771102651068747e-05 -0.469471872041143
outer loop
vertex 387.00250244140625 2.5 625.8726806640625
vertex 387.94146728515625 2.8499999046325684 627.6385498046875
vertex 391.2277526855469 2.5 633.8192138671875
endloop
endfacet
facet normal -0.0 1.0 0.0
outer loop
vertex 387.94146728515625 2.8499999046325684 627.6385498046875
vertex 389.6987609863281 2.8499999046325684 633.4996337890625
vertex 390.75830078125 2.8499999046325684 632.9362182617188
endloop
endfacet
facet normal -0.0 1.0 0.0
outer loop
vertex 388.1488342285156 2.5 624.130615234375
vertex 391.2277526855469 2.5 633.8192138671875
vertex 392.84356689453125 2.5 632.9600830078125
endloop
endfacet
facet normal 0.8829466772648069 -8.024206371954186e-05 -0.46947327790647264
outer loop
vertex 387.94146728515625 2.8499999046325684 627.6385498046875
vertex 390.75830078125 2.8499999046325684 632.9362182617188
vertex 391.6972351074219 2.5 634.7021484375
endloop
endfacet
facet normal 0.8829401524143913 -0.0003947024318902491 -0.46948539004365397
outer loop
vertex 387.94146728515625 2.8499999046325684 627.6385498046875
vertex 391.6972351074219 2.5 634.7021484375
vertex 391.2277526855469 2.5 633.8192138671875
endloop
endfacet
facet normal -0.882948921790148 -2.89169340421779e-05 0.4694690625306702
outer loop
vertex 386.8819274902344 2.8499999046325684 628.201904296875
vertex 390.6376953125 2.5 635.2655029296875
vertex 389.6987609863281 2.8499999046325684 633.4996337890625
endloop
endfacet
facet normal -0.8829528499085595 -0.0002212017340027511 0.46946162346686615
outer loop
vertex 386.8819274902344 2.8499999046325684 628.201904296875
vertex 390.1682434082031 2.5 634.382568359375
vertex 390.6376953125 2.5 635.2655029296875
endloop
endfacet
facet normal 0.1743351658139669 0.92848979487714 0.32789320024914104
outer loop
vertex 387.6897277832031 2.4000000953674316 635.9835205078125
vertex 390.2856140136719 2.4000000953674316 634.6033325195312
vertex 390.1682434082031 2.5 634.382568359375
endloop
endfacet
facet normal 0.08093410807079603 0.9850300780940278 0.15220189026703324
outer loop
vertex 389.6987609863281 2.8499999046325684 633.4996337890625
vertex 390.6376953125 2.5 635.2655029296875
vertex 390.75830078125 2.8499999046325684 632.9362182617188
endloop
endfacet
facet normal -0.8829528689665341 7.590443529041226e-05 0.4694616335998961
outer loop
vertex 390.1682434082031 2.5 634.382568359375
vertex 390.2856140136719 2.4000000953674316 634.6033325195312
vertex 390.6376953125 2.5 635.2655029296875
endloop
endfacet
facet normal -0.8829481199481273 0.0 0.4694705714739397
outer loop
vertex 390.2856140136719 2.4000000953674316 634.6033325195312
vertex 390.6376953125 2.4000000953674316 635.2655029296875
vertex 390.6376953125 2.5 635.2655029296875
endloop
endfacet
facet normal 0.17433995639500496 0.928489794824527 0.32789065328382805
outer loop
vertex 391.2277526855469 2.5 633.8192138671875
vertex 391.3451232910156 2.4000000953674316 634.0399780273438
vertex 392.84356689453125 2.5 632.9600830078125
endloop
endfacet
facet normal 0.08092515701718526 0.9850308668087774 0.15220154531309074
outer loop
vertex 390.75830078125 2.8499999046325684 632.9362182617188
vertex 390.6376953125 2.5 635.2655029296875
vertex 391.6972351074219 2.5 634.7021484375
endloop
endfacet
facet normal 0.0 -1.0 0.0
outer loop
vertex 390.2856140136719 2.4000000953674316 634.6033325195312
vertex 391.3451232910156 2.4000000953674316 634.0399780273438
vertex 391.6972351074219 2.4000000953674316 634.7021484375
endloop
endfacet
facet normal 0.0 -1.0 0.0
outer loop
vertex 390.2856140136719 2.4000000953674316 634.6033325195312
vertex 391.6972351074219 2.4000000953674316 634.7021484375
vertex 390.6376953125 2.4000000953674316 635.2655029296875
endloop
endfacet
facet normal 0.4694632405567483 0.0 0.8829520178163459
outer loop
vertex 391.6972351074219 2.4000000953674316 634.7021484375
vertex 390.6376953125 2.5 635.2655029296875
vertex 390.6376953125 2.4000000953674316 635.2655029296875
endloop
endfacet
facet normal 0.4694632405567483 -0.0 0.8829520178163459
outer loop
vertex 391.6972351074219 2.4000000953674316 634.7021484375
vertex 391.6972351074219 2.5 634.7021484375
vertex 390.6376953125 2.5 635.2655029296875
endloop
endfacet
facet normal 0.8829402121285587 -0.00014327571702028147 -0.4694854217954426
outer loop
vertex 391.2277526855469 2.5 633.8192138671875
vertex 391.6972351074219 2.5 634.7021484375
vertex 391.3451232910156 2.4000000953674316 634.0399780273438
endloop
endfacet
facet normal 0.8829312518772446 0.0 -0.469502294412372
outer loop
vertex 391.3451232910156 2.4000000953674316 634.0399780273438
vertex 391.6972351074219 2.5 634.7021484375
vertex 391.6972351074219 2.4000000953674316 634.7021484375
endloop
endfacet
facet normal 0.9941538559769537 0.0 -0.10797273103036004
outer loop
vertex 393.0761413574219 -1.7000000476837158 635.1015014648438
vertex 392.84356689453125 2.5 632.9600830078125
vertex 393.0761413574219 1.7000000476837158 635.1015014648438
endloop
endfacet
facet normal 0.17436295938519053 0.9284726234536602 0.3279270435501108
outer loop
vertex 386.5423278808594 1.7000000476837158 638.5756225585938
vertex 391.3451232910156 2.4000000953674316 634.0399780273438
vertex 390.2856140136719 2.4000000953674316 634.6033325195312
endloop
endfacet
facet normal 0.17437972458909556 0.928463691491597 0.3279434177324312
outer loop
vertex 386.5423278808594 1.7000000476837158 638.5756225585938
vertex 392.84356689453125 2.5 632.9600830078125
vertex 391.3451232910156 2.4000000953674316 634.0399780273438
endloop
endfacet
facet normal 0.17436273591420165 0.9284731397265368 0.32792570062570775
outer loop
vertex 386.5423278808594 1.7000000476837158 638.5756225585938
vertex 393.0761413574219 1.7000000476837158 635.1015014648438
vertex 392.84356689453125 2.5 632.9600830078125
endloop
endfacet
facet normal 0.4694748121700523 -0.0 0.8829458651230517
outer loop
vertex 393.0761413574219 -1.7000000476837158 635.1015014648438
vertex 393.0761413574219 1.7000000476837158 635.1015014648438
vertex 386.5423278808594 1.7000000476837158 638.5756225585938
endloop
endfacet
facet normal 0.8829472606292758 0.0 -0.4694721876184549
outer loop
vertex 373.451904296875 137.0 591.9397583007812
vertex 373.451904296875 146.0 591.9397583007812
vertex 381.8587951660156 149.0 607.7507934570312
endloop
endfacet
facet normal 0.8829475987854999 -4.299545784032403e-06 -0.4694715516199399
outer loop
vertex 371.56085205078125 149.0 588.3831787109375
vertex 381.8587951660156 149.0 607.7507934570312
vertex 373.451904296875 146.0 591.9397583007812
endloop
endfacet
facet normal 0.8829472606292759 0.0 -0.46947218761845494
outer loop
vertex 373.451904296875 137.0 591.9397583007812
vertex 381.8587951660156 149.0 607.7507934570312
vertex 381.8587951660156 137.0 607.7507934570312
endloop
endfacet
facet normal -0.0 1.0 0.0
outer loop
vertex 362.8511657714844 149.0 618.8638916015625
vertex 390.64654541015625 149.0 622.8025512695312
vertex 381.8587951660156 149.0 607.7507934570312
endloop
endfacet
facet normal 0.8635901020025877 0.0 -0.5041945415443926
outer loop
vertex 381.8587951660156 137.0 607.7507934570312
vertex 381.8587951660156 149.0 607.7507934570312
vertex 390.64654541015625 137.0 622.8025512695312
endloop
endfacet
facet normal 0.0 -1.0 0.0
outer loop
vertex 374.5732116699219 137.0 631.348876953125
vertex 381.8587951660156 137.0 607.7507934570312
vertex 390.64654541015625 137.0 622.8025512695312
endloop
endfacet
facet normal 0.46947081487041536 3.250697077085482e-06 0.8829479905262491
outer loop
vertex 374.5732116699219 137.0 631.348876953125
vertex 390.64654541015625 137.0 622.8025512695312
vertex 375.1773376464844 139.5 631.0276489257812
endloop
endfacet
facet normal 0.46946951287558664 1.0937248289950097e-05 0.8829486827447767
outer loop
vertex 372.0721435546875 146.5516357421875 632.6787109375
vertex 387.53863525390625 146.5 624.455078125
vertex 390.64654541015625 149.0 622.8025512695312
endloop
endfacet
facet normal 0.4694688935912609 -0.00022254311887627993 0.882948984044241
outer loop
vertex 372.0721435546875 146.5516357421875 632.6787109375
vertex 375.1773376464844 146.5 631.0276489257812
vertex 387.53863525390625 146.5 624.455078125
endloop
endfacet
facet normal 0.4694706368349253 0.0 0.8829480851951658
outer loop
vertex 372.0721435546875 146.5516357421875 632.6787109375
vertex 390.64654541015625 149.0 622.8025512695312
vertex 372.0721435546875 149.0 632.6787109375
endloop
endfacet
facet normal 0.8635901020025877 0.0 -0.5041945415443926
outer loop
vertex 381.8587951660156 149.0 607.7507934570312
vertex 390.64654541015625 149.0 622.8025512695312
vertex 390.64654541015625 137.0 622.8025512695312
endloop
endfacet
facet normal 0.46946890518331225 -1.1906282784710856e-05 0.8829490058458771
outer loop
vertex 390.64654541015625 137.0 622.8025512695312
vertex 387.53863525390625 139.5 624.455078125
vertex 375.1773376464844 139.5 631.0276489257812
endloop
endfacet
facet normal 0.4694763716992511 0.0 0.8829450358975389
outer loop
vertex 390.64654541015625 149.0 622.8025512695312
vertex 387.53863525390625 146.5 624.455078125
vertex 387.53863525390625 139.5 624.455078125
endloop
endfacet
facet normal 0.46947637169925116 -0.0 0.882945035897539
outer loop
vertex 390.64654541015625 137.0 622.8025512695312
vertex 390.64654541015625 149.0 622.8025512695312
vertex 387.53863525390625 139.5 624.455078125
endloop
endfacet
facet normal -0.0 -1.0 -0.0
outer loop
vertex 384.14080810546875 139.5 627.394287109375
vertex 375.1773376464844 139.5 631.0276489257812
vertex 385.2003479003906 139.5 626.8308715820312
endloop
endfacet
facet normal 0.0 0.9999999999999999 0.0
outer loop
vertex 378.4546203613281 146.5 630.4176635742188
vertex 387.53863525390625 146.5 624.455078125
vertex 375.1773376464844 146.5 631.0276489257812
endloop
endfacet
facet normal 0.0 1.0 0.0
outer loop
vertex 378.4546203613281 146.5 630.4176635742188
vertex 379.51416015625 146.5 629.8543090820312
vertex 387.53863525390625 146.5 624.455078125
endloop
endfacet
facet normal -0.0 -1.0 -0.0
outer loop
vertex 385.2003479003906 139.5 626.8308715820312
vertex 375.1773376464844 139.5 631.0276489257812
vertex 387.53863525390625 139.5 624.455078125
endloop
endfacet
facet normal 0.0 1.0 0.0
outer loop
vertex 379.51416015625 146.5 629.8543090820312
vertex 384.14080810546875 146.5 627.394287109375
vertex 387.53863525390625 146.5 624.455078125
endloop
endfacet
facet normal -0.8829467068513824 0.0 0.46947322911993516
outer loop
vertex 379.8720703125 139.5 639.8571166992188
vertex 375.1773376464844 146.5 631.0276489257812
vertex 375.1773376464844 139.5 631.0276489257812
endloop
endfacet
facet normal -0.0 -1.0 -0.0
outer loop
vertex 378.4546203613281 139.5 630.4176635742188
vertex 375.1773376464844 139.5 631.0276489257812
vertex 379.51416015625 139.5 629.8543090820312
endloop
endfacet
facet normal -0.0 -1.0 -0.0
outer loop
vertex 379.51416015625 139.5 629.8543090820312
vertex 375.1773376464844 139.5 631.0276489257812
vertex 384.14080810546875 139.5 627.394287109375
endloop
endfacet
facet normal -0.08092866354077341 -0.9850295596841765 -0.1522081402747623
outer loop
vertex 378.4546203613281 139.5 630.4176635742188
vertex 379.51416015625 139.5 629.8543090820312
vertex 379.3935546875 139.14999389648438 632.1835327148438
endloop
endfacet
facet normal -0.0 -1.0 0.0
outer loop
vertex 378.4546203613281 139.5 630.4176635742188
vertex 382.6798400878906 139.5 638.3641967773438
vertex 375.1773376464844 139.5 631.0276489257812
endloop
endfacet
facet normal -0.08092866354077341 0.9850295596841765 -0.1522081402747623
outer loop
vertex 378.4546203613281 146.5 630.4176635742188
vertex 379.3935546875 146.85000610351562 632.1835327148438
vertex 379.51416015625 146.5 629.8543090820312
endloop
endfacet
facet normal 0.0 1.0 -0.0
outer loop
vertex 378.4546203613281 146.5 630.4176635742188
vertex 375.1773376464844 146.5 631.0276489257812
vertex 379.8720703125 146.5 639.8571166992188
endloop
endfacet
facet normal 0.0 -1.0 -0.0
outer loop
vertex 379.8720703125 139.5 639.8571166992188
vertex 375.1773376464844 139.5 631.0276489257812
vertex 382.6798400878906 139.5 638.3641967773438
endloop
endfacet
facet normal -0.8829467068513824 0.0 0.46947322911993516
outer loop
vertex 379.8720703125 139.5 639.8571166992188
vertex 379.8720703125 146.5 639.8571166992188
vertex 375.1773376464844 146.5 631.0276489257812
endloop
endfacet
facet normal -0.08092866354077341 -0.9850295596841765 -0.1522081402747623
outer loop
vertex 379.51416015625 139.5 629.8543090820312
vertex 380.4530944824219 139.14999389648438 631.6201782226562
vertex 379.3935546875 139.14999389648438 632.1835327148438
endloop
endfacet
facet normal -0.882948832688296 -2.783159443040058e-05 0.4694692301735843
outer loop
vertex 378.4546203613281 139.5 630.4176635742188
vertex 379.3935546875 139.14999389648438 632.1835327148438
vertex 382.6798400878906 139.5 638.3641967773438
endloop
endfacet
facet normal 0.0 -1.0 0.0
outer loop
vertex 379.3935546875 139.14999389648438 632.1835327148438
vertex 380.4530944824219 139.14999389648438 631.6201782226562
vertex 382.21038818359375 139.14999389648438 637.4812622070312
endloop
endfacet
facet normal 0.882948832688296 2.783159443040058e-05 -0.4694692301735843
outer loop
vertex 379.51416015625 139.5 629.8543090820312
vertex 383.7393798828125 139.5 637.8008422851562
vertex 380.4530944824219 139.14999389648438 631.6201782226562
endloop
endfacet
facet normal -0.08092866354077341 0.9850295596841765 -0.1522081402747623
outer loop
vertex 379.51416015625 146.5 629.8543090820312
vertex 379.3935546875 146.85000610351562 632.1835327148438
vertex 380.4530944824219 146.85000610351562 631.6201782226562
endloop
endfacet
facet normal -0.882948832688296 2.783159443040058e-05 0.4694692301735843
outer loop
vertex 378.4546203613281 146.5 630.4176635742188
vertex 382.6798400878906 146.5 638.3641967773438
vertex 379.3935546875 146.85000610351562 632.1835327148438
endloop
endfacet
facet normal -0.0 1.0 0.0
outer loop
vertex 379.3935546875 146.85000610351562 632.1835327148438
vertex 382.21038818359375 146.85000610351562 637.4812622070312
vertex 380.4530944824219 146.85000610351562 631.6201782226562
endloop
endfacet
facet normal 0.882948832688296 -2.783159443040058e-05 -0.4694692301735843
outer loop
vertex 379.51416015625 146.5 629.8543090820312
vertex 380.4530944824219 146.85000610351562 631.6201782226562
vertex 383.7393798828125 146.5 637.8008422851562
endloop
endfacet
facet normal 0.0 -1.0 0.0
outer loop
vertex 379.51416015625 139.5 629.8543090820312
vertex 384.14080810546875 139.5 627.394287109375
vertex 388.36602783203125 139.5 635.3407592773438
endloop
endfacet
facet normal 0.0 -1.0 0.0
outer loop
vertex 379.51416015625 139.5 629.8543090820312
vertex 388.36602783203125 139.5 635.3407592773438
vertex 383.7393798828125 139.5 637.8008422851562
endloop
endfacet
facet normal -0.0 1.0 0.0
outer loop
vertex 379.51416015625 146.5 629.8543090820312
vertex 383.7393798828125 146.5 637.8008422851562
vertex 384.14080810546875 146.5 627.394287109375
endloop
endfacet
facet normal -0.8829489217901609 2.8916421900559413e-05 0.46946906253067716
outer loop
vertex 379.3935546875 139.14999389648438 632.1835327148438
vertex 382.21038818359375 139.14999389648438 637.4812622070312
vertex 383.1493225097656 139.5 639.2471313476562
endloop
endfacet
facet normal -0.8829401524168273 -0.00039469544140119264 0.4694853900449492
outer loop
vertex 379.3935546875 139.14999389648438 632.1835327148438
vertex 383.1493225097656 139.5 639.2471313476562
vertex 382.6798400878906 139.5 638.3641967773438
endloop
endfacet
facet normal 0.17434288981755425 -0.9284891947938775 0.32789079267506294
outer loop
vertex 379.8720703125 139.5 639.8571166992188
vertex 382.6798400878906 139.5 638.3641967773438
vertex 382.7972412109375 139.60000610351562 638.5849609375
endloop
endfacet
facet normal -0.0 0.9999999999999999 0.0
outer loop
vertex 378.4546203613281 146.5 630.4176635742188
vertex 379.8720703125 146.5 639.8571166992188
vertex 382.6798400878906 146.5 638.3641967773438
endloop
endfacet
facet normal -0.8829401524168273 0.00039469544140119264 0.4694853900449492
outer loop
vertex 379.3935546875 146.85000610351562 632.1835327148438
vertex 382.6798400878906 146.5 638.3641967773438
vertex 383.1493225097656 146.5 639.2471313476562
endloop
endfacet
facet normal -0.8829489217901609 -2.8916421900559413e-05 0.46946906253067716
outer loop
vertex 379.3935546875 146.85000610351562 632.1835327148438
vertex 383.1493225097656 146.5 639.2471313476562
vertex 382.21038818359375 146.85000610351562 637.4812622070312
endloop
endfacet
facet normal -0.6454340295772067 0.0 0.7638160206906697
outer loop
vertex 379.8720703125 139.5 639.8571166992188
vertex 381.51739501953125 145.6999969482422 641.2474365234375
vertex 379.8720703125 146.5 639.8571166992188
endloop
endfacet
facet normal -0.6454340295772069 0.0 0.7638160206906697
outer loop
vertex 379.8720703125 139.5 639.8571166992188
vertex 381.51739501953125 140.3000030517578 641.2474365234375
vertex 381.51739501953125 145.6999969482422 641.2474365234375
endloop
endfacet
facet normal 0.17434288981755425 0.9284891947938775 0.32789079267506294
outer loop
vertex 379.8720703125 146.5 639.8571166992188
vertex 382.7972412109375 146.39999389648438 638.5849609375
vertex 382.6798400878906 146.5 638.3641967773438
endloop
endfacet
facet normal 0.17435508511977005 0.928476653339416 0.3279198202251819
outer loop
vertex 379.8720703125 146.5 639.8571166992188
vertex 381.51739501953125 145.6999969482422 641.2474365234375
vertex 382.7972412109375 146.39999389648438 638.5849609375
endloop
endfacet
facet normal 0.0 -1.0 0.0
outer loop
vertex 380.4530944824219 139.14999389648438 631.6201782226562
vertex 383.2699279785156 139.14999389648438 636.9179077148438
vertex 382.21038818359375 139.14999389648438 637.4812622070312
endloop
endfacet
facet normal 0.8829489217901609 -2.8916421900559413e-05 -0.46946906253067716
outer loop
vertex 380.4530944824219 139.14999389648438 631.6201782226562
vertex 384.2088623046875 139.5 638.6837768554688
vertex 383.2699279785156 139.14999389648438 636.9179077148438
endloop
endfacet
facet normal 0.8829401524168273 0.00039469544140119264 -0.4694853900449492
outer loop
vertex 380.4530944824219 139.14999389648438 631.6201782226562
vertex 383.7393798828125 139.5 637.8008422851562
vertex 384.2088623046875 139.5 638.6837768554688
endloop
endfacet
facet normal 0.08092866354077341 -0.9850295596841765 0.1522081402747623
outer loop
vertex 382.21038818359375 139.14999389648438 637.4812622070312
vertex 383.2699279785156 139.14999389648438 636.9179077148438
vertex 383.1493225097656 139.5 639.2471313476562
endloop
endfacet
facet normal 0.8829402121296821 -0.00014326683606836742 -0.46948542179604
outer loop
vertex 383.7393798828125 139.5 637.8008422851562
vertex 383.85675048828125 139.60000610351562 638.0215454101562
vertex 384.2088623046875 139.5 638.6837768554688
endloop
endfacet
facet normal -0.8829402141634679 0.00012616868821666277 0.4694854228774641
outer loop
vertex 382.6798400878906 139.5 638.3641967773438
vertex 383.1493225097656 139.5 639.2471313476562
vertex 382.7972412109375 139.60000610351562 638.5849609375
endloop
endfacet
facet normal -0.8829481199481272 0.0 0.4694705714739397
outer loop
vertex 382.7972412109375 139.60000610351562 638.5849609375
vertex 383.1493225097656 139.5 639.2471313476562
vertex 383.1493225097656 139.60000610351562 639.2471313476562
endloop
endfacet
facet normal -0.0 1.0 0.0
outer loop
vertex 382.7972412109375 139.60000610351562 638.5849609375
vertex 383.1493225097656 139.60000610351562 639.2471313476562
vertex 383.85675048828125 139.60000610351562 638.0215454101562
endloop
endfacet
facet normal 0.08092866354077341 -0.9850295596841765 0.1522081402747623
outer loop
vertex 383.2699279785156 139.14999389648438 636.9179077148438
vertex 384.2088623046875 139.5 638.6837768554688
vertex 383.1493225097656 139.5 639.2471313476562
endloop
endfacet
facet normal 0.4694632405567484 0.0 0.882952017816346
outer loop
vertex 383.1493225097656 139.5 639.2471313476562
vertex 384.2088623046875 139.60000610351562 638.6837768554688
vertex 383.1493225097656 139.60000610351562 639.2471313476562
endloop
endfacet
facet normal 0.0 1.0 0.0
outer loop
vertex 383.1493225097656 139.60000610351562 639.2471313476562
vertex 384.2088623046875 139.60000610351562 638.6837768554688
vertex 383.85675048828125 139.60000610351562 638.0215454101562
endloop
endfacet
facet normal 0.4694632405567484 -0.0 0.882952017816346
outer loop
vertex 383.1493225097656 139.5 639.2471313476562
vertex 384.2088623046875 139.5 638.6837768554688
vertex 384.2088623046875 139.60000610351562 638.6837768554688
endloop
endfacet
facet normal 0.882949189538135 0.0 -0.46946855985672814
outer loop
vertex 383.85675048828125 139.60000610351562 638.0215454101562
vertex 384.2088623046875 139.60000610351562 638.6837768554688
vertex 384.2088623046875 139.5 638.6837768554688
endloop
endfacet
facet normal -0.0 1.0 0.0
outer loop
vertex 380.4530944824219 146.85000610351562 631.6201782226562
vertex 382.21038818359375 146.85000610351562 637.4812622070312
vertex 383.2699279785156 146.85000610351562 636.9179077148438
endloop
endfacet
facet normal 0.8829401524168273 -0.00039469544140119264 -0.4694853900449492
outer loop
vertex 380.4530944824219 146.85000610351562 631.6201782226562
vertex 384.2088623046875 146.5 638.6837768554688
vertex 383.7393798828125 146.5 637.8008422851562
endloop
endfacet
facet normal 0.8829489217901609 2.8916421900559413e-05 -0.46946906253067716
outer loop
vertex 380.4530944824219 146.85000610351562 631.6201782226562
vertex 383.2699279785156 146.85000610351562 636.9179077148438
vertex 384.2088623046875 146.5 638.6837768554688
endloop
endfacet
facet normal 0.08092866354077341 0.9850295596841765 0.1522081402747623
outer loop
vertex 382.21038818359375 146.85000610351562 637.4812622070312
vertex 383.1493225097656 146.5 639.2471313476562
vertex 383.2699279785156 146.85000610351562 636.9179077148438
endloop
endfacet
facet normal 0.8829402121296821 0.00014326683606836742 -0.46948542179604
outer loop
vertex 383.7393798828125 146.5 637.8008422851562
vertex 384.2088623046875 146.5 638.6837768554688
vertex 383.85675048828125 146.39999389648438 638.0215454101562
endloop
endfacet
facet normal -0.8829402141634679 -0.00012616868821666277 0.4694854228774641
outer loop
vertex 382.6798400878906 146.5 638.3641967773438
vertex 382.7972412109375 146.39999389648438 638.5849609375
vertex 383.1493225097656 146.5 639.2471313476562
endloop
endfacet
facet normal 0.174384098292979 0.9284671603166919 0.3279312709639067
outer loop
vertex 381.51739501953125 145.6999969482422 641.2474365234375
vertex 383.85675048828125 146.39999389648438 638.0215454101562
vertex 382.7972412109375 146.39999389648438 638.5849609375
endloop
endfacet
facet normal -0.8829481199481272 0.0 0.4694705714739397
outer loop
vertex 382.7972412109375 146.39999389648438 638.5849609375
vertex 383.1493225097656 146.39999389648438 639.2471313476562
vertex 383.1493225097656 146.5 639.2471313476562
endloop
endfacet
facet normal 0.08092866354077341 0.9850295596841765 0.1522081402747623
outer loop
vertex 383.2699279785156 146.85000610351562 636.9179077148438
vertex 383.1493225097656 146.5 639.2471313476562
vertex 384.2088623046875 146.5 638.6837768554688
endloop
endfacet
facet normal 0.0 -1.0 0.0
outer loop
vertex 382.7972412109375 146.39999389648438 638.5849609375
vertex 384.2088623046875 146.39999389648438 638.6837768554688
vertex 383.1493225097656 146.39999389648438 639.2471313476562
endloop
endfacet
facet normal 0.4694632405567484 0.0 0.882952017816346
outer loop
vertex 383.1493225097656 146.39999389648438 639.2471313476562
vertex 384.2088623046875 146.39999389648438 638.6837768554688
vertex 383.1493225097656 146.5 639.2471313476562
endloop
endfacet
facet normal 0.0 -1.0 0.0
outer loop
vertex 382.7972412109375 146.39999389648438 638.5849609375
vertex 383.85675048828125 146.39999389648438 638.0215454101562
vertex 384.2088623046875 146.39999389648438 638.6837768554688
endloop
endfacet
facet normal 0.4694632405567484 -0.0 0.882952017816346
outer loop
vertex 383.1493225097656 146.5 639.2471313476562
vertex 384.2088623046875 146.39999389648438 638.6837768554688
vertex 384.2088623046875 146.5 638.6837768554688
endloop
endfacet
facet normal 0.882949189538135 0.0 -0.46946855985672814
outer loop
vertex 383.85675048828125 146.39999389648438 638.0215454101562
vertex 384.2088623046875 146.5 638.6837768554688
vertex 384.2088623046875 146.39999389648438 638.6837768554688
endloop
endfacet
facet normal -0.08093549890621987 -0.9850295596699797 -0.1522045058241278
outer loop
vertex 384.14080810546875 139.5 627.394287109375
vertex 385.2003479003906 139.5 626.8308715820312
vertex 385.0797424316406 139.14999389648438 629.16015625
endloop
endfacet
facet normal -0.08092654770101423 -0.9850303484114221 -0.152204160868446
outer loop
vertex 385.2003479003906 139.5 626.8308715820312
vertex 386.1392822265625 139.14999389648438 628.5968017578125
vertex 385.0797424316406 139.14999389648438 629.16015625
endloop
endfacet
facet normal -0.08093549890621987 0.9850295596699797 -0.1522045058241278
outer loop
vertex 384.14080810546875 146.5 627.394287109375
vertex 385.0797424316406 146.85000610351562 629.16015625
vertex 385.2003479003906 146.5 626.8308715820312
endloop
endfacet
facet normal 0.0 1.0 0.0
outer loop
vertex 384.14080810546875 146.5 627.394287109375
vertex 385.2003479003906 146.5 626.8308715820312
vertex 387.53863525390625 146.5 624.455078125
endloop
endfacet
facet normal -0.08092654770101423 0.9850303484114221 -0.152204160868446
outer loop
vertex 385.2003479003906 146.5 626.8308715820312
vertex 385.0797424316406 146.85000610351562 629.16015625
vertex 386.1392822265625 146.85000610351562 628.5968017578125
endloop
endfacet
facet normal 0.0 -1.0 0.0
outer loop
vertex 385.2003479003906 139.5 626.8308715820312
vertex 387.53863525390625 139.5 624.455078125
vertex 392.23333740234375 139.5 633.2844848632812
endloop
endfacet
facet normal -0.0 1.0 0.0
outer loop
vertex 385.2003479003906 146.5 626.8308715820312
vertex 392.23333740234375 146.5 633.2844848632812
vertex 387.53863525390625 146.5 624.455078125
endloop
endfacet
facet normal 0.8829466266189434 0.0 -0.4694733800144883
outer loop
vertex 392.23333740234375 146.5 633.2844848632812
vertex 387.53863525390625 139.5 624.455078125
vertex 387.53863525390625 146.5 624.455078125
endloop
endfacet
facet normal -0.882947338282264 -9.638938080628098e-06 0.4694720414756942
outer loop
vertex 384.14080810546875 139.5 627.394287109375
vertex 385.0797424316406 139.14999389648438 629.16015625
vertex 388.36602783203125 139.5 635.3407592773438
endloop
endfacet
facet normal 0.0 -1.0 0.0
outer loop
vertex 385.0797424316406 139.14999389648438 629.16015625
vertex 386.1392822265625 139.14999389648438 628.5968017578125
vertex 387.8965759277344 139.14999389648438 634.4578247070312
endloop
endfacet
facet normal -0.882947338282264 9.638938080628098e-06 0.4694720414756942
outer loop
vertex 384.14080810546875 146.5 627.394287109375
vertex 388.36602783203125 146.5 635.3407592773438
vertex 385.0797424316406 146.85000610351562 629.16015625
endloop
endfacet
facet normal -0.0 1.0 0.0
outer loop
vertex 385.0797424316406 146.85000610351562 629.16015625
vertex 387.8965759277344 146.85000610351562 634.4578247070312
vertex 386.1392822265625 146.85000610351562 628.5968017578125
endloop
endfacet
facet normal -0.0 0.9999999999999999 -0.0
outer loop
vertex 384.14080810546875 146.5 627.394287109375
vertex 383.7393798828125 146.5 637.8008422851562
vertex 388.36602783203125 146.5 635.3407592773438
endloop
endfacet
facet normal 0.8829488317412085 -5.403591447904332e-05 -0.4694692296700122
outer loop
vertex 385.2003479003906 139.5 626.8308715820312
vertex 389.4255676269531 139.5 634.7774047851562
vertex 386.1392822265625 139.14999389648438 628.5968017578125
endloop
endfacet
facet normal -0.8829466772649076 -8.02406425695647e-05 0.4694732779065262
outer loop
vertex 385.0797424316406 139.14999389648438 629.16015625
vertex 387.8965759277344 139.14999389648438 634.4578247070312
vertex 388.83551025390625 139.5 636.2237548828125
endloop
endfacet
facet normal -0.8829536434509149 0.0002602371960332239 0.4694601109714825
outer loop
vertex 385.0797424316406 139.14999389648438 629.16015625
vertex 388.83551025390625 139.5 636.2237548828125
vertex 388.36602783203125 139.5 635.3407592773438
endloop
endfacet
facet normal 0.0 -1.0 0.0
outer loop
vertex 386.1392822265625 139.14999389648438 628.5968017578125
vertex 388.95611572265625 139.14999389648438 633.8944702148438
vertex 387.8965759277344 139.14999389648438 634.4578247070312
endloop
endfacet
facet normal 0.8829466772649076 8.02406425695647e-05 -0.4694732779065262
outer loop
vertex 386.1392822265625 139.14999389648438 628.5968017578125
vertex 389.8950500488281 139.5 635.660400390625
vertex 388.95611572265625 139.14999389648438 633.8944702148438
endloop
endfacet
facet normal 0.8829536434509149 -0.0002602371960332239 -0.4694601109714825
outer loop
vertex 386.1392822265625 139.14999389648438 628.5968017578125
vertex 389.4255676269531 139.5 634.7774047851562
vertex 389.8950500488281 139.5 635.660400390625
endloop
endfacet
facet normal 0.08092654770101423 -0.9850303484114221 0.152204160868446
outer loop
vertex 387.8965759277344 139.14999389648438 634.4578247070312
vertex 388.95611572265625 139.14999389648438 633.8944702148438
vertex 388.83551025390625 139.5 636.2237548828125
endloop
endfacet
facet normal 0.8829488317412085 5.403591447904332e-05 -0.4694692296700122
outer loop
vertex 385.2003479003906 146.5 626.8308715820312
vertex 386.1392822265625 146.85000610351562 628.5968017578125
vertex 389.4255676269531 146.5 634.7774047851562
endloop
endfacet
facet normal -0.8829536434509149 -0.0002602371960332239 0.4694601109714825
outer loop
vertex 385.0797424316406 146.85000610351562 629.16015625
vertex 388.36602783203125 146.5 635.3407592773438
vertex 388.83551025390625 146.5 636.2237548828125
endloop
endfacet
facet normal -0.8829466772649076 8.02406425695647e-05 0.4694732779065262
outer loop
vertex 385.0797424316406 146.85000610351562 629.16015625
vertex 388.83551025390625 146.5 636.2237548828125
vertex 387.8965759277344 146.85000610351562 634.4578247070312
endloop
endfacet
facet normal -0.0 1.0 0.0
outer loop
vertex 386.1392822265625 146.85000610351562 628.5968017578125
vertex 387.8965759277344 146.85000610351562 634.4578247070312
vertex 388.95611572265625 146.85000610351562 633.8944702148438
endloop
endfacet
facet normal 0.8829536434509149 0.0002602371960332239 -0.4694601109714825
outer loop
vertex 386.1392822265625 146.85000610351562 628.5968017578125
vertex 389.8950500488281 146.5 635.660400390625
vertex 389.4255676269531 146.5 634.7774047851562
endloop
endfacet
facet normal 0.8829466772649076 -8.02406425695647e-05 -0.4694732779065262
outer loop
vertex 386.1392822265625 146.85000610351562 628.5968017578125
vertex 388.95611572265625 146.85000610351562 633.8944702148438
vertex 389.8950500488281 146.5 635.660400390625
endloop
endfacet
facet normal 0.08092654770101423 0.9850303484114221 0.152204160868446
outer loop
vertex 387.8965759277344 146.85000610351562 634.4578247070312
vertex 388.83551025390625 146.5 636.2237548828125
vertex 388.95611572265625 146.85000610351562 633.8944702148438
endloop
endfacet
facet normal 0.1743831262670235 -0.9284542478523098 0.3279683443845474
outer loop
vertex 383.7393798828125 139.5 637.8008422851562
vertex 388.4833984375 139.60000610351562 635.5615234375
vertex 383.85675048828125 139.60000610351562 638.0215454101562
endloop
endfacet
facet normal 0.17436944278443353 -0.9284618865149957 0.3279539948103412
outer loop
vertex 379.8720703125 139.5 639.8571166992188
vertex 382.7972412109375 139.60000610351562 638.5849609375
vertex 392.4659423828125 140.3000030517578 635.4259643554688
endloop
endfacet
facet normal 0.17433558549070874 -0.9285084870016045 0.32784004209004586
outer loop
vertex 382.7972412109375 139.60000610351562 638.5849609375
vertex 383.85675048828125 139.60000610351562 638.0215454101562
vertex 392.4659423828125 140.3000030517578 635.4259643554688
endloop
endfacet
facet normal 0.17438649913058069 0.9284542479440377 0.327966550726825
outer loop
vertex 383.7393798828125 146.5 637.8008422851562
vertex 383.85675048828125 146.39999389648438 638.0215454101562
vertex 388.36602783203125 146.5 635.3407592773438
endloop
endfacet
facet normal 0.17435748084908184 -0.9284771116290409 0.32791724878840367
outer loop
vertex 379.8720703125 139.5 639.8571166992188
vertex 392.4659423828125 140.3000030517578 635.4259643554688
vertex 381.51739501953125 140.3000030517578 641.2474365234375
endloop
endfacet
facet normal 0.46947321451734497 0.0 0.8829467146157525
outer loop
vertex 381.51739501953125 140.3000030517578 641.2474365234375
vertex 392.4659423828125 140.3000030517578 635.4259643554688
vertex 381.51739501953125 145.6999969482422 641.2474365234375
endloop
endfacet
facet normal 0.17435285269205475 0.9284800436049445 0.3279114078306867
outer loop
vertex 381.51739501953125 145.6999969482422 641.2474365234375
vertex 388.4833984375 146.39999389648438 635.5615234375
vertex 383.85675048828125 146.39999389648438 638.0215454101562
endloop
endfacet
facet normal 0.17435409635392254 -0.9284818572345364 0.327905611222061
outer loop
vertex 383.7393798828125 139.5 637.8008422851562
vertex 388.36602783203125 139.5 635.3407592773438
vertex 388.4833984375 139.60000610351562 635.5615234375
endloop
endfacet
facet normal -0.8829536710841003 -7.162955838630588e-05 0.46946012566384876
outer loop
vertex 388.36602783203125 139.5 635.3407592773438
vertex 388.83551025390625 139.5 636.2237548828125
vertex 388.4833984375 139.60000610351562 635.5615234375
endloop
endfacet
facet normal 0.1743507239399028 0.9284818572937962 0.327907404213285
outer loop
vertex 383.85675048828125 146.39999389648438 638.0215454101562
vertex 388.4833984375 146.39999389648438 635.5615234375
vertex 388.36602783203125 146.5 635.3407592773438
endloop
endfacet
facet normal 0.17434452050199775 0.9284849979173727 0.3279018097133727
outer loop
vertex 381.51739501953125 145.6999969482422 641.2474365234375
vertex 389.5429382324219 146.39999389648438 634.9981689453125
vertex 388.4833984375 146.39999389648438 635.5615234375
endloop
endfacet
facet normal 0.17435670760042077 -0.928476759172095 0.3279186578894603
outer loop
vertex 383.85675048828125 139.60000610351562 638.0215454101562
vertex 388.4833984375 139.60000610351562 635.5615234375
vertex 392.4659423828125 140.3000030517578 635.4259643554688
endloop
endfacet
facet normal 0.17436207657100966 0.9284741669824275 0.32792314267238404
outer loop
vertex 381.51739501953125 145.6999969482422 641.2474365234375
vertex 392.23333740234375 146.5 633.2844848632812
vertex 389.5429382324219 146.39999389648438 634.9981689453125
endloop
endfacet
facet normal -0.8829536710841003 7.162955838630588e-05 0.46946012566384876
outer loop
vertex 388.4833984375 146.39999389648438 635.5615234375
vertex 388.83551025390625 146.5 636.2237548828125
vertex 388.36602783203125 146.5 635.3407592773438
endloop
endfacet
facet normal 0.0 -0.9999999999999999 0.0
outer loop
vertex 385.2003479003906 139.5 626.8308715820312
vertex 392.23333740234375 139.5 633.2844848632812
vertex 389.4255676269531 139.5 634.7774047851562
endloop
endfacet
facet normal 0.8829536710841003 7.162955838630588e-05 -0.46946012566384876
outer loop
vertex 389.4255676269531 139.5 634.7774047851562
vertex 389.5429382324219 139.60000610351562 634.9981689453125
vertex 389.8950500488281 139.5 635.660400390625
endloop
endfacet
facet normal 0.17435150230557514 -0.928481857281321 0.32790699038480053
outer loop
vertex 389.4255676269531 139.5 634.7774047851562
vertex 392.23333740234375 139.5 633.2844848632812
vertex 389.5429382324219 139.60000610351562 634.9981689453125
endloop
endfacet
facet normal -0.0 0.9999999999999999 0.0
outer loop
vertex 385.2003479003906 146.5 626.8308715820312
vertex 389.4255676269531 146.5 634.7774047851562
vertex 392.23333740234375 146.5 633.2844848632812
endloop
endfacet
facet normal 0.8829466266189434 0.0 -0.4694733800144883
outer loop
vertex 392.23333740234375 139.5 633.2844848632812
vertex 387.53863525390625 139.5 624.455078125
vertex 392.23333740234375 146.5 633.2844848632812
endloop
endfacet
facet normal 0.8829536710841003 -7.162955838630588e-05 -0.46946012566384876
outer loop
vertex 389.5429382324219 146.39999389648438 634.9981689453125
vertex 389.4255676269531 146.5 634.7774047851562
vertex 389.8950500488281 146.5 635.660400390625
endloop
endfacet
facet normal 0.17435150230557514 0.928481857281321 0.32790699038480053
outer loop
vertex 389.5429382324219 146.39999389648438 634.9981689453125
vertex 392.23333740234375 146.5 633.2844848632812
vertex 389.4255676269531 146.5 634.7774047851562
endloop
endfacet
facet normal 0.17435815901651006 -0.9284770161379715 0.32791715857500164
outer loop
vertex 389.5429382324219 139.60000610351562 634.9981689453125
vertex 392.23333740234375 139.5 633.2844848632812
vertex 392.4659423828125 140.3000030517578 635.4259643554688
endloop
endfacet
facet normal 0.9941526654992479 0.0 -0.10798369173509757
outer loop
vertex 392.23333740234375 139.5 633.2844848632812
vertex 392.23333740234375 146.5 633.2844848632812
vertex 392.4659423828125 140.3000030517578 635.4259643554688
endloop
endfacet
facet normal 0.9941526654992479 0.0 -0.10798369173509759
outer loop
vertex 392.4659423828125 140.3000030517578 635.4259643554688
vertex 392.23333740234375 146.5 633.2844848632812
vertex 392.4659423828125 145.6999969482422 635.4259643554688
endloop
endfacet
facet normal -0.0 1.0 0.0
outer loop
vertex 388.4833984375 139.60000610351562 635.5615234375
vertex 388.83551025390625 139.60000610351562 636.2237548828125
vertex 389.5429382324219 139.60000610351562 634.9981689453125
endloop
endfacet
facet normal -0.882949189538135 0.0 0.46946855985672814
outer loop
vertex 388.4833984375 139.60000610351562 635.5615234375
vertex 388.83551025390625 139.5 636.2237548828125
vertex 388.83551025390625 139.60000610351562 636.2237548828125
endloop
endfacet
facet normal 0.08092654770101423 -0.9850303484114221 0.152204160868446
outer loop
vertex 388.95611572265625 139.14999389648438 633.8944702148438
vertex 389.8950500488281 139.5 635.660400390625
vertex 388.83551025390625 139.5 636.2237548828125
endloop
endfacet
facet normal 0.0 1.0 0.0
outer loop
vertex 388.83551025390625 139.60000610351562 636.2237548828125
vertex 389.8950500488281 139.60000610351562 635.660400390625
vertex 389.5429382324219 139.60000610351562 634.9981689453125
endloop
endfacet
facet normal 0.4694632405567484 -0.0 0.882952017816346
outer loop
vertex 388.83551025390625 139.5 636.2237548828125
vertex 389.8950500488281 139.5 635.660400390625
vertex 389.8950500488281 139.60000610351562 635.660400390625
endloop
endfacet
facet normal 0.4694632405567484 0.0 0.882952017816346
outer loop
vertex 388.83551025390625 139.5 636.2237548828125
vertex 389.8950500488281 139.60000610351562 635.660400390625
vertex 388.83551025390625 139.60000610351562 636.2237548828125
endloop
endfacet
facet normal 0.882949189538135 0.0 -0.46946855985672814
outer loop
vertex 389.5429382324219 139.60000610351562 634.9981689453125
vertex 389.8950500488281 139.60000610351562 635.660400390625
vertex 389.8950500488281 139.5 635.660400390625
endloop
endfacet
facet normal 0.46947321451734497 -0.0 0.8829467146157525
outer loop
vertex 381.51739501953125 145.6999969482422 641.2474365234375
vertex 392.4659423828125 140.3000030517578 635.4259643554688
vertex 392.4659423828125 145.6999969482422 635.4259643554688
endloop
endfacet
facet normal 0.0 -1.0 0.0
outer loop
vertex 388.4833984375 146.39999389648438 635.5615234375
vertex 389.8950500488281 146.39999389648438 635.660400390625
vertex 388.83551025390625 146.39999389648438 636.2237548828125
endloop
endfacet
facet normal -0.882949189538135 0.0 0.46946855985672814
outer loop
vertex 388.4833984375 146.39999389648438 635.5615234375
vertex 388.83551025390625 146.39999389648438 636.2237548828125
vertex 388.83551025390625 146.5 636.2237548828125
endloop
endfacet
facet normal 0.17435748913525698 0.9284771045690868 0.3279172643723622
outer loop
vertex 381.51739501953125 145.6999969482422 641.2474365234375
vertex 392.4659423828125 145.6999969482422 635.4259643554688
vertex 392.23333740234375 146.5 633.2844848632812
endloop
endfacet
facet normal 0.08092654770101423 0.9850303484114221 0.152204160868446
outer loop
vertex 388.95611572265625 146.85000610351562 633.8944702148438
vertex 388.83551025390625 146.5 636.2237548828125
vertex 389.8950500488281 146.5 635.660400390625
endloop
endfacet
facet normal 0.0 -1.0 0.0
outer loop
vertex 388.4833984375 146.39999389648438 635.5615234375
vertex 389.5429382324219 146.39999389648438 634.9981689453125
vertex 389.8950500488281 146.39999389648438 635.660400390625
endloop
endfacet
facet normal 0.4694632405567484 -0.0 0.882952017816346
outer loop
vertex 388.83551025390625 146.5 636.2237548828125
vertex 389.8950500488281 146.39999389648438 635.660400390625
vertex 389.8950500488281 146.5 635.660400390625
endloop
endfacet
facet normal 0.4694632405567484 0.0 0.882952017816346
outer loop
vertex 388.83551025390625 146.39999389648438 636.2237548828125
vertex 389.8950500488281 146.39999389648438 635.660400390625
vertex 388.83551025390625 146.5 636.2237548828125
endloop
endfacet
facet normal 0.1743565507666624 -0.928474747942764 0.327924435864992
outer loop
vertex 388.4833984375 139.60000610351562 635.5615234375
vertex 389.5429382324219 139.60000610351562 634.9981689453125
vertex 392.4659423828125 140.3000030517578 635.4259643554688
endloop
endfacet
facet normal 0.882949189538135 0.0 -0.46946855985672814
outer loop
vertex 389.5429382324219 146.39999389648438 634.9981689453125
vertex 389.8950500488281 146.5 635.660400390625
vertex 389.8950500488281 146.39999389648438 635.660400390625
endloop
endfacet

endsolid
