solid 
facet normal -0.5047293215403015 0.0 -0.8632776563640849
outer loop
vertex 6.126972198486328 0.0 11.113101482391357
vertex 6.126972198486328 12.0 11.113101482391357
vertex 17.223468780517578 2.1999969482421875 4.625354290008545
endloop
endfacet
facet normal -0.5047293104593709 -7.499615126905657e-08 -0.8632776628427277
outer loop
vertex 6.126972198486328 0.0 11.113101482391357
vertex 17.223468780517578 2.1999969482421875 4.625354290008545
vertex 25.134571075439453 0.0 0.0
endloop
endfacet
facet normal -0.5047293104593709 7.499615126905657e-08 -0.8632776628427277
outer loop
vertex 6.126972198486328 12.0 11.113101482391357
vertex 25.134571075439453 12.0 0.0
vertex 17.223468780517578 9.800003051757812 4.625354290008545
endloop
endfacet
facet normal -0.5047293215403014 -0.0 -0.8632776563640849
outer loop
vertex 6.126972198486328 12.0 11.113101482391357
vertex 17.223468780517578 9.800003051757812 4.625354290008545
vertex 17.223468780517578 2.1999969482421875 4.625354290008545
endloop
endfacet
facet normal -0.8829476164397082 0.0 0.46947151843688845
outer loop
vertex 6.126972198486328 0.0 11.113101482391357
vertex 16.324440002441406 3.0 30.291751384735107
vertex 6.126972198486328 12.0 11.113101482391357
endloop
endfacet
facet normal 0.0 -1.0 0.0
outer loop
vertex 6.126972198486328 0.0 11.113101482391357
vertex 25.134571075439453 0.0 0.0
vertex 16.424907684326172 0.0 30.480700969696045
endloop
endfacet
facet normal -0.0 0.9999999999999999 0.0
outer loop
vertex 6.126972198486328 12.0 11.113101482391357
vertex 16.324440002441406 12.0 30.291751384735107
vertex 25.134571075439453 12.0 0.0
endloop
endfacet
facet normal -0.8829475896501028 -4.131594229878881e-07 0.46947156882062946
outer loop
vertex 6.126972198486328 0.0 11.113101482391357
vertex 16.424907684326172 0.0 30.480700969696045
vertex 16.324440002441406 3.0 30.291751384735107
endloop
endfacet
facet normal -0.8829476164397084 0.0 0.4694715184368885
outer loop
vertex 6.126972198486328 12.0 11.113101482391357
vertex 16.324440002441406 3.0 30.291751384735107
vertex 16.324440002441406 12.0 30.291751384735107
endloop
endfacet
facet normal -0.8829448704685056 0.0 0.46947668282179256
outer loop
vertex 16.324440002441406 3.0 30.291751384735107
vertex 16.424907684326172 0.0 30.480700969696045
vertex 16.424907684326172 3.0 30.480700969696045
endloop
endfacet
facet normal 0.0 -1.0 0.0
outer loop
vertex 15.972969055175781 3.0 30.291751384735107
vertex 16.324440002441406 3.0 30.291751384735107
vertex 16.424907684326172 3.0 30.480700969696045
endloop
endfacet
facet normal 0.0 0.0 -1.0
outer loop
vertex 15.972969055175781 3.0 30.291751384735107
vertex 15.972969055175781 37.0 30.291751384735107
vertex 16.324440002441406 3.0 30.291751384735107
endloop
endfacet
facet normal 0.0 0.0 -1.0
outer loop
vertex 16.324440002441406 3.0 30.291751384735107
vertex 15.972969055175781 37.0 30.291751384735107
vertex 16.324440002441406 12.0 30.291751384735107
endloop
endfacet
facet normal 0.0 0.0 -1.0
outer loop
vertex 16.324440002441406 12.0 30.291751384735107
vertex 15.972969055175781 37.0 30.291751384735107
vertex 16.74808120727539 12.0 30.291751384735107
endloop
endfacet
facet normal -1.0 0.0 0.0
outer loop
vertex 15.972969055175781 3.0 30.291751384735107
vertex 15.972969055175781 34.0 37.83588361740112
vertex 15.972969055175781 37.0 30.291751384735107
endloop
endfacet
facet normal -1.0 0.0 0.0
outer loop
vertex 15.972969055175781 3.0 30.291751384735107
vertex 15.972969055175781 3.0 42.29175138473511
vertex 15.972969055175781 34.0 37.83588361740112
endloop
endfacet
facet normal -1.0 0.0 0.0
outer loop
vertex 15.972969055175781 37.0 30.291751384735107
vertex 15.972969055175781 34.0 37.83588361740112
vertex 15.972969055175781 37.0 37.83588361740112
endloop
endfacet
facet normal 0.0 0.0 -0.9999999999999999
outer loop
vertex 13.730579376220703 34.0 37.83588361740112
vertex 15.972969055175781 37.0 37.83588361740112
vertex 15.972969055175781 34.0 37.83588361740112
endloop
endfacet
facet normal 0.0 -1.0 0.0
outer loop
vertex 13.730579376220703 34.0 37.83588361740112
vertex 15.972969055175781 34.0 37.83588361740112
vertex 15.972969055175781 34.0 42.29175138473511
endloop
endfacet
facet normal 0.0 -1.0 0.0
outer loop
vertex 13.730579376220703 34.0 37.83588361740112
vertex 15.972969055175781 34.0 42.29175138473511
vertex 13.972969055175781 34.0 44.29175138473511
endloop
endfacet
facet normal -1.0 0.0 0.0
outer loop
vertex 15.972969055175781 3.0 42.29175138473511
vertex 15.972969055175781 34.0 42.29175138473511
vertex 15.972969055175781 34.0 37.83588361740112
endloop
endfacet
facet normal -0.9992959068252647 0.0 0.0375192031134997
outer loop
vertex 13.730579376220703 34.0 37.83588361740112
vertex 13.972969055175781 34.0 44.29175138473511
vertex 13.972969055175781 142.0 44.29175138473511
endloop
endfacet
facet normal -0.999295928547955 4.7067196314874734e-08 0.03751862454139636
outer loop
vertex 0.0 142.0 12.012418270111084
vertex 0.2423858642578125 142.0 18.468284130096436
vertex 0.003910064697265625 155.7741937637329 12.116544246673584
endloop
endfacet
facet normal 0.0 0.0 -1.0
outer loop
vertex 0.0 142.0 12.012418270111084
vertex 5.142856597900391 154.0 12.012418270111084
vertex 13.749183654785156 144.0 12.012418270111084
endloop
endfacet
facet normal -0.0 -1.0 0.0
outer loop
vertex 0.0 142.0 12.012418270111084
vertex 24.905689239501953 142.0 26.000129222869873
vertex 0.2423858642578125 142.0 18.468284130096436
endloop
endfacet
facet normal -0.8829476630979369 0.0 0.46947143068550207
outer loop
vertex 12.46524429321289 144.0 9.597678661346436
vertex 13.749183654785156 144.0 12.012418270111084
vertex 13.749183654785156 154.0 12.012418270111084
endloop
endfacet
facet normal -0.5047293801920311 0.0 -0.8632776220723946
outer loop
vertex 12.46524429321289 144.0 9.597678661346436
vertex 12.46524429321289 154.0 9.597678661346436
vertex 20.537841796875 146.20000004768372 4.877902507781982
endloop
endfacet
facet normal 0.0 0.0 -1.0
outer loop
vertex 0.0 142.0 12.012418270111084
vertex 13.749183654785156 144.0 12.012418270111084
vertex 31.870304107666016 144.0 12.012418270111084
endloop
endfacet
facet normal -0.9992959068252647 0.0 0.0375192031134997
outer loop
vertex 13.730579376220703 34.0 37.83588361740112
vertex 13.972969055175781 142.0 44.29175138473511
vertex 13.730579376220703 142.0 37.83588361740112
endloop
endfacet
facet normal 0.0 -1.0 0.0
outer loop
vertex 0.2423858642578125 142.0 18.468284130096436
vertex 13.730579376220703 142.0 37.83588361740112
vertex 13.972969055175781 142.0 44.29175138473511
endloop
endfacet
facet normal 0.0 -1.0 0.0
outer loop
vertex 0.2423858642578125 142.0 18.468284130096436
vertex 24.905689239501953 142.0 26.000129222869873
vertex 25.309669494628906 142.0 36.75990629196167
endloop
endfacet
facet normal 0.0 -1.0 0.0
outer loop
vertex 0.2423858642578125 142.0 18.468284130096436
vertex 25.309669494628906 142.0 36.75990629196167
vertex 13.730579376220703 142.0 37.83588361740112
endloop
endfacet
facet normal -0.8829475631886187 0.0 0.4694716185876203
outer loop
vertex 0.2423858642578125 142.0 18.468284130096436
vertex 13.972969055175781 142.0 44.29175138473511
vertex 13.972969055175781 144.0 44.29175138473511
endloop
endfacet
facet normal -0.8829475631886188 0.0 0.4694716185876203
outer loop
vertex 0.2423858642578125 142.0 18.468284130096436
vertex 13.972969055175781 144.0 44.29175138473511
vertex 13.972969055175781 156.0 44.29175138473511
endloop
endfacet
facet normal 0.8829476210998292 0.0 -0.4694715096724748
outer loop
vertex 17.223468780517578 2.1999969482421875 4.625354290008545
vertex 17.223468780517578 9.800003051757812 4.625354290008545
vertex 22.871253967285156 9.800003051757812 15.247294902801514
endloop
endfacet
facet normal -0.5047292949167222 -0.0 -0.8632776719299927
outer loop
vertex 17.223468780517578 2.1999969482421875 4.625354290008545
vertex 25.134571075439453 2.1999969482421875 0.0
vertex 25.134571075439453 0.0 0.0
endloop
endfacet
facet normal -0.5047292949167222 -0.0 -0.8632776719299927
outer loop
vertex 17.223468780517578 9.800003051757812 4.625354290008545
vertex 25.134571075439453 12.0 0.0
vertex 25.134571075439453 9.800003051757812 0.0
endloop
endfacet
facet normal -0.0 0.9999999999999999 0.0
outer loop
vertex 17.223468780517578 2.1999969482421875 4.625354290008545
vertex 30.95602035522461 2.1999969482421875 10.948548793792725
vertex 25.134571075439453 2.1999969482421875 0.0
endloop
endfacet
facet normal 0.0 -1.0 0.0
outer loop
vertex 17.223468780517578 9.800003051757812 4.625354290008545
vertex 25.134571075439453 9.800003051757812 0.0
vertex 22.871253967285156 9.800003051757812 15.247294902801514
endloop
endfacet
facet normal -0.0 1.0 0.0
outer loop
vertex 17.223468780517578 2.1999969482421875 4.625354290008545
vertex 22.871253967285156 2.1999969482421875 15.247294902801514
vertex 30.95602035522461 2.1999969482421875 10.948548793792725
endloop
endfacet
facet normal 0.8829476210998292 0.0 -0.4694715096724748
outer loop
vertex 17.223468780517578 2.1999969482421875 4.625354290008545
vertex 22.871253967285156 9.800003051757812 15.247294902801514
vertex 22.871253967285156 2.1999969482421875 15.247294902801514
endloop
endfacet
facet normal 0.8829475051708146 0.0 -0.4694717277032075
outer loop
vertex 25.134571075439453 0.0 0.0
vertex 25.134571075439453 2.1999969482421875 0.0
vertex 30.95602035522461 2.1999969482421875 10.948548793792725
endloop
endfacet
facet normal 0.0 -1.0 0.0
outer loop
vertex 25.134571075439453 9.800003051757812 0.0
vertex 30.95602035522461 9.800003051757812 10.948548793792725
vertex 22.871253967285156 9.800003051757812 15.247294902801514
endloop
endfacet
facet normal 0.8829476040238932 0.0 -0.4694715417876426
outer loop
vertex 25.134571075439453 9.800003051757812 0.0
vertex 25.134571075439453 12.0 0.0
vertex 35.4325065612793 12.0 19.367600917816162
endloop
endfacet
facet normal 0.8829476040232714 -1.1868079266103296e-06 -0.46947154178731204
outer loop
vertex 25.134571075439453 0.0 0.0
vertex 30.95602035522461 2.1999969482421875 10.948548793792725
vertex 35.4325065612793 0.0 19.367600917816162
endloop
endfacet
facet normal 0.8829475051688688 2.0994215898514176e-06 -0.4694717277021729
outer loop
vertex 25.134571075439453 9.800003051757812 0.0
vertex 35.4325065612793 12.0 19.367600917816162
vertex 30.95602035522461 9.800003051757812 10.948548793792725
endloop
endfacet
facet normal -0.46947152598480846 0.0 -0.8829476124264083
outer loop
vertex 22.871253967285156 2.1999969482421875 15.247294902801514
vertex 22.871253967285156 9.800003051757812 15.247294902801514
vertex 30.95602035522461 9.800003051757812 10.948548793792725
endloop
endfacet
facet normal 0.0 -0.9999999999999999 0.0
outer loop
vertex 16.424907684326172 0.0 30.480700969696045
vertex 25.134571075439453 0.0 0.0
vertex 35.4325065612793 0.0 19.367600917816162
endloop
endfacet
facet normal 0.0 1.0 0.0
outer loop
vertex 16.324440002441406 12.0 30.291751384735107
vertex 35.4325065612793 12.0 19.367600917816162
vertex 25.134571075439453 12.0 0.0
endloop
endfacet
facet normal -0.46947152598480846 -0.0 -0.8829476124264083
outer loop
vertex 22.871253967285156 2.1999969482421875 15.247294902801514
vertex 30.95602035522461 9.800003051757812 10.948548793792725
vertex 30.95602035522461 2.1999969482421875 10.948548793792725
endloop
endfacet
facet normal 0.8829477325772654 0.0 -0.46947130001381954
outer loop
vertex 30.95602035522461 2.1999969482421875 10.948548793792725
vertex 30.95602035522461 9.800003051757812 10.948548793792725
vertex 35.4325065612793 0.0 19.367600917816162
endloop
endfacet
facet normal -0.8829476656133425 0.0 0.46947142595471053
outer loop
vertex 16.424907684326172 0.0 30.480700969696045
vertex 22.704952239990234 3.0 42.29175138473511
vertex 16.424907684326172 3.0 30.480700969696045
endloop
endfacet
facet normal 0.0 -1.0 0.0
outer loop
vertex 15.972969055175781 3.0 30.291751384735107
vertex 16.424907684326172 3.0 30.480700969696045
vertex 22.704952239990234 3.0 42.29175138473511
endloop
endfacet
facet normal -0.0 1.0 0.0
outer loop
vertex 16.324440002441406 12.0 30.291751384735107
vertex 16.74808120727539 12.0 30.291751384735107
vertex 35.4325065612793 12.0 19.367600917816162
endloop
endfacet
facet normal 0.0 -1.0 0.0
outer loop
vertex 15.972969055175781 3.0 30.291751384735107
vertex 22.704952239990234 3.0 42.29175138473511
vertex 15.972969055175781 3.0 42.29175138473511
endloop
endfacet
facet normal 0.0 -0.0 0.9999999999999999
outer loop
vertex 15.972969055175781 3.0 42.29175138473511
vertex 22.704952239990234 12.0 42.29175138473511
vertex 15.972969055175781 34.0 42.29175138473511
endloop
endfacet
facet normal 0.0 0.0 1.0
outer loop
vertex 15.972969055175781 3.0 42.29175138473511
vertex 22.704952239990234 3.0 42.29175138473511
vertex 22.704952239990234 12.0 42.29175138473511
endloop
endfacet
facet normal -0.882947627980023 -3.574332781115476e-07 0.4694714967325738
outer loop
vertex 16.424907684326172 0.0 30.480700969696045
vertex 26.722843170166016 0.0 49.848304271698
vertex 22.704952239990234 3.0 42.29175138473511
endloop
endfacet
facet normal -0.8829475691584964 0.0 0.4694716073599152
outer loop
vertex 22.704952239990234 3.0 42.29175138473511
vertex 26.722843170166016 0.0 49.848304271698
vertex 22.704952239990234 12.0 42.29175138473511
endloop
endfacet
facet normal 0.0 -1.0 0.0
outer loop
vertex 16.424907684326172 0.0 30.480700969696045
vertex 35.4325065612793 0.0 19.367600917816162
vertex 26.722843170166016 0.0 49.848304271698
endloop
endfacet
facet normal 0.0 0.0 -1.0
outer loop
vertex 16.74808120727539 12.0 30.291751384735107
vertex 15.972969055175781 37.0 30.291751384735107
vertex 47.972965240478516 37.0 30.291751384735107
endloop
endfacet
facet normal -0.0 1.0 0.0
outer loop
vertex 16.74808120727539 12.0 30.291751384735107
vertex 41.2409782409668 12.0 30.291751384735107
vertex 35.4325065612793 12.0 19.367600917816162
endloop
endfacet
facet normal 0.0 1.0 0.0
outer loop
vertex 15.972969055175781 37.0 30.291751384735107
vertex 15.972969055175781 37.0 37.83588361740112
vertex 47.972965240478516 37.0 37.83588361740112
endloop
endfacet
facet normal -0.0 0.0 1.0
outer loop
vertex 15.972969055175781 34.0 42.29175138473511
vertex 22.704952239990234 12.0 42.29175138473511
vertex 39.647403717041016 12.0 42.29175138473511
endloop
endfacet
facet normal 0.0 -1.0 0.0
outer loop
vertex 13.972969055175781 34.0 44.29175138473511
vertex 15.972969055175781 34.0 42.29175138473511
vertex 49.972965240478516 34.0 44.29175138473511
endloop
endfacet
facet normal -0.0 1.0 0.0
outer loop
vertex 22.704952239990234 12.0 42.29175138473511
vertex 26.722843170166016 12.0 49.848304271698
vertex 39.647403717041016 12.0 42.29175138473511
endloop
endfacet
facet normal 0.0 -0.0 -1.0
outer loop
vertex 13.730579376220703 34.0 37.83588361740112
vertex 49.7305793762207 142.0 37.83588361740112
vertex 15.972969055175781 37.0 37.83588361740112
endloop
endfacet
facet normal -0.5047293616113145 -9.14854541557698e-08 -0.8632776329359093
outer loop
vertex 12.46524429321289 144.0 9.597678661346436
vertex 20.537841796875 146.20000004768372 4.877902507781982
vertex 26.288951873779297 144.0 1.5154223442077637
endloop
endfacet
facet normal 0.0 -1.0 0.0
outer loop
vertex 12.46524429321289 144.0 9.597678661346436
vertex 31.870304107666016 144.0 12.012418270111084
vertex 13.749183654785156 144.0 12.012418270111084
endloop
endfacet
facet normal -0.5047293355303282 -0.0 -0.863277648184588
outer loop
vertex 20.537841796875 146.20000004768372 4.877902507781982
vertex 26.288951873779297 146.20000004768372 1.5154223442077637
vertex 26.288951873779297 144.0 1.5154223442077637
endloop
endfacet
facet normal 0.0 -1.0 0.0
outer loop
vertex 12.46524429321289 144.0 9.597678661346436
vertex 26.288951873779297 144.0 1.5154223442077637
vertex 31.870304107666016 144.0 12.012418270111084
endloop
endfacet
facet normal 0.0 -0.9999999999999999 0.0
outer loop
vertex 0.0 142.0 12.012418270111084
vertex 35.999996185302734 142.0 12.012418270111084
vertex 24.905689239501953 142.0 26.000129222869873
endloop
endfacet
facet normal 0.0 0.0 -1.0
outer loop
vertex 0.0 142.0 12.012418270111084
vertex 31.870304107666016 144.0 12.012418270111084
vertex 35.999996185302734 142.0 12.012418270111084
endloop
endfacet
facet normal 0.8829475564114109 0.0 -0.4694716313336924
outer loop
vertex 20.537841796875 146.20000004768372 4.877902507781982
vertex 26.233043670654297 151.79999995231628 15.589017391204834
vertex 26.233043670654297 146.20000004768372 15.589017391204834
endloop
endfacet
facet normal 0.8829475755658962 0.0 -0.4694715953093498
outer loop
vertex 26.288951873779297 144.0 1.5154223442077637
vertex 26.288951873779297 146.20000004768372 1.5154223442077637
vertex 31.870304107666016 146.20000004768372 12.012418270111084
endloop
endfacet
facet normal -0.0 1.0 0.0
outer loop
vertex 20.537841796875 146.20000004768372 4.877902507781982
vertex 31.870304107666016 146.20000004768372 12.012418270111084
vertex 26.288951873779297 146.20000004768372 1.5154223442077637
endloop
endfacet
facet normal -0.0 0.9999999999999999 0.0
outer loop
vertex 20.537841796875 146.20000004768372 4.877902507781982
vertex 26.233043670654297 146.20000004768372 15.589017391204834
vertex 31.870304107666016 146.20000004768372 12.012418270111084
endloop
endfacet
facet normal 0.8829475755658962 0.0 -0.4694715953093498
outer loop
vertex 26.288951873779297 144.0 1.5154223442077637
vertex 31.870304107666016 146.20000004768372 12.012418270111084
vertex 31.870304107666016 144.0 12.012418270111084
endloop
endfacet
facet normal 0.0 0.9999999999999999 0.0
outer loop
vertex 26.233043670654297 146.20000004768372 15.589017391204834
vertex 32.959651947021484 146.20000004768372 12.012418270111084
vertex 31.870304107666016 146.20000004768372 12.012418270111084
endloop
endfacet
facet normal -0.4694713640028507 -0.0 -0.8829476985537155
outer loop
vertex 26.233043670654297 146.20000004768372 15.589017391204834
vertex 32.959651947021484 151.79999995231628 12.012418270111084
vertex 32.959651947021484 146.20000004768372 12.012418270111084
endloop
endfacet
facet normal 0.0 0.0 -1.0
outer loop
vertex 31.870304107666016 144.0 12.012418270111084
vertex 31.870304107666016 146.20000004768372 12.012418270111084
vertex 32.959651947021484 146.20000004768372 12.012418270111084
endloop
endfacet
facet normal 0.0 0.0 -1.0
outer loop
vertex 31.870304107666016 144.0 12.012418270111084
vertex 32.959651947021484 146.20000004768372 12.012418270111084
vertex 35.999996185302734 142.0 12.012418270111084
endloop
endfacet
facet normal 0.0 -1.0 0.0
outer loop
vertex 24.905689239501953 142.0 26.000129222869873
vertex 35.999996185302734 142.0 12.012418270111084
vertex 35.43769454956055 142.0 22.41353750228882
endloop
endfacet
facet normal -0.9992959153481412 0.0 0.03751897611236839
outer loop
vertex 24.905689239501953 138.0 26.000129222869873
vertex 25.309669494628906 138.0 36.75990629196167
vertex 25.309669494628906 142.0 36.75990629196167
endloop
endfacet
facet normal -0.9992959153481412 0.0 0.03751897611236839
outer loop
vertex 24.905689239501953 138.0 26.000129222869873
vertex 25.309669494628906 142.0 36.75990629196167
vertex 24.905689239501953 142.0 26.000129222869873
endloop
endfacet
facet normal 0.0 0.0 1.0
outer loop
vertex 13.972969055175781 144.0 44.29175138473511
vertex 30.912410736083984 144.0 44.29175138473511
vertex 30.912410736083984 154.0 44.29175138473511
endloop
endfacet
facet normal 0.0 0.0 -1.0
outer loop
vertex 13.730579376220703 34.0 37.83588361740112
vertex 13.730579376220703 142.0 37.83588361740112
vertex 49.7305793762207 142.0 37.83588361740112
endloop
endfacet
facet normal 0.0 -0.0 1.0
outer loop
vertex 13.972969055175781 34.0 44.29175138473511
vertex 49.3923225402832 142.2258062362671 44.29175138473511
vertex 13.972969055175781 142.0 44.29175138473511
endloop
endfacet
facet normal -0.32236272298308394 0.0 -0.9466162236254623
outer loop
vertex 24.905689239501953 138.0 26.000129222869873
vertex 24.905689239501953 142.0 26.000129222869873
vertex 35.43769454956055 142.0 22.41353750228882
endloop
endfacet
facet normal 0.3510930074636405 -0.9362477966841188 -0.013181931355797377
outer loop
vertex 24.905689239501953 138.0 26.000129222869873
vertex 35.57235336303711 142.0 26.000129222869873
vertex 25.309669494628906 138.0 36.75990629196167
endloop
endfacet
facet normal 0.3510930080289001 -0.9362477981914773 -0.013181809239616926
outer loop
vertex 24.905689239501953 138.0 26.000129222869873
vertex 35.43769454956055 142.0 22.41353750228882
vertex 35.57235336303711 142.0 26.000129222869873
endloop
endfacet
facet normal 0.35109311810120336 -0.9362477568890599 -0.013181811035593861
outer loop
vertex 25.309669494628906 138.0 36.75990629196167
vertex 35.57235336303711 142.0 26.000129222869873
vertex 35.9763298034668 142.0 36.75990629196167
endloop
endfacet
facet normal 0.0 -0.0 1.0
outer loop
vertex 25.309669494628906 138.0 36.75990629196167
vertex 35.9763298034668 142.0 36.75990629196167
vertex 25.309669494628906 142.0 36.75990629196167
endloop
endfacet
facet normal 0.0 -1.0 0.0
outer loop
vertex 13.730579376220703 142.0 37.83588361740112
vertex 25.309669494628906 142.0 36.75990629196167
vertex 49.7305793762207 142.0 37.83588361740112
endloop
endfacet
facet normal 0.0 -0.0 1.0
outer loop
vertex 13.972969055175781 142.0 44.29175138473511
vertex 49.3923225402832 142.2258062362671 44.29175138473511
vertex 13.972969055175781 144.0 44.29175138473511
endloop
endfacet
facet normal -0.0 -0.0 1.0
outer loop
vertex 13.972969055175781 144.0 44.29175138473511
vertex 49.3923225402832 142.2258062362671 44.29175138473511
vertex 30.912410736083984 144.0 44.29175138473511
endloop
endfacet
facet normal -0.882947814009585 0.0 0.46947114686175867
outer loop
vertex 30.912410736083984 144.0 44.29175138473511
vertex 33.06111526489258 144.0 48.332881450653076
vertex 30.912410736083984 154.0 44.29175138473511
endloop
endfacet
facet normal -0.8829475691584964 0.0 0.4694716073599152
outer loop
vertex 22.704952239990234 12.0 42.29175138473511
vertex 26.722843170166016 0.0 49.848304271698
vertex 26.722843170166016 12.0 49.848304271698
endloop
endfacet
facet normal -0.8829475513202591 0.0 0.4694716409087542
outer loop
vertex 26.722843170166016 0.0 49.848304271698
vertex 37.02077865600586 12.0 69.21589994430542
vertex 26.722843170166016 12.0 49.848304271698
endloop
endfacet
facet normal -0.8829475513202591 0.0 0.4694716409087542
outer loop
vertex 26.722843170166016 0.0 49.848304271698
vertex 37.02077865600586 0.0 69.21589994430542
vertex 37.02077865600586 12.0 69.21589994430542
endloop
endfacet
facet normal -0.9992959297947199 0.0 0.037518591334246745
outer loop
vertex 27.461162567138672 142.0 63.659350872039795
vertex 27.703548431396484 142.0 70.11522245407104
vertex 27.461162567138672 154.0 63.659350872039795
endloop
endfacet
facet normal 0.0 0.0 -1.0
outer loop
vertex 27.461162567138672 142.0 63.659350872039795
vertex 27.461162567138672 154.0 63.659350872039795
vertex 41.21034622192383 144.0 63.659350872039795
endloop
endfacet
facet normal 0.0 0.0 -1.0
outer loop
vertex 0.0 142.0 12.012418270111084
vertex 0.0 156.0 12.012418270111084
vertex 0.041576385498046875 155.9838318824768 12.012418270111084
endloop
endfacet
facet normal -0.9992956950934084 0.0 0.03752484200874647
outer loop
vertex 0.0 142.0 12.012418270111084
vertex 0.003910064697265625 155.7741937637329 12.116544246673584
vertex 0.0 156.0 12.012418270111084
endloop
endfacet
facet normal 0.0 0.0 -1.0
outer loop
vertex 0.041576385498046875 155.9838318824768 12.012418270111084
vertex 0.0 156.0 12.012418270111084
vertex 0.041912078857421875 156.0 12.012418270111084
endloop
endfacet
facet normal 0.0 0.0 -1.0
outer loop
vertex 0.0 142.0 12.012418270111084
vertex 0.041576385498046875 155.9838318824768 12.012418270111084
vertex 5.142856597900391 154.0 12.012418270111084
endloop
endfacet
facet normal 0.0 0.0 -1.0
outer loop
vertex 0.041576385498046875 155.9838318824768 12.012418270111084
vertex 0.041912078857421875 156.0 12.012418270111084
vertex 5.142856597900391 154.0 12.012418270111084
endloop
endfacet
facet normal -0.9992959323747251 0.0 0.03751852261655344
outer loop
vertex 0.2423858642578125 142.0 18.468284130096436
vertex 0.2423858642578125 154.0 18.468284130096436
vertex 0.003910064697265625 155.7741937637329 12.116544246673584
endloop
endfacet
facet normal -0.999295932374725 0.0 0.03751852261655343
outer loop
vertex 0.003910064697265625 155.7741937637329 12.116544246673584
vertex 0.2423858642578125 154.0 18.468284130096436
vertex 0.2423858642578125 156.0 18.468284130096436
endloop
endfacet
facet normal 0.0 0.0 -1.0
outer loop
vertex 0.041912078857421875 156.0 12.012418270111084
vertex 0.0 156.0 12.012418270111084
vertex 2.2423858642578125 261.0 12.012418270111084
endloop
endfacet
facet normal -0.9992957218853604 -3.2947284622226367e-07 0.03752412852429673
outer loop
vertex 0.003910064697265625 155.7741937637329 12.116544246673584
vertex 0.2423858642578125 264.0 18.468284130096436
vertex 0.0 156.0 12.012418270111084
endloop
endfacet
facet normal -0.9992959323747251 0.0 0.03751852261655344
outer loop
vertex 0.003910064697265625 155.7741937637329 12.116544246673584
vertex 0.2423858642578125 156.0 18.468284130096436
vertex 0.2423858642578125 264.0 18.468284130096436
endloop
endfacet
facet normal 0.0 0.0 -1.0
outer loop
vertex 0.041912078857421875 156.0 12.012418270111084
vertex 2.2423858642578125 261.0 12.012418270111084
vertex 5.142856597900391 154.0 12.012418270111084
endloop
endfacet
facet normal -0.8829476630979369 0.0 0.46947143068550207
outer loop
vertex 12.46524429321289 144.0 9.597678661346436
vertex 13.749183654785156 154.0 12.012418270111084
vertex 12.46524429321289 154.0 9.597678661346436
endloop
endfacet
facet normal 0.0 0.0 -1.0
outer loop
vertex 13.749183654785156 144.0 12.012418270111084
vertex 5.142856597900391 154.0 12.012418270111084
vertex 13.749183654785156 154.0 12.012418270111084
endloop
endfacet
facet normal 0.0 -0.0 -1.0
outer loop
vertex 5.142856597900391 154.0 12.012418270111084
vertex 14.153743743896484 156.0 12.012418270111084
vertex 13.749183654785156 154.0 12.012418270111084
endloop
endfacet
facet normal -0.8829475631886188 0.0 0.4694716185876203
outer loop
vertex 0.2423858642578125 142.0 18.468284130096436
vertex 13.972969055175781 156.0 44.29175138473511
vertex 0.2423858642578125 154.0 18.468284130096436
endloop
endfacet
facet normal -0.8829475631886187 0.0 0.4694716185876203
outer loop
vertex 0.2423858642578125 154.0 18.468284130096436
vertex 13.972969055175781 156.0 44.29175138473511
vertex 0.2423858642578125 156.0 18.468284130096436
endloop
endfacet
facet normal -0.0 1.0 0.0
outer loop
vertex 0.2423858642578125 156.0 18.468284130096436
vertex 13.972969055175781 156.0 44.29175138473511
vertex 24.905689239501953 156.0 26.000129222869873
endloop
endfacet
facet normal 0.0 0.0 -1.0
outer loop
vertex 0.0 156.0 12.012418270111084
vertex 0.0 264.0 12.012418270111084
vertex 2.2423858642578125 261.0 12.012418270111084
endloop
endfacet
facet normal -0.9992959285479561 0.0 0.0375186245413964
outer loop
vertex 0.0 156.0 12.012418270111084
vertex 0.2423858642578125 264.0 18.468284130096436
vertex 0.0 264.0 12.012418270111084
endloop
endfacet
facet normal -1.0 0.0 0.0
outer loop
vertex 2.2423858642578125 261.0 4.4682841300964355
vertex 2.2423858642578125 261.0 12.012418270111084
vertex 2.2423858642578125 264.0 12.012418270111084
endloop
endfacet
facet normal -1.0 0.0 0.0
outer loop
vertex 2.2423858642578125 261.0 4.4682841300964355
vertex 2.2423858642578125 264.0 12.012418270111084
vertex 2.2423858642578125 295.0 16.468284130096436
endloop
endfacet
facet normal -1.0 0.0 0.0
outer loop
vertex 2.2423858642578125 261.0 4.4682841300964355
vertex 2.2423858642578125 295.0 16.468284130096436
vertex 2.2423858642578125 295.0 4.4682841300964355
endloop
endfacet
facet normal -0.0 1.0 0.0
outer loop
vertex 2.2423858642578125 295.0 4.4682841300964355
vertex 2.2423858642578125 295.0 16.468284130096436
vertex 6.126972198486328 295.0 11.113101482391357
endloop
endfacet
facet normal 0.0 0.0 -1.0
outer loop
vertex 0.0 264.0 12.012418270111084
vertex 2.2423858642578125 264.0 12.012418270111084
vertex 2.2423858642578125 261.0 12.012418270111084
endloop
endfacet
facet normal -0.0 0.9999999999999999 0.0
outer loop
vertex 0.0 264.0 12.012418270111084
vertex 2.2423858642578125 264.0 16.468284130096436
vertex 2.2423858642578125 264.0 12.012418270111084
endloop
endfacet
facet normal -0.0 1.0 0.0
outer loop
vertex 0.0 264.0 12.012418270111084
vertex 0.2423858642578125 264.0 18.468284130096436
vertex 2.2423858642578125 264.0 16.468284130096436
endloop
endfacet
facet normal -1.0 0.0 0.0
outer loop
vertex 2.2423858642578125 264.0 12.012418270111084
vertex 2.2423858642578125 264.0 16.468284130096436
vertex 2.2423858642578125 295.0 16.468284130096436
endloop
endfacet
facet normal 0.0 -0.0 1.0
outer loop
vertex 2.2423858642578125 264.0 16.468284130096436
vertex 8.974372863769531 286.0 16.468284130096436
vertex 2.2423858642578125 295.0 16.468284130096436
endloop
endfacet
facet normal 0.0 1.0 -0.0
outer loop
vertex 6.126972198486328 295.0 11.113101482391357
vertex 2.2423858642578125 295.0 16.468284130096436
vertex 8.974372863769531 295.0 16.468284130096436
endloop
endfacet
facet normal -0.8829476240768368 0.0 0.46947150407353694
outer loop
vertex 6.126972198486328 295.0 11.113101482391357
vertex 8.974372863769531 295.0 16.468284130096436
vertex 6.126972198486328 298.0 11.113101482391357
endloop
endfacet
facet normal -0.0 0.0 0.9999999999999999
outer loop
vertex 2.2423858642578125 295.0 16.468284130096436
vertex 8.974372863769531 286.0 16.468284130096436
vertex 8.974372863769531 295.0 16.468284130096436
endloop
endfacet
facet normal 0.0 -0.0 1.0
outer loop
vertex 0.2423858642578125 156.0 18.468284130096436
vertex 36.24238967895508 264.0 18.468284130096436
vertex 0.2423858642578125 264.0 18.468284130096436
endloop
endfacet
facet normal 0.0 0.0 -1.0
outer loop
vertex 5.142856597900391 154.0 12.012418270111084
vertex 2.2423858642578125 261.0 12.012418270111084
vertex 34.24238967895508 261.0 12.012418270111084
endloop
endfacet
facet normal 0.0 0.0 -0.9999999999999999
outer loop
vertex 2.2423858642578125 295.0 4.4682841300964355
vertex 17.13995361328125 288.1999969482422 4.4682841300964355
vertex 17.49211883544922 286.0 4.4682841300964355
endloop
endfacet
facet normal 0.0 0.0 -1.0
outer loop
vertex 2.2423858642578125 295.0 4.4682841300964355
vertex 17.13995361328125 295.0 4.4682841300964355
vertex 17.13995361328125 288.1999969482422 4.4682841300964355
endloop
endfacet
facet normal -0.0 1.0 0.0
outer loop
vertex 2.2423858642578125 295.0 4.4682841300964355
vertex 6.126972198486328 295.0 11.113101482391357
vertex 17.13995361328125 295.0 4.4682841300964355
endloop
endfacet
facet normal -0.5047292662478647 0.0 -0.8632776886917048
outer loop
vertex 6.126972198486328 295.0 11.113101482391357
vertex 6.126972198486328 298.0 11.113101482391357
vertex 17.223468780517578 295.07090759277344 4.625355243682861
endloop
endfacet
facet normal 0.0 0.0 -1.0
outer loop
vertex 2.2423858642578125 261.0 4.4682841300964355
vertex 2.2423858642578125 295.0 4.4682841300964355
vertex 34.24238967895508 261.0 4.4682841300964355
endloop
endfacet
facet normal 0.0 -1.0 0.0
outer loop
vertex 2.2423858642578125 261.0 4.4682841300964355
vertex 34.24238967895508 261.0 12.012418270111084
vertex 2.2423858642578125 261.0 12.012418270111084
endloop
endfacet
facet normal -0.5047293104593498 -2.992251564641686e-07 -0.8632776628426916
outer loop
vertex 6.126972198486328 298.0 11.113101482391357
vertex 25.134571075439453 298.0 0.0
vertex 17.223468780517578 295.8000030517578 4.625355243682861
endloop
endfacet
facet normal 0.0 1.0 0.0
outer loop
vertex 6.126972198486328 295.0 11.113101482391357
vertex 17.223468780517578 295.0 4.625355243682861
vertex 17.13995361328125 295.0 4.4682841300964355
endloop
endfacet
facet normal -0.5047292662478647 -0.0 -0.8632776886917048
outer loop
vertex 6.126972198486328 295.0 11.113101482391357
vertex 17.223468780517578 295.07090759277344 4.625355243682861
vertex 17.223468780517578 295.0 4.625355243682861
endloop
endfacet
facet normal -0.5047292662478647 -0.0 -0.8632776886917048
outer loop
vertex 6.126972198486328 298.0 11.113101482391357
vertex 17.223468780517578 295.8000030517578 4.625355243682861
vertex 17.223468780517578 295.07090759277344 4.625355243682861
endloop
endfacet
facet normal -0.8829475896501686 1.482530706357432e-07 0.46947156882066443
outer loop
vertex 6.126972198486328 298.0 11.113101482391357
vertex 8.974372863769531 295.0 16.468284130096436
vertex 16.424907684326172 298.0 30.480700969696045
endloop
endfacet
facet normal -0.8829475764932005 0.0 0.46947159356534396
outer loop
vertex 8.974372863769531 286.0 16.468284130096436
vertex 16.424907684326172 298.0 30.480700969696045
vertex 8.974372863769531 295.0 16.468284130096436
endloop
endfacet
facet normal 0.0 -0.0 1.0
outer loop
vertex 2.2423858642578125 264.0 16.468284130096436
vertex 33.89091110229492 286.0 16.468284130096436
vertex 8.974372863769531 286.0 16.468284130096436
endloop
endfacet
facet normal 0.0 1.0 -0.0
outer loop
vertex 2.2423858642578125 264.0 16.468284130096436
vertex 0.2423858642578125 264.0 18.468284130096436
vertex 36.24238967895508 264.0 18.468284130096436
endloop
endfacet
facet normal -0.0 1.0 0.0
outer loop
vertex 6.126972198486328 298.0 11.113101482391357
vertex 16.424907684326172 298.0 30.480700969696045
vertex 25.134571075439453 298.0 0.0
endloop
endfacet
facet normal -0.8829475764932007 0.0 0.46947159356534396
outer loop
vertex 8.974372863769531 286.0 16.468284130096436
vertex 16.424907684326172 286.0 30.480700969696045
vertex 16.424907684326172 298.0 30.480700969696045
endloop
endfacet
facet normal -0.5047293616113145 9.14854541557698e-08 -0.8632776329359093
outer loop
vertex 12.46524429321289 154.0 9.597678661346436
vertex 26.288951873779297 154.0 1.5154223442077637
vertex 20.537841796875 151.79999995231628 4.877902507781982
endloop
endfacet
facet normal -0.5047293801920312 0.0 -0.8632776220723946
outer loop
vertex 20.537841796875 146.20000004768372 4.877902507781982
vertex 12.46524429321289 154.0 9.597678661346436
vertex 20.537841796875 151.79999995231628 4.877902507781982
endloop
endfacet
facet normal -0.0 1.0 0.0
outer loop
vertex 12.46524429321289 154.0 9.597678661346436
vertex 13.749183654785156 154.0 12.012418270111084
vertex 26.288951873779297 154.0 1.5154223442077637
endloop
endfacet
facet normal -0.5047293355303282 -0.0 -0.863277648184588
outer loop
vertex 20.537841796875 151.79999995231628 4.877902507781982
vertex 26.288951873779297 154.0 1.5154223442077637
vertex 26.288951873779297 151.79999995231628 1.5154223442077637
endloop
endfacet
facet normal 0.8829475564114109 0.0 -0.4694716313336924
outer loop
vertex 20.537841796875 146.20000004768372 4.877902507781982
vertex 20.537841796875 151.79999995231628 4.877902507781982
vertex 26.233043670654297 151.79999995231628 15.589017391204834
endloop
endfacet
facet normal -0.0 1.0 0.0
outer loop
vertex 13.749183654785156 154.0 12.012418270111084
vertex 31.870304107666016 154.0 12.012418270111084
vertex 26.288951873779297 154.0 1.5154223442077637
endloop
endfacet
facet normal 0.0 -1.0 0.0
outer loop
vertex 20.537841796875 151.79999995231628 4.877902507781982
vertex 26.288951873779297 151.79999995231628 1.5154223442077637
vertex 26.233043670654297 151.79999995231628 15.589017391204834
endloop
endfacet
facet normal 0.0 0.0 -1.0
outer loop
vertex 13.749183654785156 154.0 12.012418270111084
vertex 14.153743743896484 156.0 12.012418270111084
vertex 31.870304107666016 154.0 12.012418270111084
endloop
endfacet
facet normal -0.0 1.0 0.0
outer loop
vertex 0.2423858642578125 156.0 18.468284130096436
vertex 24.905689239501953 156.0 26.000129222869873
vertex 35.43769454956055 156.0 22.41353750228882
endloop
endfacet
facet normal -0.0 1.0 0.0
outer loop
vertex 0.2423858642578125 156.0 18.468284130096436
vertex 35.43769454956055 156.0 22.41353750228882
vertex 36.24238967895508 156.0 18.468284130096436
endloop
endfacet
facet normal 0.0 -0.0 -1.0
outer loop
vertex 5.142856597900391 154.0 12.012418270111084
vertex 35.999996185302734 264.0 12.012418270111084
vertex 14.153743743896484 156.0 12.012418270111084
endloop
endfacet
facet normal 0.0 0.0 1.0
outer loop
vertex 0.2423858642578125 156.0 18.468284130096436
vertex 36.24238967895508 156.0 18.468284130096436
vertex 36.24238967895508 264.0 18.468284130096436
endloop
endfacet
facet normal 0.8829475755658962 0.0 -0.4694715953093498
outer loop
vertex 26.288951873779297 151.79999995231628 1.5154223442077637
vertex 26.288951873779297 154.0 1.5154223442077637
vertex 31.870304107666016 154.0 12.012418270111084
endloop
endfacet
facet normal 0.0 -1.0 0.0
outer loop
vertex 26.288951873779297 151.79999995231628 1.5154223442077637
vertex 31.870304107666016 151.79999995231628 12.012418270111084
vertex 26.233043670654297 151.79999995231628 15.589017391204834
endloop
endfacet
facet normal 0.8829475755658962 0.0 -0.4694715953093498
outer loop
vertex 26.288951873779297 151.79999995231628 1.5154223442077637
vertex 31.870304107666016 154.0 12.012418270111084
vertex 31.870304107666016 151.79999995231628 12.012418270111084
endloop
endfacet
facet normal 0.0 -0.0 -0.9999999999999999
outer loop
vertex 14.153743743896484 156.0 12.012418270111084
vertex 31.945384979248047 156.0 12.012418270111084
vertex 31.870304107666016 154.0 12.012418270111084
endloop
endfacet
facet normal -0.4694713640028507 0.0 -0.8829476985537155
outer loop
vertex 26.233043670654297 146.20000004768372 15.589017391204834
vertex 26.233043670654297 151.79999995231628 15.589017391204834
vertex 32.959651947021484 151.79999995231628 12.012418270111084
endloop
endfacet
facet normal 0.0 -0.9999999999999999 0.0
outer loop
vertex 26.233043670654297 151.79999995231628 15.589017391204834
vertex 31.870304107666016 151.79999995231628 12.012418270111084
vertex 32.959651947021484 151.79999995231628 12.012418270111084
endloop
endfacet
facet normal 0.0 0.0 -1.0
outer loop
vertex 31.870304107666016 151.79999995231628 12.012418270111084
vertex 31.870304107666016 154.0 12.012418270111084
vertex 35.999996185302734 154.0 12.012418270111084
endloop
endfacet
facet normal 0.0 -0.0 -1.0
outer loop
vertex 31.870304107666016 151.79999995231628 12.012418270111084
vertex 35.999996185302734 154.0 12.012418270111084
vertex 32.959651947021484 151.79999995231628 12.012418270111084
endloop
endfacet
facet normal 0.0 0.0 -1.0
outer loop
vertex 31.870304107666016 154.0 12.012418270111084
vertex 31.945384979248047 156.0 12.012418270111084
vertex 35.999996185302734 154.0 12.012418270111084
endloop
endfacet
facet normal 0.0 -0.0 -1.0
outer loop
vertex 14.153743743896484 156.0 12.012418270111084
vertex 35.999996185302734 264.0 12.012418270111084
vertex 31.945384979248047 156.0 12.012418270111084
endloop
endfacet
facet normal -0.9992959153481412 0.0 0.03751897611236839
outer loop
vertex 24.905689239501953 156.0 26.000129222869873
vertex 25.309669494628906 156.0 36.75990629196167
vertex 25.309669494628906 160.0 36.75990629196167
endloop
endfacet
facet normal -0.9992959153481412 0.0 0.03751897611236839
outer loop
vertex 24.905689239501953 156.0 26.000129222869873
vertex 25.309669494628906 160.0 36.75990629196167
vertex 24.905689239501953 160.0 26.000129222869873
endloop
endfacet
facet normal 0.0 -0.0 1.0
outer loop
vertex 13.972969055175781 144.0 44.29175138473511
vertex 30.912410736083984 154.0 44.29175138473511
vertex 13.972969055175781 156.0 44.29175138473511
endloop
endfacet
facet normal 0.0 0.9999999999999999 0.0
outer loop
vertex 13.972969055175781 156.0 44.29175138473511
vertex 25.309669494628906 156.0 36.75990629196167
vertex 24.905689239501953 156.0 26.000129222869873
endloop
endfacet
facet normal 0.0 1.0 0.0
outer loop
vertex 13.972969055175781 156.0 44.29175138473511
vertex 35.9763298034668 156.0 36.75990629196167
vertex 25.309669494628906 156.0 36.75990629196167
endloop
endfacet
facet normal -0.32236272298308394 0.0 -0.9466162236254623
outer loop
vertex 24.905689239501953 156.0 26.000129222869873
vertex 24.905689239501953 160.0 26.000129222869873
vertex 35.43769454956055 156.0 22.41353750228882
endloop
endfacet
facet normal 0.35109307946052426 0.9362477696472187 -0.013181934058949987
outer loop
vertex 24.905689239501953 160.0 26.000129222869873
vertex 25.309669494628906 160.0 36.75990629196167
vertex 35.841670989990234 156.0 33.17331266403198
endloop
endfacet
facet normal 0.35109300802890003 0.9362477981914772 -0.013181809239616924
outer loop
vertex 24.905689239501953 160.0 26.000129222869873
vertex 35.841670989990234 156.0 33.17331266403198
vertex 35.43769454956055 156.0 22.41353750228882
endloop
endfacet
facet normal 0.0 -0.0 1.0
outer loop
vertex 25.309669494628906 156.0 36.75990629196167
vertex 35.9763298034668 156.0 36.75990629196167
vertex 25.309669494628906 160.0 36.75990629196167
endloop
endfacet
facet normal -0.0 0.0 1.0
outer loop
vertex 13.972969055175781 156.0 44.29175138473511
vertex 30.912410736083984 154.0 44.29175138473511
vertex 39.97297286987305 154.0 44.29175138473511
endloop
endfacet
facet normal 0.351093118122832 0.9362477569467363 -0.013181806363019057
outer loop
vertex 25.309669494628906 160.0 36.75990629196167
vertex 35.9763298034668 156.0 36.75990629196167
vertex 35.841670989990234 156.0 33.17331266403198
endloop
endfacet
facet normal 0.0 1.0 0.0
outer loop
vertex 13.972969055175781 156.0 44.29175138473511
vertex 49.7305793762207 156.0 37.83588361740112
vertex 35.9763298034668 156.0 36.75990629196167
endloop
endfacet
facet normal 0.0 0.0 -1.0
outer loop
vertex 5.142856597900391 154.0 12.012418270111084
vertex 34.24238967895508 261.0 12.012418270111084
vertex 35.999996185302734 264.0 12.012418270111084
endloop
endfacet
facet normal 0.0 0.0 -1.0
outer loop
vertex 17.49211883544922 286.0 4.4682841300964355
vertex 17.13995361328125 288.1999969482422 4.4682841300964355
vertex 17.49211883544922 288.1999969482422 4.4682841300964355
endloop
endfacet
facet normal 0.0 0.0 -1.0
outer loop
vertex 2.2423858642578125 295.0 4.4682841300964355
vertex 17.49211883544922 286.0 4.4682841300964355
vertex 34.24238967895508 261.0 4.4682841300964355
endloop
endfacet
facet normal -0.5047293330278804 0.0 -0.8632776496476848
outer loop
vertex 17.49211883544922 286.0 4.4682841300964355
vertex 17.49211883544922 288.1999969482422 4.4682841300964355
vertex 25.134571075439453 288.1999969482422 0.0
endloop
endfacet
facet normal 0.0 -1.0 0.0
outer loop
vertex 2.2423858642578125 261.0 4.4682841300964355
vertex 34.24238967895508 261.0 4.4682841300964355
vertex 34.24238967895508 261.0 12.012418270111084
endloop
endfacet
facet normal -0.5047293330278804 -0.0 -0.8632776496476848
outer loop
vertex 17.49211883544922 286.0 4.4682841300964355
vertex 25.134571075439453 288.1999969482422 0.0
vertex 25.134571075439453 286.0 0.0
endloop
endfacet
facet normal -0.5047293724725751 -0.0 -0.8632776265857008
outer loop
vertex 25.134571075439453 298.0 0.0
vertex 25.134571075439453 295.8000030517578 0.0
vertex 17.223468780517578 295.8000030517578 4.625355243682861
endloop
endfacet
facet normal 0.0 -0.9999999999999999 0.0
outer loop
vertex 17.49211883544922 286.0 4.4682841300964355
vertex 25.134571075439453 286.0 0.0
vertex 27.51040267944336 286.0 4.4682841300964355
endloop
endfacet
facet normal 0.0 -1.0 0.0
outer loop
vertex 8.974372863769531 286.0 16.468284130096436
vertex 33.89091110229492 286.0 16.468284130096436
vertex 16.424907684326172 286.0 30.480700969696045
endloop
endfacet
facet normal -0.0 1.0 0.0
outer loop
vertex 2.2423858642578125 264.0 16.468284130096436
vertex 36.24238967895508 264.0 18.468284130096436
vertex 34.24238967895508 264.0 16.468284130096436
endloop
endfacet
facet normal 0.0 -0.0 1.0
outer loop
vertex 2.2423858642578125 264.0 16.468284130096436
vertex 34.24238967895508 264.0 16.468284130096436
vertex 33.89091110229492 286.0 16.468284130096436
endloop
endfacet
facet normal 0.0 0.0 -0.9999999999999999
outer loop
vertex 17.49211883544922 286.0 4.4682841300964355
vertex 27.51040267944336 286.0 4.4682841300964355
vertex 34.24238967895508 261.0 4.4682841300964355
endloop
endfacet
facet normal 0.8829473644366648 0.0 -0.4694719923854325
outer loop
vertex 25.134571075439453 286.0 0.0
vertex 25.134571075439453 288.1999969482422 0.0
vertex 27.51040267944336 288.1999969482422 4.4682841300964355
endloop
endfacet
facet normal 0.8829473644366648 0.0 -0.4694719923854325
outer loop
vertex 25.134571075439453 286.0 0.0
vertex 27.51040267944336 288.1999969482422 4.4682841300964355
vertex 27.51040267944336 286.0 4.4682841300964355
endloop
endfacet
facet normal 0.0 0.0 -1.0
outer loop
vertex 27.51040267944336 286.0 4.4682841300964355
vertex 27.51040267944336 288.1999969482422 4.4682841300964355
vertex 33.675472259521484 288.1999969482422 4.4682841300964355
endloop
endfacet
facet normal 0.8829476040238932 0.0 -0.4694715417876426
outer loop
vertex 25.134571075439453 298.0 0.0
vertex 35.4325065612793 298.0 19.367600917816162
vertex 25.134571075439453 295.8000030517578 0.0
endloop
endfacet
facet normal 0.0 0.0 -1.0
outer loop
vertex 27.51040267944336 286.0 4.4682841300964355
vertex 33.675472259521484 288.1999969482422 4.4682841300964355
vertex 34.24238967895508 261.0 4.4682841300964355
endloop
endfacet
facet normal 0.8829475051688688 2.0994215898514176e-06 -0.4694717277021729
outer loop
vertex 35.4325065612793 298.0 19.367600917816162
vertex 30.95602035522461 295.8000030517578 10.948548793792725
vertex 25.134571075439453 295.8000030517578 0.0
endloop
endfacet
facet normal 0.0 0.9999999999999999 0.0
outer loop
vertex 16.424907684326172 298.0 30.480700969696045
vertex 35.4325065612793 298.0 19.367600917816162
vertex 25.134571075439453 298.0 0.0
endloop
endfacet
facet normal 0.0 -1.0 0.0
outer loop
vertex 16.424907684326172 286.0 30.480700969696045
vertex 33.89091110229492 286.0 16.468284130096436
vertex 35.4325065612793 286.0 19.367600917816162
endloop
endfacet
facet normal 0.8829478973096576 0.0 -0.4694709901968965
outer loop
vertex 33.89091110229492 295.0 16.468284130096436
vertex 30.95602035522461 295.0 10.948548793792725
vertex 30.95602035522461 295.8000030517578 10.948548793792725
endloop
endfacet
facet normal 0.0 1.0 0.0
outer loop
vertex 34.24238967895508 295.0 16.468284130096436
vertex 34.24238967895508 295.0 9.201154232025146
vertex 30.95602035522461 295.0 10.948548793792725
endloop
endfacet
facet normal -0.0 1.0 0.0
outer loop
vertex 33.89091110229492 295.0 16.468284130096436
vertex 34.24238967895508 295.0 16.468284130096436
vertex 30.95602035522461 295.0 10.948548793792725
endloop
endfacet
facet normal 0.8829478385383203 -9.782394500836324e-07 -0.469471100728843
outer loop
vertex 33.89091110229492 295.0 16.468284130096436
vertex 30.95602035522461 295.8000030517578 10.948548793792725
vertex 35.4325065612793 298.0 19.367600917816162
endloop
endfacet
facet normal -0.8829476279800794 0.0 0.4694714967326038
outer loop
vertex 16.424907684326172 286.0 30.480700969696045
vertex 26.722843170166016 298.0 49.848304271698
vertex 16.424907684326172 298.0 30.480700969696045
endloop
endfacet
facet normal -0.8829476279800794 0.0 0.4694714967326038
outer loop
vertex 16.424907684326172 286.0 30.480700969696045
vertex 26.722843170166016 286.0 49.848304271698
vertex 26.722843170166016 298.0 49.848304271698
endloop
endfacet
facet normal 0.0 -1.0 0.0
outer loop
vertex 16.424907684326172 286.0 30.480700969696045
vertex 35.4325065612793 286.0 19.367600917816162
vertex 26.722843170166016 286.0 49.848304271698
endloop
endfacet
facet normal -0.0 1.0 0.0
outer loop
vertex 16.424907684326172 298.0 30.480700969696045
vertex 26.722843170166016 298.0 49.848304271698
vertex 35.4325065612793 298.0 19.367600917816162
endloop
endfacet
facet normal -0.882947814009585 0.0 0.46947114686175867
outer loop
vertex 33.06111526489258 144.0 48.332881450653076
vertex 33.06111526489258 154.0 48.332881450653076
vertex 30.912410736083984 154.0 44.29175138473511
endloop
endfacet
facet normal -0.9992959297937271 1.409605956884379e-06 0.037518591334209477
outer loop
vertex 27.461162567138672 154.0 63.659350872039795
vertex 27.703548431396484 154.0 70.11522245407104
vertex 27.465572357177734 156.0 63.776729106903076
endloop
endfacet
facet normal -0.9992959297947199 0.0 0.037518591334246745
outer loop
vertex 27.703548431396484 142.0 70.11522245407104
vertex 27.703548431396484 154.0 70.11522245407104
vertex 27.461162567138672 154.0 63.659350872039795
endloop
endfacet
facet normal -0.9992959464702543 0.0 0.037518147183976114
outer loop
vertex 27.465572357177734 156.0 63.776729106903076
vertex 27.703548431396484 154.0 70.11522245407104
vertex 27.703548431396484 156.0 70.11522245407104
endloop
endfacet
facet normal 0.0 0.0 -1.0
outer loop
vertex 27.461162567138672 154.0 63.659350872039795
vertex 28.041805267333984 155.7741937637329 63.659350872039795
vertex 41.21034622192383 144.0 63.659350872039795
endloop
endfacet
facet normal -0.9992950290137731 0.0 0.03754257567565557
outer loop
vertex 27.461162567138672 154.0 63.659350872039795
vertex 27.465572357177734 156.0 63.776729106903076
vertex 27.461162567138672 264.0 63.659350872039795
endloop
endfacet
facet normal 0.0 -0.0 -1.0
outer loop
vertex 27.461162567138672 154.0 63.659350872039795
vertex 29.703548431396484 261.0 63.659350872039795
vertex 28.041805267333984 155.7741937637329 63.659350872039795
endloop
endfacet
facet normal -0.9992959464702543 0.0 0.037518147183976114
outer loop
vertex 27.465572357177734 156.0 63.776729106903076
vertex 27.703548431396484 156.0 70.11522245407104
vertex 27.703548431396484 264.0 70.11522245407104
endloop
endfacet
facet normal -0.8829475130949687 0.0 0.46947171280004746
outer loop
vertex 27.703548431396484 142.0 70.11522245407104
vertex 37.17134475708008 156.0 87.92155027389526
vertex 27.703548431396484 154.0 70.11522245407104
endloop
endfacet
facet normal -0.8829475130949686 0.0 0.46947171280004746
outer loop
vertex 27.703548431396484 154.0 70.11522245407104
vertex 37.17134475708008 156.0 87.92155027389526
vertex 27.703548431396484 156.0 70.11522245407104
endloop
endfacet
facet normal 0.0 0.0 -1.0
outer loop
vertex 27.461162567138672 154.0 63.659350872039795
vertex 27.461162567138672 264.0 63.659350872039795
vertex 29.703548431396484 261.0 63.659350872039795
endloop
endfacet
facet normal -0.9992959297947196 -2.6103814016403316e-08 0.03751859133424674
outer loop
vertex 27.465572357177734 156.0 63.776729106903076
vertex 27.703548431396484 264.0 70.11522245407104
vertex 27.461162567138672 264.0 63.659350872039795
endloop
endfacet
facet normal -0.8829476669246382 0.0 0.4694714234885209
outer loop
vertex 26.722843170166016 286.0 49.848304271698
vertex 30.05501937866211 286.0 56.11521863937378
vertex 26.722843170166016 298.0 49.848304271698
endloop
endfacet
facet normal -0.8829476669246382 0.0 0.4694714234885209
outer loop
vertex 26.722843170166016 298.0 49.848304271698
vertex 30.05501937866211 286.0 56.11521863937378
vertex 30.05501937866211 295.0 56.11521863937378
endloop
endfacet
facet normal 0.0 0.0 -1.0
outer loop
vertex 29.703548431396484 261.0 56.11521863937378
vertex 29.703548431396484 295.0 56.11521863937378
vertex 30.05501937866211 286.0 56.11521863937378
endloop
endfacet
facet normal 0.0 0.0 -1.0
outer loop
vertex 30.05501937866211 286.0 56.11521863937378
vertex 29.703548431396484 295.0 56.11521863937378
vertex 30.05501937866211 295.0 56.11521863937378
endloop
endfacet
facet normal 0.0 0.0 -1.0
outer loop
vertex 27.461162567138672 264.0 63.659350872039795
vertex 29.703548431396484 264.0 63.659350872039795
vertex 29.703548431396484 261.0 63.659350872039795
endloop
endfacet
facet normal -0.0 1.0 0.0
outer loop
vertex 27.461162567138672 264.0 63.659350872039795
vertex 29.703548431396484 264.0 68.11522245407104
vertex 29.703548431396484 264.0 63.659350872039795
endloop
endfacet
facet normal -0.0 1.0 0.0
outer loop
vertex 27.461162567138672 264.0 63.659350872039795
vertex 27.703548431396484 264.0 70.11522245407104
vertex 29.703548431396484 264.0 68.11522245407104
endloop
endfacet
facet normal -1.0 0.0 0.0
outer loop
vertex 29.703548431396484 261.0 56.11521863937378
vertex 29.703548431396484 261.0 63.659350872039795
vertex 29.703548431396484 264.0 63.659350872039795
endloop
endfacet
facet normal -1.0 0.0 0.0
outer loop
vertex 29.703548431396484 261.0 56.11521863937378
vertex 29.703548431396484 264.0 63.659350872039795
vertex 29.703548431396484 295.0 68.11522245407104
endloop
endfacet
facet normal -1.0 0.0 0.0
outer loop
vertex 29.703548431396484 264.0 63.659350872039795
vertex 29.703548431396484 264.0 68.11522245407104
vertex 29.703548431396484 295.0 68.11522245407104
endloop
endfacet
facet normal -1.0 0.0 0.0
outer loop
vertex 29.703548431396484 261.0 56.11521863937378
vertex 29.703548431396484 295.0 68.11522245407104
vertex 29.703548431396484 295.0 56.11521863937378
endloop
endfacet
facet normal -0.0 1.0 0.0
outer loop
vertex 29.703548431396484 295.0 56.11521863937378
vertex 29.703548431396484 295.0 68.11522245407104
vertex 30.05501937866211 295.0 56.11521863937378
endloop
endfacet
facet normal -0.8829475513201093 5.825893818190984e-07 0.4694716409086745
outer loop
vertex 26.722843170166016 298.0 49.848304271698
vertex 30.05501937866211 295.0 56.11521863937378
vertex 37.02077865600586 298.0 69.21589994430542
endloop
endfacet
facet normal 0.0 -0.0 1.0
outer loop
vertex 29.703548431396484 264.0 68.11522245407104
vertex 36.4355354309082 295.0 68.11522245407104
vertex 29.703548431396484 295.0 68.11522245407104
endloop
endfacet
facet normal 0.0 1.0 -0.0
outer loop
vertex 30.05501937866211 295.0 56.11521863937378
vertex 29.703548431396484 295.0 68.11522245407104
vertex 36.4355354309082 295.0 68.11522245407104
endloop
endfacet
facet normal 0.8829477325772653 0.0 -0.4694713000138195
outer loop
vertex 30.95602035522461 9.800003051757812 10.948548793792725
vertex 35.4325065612793 12.0 19.367600917816162
vertex 35.4325065612793 0.0 19.367600917816162
endloop
endfacet
facet normal 0.8829476651081771 0.0 -0.4694714269047886
outer loop
vertex 35.4325065612793 0.0 19.367600917816162
vertex 35.4325065612793 12.0 19.367600917816162
vertex 41.2409782409668 12.0 30.291751384735107
endloop
endfacet
facet normal 0.0 -0.0 -1.0
outer loop
vertex 16.74808120727539 12.0 30.291751384735107
vertex 47.972965240478516 37.0 30.291751384735107
vertex 41.2409782409668 12.0 30.291751384735107
endloop
endfacet
facet normal -0.0 1.0 0.0
outer loop
vertex 15.972969055175781 37.0 30.291751384735107
vertex 47.972965240478516 37.0 37.83588361740112
vertex 47.972965240478516 37.0 30.291751384735107
endloop
endfacet
facet normal 0.8829476651081771 0.0 -0.4694714269047886
outer loop
vertex 35.4325065612793 0.0 19.367600917816162
vertex 41.2409782409668 12.0 30.291751384735107
vertex 41.2409782409668 3.0 30.291751384735107
endloop
endfacet
facet normal 0.8829476088150231 4.945121789453608e-07 -0.46947153277657694
outer loop
vertex 35.4325065612793 0.0 19.367600917816162
vertex 41.2409782409668 3.0 30.291751384735107
vertex 45.73044204711914 0.0 38.73520231246948
endloop
endfacet
facet normal 0.0 -1.0 0.0
outer loop
vertex 26.722843170166016 0.0 49.848304271698
vertex 35.4325065612793 0.0 19.367600917816162
vertex 45.73044204711914 0.0 38.73520231246948
endloop
endfacet
facet normal 0.0 0.9999999999999999 0.0
outer loop
vertex 26.722843170166016 12.0 49.848304271698
vertex 47.62149429321289 12.0 42.29175138473511
vertex 39.647403717041016 12.0 42.29175138473511
endloop
endfacet
facet normal -0.0 0.0 1.0
outer loop
vertex 15.972969055175781 34.0 42.29175138473511
vertex 39.647403717041016 12.0 42.29175138473511
vertex 47.972965240478516 34.0 42.29175138473511
endloop
endfacet
facet normal 0.0 -1.0 0.0
outer loop
vertex 15.972969055175781 34.0 42.29175138473511
vertex 47.972965240478516 34.0 42.29175138473511
vertex 49.972965240478516 34.0 44.29175138473511
endloop
endfacet
facet normal 0.0 -0.0 -1.0
outer loop
vertex 15.972969055175781 37.0 37.83588361740112
vertex 49.7305793762207 142.0 37.83588361740112
vertex 47.972965240478516 37.0 37.83588361740112
endloop
endfacet
facet normal 0.0 -0.0 1.0
outer loop
vertex 13.972969055175781 34.0 44.29175138473511
vertex 49.972965240478516 34.0 44.29175138473511
vertex 49.3923225402832 142.2258062362671 44.29175138473511
endloop
endfacet
facet normal 0.0 0.0 -0.9999999999999999
outer loop
vertex 41.2409782409668 3.0 30.291751384735107
vertex 41.2409782409668 12.0 30.291751384735107
vertex 47.972965240478516 3.0 30.291751384735107
endloop
endfacet
facet normal 0.0 -1.0 0.0
outer loop
vertex 41.2409782409668 3.0 30.291751384735107
vertex 47.972965240478516 3.0 30.291751384735107
vertex 45.73044204711914 3.0 38.73520231246948
endloop
endfacet
facet normal 0.0 0.0 -1.0
outer loop
vertex 41.2409782409668 12.0 30.291751384735107
vertex 47.972965240478516 37.0 30.291751384735107
vertex 47.972965240478516 3.0 30.291751384735107
endloop
endfacet
facet normal 1.0 0.0 -0.0
outer loop
vertex 47.972965240478516 3.0 30.291751384735107
vertex 47.972965240478516 37.0 30.291751384735107
vertex 47.972965240478516 3.0 42.29175138473511
endloop
endfacet
facet normal 0.8829475359830886 0.0 -0.4694716697537694
outer loop
vertex 41.2409782409668 3.0 30.291751384735107
vertex 45.73044204711914 3.0 38.73520231246948
vertex 45.73044204711914 0.0 38.73520231246948
endloop
endfacet
facet normal 0.8829474323010658 0.0 -0.4694718647511849
outer loop
vertex 45.73044204711914 0.0 38.73520231246948
vertex 45.73044204711914 3.0 38.73520231246948
vertex 47.62149429321289 3.0 42.29175138473511
endloop
endfacet
facet normal 0.0 0.0 0.9999999999999999
outer loop
vertex 39.647403717041016 12.0 42.29175138473511
vertex 47.62149429321289 12.0 42.29175138473511
vertex 47.972965240478516 34.0 42.29175138473511
endloop
endfacet
facet normal -0.0 -1.0 0.0
outer loop
vertex 47.972965240478516 3.0 30.291751384735107
vertex 47.972965240478516 3.0 42.29175138473511
vertex 45.73044204711914 3.0 38.73520231246948
endloop
endfacet
facet normal 0.0 -1.0 0.0
outer loop
vertex 45.73044204711914 3.0 38.73520231246948
vertex 47.972965240478516 3.0 42.29175138473511
vertex 47.62149429321289 3.0 42.29175138473511
endloop
endfacet
facet normal 0.0 0.0 1.0
outer loop
vertex 47.62149429321289 3.0 42.29175138473511
vertex 47.972965240478516 3.0 42.29175138473511
vertex 47.972965240478516 34.0 42.29175138473511
endloop
endfacet
facet normal 0.0 -0.0 1.0
outer loop
vertex 47.62149429321289 3.0 42.29175138473511
vertex 47.972965240478516 34.0 42.29175138473511
vertex 47.62149429321289 12.0 42.29175138473511
endloop
endfacet
facet normal 1.0 0.0 0.0
outer loop
vertex 47.972965240478516 37.0 30.291751384735107
vertex 47.972965240478516 34.0 37.83588361740112
vertex 47.972965240478516 3.0 42.29175138473511
endloop
endfacet
facet normal 1.0 0.0 -0.0
outer loop
vertex 47.972965240478516 37.0 30.291751384735107
vertex 47.972965240478516 37.0 37.83588361740112
vertex 47.972965240478516 34.0 37.83588361740112
endloop
endfacet
facet normal 0.0 0.0 -1.0
outer loop
vertex 47.972965240478516 34.0 37.83588361740112
vertex 47.972965240478516 37.0 37.83588361740112
vertex 49.7305793762207 34.0 37.83588361740112
endloop
endfacet
facet normal 0.0 -1.0 0.0
outer loop
vertex 47.972965240478516 34.0 37.83588361740112
vertex 49.7305793762207 34.0 37.83588361740112
vertex 47.972965240478516 34.0 42.29175138473511
endloop
endfacet
facet normal 1.0 -0.0 0.0
outer loop
vertex 47.972965240478516 3.0 42.29175138473511
vertex 47.972965240478516 34.0 37.83588361740112
vertex 47.972965240478516 34.0 42.29175138473511
endloop
endfacet
facet normal -0.0 -1.0 0.0
outer loop
vertex 49.7305793762207 34.0 37.83588361740112
vertex 49.972965240478516 34.0 44.29175138473511
vertex 47.972965240478516 34.0 42.29175138473511
endloop
endfacet
facet normal 0.0 0.0 -1.0
outer loop
vertex 47.972965240478516 37.0 37.83588361740112
vertex 49.7305793762207 142.0 37.83588361740112
vertex 49.7305793762207 34.0 37.83588361740112
endloop
endfacet
facet normal 0.9992959289635442 0.0 -0.037518613472339986
outer loop
vertex 49.7305793762207 34.0 37.83588361740112
vertex 49.972965240478516 144.0 44.29175138473511
vertex 49.972965240478516 34.0 44.29175138473511
endloop
endfacet
facet normal 0.0 0.0 -1.0
outer loop
vertex 32.959651947021484 146.20000004768372 12.012418270111084
vertex 32.959651947021484 151.79999995231628 12.012418270111084
vertex 35.999996185302734 142.0 12.012418270111084
endloop
endfacet
facet normal 0.8829475899616798 0.0 -0.46947156823482006
outer loop
vertex 35.999996185302734 142.0 12.012418270111084
vertex 35.999996185302734 154.0 12.012418270111084
vertex 40.5963020324707 143.9592137336731 20.65681219100952
endloop
endfacet
facet normal 0.8829489649903278 -1.4636974836395929e-05 -0.4694689819447796
outer loop
vertex 35.999996185302734 142.0 12.012418270111084
vertex 40.5963020324707 143.9592137336731 20.65681219100952
vertex 40.71332931518555 144.0 20.876908779144287
endloop
endfacet
facet normal 0.35109021988349093 -0.9362488585889934 -0.0131807546433877
outer loop
vertex 40.5963020324707 143.9592137336731 20.65681219100952
vertex 40.70369338989258 144.0 20.620240688323975
vertex 40.71332931518555 144.0 20.876908779144287
endloop
endfacet
facet normal -0.3223644532197535 -0.0 -0.9466156344051841
outer loop
vertex 40.5963020324707 143.9592137336731 20.65681219100952
vertex 40.70369338989258 154.0 20.620240688323975
vertex 40.70369338989258 144.0 20.620240688323975
endloop
endfacet
facet normal 0.9992960297461752 0.0 -0.0375159290639504
outer loop
vertex 40.70369338989258 144.0 20.620240688323975
vertex 40.71332931518555 154.0 20.876908779144287
vertex 40.71332931518555 144.0 20.876908779144287
endloop
endfacet
facet normal -0.0 -0.9999999999999999 0.0
outer loop
vertex 35.999996185302734 142.0 12.012418270111084
vertex 49.7305793762207 142.0 37.83588361740112
vertex 35.43769454956055 142.0 22.41353750228882
endloop
endfacet
facet normal 0.8829475488147861 5.065431813095528e-07 -0.4694716456205896
outer loop
vertex 35.999996185302734 142.0 12.012418270111084
vertex 40.71332931518555 144.0 20.876908779144287
vertex 49.7305793762207 142.0 37.83588361740112
endloop
endfacet
facet normal -0.0 -1.0 0.0
outer loop
vertex 35.43769454956055 142.0 22.41353750228882
vertex 49.7305793762207 142.0 37.83588361740112
vertex 35.57235336303711 142.0 26.000129222869873
endloop
endfacet
facet normal -0.0 -1.0 0.0
outer loop
vertex 35.57235336303711 142.0 26.000129222869873
vertex 49.7305793762207 142.0 37.83588361740112
vertex 35.9763298034668 142.0 36.75990629196167
endloop
endfacet
facet normal 0.0 -1.0 0.0
outer loop
vertex 25.309669494628906 142.0 36.75990629196167
vertex 35.9763298034668 142.0 36.75990629196167
vertex 49.7305793762207 142.0 37.83588361740112
endloop
endfacet
facet normal 0.0 -1.0 0.0
outer loop
vertex 30.912410736083984 144.0 44.29175138473511
vertex 39.97297286987305 144.0 44.29175138473511
vertex 33.06111526489258 144.0 48.332881450653076
endloop
endfacet
facet normal -0.0 -0.0 1.0
outer loop
vertex 30.912410736083984 144.0 44.29175138473511
vertex 49.3923225402832 142.2258062362671 44.29175138473511
vertex 39.97297286987305 144.0 44.29175138473511
endloop
endfacet
facet normal 0.9992959289635445 0.0 -0.03751861347233999
outer loop
vertex 49.7305793762207 34.0 37.83588361740112
vertex 49.7305793762207 142.0 37.83588361740112
vertex 49.972965240478516 144.0 44.29175138473511
endloop
endfacet
facet normal 0.0 -0.0 0.9999999999999999
outer loop
vertex 49.972965240478516 34.0 44.29175138473511
vertex 49.972965240478516 144.0 44.29175138473511
vertex 49.3923225402832 142.2258062362671 44.29175138473511
endloop
endfacet
facet normal 0.8829475240525894 0.0 -0.469471692191768
outer loop
vertex 40.71332931518555 144.0 20.876908779144287
vertex 40.71332931518555 154.0 20.876908779144287
vertex 49.7305793762207 142.0 37.83588361740112
endloop
endfacet
facet normal 0.8829475240525894 0.0 -0.469471692191768
outer loop
vertex 49.7305793762207 142.0 37.83588361740112
vertex 40.71332931518555 154.0 20.876908779144287
vertex 49.7305793762207 144.0 37.83588361740112
endloop
endfacet
facet normal -0.0 -0.0 1.0
outer loop
vertex 39.97297286987305 144.0 44.29175138473511
vertex 49.3923225402832 142.2258062362671 44.29175138473511
vertex 44.83010482788086 144.0 44.29175138473511
endloop
endfacet
facet normal 0.9992959289635445 0.0 -0.03751861347233999
outer loop
vertex 49.7305793762207 142.0 37.83588361740112
vertex 49.7305793762207 144.0 37.83588361740112
vertex 49.972965240478516 144.0 44.29175138473511
endloop
endfacet
facet normal -0.0 -0.0 1.0
outer loop
vertex 44.83010482788086 144.0 44.29175138473511
vertex 49.3923225402832 142.2258062362671 44.29175138473511
vertex 49.03352737426758 144.0 44.29175138473511
endloop
endfacet
facet normal 0.9992959289635444 0.0 -0.037518613472339986
outer loop
vertex 49.7305793762207 144.0 37.83588361740112
vertex 49.972965240478516 156.0 44.29175138473511
vertex 49.972965240478516 144.0 44.29175138473511
endloop
endfacet
facet normal -0.0 0.0 1.0
outer loop
vertex 49.03352737426758 144.0 44.29175138473511
vertex 49.3923225402832 142.2258062362671 44.29175138473511
vertex 49.972965240478516 144.0 44.29175138473511
endloop
endfacet
facet normal 0.0 0.0 1.0
outer loop
vertex 49.03352737426758 144.0 44.29175138473511
vertex 49.972965240478516 144.0 44.29175138473511
vertex 49.972965240478516 156.0 44.29175138473511
endloop
endfacet
facet normal 0.0 -1.0 0.0
outer loop
vertex 26.722843170166016 0.0 49.848304271698
vertex 45.73044204711914 0.0 38.73520231246948
vertex 37.02077865600586 0.0 69.21589994430542
endloop
endfacet
facet normal -0.0 1.0 0.0
outer loop
vertex 26.722843170166016 12.0 49.848304271698
vertex 37.02077865600586 12.0 69.21589994430542
vertex 47.62149429321289 12.0 42.29175138473511
endloop
endfacet
facet normal 0.0 -1.0 0.0
outer loop
vertex 45.73044204711914 0.0 38.73520231246948
vertex 56.028377532958984 0.0 58.10280179977417
vertex 37.02077865600586 0.0 69.21589994430542
endloop
endfacet
facet normal 0.8829475896500887 -4.500155974592051e-07 -0.4694715688206219
outer loop
vertex 45.73044204711914 0.0 38.73520231246948
vertex 47.62149429321289 3.0 42.29175138473511
vertex 56.028377532958984 0.0 58.10280179977417
endloop
endfacet
facet normal 0.8829476250443948 0.0 -0.46947150225382434
outer loop
vertex 47.62149429321289 3.0 42.29175138473511
vertex 47.62149429321289 12.0 42.29175138473511
vertex 56.028377532958984 12.0 58.10280179977417
endloop
endfacet
facet normal -0.0 1.0 -0.0
outer loop
vertex 47.62149429321289 12.0 42.29175138473511
vertex 37.02077865600586 12.0 69.21589994430542
vertex 56.028377532958984 12.0 58.10280179977417
endloop
endfacet
facet normal -0.8829476323532142 0.0 0.4694714885079318
outer loop
vertex 37.02077865600586 0.0 69.21589994430542
vertex 43.78560256958008 3.0 81.93868589401245
vertex 37.02077865600586 12.0 69.21589994430542
endloop
endfacet
facet normal -0.8829476323532142 0.0 0.4694714885079318
outer loop
vertex 37.02077865600586 12.0 69.21589994430542
vertex 43.78560256958008 3.0 81.93868589401245
vertex 43.78560256958008 12.0 81.93868589401245
endloop
endfacet
facet normal -0.8829476785392394 4.7252887618699354e-07 0.469471401644386
outer loop
vertex 37.02077865600586 0.0 69.21589994430542
vertex 44.807804107666016 0.0 83.86117124557495
vertex 43.78560256958008 3.0 81.93868589401245
endloop
endfacet
facet normal 0.0 -1.0 0.0
outer loop
vertex 37.02077865600586 0.0 69.21589994430542
vertex 56.028377532958984 0.0 58.10280179977417
vertex 44.807804107666016 0.0 83.86117124557495
endloop
endfacet
facet normal -0.0 1.0 0.0
outer loop
vertex 37.02077865600586 12.0 69.21589994430542
vertex 43.78560256958008 12.0 81.93868589401245
vertex 56.028377532958984 12.0 58.10280179977417
endloop
endfacet
facet normal 0.0 -1.0 0.0
outer loop
vertex 43.43413162231445 3.0 81.93868589401245
vertex 43.78560256958008 3.0 81.93868589401245
vertex 43.43413162231445 3.0 84.59157133102417
endloop
endfacet
facet normal 0.0 -1.0 0.0
outer loop
vertex 43.78560256958008 3.0 81.93868589401245
vertex 44.807804107666016 3.0 83.86117124557495
vertex 43.43413162231445 3.0 84.59157133102417
endloop
endfacet
facet normal 0.0 0.0 -1.0
outer loop
vertex 43.43413162231445 3.0 81.93868589401245
vertex 43.43413162231445 37.0 81.93868589401245
vertex 43.78560256958008 3.0 81.93868589401245
endloop
endfacet
facet normal 0.0 0.0 -1.0
outer loop
vertex 43.78560256958008 3.0 81.93868589401245
vertex 43.43413162231445 37.0 81.93868589401245
vertex 43.78560256958008 12.0 81.93868589401245
endloop
endfacet
facet normal -1.0 0.0 0.0
outer loop
vertex 43.43413162231445 3.0 81.93868589401245
vertex 43.43413162231445 3.0 84.59157133102417
vertex 43.43413162231445 37.0 84.59157133102417
endloop
endfacet
facet normal -0.8829479841936761 0.0 0.4694708267915309
outer loop
vertex 43.78560256958008 3.0 81.93868589401245
vertex 44.807804107666016 0.0 83.86117124557495
vertex 44.807804107666016 2.1320343017578125 83.86117124557495
endloop
endfacet
facet normal -0.8829479841936761 0.0 0.4694708267915309
outer loop
vertex 43.78560256958008 3.0 81.93868589401245
vertex 44.807804107666016 2.1320343017578125 83.86117124557495
vertex 44.807804107666016 3.0 83.86117124557495
endloop
endfacet
facet normal 0.46947097038703206 0.0 0.8829479078427325
outer loop
vertex 44.807804107666016 0.0 83.86117124557495
vertex 48.339595794677734 2.5 81.98328733444214
vertex 44.807804107666016 2.1320343017578125 83.86117124557495
endloop
endfacet
facet normal 0.46947430326336154 -1.8190977533397433e-06 0.8829461357138794
outer loop
vertex 43.43413162231445 3.0 84.59157133102417
vertex 44.807804107666016 3.0 83.86117124557495
vertex 48.42348098754883 12.0 81.93868589401245
endloop
endfacet
facet normal 0.46947077323134495 0.0 0.8829480126720729
outer loop
vertex 44.807804107666016 2.1320343017578125 83.86117124557495
vertex 48.42348098754883 12.0 81.93868589401245
vertex 44.807804107666016 3.0 83.86117124557495
endloop
endfacet
facet normal 0.4694717451256284 0.0 0.8829474959071446
outer loop
vertex 43.43413162231445 3.0 84.59157133102417
vertex 48.42348098754883 12.0 81.93868589401245
vertex 43.43413162231445 37.0 84.59157133102417
endloop
endfacet
facet normal -1.0 0.0 0.0
outer loop
vertex 43.43413162231445 3.0 81.93868589401245
vertex 43.43413162231445 37.0 84.59157133102417
vertex 43.43413162231445 37.0 81.93868589401245
endloop
endfacet
facet normal 0.0 0.0 -0.9999999999999999
outer loop
vertex 43.78560256958008 12.0 81.93868589401245
vertex 43.43413162231445 37.0 81.93868589401245
vertex 48.42348098754883 12.0 81.93868589401245
endloop
endfacet
facet normal -0.0 1.0 0.0
outer loop
vertex 43.43413162231445 37.0 81.93868589401245
vertex 43.43413162231445 37.0 84.59157133102417
vertex 48.42348098754883 37.0 81.93868589401245
endloop
endfacet
facet normal 0.46947097038703206 -0.0 0.8829479078427325
outer loop
vertex 44.807804107666016 2.1320343017578125 83.86117124557495
vertex 48.339595794677734 2.5 81.98328733444214
vertex 48.339595794677734 3.92620849609375 81.98328733444214
endloop
endfacet
facet normal 0.46947122488705384 -6.426112625889086e-07 0.8829477725226088
outer loop
vertex 44.807804107666016 2.1320343017578125 83.86117124557495
vertex 48.339595794677734 3.92620849609375 81.98328733444214
vertex 48.339603424072266 9.5 81.98328733444214
endloop
endfacet
facet normal 0.46946825436961 1.1838472156760666e-06 0.8829493519663231
outer loop
vertex 44.807804107666016 2.1320343017578125 83.86117124557495
vertex 48.339603424072266 9.5 81.98328733444214
vertex 48.42348098754883 12.0 81.93868589401245
endloop
endfacet
facet normal -0.882947527569413 0.0 0.46947168557758673
outer loop
vertex 48.339595794677734 2.5 81.98328733444214
vertex 53.03432083129883 2.5 90.81277799606323
vertex 48.339595794677734 3.92620849609375 81.98328733444214
endloop
endfacet
facet normal -0.8829478438209255 1.208577221861518e-06 0.46947109079315824
outer loop
vertex 48.339595794677734 3.92620849609375 81.98328733444214
vertex 53.03432083129883 9.5 90.81277799606323
vertex 48.339603424072266 9.5 81.98328733444214
endloop
endfacet
facet normal 0.0 0.0 -1.0
outer loop
vertex 43.43413162231445 37.0 81.93868589401245
vertex 48.42348098754883 37.0 81.93868589401245
vertex 48.42348098754883 12.0 81.93868589401245
endloop
endfacet
facet normal 0.46947174512562834 -0.0 0.8829474959071446
outer loop
vertex 43.43413162231445 37.0 84.59157133102417
vertex 48.42348098754883 12.0 81.93868589401245
vertex 48.42348098754883 37.0 81.93868589401245
endloop
endfacet
facet normal -0.8829475304933205 0.0 0.46947168007851847
outer loop
vertex 33.06111526489258 144.0 48.332881450653076
vertex 41.21034622192383 144.0 63.659350872039795
vertex 33.06111526489258 154.0 48.332881450653076
endloop
endfacet
facet normal 0.0 -1.0 0.0
outer loop
vertex 33.06111526489258 144.0 48.332881450653076
vertex 39.97297286987305 144.0 44.29175138473511
vertex 41.21034622192383 144.0 63.659350872039795
endloop
endfacet
facet normal 0.0 -1.0 0.0
outer loop
vertex 39.97297286987305 144.0 44.29175138473511
vertex 44.83010482788086 144.0 44.29175138473511
vertex 50.27090835571289 144.0 63.659350872039795
endloop
endfacet
facet normal 0.0 -1.0 0.0
outer loop
vertex 39.97297286987305 144.0 44.29175138473511
vertex 50.27090835571289 144.0 63.659350872039795
vertex 41.21034622192383 144.0 63.659350872039795
endloop
endfacet
facet normal 0.0 -1.0 0.0
outer loop
vertex 44.83010482788086 144.0 44.29175138473511
vertex 49.03352737426758 144.0 44.29175138473511
vertex 50.27090835571289 144.0 63.659350872039795
endloop
endfacet
facet normal 0.0 0.0 -1.0
outer loop
vertex 27.461162567138672 142.0 63.659350872039795
vertex 41.21034622192383 144.0 63.659350872039795
vertex 63.46116256713867 142.0 63.659350872039795
endloop
endfacet
facet normal 0.0 -1.0 0.0
outer loop
vertex 27.461162567138672 142.0 63.659350872039795
vertex 63.46116256713867 142.0 63.659350872039795
vertex 52.36684799194336 142.0 77.64706754684448
endloop
endfacet
facet normal -0.0 -1.0 0.0
outer loop
vertex 27.461162567138672 142.0 63.659350872039795
vertex 52.36684799194336 142.0 77.64706754684448
vertex 27.703548431396484 142.0 70.11522245407104
endloop
endfacet
facet normal 0.0 -0.9999999999999999 0.0
outer loop
vertex 27.703548431396484 142.0 70.11522245407104
vertex 52.36684799194336 142.0 77.64706754684448
vertex 37.17134475708008 142.0 87.92155027389526
endloop
endfacet
facet normal -0.8829475130949687 0.0 0.46947171280004746
outer loop
vertex 27.703548431396484 142.0 70.11522245407104
vertex 37.17134475708008 142.0 87.92155027389526
vertex 37.17134475708008 156.0 87.92155027389526
endloop
endfacet
facet normal 0.0 -1.0 0.0
outer loop
vertex 37.17134475708008 142.0 87.92155027389526
vertex 52.36684799194336 142.0 77.64706754684448
vertex 52.4476432800293 142.0 79.7989993095398
endloop
endfacet
facet normal 0.46947151587112657 -0.0 0.882947617803948
outer loop
vertex 37.17134475708008 142.0 87.92155027389526
vertex 52.4476432800293 142.0 79.7989993095398
vertex 52.4476432800293 156.0 79.7989993095398
endloop
endfacet
facet normal 0.882947625044395 0.0 -0.4694715022538244
outer loop
vertex 47.62149429321289 3.0 42.29175138473511
vertex 56.028377532958984 12.0 58.10280179977417
vertex 56.028377532958984 0.0 58.10280179977417
endloop
endfacet
facet normal 0.8829475846572248 0.0 -0.4694715782110486
outer loop
vertex 56.028377532958984 0.0 58.10280179977417
vertex 56.028377532958984 12.0 58.10280179977417
vertex 64.2326545715332 0.0 73.53280210494995
endloop
endfacet
facet normal 0.8829475846572248 0.0 -0.4694715782110486
outer loop
vertex 56.028377532958984 12.0 58.10280179977417
vertex 64.2326545715332 12.0 73.53280210494995
vertex 64.2326545715332 0.0 73.53280210494995
endloop
endfacet
facet normal 0.0 -0.9999999999999999 0.0
outer loop
vertex 44.807804107666016 0.0 83.86117124557495
vertex 56.028377532958984 0.0 58.10280179977417
vertex 64.2326545715332 0.0 73.53280210494995
endloop
endfacet
facet normal 0.0 1.0 0.0
outer loop
vertex 43.78560256958008 12.0 81.93868589401245
vertex 64.2326545715332 12.0 73.53280210494995
vertex 56.028377532958984 12.0 58.10280179977417
endloop
endfacet
facet normal 0.4694713126194159 -6.201634533603992e-07 0.8829477258745378
outer loop
vertex 44.807804107666016 0.0 83.86117124557495
vertex 64.2326545715332 0.0 73.53280210494995
vertex 48.339595794677734 2.5 81.98328733444214
endloop
endfacet
facet normal 0.0 -1.0 0.0
outer loop
vertex 48.339595794677734 2.5 81.98328733444214
vertex 57.303035736083984 2.5 78.34993314743042
vertex 52.676387786865234 2.5 80.8099627494812
endloop
endfacet
facet normal -0.0 1.0 0.0
outer loop
vertex 43.78560256958008 12.0 81.93868589401245
vertex 48.42348098754883 12.0 81.93868589401245
vertex 64.2326545715332 12.0 73.53280210494995
endloop
endfacet
facet normal 0.4694715081806296 1.043813004649923e-06 0.8829476218924402
outer loop
vertex 48.339603424072266 9.5 81.98328733444214
vertex 60.700870513916016 9.5 75.41068601608276
vertex 48.42348098754883 12.0 81.93868589401245
endloop
endfacet
facet normal 0.0 -1.0 0.0
outer loop
vertex 48.339595794677734 2.5 81.98328733444214
vertex 58.36256790161133 2.5 77.78657102584839
vertex 57.303035736083984 2.5 78.34993314743042
endloop
endfacet
facet normal 0.0 0.9999999999999999 0.0
outer loop
vertex 48.339603424072266 9.5 81.98328733444214
vertex 51.61684799194336 9.5 81.37333250045776
vertex 60.700870513916016 9.5 75.41068601608276
endloop
endfacet
facet normal 0.0 1.0 0.0
outer loop
vertex 51.61684799194336 9.5 81.37333250045776
vertex 52.676387786865234 9.5 80.8099627494812
vertex 60.700870513916016 9.5 75.41068601608276
endloop
endfacet
facet normal 0.0 -1.0 0.0
outer loop
vertex 48.339595794677734 2.5 81.98328733444214
vertex 60.700870513916016 2.5 75.41068601608276
vertex 58.36256790161133 2.5 77.78657102584839
endloop
endfacet
facet normal 0.0 1.0 0.0
outer loop
vertex 57.303035736083984 9.5 78.34993314743042
vertex 60.700870513916016 9.5 75.41068601608276
vertex 52.676387786865234 9.5 80.8099627494812
endloop
endfacet
facet normal 0.46947128228601637 -8.675165554732779e-07 0.8829477420028724
outer loop
vertex 48.339595794677734 2.5 81.98328733444214
vertex 64.2326545715332 0.0 73.53280210494995
vertex 60.700870513916016 2.5 75.41068601608276
endloop
endfacet
facet normal -0.08092877371635136 -0.9850300064768139 -0.1522051902040641
outer loop
vertex 58.36256790161133 2.5 77.78657102584839
vertex 58.24197769165039 2.149993896484375 80.11583280563354
vertex 57.303035736083984 2.5 78.34993314743042
endloop
endfacet
facet normal -0.08092989262737874 -0.9850299078861013 -0.1522052333174511
outer loop
vertex 58.36256790161133 2.5 77.78657102584839
vertex 59.301509857177734 2.149993896484375 79.55246305465698
vertex 58.24197769165039 2.149993896484375 80.11583280563354
endloop
endfacet
facet normal 0.46947143598147945 5.890038213425952e-07 0.8829476602818203
outer loop
vertex 48.42348098754883 12.0 81.93868589401245
vertex 60.700870513916016 9.5 75.41068601608276
vertex 64.2326545715332 12.0 73.53280210494995
endloop
endfacet
facet normal 0.0 1.0 0.0
outer loop
vertex 58.36256790161133 9.5 77.78657102584839
vertex 60.700870513916016 9.5 75.41068601608276
vertex 57.303035736083984 9.5 78.34993314743042
endloop
endfacet
facet normal -0.08092877371635136 0.9850300064768139 -0.1522051902040641
outer loop
vertex 58.36256790161133 9.5 77.78657102584839
vertex 57.303035736083984 9.5 78.34993314743042
vertex 58.24197769165039 9.850006103515625 80.11583280563354
endloop
endfacet
facet normal -0.08092989262737874 0.9850299078861013 -0.1522052333174511
outer loop
vertex 58.36256790161133 9.5 77.78657102584839
vertex 58.24197769165039 9.850006103515625 80.11583280563354
vertex 59.301509857177734 9.850006103515625 79.55246305465698
endloop
endfacet
facet normal 0.0 -1.0 0.0
outer loop
vertex 48.339595794677734 2.5 81.98328733444214
vertex 52.676387786865234 2.5 80.8099627494812
vertex 51.61684799194336 2.5 81.37333250045776
endloop
endfacet
facet normal -0.0809292976891801 -0.985029960308103 -0.15220521039357784
outer loop
vertex 51.61684799194336 2.5 81.37333250045776
vertex 52.676387786865234 2.5 80.8099627494812
vertex 52.5557975769043 2.149993896484375 83.13922452926636
endloop
endfacet
facet normal 0.0 -0.9999999999999999 0.0
outer loop
vertex 48.339595794677734 2.5 81.98328733444214
vertex 51.61684799194336 2.5 81.37333250045776
vertex 55.84209060668945 2.5 89.31985807418823
endloop
endfacet
facet normal -0.0809292976891801 0.985029960308103 -0.15220521039357784
outer loop
vertex 51.61684799194336 9.5 81.37333250045776
vertex 52.5557975769043 9.850006103515625 83.13922452926636
vertex 52.676387786865234 9.5 80.8099627494812
endloop
endfacet
facet normal -0.0 1.0 0.0
outer loop
vertex 48.339603424072266 9.5 81.98328733444214
vertex 53.03432083129883 9.5 90.81277799606323
vertex 51.61684799194336 9.5 81.37333250045776
endloop
endfacet
facet normal -0.08092877371635136 -0.9850300064768139 -0.1522051902040641
outer loop
vertex 52.676387786865234 2.5 80.8099627494812
vertex 53.61532974243164 2.149993896484375 82.57586240768433
vertex 52.5557975769043 2.149993896484375 83.13922452926636
endloop
endfacet
facet normal -0.8829475918322947 -2.0519069345053914e-05 0.4694715642682947
outer loop
vertex 51.61684799194336 2.5 81.37333250045776
vertex 52.5557975769043 2.149993896484375 83.13922452926636
vertex 55.84209060668945 2.5 89.31985807418823
endloop
endfacet
facet normal 0.0 -1.0 0.0
outer loop
vertex 52.5557975769043 2.149993896484375 83.13922452926636
vertex 53.61532974243164 2.149993896484375 82.57586240768433
vertex 55.372623443603516 2.149993896484375 88.4369158744812
endloop
endfacet
facet normal 0.8829475919827205 -8.960814606699184e-06 -0.4694715643482776
outer loop
vertex 52.676387786865234 2.5 80.8099627494812
vertex 56.90163040161133 2.5 88.75648832321167
vertex 53.61532974243164 2.149993896484375 82.57586240768433
endloop
endfacet
facet normal -0.08092877371635136 0.9850300064768139 -0.1522051902040641
outer loop
vertex 52.676387786865234 9.5 80.8099627494812
vertex 52.5557975769043 9.850006103515625 83.13922452926636
vertex 53.61532974243164 9.850006103515625 82.57586240768433
endloop
endfacet
facet normal -0.8829475918322947 2.0519069345053914e-05 0.4694715642682947
outer loop
vertex 51.61684799194336 9.5 81.37333250045776
vertex 55.84209060668945 9.5 89.31985807418823
vertex 52.5557975769043 9.850006103515625 83.13922452926636
endloop
endfacet
facet normal -0.0 1.0 0.0
outer loop
vertex 52.5557975769043 9.850006103515625 83.13922452926636
vertex 55.372623443603516 9.850006103515625 88.4369158744812
vertex 53.61532974243164 9.850006103515625 82.57586240768433
endloop
endfacet
facet normal 0.8829475919827205 8.960814606699184e-06 -0.4694715643482776
outer loop
vertex 52.676387786865234 9.5 80.8099627494812
vertex 53.61532974243164 9.850006103515625 82.57586240768433
vertex 56.90163040161133 9.5 88.75648832321167
endloop
endfacet
facet normal -0.8829475275694131 0.0 0.46947168557758684
outer loop
vertex 48.339595794677734 3.92620849609375 81.98328733444214
vertex 53.03432083129883 2.5 90.81277799606323
vertex 53.03432083129883 9.5 90.81277799606323
endloop
endfacet
facet normal 0.0 -1.0 0.0
outer loop
vertex 48.339595794677734 2.5 81.98328733444214
vertex 55.84209060668945 2.5 89.31985807418823
vertex 53.03432083129883 2.5 90.81277799606323
endloop
endfacet
facet normal -0.8829480479505127 6.822313872649889e-06 0.46947070683252945
outer loop
vertex 52.5557975769043 2.149993896484375 83.13922452926636
vertex 55.372623443603516 2.149993896484375 88.4369158744812
vertex 56.31156539916992 2.5 90.2028079032898
endloop
endfacet
facet normal -0.8829467455569675 -5.651845575858126e-05 0.469473152923598
outer loop
vertex 52.5557975769043 2.149993896484375 83.13922452926636
vertex 56.31156539916992 2.5 90.2028079032898
vertex 55.84209060668945 2.5 89.31985807418823
endloop
endfacet
facet normal -0.6454392678891968 0.0 0.7638115942211519
outer loop
vertex 53.03432083129883 2.5 90.81277799606323
vertex 54.679622650146484 8.699996948242188 92.20309782028198
vertex 53.03432083129883 9.5 90.81277799606323
endloop
endfacet
facet normal 0.17435744849522478 -0.9284767911083168 0.3279181735241855
outer loop
vertex 53.03432083129883 2.5 90.81277799606323
vertex 55.84209060668945 2.5 89.31985807418823
vertex 55.959468841552734 2.600006103515625 89.54060697555542
endloop
endfacet
facet normal -0.6454392678891968 0.0 0.763811594221152
outer loop
vertex 53.03432083129883 2.5 90.81277799606323
vertex 54.679622650146484 3.3000030517578125 92.20309782028198
vertex 54.679622650146484 8.699996948242188 92.20309782028198
endloop
endfacet
facet normal 0.17435788154917906 0.9284763457472732 0.3279192042706136
outer loop
vertex 54.679622650146484 8.699996948242188 92.20309782028198
vertex 55.959468841552734 9.399993896484375 89.54060697555542
vertex 53.03432083129883 9.5 90.81277799606323
endloop
endfacet
facet normal -0.0 1.0 0.0
outer loop
vertex 51.61684799194336 9.5 81.37333250045776
vertex 53.03432083129883 9.5 90.81277799606323
vertex 55.84209060668945 9.5 89.31985807418823
endloop
endfacet
facet normal -0.8829480479505127 -6.822313872649889e-06 0.46947070683252945
outer loop
vertex 52.5557975769043 9.850006103515625 83.13922452926636
vertex 56.31156539916992 9.5 90.2028079032898
vertex 55.372623443603516 9.850006103515625 88.4369158744812
endloop
endfacet
facet normal -0.8829467455569675 5.651845575858126e-05 0.469473152923598
outer loop
vertex 52.5557975769043 9.850006103515625 83.13922452926636
vertex 55.84209060668945 9.5 89.31985807418823
vertex 56.31156539916992 9.5 90.2028079032898
endloop
endfacet
facet normal 0.17435744849522478 0.9284767911083168 0.3279181735241855
outer loop
vertex 53.03432083129883 9.5 90.81277799606323
vertex 55.959468841552734 9.399993896484375 89.54060697555542
vertex 55.84209060668945 9.5 89.31985807418823
endloop
endfacet
facet normal 0.0 -1.0 0.0
outer loop
vertex 53.61532974243164 2.149993896484375 82.57586240768433
vertex 56.43216323852539 2.149993896484375 87.87354612350464
vertex 55.372623443603516 2.149993896484375 88.4369158744812
endloop
endfacet
facet normal 0.0 -0.9999999999999999 0.0
outer loop
vertex 52.676387786865234 2.5 80.8099627494812
vertex 61.52827835083008 2.5 86.29646635055542
vertex 56.90163040161133 2.5 88.75648832321167
endloop
endfacet
facet normal 0.0 1.0 -0.0
outer loop
vertex 57.303035736083984 9.5 78.34993314743042
vertex 52.676387786865234 9.5 80.8099627494812
vertex 56.90163040161133 9.5 88.75648832321167
endloop
endfacet
facet normal -0.0 1.0 0.0
outer loop
vertex 53.61532974243164 9.850006103515625 82.57586240768433
vertex 55.372623443603516 9.850006103515625 88.4369158744812
vertex 56.43216323852539 9.850006103515625 87.87354612350464
endloop
endfacet
facet normal -0.0 -0.9999999999999999 0.0
outer loop
vertex 57.303035736083984 2.5 78.34993314743042
vertex 61.52827835083008 2.5 86.29646635055542
vertex 52.676387786865234 2.5 80.8099627494812
endloop
endfacet
facet normal -0.8829477788366892 6.686702877069365e-06 0.46947121296480465
outer loop
vertex 57.303035736083984 2.5 78.34993314743042
vertex 58.24197769165039 2.149993896484375 80.11583280563354
vertex 61.52827835083008 2.5 86.29646635055542
endloop
endfacet
facet normal -0.8829477788366892 -6.686702877069365e-06 0.46947121296480465
outer loop
vertex 57.303035736083984 9.5 78.34993314743042
vertex 61.52827835083008 9.5 86.29646635055542
vertex 58.24197769165039 9.850006103515625 80.11583280563354
endloop
endfacet
facet normal -0.0 0.9999999999999999 -0.0
outer loop
vertex 57.303035736083984 9.5 78.34993314743042
vertex 56.90163040161133 9.5 88.75648832321167
vertex 61.52827835083008 9.5 86.29646635055542
endloop
endfacet
facet normal 0.8829472406220256 3.0042942961104157e-06 -0.4694722252369413
outer loop
vertex 53.61532974243164 2.149993896484375 82.57586240768433
vertex 57.3711051940918 2.5 89.63943815231323
vertex 56.43216323852539 2.149993896484375 87.87354612350464
endloop
endfacet
facet normal 0.8829467466444277 2.7038555659339156e-05 -0.46947315350181335
outer loop
vertex 53.61532974243164 2.149993896484375 82.57586240768433
vertex 56.90163040161133 2.5 88.75648832321167
vertex 57.3711051940918 2.5 89.63943815231323
endloop
endfacet
facet normal 0.080929438318599 -0.9850299078863695 0.15220547487789815
outer loop
vertex 55.372623443603516 2.149993896484375 88.4369158744812
vertex 56.43216323852539 2.149993896484375 87.87354612350464
vertex 56.31156539916992 2.5 90.2028079032898
endloop
endfacet
facet normal 0.080929438318599 -0.9850299078863695 0.15220547487789815
outer loop
vertex 56.43216323852539 2.149993896484375 87.87354612350464
vertex 57.3711051940918 2.5 89.63943815231323
vertex 56.31156539916992 2.5 90.2028079032898
endloop
endfacet
facet normal 0.8829467465571588 -3.0475564770623384e-05 -0.46947315345541146
outer loop
vertex 56.90163040161133 2.5 88.75648832321167
vertex 57.01900863647461 2.600006103515625 88.97723722457886
vertex 57.3711051940918 2.5 89.63943815231323
endloop
endfacet
facet normal -0.8829467465571588 3.0475564770623384e-05 0.46947315345541146
outer loop
vertex 55.84209060668945 2.5 89.31985807418823
vertex 56.31156539916992 2.5 90.2028079032898
vertex 55.959468841552734 2.600006103515625 89.54060697555542
endloop
endfacet
facet normal 0.17435566529610635 0.9284770708596988 0.3279183295684249
outer loop
vertex 54.679622650146484 8.699996948242188 92.20309782028198
vertex 57.01900863647461 9.399993896484375 88.97724485397339
vertex 55.959468841552734 9.399993896484375 89.54060697555542
endloop
endfacet
facet normal -0.8829486547680262 0.0 0.46946956561989506
outer loop
vertex 55.959468841552734 2.600006103515625 89.54060697555542
vertex 56.31156539916992 2.5 90.2028079032898
vertex 56.31156539916992 2.600006103515625 90.2028079032898
endloop
endfacet
facet normal 0.0 0.9999999999999999 -0.0
outer loop
vertex 57.01900863647461 2.600006103515625 88.97723722457886
vertex 55.959468841552734 2.600006103515625 89.54060697555542
vertex 56.31156539916992 2.600006103515625 90.2028079032898
endloop
endfacet
facet normal 0.46947315367342546 0.0 0.8829467469671817
outer loop
vertex 56.31156539916992 2.5 90.2028079032898
vertex 57.3711051940918 2.600006103515625 89.63943815231323
vertex 56.31156539916992 2.600006103515625 90.2028079032898
endloop
endfacet
facet normal -0.0 0.9999999999999999 -0.0
outer loop
vertex 57.01900863647461 2.600006103515625 88.97723722457886
vertex 56.31156539916992 2.600006103515625 90.2028079032898
vertex 57.3711051940918 2.600006103515625 89.63943815231323
endloop
endfacet
facet normal 0.46947315367342546 -0.0 0.8829467469671817
outer loop
vertex 56.31156539916992 2.5 90.2028079032898
vertex 57.3711051940918 2.5 89.63943815231323
vertex 57.3711051940918 2.600006103515625 89.63943815231323
endloop
endfacet
facet normal 0.8829472406220256 -3.0042942961104157e-06 -0.4694722252369413
outer loop
vertex 53.61532974243164 9.850006103515625 82.57586240768433
vertex 56.43216323852539 9.850006103515625 87.87354612350464
vertex 57.3711051940918 9.5 89.63943815231323
endloop
endfacet
facet normal 0.8829467466444277 -2.7038555659339156e-05 -0.46947315350181335
outer loop
vertex 53.61532974243164 9.850006103515625 82.57586240768433
vertex 57.3711051940918 9.5 89.63943815231323
vertex 56.90163040161133 9.5 88.75648832321167
endloop
endfacet
facet normal 0.080929438318599 0.9850299078863695 0.15220547487789815
outer loop
vertex 55.372623443603516 9.850006103515625 88.4369158744812
vertex 56.31156539916992 9.5 90.2028079032898
vertex 56.43216323852539 9.850006103515625 87.87354612350464
endloop
endfacet
facet normal 0.080929438318599 0.9850299078863695 0.15220547487789815
outer loop
vertex 56.43216323852539 9.850006103515625 87.87354612350464
vertex 56.31156539916992 9.5 90.2028079032898
vertex 57.3711051940918 9.5 89.63943815231323
endloop
endfacet
facet normal 0.8829467469545917 -5.340208305888644e-06 -0.4694731536667312
outer loop
vertex 56.90163040161133 9.5 88.75648832321167
vertex 57.3711051940918 9.5 89.63943815231323
vertex 57.01900863647461 9.399993896484375 88.97724485397339
endloop
endfacet
facet normal -0.8829467465571588 -3.0475564770623384e-05 0.46947315345541146
outer loop
vertex 55.84209060668945 9.5 89.31985807418823
vertex 55.959468841552734 9.399993896484375 89.54060697555542
vertex 56.31156539916992 9.5 90.2028079032898
endloop
endfacet
facet normal -0.8829486547680262 0.0 0.46946956561989506
outer loop
vertex 55.959468841552734 9.399993896484375 89.54060697555542
vertex 56.31156539916992 9.399993896484375 90.2028079032898
vertex 56.31156539916992 9.5 90.2028079032898
endloop
endfacet
facet normal 0.0 -0.9999999999999999 0.0
outer loop
vertex 55.959468841552734 9.399993896484375 89.54060697555542
vertex 57.3711051940918 9.399993896484375 89.63943815231323
vertex 56.31156539916992 9.399993896484375 90.2028079032898
endloop
endfacet
facet normal -0.0 -1.0 0.0
outer loop
vertex 57.01900863647461 9.399993896484375 88.97724485397339
vertex 57.3711051940918 9.399993896484375 89.63943815231323
vertex 55.959468841552734 9.399993896484375 89.54060697555542
endloop
endfacet
facet normal 0.46947315367342546 0.0 0.8829467469671817
outer loop
vertex 56.31156539916992 9.399993896484375 90.2028079032898
vertex 57.3711051940918 9.399993896484375 89.63943815231323
vertex 56.31156539916992 9.5 90.2028079032898
endloop
endfacet
facet normal 0.46947315367342546 -0.0 0.8829467469671817
outer loop
vertex 56.31156539916992 9.5 90.2028079032898
vertex 57.3711051940918 9.399993896484375 89.63943815231323
vertex 57.3711051940918 9.5 89.63943815231323
endloop
endfacet
facet normal 0.17435822730671688 0.9284760145050782 0.3279199583118188
outer loop
vertex 54.679622650146484 8.699996948242188 92.20309782028198
vertex 61.64564895629883 9.399993896484375 86.51721525192261
vertex 57.01900863647461 9.399993896484375 88.97724485397339
endloop
endfacet
facet normal 0.17435689426846412 -0.9284767911052406 0.32791846822033505
outer loop
vertex 56.90163040161133 2.5 88.75648832321167
vertex 61.64564895629883 2.600006103515625 86.51721525192261
vertex 57.01900863647461 2.600006103515625 88.97723722457886
endloop
endfacet
facet normal 0.1743577042577011 -0.9284765280774444 0.32791878228494087
outer loop
vertex 53.03432083129883 2.5 90.81277799606323
vertex 55.959468841552734 2.600006103515625 89.54060697555542
vertex 65.62817001342773 3.3000030517578125 86.38164854049683
endloop
endfacet
facet normal 0.8829486547680262 0.0 -0.46946956561989506
outer loop
vertex 57.01900863647461 2.600006103515625 88.97723722457886
vertex 57.3711051940918 2.600006103515625 89.63943815231323
vertex 57.3711051940918 2.5 89.63943815231323
endloop
endfacet
facet normal 0.17435785196393971 -0.9284763400879451 0.3279192360252988
outer loop
vertex 53.03432083129883 2.5 90.81277799606323
vertex 65.62817001342773 3.3000030517578125 86.38164854049683
vertex 54.679622650146484 3.3000030517578125 92.20309782028198
endloop
endfacet
facet normal 0.46947177552369906 0.0 0.8829474797441949
outer loop
vertex 54.679622650146484 3.3000030517578125 92.20309782028198
vertex 65.62817001342773 3.3000030517578125 86.38164854049683
vertex 54.679622650146484 8.699996948242188 92.20309782028198
endloop
endfacet
facet normal 0.17435262035674978 0.9284802415550021 0.32791097086968624
outer loop
vertex 56.90163040161133 9.5 88.75648832321167
vertex 57.01900863647461 9.399993896484375 88.97724485397339
vertex 61.52827835083008 9.5 86.29646635055542
endloop
endfacet
facet normal 0.8829464126602949 0.0 -0.46947378240996157
outer loop
vertex 57.01900863647461 9.399993896484375 88.97724485397339
vertex 57.3711051940918 9.5 89.63943815231323
vertex 57.3711051940918 9.399993896484375 89.63943815231323
endloop
endfacet
facet normal 0.46947176101928756 0.0 0.8829474874563316
outer loop
vertex 60.700870513916016 2.5 75.41068601608276
vertex 64.2326545715332 12.0 73.53280210494995
vertex 60.700870513916016 9.5 75.41068601608276
endloop
endfacet
facet normal 0.46947176101928756 -0.0 0.8829474874563317
outer loop
vertex 60.700870513916016 2.5 75.41068601608276
vertex 64.2326545715332 0.0 73.53280210494995
vertex 64.2326545715332 12.0 73.53280210494995
endloop
endfacet
facet normal 0.0 -1.0 0.0
outer loop
vertex 58.36256790161133 2.5 77.78657102584839
vertex 60.700870513916016 2.5 75.41068601608276
vertex 65.39558792114258 2.5 84.24017667770386
endloop
endfacet
facet normal 0.8829478438215704 0.0 -0.46947109079350113
outer loop
vertex 60.700870513916016 2.5 75.41068601608276
vertex 60.700870513916016 9.5 75.41068601608276
vertex 65.39558792114258 9.5 84.24017667770386
endloop
endfacet
facet normal -0.0 1.0 0.0
outer loop
vertex 58.36256790161133 9.5 77.78657102584839
vertex 65.39558792114258 9.5 84.24017667770386
vertex 60.700870513916016 9.5 75.41068601608276
endloop
endfacet
facet normal 0.0 -1.0 0.0
outer loop
vertex 58.24197769165039 2.149993896484375 80.11583280563354
vertex 59.301509857177734 2.149993896484375 79.55246305465698
vertex 61.05880355834961 2.149993896484375 85.41351652145386
endloop
endfacet
facet normal 0.8829475920174542 1.2726748943596342e-06 -0.4694715643667458
outer loop
vertex 58.36256790161133 2.5 77.78657102584839
vertex 62.58781051635742 2.5 85.73309659957886
vertex 59.301509857177734 2.149993896484375 79.55246305465698
endloop
endfacet
facet normal 0.0 -1.0 0.0
outer loop
vertex 59.301509857177734 2.149993896484375 79.55246305465698
vertex 62.118343353271484 2.149993896484375 84.8501467704773
vertex 61.05880355834961 2.149993896484375 85.41351652145386
endloop
endfacet
facet normal -0.8829477677090312 3.4111607661822576e-06 0.4694712339281318
outer loop
vertex 58.24197769165039 2.149993896484375 80.11583280563354
vertex 61.05880355834961 2.149993896484375 85.41351652145386
vertex 61.997745513916016 2.5 87.17940855026245
endloop
endfacet
facet normal -0.8829482276566455 2.5818316105608085e-05 0.4694703681931411
outer loop
vertex 58.24197769165039 2.149993896484375 80.11583280563354
vertex 61.997745513916016 2.5 87.17940855026245
vertex 61.52827835083008 2.5 86.29646635055542
endloop
endfacet
facet normal -0.0 1.0 0.0
outer loop
vertex 58.24197769165039 9.850006103515625 80.11583280563354
vertex 61.05880355834961 9.850006103515625 85.41351652145386
vertex 59.301509857177734 9.850006103515625 79.55246305465698
endloop
endfacet
facet normal 0.8829475920174542 -1.2726748943596342e-06 -0.4694715643667458
outer loop
vertex 58.36256790161133 9.5 77.78657102584839
vertex 59.301509857177734 9.850006103515625 79.55246305465698
vertex 62.58781051635742 9.5 85.73309659957886
endloop
endfacet
facet normal -0.0 1.0 0.0
outer loop
vertex 59.301509857177734 9.850006103515625 79.55246305465698
vertex 61.05880355834961 9.850006103515625 85.41351652145386
vertex 62.118343353271484 9.850006103515625 84.8501467704773
endloop
endfacet
facet normal -0.8829477677090312 -3.4111607661822576e-06 0.4694712339281318
outer loop
vertex 58.24197769165039 9.850006103515625 80.11583280563354
vertex 61.997745513916016 9.5 87.17940855026245
vertex 61.05880355834961 9.850006103515625 85.41351652145386
endloop
endfacet
facet normal -0.8829482276566455 -2.5818316105608085e-05 0.4694703681931411
outer loop
vertex 58.24197769165039 9.850006103515625 80.11583280563354
vertex 61.52827835083008 9.5 86.29646635055542
vertex 61.997745513916016 9.5 87.17940855026245
endloop
endfacet
facet normal 0.0 -0.9999999999999999 0.0
outer loop
vertex 58.36256790161133 2.5 77.78657102584839
vertex 65.39558792114258 2.5 84.24017667770386
vertex 62.58781051635742 2.5 85.73309659957886
endloop
endfacet
facet normal 0.8829472405486466 1.3237798201997388e-05 -0.4694722251979249
outer loop
vertex 59.301509857177734 2.149993896484375 79.55246305465698
vertex 63.05728530883789 2.5 86.61604642868042
vertex 62.118343353271484 2.149993896484375 84.8501467704773
endloop
endfacet
facet normal 0.8829467463538834 3.727207978827699e-05 -0.46947315334732753
outer loop
vertex 59.301509857177734 2.149993896484375 79.55246305465698
vertex 62.58781051635742 2.5 85.73309659957886
vertex 63.05728530883789 2.5 86.61604642868042
endloop
endfacet
facet normal 0.080929438318599 -0.9850299078863695 0.15220547487789815
outer loop
vertex 61.05880355834961 2.149993896484375 85.41351652145386
vertex 62.118343353271484 2.149993896484375 84.8501467704773
vertex 61.997745513916016 2.5 87.17940855026245
endloop
endfacet
facet normal 0.0809283194120367 -0.9850300064767482 0.1522054317610272
outer loop
vertex 62.118343353271484 2.149993896484375 84.8501467704773
vertex 63.05728530883789 2.5 86.61604642868042
vertex 61.997745513916016 2.5 87.17940855026245
endloop
endfacet
facet normal 0.8829467465571588 -3.0475564770623384e-05 -0.46947315345541146
outer loop
vertex 62.58781051635742 2.5 85.73309659957886
vertex 62.7051887512207 2.600006103515625 85.95384550094604
vertex 63.05728530883789 2.5 86.61604642868042
endloop
endfacet
facet normal 0.8829486547680262 0.0 -0.46946956561989506
outer loop
vertex 62.7051887512207 2.600006103515625 85.95384550094604
vertex 63.05728530883789 2.600006103515625 86.61604642868042
vertex 63.05728530883789 2.5 86.61604642868042
endloop
endfacet
facet normal 0.174358281653903 -0.92847641007568 0.32791880938987883
outer loop
vertex 62.7051887512207 2.600006103515625 85.95384550094604
vertex 65.62817001342773 3.3000030517578125 86.38164854049683
vertex 61.64564895629883 2.600006103515625 86.51721525192261
endloop
endfacet
facet normal -0.0 0.9999999999999999 0.0
outer loop
vertex 58.36256790161133 9.5 77.78657102584839
vertex 62.58781051635742 9.5 85.73309659957886
vertex 65.39558792114258 9.5 84.24017667770386
endloop
endfacet
facet normal 0.8829472405486466 -1.3237798201997388e-05 -0.4694722251979249
outer loop
vertex 59.301509857177734 9.850006103515625 79.55246305465698
vertex 62.118343353271484 9.850006103515625 84.8501467704773
vertex 63.05728530883789 9.5 86.61604642868042
endloop
endfacet
facet normal 0.8829467463538834 -3.727207978827699e-05 -0.46947315334732753
outer loop
vertex 59.301509857177734 9.850006103515625 79.55246305465698
vertex 63.05728530883789 9.5 86.61604642868042
vertex 62.58781051635742 9.5 85.73309659957886
endloop
endfacet
facet normal 0.080929438318599 0.9850299078863695 0.15220547487789815
outer loop
vertex 61.05880355834961 9.850006103515625 85.41351652145386
vertex 61.997745513916016 9.5 87.17940855026245
vertex 62.118343353271484 9.850006103515625 84.8501467704773
endloop
endfacet
facet normal 0.0809283194120367 0.9850300064767482 0.1522054317610272
outer loop
vertex 62.118343353271484 9.850006103515625 84.8501467704773
vertex 61.997745513916016 9.5 87.17940855026245
vertex 63.05728530883789 9.5 86.61604642868042
endloop
endfacet
facet normal -0.0 -0.9999999999999999 0.0
outer loop
vertex 62.7051887512207 9.399993896484375 85.95384550094604
vertex 63.05728530883789 9.399993896484375 86.61604642868042
vertex 61.64564895629883 9.399993896484375 86.51721525192261
endloop
endfacet
facet normal 0.8829467465571588 3.0475564770623384e-05 -0.46947315345541146
outer loop
vertex 62.58781051635742 9.5 85.73309659957886
vertex 63.05728530883789 9.5 86.61604642868042
vertex 62.7051887512207 9.399993896484375 85.95384550094604
endloop
endfacet
facet normal 0.8829486547680262 0.0 -0.46946956561989506
outer loop
vertex 62.7051887512207 9.399993896484375 85.95384550094604
vertex 63.05728530883789 9.5 86.61604642868042
vertex 63.05728530883789 9.399993896484375 86.61604642868042
endloop
endfacet
facet normal 0.17435882348306547 -0.9284749563763252 0.32792263730273696
outer loop
vertex 56.90163040161133 2.5 88.75648832321167
vertex 61.52827835083008 2.5 86.29646635055542
vertex 61.64564895629883 2.600006103515625 86.51721525192261
endloop
endfacet
facet normal 0.17435699126322343 -0.9284775095106189 0.327916382528526
outer loop
vertex 57.01900863647461 2.600006103515625 88.97723722457886
vertex 65.62817001342773 3.3000030517578125 86.38164854049683
vertex 55.959468841552734 2.600006103515625 89.54060697555542
endloop
endfacet
facet normal 0.1743599440567621 0.9284749936660864 0.327921935901342
outer loop
vertex 54.679622650146484 8.699996948242188 92.20309782028198
vertex 62.7051887512207 9.399993896484375 85.95384550094604
vertex 61.64564895629883 9.399993896484375 86.51721525192261
endloop
endfacet
facet normal 0.17435735037722064 0.9284765938472811 0.327918784224366
outer loop
vertex 54.679622650146484 8.699996948242188 92.20309782028198
vertex 65.39558792114258 9.5 84.24017667770386
vertex 62.7051887512207 9.399993896484375 85.95384550094604
endloop
endfacet
facet normal 0.1743594692025474 0.9284749563732516 0.32792229397693345
outer loop
vertex 57.01900863647461 9.399993896484375 88.97724485397339
vertex 61.64564895629883 9.399993896484375 86.51721525192261
vertex 61.52827835083008 9.5 86.29646635055542
endloop
endfacet
facet normal -0.8829482275797103 -2.8997484778498198e-05 0.46947036815223403
outer loop
vertex 61.52827835083008 2.5 86.29646635055542
vertex 61.997745513916016 2.5 87.17940855026245
vertex 61.64564895629883 2.600006103515625 86.51721525192261
endloop
endfacet
facet normal -0.8829464126602949 0.0 0.46947378240996157
outer loop
vertex 61.64564895629883 2.600006103515625 86.51721525192261
vertex 61.997745513916016 2.5 87.17940855026245
vertex 61.997745513916016 2.600006103515625 87.17940855026245
endloop
endfacet
facet normal 0.17435822308357585 -0.9284756589194272 0.32792096736450604
outer loop
vertex 57.01900863647461 2.600006103515625 88.97723722457886
vertex 61.64564895629883 2.600006103515625 86.51721525192261
vertex 65.62817001342773 3.3000030517578125 86.38164854049683
endloop
endfacet
facet normal 0.0 1.0 -0.0
outer loop
vertex 62.7051887512207 2.600006103515625 85.95384550094604
vertex 61.64564895629883 2.600006103515625 86.51721525192261
vertex 61.997745513916016 2.600006103515625 87.17940855026245
endloop
endfacet
facet normal 0.4694681971372784 0.0 0.8829493823978097
outer loop
vertex 61.997745513916016 2.5 87.17940855026245
vertex 63.05728530883789 2.600006103515625 86.61604642868042
vertex 61.997745513916016 2.600006103515625 87.17940855026245
endloop
endfacet
facet normal 0.17435817054145258 0.928476068652055 0.3279198351821103
outer loop
vertex 54.679622650146484 8.699996948242188 92.20309782028198
vertex 65.62817001342773 8.699996948242188 86.38164854049683
vertex 65.39558792114258 9.5 84.24017667770386
endloop
endfacet
facet normal 0.46947177552369906 -0.0 0.8829474797441949
outer loop
vertex 54.679622650146484 8.699996948242188 92.20309782028198
vertex 65.62817001342773 3.3000030517578125 86.38164854049683
vertex 65.62817001342773 8.699996948242188 86.38164854049683
endloop
endfacet
facet normal -0.0 1.0 -0.0
outer loop
vertex 62.7051887512207 2.600006103515625 85.95384550094604
vertex 61.997745513916016 2.600006103515625 87.17940855026245
vertex 63.05728530883789 2.600006103515625 86.61604642868042
endloop
endfacet
facet normal 0.4694681971372784 -0.0 0.8829493823978097
outer loop
vertex 61.997745513916016 2.5 87.17940855026245
vertex 63.05728530883789 2.5 86.61604642868042
vertex 63.05728530883789 2.600006103515625 86.61604642868042
endloop
endfacet
facet normal -0.8829482275797103 2.8997484778498198e-05 0.46947036815223403
outer loop
vertex 61.52827835083008 9.5 86.29646635055542
vertex 61.64564895629883 9.399993896484375 86.51721525192261
vertex 61.997745513916016 9.5 87.17940855026245
endloop
endfacet
facet normal -0.8829464126602949 0.0 0.46947378240996157
outer loop
vertex 61.64564895629883 9.399993896484375 86.51721525192261
vertex 61.997745513916016 9.399993896484375 87.17940855026245
vertex 61.997745513916016 9.5 87.17940855026245
endloop
endfacet
facet normal 0.0 -1.0 0.0
outer loop
vertex 61.64564895629883 9.399993896484375 86.51721525192261
vertex 63.05728530883789 9.399993896484375 86.61604642868042
vertex 61.997745513916016 9.399993896484375 87.17940855026245
endloop
endfacet
facet normal 0.4694681971372784 0.0 0.8829493823978097
outer loop
vertex 61.997745513916016 9.399993896484375 87.17940855026245
vertex 63.05728530883789 9.399993896484375 86.61604642868042
vertex 61.997745513916016 9.5 87.17940855026245
endloop
endfacet
facet normal 0.4694681971372784 -0.0 0.8829493823978097
outer loop
vertex 61.997745513916016 9.5 87.17940855026245
vertex 63.05728530883789 9.399993896484375 86.61604642868042
vertex 63.05728530883789 9.5 86.61604642868042
endloop
endfacet
facet normal 0.8829478438215704 0.0 -0.46947109079350113
outer loop
vertex 60.700870513916016 2.5 75.41068601608276
vertex 65.39558792114258 9.5 84.24017667770386
vertex 65.39558792114258 2.5 84.24017667770386
endloop
endfacet
facet normal 0.17435707914779072 -0.9284767911063075 0.3279183699154185
outer loop
vertex 62.58781051635742 2.5 85.73309659957886
vertex 65.39558792114258 2.5 84.24017667770386
vertex 62.7051887512207 2.600006103515625 85.95384550094604
endloop
endfacet
facet normal 0.17435805077436176 -0.9284760844629034 0.32791985409639457
outer loop
vertex 62.7051887512207 2.600006103515625 85.95384550094604
vertex 65.39558792114258 2.5 84.24017667770386
vertex 65.62817001342773 3.3000030517578125 86.38164854049683
endloop
endfacet
facet normal 0.994153764827807 0.0 -0.1079735702785512
outer loop
vertex 65.39558792114258 2.5 84.24017667770386
vertex 65.39558792114258 9.5 84.24017667770386
vertex 65.62817001342773 3.3000030517578125 86.38164854049683
endloop
endfacet
facet normal 0.994153764827807 0.0 -0.1079735702785512
outer loop
vertex 65.39558792114258 9.5 84.24017667770386
vertex 65.62817001342773 8.699996948242188 86.38164854049683
vertex 65.62817001342773 3.3000030517578125 86.38164854049683
endloop
endfacet
facet normal 0.17435707914779072 0.9284767911063075 0.3279183699154185
outer loop
vertex 62.58781051635742 9.5 85.73309659957886
vertex 62.7051887512207 9.399993896484375 85.95384550094604
vertex 65.39558792114258 9.5 84.24017667770386
endloop
endfacet
facet normal 0.0 -1.0 0.0
outer loop
vertex 49.03352737426758 144.0 44.29175138473511
vertex 57.18275833129883 144.0 59.61822843551636
vertex 50.27090835571289 144.0 63.659350872039795
endloop
endfacet
facet normal 0.8829476273660181 0.0 -0.46947149788748566
outer loop
vertex 49.03352737426758 144.0 44.29175138473511
vertex 57.18275833129883 154.0 59.61822843551636
vertex 57.18275833129883 144.0 59.61822843551636
endloop
endfacet
facet normal 0.0 0.0 -1.0
outer loop
vertex 41.21034622192383 144.0 63.659350872039795
vertex 50.27090835571289 144.0 63.659350872039795
vertex 63.46116256713867 142.0 63.659350872039795
endloop
endfacet
facet normal 0.0 -1.0 0.0
outer loop
vertex 50.27090835571289 144.0 63.659350872039795
vertex 57.18275833129883 144.0 59.61822843551636
vertex 59.33146286010742 144.0 63.659350872039795
endloop
endfacet
facet normal 0.8829474466079779 0.0 -0.469471837843818
outer loop
vertex 57.18275833129883 144.0 59.61822843551636
vertex 59.33146286010742 154.0 63.659350872039795
vertex 59.33146286010742 144.0 63.659350872039795
endloop
endfacet
facet normal 0.0 0.0 -1.0
outer loop
vertex 50.27090835571289 144.0 63.659350872039795
vertex 59.33146286010742 144.0 63.659350872039795
vertex 63.46116256713867 142.0 63.659350872039795
endloop
endfacet
facet normal 0.0 0.0 -1.0
outer loop
vertex 59.33146286010742 144.0 63.659350872039795
vertex 59.33146286010742 154.0 63.659350872039795
vertex 63.46116256713867 142.0 63.659350872039795
endloop
endfacet
facet normal 0.8829475376743839 0.0 -0.46947166657290657
outer loop
vertex 63.46116256713867 142.0 63.659350872039795
vertex 63.46116256713867 154.0 63.659350872039795
vertex 67.72393417358398 143.81704092025757 71.67645597457886
endloop
endfacet
facet normal 0.8829475376682608 3.7241872503046574e-06 -0.46947166656965084
outer loop
vertex 63.46116256713867 142.0 63.659350872039795
vertex 67.72392654418945 143.80881214141846 71.67645597457886
vertex 67.72393417358398 142.0 71.67645597457886
endloop
endfacet
facet normal 0.8830241462667274 -0.0008187046613123741 -0.4693268443553968
outer loop
vertex 63.46116256713867 142.0 63.659350872039795
vertex 67.72393417358398 143.81704092025757 71.67645597457886
vertex 67.72392654418945 143.80881214141846 71.67645597457886
endloop
endfacet
facet normal -0.9992959131709299 0.0 0.037519034101071935
outer loop
vertex 52.36684799194336 138.0 77.64706754684448
vertex 52.4476432800293 138.0 79.7989993095398
vertex 52.4476432800293 142.0 79.7989993095398
endloop
endfacet
facet normal -0.9992959131709299 0.0 0.037519034101071935
outer loop
vertex 52.36684799194336 138.0 77.64706754684448
vertex 52.4476432800293 142.0 79.7989993095398
vertex 52.36684799194336 142.0 77.64706754684448
endloop
endfacet
facet normal 0.4694710114301797 0.0 0.882947886019738
outer loop
vertex 52.4476432800293 138.0 79.7989993095398
vertex 53.467586517333984 146.5 79.25668668746948
vertex 52.4476432800293 142.0 79.7989993095398
endloop
endfacet
facet normal 0.4694710114301797 -0.0 0.882947886019738
outer loop
vertex 52.4476432800293 142.0 79.7989993095398
vertex 53.467586517333984 146.5 79.25668668746948
vertex 53.467586517333984 151.5 79.25668668746948
endloop
endfacet
facet normal 0.3510929632912581 -0.9362478129848578 -0.013181950099817851
outer loop
vertex 52.36684799194336 138.0 77.64706754684448
vertex 62.89885330200195 142.0 74.0604739189148
vertex 52.4476432800293 138.0 79.7989993095398
endloop
endfacet
facet normal -0.32236287660062435 0.0 -0.9466161713122013
outer loop
vertex 52.36684799194336 138.0 77.64706754684448
vertex 52.36684799194336 142.0 77.64706754684448
vertex 62.89885330200195 142.0 74.0604739189148
endloop
endfacet
facet normal 0.46947169919049075 -1.0585811018651281e-07 0.8829475203312948
outer loop
vertex 52.4476432800293 138.0 79.7989993095398
vertex 62.90553665161133 142.0 74.23843717575073
vertex 53.467586517333984 146.5 79.25668668746948
endloop
endfacet
facet normal 0.0 -1.0 0.0
outer loop
vertex 53.467586517333984 146.5 79.25668668746948
vertex 56.61240005493164 146.5 78.71715116500854
vertex 55.552860260009766 146.5 79.28052091598511
endloop
endfacet
facet normal 0.0 -1.0 0.0
outer loop
vertex 53.467586517333984 146.5 79.25668668746948
vertex 59.2082633972168 146.5 77.33690977096558
vertex 56.61240005493164 146.5 78.71715116500854
endloop
endfacet
facet normal -0.08092804758634004 -0.985030426298633 -0.15220285930230165
outer loop
vertex 55.552860260009766 146.5 79.28052091598511
vertex 56.61240005493164 146.5 78.71715116500854
vertex 56.49180221557617 146.15000009536743 81.0464129447937
endloop
endfacet
facet normal -0.08092692869872722 -0.9850305248856753 -0.1522028161856481
outer loop
vertex 56.61240005493164 146.5 78.71715116500854
vertex 57.55134201049805 146.15000009536743 80.48305082321167
vertex 56.49180221557617 146.15000009536743 81.0464129447937
endloop
endfacet
facet normal 0.0 -0.9999999999999999 0.0
outer loop
vertex 53.467586517333984 146.5 79.25668668746948
vertex 60.26780319213867 146.5 76.77354001998901
vertex 59.2082633972168 146.5 77.33690977096558
endloop
endfacet
facet normal 0.0 -1.0 0.0
outer loop
vertex 53.467586517333984 146.5 79.25668668746948
vertex 61.41411209106445 146.5 75.03144407272339
vertex 60.26780319213867 146.5 76.77354001998901
endloop
endfacet
facet normal -0.8829475275694132 0.0 0.46947168557758684
outer loop
vertex 53.467586517333984 146.5 79.25668668746948
vertex 58.16231155395508 146.5 88.08617734909058
vertex 53.467586517333984 151.5 79.25668668746948
endloop
endfacet
facet normal 0.0 -1.0 0.0
outer loop
vertex 53.467586517333984 146.5 79.25668668746948
vertex 55.552860260009766 146.5 79.28052091598511
vertex 59.77810287475586 146.5 87.22704648971558
endloop
endfacet
facet normal 0.0 -1.0 0.0
outer loop
vertex 53.467586517333984 146.5 79.25668668746948
vertex 59.77810287475586 146.5 87.22704648971558
vertex 58.16231155395508 146.5 88.08617734909058
endloop
endfacet
facet normal -0.8829475920174541 -1.272697434831031e-06 0.46947156436674575
outer loop
vertex 55.552860260009766 146.5 79.28052091598511
vertex 56.49180221557617 146.15000009536743 81.0464129447937
vertex 59.77810287475586 146.5 87.22704648971558
endloop
endfacet
facet normal -0.0 -1.0 0.0
outer loop
vertex 57.55134201049805 146.15000009536743 80.48305082321167
vertex 59.30863571166992 146.15000009536743 86.34409666061401
vertex 56.49180221557617 146.15000009536743 81.0464129447937
endloop
endfacet
facet normal 0.8829475919827192 -8.96097331257624e-06 -0.4694715643482769
outer loop
vertex 56.61240005493164 146.5 78.71715116500854
vertex 60.837642669677734 146.5 86.66367673873901
vertex 57.55134201049805 146.15000009536743 80.48305082321167
endloop
endfacet
facet normal 0.0 -1.0 0.0
outer loop
vertex 57.55134201049805 146.15000009536743 80.48305082321167
vertex 60.368167877197266 146.15000009536743 85.78073453903198
vertex 59.30863571166992 146.15000009536743 86.34409666061401
endloop
endfacet
facet normal -0.8829472405486439 -1.3238032657955465e-05 0.4694722251979235
outer loop
vertex 56.49180221557617 146.15000009536743 81.0464129447937
vertex 59.30863571166992 146.15000009536743 86.34409666061401
vertex 60.24757766723633 146.5 88.10999631881714
endloop
endfacet
facet normal -0.8829467463538615 -3.727273991778132e-05 0.4694731533473159
outer loop
vertex 56.49180221557617 146.15000009536743 81.0464129447937
vertex 60.24757766723633 146.5 88.10999631881714
vertex 59.77810287475586 146.5 87.22704648971558
endloop
endfacet
facet normal 0.0 -1.0 0.0
outer loop
vertex 63.46116256713867 142.0 63.659350872039795
vertex 62.89885330200195 142.0 74.0604739189148
vertex 52.36684799194336 142.0 77.64706754684448
endloop
endfacet
facet normal 0.469472666551267 -0.0 0.8829470059755812
outer loop
vertex 62.90553665161133 142.0 74.23843717575073
vertex 62.90553665161133 156.0 74.23843717575073
vertex 61.41411209106445 146.5 75.03144407272339
endloop
endfacet
facet normal 0.35109142668557797 -0.9362483445861675 -0.013185119170735072
outer loop
vertex 52.4476432800293 138.0 79.7989993095398
vertex 62.89885330200195 142.0 74.0604739189148
vertex 62.90553665161133 142.0 74.23843717575073
endloop
endfacet
facet normal 0.4694715643670745 -4.6856895831677947e-07 0.8829475920180724
outer loop
vertex 53.467586517333984 146.5 79.25668668746948
vertex 62.90553665161133 142.0 74.23843717575073
vertex 61.41411209106445 146.5 75.03144407272339
endloop
endfacet
facet normal -0.08092804758634004 -0.985030426298633 -0.15220285930230165
outer loop
vertex 59.2082633972168 146.5 77.33690977096558
vertex 60.26780319213867 146.5 76.77354001998901
vertex 60.1472053527832 146.15000009536743 79.10280179977417
endloop
endfacet
facet normal 0.0 -0.9999999999999999 0.0
outer loop
vertex 56.61240005493164 146.5 78.71715116500854
vertex 59.2082633972168 146.5 77.33690977096558
vertex 63.43350601196289 146.5 85.28343534469604
endloop
endfacet
facet normal -0.08092804758634004 -0.985030426298633 -0.15220285930230165
outer loop
vertex 60.26780319213867 146.5 76.77354001998901
vertex 61.20674514770508 146.15000009536743 78.53943204879761
vertex 60.1472053527832 146.15000009536743 79.10280179977417
endloop
endfacet
facet normal -0.8829475920174541 -1.272697434831031e-06 0.46947156436674575
outer loop
vertex 59.2082633972168 146.5 77.33690977096558
vertex 60.1472053527832 146.15000009536743 79.10280179977417
vertex 63.43350601196289 146.5 85.28343534469604
endloop
endfacet
facet normal 0.8829475920174541 1.272697434831031e-06 -0.46947156436674575
outer loop
vertex 60.26780319213867 146.5 76.77354001998901
vertex 64.49304580688477 146.5 84.72006559371948
vertex 61.20674514770508 146.15000009536743 78.53943204879761
endloop
endfacet
facet normal 0.0 -1.0 0.0
outer loop
vertex 60.26780319213867 146.5 76.77354001998901
vertex 61.41411209106445 146.5 75.03144407272339
vertex 66.10883712768555 146.5 83.86093473434448
endloop
endfacet
facet normal 0.0 -0.9999999999999999 0.0
outer loop
vertex 63.46116256713867 142.0 63.659350872039795
vertex 67.72393417358398 142.0 71.67645597457886
vertex 62.89885330200195 142.0 74.0604739189148
endloop
endfacet
facet normal 0.0 -1.0 0.0
outer loop
vertex 62.89885330200195 142.0 74.0604739189148
vertex 67.72393417358398 142.0 71.67645597457886
vertex 62.90553665161133 142.0 74.23843717575073
endloop
endfacet
facet normal 0.469470676104538 1.980181870100341e-06 0.8829480643129735
outer loop
vertex 62.90553665161133 142.0 74.23843717575073
vertex 67.72393417358398 142.0 71.67645597457886
vertex 67.72392654418945 143.80881214141846 71.67645597457886
endloop
endfacet
facet normal 0.46959862783288886 -0.0004353930605160933 0.8828799120890397
outer loop
vertex 62.90553665161133 142.0 74.23843717575073
vertex 67.72392654418945 143.80881214141846 71.67645597457886
vertex 67.72393417358398 143.81704092025757 71.67645597457886
endloop
endfacet
facet normal 0.46947067610545845 -0.0 0.8829480643147045
outer loop
vertex 62.90553665161133 142.0 74.23843717575073
vertex 67.72393417358398 143.81704092025757 71.67645597457886
vertex 67.72393417358398 154.18295907974243 71.67645597457886
endloop
endfacet
facet normal 0.0 -0.9999999999999999 0.0
outer loop
vertex 56.61240005493164 146.5 78.71715116500854
vertex 63.43350601196289 146.5 85.28343534469604
vertex 60.837642669677734 146.5 86.66367673873901
endloop
endfacet
facet normal 0.882947767709031 -3.4112211815892246e-06 -0.46947123392813167
outer loop
vertex 57.55134201049805 146.15000009536743 80.48305082321167
vertex 61.30710983276367 146.5 87.54662656784058
vertex 60.368167877197266 146.15000009536743 85.78073453903198
endloop
endfacet
facet normal 0.8829499043628417 -0.00010768786997893243 -0.46946720310259316
outer loop
vertex 57.55134201049805 146.15000009536743 80.48305082321167
vertex 60.837642669677734 146.5 86.66367673873901
vertex 61.30710983276367 146.5 87.54662656784058
endloop
endfacet
facet normal 0.0 -1.0 0.0
outer loop
vertex 60.1472053527832 146.15000009536743 79.10280179977417
vertex 61.20674514770508 146.15000009536743 78.53943204879761
vertex 62.96403884887695 146.15000009536743 84.40048551559448
endloop
endfacet
facet normal -0.8829472405486439 -1.3238032657955465e-05 0.4694722251979235
outer loop
vertex 60.1472053527832 146.15000009536743 79.10280179977417
vertex 62.96403884887695 146.15000009536743 84.40048551559448
vertex 63.90298080444336 146.5 86.16638517379761
endloop
endfacet
facet normal 0.0 -1.0 0.0
outer loop
vertex 61.20674514770508 146.15000009536743 78.53943204879761
vertex 64.0235710144043 146.15000009536743 83.83712339401245
vertex 62.96403884887695 146.15000009536743 84.40048551559448
endloop
endfacet
facet normal -0.8829467463538615 -3.727273991778132e-05 0.4694731533473159
outer loop
vertex 60.1472053527832 146.15000009536743 79.10280179977417
vertex 63.90298080444336 146.5 86.16638517379761
vertex 63.43350601196289 146.5 85.28343534469604
endloop
endfacet
facet normal 0.8829480479505122 -6.822434703328157e-06 -0.4694707068325291
outer loop
vertex 61.20674514770508 146.15000009536743 78.53943204879761
vertex 64.9625129699707 146.5 85.60301542282104
vertex 64.0235710144043 146.15000009536743 83.83712339401245
endloop
endfacet
facet normal 0.17435627778874463 -0.9284776093356362 0.3279164792413395
outer loop
vertex 60.837642669677734 146.5 86.66367673873901
vertex 63.55087661743164 146.59999990463257 85.50416898727417
vertex 60.95500564575195 146.59999990463257 86.88441801071167
endloop
endfacet
facet normal 0.17435782256749488 -0.9284759933649775 0.32792023337153237
outer loop
vertex 63.43350601196289 146.5 85.28343534469604
vertex 63.55087661743164 146.59999990463257 85.50416898727417
vertex 60.837642669677734 146.5 86.66367673873901
endloop
endfacet
facet normal 0.1743580809294596 -0.928475993366632 0.3279200959935848
outer loop
vertex 58.16231155395508 146.5 88.08617734909058
vertex 59.77810287475586 146.5 87.22704648971558
vertex 59.89547348022461 146.59999990463257 87.4477801322937
endloop
endfacet
facet normal 0.08092738299523489 -0.985030524885741 0.152202574632836
outer loop
vertex 59.30863571166992 146.15000009536743 86.34409666061401
vertex 60.368167877197266 146.15000009536743 85.78073453903198
vertex 60.24757766723633 146.5 88.10999631881714
endloop
endfacet
facet normal -0.8829467464340784 3.474988538185661e-05 0.4694731533899682
outer loop
vertex 59.77810287475586 146.5 87.22704648971558
vertex 60.24757766723633 146.5 88.10999631881714
vertex 59.89547348022461 146.59999990463257 87.4477801322937
endloop
endfacet
facet normal -0.6454392678891967 0.0 0.7638115942211519
outer loop
vertex 58.16231155395508 146.5 88.08617734909058
vertex 59.807613372802734 147.29999995231628 89.47649717330933
vertex 59.807613372802734 150.70000004768372 89.47649717330933
endloop
endfacet
facet normal -0.8829489221593041 0.0 0.4694690627269527
outer loop
vertex 59.89547348022461 146.59999990463257 87.4477801322937
vertex 60.24757766723633 146.5 88.10999631881714
vertex 60.24757766723633 146.59999990463257 88.10999631881714
endloop
endfacet
facet normal 0.08092850188731271 -0.9850304262983649 0.1522026177460057
outer loop
vertex 60.368167877197266 146.15000009536743 85.78073453903198
vertex 61.30710983276367 146.5 87.54662656784058
vertex 60.24757766723633 146.5 88.10999631881714
endloop
endfacet
facet normal -0.0 0.9999999999999999 0.0
outer loop
vertex 59.89547348022461 146.59999990463257 87.4477801322937
vertex 60.24757766723633 146.59999990463257 88.10999631881714
vertex 60.95500564575195 146.59999990463257 86.88441801071167
endloop
endfacet
facet normal 0.0 1.0 0.0
outer loop
vertex 60.24757766723633 146.59999990463257 88.10999631881714
vertex 61.30710983276367 146.59999990463257 87.54662656784058
vertex 60.95500564575195 146.59999990463257 86.88441801071167
endloop
endfacet
facet normal 0.8829499083074558 5.1590667849506714e-05 -0.46946720519995666
outer loop
vertex 60.837642669677734 146.5 86.66367673873901
vertex 60.95500564575195 146.59999990463257 86.88441801071167
vertex 61.30710983276367 146.5 87.54662656784058
endloop
endfacet
facet normal 0.4694757891228022 -0.0 0.882945345662755
outer loop
vertex 60.24757766723633 146.5 88.10999631881714
vertex 61.30710983276367 146.5 87.54662656784058
vertex 61.30710983276367 146.59999990463257 87.54662656784058
endloop
endfacet
facet normal 0.8829466801073607 0.0 -0.46947327941789235
outer loop
vertex 60.95500564575195 146.59999990463257 86.88441801071167
vertex 61.30710983276367 146.59999990463257 87.54662656784058
vertex 61.30710983276367 146.5 87.54662656784058
endloop
endfacet
facet normal 0.4694757891228022 0.0 0.882945345662755
outer loop
vertex 60.24757766723633 146.5 88.10999631881714
vertex 61.30710983276367 146.59999990463257 87.54662656784058
vertex 60.24757766723633 146.59999990463257 88.10999631881714
endloop
endfacet
facet normal 0.1743568567023313 -0.9284774792972847 0.32791653962348843
outer loop
vertex 58.16231155395508 146.5 88.08617734909058
vertex 59.89547348022461 146.59999990463257 87.4477801322937
vertex 66.34142684936523 147.29999995231628 86.00240659713745
endloop
endfacet
facet normal 0.17435721551844943 -0.9284768259029405 0.3279181988817542
outer loop
vertex 58.16231155395508 146.5 88.08617734909058
vertex 66.34142684936523 147.29999995231628 86.00240659713745
vertex 59.807613372802734 147.29999995231628 89.47649717330933
endloop
endfacet
facet normal 0.17435731928737172 -0.9284764955596806 0.3279190790486823
outer loop
vertex 59.89547348022461 146.59999990463257 87.4477801322937
vertex 60.95500564575195 146.59999990463257 86.88441801071167
vertex 66.34142684936523 147.29999995231628 86.00240659713745
endloop
endfacet
facet normal 0.4694715971267608 0.0 0.8829475745995615
outer loop
vertex 59.807613372802734 147.29999995231628 89.47649717330933
vertex 66.34142684936523 147.29999995231628 86.00240659713745
vertex 59.807613372802734 150.70000004768372 89.47649717330933
endloop
endfacet
facet normal 0.0 -1.0 0.0
outer loop
vertex 60.26780319213867 146.5 76.77354001998901
vertex 66.10883712768555 146.5 83.86093473434448
vertex 64.49304580688477 146.5 84.72006559371948
endloop
endfacet
facet normal 0.8829475275694132 0.0 -0.46947168557758684
outer loop
vertex 61.41411209106445 146.5 75.03144407272339
vertex 66.10883712768555 151.5 83.86093473434448
vertex 66.10883712768555 146.5 83.86093473434448
endloop
endfacet
facet normal 0.8829499052896467 -9.74542944015072e-05 -0.46946720359537825
outer loop
vertex 61.20674514770508 146.15000009536743 78.53943204879761
vertex 64.49304580688477 146.5 84.72006559371948
vertex 64.9625129699707 146.5 85.60301542282104
endloop
endfacet
facet normal 0.08092738299523489 -0.985030524885741 0.152202574632836
outer loop
vertex 62.96403884887695 146.15000009536743 84.40048551559448
vertex 64.0235710144043 146.15000009536743 83.83712339401245
vertex 63.90298080444336 146.5 86.16638517379761
endloop
endfacet
facet normal -0.8829467464340784 3.474988538185661e-05 0.4694731533899682
outer loop
vertex 63.43350601196289 146.5 85.28343534469604
vertex 63.90298080444336 146.5 86.16638517379761
vertex 63.55087661743164 146.59999990463257 85.50416898727417
endloop
endfacet
facet normal -0.8829489221593041 0.0 0.4694690627269527
outer loop
vertex 63.55087661743164 146.59999990463257 85.50416898727417
vertex 63.90298080444336 146.5 86.16638517379761
vertex 63.90298080444336 146.59999990463257 86.16638517379761
endloop
endfacet
facet normal 0.17435722518063704 -0.9284768021403226 0.3279182610264163
outer loop
vertex 60.95500564575195 146.59999990463257 86.88441801071167
vertex 63.55087661743164 146.59999990463257 85.50416898727417
vertex 66.34142684936523 147.29999995231628 86.00240659713745
endloop
endfacet
facet normal -0.0 0.9999999999999999 0.0
outer loop
vertex 63.55087661743164 146.59999990463257 85.50416898727417
vertex 63.90298080444336 146.59999990463257 86.16638517379761
vertex 64.61040878295898 146.59999990463257 84.94080686569214
endloop
endfacet
facet normal 0.08092850188731271 -0.9850304262983649 0.1522026177460057
outer loop
vertex 64.0235710144043 146.15000009536743 83.83712339401245
vertex 64.9625129699707 146.5 85.60301542282104
vertex 63.90298080444336 146.5 86.16638517379761
endloop
endfacet
facet normal 0.0 1.0 0.0
outer loop
vertex 63.90298080444336 146.59999990463257 86.16638517379761
vertex 64.9625129699707 146.59999990463257 85.60301542282104
vertex 64.61040878295898 146.59999990463257 84.94080686569214
endloop
endfacet
facet normal 0.4694757891228022 0.0 0.882945345662755
outer loop
vertex 63.90298080444336 146.5 86.16638517379761
vertex 64.9625129699707 146.59999990463257 85.60301542282104
vertex 63.90298080444336 146.59999990463257 86.16638517379761
endloop
endfacet
facet normal 0.17435618429907665 -0.928477609336564 0.32791652894803164
outer loop
vertex 64.49304580688477 146.5 84.72006559371948
vertex 66.10883712768555 146.5 83.86093473434448
vertex 64.61040878295898 146.59999990463257 84.94080686569214
endloop
endfacet
facet normal 0.8829499083074558 5.1590667849506714e-05 -0.46946720519995666
outer loop
vertex 64.49304580688477 146.5 84.72006559371948
vertex 64.61040878295898 146.59999990463257 84.94080686569214
vertex 64.9625129699707 146.5 85.60301542282104
endloop
endfacet
facet normal 0.8829466801073607 0.0 -0.46947327941789235
outer loop
vertex 64.61040878295898 146.59999990463257 84.94080686569214
vertex 64.9625129699707 146.59999990463257 85.60301542282104
vertex 64.9625129699707 146.5 85.60301542282104
endloop
endfacet
facet normal 0.4694757891228022 -0.0 0.882945345662755
outer loop
vertex 63.90298080444336 146.5 86.16638517379761
vertex 64.9625129699707 146.5 85.60301542282104
vertex 64.9625129699707 146.59999990463257 85.60301542282104
endloop
endfacet
facet normal 0.17435711466620718 -0.9284766699017892 0.32791869421147496
outer loop
vertex 63.55087661743164 146.59999990463257 85.50416898727417
vertex 64.61040878295898 146.59999990463257 84.94080686569214
vertex 66.34142684936523 147.29999995231628 86.00240659713745
endloop
endfacet
facet normal 0.17435745317497192 -0.9284767764604177 0.32791821251039005
outer loop
vertex 64.61040878295898 146.59999990463257 84.94080686569214
vertex 66.10883712768555 146.5 83.86093473434448
vertex 66.34142684936523 147.29999995231628 86.00240659713745
endloop
endfacet
facet normal 0.9941533846303916 0.0 -0.10797707084347376
outer loop
vertex 66.10883712768555 146.5 83.86093473434448
vertex 66.10883712768555 151.5 83.86093473434448
vertex 66.34142684936523 147.29999995231628 86.00240659713745
endloop
endfacet
facet normal 0.0 0.0 -1.0
outer loop
vertex 31.945384979248047 156.0 12.012418270111084
vertex 35.999996185302734 156.0 12.012418270111084
vertex 35.999996185302734 154.0 12.012418270111084
endloop
endfacet
facet normal 0.0 0.0 -1.0
outer loop
vertex 32.959651947021484 151.79999995231628 12.012418270111084
vertex 35.999996185302734 154.0 12.012418270111084
vertex 35.999996185302734 142.0 12.012418270111084
endloop
endfacet
facet normal 0.8829475899616799 0.0 -0.4694715682348201
outer loop
vertex 40.5963020324707 143.9592137336731 20.65681219100952
vertex 35.999996185302734 154.0 12.012418270111084
vertex 35.999996185302734 156.0 12.012418270111084
endloop
endfacet
facet normal 0.8829475899616799 0.0 -0.46947156823482017
outer loop
vertex 40.5963020324707 143.9592137336731 20.65681219100952
vertex 35.999996185302734 156.0 12.012418270111084
vertex 40.5963020324707 154.0407862663269 20.65681219100952
endloop
endfacet
facet normal -0.3223644532197535 0.0 -0.9466156344051841
outer loop
vertex 40.5963020324707 143.9592137336731 20.65681219100952
vertex 40.5963020324707 154.0407862663269 20.65681219100952
vertex 40.70369338989258 154.0 20.620240688323975
endloop
endfacet
facet normal 0.9992960297461752 0.0 -0.0375159290639504
outer loop
vertex 40.70369338989258 144.0 20.620240688323975
vertex 40.70369338989258 154.0 20.620240688323975
vertex 40.71332931518555 154.0 20.876908779144287
endloop
endfacet
facet normal 0.35109021988349093 0.9362488585889934 -0.0131807546433877
outer loop
vertex 40.5963020324707 154.0407862663269 20.65681219100952
vertex 40.71332931518555 154.0 20.876908779144287
vertex 40.70369338989258 154.0 20.620240688323975
endloop
endfacet
facet normal 0.0 1.0 0.0
outer loop
vertex 35.999996185302734 156.0 12.012418270111084
vertex 36.24238967895508 156.0 18.468284130096436
vertex 49.7305793762207 156.0 37.83588361740112
endloop
endfacet
facet normal 0.0 0.0 -0.9999999999999999
outer loop
vertex 31.945384979248047 156.0 12.012418270111084
vertex 35.999996185302734 264.0 12.012418270111084
vertex 35.999996185302734 156.0 12.012418270111084
endloop
endfacet
facet normal 0.9992958842710236 0.0 -0.03751980382402356
outer loop
vertex 35.999996185302734 156.0 12.012418270111084
vertex 35.999996185302734 264.0 12.012418270111084
vertex 36.24238967895508 156.0 18.468284130096436
endloop
endfacet
facet normal 0.8829475488148145 -4.3796997162473815e-07 -0.4694716456206047
outer loop
vertex 35.999996185302734 156.0 12.012418270111084
vertex 49.7305793762207 156.0 37.83588361740112
vertex 40.5963020324707 154.0407862663269 20.65681219100952
endloop
endfacet
facet normal -0.0 1.0 0.0
outer loop
vertex 35.43769454956055 156.0 22.41353750228882
vertex 49.7305793762207 156.0 37.83588361740112
vertex 36.24238967895508 156.0 18.468284130096436
endloop
endfacet
facet normal 0.0 1.0 0.0
outer loop
vertex 35.43769454956055 156.0 22.41353750228882
vertex 35.841670989990234 156.0 33.17331266403198
vertex 49.7305793762207 156.0 37.83588361740112
endloop
endfacet
facet normal -0.0 0.0 1.0
outer loop
vertex 13.972969055175781 156.0 44.29175138473511
vertex 39.97297286987305 154.0 44.29175138473511
vertex 49.972965240478516 156.0 44.29175138473511
endloop
endfacet
facet normal -0.0 1.0 0.0
outer loop
vertex 30.912410736083984 154.0 44.29175138473511
vertex 33.06111526489258 154.0 48.332881450653076
vertex 39.97297286987305 154.0 44.29175138473511
endloop
endfacet
facet normal -0.0 1.0 0.0
outer loop
vertex 13.972969055175781 156.0 44.29175138473511
vertex 49.972965240478516 156.0 44.29175138473511
vertex 49.7305793762207 156.0 37.83588361740112
endloop
endfacet
facet normal 0.0 1.0 0.0
outer loop
vertex 35.841670989990234 156.0 33.17331266403198
vertex 35.9763298034668 156.0 36.75990629196167
vertex 49.7305793762207 156.0 37.83588361740112
endloop
endfacet
facet normal 0.8829476472149449 -2.519493671723911e-06 -0.46947146055031425
outer loop
vertex 40.5963020324707 154.0407862663269 20.65681219100952
vertex 49.7305793762207 156.0 37.83588361740112
vertex 40.71332931518555 154.0 20.876908779144287
endloop
endfacet
facet normal 0.8829475240525894 0.0 -0.469471692191768
outer loop
vertex 49.7305793762207 144.0 37.83588361740112
vertex 40.71332931518555 154.0 20.876908779144287
vertex 49.7305793762207 156.0 37.83588361740112
endloop
endfacet
facet normal 0.0 0.0 1.0
outer loop
vertex 39.97297286987305 154.0 44.29175138473511
vertex 49.03352737426758 154.0 44.29175138473511
vertex 49.972965240478516 156.0 44.29175138473511
endloop
endfacet
facet normal 0.9992959289635444 0.0 -0.037518613472339986
outer loop
vertex 49.7305793762207 144.0 37.83588361740112
vertex 49.7305793762207 156.0 37.83588361740112
vertex 49.972965240478516 156.0 44.29175138473511
endloop
endfacet
facet normal 0.0 -0.0 1.0
outer loop
vertex 49.03352737426758 144.0 44.29175138473511
vertex 49.972965240478516 156.0 44.29175138473511
vertex 49.03352737426758 154.0 44.29175138473511
endloop
endfacet
facet normal 0.9992958842710236 0.0 -0.03751980382402356
outer loop
vertex 36.24238967895508 156.0 18.468284130096436
vertex 35.999996185302734 264.0 12.012418270111084
vertex 36.24238967895508 264.0 18.468284130096436
endloop
endfacet
facet normal 1.0 0.0 -0.0
outer loop
vertex 34.24238967895508 261.0 4.4682841300964355
vertex 34.24238967895508 264.0 12.012418270111084
vertex 34.24238967895508 261.0 12.012418270111084
endloop
endfacet
facet normal 1.0 0.0 -0.0
outer loop
vertex 34.24238967895508 261.0 4.4682841300964355
vertex 34.24238967895508 288.1999969482422 9.201154232025146
vertex 34.24238967895508 264.0 12.012418270111084
endloop
endfacet
facet normal 1.0 0.0 0.0
outer loop
vertex 34.24238967895508 261.0 4.4682841300964355
vertex 34.24238967895508 288.1999969482422 5.534496784210205
vertex 34.24238967895508 288.1999969482422 9.201154232025146
endloop
endfacet
facet normal 0.0 0.0 -1.0
outer loop
vertex 34.24238967895508 261.0 4.4682841300964355
vertex 33.675472259521484 288.1999969482422 4.4682841300964355
vertex 33.675472259521484 295.0 4.4682841300964355
endloop
endfacet
facet normal 1.0 0.0 -0.0
outer loop
vertex 34.24238967895508 261.0 4.4682841300964355
vertex 34.24238967895508 295.0 4.4682841300964355
vertex 34.24238967895508 288.1999969482422 5.534496784210205
endloop
endfacet
facet normal 0.0 0.0 -1.0
outer loop
vertex 34.24238967895508 261.0 4.4682841300964355
vertex 33.675472259521484 295.0 4.4682841300964355
vertex 34.24238967895508 295.0 4.4682841300964355
endloop
endfacet
facet normal 0.9999999999999999 0.0 -0.0
outer loop
vertex 34.24238967895508 295.0 4.4682841300964355
vertex 34.24238967895508 295.0 5.534496784210205
vertex 34.24238967895508 288.1999969482422 5.534496784210205
endloop
endfacet
facet normal 0.0 0.9999999999999999 -0.0
outer loop
vertex 34.24238967895508 295.0 4.4682841300964355
vertex 33.675472259521484 295.0 4.4682841300964355
vertex 34.24238967895508 295.0 5.534496784210205
endloop
endfacet
facet normal 0.0 0.0 -1.0
outer loop
vertex 34.24238967895508 261.0 12.012418270111084
vertex 34.24238967895508 264.0 12.012418270111084
vertex 35.999996185302734 264.0 12.012418270111084
endloop
endfacet
facet normal -0.0 1.0 0.0
outer loop
vertex 34.24238967895508 264.0 12.012418270111084
vertex 34.24238967895508 264.0 16.468284130096436
vertex 35.999996185302734 264.0 12.012418270111084
endloop
endfacet
facet normal -0.0 1.0 0.0
outer loop
vertex 34.24238967895508 264.0 16.468284130096436
vertex 36.24238967895508 264.0 18.468284130096436
vertex 35.999996185302734 264.0 12.012418270111084
endloop
endfacet
facet normal 1.0 -0.0 -0.0
outer loop
vertex 34.24238967895508 264.0 12.012418270111084
vertex 34.24238967895508 288.1999969482422 9.201154232025146
vertex 34.24238967895508 264.0 16.468284130096436
endloop
endfacet
facet normal 0.9999999999999999 -0.0 0.0
outer loop
vertex 34.24238967895508 264.0 16.468284130096436
vertex 34.24238967895508 288.1999969482422 9.201154232025146
vertex 34.24238967895508 295.0 16.468284130096436
endloop
endfacet
facet normal 0.0 -0.0 0.9999999999999999
outer loop
vertex 34.24238967895508 264.0 16.468284130096436
vertex 34.24238967895508 295.0 16.468284130096436
vertex 33.89091110229492 286.0 16.468284130096436
endloop
endfacet
facet normal 1.0 -0.0 0.0
outer loop
vertex 34.24238967895508 295.0 16.468284130096436
vertex 34.24238967895508 288.1999969482422 9.201154232025146
vertex 34.24238967895508 295.0 9.201154232025146
endloop
endfacet
facet normal 0.0 -0.0 1.0
outer loop
vertex 33.89091110229492 286.0 16.468284130096436
vertex 34.24238967895508 295.0 16.468284130096436
vertex 33.89091110229492 295.0 16.468284130096436
endloop
endfacet
facet normal 0.8829474189586957 0.0 -0.469471889844512
outer loop
vertex 33.89091110229492 286.0 16.468284130096436
vertex 33.89091110229492 295.0 16.468284130096436
vertex 35.4325065612793 286.0 19.367600917816162
endloop
endfacet
facet normal 0.8829474189586958 0.0 -0.469471889844512
outer loop
vertex 33.89091110229492 295.0 16.468284130096436
vertex 35.4325065612793 298.0 19.367600917816162
vertex 35.4325065612793 286.0 19.367600917816162
endloop
endfacet
facet normal 0.882947608815131 0.0 -0.46947153277663434
outer loop
vertex 35.4325065612793 286.0 19.367600917816162
vertex 35.4325065612793 298.0 19.367600917816162
vertex 45.73044204711914 298.0 38.73520231246948
endloop
endfacet
facet normal 0.882947608815131 0.0 -0.46947153277663434
outer loop
vertex 35.4325065612793 286.0 19.367600917816162
vertex 45.73044204711914 298.0 38.73520231246948
vertex 45.73044204711914 286.0 38.73520231246948
endloop
endfacet
facet normal 0.0 -1.0 0.0
outer loop
vertex 26.722843170166016 286.0 49.848304271698
vertex 35.4325065612793 286.0 19.367600917816162
vertex 45.73044204711914 286.0 38.73520231246948
endloop
endfacet
facet normal 0.0 1.0 0.0
outer loop
vertex 26.722843170166016 298.0 49.848304271698
vertex 45.73044204711914 298.0 38.73520231246948
vertex 35.4325065612793 298.0 19.367600917816162
endloop
endfacet
facet normal 0.8829475764054389 0.0 -0.46947159373039976
outer loop
vertex 45.73044204711914 286.0 38.73520231246948
vertex 45.73044204711914 298.0 38.73520231246948
vertex 54.971561431884766 295.0 56.11521863937378
endloop
endfacet
facet normal -0.0 1.0 0.0
outer loop
vertex 33.06111526489258 154.0 48.332881450653076
vertex 41.21034622192383 154.0 63.659350872039795
vertex 39.97297286987305 154.0 44.29175138473511
endloop
endfacet
facet normal 0.0 0.0 -0.9999999999999999
outer loop
vertex 28.041805267333984 155.7741937637329 63.659350872039795
vertex 41.21034622192383 154.0 63.659350872039795
vertex 41.21034622192383 144.0 63.659350872039795
endloop
endfacet
facet normal -0.8829475304933205 0.0 0.46947168007851847
outer loop
vertex 33.06111526489258 154.0 48.332881450653076
vertex 41.21034622192383 144.0 63.659350872039795
vertex 41.21034622192383 154.0 63.659350872039795
endloop
endfacet
facet normal -0.0 -0.0 -1.0
outer loop
vertex 28.041805267333984 155.7741937637329 63.659350872039795
vertex 50.27090835571289 154.0 63.659350872039795
vertex 41.21034622192383 154.0 63.659350872039795
endloop
endfacet
facet normal -0.0 1.0 0.0
outer loop
vertex 39.97297286987305 154.0 44.29175138473511
vertex 41.21034622192383 154.0 63.659350872039795
vertex 49.03352737426758 154.0 44.29175138473511
endloop
endfacet
facet normal 0.0 1.0 -0.0
outer loop
vertex 49.03352737426758 154.0 44.29175138473511
vertex 41.21034622192383 154.0 63.659350872039795
vertex 50.27090835571289 154.0 63.659350872039795
endloop
endfacet
facet normal -0.0 -0.0 -1.0
outer loop
vertex 28.041805267333984 155.7741937637329 63.659350872039795
vertex 59.33146286010742 154.0 63.659350872039795
vertex 50.27090835571289 154.0 63.659350872039795
endloop
endfacet
facet normal -0.0 -0.0 -1.0
outer loop
vertex 28.041805267333984 155.7741937637329 63.659350872039795
vertex 63.46116256713867 154.0 63.659350872039795
vertex 59.33146286010742 154.0 63.659350872039795
endloop
endfacet
facet normal -0.0 0.9999999999999999 0.0
outer loop
vertex 27.703548431396484 156.0 70.11522245407104
vertex 37.17134475708008 156.0 87.92155027389526
vertex 52.36684799194336 156.0 77.64706754684448
endloop
endfacet
facet normal 0.46947151587112657 0.0 0.882947617803948
outer loop
vertex 37.17134475708008 142.0 87.92155027389526
vertex 52.4476432800293 156.0 79.7989993095398
vertex 37.17134475708008 156.0 87.92155027389526
endloop
endfacet
facet normal -0.0 1.0 0.0
outer loop
vertex 27.703548431396484 156.0 70.11522245407104
vertex 52.36684799194336 156.0 77.64706754684448
vertex 62.89885330200195 156.0 74.0604739189148
endloop
endfacet
facet normal 0.0 1.0 0.0
outer loop
vertex 37.17134475708008 156.0 87.92155027389526
vertex 52.4476432800293 156.0 79.7989993095398
vertex 52.36684799194336 156.0 77.64706754684448
endloop
endfacet
facet normal 0.0 0.0 -0.9999999999999999
outer loop
vertex 28.041805267333984 155.7741937637329 63.659350872039795
vertex 29.703548431396484 261.0 63.659350872039795
vertex 61.703548431396484 261.0 63.659350872039795
endloop
endfacet
facet normal 0.0 -1.0 0.0
outer loop
vertex 26.722843170166016 286.0 49.848304271698
vertex 45.73044204711914 286.0 38.73520231246948
vertex 30.05501937866211 286.0 56.11521863937378
endloop
endfacet
facet normal -0.0 1.0 0.0
outer loop
vertex 26.722843170166016 298.0 49.848304271698
vertex 37.02077865600586 298.0 69.21589994430542
vertex 45.73044204711914 298.0 38.73520231246948
endloop
endfacet
facet normal 0.0 0.0 -0.9999999999999999
outer loop
vertex 29.703548431396484 261.0 56.11521863937378
vertex 30.05501937866211 286.0 56.11521863937378
vertex 54.971561431884766 286.0 56.11521863937378
endloop
endfacet
facet normal 0.0 -0.0 1.0
outer loop
vertex 29.703548431396484 264.0 68.11522245407104
vertex 38.90335464477539 286.0 68.11522245407104
vertex 36.4355354309082 286.0 68.11522245407104
endloop
endfacet
facet normal 0.0 0.0 0.9999999999999999
outer loop
vertex 29.703548431396484 264.0 68.11522245407104
vertex 36.4355354309082 286.0 68.11522245407104
vertex 36.4355354309082 295.0 68.11522245407104
endloop
endfacet
facet normal -0.882947567116868 7.490069112119026e-07 0.4694716111990616
outer loop
vertex 30.05501937866211 295.0 56.11521863937378
vertex 36.4355354309082 295.0 68.11522245407104
vertex 37.02077865600586 298.0 69.21589994430542
endloop
endfacet
facet normal 0.0 -1.0 0.0
outer loop
vertex 36.4355354309082 286.0 68.11522245407104
vertex 38.90335464477539 286.0 68.11522245407104
vertex 37.02077865600586 286.0 69.21589994430542
endloop
endfacet
facet normal -0.8829467208809835 0.0 0.46947320273421245
outer loop
vertex 36.4355354309082 286.0 68.11522245407104
vertex 37.02077865600586 286.0 69.21589994430542
vertex 36.4355354309082 295.0 68.11522245407104
endloop
endfacet
facet normal -0.8829467208809834 0.0 0.4694732027342124
outer loop
vertex 36.4355354309082 295.0 68.11522245407104
vertex 37.02077865600586 286.0 69.21589994430542
vertex 37.02077865600586 298.0 69.21589994430542
endloop
endfacet
facet normal 0.0 -1.0 0.0
outer loop
vertex 29.703548431396484 261.0 56.11521863937378
vertex 61.703548431396484 261.0 56.11521863937378
vertex 29.703548431396484 261.0 63.659350872039795
endloop
endfacet
facet normal -0.0 1.0 -0.0
outer loop
vertex 29.703548431396484 264.0 68.11522245407104
vertex 27.703548431396484 264.0 70.11522245407104
vertex 61.703548431396484 264.0 68.11522245407104
endloop
endfacet
facet normal 0.0 -1.0 0.0
outer loop
vertex 30.05501937866211 286.0 56.11521863937378
vertex 45.73044204711914 286.0 38.73520231246948
vertex 54.971561431884766 286.0 56.11521863937378
endloop
endfacet
facet normal -0.0 1.0 -0.0
outer loop
vertex 45.73044204711914 298.0 38.73520231246948
vertex 37.02077865600586 298.0 69.21589994430542
vertex 56.028377532958984 298.0 58.10280179977417
endloop
endfacet
facet normal 0.0 0.0 -1.0
outer loop
vertex 29.703548431396484 261.0 56.11521863937378
vertex 54.971561431884766 286.0 56.11521863937378
vertex 61.703548431396484 261.0 56.11521863937378
endloop
endfacet
facet normal 0.0 -0.0 1.0
outer loop
vertex 29.703548431396484 264.0 68.11522245407104
vertex 61.703548431396484 264.0 68.11522245407104
vertex 38.90335464477539 286.0 68.11522245407104
endloop
endfacet
facet normal 0.0 -0.0 1.0
outer loop
vertex 27.703548431396484 156.0 70.11522245407104
vertex 63.703548431396484 264.0 70.11522245407104
vertex 27.703548431396484 264.0 70.11522245407104
endloop
endfacet
facet normal -0.8829476785393381 0.0 0.4694714016444384
outer loop
vertex 37.02077865600586 286.0 69.21589994430542
vertex 44.807804107666016 298.0 83.86117124557495
vertex 37.02077865600586 298.0 69.21589994430542
endloop
endfacet
facet normal -0.0 -1.0 0.0
outer loop
vertex 38.90335464477539 286.0 68.11522245407104
vertex 44.807804107666016 286.0 83.86117124557495
vertex 37.02077865600586 286.0 69.21589994430542
endloop
endfacet
facet normal -0.8829476785393381 0.0 0.4694714016444384
outer loop
vertex 37.02077865600586 286.0 69.21589994430542
vertex 44.807804107666016 286.0 83.86117124557495
vertex 44.807804107666016 298.0 83.86117124557495
endloop
endfacet
facet normal 0.0 -1.0 0.0
outer loop
vertex 38.90335464477539 286.0 68.11522245407104
vertex 61.35207748413086 286.0 68.11522245407104
vertex 44.807804107666016 286.0 83.86117124557495
endloop
endfacet
facet normal -0.0 1.0 0.0
outer loop
vertex 37.02077865600586 298.0 69.21589994430542
vertex 44.807804107666016 298.0 83.86117124557495
vertex 64.2326545715332 298.0 73.53280210494995
endloop
endfacet
facet normal 0.4694709703870321 0.0 0.8829479078427326
outer loop
vertex 44.807804107666016 286.0 83.86117124557495
vertex 48.339595794677734 295.5 81.98328733444214
vertex 44.807804107666016 298.0 83.86117124557495
endloop
endfacet
facet normal 0.4694709703870321 -0.0 0.8829479078427326
outer loop
vertex 44.807804107666016 286.0 83.86117124557495
vertex 48.339595794677734 288.5 81.98328733444214
vertex 48.339595794677734 295.5 81.98328733444214
endloop
endfacet
facet normal -0.8829475275694131 0.0 0.46947168557758684
outer loop
vertex 48.339595794677734 288.5 81.98328733444214
vertex 53.03432083129883 288.5 90.81277799606323
vertex 48.339595794677734 295.5 81.98328733444214
endloop
endfacet
facet normal 0.8829476273660181 0.0 -0.46947149788748566
outer loop
vertex 49.03352737426758 144.0 44.29175138473511
vertex 49.03352737426758 154.0 44.29175138473511
vertex 57.18275833129883 154.0 59.61822843551636
endloop
endfacet
facet normal -0.0 1.0 0.0
outer loop
vertex 49.03352737426758 154.0 44.29175138473511
vertex 50.27090835571289 154.0 63.659350872039795
vertex 57.18275833129883 154.0 59.61822843551636
endloop
endfacet
facet normal 0.0 0.0 -1.0
outer loop
vertex 28.041805267333984 155.7741937637329 63.659350872039795
vertex 63.46116256713867 156.0 63.659350872039795
vertex 63.46116256713867 154.0 63.659350872039795
endloop
endfacet
facet normal -0.0 1.0 0.0
outer loop
vertex 50.27090835571289 154.0 63.659350872039795
vertex 59.33146286010742 154.0 63.659350872039795
vertex 57.18275833129883 154.0 59.61822843551636
endloop
endfacet
facet normal 0.8829474466079779 0.0 -0.469471837843818
outer loop
vertex 57.18275833129883 144.0 59.61822843551636
vertex 57.18275833129883 154.0 59.61822843551636
vertex 59.33146286010742 154.0 63.659350872039795
endloop
endfacet
facet normal 0.0 0.0 -1.0
outer loop
vertex 28.041805267333984 155.7741937637329 63.659350872039795
vertex 63.46116256713867 264.0 63.659350872039795
vertex 63.46116256713867 156.0 63.659350872039795
endloop
endfacet
facet normal 0.0 0.0 -1.0
outer loop
vertex 63.46116256713867 142.0 63.659350872039795
vertex 59.33146286010742 154.0 63.659350872039795
vertex 63.46116256713867 154.0 63.659350872039795
endloop
endfacet
facet normal 0.882947537674384 0.0 -0.4694716665729066
outer loop
vertex 67.72393417358398 143.81704092025757 71.67645597457886
vertex 63.46116256713867 154.0 63.659350872039795
vertex 63.46116256713867 156.0 63.659350872039795
endloop
endfacet
facet normal 0.0 1.0 0.0
outer loop
vertex 63.46116256713867 156.0 63.659350872039795
vertex 63.703548431396484 156.0 70.11522245407104
vertex 67.72393417358398 156.0 71.67645597457886
endloop
endfacet
facet normal 0.8829475376743839 0.0 -0.46947166657290657
outer loop
vertex 67.72393417358398 143.81704092025757 71.67645597457886
vertex 63.46116256713867 156.0 63.659350872039795
vertex 67.72393417358398 154.18295907974243 71.67645597457886
endloop
endfacet
facet normal 0.8829475376743839 0.0 -0.4694716665729066
outer loop
vertex 63.46116256713867 156.0 63.659350872039795
vertex 67.72393417358398 156.0 71.67645597457886
vertex 67.72393417358398 154.18295907974243 71.67645597457886
endloop
endfacet
facet normal 0.9992959297947198 0.0 -0.037518591334246745
outer loop
vertex 63.46116256713867 156.0 63.659350872039795
vertex 63.46116256713867 264.0 63.659350872039795
vertex 63.703548431396484 156.0 70.11522245407104
endloop
endfacet
facet normal -0.0 1.0 0.0
outer loop
vertex 27.703548431396484 156.0 70.11522245407104
vertex 62.89885330200195 156.0 74.0604739189148
vertex 63.703548431396484 156.0 70.11522245407104
endloop
endfacet
facet normal 0.4694710114301797 0.0 0.8829478860197378
outer loop
vertex 52.4476432800293 142.0 79.7989993095398
vertex 53.467586517333984 151.5 79.25668668746948
vertex 52.4476432800293 156.0 79.7989993095398
endloop
endfacet
facet normal -0.9992959131709299 0.0 0.037519034101071935
outer loop
vertex 52.36684799194336 156.0 77.64706754684448
vertex 52.4476432800293 156.0 79.7989993095398
vertex 52.4476432800293 160.0 79.7989993095398
endloop
endfacet
facet normal -0.9992959131709299 0.0 0.037519034101071935
outer loop
vertex 52.36684799194336 156.0 77.64706754684448
vertex 52.4476432800293 160.0 79.7989993095398
vertex 52.36684799194336 160.0 77.64706754684448
endloop
endfacet
facet normal -0.32236287660062435 0.0 -0.9466161713122013
outer loop
vertex 52.36684799194336 156.0 77.64706754684448
vertex 52.36684799194336 160.0 77.64706754684448
vertex 62.89885330200195 156.0 74.0604739189148
endloop
endfacet
facet normal 0.46947156436711995 1.6075668012886663e-07 0.8829475920181579
outer loop
vertex 52.4476432800293 156.0 79.7989993095398
vertex 53.467586517333984 151.5 79.25668668746948
vertex 61.41411209106445 151.5 75.03144407272339
endloop
endfacet
facet normal 0.46947166762520853 0.0 0.882947537114865
outer loop
vertex 52.4476432800293 156.0 79.7989993095398
vertex 62.90553665161133 156.0 74.23843717575073
vertex 52.4476432800293 160.0 79.7989993095398
endloop
endfacet
facet normal -0.0 1.0 0.0
outer loop
vertex 53.467586517333984 151.5 79.25668668746948
vertex 55.552860260009766 151.5 79.28052091598511
vertex 61.41411209106445 151.5 75.03144407272339
endloop
endfacet
facet normal -0.08092804758634004 0.985030426298633 -0.15220285930230165
outer loop
vertex 55.552860260009766 151.5 79.28052091598511
vertex 56.49180221557617 151.84999990463257 81.0464129447937
vertex 56.61240005493164 151.5 78.71715116500854
endloop
endfacet
facet normal -0.08092692869872722 0.9850305248856753 -0.1522028161856481
outer loop
vertex 56.61240005493164 151.5 78.71715116500854
vertex 56.49180221557617 151.84999990463257 81.0464129447937
vertex 57.55134201049805 151.84999990463257 80.48305082321167
endloop
endfacet
facet normal 0.35109291610100823 0.9362478307061477 -0.01318194832803777
outer loop
vertex 52.36684799194336 160.0 77.64706754684448
vertex 52.4476432800293 160.0 79.7989993095398
vertex 62.90553665161133 156.0 74.23843717575073
endloop
endfacet
facet normal 0.0 1.0 0.0
outer loop
vertex 55.552860260009766 151.5 79.28052091598511
vertex 56.61240005493164 151.5 78.71715116500854
vertex 61.41411209106445 151.5 75.03144407272339
endloop
endfacet
facet normal 0.0 1.0 0.0
outer loop
vertex 56.61240005493164 151.5 78.71715116500854
vertex 59.2082633972168 151.5 77.33690977096558
vertex 61.41411209106445 151.5 75.03144407272339
endloop
endfacet
facet normal 0.46947166762516623 4.246711051282402e-07 0.8829475371147854
outer loop
vertex 52.4476432800293 156.0 79.7989993095398
vertex 61.41411209106445 151.5 75.03144407272339
vertex 62.90553665161133 156.0 74.23843717575073
endloop
endfacet
facet normal -0.0 1.0 0.0
outer loop
vertex 53.467586517333984 151.5 79.25668668746948
vertex 58.16231155395508 151.5 88.08617734909058
vertex 55.552860260009766 151.5 79.28052091598511
endloop
endfacet
facet normal -0.8829475275694132 0.0 0.46947168557758684
outer loop
vertex 58.16231155395508 146.5 88.08617734909058
vertex 58.16231155395508 151.5 88.08617734909058
vertex 53.467586517333984 151.5 79.25668668746948
endloop
endfacet
facet normal -0.8829475920174541 1.272697434831031e-06 0.46947156436674575
outer loop
vertex 55.552860260009766 151.5 79.28052091598511
vertex 59.77810287475586 151.5 87.22704648971558
vertex 56.49180221557617 151.84999990463257 81.0464129447937
endloop
endfacet
facet normal 0.0 1.0 -0.0
outer loop
vertex 57.55134201049805 151.84999990463257 80.48305082321167
vertex 56.49180221557617 151.84999990463257 81.0464129447937
vertex 59.30863571166992 151.84999990463257 86.34409666061401
endloop
endfacet
facet normal 0.8829475919827192 8.96097331257624e-06 -0.4694715643482769
outer loop
vertex 56.61240005493164 151.5 78.71715116500854
vertex 57.55134201049805 151.84999990463257 80.48305082321167
vertex 60.837642669677734 151.5 86.66367673873901
endloop
endfacet
facet normal -0.0 0.9999999999999999 0.0
outer loop
vertex 56.61240005493164 151.5 78.71715116500854
vertex 60.837642669677734 151.5 86.66367673873901
vertex 59.2082633972168 151.5 77.33690977096558
endloop
endfacet
facet normal -0.0 1.0 0.0
outer loop
vertex 55.552860260009766 151.5 79.28052091598511
vertex 58.16231155395508 151.5 88.08617734909058
vertex 59.77810287475586 151.5 87.22704648971558
endloop
endfacet
facet normal -0.0 1.0 0.0
outer loop
vertex 57.55134201049805 151.84999990463257 80.48305082321167
vertex 59.30863571166992 151.84999990463257 86.34409666061401
vertex 60.368167877197266 151.84999990463257 85.78073453903198
endloop
endfacet
facet normal -0.8829472405486439 1.3238032657955465e-05 0.4694722251979235
outer loop
vertex 56.49180221557617 151.84999990463257 81.0464129447937
vertex 60.24757766723633 151.5 88.10999631881714
vertex 59.30863571166992 151.84999990463257 86.34409666061401
endloop
endfacet
facet normal -0.8829467463538615 3.727273991778132e-05 0.4694731533473159
outer loop
vertex 56.49180221557617 151.84999990463257 81.0464129447937
vertex 59.77810287475586 151.5 87.22704648971558
vertex 60.24757766723633 151.5 88.10999631881714
endloop
endfacet
facet normal -0.6454392678891968 0.0 0.7638115942211519
outer loop
vertex 58.16231155395508 146.5 88.08617734909058
vertex 59.807613372802734 150.70000004768372 89.47649717330933
vertex 58.16231155395508 151.5 88.08617734909058
endloop
endfacet
facet normal 0.0 0.0 1.0
outer loop
vertex 27.703548431396484 156.0 70.11522245407104
vertex 63.703548431396484 156.0 70.11522245407104
vertex 63.703548431396484 264.0 70.11522245407104
endloop
endfacet
facet normal 0.46947266655126707 0.0 0.8829470059755812
outer loop
vertex 61.41411209106445 146.5 75.03144407272339
vertex 62.90553665161133 156.0 74.23843717575073
vertex 61.41411209106445 151.5 75.03144407272339
endloop
endfacet
facet normal 0.0 1.0 0.0
outer loop
vertex 59.2082633972168 151.5 77.33690977096558
vertex 60.26780319213867 151.5 76.77354001998901
vertex 61.41411209106445 151.5 75.03144407272339
endloop
endfacet
facet normal -0.08092804758634004 0.985030426298633 -0.15220285930230165
outer loop
vertex 59.2082633972168 151.5 77.33690977096558
vertex 60.1472053527832 151.84999990463257 79.10280179977417
vertex 60.26780319213867 151.5 76.77354001998901
endloop
endfacet
facet normal 0.35109199730635854 0.936248130302424 -0.013185140600204495
outer loop
vertex 52.36684799194336 160.0 77.64706754684448
vertex 62.90553665161133 156.0 74.23843717575073
vertex 62.89885330200195 156.0 74.0604739189148
endloop
endfacet
facet normal -0.08092804758634004 0.985030426298633 -0.15220285930230165
outer loop
vertex 60.26780319213867 151.5 76.77354001998901
vertex 60.1472053527832 151.84999990463257 79.10280179977417
vertex 61.20674514770508 151.84999990463257 78.53943204879761
endloop
endfacet
facet normal -0.8829475920174541 1.272697434831031e-06 0.46947156436674575
outer loop
vertex 59.2082633972168 151.5 77.33690977096558
vertex 63.43350601196289 151.5 85.28343534469604
vertex 60.1472053527832 151.84999990463257 79.10280179977417
endloop
endfacet
facet normal -0.0 1.0 0.0
outer loop
vertex 60.26780319213867 151.5 76.77354001998901
vertex 64.49304580688477 151.5 84.72006559371948
vertex 61.41411209106445 151.5 75.03144407272339
endloop
endfacet
facet normal 0.8829475920174541 -1.272697434831031e-06 -0.46947156436674575
outer loop
vertex 60.26780319213867 151.5 76.77354001998901
vertex 61.20674514770508 151.84999990463257 78.53943204879761
vertex 64.49304580688477 151.5 84.72006559371948
endloop
endfacet
facet normal 0.8829475275694132 0.0 -0.46947168557758684
outer loop
vertex 61.41411209106445 146.5 75.03144407272339
vertex 61.41411209106445 151.5 75.03144407272339
vertex 66.10883712768555 151.5 83.86093473434448
endloop
endfacet
facet normal 0.0 1.0 0.0
outer loop
vertex 62.89885330200195 156.0 74.0604739189148
vertex 67.72393417358398 156.0 71.67645597457886
vertex 63.703548431396484 156.0 70.11522245407104
endloop
endfacet
facet normal 0.4694706761054585 0.0 0.8829480643147045
outer loop
vertex 62.90553665161133 142.0 74.23843717575073
vertex 67.72393417358398 156.0 71.67645597457886
vertex 62.90553665161133 156.0 74.23843717575073
endloop
endfacet
facet normal -0.0 1.0 0.0
outer loop
vertex 62.89885330200195 156.0 74.0604739189148
vertex 62.90553665161133 156.0 74.23843717575073
vertex 67.72393417358398 156.0 71.67645597457886
endloop
endfacet
facet normal 0.4694706761054585 -0.0 0.8829480643147045
outer loop
vertex 62.90553665161133 142.0 74.23843717575073
vertex 67.72393417358398 154.18295907974243 71.67645597457886
vertex 67.72393417358398 156.0 71.67645597457886
endloop
endfacet
facet normal -0.0 0.9999999999999999 0.0
outer loop
vertex 59.2082633972168 151.5 77.33690977096558
vertex 60.837642669677734 151.5 86.66367673873901
vertex 63.43350601196289 151.5 85.28343534469604
endloop
endfacet
facet normal 0.882947767709031 3.4112211815892246e-06 -0.46947123392813167
outer loop
vertex 57.55134201049805 151.84999990463257 80.48305082321167
vertex 60.368167877197266 151.84999990463257 85.78073453903198
vertex 61.30710983276367 151.5 87.54662656784058
endloop
endfacet
facet normal 0.8829499043628417 0.00010768786997893243 -0.46946720310259316
outer loop
vertex 57.55134201049805 151.84999990463257 80.48305082321167
vertex 61.30710983276367 151.5 87.54662656784058
vertex 60.837642669677734 151.5 86.66367673873901
endloop
endfacet
facet normal -0.0 1.0 0.0
outer loop
vertex 60.1472053527832 151.84999990463257 79.10280179977417
vertex 62.96403884887695 151.84999990463257 84.40048551559448
vertex 61.20674514770508 151.84999990463257 78.53943204879761
endloop
endfacet
facet normal -0.8829472405486439 1.3238032657955465e-05 0.4694722251979235
outer loop
vertex 60.1472053527832 151.84999990463257 79.10280179977417
vertex 63.90298080444336 151.5 86.16638517379761
vertex 62.96403884887695 151.84999990463257 84.40048551559448
endloop
endfacet
facet normal -0.0 1.0 0.0
outer loop
vertex 61.20674514770508 151.84999990463257 78.53943204879761
vertex 62.96403884887695 151.84999990463257 84.40048551559448
vertex 64.0235710144043 151.84999990463257 83.83712339401245
endloop
endfacet
facet normal -0.8829467463538615 3.727273991778132e-05 0.4694731533473159
outer loop
vertex 60.1472053527832 151.84999990463257 79.10280179977417
vertex 63.43350601196289 151.5 85.28343534469604
vertex 63.90298080444336 151.5 86.16638517379761
endloop
endfacet
facet normal 0.8829480479505122 6.822434703328157e-06 -0.4694707068325291
outer loop
vertex 61.20674514770508 151.84999990463257 78.53943204879761
vertex 64.0235710144043 151.84999990463257 83.83712339401245
vertex 64.9625129699707 151.5 85.60301542282104
endloop
endfacet
facet normal 0.17435592593503463 0.9284776093390739 0.32791666631529237
outer loop
vertex 63.43350601196289 151.5 85.28343534469604
vertex 60.837642669677734 151.5 86.66367673873901
vertex 60.95500564575195 151.40000009536743 86.88441801071167
endloop
endfacet
facet normal 0.17435817441837592 0.9284759933672111 0.3279200462830256
outer loop
vertex 63.43350601196289 151.5 85.28343534469604
vertex 60.95500564575195 151.40000009536743 86.88441801071167
vertex 63.55087661743164 151.40000009536743 85.50416898727417
endloop
endfacet
facet normal 0.1743580809294596 0.928475993366632 0.3279200959935848
outer loop
vertex 58.16231155395508 151.5 88.08617734909058
vertex 59.89547348022461 151.40000009536743 87.4477801322937
vertex 59.77810287475586 151.5 87.22704648971558
endloop
endfacet
facet normal 0.08092738299523489 0.985030524885741 0.152202574632836
outer loop
vertex 59.30863571166992 151.84999990463257 86.34409666061401
vertex 60.24757766723633 151.5 88.10999631881714
vertex 60.368167877197266 151.84999990463257 85.78073453903198
endloop
endfacet
facet normal -0.8829467464340784 -3.474988538185661e-05 0.4694731533899682
outer loop
vertex 59.77810287475586 151.5 87.22704648971558
vertex 59.89547348022461 151.40000009536743 87.4477801322937
vertex 60.24757766723633 151.5 88.10999631881714
endloop
endfacet
facet normal 0.17435737058401007 0.9284768555651839 0.3279180324453332
outer loop
vertex 58.16231155395508 151.5 88.08617734909058
vertex 59.807613372802734 150.70000004768372 89.47649717330933
vertex 59.89547348022461 151.40000009536743 87.4477801322937
endloop
endfacet
facet normal 0.1743567689268529 0.9284769644794196 0.3279180439690239
outer loop
vertex 59.89547348022461 151.40000009536743 87.4477801322937
vertex 59.807613372802734 150.70000004768372 89.47649717330933
vertex 60.95500564575195 151.40000009536743 86.88441801071167
endloop
endfacet
facet normal -0.8829489221593041 0.0 0.4694690627269527
outer loop
vertex 59.89547348022461 151.40000009536743 87.4477801322937
vertex 60.24757766723633 151.40000009536743 88.10999631881714
vertex 60.24757766723633 151.5 88.10999631881714
endloop
endfacet
facet normal 0.08092850188731271 0.9850304262983649 0.1522026177460057
outer loop
vertex 60.368167877197266 151.84999990463257 85.78073453903198
vertex 60.24757766723633 151.5 88.10999631881714
vertex 61.30710983276367 151.5 87.54662656784058
endloop
endfacet
facet normal 0.0 -1.0 0.0
outer loop
vertex 59.89547348022461 151.40000009536743 87.4477801322937
vertex 61.30710983276367 151.40000009536743 87.54662656784058
vertex 60.24757766723633 151.40000009536743 88.10999631881714
endloop
endfacet
facet normal 0.0 -1.0 0.0
outer loop
vertex 59.89547348022461 151.40000009536743 87.4477801322937
vertex 60.95500564575195 151.40000009536743 86.88441801071167
vertex 61.30710983276367 151.40000009536743 87.54662656784058
endloop
endfacet
facet normal 0.8829499083074558 -5.1590667849506714e-05 -0.46946720519995666
outer loop
vertex 60.837642669677734 151.5 86.66367673873901
vertex 61.30710983276367 151.5 87.54662656784058
vertex 60.95500564575195 151.40000009536743 86.88441801071167
endloop
endfacet
facet normal 0.4694757891228022 -0.0 0.882945345662755
outer loop
vertex 60.24757766723633 151.5 88.10999631881714
vertex 61.30710983276367 151.40000009536743 87.54662656784058
vertex 61.30710983276367 151.5 87.54662656784058
endloop
endfacet
facet normal 0.8829466801073607 0.0 -0.46947327941789235
outer loop
vertex 60.95500564575195 151.40000009536743 86.88441801071167
vertex 61.30710983276367 151.5 87.54662656784058
vertex 61.30710983276367 151.40000009536743 87.54662656784058
endloop
endfacet
facet normal 0.4694757891228022 0.0 0.882945345662755
outer loop
vertex 60.24757766723633 151.40000009536743 88.10999631881714
vertex 61.30710983276367 151.40000009536743 87.54662656784058
vertex 60.24757766723633 151.5 88.10999631881714
endloop
endfacet
facet normal 0.1743571898511412 0.928476832241794 0.32791819458129584
outer loop
vertex 60.95500564575195 151.40000009536743 86.88441801071167
vertex 59.807613372802734 150.70000004768372 89.47649717330933
vertex 63.55087661743164 151.40000009536743 85.50416898727417
endloop
endfacet
facet normal 0.17435656430687677 0.9284771388198774 0.3279176591340517
outer loop
vertex 59.807613372802734 150.70000004768372 89.47649717330933
vertex 64.61040878295898 151.40000009536743 84.94080686569214
vertex 63.55087661743164 151.40000009536743 85.50416898727417
endloop
endfacet
facet normal -0.0 1.0 0.0
outer loop
vertex 61.41411209106445 151.5 75.03144407272339
vertex 64.49304580688477 151.5 84.72006559371948
vertex 66.10883712768555 151.5 83.86093473434448
endloop
endfacet
facet normal 0.8829499052896467 9.74542944015072e-05 -0.46946720359537825
outer loop
vertex 61.20674514770508 151.84999990463257 78.53943204879761
vertex 64.9625129699707 151.5 85.60301542282104
vertex 64.49304580688477 151.5 84.72006559371948
endloop
endfacet
facet normal 0.08092738299523489 0.985030524885741 0.152202574632836
outer loop
vertex 62.96403884887695 151.84999990463257 84.40048551559448
vertex 63.90298080444336 151.5 86.16638517379761
vertex 64.0235710144043 151.84999990463257 83.83712339401245
endloop
endfacet
facet normal 0.17435835211824968 0.9284761864007192 0.3279194052406557
outer loop
vertex 59.807613372802734 150.70000004768372 89.47649717330933
vertex 66.10883712768555 151.5 83.86093473434448
vertex 64.61040878295898 151.40000009536743 84.94080686569214
endloop
endfacet
facet normal -0.8829467464340784 -3.474988538185661e-05 0.4694731533899682
outer loop
vertex 63.43350601196289 151.5 85.28343534469604
vertex 63.55087661743164 151.40000009536743 85.50416898727417
vertex 63.90298080444336 151.5 86.16638517379761
endloop
endfacet
facet normal -0.8829489221593041 0.0 0.4694690627269527
outer loop
vertex 63.55087661743164 151.40000009536743 85.50416898727417
vertex 63.90298080444336 151.40000009536743 86.16638517379761
vertex 63.90298080444336 151.5 86.16638517379761
endloop
endfacet
facet normal 0.08092850188731271 0.9850304262983649 0.1522026177460057
outer loop
vertex 64.0235710144043 151.84999990463257 83.83712339401245
vertex 63.90298080444336 151.5 86.16638517379761
vertex 64.9625129699707 151.5 85.60301542282104
endloop
endfacet
facet normal 0.0 -1.0 0.0
outer loop
vertex 63.55087661743164 151.40000009536743 85.50416898727417
vertex 64.61040878295898 151.40000009536743 84.94080686569214
vertex 64.9625129699707 151.40000009536743 85.60301542282104
endloop
endfacet
facet normal 0.0 -1.0 0.0
outer loop
vertex 63.55087661743164 151.40000009536743 85.50416898727417
vertex 64.9625129699707 151.40000009536743 85.60301542282104
vertex 63.90298080444336 151.40000009536743 86.16638517379761
endloop
endfacet
facet normal 0.4694757891228022 0.0 0.882945345662755
outer loop
vertex 63.90298080444336 151.40000009536743 86.16638517379761
vertex 64.9625129699707 151.40000009536743 85.60301542282104
vertex 63.90298080444336 151.5 86.16638517379761
endloop
endfacet
facet normal 0.17435618429907665 0.928477609336564 0.32791652894803164
outer loop
vertex 64.49304580688477 151.5 84.72006559371948
vertex 64.61040878295898 151.40000009536743 84.94080686569214
vertex 66.10883712768555 151.5 83.86093473434448
endloop
endfacet
facet normal 0.8829499083074558 -5.1590667849506714e-05 -0.46946720519995666
outer loop
vertex 64.49304580688477 151.5 84.72006559371948
vertex 64.9625129699707 151.5 85.60301542282104
vertex 64.61040878295898 151.40000009536743 84.94080686569214
endloop
endfacet
facet normal 0.8829466801073607 0.0 -0.46947327941789235
outer loop
vertex 64.61040878295898 151.40000009536743 84.94080686569214
vertex 64.9625129699707 151.5 85.60301542282104
vertex 64.9625129699707 151.40000009536743 85.60301542282104
endloop
endfacet
facet normal 0.4694757891228022 -0.0 0.882945345662755
outer loop
vertex 63.90298080444336 151.5 86.16638517379761
vertex 64.9625129699707 151.40000009536743 85.60301542282104
vertex 64.9625129699707 151.5 85.60301542282104
endloop
endfacet
facet normal 0.9941533846303917 0.0 -0.10797707084347377
outer loop
vertex 66.34142684936523 147.29999995231628 86.00240659713745
vertex 66.10883712768555 151.5 83.86093473434448
vertex 66.34142684936523 150.70000004768372 86.00240659713745
endloop
endfacet
facet normal 0.4694715971267608 -0.0 0.8829475745995615
outer loop
vertex 66.34142684936523 147.29999995231628 86.00240659713745
vertex 66.34142684936523 150.70000004768372 86.00240659713745
vertex 59.807613372802734 150.70000004768372 89.47649717330933
endloop
endfacet
facet normal 0.17435724061408392 0.9284768045209355 0.32791824607977377
outer loop
vertex 59.807613372802734 150.70000004768372 89.47649717330933
vertex 66.34142684936523 150.70000004768372 86.00240659713745
vertex 66.10883712768555 151.5 83.86093473434448
endloop
endfacet
facet normal 0.0 0.0 -1.0
outer loop
vertex 28.041805267333984 155.7741937637329 63.659350872039795
vertex 61.703548431396484 261.0 63.659350872039795
vertex 63.46116256713867 264.0 63.659350872039795
endloop
endfacet
facet normal 0.8829475764054389 0.0 -0.46947159373039976
outer loop
vertex 45.73044204711914 286.0 38.73520231246948
vertex 54.971561431884766 295.0 56.11521863937378
vertex 54.971561431884766 286.0 56.11521863937378
endloop
endfacet
facet normal 0.8829475896501631 1.8510924510706897e-07 -0.4694715688206615
outer loop
vertex 45.73044204711914 298.0 38.73520231246948
vertex 56.028377532958984 298.0 58.10280179977417
vertex 54.971561431884766 295.0 56.11521863937378
endloop
endfacet
facet normal 0.8829477054660907 0.0 -0.46947135100255616
outer loop
vertex 54.971561431884766 295.0 56.11521863937378
vertex 56.028377532958984 298.0 58.10280179977417
vertex 56.028377532958984 295.0 58.10280179977417
endloop
endfacet
facet normal 0.0 0.0 -0.9999999999999999
outer loop
vertex 54.971561431884766 286.0 56.11521863937378
vertex 54.971561431884766 295.0 56.11521863937378
vertex 61.703548431396484 261.0 56.11521863937378
endloop
endfacet
facet normal -0.0 1.0 0.0
outer loop
vertex 54.971561431884766 295.0 56.11521863937378
vertex 56.028377532958984 295.0 58.10280179977417
vertex 61.703548431396484 295.0 56.11521863937378
endloop
endfacet
facet normal 0.0 -1.0 0.0
outer loop
vertex 29.703548431396484 261.0 63.659350872039795
vertex 61.703548431396484 261.0 56.11521863937378
vertex 61.703548431396484 261.0 63.659350872039795
endloop
endfacet
facet normal -0.0 -0.0 1.0
outer loop
vertex 38.90335464477539 286.0 68.11522245407104
vertex 61.703548431396484 264.0 68.11522245407104
vertex 61.35207748413086 286.0 68.11522245407104
endloop
endfacet
facet normal -0.0 1.0 0.0
outer loop
vertex 37.02077865600586 298.0 69.21589994430542
vertex 64.2326545715332 298.0 73.53280210494995
vertex 56.028377532958984 298.0 58.10280179977417
endloop
endfacet
facet normal 0.8829475396532144 0.0 -0.46947166285126896
outer loop
vertex 56.028377532958984 295.0 58.10280179977417
vertex 56.028377532958984 298.0 58.10280179977417
vertex 61.35207748413086 295.0 68.11522245407104
endloop
endfacet
facet normal 0.9992959297947198 0.0 -0.037518591334246745
outer loop
vertex 63.703548431396484 156.0 70.11522245407104
vertex 63.46116256713867 264.0 63.659350872039795
vertex 63.703548431396484 264.0 70.11522245407104
endloop
endfacet
facet normal 0.0 0.0 -1.0
outer loop
vertex 54.971561431884766 295.0 56.11521863937378
vertex 61.703548431396484 295.0 56.11521863937378
vertex 61.703548431396484 261.0 56.11521863937378
endloop
endfacet
facet normal 1.0 0.0 -0.0
outer loop
vertex 61.703548431396484 261.0 56.11521863937378
vertex 61.703548431396484 264.0 63.659350872039795
vertex 61.703548431396484 261.0 63.659350872039795
endloop
endfacet
facet normal 1.0 0.0 -0.0
outer loop
vertex 61.703548431396484 261.0 56.11521863937378
vertex 61.703548431396484 295.0 56.11521863937378
vertex 61.703548431396484 264.0 63.659350872039795
endloop
endfacet
facet normal 0.0 0.0 -1.0
outer loop
vertex 61.703548431396484 261.0 63.659350872039795
vertex 61.703548431396484 264.0 63.659350872039795
vertex 63.46116256713867 264.0 63.659350872039795
endloop
endfacet
facet normal -0.0 1.0 0.0
outer loop
vertex 61.703548431396484 264.0 63.659350872039795
vertex 61.703548431396484 264.0 68.11522245407104
vertex 63.46116256713867 264.0 63.659350872039795
endloop
endfacet
facet normal 0.0 1.0 -0.0
outer loop
vertex 63.46116256713867 264.0 63.659350872039795
vertex 61.703548431396484 264.0 68.11522245407104
vertex 63.703548431396484 264.0 70.11522245407104
endloop
endfacet
facet normal 1.0 0.0 -0.0
outer loop
vertex 61.703548431396484 264.0 63.659350872039795
vertex 61.703548431396484 295.0 68.11522245407104
vertex 61.703548431396484 264.0 68.11522245407104
endloop
endfacet
facet normal -0.0 1.0 0.0
outer loop
vertex 56.028377532958984 295.0 58.10280179977417
vertex 61.35207748413086 295.0 68.11522245407104
vertex 61.703548431396484 295.0 56.11521863937378
endloop
endfacet
facet normal 1.0 0.0 -0.0
outer loop
vertex 61.703548431396484 295.0 56.11521863937378
vertex 61.703548431396484 295.0 68.11522245407104
vertex 61.703548431396484 264.0 63.659350872039795
endloop
endfacet
facet normal 0.8829475846571668 3.6234711295534275e-07 -0.46947157821101776
outer loop
vertex 56.028377532958984 298.0 58.10280179977417
vertex 64.2326545715332 298.0 73.53280210494995
vertex 61.35207748413086 295.0 68.11522245407104
endloop
endfacet
facet normal 0.0 -0.0 1.0
outer loop
vertex 61.703548431396484 264.0 68.11522245407104
vertex 61.703548431396484 295.0 68.11522245407104
vertex 61.35207748413086 286.0 68.11522245407104
endloop
endfacet
facet normal 0.0 1.0 -0.0
outer loop
vertex 61.703548431396484 295.0 56.11521863937378
vertex 61.35207748413086 295.0 68.11522245407104
vertex 61.703548431396484 295.0 68.11522245407104
endloop
endfacet
facet normal 0.0 -0.0 1.0
outer loop
vertex 61.35207748413086 286.0 68.11522245407104
vertex 61.703548431396484 295.0 68.11522245407104
vertex 61.35207748413086 295.0 68.11522245407104
endloop
endfacet
facet normal -0.0 1.0 0.0
outer loop
vertex 27.703548431396484 264.0 70.11522245407104
vertex 63.703548431396484 264.0 70.11522245407104
vertex 61.703548431396484 264.0 68.11522245407104
endloop
endfacet
facet normal 0.4694713126194159 -6.201634533603992e-07 0.8829477258745378
outer loop
vertex 44.807804107666016 286.0 83.86117124557495
vertex 64.2326545715332 286.0 73.53280210494995
vertex 48.339595794677734 288.5 81.98328733444214
endloop
endfacet
facet normal 0.0 -1.0 0.0
outer loop
vertex 48.339595794677734 288.5 81.98328733444214
vertex 57.303035736083984 288.5 78.34993314743042
vertex 52.676387786865234 288.5 80.8099627494812
endloop
endfacet
facet normal 0.469471282286118 5.651960979875877e-07 0.8829477420030636
outer loop
vertex 44.807804107666016 298.0 83.86117124557495
vertex 48.339595794677734 295.5 81.98328733444214
vertex 60.700870513916016 295.5 75.41068601608276
endloop
endfacet
facet normal 0.0 -1.0 0.0
outer loop
vertex 48.339595794677734 288.5 81.98328733444214
vertex 58.36256790161133 288.5 77.78657102584839
vertex 57.303035736083984 288.5 78.34993314743042
endloop
endfacet
facet normal 0.0 1.0 0.0
outer loop
vertex 48.339595794677734 295.5 81.98328733444214
vertex 51.61684799194336 295.5 81.37333250045776
vertex 60.700870513916016 295.5 75.41068601608276
endloop
endfacet
facet normal 0.0 1.0 0.0
outer loop
vertex 51.61684799194336 295.5 81.37333250045776
vertex 52.676387786865234 295.5 80.8099627494812
vertex 60.700870513916016 295.5 75.41068601608276
endloop
endfacet
facet normal 0.0 -1.0 0.0
outer loop
vertex 44.807804107666016 286.0 83.86117124557495
vertex 61.35207748413086 286.0 68.11522245407104
vertex 64.2326545715332 286.0 73.53280210494995
endloop
endfacet
facet normal 0.0 -1.0 0.0
outer loop
vertex 48.339595794677734 288.5 81.98328733444214
vertex 60.700870513916016 288.5 75.41068601608276
vertex 58.36256790161133 288.5 77.78657102584839
endloop
endfacet
facet normal 0.4694713126193512 8.125492926704212e-07 0.8829477258744162
outer loop
vertex 44.807804107666016 298.0 83.86117124557495
vertex 60.700870513916016 295.5 75.41068601608276
vertex 64.2326545715332 298.0 73.53280210494995
endloop
endfacet
facet normal 0.0 1.0 0.0
outer loop
vertex 57.303035736083984 295.5 78.34993314743042
vertex 60.700870513916016 295.5 75.41068601608276
vertex 52.676387786865234 295.5 80.8099627494812
endloop
endfacet
facet normal 0.46947128228601637 -8.675165554732779e-07 0.8829477420028724
outer loop
vertex 48.339595794677734 288.5 81.98328733444214
vertex 64.2326545715332 286.0 73.53280210494995
vertex 60.700870513916016 288.5 75.41068601608276
endloop
endfacet
facet normal -0.08092877371635136 -0.9850300064768139 -0.1522051902040641
outer loop
vertex 58.36256790161133 288.5 77.78657102584839
vertex 58.24197769165039 288.1499938964844 80.11583280563354
vertex 57.303035736083984 288.5 78.34993314743042
endloop
endfacet
facet normal -0.08092989262737874 -0.9850299078861013 -0.1522052333174511
outer loop
vertex 58.36256790161133 288.5 77.78657102584839
vertex 59.301509857177734 288.1499938964844 79.55246305465698
vertex 58.24197769165039 288.1499938964844 80.11583280563354
endloop
endfacet
facet normal 0.0 1.0 0.0
outer loop
vertex 58.36256790161133 295.5 77.78657102584839
vertex 60.700870513916016 295.5 75.41068601608276
vertex 57.303035736083984 295.5 78.34993314743042
endloop
endfacet
facet normal -0.08092877371635136 0.9850300064768139 -0.1522051902040641
outer loop
vertex 58.36256790161133 295.5 77.78657102584839
vertex 57.303035736083984 295.5 78.34993314743042
vertex 58.24197769165039 295.8500061035156 80.11583280563354
endloop
endfacet
facet normal -0.08092989262737874 0.9850299078861013 -0.1522052333174511
outer loop
vertex 58.36256790161133 295.5 77.78657102584839
vertex 58.24197769165039 295.8500061035156 80.11583280563354
vertex 59.301509857177734 295.8500061035156 79.55246305465698
endloop
endfacet
facet normal 0.0 -1.0 0.0
outer loop
vertex 48.339595794677734 288.5 81.98328733444214
vertex 52.676387786865234 288.5 80.8099627494812
vertex 51.61684799194336 288.5 81.37333250045776
endloop
endfacet
facet normal -0.0809292976891801 -0.985029960308103 -0.15220521039357784
outer loop
vertex 51.61684799194336 288.5 81.37333250045776
vertex 52.676387786865234 288.5 80.8099627494812
vertex 52.5557975769043 288.1499938964844 83.13922452926636
endloop
endfacet
facet normal 0.0 -0.9999999999999999 0.0
outer loop
vertex 48.339595794677734 288.5 81.98328733444214
vertex 51.61684799194336 288.5 81.37333250045776
vertex 55.84209060668945 288.5 89.31985807418823
endloop
endfacet
facet normal -0.0809292976891801 0.985029960308103 -0.15220521039357784
outer loop
vertex 51.61684799194336 295.5 81.37333250045776
vertex 52.5557975769043 295.8500061035156 83.13922452926636
vertex 52.676387786865234 295.5 80.8099627494812
endloop
endfacet
facet normal -0.0 1.0 0.0
outer loop
vertex 48.339595794677734 295.5 81.98328733444214
vertex 53.03432083129883 295.5 90.81277799606323
vertex 51.61684799194336 295.5 81.37333250045776
endloop
endfacet
facet normal -0.08092877371635136 -0.9850300064768139 -0.1522051902040641
outer loop
vertex 52.676387786865234 288.5 80.8099627494812
vertex 53.61532974243164 288.1499938964844 82.57586240768433
vertex 52.5557975769043 288.1499938964844 83.13922452926636
endloop
endfacet
facet normal -0.8829475918322947 -2.0519069345053914e-05 0.4694715642682947
outer loop
vertex 51.61684799194336 288.5 81.37333250045776
vertex 52.5557975769043 288.1499938964844 83.13922452926636
vertex 55.84209060668945 288.5 89.31985807418823
endloop
endfacet
facet normal 0.0 -1.0 0.0
outer loop
vertex 52.5557975769043 288.1499938964844 83.13922452926636
vertex 53.61532974243164 288.1499938964844 82.57586240768433
vertex 55.372623443603516 288.1499938964844 88.4369158744812
endloop
endfacet
facet normal 0.8829475919827205 -8.960814606699184e-06 -0.4694715643482776
outer loop
vertex 52.676387786865234 288.5 80.8099627494812
vertex 56.90163040161133 288.5 88.75648832321167
vertex 53.61532974243164 288.1499938964844 82.57586240768433
endloop
endfacet
facet normal -0.08092877371635136 0.9850300064768139 -0.1522051902040641
outer loop
vertex 52.676387786865234 295.5 80.8099627494812
vertex 52.5557975769043 295.8500061035156 83.13922452926636
vertex 53.61532974243164 295.8500061035156 82.57586240768433
endloop
endfacet
facet normal -0.8829475918322947 2.0519069345053914e-05 0.4694715642682947
outer loop
vertex 51.61684799194336 295.5 81.37333250045776
vertex 55.84209060668945 295.5 89.31985807418823
vertex 52.5557975769043 295.8500061035156 83.13922452926636
endloop
endfacet
facet normal -0.0 1.0 0.0
outer loop
vertex 52.5557975769043 295.8500061035156 83.13922452926636
vertex 55.372623443603516 295.8500061035156 88.4369158744812
vertex 53.61532974243164 295.8500061035156 82.57586240768433
endloop
endfacet
facet normal 0.8829475919827205 8.960814606699184e-06 -0.4694715643482776
outer loop
vertex 52.676387786865234 295.5 80.8099627494812
vertex 53.61532974243164 295.8500061035156 82.57586240768433
vertex 56.90163040161133 295.5 88.75648832321167
endloop
endfacet
facet normal 0.0 -1.0 0.0
outer loop
vertex 48.339595794677734 288.5 81.98328733444214
vertex 55.84209060668945 288.5 89.31985807418823
vertex 53.03432083129883 288.5 90.81277799606323
endloop
endfacet
facet normal -0.8829475275694131 0.0 0.46947168557758684
outer loop
vertex 48.339595794677734 295.5 81.98328733444214
vertex 53.03432083129883 288.5 90.81277799606323
vertex 53.03432083129883 295.5 90.81277799606323
endloop
endfacet
facet normal -0.8829480479505127 6.822313872649889e-06 0.46947070683252945
outer loop
vertex 52.5557975769043 288.1499938964844 83.13922452926636
vertex 55.372623443603516 288.1499938964844 88.4369158744812
vertex 56.31156539916992 288.5 90.2028079032898
endloop
endfacet
facet normal -0.8829467455569675 -5.651845575858126e-05 0.469473152923598
outer loop
vertex 52.5557975769043 288.1499938964844 83.13922452926636
vertex 56.31156539916992 288.5 90.2028079032898
vertex 55.84209060668945 288.5 89.31985807418823
endloop
endfacet
facet normal 0.17435744849522478 -0.9284767911083168 0.3279181735241855
outer loop
vertex 53.03432083129883 288.5 90.81277799606323
vertex 55.84209060668945 288.5 89.31985807418823
vertex 55.959468841552734 288.6000061035156 89.54060697555542
endloop
endfacet
facet normal -0.0 1.0 0.0
outer loop
vertex 51.61684799194336 295.5 81.37333250045776
vertex 53.03432083129883 295.5 90.81277799606323
vertex 55.84209060668945 295.5 89.31985807418823
endloop
endfacet
facet normal -0.8829467455569675 5.651845575858126e-05 0.469473152923598
outer loop
vertex 52.5557975769043 295.8500061035156 83.13922452926636
vertex 55.84209060668945 295.5 89.31985807418823
vertex 56.31156539916992 295.5 90.2028079032898
endloop
endfacet
facet normal -0.8829480479505127 -6.822313872649889e-06 0.46947070683252945
outer loop
vertex 52.5557975769043 295.8500061035156 83.13922452926636
vertex 56.31156539916992 295.5 90.2028079032898
vertex 55.372623443603516 295.8500061035156 88.4369158744812
endloop
endfacet
facet normal -0.6454392678891968 0.0 0.7638115942211519
outer loop
vertex 53.03432083129883 288.5 90.81277799606323
vertex 54.679622650146484 294.6999969482422 92.20309782028198
vertex 53.03432083129883 295.5 90.81277799606323
endloop
endfacet
facet normal -0.6454392678891968 0.0 0.763811594221152
outer loop
vertex 53.03432083129883 288.5 90.81277799606323
vertex 54.679622650146484 289.3000030517578 92.20309782028198
vertex 54.679622650146484 294.6999969482422 92.20309782028198
endloop
endfacet
facet normal 0.17435744849522478 0.9284767911083168 0.3279181735241855
outer loop
vertex 53.03432083129883 295.5 90.81277799606323
vertex 55.959468841552734 295.3999938964844 89.54060697555542
vertex 55.84209060668945 295.5 89.31985807418823
endloop
endfacet
facet normal 0.17435788154917906 0.9284763457472732 0.3279192042706136
outer loop
vertex 53.03432083129883 295.5 90.81277799606323
vertex 54.679622650146484 294.6999969482422 92.20309782028198
vertex 55.959468841552734 295.3999938964844 89.54060697555542
endloop
endfacet
facet normal 0.0 -1.0 0.0
outer loop
vertex 53.61532974243164 288.1499938964844 82.57586240768433
vertex 56.43216323852539 288.1499938964844 87.87354612350464
vertex 55.372623443603516 288.1499938964844 88.4369158744812
endloop
endfacet
facet normal 0.0 -0.9999999999999999 0.0
outer loop
vertex 52.676387786865234 288.5 80.8099627494812
vertex 61.52827835083008 288.5 86.29646635055542
vertex 56.90163040161133 288.5 88.75648832321167
endloop
endfacet
facet normal 0.0 1.0 -0.0
outer loop
vertex 57.303035736083984 295.5 78.34993314743042
vertex 52.676387786865234 295.5 80.8099627494812
vertex 56.90163040161133 295.5 88.75648832321167
endloop
endfacet
facet normal -0.0 1.0 0.0
outer loop
vertex 53.61532974243164 295.8500061035156 82.57586240768433
vertex 55.372623443603516 295.8500061035156 88.4369158744812
vertex 56.43216323852539 295.8500061035156 87.87354612350464
endloop
endfacet
facet normal -0.0 -0.9999999999999999 0.0
outer loop
vertex 57.303035736083984 288.5 78.34993314743042
vertex 61.52827835083008 288.5 86.29646635055542
vertex 52.676387786865234 288.5 80.8099627494812
endloop
endfacet
facet normal -0.8829477788366892 6.686702877069365e-06 0.46947121296480465
outer loop
vertex 57.303035736083984 288.5 78.34993314743042
vertex 58.24197769165039 288.1499938964844 80.11583280563354
vertex 61.52827835083008 288.5 86.29646635055542
endloop
endfacet
facet normal -0.8829477788366892 -6.686702877069365e-06 0.46947121296480465
outer loop
vertex 57.303035736083984 295.5 78.34993314743042
vertex 61.52827835083008 295.5 86.29646635055542
vertex 58.24197769165039 295.8500061035156 80.11583280563354
endloop
endfacet
facet normal -0.0 0.9999999999999999 -0.0
outer loop
vertex 57.303035736083984 295.5 78.34993314743042
vertex 56.90163040161133 295.5 88.75648832321167
vertex 61.52827835083008 295.5 86.29646635055542
endloop
endfacet
facet normal 0.8829472406220256 3.0042942961104157e-06 -0.4694722252369413
outer loop
vertex 53.61532974243164 288.1499938964844 82.57586240768433
vertex 57.3711051940918 288.5 89.63943815231323
vertex 56.43216323852539 288.1499938964844 87.87354612350464
endloop
endfacet
facet normal 0.8829467466444277 2.7038555659339156e-05 -0.46947315350181335
outer loop
vertex 53.61532974243164 288.1499938964844 82.57586240768433
vertex 56.90163040161133 288.5 88.75648832321167
vertex 57.3711051940918 288.5 89.63943815231323
endloop
endfacet
facet normal 0.080929438318599 -0.9850299078863695 0.15220547487789815
outer loop
vertex 55.372623443603516 288.1499938964844 88.4369158744812
vertex 56.43216323852539 288.1499938964844 87.87354612350464
vertex 56.31156539916992 288.5 90.2028079032898
endloop
endfacet
facet normal 0.080929438318599 -0.9850299078863695 0.15220547487789815
outer loop
vertex 56.43216323852539 288.1499938964844 87.87354612350464
vertex 57.3711051940918 288.5 89.63943815231323
vertex 56.31156539916992 288.5 90.2028079032898
endloop
endfacet
facet normal 0.8829467465571588 -3.0475564770623384e-05 -0.46947315345541146
outer loop
vertex 56.90163040161133 288.5 88.75648832321167
vertex 57.01900863647461 288.6000061035156 88.97723722457886
vertex 57.3711051940918 288.5 89.63943815231323
endloop
endfacet
facet normal -0.8829467465571588 3.0475564770623384e-05 0.46947315345541146
outer loop
vertex 55.84209060668945 288.5 89.31985807418823
vertex 56.31156539916992 288.5 90.2028079032898
vertex 55.959468841552734 288.6000061035156 89.54060697555542
endloop
endfacet
facet normal -0.8829486547680262 0.0 0.46946956561989506
outer loop
vertex 55.959468841552734 288.6000061035156 89.54060697555542
vertex 56.31156539916992 288.5 90.2028079032898
vertex 56.31156539916992 288.6000061035156 90.2028079032898
endloop
endfacet
facet normal 0.0 0.9999999999999999 -0.0
outer loop
vertex 57.01900863647461 288.6000061035156 88.97723722457886
vertex 55.959468841552734 288.6000061035156 89.54060697555542
vertex 56.31156539916992 288.6000061035156 90.2028079032898
endloop
endfacet
facet normal 0.46947315367342546 0.0 0.8829467469671817
outer loop
vertex 56.31156539916992 288.5 90.2028079032898
vertex 57.3711051940918 288.6000061035156 89.63943815231323
vertex 56.31156539916992 288.6000061035156 90.2028079032898
endloop
endfacet
facet normal -0.0 0.9999999999999999 -0.0
outer loop
vertex 57.01900863647461 288.6000061035156 88.97723722457886
vertex 56.31156539916992 288.6000061035156 90.2028079032898
vertex 57.3711051940918 288.6000061035156 89.63943815231323
endloop
endfacet
facet normal 0.46947315367342546 -0.0 0.8829467469671817
outer loop
vertex 56.31156539916992 288.5 90.2028079032898
vertex 57.3711051940918 288.5 89.63943815231323
vertex 57.3711051940918 288.6000061035156 89.63943815231323
endloop
endfacet
facet normal 0.8829467466444277 -2.7038555659339156e-05 -0.46947315350181335
outer loop
vertex 53.61532974243164 295.8500061035156 82.57586240768433
vertex 57.3711051940918 295.5 89.63943815231323
vertex 56.90163040161133 295.5 88.75648832321167
endloop
endfacet
facet normal 0.8829472406220256 -3.0042942961104157e-06 -0.4694722252369413
outer loop
vertex 53.61532974243164 295.8500061035156 82.57586240768433
vertex 56.43216323852539 295.8500061035156 87.87354612350464
vertex 57.3711051940918 295.5 89.63943815231323
endloop
endfacet
facet normal 0.080929438318599 0.9850299078863695 0.15220547487789815
outer loop
vertex 55.372623443603516 295.8500061035156 88.4369158744812
vertex 56.31156539916992 295.5 90.2028079032898
vertex 56.43216323852539 295.8500061035156 87.87354612350464
endloop
endfacet
facet normal 0.080929438318599 0.9850299078863695 0.15220547487789815
outer loop
vertex 56.43216323852539 295.8500061035156 87.87354612350464
vertex 56.31156539916992 295.5 90.2028079032898
vertex 57.3711051940918 295.5 89.63943815231323
endloop
endfacet
facet normal 0.8829467469545917 -5.340208305888644e-06 -0.4694731536667312
outer loop
vertex 56.90163040161133 295.5 88.75648832321167
vertex 57.3711051940918 295.5 89.63943815231323
vertex 57.01900863647461 295.3999938964844 88.97724485397339
endloop
endfacet
facet normal -0.8829467465571588 -3.0475564770623384e-05 0.46947315345541146
outer loop
vertex 55.84209060668945 295.5 89.31985807418823
vertex 55.959468841552734 295.3999938964844 89.54060697555542
vertex 56.31156539916992 295.5 90.2028079032898
endloop
endfacet
facet normal 0.17435566529610635 0.9284770708596988 0.3279183295684249
outer loop
vertex 54.679622650146484 294.6999969482422 92.20309782028198
vertex 57.01900863647461 295.3999938964844 88.97724485397339
vertex 55.959468841552734 295.3999938964844 89.54060697555542
endloop
endfacet
facet normal -0.8829486547680262 0.0 0.46946956561989506
outer loop
vertex 55.959468841552734 295.3999938964844 89.54060697555542
vertex 56.31156539916992 295.3999938964844 90.2028079032898
vertex 56.31156539916992 295.5 90.2028079032898
endloop
endfacet
facet normal 0.0 -0.9999999999999999 0.0
outer loop
vertex 55.959468841552734 295.3999938964844 89.54060697555542
vertex 57.3711051940918 295.3999938964844 89.63943815231323
vertex 56.31156539916992 295.3999938964844 90.2028079032898
endloop
endfacet
facet normal -0.0 -1.0 0.0
outer loop
vertex 57.01900863647461 295.3999938964844 88.97724485397339
vertex 57.3711051940918 295.3999938964844 89.63943815231323
vertex 55.959468841552734 295.3999938964844 89.54060697555542
endloop
endfacet
facet normal 0.46947315367342546 0.0 0.8829467469671817
outer loop
vertex 56.31156539916992 295.3999938964844 90.2028079032898
vertex 57.3711051940918 295.3999938964844 89.63943815231323
vertex 56.31156539916992 295.5 90.2028079032898
endloop
endfacet
facet normal 0.46947315367342546 -0.0 0.8829467469671817
outer loop
vertex 56.31156539916992 295.5 90.2028079032898
vertex 57.3711051940918 295.3999938964844 89.63943815231323
vertex 57.3711051940918 295.5 89.63943815231323
endloop
endfacet
facet normal 0.17435689426846412 -0.9284767911052406 0.32791846822033505
outer loop
vertex 56.90163040161133 288.5 88.75648832321167
vertex 61.64564895629883 288.6000061035156 86.51721525192261
vertex 57.01900863647461 288.6000061035156 88.97723722457886
endloop
endfacet
facet normal 0.8829486547680262 0.0 -0.46946956561989506
outer loop
vertex 57.01900863647461 288.6000061035156 88.97723722457886
vertex 57.3711051940918 288.6000061035156 89.63943815231323
vertex 57.3711051940918 288.5 89.63943815231323
endloop
endfacet
facet normal 0.17435822730671688 0.9284760145050782 0.3279199583118188
outer loop
vertex 54.679622650146484 294.6999969482422 92.20309782028198
vertex 61.64564895629883 295.3999938964844 86.51721525192261
vertex 57.01900863647461 295.3999938964844 88.97724485397339
endloop
endfacet
facet normal 0.1743577042577011 -0.9284765280774444 0.32791878228494087
outer loop
vertex 53.03432083129883 288.5 90.81277799606323
vertex 55.959468841552734 288.6000061035156 89.54060697555542
vertex 65.62817001342773 289.3000030517578 86.38164854049683
endloop
endfacet
facet normal 0.17435262035674978 0.9284802415550021 0.32791097086968624
outer loop
vertex 56.90163040161133 295.5 88.75648832321167
vertex 57.01900863647461 295.3999938964844 88.97724485397339
vertex 61.52827835083008 295.5 86.29646635055542
endloop
endfacet
facet normal 0.17435785196393971 -0.9284763400879451 0.3279192360252988
outer loop
vertex 53.03432083129883 288.5 90.81277799606323
vertex 65.62817001342773 289.3000030517578 86.38164854049683
vertex 54.679622650146484 289.3000030517578 92.20309782028198
endloop
endfacet
facet normal 0.8829464126602949 0.0 -0.46947378240996157
outer loop
vertex 57.01900863647461 295.3999938964844 88.97724485397339
vertex 57.3711051940918 295.5 89.63943815231323
vertex 57.3711051940918 295.3999938964844 89.63943815231323
endloop
endfacet
facet normal 0.46947177552369906 0.0 0.8829474797441949
outer loop
vertex 54.679622650146484 289.3000030517578 92.20309782028198
vertex 65.62817001342773 289.3000030517578 86.38164854049683
vertex 54.679622650146484 294.6999969482422 92.20309782028198
endloop
endfacet
facet normal 0.8829476678307199 0.0 -0.46947142178442836
outer loop
vertex 61.35207748413086 286.0 68.11522245407104
vertex 61.35207748413086 295.0 68.11522245407104
vertex 64.2326545715332 286.0 73.53280210494995
endloop
endfacet
facet normal 0.8829476678307199 0.0 -0.46947142178442836
outer loop
vertex 61.35207748413086 295.0 68.11522245407104
vertex 64.2326545715332 296.7373046875 73.53280210494995
vertex 64.2326545715332 286.0 73.53280210494995
endloop
endfacet
facet normal 0.8829476678307199 0.0 -0.46947142178442836
outer loop
vertex 61.35207748413086 295.0 68.11522245407104
vertex 64.2326545715332 298.0 73.53280210494995
vertex 64.2326545715332 296.7373046875 73.53280210494995
endloop
endfacet
facet normal 0.46947176101928756 0.0 0.8829474874563316
outer loop
vertex 60.700870513916016 288.5 75.41068601608276
vertex 64.2326545715332 296.7373046875 73.53280210494995
vertex 60.700870513916016 295.5 75.41068601608276
endloop
endfacet
facet normal 0.46947176101928756 -0.0 0.8829474874563317
outer loop
vertex 60.700870513916016 288.5 75.41068601608276
vertex 64.2326545715332 286.0 73.53280210494995
vertex 64.2326545715332 296.7373046875 73.53280210494995
endloop
endfacet
facet normal 0.46947176101928756 -0.0 0.8829474874563317
outer loop
vertex 60.700870513916016 295.5 75.41068601608276
vertex 64.2326545715332 296.7373046875 73.53280210494995
vertex 64.2326545715332 298.0 73.53280210494995
endloop
endfacet
facet normal 0.0 -1.0 0.0
outer loop
vertex 58.36256790161133 288.5 77.78657102584839
vertex 60.700870513916016 288.5 75.41068601608276
vertex 65.39558792114258 288.5 84.24017667770386
endloop
endfacet
facet normal 0.8829478438215704 0.0 -0.46947109079350113
outer loop
vertex 60.700870513916016 288.5 75.41068601608276
vertex 60.700870513916016 295.5 75.41068601608276
vertex 65.39558792114258 295.5 84.24017667770386
endloop
endfacet
facet normal -0.0 1.0 0.0
outer loop
vertex 58.36256790161133 295.5 77.78657102584839
vertex 65.39558792114258 295.5 84.24017667770386
vertex 60.700870513916016 295.5 75.41068601608276
endloop
endfacet
facet normal 0.0 -1.0 0.0
outer loop
vertex 58.24197769165039 288.1499938964844 80.11583280563354
vertex 59.301509857177734 288.1499938964844 79.55246305465698
vertex 61.05880355834961 288.1499938964844 85.41351652145386
endloop
endfacet
facet normal 0.8829475920174542 1.2726748943596342e-06 -0.4694715643667458
outer loop
vertex 58.36256790161133 288.5 77.78657102584839
vertex 62.58781051635742 288.5 85.73309659957886
vertex 59.301509857177734 288.1499938964844 79.55246305465698
endloop
endfacet
facet normal 0.0 -1.0 0.0
outer loop
vertex 59.301509857177734 288.1499938964844 79.55246305465698
vertex 62.118343353271484 288.1499938964844 84.8501467704773
vertex 61.05880355834961 288.1499938964844 85.41351652145386
endloop
endfacet
facet normal -0.8829477677090312 3.4111607661822576e-06 0.4694712339281318
outer loop
vertex 58.24197769165039 288.1499938964844 80.11583280563354
vertex 61.05880355834961 288.1499938964844 85.41351652145386
vertex 61.997745513916016 288.5 87.17940855026245
endloop
endfacet
facet normal -0.8829482276566455 2.5818316105608085e-05 0.4694703681931411
outer loop
vertex 58.24197769165039 288.1499938964844 80.11583280563354
vertex 61.997745513916016 288.5 87.17940855026245
vertex 61.52827835083008 288.5 86.29646635055542
endloop
endfacet
facet normal -0.0 1.0 0.0
outer loop
vertex 58.24197769165039 295.8500061035156 80.11583280563354
vertex 61.05880355834961 295.8500061035156 85.41351652145386
vertex 59.301509857177734 295.8500061035156 79.55246305465698
endloop
endfacet
facet normal 0.8829475920174542 -1.2726748943596342e-06 -0.4694715643667458
outer loop
vertex 58.36256790161133 295.5 77.78657102584839
vertex 59.301509857177734 295.8500061035156 79.55246305465698
vertex 62.58781051635742 295.5 85.73309659957886
endloop
endfacet
facet normal -0.0 1.0 0.0
outer loop
vertex 59.301509857177734 295.8500061035156 79.55246305465698
vertex 61.05880355834961 295.8500061035156 85.41351652145386
vertex 62.118343353271484 295.8500061035156 84.8501467704773
endloop
endfacet
facet normal -0.8829482276566455 -2.5818316105608085e-05 0.4694703681931411
outer loop
vertex 58.24197769165039 295.8500061035156 80.11583280563354
vertex 61.52827835083008 295.5 86.29646635055542
vertex 61.997745513916016 295.5 87.17940855026245
endloop
endfacet
facet normal -0.8829477677090312 -3.4111607661822576e-06 0.4694712339281318
outer loop
vertex 58.24197769165039 295.8500061035156 80.11583280563354
vertex 61.997745513916016 295.5 87.17940855026245
vertex 61.05880355834961 295.8500061035156 85.41351652145386
endloop
endfacet
facet normal 0.0 -0.9999999999999999 0.0
outer loop
vertex 58.36256790161133 288.5 77.78657102584839
vertex 65.39558792114258 288.5 84.24017667770386
vertex 62.58781051635742 288.5 85.73309659957886
endloop
endfacet
facet normal 0.8829472405486466 1.3237798201997388e-05 -0.4694722251979249
outer loop
vertex 59.301509857177734 288.1499938964844 79.55246305465698
vertex 63.05728530883789 288.5 86.61604642868042
vertex 62.118343353271484 288.1499938964844 84.8501467704773
endloop
endfacet
facet normal 0.8829467463538834 3.727207978827699e-05 -0.46947315334732753
outer loop
vertex 59.301509857177734 288.1499938964844 79.55246305465698
vertex 62.58781051635742 288.5 85.73309659957886
vertex 63.05728530883789 288.5 86.61604642868042
endloop
endfacet
facet normal 0.080929438318599 -0.9850299078863695 0.15220547487789815
outer loop
vertex 61.05880355834961 288.1499938964844 85.41351652145386
vertex 62.118343353271484 288.1499938964844 84.8501467704773
vertex 61.997745513916016 288.5 87.17940855026245
endloop
endfacet
facet normal 0.0809283194120367 -0.9850300064767482 0.1522054317610272
outer loop
vertex 62.118343353271484 288.1499938964844 84.8501467704773
vertex 63.05728530883789 288.5 86.61604642868042
vertex 61.997745513916016 288.5 87.17940855026245
endloop
endfacet
facet normal 0.8829467465571588 -3.0475564770623384e-05 -0.46947315345541146
outer loop
vertex 62.58781051635742 288.5 85.73309659957886
vertex 62.7051887512207 288.6000061035156 85.95384550094604
vertex 63.05728530883789 288.5 86.61604642868042
endloop
endfacet
facet normal 0.8829486547680262 0.0 -0.46946956561989506
outer loop
vertex 62.7051887512207 288.6000061035156 85.95384550094604
vertex 63.05728530883789 288.6000061035156 86.61604642868042
vertex 63.05728530883789 288.5 86.61604642868042
endloop
endfacet
facet normal -0.0 0.9999999999999999 0.0
outer loop
vertex 58.36256790161133 295.5 77.78657102584839
vertex 62.58781051635742 295.5 85.73309659957886
vertex 65.39558792114258 295.5 84.24017667770386
endloop
endfacet
facet normal 0.8829467463538834 -3.727207978827699e-05 -0.46947315334732753
outer loop
vertex 59.301509857177734 295.8500061035156 79.55246305465698
vertex 63.05728530883789 295.5 86.61604642868042
vertex 62.58781051635742 295.5 85.73309659957886
endloop
endfacet
facet normal 0.8829472405486466 -1.3237798201997388e-05 -0.4694722251979249
outer loop
vertex 59.301509857177734 295.8500061035156 79.55246305465698
vertex 62.118343353271484 295.8500061035156 84.8501467704773
vertex 63.05728530883789 295.5 86.61604642868042
endloop
endfacet
facet normal 0.080929438318599 0.9850299078863695 0.15220547487789815
outer loop
vertex 61.05880355834961 295.8500061035156 85.41351652145386
vertex 61.997745513916016 295.5 87.17940855026245
vertex 62.118343353271484 295.8500061035156 84.8501467704773
endloop
endfacet
facet normal 0.0809283194120367 0.9850300064767482 0.1522054317610272
outer loop
vertex 62.118343353271484 295.8500061035156 84.8501467704773
vertex 61.997745513916016 295.5 87.17940855026245
vertex 63.05728530883789 295.5 86.61604642868042
endloop
endfacet
facet normal 0.174358281653903 -0.92847641007568 0.32791880938987883
outer loop
vertex 62.7051887512207 288.6000061035156 85.95384550094604
vertex 65.62817001342773 289.3000030517578 86.38164854049683
vertex 61.64564895629883 288.6000061035156 86.51721525192261
endloop
endfacet
facet normal -0.0 -0.9999999999999999 0.0
outer loop
vertex 62.7051887512207 295.3999938964844 85.95384550094604
vertex 63.05728530883789 295.3999938964844 86.61604642868042
vertex 61.64564895629883 295.3999938964844 86.51721525192261
endloop
endfacet
facet normal 0.8829467465571588 3.0475564770623384e-05 -0.46947315345541146
outer loop
vertex 62.58781051635742 295.5 85.73309659957886
vertex 63.05728530883789 295.5 86.61604642868042
vertex 62.7051887512207 295.3999938964844 85.95384550094604
endloop
endfacet
facet normal 0.8829486547680262 0.0 -0.46946956561989506
outer loop
vertex 62.7051887512207 295.3999938964844 85.95384550094604
vertex 63.05728530883789 295.5 86.61604642868042
vertex 63.05728530883789 295.3999938964844 86.61604642868042
endloop
endfacet
facet normal 0.17435882348306547 -0.9284749563763252 0.32792263730273696
outer loop
vertex 56.90163040161133 288.5 88.75648832321167
vertex 61.52827835083008 288.5 86.29646635055542
vertex 61.64564895629883 288.6000061035156 86.51721525192261
endloop
endfacet
facet normal 0.17435699126322343 -0.9284775095106189 0.327916382528526
outer loop
vertex 57.01900863647461 288.6000061035156 88.97723722457886
vertex 65.62817001342773 289.3000030517578 86.38164854049683
vertex 55.959468841552734 288.6000061035156 89.54060697555542
endloop
endfacet
facet normal 0.1743594692025474 0.9284749563732516 0.32792229397693345
outer loop
vertex 57.01900863647461 295.3999938964844 88.97724485397339
vertex 61.64564895629883 295.3999938964844 86.51721525192261
vertex 61.52827835083008 295.5 86.29646635055542
endloop
endfacet
facet normal 0.1743599440567621 0.9284749936660864 0.327921935901342
outer loop
vertex 54.679622650146484 294.6999969482422 92.20309782028198
vertex 62.7051887512207 295.3999938964844 85.95384550094604
vertex 61.64564895629883 295.3999938964844 86.51721525192261
endloop
endfacet
facet normal 0.17435735037722064 0.9284765938472811 0.327918784224366
outer loop
vertex 54.679622650146484 294.6999969482422 92.20309782028198
vertex 65.39558792114258 295.5 84.24017667770386
vertex 62.7051887512207 295.3999938964844 85.95384550094604
endloop
endfacet
facet normal -0.8829482275797103 -2.8997484778498198e-05 0.46947036815223403
outer loop
vertex 61.52827835083008 288.5 86.29646635055542
vertex 61.997745513916016 288.5 87.17940855026245
vertex 61.64564895629883 288.6000061035156 86.51721525192261
endloop
endfacet
facet normal -0.8829464126602949 0.0 0.46947378240996157
outer loop
vertex 61.64564895629883 288.6000061035156 86.51721525192261
vertex 61.997745513916016 288.5 87.17940855026245
vertex 61.997745513916016 288.6000061035156 87.17940855026245
endloop
endfacet
facet normal 0.0 1.0 -0.0
outer loop
vertex 62.7051887512207 288.6000061035156 85.95384550094604
vertex 61.64564895629883 288.6000061035156 86.51721525192261
vertex 61.997745513916016 288.6000061035156 87.17940855026245
endloop
endfacet
facet normal 0.4694681971372784 0.0 0.8829493823978097
outer loop
vertex 61.997745513916016 288.5 87.17940855026245
vertex 63.05728530883789 288.6000061035156 86.61604642868042
vertex 61.997745513916016 288.6000061035156 87.17940855026245
endloop
endfacet
facet normal -0.0 1.0 -0.0
outer loop
vertex 62.7051887512207 288.6000061035156 85.95384550094604
vertex 61.997745513916016 288.6000061035156 87.17940855026245
vertex 63.05728530883789 288.6000061035156 86.61604642868042
endloop
endfacet
facet normal 0.4694681971372784 -0.0 0.8829493823978097
outer loop
vertex 61.997745513916016 288.5 87.17940855026245
vertex 63.05728530883789 288.5 86.61604642868042
vertex 63.05728530883789 288.6000061035156 86.61604642868042
endloop
endfacet
facet normal 0.17435822308357585 -0.9284756589194272 0.32792096736450604
outer loop
vertex 57.01900863647461 288.6000061035156 88.97723722457886
vertex 61.64564895629883 288.6000061035156 86.51721525192261
vertex 65.62817001342773 289.3000030517578 86.38164854049683
endloop
endfacet
facet normal 0.46947177552369906 -0.0 0.8829474797441949
outer loop
vertex 54.679622650146484 294.6999969482422 92.20309782028198
vertex 65.62817001342773 289.3000030517578 86.38164854049683
vertex 65.62817001342773 294.6999969482422 86.38164854049683
endloop
endfacet
facet normal -0.8829482275797103 2.8997484778498198e-05 0.46947036815223403
outer loop
vertex 61.52827835083008 295.5 86.29646635055542
vertex 61.64564895629883 295.3999938964844 86.51721525192261
vertex 61.997745513916016 295.5 87.17940855026245
endloop
endfacet
facet normal -0.8829464126602949 0.0 0.46947378240996157
outer loop
vertex 61.64564895629883 295.3999938964844 86.51721525192261
vertex 61.997745513916016 295.3999938964844 87.17940855026245
vertex 61.997745513916016 295.5 87.17940855026245
endloop
endfacet
facet normal 0.17435817054145258 0.928476068652055 0.3279198351821103
outer loop
vertex 54.679622650146484 294.6999969482422 92.20309782028198
vertex 65.62817001342773 294.6999969482422 86.38164854049683
vertex 65.39558792114258 295.5 84.24017667770386
endloop
endfacet
facet normal 0.0 -1.0 0.0
outer loop
vertex 61.64564895629883 295.3999938964844 86.51721525192261
vertex 63.05728530883789 295.3999938964844 86.61604642868042
vertex 61.997745513916016 295.3999938964844 87.17940855026245
endloop
endfacet
facet normal 0.4694681971372784 0.0 0.8829493823978097
outer loop
vertex 61.997745513916016 295.3999938964844 87.17940855026245
vertex 63.05728530883789 295.3999938964844 86.61604642868042
vertex 61.997745513916016 295.5 87.17940855026245
endloop
endfacet
facet normal 0.4694681971372784 -0.0 0.8829493823978097
outer loop
vertex 61.997745513916016 295.5 87.17940855026245
vertex 63.05728530883789 295.3999938964844 86.61604642868042
vertex 63.05728530883789 295.5 86.61604642868042
endloop
endfacet
facet normal 0.17435707914779072 -0.9284767911063075 0.3279183699154185
outer loop
vertex 62.58781051635742 288.5 85.73309659957886
vertex 65.39558792114258 288.5 84.24017667770386
vertex 62.7051887512207 288.6000061035156 85.95384550094604
endloop
endfacet
facet normal 0.8829478438215704 0.0 -0.46947109079350113
outer loop
vertex 60.700870513916016 288.5 75.41068601608276
vertex 65.39558792114258 295.5 84.24017667770386
vertex 65.39558792114258 288.5 84.24017667770386
endloop
endfacet
facet normal 0.17435707914779072 0.9284767911063075 0.3279183699154185
outer loop
vertex 62.58781051635742 295.5 85.73309659957886
vertex 62.7051887512207 295.3999938964844 85.95384550094604
vertex 65.39558792114258 295.5 84.24017667770386
endloop
endfacet
facet normal 0.994153764827807 0.0 -0.1079735702785512
outer loop
vertex 65.39558792114258 288.5 84.24017667770386
vertex 65.39558792114258 295.5 84.24017667770386
vertex 65.62817001342773 289.3000030517578 86.38164854049683
endloop
endfacet
facet normal 0.17435805077436176 -0.9284760844629034 0.32791985409639457
outer loop
vertex 62.7051887512207 288.6000061035156 85.95384550094604
vertex 65.39558792114258 288.5 84.24017667770386
vertex 65.62817001342773 289.3000030517578 86.38164854049683
endloop
endfacet
facet normal 0.994153764827807 0.0 -0.1079735702785512
outer loop
vertex 65.39558792114258 295.5 84.24017667770386
vertex 65.62817001342773 294.6999969482422 86.38164854049683
vertex 65.62817001342773 289.3000030517578 86.38164854049683
endloop
endfacet
facet normal 0.8829499819489487 0.0 -0.46946706953347783
outer loop
vertex 17.13995361328125 295.0 4.4682841300964355
vertex 17.223468780517578 295.0 4.625355243682861
vertex 17.13995361328125 288.1999969482422 4.4682841300964355
endloop
endfacet
facet normal 0.0 1.0 0.0
outer loop
vertex 22.871253967285156 288.1999969482422 15.247294902801514
vertex 17.49211883544922 288.1999969482422 4.4682841300964355
vertex 17.13995361328125 288.1999969482422 4.4682841300964355
endloop
endfacet
facet normal 0.8829475994827456 1.327610423019089e-07 -0.46947155032828064
outer loop
vertex 22.871253967285156 295.8000030517578 15.247294902801514
vertex 17.13995361328125 288.1999969482422 4.4682841300964355
vertex 17.223468780517578 295.0 4.625355243682861
endloop
endfacet
facet normal 0.8829476036275448 0.0 -0.4694715425330656
outer loop
vertex 22.871253967285156 295.8000030517578 15.247294902801514
vertex 17.223468780517578 295.0 4.625355243682861
vertex 17.223468780517578 295.07090759277344 4.625355243682861
endloop
endfacet
facet normal 0.8829476036275448 0.0 -0.4694715425330656
outer loop
vertex 22.871253967285156 295.8000030517578 15.247294902801514
vertex 17.223468780517578 295.07090759277344 4.625355243682861
vertex 17.223468780517578 295.8000030517578 4.625355243682861
endloop
endfacet
facet normal 0.0 1.0 0.0
outer loop
vertex 22.871253967285156 288.1999969482422 15.247294902801514
vertex 25.134571075439453 288.1999969482422 0.0
vertex 17.49211883544922 288.1999969482422 4.4682841300964355
endloop
endfacet
facet normal 0.0 -1.0 -0.0
outer loop
vertex 22.871253967285156 295.8000030517578 15.247294902801514
vertex 17.223468780517578 295.8000030517578 4.625355243682861
vertex 25.134571075439453 295.8000030517578 0.0
endloop
endfacet
facet normal 0.0 1.0 0.0
outer loop
vertex 22.871253967285156 288.1999969482422 15.247294902801514
vertex 27.51040267944336 288.1999969482422 4.4682841300964355
vertex 25.134571075439453 288.1999969482422 0.0
endloop
endfacet
facet normal 0.8829476382843758 0.0 -0.4694714773530372
outer loop
vertex 22.871253967285156 288.1999969482422 15.247294902801514
vertex 17.13995361328125 288.1999969482422 4.4682841300964355
vertex 22.871253967285156 295.8000030517578 15.247294902801514
endloop
endfacet
facet normal 0.0 -1.0 0.0
outer loop
vertex 22.871253967285156 295.8000030517578 15.247294902801514
vertex 25.134571075439453 295.8000030517578 0.0
vertex 30.95602035522461 295.8000030517578 10.948548793792725
endloop
endfacet
facet normal 0.0 1.0 0.0
outer loop
vertex 22.871253967285156 288.1999969482422 15.247294902801514
vertex 33.675472259521484 288.1999969482422 4.4682841300964355
vertex 27.51040267944336 288.1999969482422 4.4682841300964355
endloop
endfacet
facet normal 0.0 1.0 0.0
outer loop
vertex 22.871253967285156 288.1999969482422 15.247294902801514
vertex 34.24238967895508 288.1999969482422 9.201154232025146
vertex 33.675472259521484 288.1999969482422 4.4682841300964355
endloop
endfacet
facet normal -0.4694715969380128 -0.0 -0.8829475746999208
outer loop
vertex 22.871253967285156 288.1999969482422 15.247294902801514
vertex 34.24238967895508 295.0 9.201154232025146
vertex 34.24238967895508 288.1999969482422 9.201154232025146
endloop
endfacet
facet normal -0.46947152598480846 0.0 -0.8829476124264083
outer loop
vertex 22.871253967285156 288.1999969482422 15.247294902801514
vertex 22.871253967285156 295.8000030517578 15.247294902801514
vertex 30.95602035522461 295.0 10.948548793792725
endloop
endfacet
facet normal -0.46947152598480857 -0.0 -0.8829476124264085
outer loop
vertex 22.871253967285156 295.8000030517578 15.247294902801514
vertex 30.95602035522461 295.8000030517578 10.948548793792725
vertex 30.95602035522461 295.0 10.948548793792725
endloop
endfacet
facet normal -0.46947177148925434 3.7441043659996844e-07 -0.8829474818892691
outer loop
vertex 22.871253967285156 288.1999969482422 15.247294902801514
vertex 30.95602035522461 295.0 10.948548793792725
vertex 34.24238967895508 295.0 9.201154232025146
endloop
endfacet
facet normal -0.8829468736797162 0.0 0.4694729153627662
outer loop
vertex 33.675472259521484 288.1999969482422 4.4682841300964355
vertex 34.24238967895508 288.1999969482422 5.534496784210205
vertex 33.675472259521484 295.0 4.4682841300964355
endloop
endfacet
facet normal -0.8829468736797162 0.0 0.4694729153627662
outer loop
vertex 33.675472259521484 295.0 4.4682841300964355
vertex 34.24238967895508 288.1999969482422 5.534496784210205
vertex 34.24238967895508 295.0 5.534496784210205
endloop
endfacet
facet normal -0.0 1.0 0.0
outer loop
vertex 33.675472259521484 288.1999969482422 4.4682841300964355
vertex 34.24238967895508 288.1999969482422 9.201154232025146
vertex 34.24238967895508 288.1999969482422 5.534496784210205
endloop
endfacet

endsolid
