solid 
facet normal -0.5047293215403015 0.0 -0.8632776563640849
outer loop
vertex 43.61516571044922 -149.0 18.468284606933594
vertex 43.61516571044922 -137.0 18.468284606933594
vertex 54.71166229248047 -146.8000030517578 11.980537414550781
endloop
endfacet
facet normal -0.5047293104593709 -7.499615126905657e-08 -0.8632776628427277
outer loop
vertex 43.61516571044922 -149.0 18.468284606933594
vertex 54.71166229248047 -146.8000030517578 11.980537414550781
vertex 62.622764587402344 -149.0 7.355183124542236
endloop
endfacet
facet normal -0.5047293104593709 7.499615126905657e-08 -0.8632776628427277
outer loop
vertex 43.61516571044922 -137.0 18.468284606933594
vertex 62.622764587402344 -137.0 7.355183124542236
vertex 54.71166229248047 -139.1999969482422 11.980537414550781
endloop
endfacet
facet normal -0.5047293215403014 -0.0 -0.8632776563640849
outer loop
vertex 43.61516571044922 -137.0 18.468284606933594
vertex 54.71166229248047 -139.1999969482422 11.980537414550781
vertex 54.71166229248047 -146.8000030517578 11.980537414550781
endloop
endfacet
facet normal -0.8829476164397082 0.0 0.46947151843688845
outer loop
vertex 43.61516571044922 -149.0 18.468284606933594
vertex 53.8126335144043 -146.0 37.646934509277344
vertex 43.61516571044922 -137.0 18.468284606933594
endloop
endfacet
facet normal 0.0 -1.0 0.0
outer loop
vertex 43.61516571044922 -149.0 18.468284606933594
vertex 62.622764587402344 -149.0 7.355183124542236
vertex 53.91310119628906 -149.0 37.83588409423828
endloop
endfacet
facet normal -0.0 0.9999999999999999 0.0
outer loop
vertex 43.61516571044922 -137.0 18.468284606933594
vertex 53.8126335144043 -137.0 37.646934509277344
vertex 62.622764587402344 -137.0 7.355183124542236
endloop
endfacet
facet normal -0.8829475896501028 -4.131594229878881e-07 0.46947156882062946
outer loop
vertex 43.61516571044922 -149.0 18.468284606933594
vertex 53.91310119628906 -149.0 37.83588409423828
vertex 53.8126335144043 -146.0 37.646934509277344
endloop
endfacet
facet normal -0.8829476164397084 0.0 0.4694715184368885
outer loop
vertex 43.61516571044922 -137.0 18.468284606933594
vertex 53.8126335144043 -146.0 37.646934509277344
vertex 53.8126335144043 -137.0 37.646934509277344
endloop
endfacet
facet normal -0.8829448704685056 0.0 0.46947668282179256
outer loop
vertex 53.8126335144043 -146.0 37.646934509277344
vertex 53.91310119628906 -149.0 37.83588409423828
vertex 53.91310119628906 -146.0 37.83588409423828
endloop
endfacet
facet normal 0.0 -1.0 0.0
outer loop
vertex 53.46116256713867 -146.0 37.646934509277344
vertex 53.8126335144043 -146.0 37.646934509277344
vertex 53.91310119628906 -146.0 37.83588409423828
endloop
endfacet
facet normal 0.0 0.0 -1.0
outer loop
vertex 53.46116256713867 -146.0 37.646934509277344
vertex 53.46116256713867 -112.0 37.646934509277344
vertex 53.8126335144043 -146.0 37.646934509277344
endloop
endfacet
facet normal 0.0 0.0 -1.0
outer loop
vertex 53.8126335144043 -146.0 37.646934509277344
vertex 53.46116256713867 -112.0 37.646934509277344
vertex 53.8126335144043 -137.0 37.646934509277344
endloop
endfacet
facet normal 0.0 0.0 -1.0
outer loop
vertex 53.8126335144043 -137.0 37.646934509277344
vertex 53.46116256713867 -112.0 37.646934509277344
vertex 54.23627471923828 -137.0 37.646934509277344
endloop
endfacet
facet normal -1.0 0.0 0.0
outer loop
vertex 53.46116256713867 -146.0 37.646934509277344
vertex 53.46116256713867 -115.0 45.19106674194336
vertex 53.46116256713867 -112.0 37.646934509277344
endloop
endfacet
facet normal -1.0 0.0 0.0
outer loop
vertex 53.46116256713867 -146.0 37.646934509277344
vertex 53.46116256713867 -146.0 49.646934509277344
vertex 53.46116256713867 -115.0 45.19106674194336
endloop
endfacet
facet normal -1.0 0.0 0.0
outer loop
vertex 53.46116256713867 -112.0 37.646934509277344
vertex 53.46116256713867 -115.0 45.19106674194336
vertex 53.46116256713867 -112.0 45.19106674194336
endloop
endfacet
facet normal 0.0 0.0 -0.9999999999999999
outer loop
vertex 51.218772888183594 -115.0 45.19106674194336
vertex 53.46116256713867 -112.0 45.19106674194336
vertex 53.46116256713867 -115.0 45.19106674194336
endloop
endfacet
facet normal 0.0 -1.0 0.0
outer loop
vertex 51.218772888183594 -115.0 45.19106674194336
vertex 53.46116256713867 -115.0 45.19106674194336
vertex 53.46116256713867 -115.0 49.646934509277344
endloop
endfacet
facet normal 0.0 -1.0 0.0
outer loop
vertex 51.218772888183594 -115.0 45.19106674194336
vertex 53.46116256713867 -115.0 49.646934509277344
vertex 51.46116256713867 -115.0 51.646934509277344
endloop
endfacet
facet normal -1.0 0.0 0.0
outer loop
vertex 53.46116256713867 -146.0 49.646934509277344
vertex 53.46116256713867 -115.0 49.646934509277344
vertex 53.46116256713867 -115.0 45.19106674194336
endloop
endfacet
facet normal -0.9992959068252647 0.0 0.0375192031134997
outer loop
vertex 51.218772888183594 -115.0 45.19106674194336
vertex 51.46116256713867 -115.0 51.646934509277344
vertex 51.46116256713867 -7.0 51.646934509277344
endloop
endfacet
facet normal -0.999295928547955 4.7067196314874734e-08 0.03751862454139636
outer loop
vertex 37.48819351196289 -7.0 19.36760139465332
vertex 37.7305793762207 -7.0 25.823467254638672
vertex 37.492103576660156 6.77419376373291 19.47172737121582
endloop
endfacet
facet normal 0.0 0.0 -1.0
outer loop
vertex 37.48819351196289 -7.0 19.36760139465332
vertex 42.63105010986328 5.0 19.36760139465332
vertex 51.23737716674805 -5.0 19.36760139465332
endloop
endfacet
facet normal -0.0 -1.0 0.0
outer loop
vertex 37.48819351196289 -7.0 19.36760139465332
vertex 62.393882751464844 -7.0 33.35531234741211
vertex 37.7305793762207 -7.0 25.823467254638672
endloop
endfacet
facet normal -0.8829476630979369 0.0 0.46947143068550207
outer loop
vertex 49.95343780517578 -5.0 16.952861785888672
vertex 51.23737716674805 -5.0 19.36760139465332
vertex 51.23737716674805 5.0 19.36760139465332
endloop
endfacet
facet normal -0.5047293801920311 0.0 -0.8632776220723946
outer loop
vertex 49.95343780517578 -5.0 16.952861785888672
vertex 49.95343780517578 5.0 16.952861785888672
vertex 58.02603530883789 -2.799999952316284 12.233085632324219
endloop
endfacet
facet normal 0.0 0.0 -1.0
outer loop
vertex 37.48819351196289 -7.0 19.36760139465332
vertex 51.23737716674805 -5.0 19.36760139465332
vertex 69.3584976196289 -5.0 19.36760139465332
endloop
endfacet
facet normal -0.9992959068252647 0.0 0.0375192031134997
outer loop
vertex 51.218772888183594 -115.0 45.19106674194336
vertex 51.46116256713867 -7.0 51.646934509277344
vertex 51.218772888183594 -7.0 45.19106674194336
endloop
endfacet
facet normal 0.0 -1.0 0.0
outer loop
vertex 37.7305793762207 -7.0 25.823467254638672
vertex 51.218772888183594 -7.0 45.19106674194336
vertex 51.46116256713867 -7.0 51.646934509277344
endloop
endfacet
facet normal 0.0 -1.0 0.0
outer loop
vertex 37.7305793762207 -7.0 25.823467254638672
vertex 62.393882751464844 -7.0 33.35531234741211
vertex 62.7978630065918 -7.0 44.115089416503906
endloop
endfacet
facet normal 0.0 -1.0 0.0
outer loop
vertex 37.7305793762207 -7.0 25.823467254638672
vertex 62.7978630065918 -7.0 44.115089416503906
vertex 51.218772888183594 -7.0 45.19106674194336
endloop
endfacet
facet normal -0.8829475631886187 0.0 0.4694716185876203
outer loop
vertex 37.7305793762207 -7.0 25.823467254638672
vertex 51.46116256713867 -7.0 51.646934509277344
vertex 51.46116256713867 -5.0 51.646934509277344
endloop
endfacet
facet normal -0.8829475631886188 0.0 0.4694716185876203
outer loop
vertex 37.7305793762207 -7.0 25.823467254638672
vertex 51.46116256713867 -5.0 51.646934509277344
vertex 51.46116256713867 7.0 51.646934509277344
endloop
endfacet
facet normal 0.8829476210998292 0.0 -0.4694715096724748
outer loop
vertex 54.71166229248047 -146.8000030517578 11.980537414550781
vertex 54.71166229248047 -139.1999969482422 11.980537414550781
vertex 60.35944747924805 -139.1999969482422 22.60247802734375
endloop
endfacet
facet normal -0.5047292949167222 -0.0 -0.8632776719299927
outer loop
vertex 54.71166229248047 -146.8000030517578 11.980537414550781
vertex 62.622764587402344 -146.8000030517578 7.355183124542236
vertex 62.622764587402344 -149.0 7.355183124542236
endloop
endfacet
facet normal -0.5047292949167222 -0.0 -0.8632776719299927
outer loop
vertex 54.71166229248047 -139.1999969482422 11.980537414550781
vertex 62.622764587402344 -137.0 7.355183124542236
vertex 62.622764587402344 -139.1999969482422 7.355183124542236
endloop
endfacet
facet normal -0.0 0.9999999999999999 0.0
outer loop
vertex 54.71166229248047 -146.8000030517578 11.980537414550781
vertex 68.4442138671875 -146.8000030517578 18.30373191833496
vertex 62.622764587402344 -146.8000030517578 7.355183124542236
endloop
endfacet
facet normal 0.0 -1.0 0.0
outer loop
vertex 54.71166229248047 -139.1999969482422 11.980537414550781
vertex 62.622764587402344 -139.1999969482422 7.355183124542236
vertex 60.35944747924805 -139.1999969482422 22.60247802734375
endloop
endfacet
facet normal -0.0 1.0 0.0
outer loop
vertex 54.71166229248047 -146.8000030517578 11.980537414550781
vertex 60.35944747924805 -146.8000030517578 22.60247802734375
vertex 68.4442138671875 -146.8000030517578 18.30373191833496
endloop
endfacet
facet normal 0.8829476210998292 0.0 -0.4694715096724748
outer loop
vertex 54.71166229248047 -146.8000030517578 11.980537414550781
vertex 60.35944747924805 -139.1999969482422 22.60247802734375
vertex 60.35944747924805 -146.8000030517578 22.60247802734375
endloop
endfacet
facet normal 0.8829475051708146 0.0 -0.4694717277032075
outer loop
vertex 62.622764587402344 -149.0 7.355183124542236
vertex 62.622764587402344 -146.8000030517578 7.355183124542236
vertex 68.4442138671875 -146.8000030517578 18.30373191833496
endloop
endfacet
facet normal 0.0 -1.0 0.0
outer loop
vertex 62.622764587402344 -139.1999969482422 7.355183124542236
vertex 68.4442138671875 -139.1999969482422 18.30373191833496
vertex 60.35944747924805 -139.1999969482422 22.60247802734375
endloop
endfacet
facet normal 0.8829476040238932 0.0 -0.4694715417876426
outer loop
vertex 62.622764587402344 -139.1999969482422 7.355183124542236
vertex 62.622764587402344 -137.0 7.355183124542236
vertex 72.92070007324219 -137.0 26.7227840423584
endloop
endfacet
facet normal 0.8829476040232714 -1.1868079266103296e-06 -0.46947154178731204
outer loop
vertex 62.622764587402344 -149.0 7.355183124542236
vertex 68.4442138671875 -146.8000030517578 18.30373191833496
vertex 72.92070007324219 -149.0 26.7227840423584
endloop
endfacet
facet normal 0.8829475051688688 2.0994215898514176e-06 -0.4694717277021729
outer loop
vertex 62.622764587402344 -139.1999969482422 7.355183124542236
vertex 72.92070007324219 -137.0 26.7227840423584
vertex 68.4442138671875 -139.1999969482422 18.30373191833496
endloop
endfacet
facet normal -0.46947152598480846 0.0 -0.8829476124264083
outer loop
vertex 60.35944747924805 -146.8000030517578 22.60247802734375
vertex 60.35944747924805 -139.1999969482422 22.60247802734375
vertex 68.4442138671875 -139.1999969482422 18.30373191833496
endloop
endfacet
facet normal 0.0 -0.9999999999999999 0.0
outer loop
vertex 53.91310119628906 -149.0 37.83588409423828
vertex 62.622764587402344 -149.0 7.355183124542236
vertex 72.92070007324219 -149.0 26.7227840423584
endloop
endfacet
facet normal 0.0 1.0 0.0
outer loop
vertex 53.8126335144043 -137.0 37.646934509277344
vertex 72.92070007324219 -137.0 26.7227840423584
vertex 62.622764587402344 -137.0 7.355183124542236
endloop
endfacet
facet normal -0.46947152598480846 -0.0 -0.8829476124264083
outer loop
vertex 60.35944747924805 -146.8000030517578 22.60247802734375
vertex 68.4442138671875 -139.1999969482422 18.30373191833496
vertex 68.4442138671875 -146.8000030517578 18.30373191833496
endloop
endfacet
facet normal 0.8829477325772654 0.0 -0.46947130001381954
outer loop
vertex 68.4442138671875 -146.8000030517578 18.30373191833496
vertex 68.4442138671875 -139.1999969482422 18.30373191833496
vertex 72.92070007324219 -149.0 26.7227840423584
endloop
endfacet
facet normal -0.8829476656133425 0.0 0.46947142595471053
outer loop
vertex 53.91310119628906 -149.0 37.83588409423828
vertex 60.193145751953125 -146.0 49.646934509277344
vertex 53.91310119628906 -146.0 37.83588409423828
endloop
endfacet
facet normal 0.0 -1.0 0.0
outer loop
vertex 53.46116256713867 -146.0 37.646934509277344
vertex 53.91310119628906 -146.0 37.83588409423828
vertex 60.193145751953125 -146.0 49.646934509277344
endloop
endfacet
facet normal -0.0 1.0 0.0
outer loop
vertex 53.8126335144043 -137.0 37.646934509277344
vertex 54.23627471923828 -137.0 37.646934509277344
vertex 72.92070007324219 -137.0 26.7227840423584
endloop
endfacet
facet normal 0.0 -1.0 0.0
outer loop
vertex 53.46116256713867 -146.0 37.646934509277344
vertex 60.193145751953125 -146.0 49.646934509277344
vertex 53.46116256713867 -146.0 49.646934509277344
endloop
endfacet
facet normal 0.0 -0.0 0.9999999999999999
outer loop
vertex 53.46116256713867 -146.0 49.646934509277344
vertex 60.193145751953125 -137.0 49.646934509277344
vertex 53.46116256713867 -115.0 49.646934509277344
endloop
endfacet
facet normal 0.0 0.0 1.0
outer loop
vertex 53.46116256713867 -146.0 49.646934509277344
vertex 60.193145751953125 -146.0 49.646934509277344
vertex 60.193145751953125 -137.0 49.646934509277344
endloop
endfacet
facet normal -0.882947627980023 -3.574332781115476e-07 0.4694714967325738
outer loop
vertex 53.91310119628906 -149.0 37.83588409423828
vertex 64.2110366821289 -149.0 57.203487396240234
vertex 60.193145751953125 -146.0 49.646934509277344
endloop
endfacet
facet normal -0.8829475691584964 0.0 0.4694716073599152
outer loop
vertex 60.193145751953125 -146.0 49.646934509277344
vertex 64.2110366821289 -149.0 57.203487396240234
vertex 60.193145751953125 -137.0 49.646934509277344
endloop
endfacet
facet normal 0.0 -1.0 0.0
outer loop
vertex 53.91310119628906 -149.0 37.83588409423828
vertex 72.92070007324219 -149.0 26.7227840423584
vertex 64.2110366821289 -149.0 57.203487396240234
endloop
endfacet
facet normal 0.0 0.0 -1.0
outer loop
vertex 54.23627471923828 -137.0 37.646934509277344
vertex 53.46116256713867 -112.0 37.646934509277344
vertex 85.4611587524414 -112.0 37.646934509277344
endloop
endfacet
facet normal -0.0 1.0 0.0
outer loop
vertex 54.23627471923828 -137.0 37.646934509277344
vertex 78.72917175292969 -137.0 37.646934509277344
vertex 72.92070007324219 -137.0 26.7227840423584
endloop
endfacet
facet normal 0.0 1.0 0.0
outer loop
vertex 53.46116256713867 -112.0 37.646934509277344
vertex 53.46116256713867 -112.0 45.19106674194336
vertex 85.4611587524414 -112.0 45.19106674194336
endloop
endfacet
facet normal -0.0 0.0 1.0
outer loop
vertex 53.46116256713867 -115.0 49.646934509277344
vertex 60.193145751953125 -137.0 49.646934509277344
vertex 77.1355972290039 -137.0 49.646934509277344
endloop
endfacet
facet normal 0.0 -1.0 0.0
outer loop
vertex 51.46116256713867 -115.0 51.646934509277344
vertex 53.46116256713867 -115.0 49.646934509277344
vertex 87.4611587524414 -115.0 51.646934509277344
endloop
endfacet
facet normal -0.0 1.0 0.0
outer loop
vertex 60.193145751953125 -137.0 49.646934509277344
vertex 64.2110366821289 -137.0 57.203487396240234
vertex 77.1355972290039 -137.0 49.646934509277344
endloop
endfacet
facet normal 0.0 -0.0 -1.0
outer loop
vertex 51.218772888183594 -115.0 45.19106674194336
vertex 87.2187728881836 -7.0 45.19106674194336
vertex 53.46116256713867 -112.0 45.19106674194336
endloop
endfacet
facet normal -0.5047293616113145 -9.14854541557698e-08 -0.8632776329359093
outer loop
vertex 49.95343780517578 -5.0 16.952861785888672
vertex 58.02603530883789 -2.799999952316284 12.233085632324219
vertex 63.77714538574219 -5.0 8.87060546875
endloop
endfacet
facet normal 0.0 -1.0 0.0
outer loop
vertex 49.95343780517578 -5.0 16.952861785888672
vertex 69.3584976196289 -5.0 19.36760139465332
vertex 51.23737716674805 -5.0 19.36760139465332
endloop
endfacet
facet normal -0.5047293355303282 -0.0 -0.863277648184588
outer loop
vertex 58.02603530883789 -2.799999952316284 12.233085632324219
vertex 63.77714538574219 -2.799999952316284 8.87060546875
vertex 63.77714538574219 -5.0 8.87060546875
endloop
endfacet
facet normal 0.0 -1.0 0.0
outer loop
vertex 49.95343780517578 -5.0 16.952861785888672
vertex 63.77714538574219 -5.0 8.87060546875
vertex 69.3584976196289 -5.0 19.36760139465332
endloop
endfacet
facet normal 0.0 -0.9999999999999999 0.0
outer loop
vertex 37.48819351196289 -7.0 19.36760139465332
vertex 73.48818969726562 -7.0 19.36760139465332
vertex 62.393882751464844 -7.0 33.35531234741211
endloop
endfacet
facet normal 0.0 0.0 -1.0
outer loop
vertex 37.48819351196289 -7.0 19.36760139465332
vertex 69.3584976196289 -5.0 19.36760139465332
vertex 73.48818969726562 -7.0 19.36760139465332
endloop
endfacet
facet normal 0.8829475564114109 0.0 -0.4694716313336924
outer loop
vertex 58.02603530883789 -2.799999952316284 12.233085632324219
vertex 63.72123718261719 2.799999952316284 22.94420051574707
vertex 63.72123718261719 -2.799999952316284 22.94420051574707
endloop
endfacet
facet normal 0.8829475755658962 0.0 -0.4694715953093498
outer loop
vertex 63.77714538574219 -5.0 8.87060546875
vertex 63.77714538574219 -2.799999952316284 8.87060546875
vertex 69.3584976196289 -2.799999952316284 19.36760139465332
endloop
endfacet
facet normal -0.0 1.0 0.0
outer loop
vertex 58.02603530883789 -2.799999952316284 12.233085632324219
vertex 69.3584976196289 -2.799999952316284 19.36760139465332
vertex 63.77714538574219 -2.799999952316284 8.87060546875
endloop
endfacet
facet normal -0.0 0.9999999999999999 0.0
outer loop
vertex 58.02603530883789 -2.799999952316284 12.233085632324219
vertex 63.72123718261719 -2.799999952316284 22.94420051574707
vertex 69.3584976196289 -2.799999952316284 19.36760139465332
endloop
endfacet
facet normal 0.8829475755658962 0.0 -0.4694715953093498
outer loop
vertex 63.77714538574219 -5.0 8.87060546875
vertex 69.3584976196289 -2.799999952316284 19.36760139465332
vertex 69.3584976196289 -5.0 19.36760139465332
endloop
endfacet
facet normal 0.0 0.9999999999999999 0.0
outer loop
vertex 63.72123718261719 -2.799999952316284 22.94420051574707
vertex 70.44784545898438 -2.799999952316284 19.36760139465332
vertex 69.3584976196289 -2.799999952316284 19.36760139465332
endloop
endfacet
facet normal -0.4694713640028507 -0.0 -0.8829476985537155
outer loop
vertex 63.72123718261719 -2.799999952316284 22.94420051574707
vertex 70.44784545898438 2.799999952316284 19.36760139465332
vertex 70.44784545898438 -2.799999952316284 19.36760139465332
endloop
endfacet
facet normal 0.0 0.0 -1.0
outer loop
vertex 69.3584976196289 -5.0 19.36760139465332
vertex 69.3584976196289 -2.799999952316284 19.36760139465332
vertex 70.44784545898438 -2.799999952316284 19.36760139465332
endloop
endfacet
facet normal 0.0 0.0 -1.0
outer loop
vertex 69.3584976196289 -5.0 19.36760139465332
vertex 70.44784545898438 -2.799999952316284 19.36760139465332
vertex 73.48818969726562 -7.0 19.36760139465332
endloop
endfacet
facet normal 0.0 -1.0 0.0
outer loop
vertex 62.393882751464844 -7.0 33.35531234741211
vertex 73.48818969726562 -7.0 19.36760139465332
vertex 72.92588806152344 -7.0 29.768720626831055
endloop
endfacet
facet normal -0.9992959153481412 0.0 0.03751897611236839
outer loop
vertex 62.393882751464844 -11.0 33.35531234741211
vertex 62.7978630065918 -11.0 44.115089416503906
vertex 62.7978630065918 -7.0 44.115089416503906
endloop
endfacet
facet normal -0.9992959153481412 0.0 0.03751897611236839
outer loop
vertex 62.393882751464844 -11.0 33.35531234741211
vertex 62.7978630065918 -7.0 44.115089416503906
vertex 62.393882751464844 -7.0 33.35531234741211
endloop
endfacet
facet normal 0.0 0.0 1.0
outer loop
vertex 51.46116256713867 -5.0 51.646934509277344
vertex 68.40060424804688 -5.0 51.646934509277344
vertex 68.40060424804688 5.0 51.646934509277344
endloop
endfacet
facet normal 0.0 0.0 -1.0
outer loop
vertex 51.218772888183594 -115.0 45.19106674194336
vertex 51.218772888183594 -7.0 45.19106674194336
vertex 87.2187728881836 -7.0 45.19106674194336
endloop
endfacet
facet normal 0.0 -0.0 1.0
outer loop
vertex 51.46116256713867 -115.0 51.646934509277344
vertex 86.8805160522461 -6.77419376373291 51.646934509277344
vertex 51.46116256713867 -7.0 51.646934509277344
endloop
endfacet
facet normal -0.32236272298308394 0.0 -0.9466162236254623
outer loop
vertex 62.393882751464844 -11.0 33.35531234741211
vertex 62.393882751464844 -7.0 33.35531234741211
vertex 72.92588806152344 -7.0 29.768720626831055
endloop
endfacet
facet normal 0.3510930074636405 -0.9362477966841188 -0.013181931355797377
outer loop
vertex 62.393882751464844 -11.0 33.35531234741211
vertex 73.060546875 -7.0 33.35531234741211
vertex 62.7978630065918 -11.0 44.115089416503906
endloop
endfacet
facet normal 0.3510930080289001 -0.9362477981914773 -0.013181809239616926
outer loop
vertex 62.393882751464844 -11.0 33.35531234741211
vertex 72.92588806152344 -7.0 29.768720626831055
vertex 73.060546875 -7.0 33.35531234741211
endloop
endfacet
facet normal 0.35109311810120336 -0.9362477568890599 -0.013181811035593861
outer loop
vertex 62.7978630065918 -11.0 44.115089416503906
vertex 73.060546875 -7.0 33.35531234741211
vertex 73.46452331542969 -7.0 44.115089416503906
endloop
endfacet
facet normal 0.0 -0.0 1.0
outer loop
vertex 62.7978630065918 -11.0 44.115089416503906
vertex 73.46452331542969 -7.0 44.115089416503906
vertex 62.7978630065918 -7.0 44.115089416503906
endloop
endfacet
facet normal 0.0 -1.0 0.0
outer loop
vertex 51.218772888183594 -7.0 45.19106674194336
vertex 62.7978630065918 -7.0 44.115089416503906
vertex 87.2187728881836 -7.0 45.19106674194336
endloop
endfacet
facet normal 0.0 -0.0 1.0
outer loop
vertex 51.46116256713867 -7.0 51.646934509277344
vertex 86.8805160522461 -6.77419376373291 51.646934509277344
vertex 51.46116256713867 -5.0 51.646934509277344
endloop
endfacet
facet normal -0.0 -0.0 1.0
outer loop
vertex 51.46116256713867 -5.0 51.646934509277344
vertex 86.8805160522461 -6.77419376373291 51.646934509277344
vertex 68.40060424804688 -5.0 51.646934509277344
endloop
endfacet
facet normal -0.882947814009585 0.0 0.46947114686175867
outer loop
vertex 68.40060424804688 -5.0 51.646934509277344
vertex 70.54930877685547 -5.0 55.68806457519531
vertex 68.40060424804688 5.0 51.646934509277344
endloop
endfacet
facet normal -0.8829475691584964 0.0 0.4694716073599152
outer loop
vertex 60.193145751953125 -137.0 49.646934509277344
vertex 64.2110366821289 -149.0 57.203487396240234
vertex 64.2110366821289 -137.0 57.203487396240234
endloop
endfacet
facet normal -0.8829475513202591 0.0 0.4694716409087542
outer loop
vertex 64.2110366821289 -149.0 57.203487396240234
vertex 74.50897216796875 -137.0 76.57108306884766
vertex 64.2110366821289 -137.0 57.203487396240234
endloop
endfacet
facet normal -0.8829475513202591 0.0 0.4694716409087542
outer loop
vertex 64.2110366821289 -149.0 57.203487396240234
vertex 74.50897216796875 -149.0 76.57108306884766
vertex 74.50897216796875 -137.0 76.57108306884766
endloop
endfacet
facet normal -0.9992959297947199 0.0 0.037518591334246745
outer loop
vertex 64.94935607910156 -7.0 71.01453399658203
vertex 65.19174194335938 -7.0 77.47040557861328
vertex 64.94935607910156 5.0 71.01453399658203
endloop
endfacet
facet normal 0.0 0.0 -1.0
outer loop
vertex 64.94935607910156 -7.0 71.01453399658203
vertex 64.94935607910156 5.0 71.01453399658203
vertex 78.69853973388672 -5.0 71.01453399658203
endloop
endfacet
facet normal 0.0 0.0 -1.0
outer loop
vertex 37.48819351196289 -7.0 19.36760139465332
vertex 37.48819351196289 7.0 19.36760139465332
vertex 37.52976989746094 6.983831882476807 19.36760139465332
endloop
endfacet
facet normal -0.9992956950934084 0.0 0.03752484200874647
outer loop
vertex 37.48819351196289 -7.0 19.36760139465332
vertex 37.492103576660156 6.77419376373291 19.47172737121582
vertex 37.48819351196289 7.0 19.36760139465332
endloop
endfacet
facet normal 0.0 0.0 -1.0
outer loop
vertex 37.52976989746094 6.983831882476807 19.36760139465332
vertex 37.48819351196289 7.0 19.36760139465332
vertex 37.53010559082031 7.0 19.36760139465332
endloop
endfacet
facet normal 0.0 0.0 -1.0
outer loop
vertex 37.48819351196289 -7.0 19.36760139465332
vertex 37.52976989746094 6.983831882476807 19.36760139465332
vertex 42.63105010986328 5.0 19.36760139465332
endloop
endfacet
facet normal 0.0 0.0 -1.0
outer loop
vertex 37.52976989746094 6.983831882476807 19.36760139465332
vertex 37.53010559082031 7.0 19.36760139465332
vertex 42.63105010986328 5.0 19.36760139465332
endloop
endfacet
facet normal -0.9992959323747251 0.0 0.03751852261655344
outer loop
vertex 37.7305793762207 -7.0 25.823467254638672
vertex 37.7305793762207 5.0 25.823467254638672
vertex 37.492103576660156 6.77419376373291 19.47172737121582
endloop
endfacet
facet normal -0.999295932374725 0.0 0.03751852261655343
outer loop
vertex 37.492103576660156 6.77419376373291 19.47172737121582
vertex 37.7305793762207 5.0 25.823467254638672
vertex 37.7305793762207 7.0 25.823467254638672
endloop
endfacet
facet normal 0.0 0.0 -1.0
outer loop
vertex 37.53010559082031 7.0 19.36760139465332
vertex 37.48819351196289 7.0 19.36760139465332
vertex 39.7305793762207 112.0 19.36760139465332
endloop
endfacet
facet normal -0.9992957218853604 -3.2947284622226367e-07 0.03752412852429673
outer loop
vertex 37.492103576660156 6.77419376373291 19.47172737121582
vertex 37.7305793762207 115.0 25.823467254638672
vertex 37.48819351196289 7.0 19.36760139465332
endloop
endfacet
facet normal -0.9992959323747251 0.0 0.03751852261655344
outer loop
vertex 37.492103576660156 6.77419376373291 19.47172737121582
vertex 37.7305793762207 7.0 25.823467254638672
vertex 37.7305793762207 115.0 25.823467254638672
endloop
endfacet
facet normal 0.0 0.0 -1.0
outer loop
vertex 37.53010559082031 7.0 19.36760139465332
vertex 39.7305793762207 112.0 19.36760139465332
vertex 42.63105010986328 5.0 19.36760139465332
endloop
endfacet
facet normal -0.8829476630979369 0.0 0.46947143068550207
outer loop
vertex 49.95343780517578 -5.0 16.952861785888672
vertex 51.23737716674805 5.0 19.36760139465332
vertex 49.95343780517578 5.0 16.952861785888672
endloop
endfacet
facet normal 0.0 0.0 -1.0
outer loop
vertex 51.23737716674805 -5.0 19.36760139465332
vertex 42.63105010986328 5.0 19.36760139465332
vertex 51.23737716674805 5.0 19.36760139465332
endloop
endfacet
facet normal 0.0 -0.0 -1.0
outer loop
vertex 42.63105010986328 5.0 19.36760139465332
vertex 51.641937255859375 7.0 19.36760139465332
vertex 51.23737716674805 5.0 19.36760139465332
endloop
endfacet
facet normal -0.8829475631886188 0.0 0.4694716185876203
outer loop
vertex 37.7305793762207 -7.0 25.823467254638672
vertex 51.46116256713867 7.0 51.646934509277344
vertex 37.7305793762207 5.0 25.823467254638672
endloop
endfacet
facet normal -0.8829475631886187 0.0 0.4694716185876203
outer loop
vertex 37.7305793762207 5.0 25.823467254638672
vertex 51.46116256713867 7.0 51.646934509277344
vertex 37.7305793762207 7.0 25.823467254638672
endloop
endfacet
facet normal -0.0 1.0 0.0
outer loop
vertex 37.7305793762207 7.0 25.823467254638672
vertex 51.46116256713867 7.0 51.646934509277344
vertex 62.393882751464844 7.0 33.35531234741211
endloop
endfacet
facet normal 0.0 0.0 -1.0
outer loop
vertex 37.48819351196289 7.0 19.36760139465332
vertex 37.48819351196289 115.0 19.36760139465332
vertex 39.7305793762207 112.0 19.36760139465332
endloop
endfacet
facet normal -0.9992959285479561 0.0 0.0375186245413964
outer loop
vertex 37.48819351196289 7.0 19.36760139465332
vertex 37.7305793762207 115.0 25.823467254638672
vertex 37.48819351196289 115.0 19.36760139465332
endloop
endfacet
facet normal -1.0 0.0 0.0
outer loop
vertex 39.7305793762207 112.0 11.823467254638672
vertex 39.7305793762207 112.0 19.36760139465332
vertex 39.7305793762207 115.0 19.36760139465332
endloop
endfacet
facet normal -1.0 0.0 0.0
outer loop
vertex 39.7305793762207 112.0 11.823467254638672
vertex 39.7305793762207 115.0 19.36760139465332
vertex 39.7305793762207 146.0 23.823467254638672
endloop
endfacet
facet normal -1.0 0.0 0.0
outer loop
vertex 39.7305793762207 112.0 11.823467254638672
vertex 39.7305793762207 146.0 23.823467254638672
vertex 39.7305793762207 146.0 11.823467254638672
endloop
endfacet
facet normal -0.0 1.0 0.0
outer loop
vertex 39.7305793762207 146.0 11.823467254638672
vertex 39.7305793762207 146.0 23.823467254638672
vertex 43.61516571044922 146.0 18.468284606933594
endloop
endfacet
facet normal 0.0 0.0 -1.0
outer loop
vertex 37.48819351196289 115.0 19.36760139465332
vertex 39.7305793762207 115.0 19.36760139465332
vertex 39.7305793762207 112.0 19.36760139465332
endloop
endfacet
facet normal -0.0 0.9999999999999999 0.0
outer loop
vertex 37.48819351196289 115.0 19.36760139465332
vertex 39.7305793762207 115.0 23.823467254638672
vertex 39.7305793762207 115.0 19.36760139465332
endloop
endfacet
facet normal -0.0 1.0 0.0
outer loop
vertex 37.48819351196289 115.0 19.36760139465332
vertex 37.7305793762207 115.0 25.823467254638672
vertex 39.7305793762207 115.0 23.823467254638672
endloop
endfacet
facet normal -1.0 0.0 0.0
outer loop
vertex 39.7305793762207 115.0 19.36760139465332
vertex 39.7305793762207 115.0 23.823467254638672
vertex 39.7305793762207 146.0 23.823467254638672
endloop
endfacet
facet normal 0.0 -0.0 1.0
outer loop
vertex 39.7305793762207 115.0 23.823467254638672
vertex 46.46256637573242 137.0 23.823467254638672
vertex 39.7305793762207 146.0 23.823467254638672
endloop
endfacet
facet normal 0.0 1.0 -0.0
outer loop
vertex 43.61516571044922 146.0 18.468284606933594
vertex 39.7305793762207 146.0 23.823467254638672
vertex 46.46256637573242 146.0 23.823467254638672
endloop
endfacet
facet normal -0.8829476240768368 0.0 0.46947150407353694
outer loop
vertex 43.61516571044922 146.0 18.468284606933594
vertex 46.46256637573242 146.0 23.823467254638672
vertex 43.61516571044922 149.0 18.468284606933594
endloop
endfacet
facet normal -0.0 0.0 0.9999999999999999
outer loop
vertex 39.7305793762207 146.0 23.823467254638672
vertex 46.46256637573242 137.0 23.823467254638672
vertex 46.46256637573242 146.0 23.823467254638672
endloop
endfacet
facet normal 0.0 -0.0 1.0
outer loop
vertex 37.7305793762207 7.0 25.823467254638672
vertex 73.73058319091797 115.0 25.823467254638672
vertex 37.7305793762207 115.0 25.823467254638672
endloop
endfacet
facet normal 0.0 0.0 -1.0
outer loop
vertex 42.63105010986328 5.0 19.36760139465332
vertex 39.7305793762207 112.0 19.36760139465332
vertex 71.73058319091797 112.0 19.36760139465332
endloop
endfacet
facet normal 0.0 0.0 -0.9999999999999999
outer loop
vertex 39.7305793762207 146.0 11.823467254638672
vertex 54.62814712524414 139.1999969482422 11.823467254638672
vertex 54.98031234741211 137.0 11.823467254638672
endloop
endfacet
facet normal 0.0 0.0 -1.0
outer loop
vertex 39.7305793762207 146.0 11.823467254638672
vertex 54.62814712524414 146.0 11.823467254638672
vertex 54.62814712524414 139.1999969482422 11.823467254638672
endloop
endfacet
facet normal -0.0 1.0 0.0
outer loop
vertex 39.7305793762207 146.0 11.823467254638672
vertex 43.61516571044922 146.0 18.468284606933594
vertex 54.62814712524414 146.0 11.823467254638672
endloop
endfacet
facet normal -0.5047292662478647 0.0 -0.8632776886917048
outer loop
vertex 43.61516571044922 146.0 18.468284606933594
vertex 43.61516571044922 149.0 18.468284606933594
vertex 54.71166229248047 146.07090759277344 11.980538368225098
endloop
endfacet
facet normal 0.0 0.0 -1.0
outer loop
vertex 39.7305793762207 112.0 11.823467254638672
vertex 39.7305793762207 146.0 11.823467254638672
vertex 71.73058319091797 112.0 11.823467254638672
endloop
endfacet
facet normal 0.0 -1.0 0.0
outer loop
vertex 39.7305793762207 112.0 11.823467254638672
vertex 71.73058319091797 112.0 19.36760139465332
vertex 39.7305793762207 112.0 19.36760139465332
endloop
endfacet
facet normal -0.5047293104593498 -2.992251564641686e-07 -0.8632776628426916
outer loop
vertex 43.61516571044922 149.0 18.468284606933594
vertex 62.622764587402344 149.0 7.355183124542236
vertex 54.71166229248047 146.8000030517578 11.980538368225098
endloop
endfacet
facet normal 0.0 1.0 0.0
outer loop
vertex 43.61516571044922 146.0 18.468284606933594
vertex 54.71166229248047 146.0 11.980538368225098
vertex 54.62814712524414 146.0 11.823467254638672
endloop
endfacet
facet normal -0.5047292662478647 -0.0 -0.8632776886917048
outer loop
vertex 43.61516571044922 146.0 18.468284606933594
vertex 54.71166229248047 146.07090759277344 11.980538368225098
vertex 54.71166229248047 146.0 11.980538368225098
endloop
endfacet
facet normal -0.5047292662478647 -0.0 -0.8632776886917048
outer loop
vertex 43.61516571044922 149.0 18.468284606933594
vertex 54.71166229248047 146.8000030517578 11.980538368225098
vertex 54.71166229248047 146.07090759277344 11.980538368225098
endloop
endfacet
facet normal -0.8829475896501686 1.482530706357432e-07 0.46947156882066443
outer loop
vertex 43.61516571044922 149.0 18.468284606933594
vertex 46.46256637573242 146.0 23.823467254638672
vertex 53.91310119628906 149.0 37.83588409423828
endloop
endfacet
facet normal -0.8829475764932005 0.0 0.46947159356534396
outer loop
vertex 46.46256637573242 137.0 23.823467254638672
vertex 53.91310119628906 149.0 37.83588409423828
vertex 46.46256637573242 146.0 23.823467254638672
endloop
endfacet
facet normal 0.0 -0.0 1.0
outer loop
vertex 39.7305793762207 115.0 23.823467254638672
vertex 71.37910461425781 137.0 23.823467254638672
vertex 46.46256637573242 137.0 23.823467254638672
endloop
endfacet
facet normal 0.0 1.0 -0.0
outer loop
vertex 39.7305793762207 115.0 23.823467254638672
vertex 37.7305793762207 115.0 25.823467254638672
vertex 73.73058319091797 115.0 25.823467254638672
endloop
endfacet
facet normal -0.0 1.0 0.0
outer loop
vertex 43.61516571044922 149.0 18.468284606933594
vertex 53.91310119628906 149.0 37.83588409423828
vertex 62.622764587402344 149.0 7.355183124542236
endloop
endfacet
facet normal -0.8829475764932007 0.0 0.46947159356534396
outer loop
vertex 46.46256637573242 137.0 23.823467254638672
vertex 53.91310119628906 137.0 37.83588409423828
vertex 53.91310119628906 149.0 37.83588409423828
endloop
endfacet
facet normal -0.5047293616113145 9.14854541557698e-08 -0.8632776329359093
outer loop
vertex 49.95343780517578 5.0 16.952861785888672
vertex 63.77714538574219 5.0 8.87060546875
vertex 58.02603530883789 2.799999952316284 12.233085632324219
endloop
endfacet
facet normal -0.5047293801920312 0.0 -0.8632776220723946
outer loop
vertex 58.02603530883789 -2.799999952316284 12.233085632324219
vertex 49.95343780517578 5.0 16.952861785888672
vertex 58.02603530883789 2.799999952316284 12.233085632324219
endloop
endfacet
facet normal -0.0 1.0 0.0
outer loop
vertex 49.95343780517578 5.0 16.952861785888672
vertex 51.23737716674805 5.0 19.36760139465332
vertex 63.77714538574219 5.0 8.87060546875
endloop
endfacet
facet normal -0.5047293355303282 -0.0 -0.863277648184588
outer loop
vertex 58.02603530883789 2.799999952316284 12.233085632324219
vertex 63.77714538574219 5.0 8.87060546875
vertex 63.77714538574219 2.799999952316284 8.87060546875
endloop
endfacet
facet normal 0.8829475564114109 0.0 -0.4694716313336924
outer loop
vertex 58.02603530883789 -2.799999952316284 12.233085632324219
vertex 58.02603530883789 2.799999952316284 12.233085632324219
vertex 63.72123718261719 2.799999952316284 22.94420051574707
endloop
endfacet
facet normal -0.0 1.0 0.0
outer loop
vertex 51.23737716674805 5.0 19.36760139465332
vertex 69.3584976196289 5.0 19.36760139465332
vertex 63.77714538574219 5.0 8.87060546875
endloop
endfacet
facet normal 0.0 -1.0 0.0
outer loop
vertex 58.02603530883789 2.799999952316284 12.233085632324219
vertex 63.77714538574219 2.799999952316284 8.87060546875
vertex 63.72123718261719 2.799999952316284 22.94420051574707
endloop
endfacet
facet normal 0.0 0.0 -1.0
outer loop
vertex 51.23737716674805 5.0 19.36760139465332
vertex 51.641937255859375 7.0 19.36760139465332
vertex 69.3584976196289 5.0 19.36760139465332
endloop
endfacet
facet normal -0.0 1.0 0.0
outer loop
vertex 37.7305793762207 7.0 25.823467254638672
vertex 62.393882751464844 7.0 33.35531234741211
vertex 72.92588806152344 7.0 29.768720626831055
endloop
endfacet
facet normal -0.0 1.0 0.0
outer loop
vertex 37.7305793762207 7.0 25.823467254638672
vertex 72.92588806152344 7.0 29.768720626831055
vertex 73.73058319091797 7.0 25.823467254638672
endloop
endfacet
facet normal 0.0 -0.0 -1.0
outer loop
vertex 42.63105010986328 5.0 19.36760139465332
vertex 73.48818969726562 115.0 19.36760139465332
vertex 51.641937255859375 7.0 19.36760139465332
endloop
endfacet
facet normal 0.0 0.0 1.0
outer loop
vertex 37.7305793762207 7.0 25.823467254638672
vertex 73.73058319091797 7.0 25.823467254638672
vertex 73.73058319091797 115.0 25.823467254638672
endloop
endfacet
facet normal 0.8829475755658962 0.0 -0.4694715953093498
outer loop
vertex 63.77714538574219 2.799999952316284 8.87060546875
vertex 63.77714538574219 5.0 8.87060546875
vertex 69.3584976196289 5.0 19.36760139465332
endloop
endfacet
facet normal 0.0 -1.0 0.0
outer loop
vertex 63.77714538574219 2.799999952316284 8.87060546875
vertex 69.3584976196289 2.799999952316284 19.36760139465332
vertex 63.72123718261719 2.799999952316284 22.94420051574707
endloop
endfacet
facet normal 0.8829475755658962 0.0 -0.4694715953093498
outer loop
vertex 63.77714538574219 2.799999952316284 8.87060546875
vertex 69.3584976196289 5.0 19.36760139465332
vertex 69.3584976196289 2.799999952316284 19.36760139465332
endloop
endfacet
facet normal 0.0 -0.0 -0.9999999999999999
outer loop
vertex 51.641937255859375 7.0 19.36760139465332
vertex 69.43357849121094 7.0 19.36760139465332
vertex 69.3584976196289 5.0 19.36760139465332
endloop
endfacet
facet normal -0.4694713640028507 0.0 -0.8829476985537155
outer loop
vertex 63.72123718261719 -2.799999952316284 22.94420051574707
vertex 63.72123718261719 2.799999952316284 22.94420051574707
vertex 70.44784545898438 2.799999952316284 19.36760139465332
endloop
endfacet
facet normal 0.0 -0.9999999999999999 0.0
outer loop
vertex 63.72123718261719 2.799999952316284 22.94420051574707
vertex 69.3584976196289 2.799999952316284 19.36760139465332
vertex 70.44784545898438 2.799999952316284 19.36760139465332
endloop
endfacet
facet normal 0.0 0.0 -1.0
outer loop
vertex 69.3584976196289 2.799999952316284 19.36760139465332
vertex 69.3584976196289 5.0 19.36760139465332
vertex 73.48818969726562 5.0 19.36760139465332
endloop
endfacet
facet normal 0.0 -0.0 -1.0
outer loop
vertex 69.3584976196289 2.799999952316284 19.36760139465332
vertex 73.48818969726562 5.0 19.36760139465332
vertex 70.44784545898438 2.799999952316284 19.36760139465332
endloop
endfacet
facet normal 0.0 0.0 -1.0
outer loop
vertex 69.3584976196289 5.0 19.36760139465332
vertex 69.43357849121094 7.0 19.36760139465332
vertex 73.48818969726562 5.0 19.36760139465332
endloop
endfacet
facet normal 0.0 -0.0 -1.0
outer loop
vertex 51.641937255859375 7.0 19.36760139465332
vertex 73.48818969726562 115.0 19.36760139465332
vertex 69.43357849121094 7.0 19.36760139465332
endloop
endfacet
facet normal -0.9992959153481412 0.0 0.03751897611236839
outer loop
vertex 62.393882751464844 7.0 33.35531234741211
vertex 62.7978630065918 7.0 44.115089416503906
vertex 62.7978630065918 11.0 44.115089416503906
endloop
endfacet
facet normal -0.9992959153481412 0.0 0.03751897611236839
outer loop
vertex 62.393882751464844 7.0 33.35531234741211
vertex 62.7978630065918 11.0 44.115089416503906
vertex 62.393882751464844 11.0 33.35531234741211
endloop
endfacet
facet normal 0.0 -0.0 1.0
outer loop
vertex 51.46116256713867 -5.0 51.646934509277344
vertex 68.40060424804688 5.0 51.646934509277344
vertex 51.46116256713867 7.0 51.646934509277344
endloop
endfacet
facet normal 0.0 0.9999999999999999 0.0
outer loop
vertex 51.46116256713867 7.0 51.646934509277344
vertex 62.7978630065918 7.0 44.115089416503906
vertex 62.393882751464844 7.0 33.35531234741211
endloop
endfacet
facet normal 0.0 1.0 0.0
outer loop
vertex 51.46116256713867 7.0 51.646934509277344
vertex 73.46452331542969 7.0 44.115089416503906
vertex 62.7978630065918 7.0 44.115089416503906
endloop
endfacet
facet normal -0.32236272298308394 0.0 -0.9466162236254623
outer loop
vertex 62.393882751464844 7.0 33.35531234741211
vertex 62.393882751464844 11.0 33.35531234741211
vertex 72.92588806152344 7.0 29.768720626831055
endloop
endfacet
facet normal 0.35109307946052426 0.9362477696472187 -0.013181934058949987
outer loop
vertex 62.393882751464844 11.0 33.35531234741211
vertex 62.7978630065918 11.0 44.115089416503906
vertex 73.32986450195312 7.0 40.52849578857422
endloop
endfacet
facet normal 0.35109300802890003 0.9362477981914772 -0.013181809239616924
outer loop
vertex 62.393882751464844 11.0 33.35531234741211
vertex 73.32986450195312 7.0 40.52849578857422
vertex 72.92588806152344 7.0 29.768720626831055
endloop
endfacet
facet normal 0.0 -0.0 1.0
outer loop
vertex 62.7978630065918 7.0 44.115089416503906
vertex 73.46452331542969 7.0 44.115089416503906
vertex 62.7978630065918 11.0 44.115089416503906
endloop
endfacet
facet normal -0.0 0.0 1.0
outer loop
vertex 51.46116256713867 7.0 51.646934509277344
vertex 68.40060424804688 5.0 51.646934509277344
vertex 77.46116638183594 5.0 51.646934509277344
endloop
endfacet
facet normal 0.351093118122832 0.9362477569467363 -0.013181806363019057
outer loop
vertex 62.7978630065918 11.0 44.115089416503906
vertex 73.46452331542969 7.0 44.115089416503906
vertex 73.32986450195312 7.0 40.52849578857422
endloop
endfacet
facet normal 0.0 1.0 0.0
outer loop
vertex 51.46116256713867 7.0 51.646934509277344
vertex 87.2187728881836 7.0 45.19106674194336
vertex 73.46452331542969 7.0 44.115089416503906
endloop
endfacet
facet normal 0.0 0.0 -1.0
outer loop
vertex 42.63105010986328 5.0 19.36760139465332
vertex 71.73058319091797 112.0 19.36760139465332
vertex 73.48818969726562 115.0 19.36760139465332
endloop
endfacet
facet normal 0.0 0.0 -1.0
outer loop
vertex 54.98031234741211 137.0 11.823467254638672
vertex 54.62814712524414 139.1999969482422 11.823467254638672
vertex 54.98031234741211 139.1999969482422 11.823467254638672
endloop
endfacet
facet normal 0.0 0.0 -1.0
outer loop
vertex 39.7305793762207 146.0 11.823467254638672
vertex 54.98031234741211 137.0 11.823467254638672
vertex 71.73058319091797 112.0 11.823467254638672
endloop
endfacet
facet normal -0.5047293330278804 0.0 -0.8632776496476848
outer loop
vertex 54.98031234741211 137.0 11.823467254638672
vertex 54.98031234741211 139.1999969482422 11.823467254638672
vertex 62.622764587402344 139.1999969482422 7.355183124542236
endloop
endfacet
facet normal 0.0 -1.0 0.0
outer loop
vertex 39.7305793762207 112.0 11.823467254638672
vertex 71.73058319091797 112.0 11.823467254638672
vertex 71.73058319091797 112.0 19.36760139465332
endloop
endfacet
facet normal -0.5047293330278804 -0.0 -0.8632776496476848
outer loop
vertex 54.98031234741211 137.0 11.823467254638672
vertex 62.622764587402344 139.1999969482422 7.355183124542236
vertex 62.622764587402344 137.0 7.355183124542236
endloop
endfacet
facet normal -0.5047293724725751 -0.0 -0.8632776265857008
outer loop
vertex 62.622764587402344 149.0 7.355183124542236
vertex 62.622764587402344 146.8000030517578 7.355183124542236
vertex 54.71166229248047 146.8000030517578 11.980538368225098
endloop
endfacet
facet normal 0.0 -0.9999999999999999 0.0
outer loop
vertex 54.98031234741211 137.0 11.823467254638672
vertex 62.622764587402344 137.0 7.355183124542236
vertex 64.99859619140625 137.0 11.823467254638672
endloop
endfacet
facet normal 0.0 -1.0 0.0
outer loop
vertex 46.46256637573242 137.0 23.823467254638672
vertex 71.37910461425781 137.0 23.823467254638672
vertex 53.91310119628906 137.0 37.83588409423828
endloop
endfacet
facet normal -0.0 1.0 0.0
outer loop
vertex 39.7305793762207 115.0 23.823467254638672
vertex 73.73058319091797 115.0 25.823467254638672
vertex 71.73058319091797 115.0 23.823467254638672
endloop
endfacet
facet normal 0.0 -0.0 1.0
outer loop
vertex 39.7305793762207 115.0 23.823467254638672
vertex 71.73058319091797 115.0 23.823467254638672
vertex 71.37910461425781 137.0 23.823467254638672
endloop
endfacet
facet normal 0.0 0.0 -0.9999999999999999
outer loop
vertex 54.98031234741211 137.0 11.823467254638672
vertex 64.99859619140625 137.0 11.823467254638672
vertex 71.73058319091797 112.0 11.823467254638672
endloop
endfacet
facet normal 0.8829473644366648 0.0 -0.4694719923854325
outer loop
vertex 62.622764587402344 137.0 7.355183124542236
vertex 62.622764587402344 139.1999969482422 7.355183124542236
vertex 64.99859619140625 139.1999969482422 11.823467254638672
endloop
endfacet
facet normal 0.8829473644366648 0.0 -0.4694719923854325
outer loop
vertex 62.622764587402344 137.0 7.355183124542236
vertex 64.99859619140625 139.1999969482422 11.823467254638672
vertex 64.99859619140625 137.0 11.823467254638672
endloop
endfacet
facet normal 0.0 0.0 -1.0
outer loop
vertex 64.99859619140625 137.0 11.823467254638672
vertex 64.99859619140625 139.1999969482422 11.823467254638672
vertex 71.16366577148438 139.1999969482422 11.823467254638672
endloop
endfacet
facet normal 0.8829476040238932 0.0 -0.4694715417876426
outer loop
vertex 62.622764587402344 149.0 7.355183124542236
vertex 72.92070007324219 149.0 26.7227840423584
vertex 62.622764587402344 146.8000030517578 7.355183124542236
endloop
endfacet
facet normal 0.0 0.0 -1.0
outer loop
vertex 64.99859619140625 137.0 11.823467254638672
vertex 71.16366577148438 139.1999969482422 11.823467254638672
vertex 71.73058319091797 112.0 11.823467254638672
endloop
endfacet
facet normal 0.8829475051688688 2.0994215898514176e-06 -0.4694717277021729
outer loop
vertex 72.92070007324219 149.0 26.7227840423584
vertex 68.4442138671875 146.8000030517578 18.30373191833496
vertex 62.622764587402344 146.8000030517578 7.355183124542236
endloop
endfacet
facet normal 0.0 0.9999999999999999 0.0
outer loop
vertex 53.91310119628906 149.0 37.83588409423828
vertex 72.92070007324219 149.0 26.7227840423584
vertex 62.622764587402344 149.0 7.355183124542236
endloop
endfacet
facet normal 0.0 -1.0 0.0
outer loop
vertex 53.91310119628906 137.0 37.83588409423828
vertex 71.37910461425781 137.0 23.823467254638672
vertex 72.92070007324219 137.0 26.7227840423584
endloop
endfacet
facet normal 0.8829478973096576 0.0 -0.4694709901968965
outer loop
vertex 71.37910461425781 146.0 23.823467254638672
vertex 68.4442138671875 146.0 18.30373191833496
vertex 68.4442138671875 146.8000030517578 18.30373191833496
endloop
endfacet
facet normal 0.0 1.0 0.0
outer loop
vertex 71.73058319091797 146.0 23.823467254638672
vertex 71.73058319091797 146.0 16.556337356567383
vertex 68.4442138671875 146.0 18.30373191833496
endloop
endfacet
facet normal -0.0 1.0 0.0
outer loop
vertex 71.37910461425781 146.0 23.823467254638672
vertex 71.73058319091797 146.0 23.823467254638672
vertex 68.4442138671875 146.0 18.30373191833496
endloop
endfacet
facet normal 0.8829478385383203 -9.782394500836324e-07 -0.469471100728843
outer loop
vertex 71.37910461425781 146.0 23.823467254638672
vertex 68.4442138671875 146.8000030517578 18.30373191833496
vertex 72.92070007324219 149.0 26.7227840423584
endloop
endfacet
facet normal -0.8829476279800794 0.0 0.4694714967326038
outer loop
vertex 53.91310119628906 137.0 37.83588409423828
vertex 64.2110366821289 149.0 57.203487396240234
vertex 53.91310119628906 149.0 37.83588409423828
endloop
endfacet
facet normal -0.8829476279800794 0.0 0.4694714967326038
outer loop
vertex 53.91310119628906 137.0 37.83588409423828
vertex 64.2110366821289 137.0 57.203487396240234
vertex 64.2110366821289 149.0 57.203487396240234
endloop
endfacet
facet normal 0.0 -1.0 0.0
outer loop
vertex 53.91310119628906 137.0 37.83588409423828
vertex 72.92070007324219 137.0 26.7227840423584
vertex 64.2110366821289 137.0 57.203487396240234
endloop
endfacet
facet normal -0.0 1.0 0.0
outer loop
vertex 53.91310119628906 149.0 37.83588409423828
vertex 64.2110366821289 149.0 57.203487396240234
vertex 72.92070007324219 149.0 26.7227840423584
endloop
endfacet
facet normal -0.882947814009585 0.0 0.46947114686175867
outer loop
vertex 70.54930877685547 -5.0 55.68806457519531
vertex 70.54930877685547 5.0 55.68806457519531
vertex 68.40060424804688 5.0 51.646934509277344
endloop
endfacet
facet normal -0.9992959297937271 1.409605956884379e-06 0.037518591334209477
outer loop
vertex 64.94935607910156 5.0 71.01453399658203
vertex 65.19174194335938 5.0 77.47040557861328
vertex 64.95376586914062 7.0 71.13191223144531
endloop
endfacet
facet normal -0.9992959297947199 0.0 0.037518591334246745
outer loop
vertex 65.19174194335938 -7.0 77.47040557861328
vertex 65.19174194335938 5.0 77.47040557861328
vertex 64.94935607910156 5.0 71.01453399658203
endloop
endfacet
facet normal -0.9992959464702543 0.0 0.037518147183976114
outer loop
vertex 64.95376586914062 7.0 71.13191223144531
vertex 65.19174194335938 5.0 77.47040557861328
vertex 65.19174194335938 7.0 77.47040557861328
endloop
endfacet
facet normal 0.0 0.0 -1.0
outer loop
vertex 64.94935607910156 5.0 71.01453399658203
vertex 65.52999877929688 6.77419376373291 71.01453399658203
vertex 78.69853973388672 -5.0 71.01453399658203
endloop
endfacet
facet normal -0.9992950290137731 0.0 0.03754257567565557
outer loop
vertex 64.94935607910156 5.0 71.01453399658203
vertex 64.95376586914062 7.0 71.13191223144531
vertex 64.94935607910156 115.0 71.01453399658203
endloop
endfacet
facet normal 0.0 -0.0 -1.0
outer loop
vertex 64.94935607910156 5.0 71.01453399658203
vertex 67.19174194335938 112.0 71.01453399658203
vertex 65.52999877929688 6.77419376373291 71.01453399658203
endloop
endfacet
facet normal -0.9992959464702543 0.0 0.037518147183976114
outer loop
vertex 64.95376586914062 7.0 71.13191223144531
vertex 65.19174194335938 7.0 77.47040557861328
vertex 65.19174194335938 115.0 77.47040557861328
endloop
endfacet
facet normal -0.8829475130949687 0.0 0.46947171280004746
outer loop
vertex 65.19174194335938 -7.0 77.47040557861328
vertex 74.65953826904297 7.0 95.2767333984375
vertex 65.19174194335938 5.0 77.47040557861328
endloop
endfacet
facet normal -0.8829475130949686 0.0 0.46947171280004746
outer loop
vertex 65.19174194335938 5.0 77.47040557861328
vertex 74.65953826904297 7.0 95.2767333984375
vertex 65.19174194335938 7.0 77.47040557861328
endloop
endfacet
facet normal 0.0 0.0 -1.0
outer loop
vertex 64.94935607910156 5.0 71.01453399658203
vertex 64.94935607910156 115.0 71.01453399658203
vertex 67.19174194335938 112.0 71.01453399658203
endloop
endfacet
facet normal -0.9992959297947196 -2.6103814016403316e-08 0.03751859133424674
outer loop
vertex 64.95376586914062 7.0 71.13191223144531
vertex 65.19174194335938 115.0 77.47040557861328
vertex 64.94935607910156 115.0 71.01453399658203
endloop
endfacet
facet normal -0.8829476669246382 0.0 0.4694714234885209
outer loop
vertex 64.2110366821289 137.0 57.203487396240234
vertex 67.543212890625 137.0 63.470401763916016
vertex 64.2110366821289 149.0 57.203487396240234
endloop
endfacet
facet normal -0.8829476669246382 0.0 0.4694714234885209
outer loop
vertex 64.2110366821289 149.0 57.203487396240234
vertex 67.543212890625 137.0 63.470401763916016
vertex 67.543212890625 146.0 63.470401763916016
endloop
endfacet
facet normal 0.0 0.0 -1.0
outer loop
vertex 67.19174194335938 112.0 63.470401763916016
vertex 67.19174194335938 146.0 63.470401763916016
vertex 67.543212890625 137.0 63.470401763916016
endloop
endfacet
facet normal 0.0 0.0 -1.0
outer loop
vertex 67.543212890625 137.0 63.470401763916016
vertex 67.19174194335938 146.0 63.470401763916016
vertex 67.543212890625 146.0 63.470401763916016
endloop
endfacet
facet normal 0.0 0.0 -1.0
outer loop
vertex 64.94935607910156 115.0 71.01453399658203
vertex 67.19174194335938 115.0 71.01453399658203
vertex 67.19174194335938 112.0 71.01453399658203
endloop
endfacet
facet normal -0.0 1.0 0.0
outer loop
vertex 64.94935607910156 115.0 71.01453399658203
vertex 67.19174194335938 115.0 75.47040557861328
vertex 67.19174194335938 115.0 71.01453399658203
endloop
endfacet
facet normal -0.0 1.0 0.0
outer loop
vertex 64.94935607910156 115.0 71.01453399658203
vertex 65.19174194335938 115.0 77.47040557861328
vertex 67.19174194335938 115.0 75.47040557861328
endloop
endfacet
facet normal -1.0 0.0 0.0
outer loop
vertex 67.19174194335938 112.0 63.470401763916016
vertex 67.19174194335938 112.0 71.01453399658203
vertex 67.19174194335938 115.0 71.01453399658203
endloop
endfacet
facet normal -1.0 0.0 0.0
outer loop
vertex 67.19174194335938 112.0 63.470401763916016
vertex 67.19174194335938 115.0 71.01453399658203
vertex 67.19174194335938 146.0 75.47040557861328
endloop
endfacet
facet normal -1.0 0.0 0.0
outer loop
vertex 67.19174194335938 115.0 71.01453399658203
vertex 67.19174194335938 115.0 75.47040557861328
vertex 67.19174194335938 146.0 75.47040557861328
endloop
endfacet
facet normal -1.0 0.0 0.0
outer loop
vertex 67.19174194335938 112.0 63.470401763916016
vertex 67.19174194335938 146.0 75.47040557861328
vertex 67.19174194335938 146.0 63.470401763916016
endloop
endfacet
facet normal -0.0 1.0 0.0
outer loop
vertex 67.19174194335938 146.0 63.470401763916016
vertex 67.19174194335938 146.0 75.47040557861328
vertex 67.543212890625 146.0 63.470401763916016
endloop
endfacet
facet normal -0.8829475513201093 5.825893818190984e-07 0.4694716409086745
outer loop
vertex 64.2110366821289 149.0 57.203487396240234
vertex 67.543212890625 146.0 63.470401763916016
vertex 74.50897216796875 149.0 76.57108306884766
endloop
endfacet
facet normal 0.0 -0.0 1.0
outer loop
vertex 67.19174194335938 115.0 75.47040557861328
vertex 73.9237289428711 146.0 75.47040557861328
vertex 67.19174194335938 146.0 75.47040557861328
endloop
endfacet
facet normal 0.0 1.0 -0.0
outer loop
vertex 67.543212890625 146.0 63.470401763916016
vertex 67.19174194335938 146.0 75.47040557861328
vertex 73.9237289428711 146.0 75.47040557861328
endloop
endfacet
facet normal 0.8829477325772653 0.0 -0.4694713000138195
outer loop
vertex 68.4442138671875 -139.1999969482422 18.30373191833496
vertex 72.92070007324219 -137.0 26.7227840423584
vertex 72.92070007324219 -149.0 26.7227840423584
endloop
endfacet
facet normal 0.8829476651081771 0.0 -0.4694714269047886
outer loop
vertex 72.92070007324219 -149.0 26.7227840423584
vertex 72.92070007324219 -137.0 26.7227840423584
vertex 78.72917175292969 -137.0 37.646934509277344
endloop
endfacet
facet normal 0.0 -0.0 -1.0
outer loop
vertex 54.23627471923828 -137.0 37.646934509277344
vertex 85.4611587524414 -112.0 37.646934509277344
vertex 78.72917175292969 -137.0 37.646934509277344
endloop
endfacet
facet normal -0.0 1.0 0.0
outer loop
vertex 53.46116256713867 -112.0 37.646934509277344
vertex 85.4611587524414 -112.0 45.19106674194336
vertex 85.4611587524414 -112.0 37.646934509277344
endloop
endfacet
facet normal 0.8829476651081771 0.0 -0.4694714269047886
outer loop
vertex 72.92070007324219 -149.0 26.7227840423584
vertex 78.72917175292969 -137.0 37.646934509277344
vertex 78.72917175292969 -146.0 37.646934509277344
endloop
endfacet
facet normal 0.8829476088150231 4.945121789453608e-07 -0.46947153277657694
outer loop
vertex 72.92070007324219 -149.0 26.7227840423584
vertex 78.72917175292969 -146.0 37.646934509277344
vertex 83.21863555908203 -149.0 46.09038543701172
endloop
endfacet
facet normal 0.0 -1.0 0.0
outer loop
vertex 64.2110366821289 -149.0 57.203487396240234
vertex 72.92070007324219 -149.0 26.7227840423584
vertex 83.21863555908203 -149.0 46.09038543701172
endloop
endfacet
facet normal 0.0 0.9999999999999999 0.0
outer loop
vertex 64.2110366821289 -137.0 57.203487396240234
vertex 85.10968780517578 -137.0 49.646934509277344
vertex 77.1355972290039 -137.0 49.646934509277344
endloop
endfacet
facet normal -0.0 0.0 1.0
outer loop
vertex 53.46116256713867 -115.0 49.646934509277344
vertex 77.1355972290039 -137.0 49.646934509277344
vertex 85.4611587524414 -115.0 49.646934509277344
endloop
endfacet
facet normal 0.0 -1.0 0.0
outer loop
vertex 53.46116256713867 -115.0 49.646934509277344
vertex 85.4611587524414 -115.0 49.646934509277344
vertex 87.4611587524414 -115.0 51.646934509277344
endloop
endfacet
facet normal 0.0 -0.0 -1.0
outer loop
vertex 53.46116256713867 -112.0 45.19106674194336
vertex 87.2187728881836 -7.0 45.19106674194336
vertex 85.4611587524414 -112.0 45.19106674194336
endloop
endfacet
facet normal 0.0 -0.0 1.0
outer loop
vertex 51.46116256713867 -115.0 51.646934509277344
vertex 87.4611587524414 -115.0 51.646934509277344
vertex 86.8805160522461 -6.77419376373291 51.646934509277344
endloop
endfacet
facet normal 0.0 0.0 -0.9999999999999999
outer loop
vertex 78.72917175292969 -146.0 37.646934509277344
vertex 78.72917175292969 -137.0 37.646934509277344
vertex 85.4611587524414 -146.0 37.646934509277344
endloop
endfacet
facet normal 0.0 -1.0 0.0
outer loop
vertex 78.72917175292969 -146.0 37.646934509277344
vertex 85.4611587524414 -146.0 37.646934509277344
vertex 83.21863555908203 -146.0 46.09038543701172
endloop
endfacet
facet normal 0.0 0.0 -1.0
outer loop
vertex 78.72917175292969 -137.0 37.646934509277344
vertex 85.4611587524414 -112.0 37.646934509277344
vertex 85.4611587524414 -146.0 37.646934509277344
endloop
endfacet
facet normal 1.0 0.0 -0.0
outer loop
vertex 85.4611587524414 -146.0 37.646934509277344
vertex 85.4611587524414 -112.0 37.646934509277344
vertex 85.4611587524414 -146.0 49.646934509277344
endloop
endfacet
facet normal 0.8829475359830886 0.0 -0.4694716697537694
outer loop
vertex 78.72917175292969 -146.0 37.646934509277344
vertex 83.21863555908203 -146.0 46.09038543701172
vertex 83.21863555908203 -149.0 46.09038543701172
endloop
endfacet
facet normal 0.8829474323010658 0.0 -0.4694718647511849
outer loop
vertex 83.21863555908203 -149.0 46.09038543701172
vertex 83.21863555908203 -146.0 46.09038543701172
vertex 85.10968780517578 -146.0 49.646934509277344
endloop
endfacet
facet normal 0.0 0.0 0.9999999999999999
outer loop
vertex 77.1355972290039 -137.0 49.646934509277344
vertex 85.10968780517578 -137.0 49.646934509277344
vertex 85.4611587524414 -115.0 49.646934509277344
endloop
endfacet
facet normal -0.0 -1.0 0.0
outer loop
vertex 85.4611587524414 -146.0 37.646934509277344
vertex 85.4611587524414 -146.0 49.646934509277344
vertex 83.21863555908203 -146.0 46.09038543701172
endloop
endfacet
facet normal 0.0 -1.0 0.0
outer loop
vertex 83.21863555908203 -146.0 46.09038543701172
vertex 85.4611587524414 -146.0 49.646934509277344
vertex 85.10968780517578 -146.0 49.646934509277344
endloop
endfacet
facet normal 0.0 0.0 1.0
outer loop
vertex 85.10968780517578 -146.0 49.646934509277344
vertex 85.4611587524414 -146.0 49.646934509277344
vertex 85.4611587524414 -115.0 49.646934509277344
endloop
endfacet
facet normal 0.0 -0.0 1.0
outer loop
vertex 85.10968780517578 -146.0 49.646934509277344
vertex 85.4611587524414 -115.0 49.646934509277344
vertex 85.10968780517578 -137.0 49.646934509277344
endloop
endfacet
facet normal 1.0 0.0 0.0
outer loop
vertex 85.4611587524414 -112.0 37.646934509277344
vertex 85.4611587524414 -115.0 45.19106674194336
vertex 85.4611587524414 -146.0 49.646934509277344
endloop
endfacet
facet normal 1.0 0.0 -0.0
outer loop
vertex 85.4611587524414 -112.0 37.646934509277344
vertex 85.4611587524414 -112.0 45.19106674194336
vertex 85.4611587524414 -115.0 45.19106674194336
endloop
endfacet
facet normal 0.0 0.0 -1.0
outer loop
vertex 85.4611587524414 -115.0 45.19106674194336
vertex 85.4611587524414 -112.0 45.19106674194336
vertex 87.2187728881836 -115.0 45.19106674194336
endloop
endfacet
facet normal 0.0 -1.0 0.0
outer loop
vertex 85.4611587524414 -115.0 45.19106674194336
vertex 87.2187728881836 -115.0 45.19106674194336
vertex 85.4611587524414 -115.0 49.646934509277344
endloop
endfacet
facet normal 1.0 -0.0 0.0
outer loop
vertex 85.4611587524414 -146.0 49.646934509277344
vertex 85.4611587524414 -115.0 45.19106674194336
vertex 85.4611587524414 -115.0 49.646934509277344
endloop
endfacet
facet normal -0.0 -1.0 0.0
outer loop
vertex 87.2187728881836 -115.0 45.19106674194336
vertex 87.4611587524414 -115.0 51.646934509277344
vertex 85.4611587524414 -115.0 49.646934509277344
endloop
endfacet
facet normal 0.0 0.0 -1.0
outer loop
vertex 85.4611587524414 -112.0 45.19106674194336
vertex 87.2187728881836 -7.0 45.19106674194336
vertex 87.2187728881836 -115.0 45.19106674194336
endloop
endfacet
facet normal 0.9992959289635442 0.0 -0.037518613472339986
outer loop
vertex 87.2187728881836 -115.0 45.19106674194336
vertex 87.4611587524414 -5.0 51.646934509277344
vertex 87.4611587524414 -115.0 51.646934509277344
endloop
endfacet
facet normal 0.0 0.0 -1.0
outer loop
vertex 70.44784545898438 -2.799999952316284 19.36760139465332
vertex 70.44784545898438 2.799999952316284 19.36760139465332
vertex 73.48818969726562 -7.0 19.36760139465332
endloop
endfacet
facet normal 0.8829475899616798 0.0 -0.46947156823482006
outer loop
vertex 73.48818969726562 -7.0 19.36760139465332
vertex 73.48818969726562 5.0 19.36760139465332
vertex 78.0844955444336 -5.040786266326904 28.011995315551758
endloop
endfacet
facet normal 0.8829489649903278 -1.4636974836395929e-05 -0.4694689819447796
outer loop
vertex 73.48818969726562 -7.0 19.36760139465332
vertex 78.0844955444336 -5.040786266326904 28.011995315551758
vertex 78.20152282714844 -5.0 28.232091903686523
endloop
endfacet
facet normal 0.35109021988349093 -0.9362488585889934 -0.0131807546433877
outer loop
vertex 78.0844955444336 -5.040786266326904 28.011995315551758
vertex 78.19188690185547 -5.0 27.97542381286621
vertex 78.20152282714844 -5.0 28.232091903686523
endloop
endfacet
facet normal -0.3223644532197535 -0.0 -0.9466156344051841
outer loop
vertex 78.0844955444336 -5.040786266326904 28.011995315551758
vertex 78.19188690185547 5.0 27.97542381286621
vertex 78.19188690185547 -5.0 27.97542381286621
endloop
endfacet
facet normal 0.9992960297461752 0.0 -0.0375159290639504
outer loop
vertex 78.19188690185547 -5.0 27.97542381286621
vertex 78.20152282714844 5.0 28.232091903686523
vertex 78.20152282714844 -5.0 28.232091903686523
endloop
endfacet
facet normal -0.0 -0.9999999999999999 0.0
outer loop
vertex 73.48818969726562 -7.0 19.36760139465332
vertex 87.2187728881836 -7.0 45.19106674194336
vertex 72.92588806152344 -7.0 29.768720626831055
endloop
endfacet
facet normal 0.8829475488147861 5.065431813095528e-07 -0.4694716456205896
outer loop
vertex 73.48818969726562 -7.0 19.36760139465332
vertex 78.20152282714844 -5.0 28.232091903686523
vertex 87.2187728881836 -7.0 45.19106674194336
endloop
endfacet
facet normal -0.0 -1.0 0.0
outer loop
vertex 72.92588806152344 -7.0 29.768720626831055
vertex 87.2187728881836 -7.0 45.19106674194336
vertex 73.060546875 -7.0 33.35531234741211
endloop
endfacet
facet normal -0.0 -1.0 0.0
outer loop
vertex 73.060546875 -7.0 33.35531234741211
vertex 87.2187728881836 -7.0 45.19106674194336
vertex 73.46452331542969 -7.0 44.115089416503906
endloop
endfacet
facet normal 0.0 -1.0 0.0
outer loop
vertex 62.7978630065918 -7.0 44.115089416503906
vertex 73.46452331542969 -7.0 44.115089416503906
vertex 87.2187728881836 -7.0 45.19106674194336
endloop
endfacet
facet normal 0.0 -1.0 0.0
outer loop
vertex 68.40060424804688 -5.0 51.646934509277344
vertex 77.46116638183594 -5.0 51.646934509277344
vertex 70.54930877685547 -5.0 55.68806457519531
endloop
endfacet
facet normal -0.0 -0.0 1.0
outer loop
vertex 68.40060424804688 -5.0 51.646934509277344
vertex 86.8805160522461 -6.77419376373291 51.646934509277344
vertex 77.46116638183594 -5.0 51.646934509277344
endloop
endfacet
facet normal 0.9992959289635445 0.0 -0.03751861347233999
outer loop
vertex 87.2187728881836 -115.0 45.19106674194336
vertex 87.2187728881836 -7.0 45.19106674194336
vertex 87.4611587524414 -5.0 51.646934509277344
endloop
endfacet
facet normal 0.0 -0.0 0.9999999999999999
outer loop
vertex 87.4611587524414 -115.0 51.646934509277344
vertex 87.4611587524414 -5.0 51.646934509277344
vertex 86.8805160522461 -6.77419376373291 51.646934509277344
endloop
endfacet
facet normal 0.8829475240525894 0.0 -0.469471692191768
outer loop
vertex 78.20152282714844 -5.0 28.232091903686523
vertex 78.20152282714844 5.0 28.232091903686523
vertex 87.2187728881836 -7.0 45.19106674194336
endloop
endfacet
facet normal 0.8829475240525894 0.0 -0.469471692191768
outer loop
vertex 87.2187728881836 -7.0 45.19106674194336
vertex 78.20152282714844 5.0 28.232091903686523
vertex 87.2187728881836 -5.0 45.19106674194336
endloop
endfacet
facet normal -0.0 -0.0 1.0
outer loop
vertex 77.46116638183594 -5.0 51.646934509277344
vertex 86.8805160522461 -6.77419376373291 51.646934509277344
vertex 82.31829833984375 -5.0 51.646934509277344
endloop
endfacet
facet normal 0.9992959289635445 0.0 -0.03751861347233999
outer loop
vertex 87.2187728881836 -7.0 45.19106674194336
vertex 87.2187728881836 -5.0 45.19106674194336
vertex 87.4611587524414 -5.0 51.646934509277344
endloop
endfacet
facet normal -0.0 -0.0 1.0
outer loop
vertex 82.31829833984375 -5.0 51.646934509277344
vertex 86.8805160522461 -6.77419376373291 51.646934509277344
vertex 86.52172088623047 -5.0 51.646934509277344
endloop
endfacet
facet normal 0.9992959289635444 0.0 -0.037518613472339986
outer loop
vertex 87.2187728881836 -5.0 45.19106674194336
vertex 87.4611587524414 7.0 51.646934509277344
vertex 87.4611587524414 -5.0 51.646934509277344
endloop
endfacet
facet normal -0.0 0.0 1.0
outer loop
vertex 86.52172088623047 -5.0 51.646934509277344
vertex 86.8805160522461 -6.77419376373291 51.646934509277344
vertex 87.4611587524414 -5.0 51.646934509277344
endloop
endfacet
facet normal 0.0 0.0 1.0
outer loop
vertex 86.52172088623047 -5.0 51.646934509277344
vertex 87.4611587524414 -5.0 51.646934509277344
vertex 87.4611587524414 7.0 51.646934509277344
endloop
endfacet
facet normal 0.0 -1.0 0.0
outer loop
vertex 64.2110366821289 -149.0 57.203487396240234
vertex 83.21863555908203 -149.0 46.09038543701172
vertex 74.50897216796875 -149.0 76.57108306884766
endloop
endfacet
facet normal -0.0 1.0 0.0
outer loop
vertex 64.2110366821289 -137.0 57.203487396240234
vertex 74.50897216796875 -137.0 76.57108306884766
vertex 85.10968780517578 -137.0 49.646934509277344
endloop
endfacet
facet normal 0.0 -1.0 0.0
outer loop
vertex 83.21863555908203 -149.0 46.09038543701172
vertex 93.51657104492188 -149.0 65.4579849243164
vertex 74.50897216796875 -149.0 76.57108306884766
endloop
endfacet
facet normal 0.8829475896500887 -4.500155974592051e-07 -0.4694715688206219
outer loop
vertex 83.21863555908203 -149.0 46.09038543701172
vertex 85.10968780517578 -146.0 49.646934509277344
vertex 93.51657104492188 -149.0 65.4579849243164
endloop
endfacet
facet normal 0.8829476250443948 0.0 -0.46947150225382434
outer loop
vertex 85.10968780517578 -146.0 49.646934509277344
vertex 85.10968780517578 -137.0 49.646934509277344
vertex 93.51657104492188 -137.0 65.4579849243164
endloop
endfacet
facet normal -0.0 1.0 -0.0
outer loop
vertex 85.10968780517578 -137.0 49.646934509277344
vertex 74.50897216796875 -137.0 76.57108306884766
vertex 93.51657104492188 -137.0 65.4579849243164
endloop
endfacet
facet normal -0.8829476323532142 0.0 0.4694714885079318
outer loop
vertex 74.50897216796875 -149.0 76.57108306884766
vertex 81.27379608154297 -146.0 89.29386901855469
vertex 74.50897216796875 -137.0 76.57108306884766
endloop
endfacet
facet normal -0.8829476323532142 0.0 0.4694714885079318
outer loop
vertex 74.50897216796875 -137.0 76.57108306884766
vertex 81.27379608154297 -146.0 89.29386901855469
vertex 81.27379608154297 -137.0 89.29386901855469
endloop
endfacet
facet normal -0.8829476785392394 4.7252887618699354e-07 0.469471401644386
outer loop
vertex 74.50897216796875 -149.0 76.57108306884766
vertex 82.2959976196289 -149.0 91.21635437011719
vertex 81.27379608154297 -146.0 89.29386901855469
endloop
endfacet
facet normal 0.0 -1.0 0.0
outer loop
vertex 74.50897216796875 -149.0 76.57108306884766
vertex 93.51657104492188 -149.0 65.4579849243164
vertex 82.2959976196289 -149.0 91.21635437011719
endloop
endfacet
facet normal -0.0 1.0 0.0
outer loop
vertex 74.50897216796875 -137.0 76.57108306884766
vertex 81.27379608154297 -137.0 89.29386901855469
vertex 93.51657104492188 -137.0 65.4579849243164
endloop
endfacet
facet normal 0.0 -1.0 0.0
outer loop
vertex 80.92232513427734 -146.0 89.29386901855469
vertex 81.27379608154297 -146.0 89.29386901855469
vertex 80.92232513427734 -146.0 91.9467544555664
endloop
endfacet
facet normal 0.0 -1.0 0.0
outer loop
vertex 81.27379608154297 -146.0 89.29386901855469
vertex 82.2959976196289 -146.0 91.21635437011719
vertex 80.92232513427734 -146.0 91.9467544555664
endloop
endfacet
facet normal 0.0 0.0 -1.0
outer loop
vertex 80.92232513427734 -146.0 89.29386901855469
vertex 80.92232513427734 -112.0 89.29386901855469
vertex 81.27379608154297 -146.0 89.29386901855469
endloop
endfacet
facet normal 0.0 0.0 -1.0
outer loop
vertex 81.27379608154297 -146.0 89.29386901855469
vertex 80.92232513427734 -112.0 89.29386901855469
vertex 81.27379608154297 -137.0 89.29386901855469
endloop
endfacet
facet normal -1.0 0.0 0.0
outer loop
vertex 80.92232513427734 -146.0 89.29386901855469
vertex 80.92232513427734 -146.0 91.9467544555664
vertex 80.92232513427734 -112.0 91.9467544555664
endloop
endfacet
facet normal -0.8829479841936761 0.0 0.4694708267915309
outer loop
vertex 81.27379608154297 -146.0 89.29386901855469
vertex 82.2959976196289 -149.0 91.21635437011719
vertex 82.2959976196289 -146.8679656982422 91.21635437011719
endloop
endfacet
facet normal -0.8829479841936761 0.0 0.4694708267915309
outer loop
vertex 81.27379608154297 -146.0 89.29386901855469
vertex 82.2959976196289 -146.8679656982422 91.21635437011719
vertex 82.2959976196289 -146.0 91.21635437011719
endloop
endfacet
facet normal 0.46947097038703206 0.0 0.8829479078427325
outer loop
vertex 82.2959976196289 -149.0 91.21635437011719
vertex 85.82778930664062 -146.5 89.33847045898438
vertex 82.2959976196289 -146.8679656982422 91.21635437011719
endloop
endfacet
facet normal 0.46947430326336154 -1.8190977533397433e-06 0.8829461357138794
outer loop
vertex 80.92232513427734 -146.0 91.9467544555664
vertex 82.2959976196289 -146.0 91.21635437011719
vertex 85.91167449951172 -137.0 89.29386901855469
endloop
endfacet
facet normal 0.46947077323134495 0.0 0.8829480126720729
outer loop
vertex 82.2959976196289 -146.8679656982422 91.21635437011719
vertex 85.91167449951172 -137.0 89.29386901855469
vertex 82.2959976196289 -146.0 91.21635437011719
endloop
endfacet
facet normal 0.4694717451256284 0.0 0.8829474959071446
outer loop
vertex 80.92232513427734 -146.0 91.9467544555664
vertex 85.91167449951172 -137.0 89.29386901855469
vertex 80.92232513427734 -112.0 91.9467544555664
endloop
endfacet
facet normal -1.0 0.0 0.0
outer loop
vertex 80.92232513427734 -146.0 89.29386901855469
vertex 80.92232513427734 -112.0 91.9467544555664
vertex 80.92232513427734 -112.0 89.29386901855469
endloop
endfacet
facet normal 0.0 0.0 -0.9999999999999999
outer loop
vertex 81.27379608154297 -137.0 89.29386901855469
vertex 80.92232513427734 -112.0 89.29386901855469
vertex 85.91167449951172 -137.0 89.29386901855469
endloop
endfacet
facet normal -0.0 1.0 0.0
outer loop
vertex 80.92232513427734 -112.0 89.29386901855469
vertex 80.92232513427734 -112.0 91.9467544555664
vertex 85.91167449951172 -112.0 89.29386901855469
endloop
endfacet
facet normal 0.46947097038703206 -0.0 0.8829479078427325
outer loop
vertex 82.2959976196289 -146.8679656982422 91.21635437011719
vertex 85.82778930664062 -146.5 89.33847045898438
vertex 85.82778930664062 -145.07379150390625 89.33847045898438
endloop
endfacet
facet normal 0.46947122488705384 -6.426112625889086e-07 0.8829477725226088
outer loop
vertex 82.2959976196289 -146.8679656982422 91.21635437011719
vertex 85.82778930664062 -145.07379150390625 89.33847045898438
vertex 85.82779693603516 -139.5 89.33847045898438
endloop
endfacet
facet normal 0.46946825436961 1.1838472156760666e-06 0.8829493519663231
outer loop
vertex 82.2959976196289 -146.8679656982422 91.21635437011719
vertex 85.82779693603516 -139.5 89.33847045898438
vertex 85.91167449951172 -137.0 89.29386901855469
endloop
endfacet
facet normal -0.882947527569413 0.0 0.46947168557758673
outer loop
vertex 85.82778930664062 -146.5 89.33847045898438
vertex 90.52251434326172 -146.5 98.16796112060547
vertex 85.82778930664062 -145.07379150390625 89.33847045898438
endloop
endfacet
facet normal -0.8829478438209255 1.208577221861518e-06 0.46947109079315824
outer loop
vertex 85.82778930664062 -145.07379150390625 89.33847045898438
vertex 90.52251434326172 -139.5 98.16796112060547
vertex 85.82779693603516 -139.5 89.33847045898438
endloop
endfacet
facet normal 0.0 0.0 -1.0
outer loop
vertex 80.92232513427734 -112.0 89.29386901855469
vertex 85.91167449951172 -112.0 89.29386901855469
vertex 85.91167449951172 -137.0 89.29386901855469
endloop
endfacet
facet normal 0.46947174512562834 -0.0 0.8829474959071446
outer loop
vertex 80.92232513427734 -112.0 91.9467544555664
vertex 85.91167449951172 -137.0 89.29386901855469
vertex 85.91167449951172 -112.0 89.29386901855469
endloop
endfacet
facet normal -0.8829475304933205 0.0 0.46947168007851847
outer loop
vertex 70.54930877685547 -5.0 55.68806457519531
vertex 78.69853973388672 -5.0 71.01453399658203
vertex 70.54930877685547 5.0 55.68806457519531
endloop
endfacet
facet normal 0.0 -1.0 0.0
outer loop
vertex 70.54930877685547 -5.0 55.68806457519531
vertex 77.46116638183594 -5.0 51.646934509277344
vertex 78.69853973388672 -5.0 71.01453399658203
endloop
endfacet
facet normal 0.0 -1.0 0.0
outer loop
vertex 77.46116638183594 -5.0 51.646934509277344
vertex 82.31829833984375 -5.0 51.646934509277344
vertex 87.75910186767578 -5.0 71.01453399658203
endloop
endfacet
facet normal 0.0 -1.0 0.0
outer loop
vertex 77.46116638183594 -5.0 51.646934509277344
vertex 87.75910186767578 -5.0 71.01453399658203
vertex 78.69853973388672 -5.0 71.01453399658203
endloop
endfacet
facet normal 0.0 -1.0 0.0
outer loop
vertex 82.31829833984375 -5.0 51.646934509277344
vertex 86.52172088623047 -5.0 51.646934509277344
vertex 87.75910186767578 -5.0 71.01453399658203
endloop
endfacet
facet normal 0.0 0.0 -1.0
outer loop
vertex 64.94935607910156 -7.0 71.01453399658203
vertex 78.69853973388672 -5.0 71.01453399658203
vertex 100.94935607910156 -7.0 71.01453399658203
endloop
endfacet
facet normal 0.0 -1.0 0.0
outer loop
vertex 64.94935607910156 -7.0 71.01453399658203
vertex 100.94935607910156 -7.0 71.01453399658203
vertex 89.85504150390625 -7.0 85.00225067138672
endloop
endfacet
facet normal -0.0 -1.0 0.0
outer loop
vertex 64.94935607910156 -7.0 71.01453399658203
vertex 89.85504150390625 -7.0 85.00225067138672
vertex 65.19174194335938 -7.0 77.47040557861328
endloop
endfacet
facet normal 0.0 -0.9999999999999999 0.0
outer loop
vertex 65.19174194335938 -7.0 77.47040557861328
vertex 89.85504150390625 -7.0 85.00225067138672
vertex 74.65953826904297 -7.0 95.2767333984375
endloop
endfacet
facet normal -0.8829475130949687 0.0 0.46947171280004746
outer loop
vertex 65.19174194335938 -7.0 77.47040557861328
vertex 74.65953826904297 -7.0 95.2767333984375
vertex 74.65953826904297 7.0 95.2767333984375
endloop
endfacet
facet normal 0.0 -1.0 0.0
outer loop
vertex 74.65953826904297 -7.0 95.2767333984375
vertex 89.85504150390625 -7.0 85.00225067138672
vertex 89.93583679199219 -7.0 87.15418243408203
endloop
endfacet
facet normal 0.46947151587112657 -0.0 0.882947617803948
outer loop
vertex 74.65953826904297 -7.0 95.2767333984375
vertex 89.93583679199219 -7.0 87.15418243408203
vertex 89.93583679199219 7.0 87.15418243408203
endloop
endfacet
facet normal 0.882947625044395 0.0 -0.4694715022538244
outer loop
vertex 85.10968780517578 -146.0 49.646934509277344
vertex 93.51657104492188 -137.0 65.4579849243164
vertex 93.51657104492188 -149.0 65.4579849243164
endloop
endfacet
facet normal 0.8829475846572248 0.0 -0.4694715782110486
outer loop
vertex 93.51657104492188 -149.0 65.4579849243164
vertex 93.51657104492188 -137.0 65.4579849243164
vertex 101.7208480834961 -149.0 80.88798522949219
endloop
endfacet
facet normal 0.8829475846572248 0.0 -0.4694715782110486
outer loop
vertex 93.51657104492188 -137.0 65.4579849243164
vertex 101.7208480834961 -137.0 80.88798522949219
vertex 101.7208480834961 -149.0 80.88798522949219
endloop
endfacet
facet normal 0.0 -0.9999999999999999 0.0
outer loop
vertex 82.2959976196289 -149.0 91.21635437011719
vertex 93.51657104492188 -149.0 65.4579849243164
vertex 101.7208480834961 -149.0 80.88798522949219
endloop
endfacet
facet normal 0.0 1.0 0.0
outer loop
vertex 81.27379608154297 -137.0 89.29386901855469
vertex 101.7208480834961 -137.0 80.88798522949219
vertex 93.51657104492188 -137.0 65.4579849243164
endloop
endfacet
facet normal 0.4694713126194159 -6.201634533603992e-07 0.8829477258745378
outer loop
vertex 82.2959976196289 -149.0 91.21635437011719
vertex 101.7208480834961 -149.0 80.88798522949219
vertex 85.82778930664062 -146.5 89.33847045898438
endloop
endfacet
facet normal 0.0 -1.0 0.0
outer loop
vertex 85.82778930664062 -146.5 89.33847045898438
vertex 94.79122924804688 -146.5 85.70511627197266
vertex 90.16458129882812 -146.5 88.16514587402344
endloop
endfacet
facet normal -0.0 1.0 0.0
outer loop
vertex 81.27379608154297 -137.0 89.29386901855469
vertex 85.91167449951172 -137.0 89.29386901855469
vertex 101.7208480834961 -137.0 80.88798522949219
endloop
endfacet
facet normal 0.4694715081806296 1.043813004649923e-06 0.8829476218924402
outer loop
vertex 85.82779693603516 -139.5 89.33847045898438
vertex 98.1890640258789 -139.5 82.765869140625
vertex 85.91167449951172 -137.0 89.29386901855469
endloop
endfacet
facet normal 0.0 -1.0 0.0
outer loop
vertex 85.82778930664062 -146.5 89.33847045898438
vertex 95.85076141357422 -146.5 85.14175415039062
vertex 94.79122924804688 -146.5 85.70511627197266
endloop
endfacet
facet normal 0.0 0.9999999999999999 0.0
outer loop
vertex 85.82779693603516 -139.5 89.33847045898438
vertex 89.10504150390625 -139.5 88.728515625
vertex 98.1890640258789 -139.5 82.765869140625
endloop
endfacet
facet normal 0.0 1.0 0.0
outer loop
vertex 89.10504150390625 -139.5 88.728515625
vertex 90.16458129882812 -139.5 88.16514587402344
vertex 98.1890640258789 -139.5 82.765869140625
endloop
endfacet
facet normal 0.0 -1.0 0.0
outer loop
vertex 85.82778930664062 -146.5 89.33847045898438
vertex 98.1890640258789 -146.5 82.765869140625
vertex 95.85076141357422 -146.5 85.14175415039062
endloop
endfacet
facet normal 0.0 1.0 0.0
outer loop
vertex 94.79122924804688 -139.5 85.70511627197266
vertex 98.1890640258789 -139.5 82.765869140625
vertex 90.16458129882812 -139.5 88.16514587402344
endloop
endfacet
facet normal 0.46947128228601637 -8.675165554732779e-07 0.8829477420028724
outer loop
vertex 85.82778930664062 -146.5 89.33847045898438
vertex 101.7208480834961 -149.0 80.88798522949219
vertex 98.1890640258789 -146.5 82.765869140625
endloop
endfacet
facet normal -0.08092877371635136 -0.9850300064768139 -0.1522051902040641
outer loop
vertex 95.85076141357422 -146.5 85.14175415039062
vertex 95.73017120361328 -146.85000610351562 87.47101593017578
vertex 94.79122924804688 -146.5 85.70511627197266
endloop
endfacet
facet normal -0.08092989262737874 -0.9850299078861013 -0.1522052333174511
outer loop
vertex 95.85076141357422 -146.5 85.14175415039062
vertex 96.78970336914062 -146.85000610351562 86.90764617919922
vertex 95.73017120361328 -146.85000610351562 87.47101593017578
endloop
endfacet
facet normal 0.46947143598147945 5.890038213425952e-07 0.8829476602818203
outer loop
vertex 85.91167449951172 -137.0 89.29386901855469
vertex 98.1890640258789 -139.5 82.765869140625
vertex 101.7208480834961 -137.0 80.88798522949219
endloop
endfacet
facet normal 0.0 1.0 0.0
outer loop
vertex 95.85076141357422 -139.5 85.14175415039062
vertex 98.1890640258789 -139.5 82.765869140625
vertex 94.79122924804688 -139.5 85.70511627197266
endloop
endfacet
facet normal -0.08092877371635136 0.9850300064768139 -0.1522051902040641
outer loop
vertex 95.85076141357422 -139.5 85.14175415039062
vertex 94.79122924804688 -139.5 85.70511627197266
vertex 95.73017120361328 -139.14999389648438 87.47101593017578
endloop
endfacet
facet normal -0.08092989262737874 0.9850299078861013 -0.1522052333174511
outer loop
vertex 95.85076141357422 -139.5 85.14175415039062
vertex 95.73017120361328 -139.14999389648438 87.47101593017578
vertex 96.78970336914062 -139.14999389648438 86.90764617919922
endloop
endfacet
facet normal 0.0 -1.0 0.0
outer loop
vertex 85.82778930664062 -146.5 89.33847045898438
vertex 90.16458129882812 -146.5 88.16514587402344
vertex 89.10504150390625 -146.5 88.728515625
endloop
endfacet
facet normal -0.0809292976891801 -0.985029960308103 -0.15220521039357784
outer loop
vertex 89.10504150390625 -146.5 88.728515625
vertex 90.16458129882812 -146.5 88.16514587402344
vertex 90.04399108886719 -146.85000610351562 90.4944076538086
endloop
endfacet
facet normal 0.0 -0.9999999999999999 0.0
outer loop
vertex 85.82778930664062 -146.5 89.33847045898438
vertex 89.10504150390625 -146.5 88.728515625
vertex 93.33028411865234 -146.5 96.67504119873047
endloop
endfacet
facet normal -0.0809292976891801 0.985029960308103 -0.15220521039357784
outer loop
vertex 89.10504150390625 -139.5 88.728515625
vertex 90.04399108886719 -139.14999389648438 90.4944076538086
vertex 90.16458129882812 -139.5 88.16514587402344
endloop
endfacet
facet normal -0.0 1.0 0.0
outer loop
vertex 85.82779693603516 -139.5 89.33847045898438
vertex 90.52251434326172 -139.5 98.16796112060547
vertex 89.10504150390625 -139.5 88.728515625
endloop
endfacet
facet normal -0.08092877371635136 -0.9850300064768139 -0.1522051902040641
outer loop
vertex 90.16458129882812 -146.5 88.16514587402344
vertex 91.10352325439453 -146.85000610351562 89.93104553222656
vertex 90.04399108886719 -146.85000610351562 90.4944076538086
endloop
endfacet
facet normal -0.8829475918322947 -2.0519069345053914e-05 0.4694715642682947
outer loop
vertex 89.10504150390625 -146.5 88.728515625
vertex 90.04399108886719 -146.85000610351562 90.4944076538086
vertex 93.33028411865234 -146.5 96.67504119873047
endloop
endfacet
facet normal 0.0 -1.0 0.0
outer loop
vertex 90.04399108886719 -146.85000610351562 90.4944076538086
vertex 91.10352325439453 -146.85000610351562 89.93104553222656
vertex 92.8608169555664 -146.85000610351562 95.79209899902344
endloop
endfacet
facet normal 0.8829475919827205 -8.960814606699184e-06 -0.4694715643482776
outer loop
vertex 90.16458129882812 -146.5 88.16514587402344
vertex 94.38982391357422 -146.5 96.1116714477539
vertex 91.10352325439453 -146.85000610351562 89.93104553222656
endloop
endfacet
facet normal -0.08092877371635136 0.9850300064768139 -0.1522051902040641
outer loop
vertex 90.16458129882812 -139.5 88.16514587402344
vertex 90.04399108886719 -139.14999389648438 90.4944076538086
vertex 91.10352325439453 -139.14999389648438 89.93104553222656
endloop
endfacet
facet normal -0.8829475918322947 2.0519069345053914e-05 0.4694715642682947
outer loop
vertex 89.10504150390625 -139.5 88.728515625
vertex 93.33028411865234 -139.5 96.67504119873047
vertex 90.04399108886719 -139.14999389648438 90.4944076538086
endloop
endfacet
facet normal -0.0 1.0 0.0
outer loop
vertex 90.04399108886719 -139.14999389648438 90.4944076538086
vertex 92.8608169555664 -139.14999389648438 95.79209899902344
vertex 91.10352325439453 -139.14999389648438 89.93104553222656
endloop
endfacet
facet normal 0.8829475919827205 8.960814606699184e-06 -0.4694715643482776
outer loop
vertex 90.16458129882812 -139.5 88.16514587402344
vertex 91.10352325439453 -139.14999389648438 89.93104553222656
vertex 94.38982391357422 -139.5 96.1116714477539
endloop
endfacet
facet normal -0.8829475275694131 0.0 0.46947168557758684
outer loop
vertex 85.82778930664062 -145.07379150390625 89.33847045898438
vertex 90.52251434326172 -146.5 98.16796112060547
vertex 90.52251434326172 -139.5 98.16796112060547
endloop
endfacet
facet normal 0.0 -1.0 0.0
outer loop
vertex 85.82778930664062 -146.5 89.33847045898438
vertex 93.33028411865234 -146.5 96.67504119873047
vertex 90.52251434326172 -146.5 98.16796112060547
endloop
endfacet
facet normal -0.8829480479505127 6.822313872649889e-06 0.46947070683252945
outer loop
vertex 90.04399108886719 -146.85000610351562 90.4944076538086
vertex 92.8608169555664 -146.85000610351562 95.79209899902344
vertex 93.79975891113281 -146.5 97.55799102783203
endloop
endfacet
facet normal -0.8829467455569675 -5.651845575858126e-05 0.469473152923598
outer loop
vertex 90.04399108886719 -146.85000610351562 90.4944076538086
vertex 93.79975891113281 -146.5 97.55799102783203
vertex 93.33028411865234 -146.5 96.67504119873047
endloop
endfacet
facet normal -0.6454392678891968 0.0 0.7638115942211519
outer loop
vertex 90.52251434326172 -146.5 98.16796112060547
vertex 92.16781616210938 -140.3000030517578 99.55828094482422
vertex 90.52251434326172 -139.5 98.16796112060547
endloop
endfacet
facet normal 0.17435744849522478 -0.9284767911083168 0.3279181735241855
outer loop
vertex 90.52251434326172 -146.5 98.16796112060547
vertex 93.33028411865234 -146.5 96.67504119873047
vertex 93.44766235351562 -146.39999389648438 96.89579010009766
endloop
endfacet
facet normal -0.6454392678891968 0.0 0.763811594221152
outer loop
vertex 90.52251434326172 -146.5 98.16796112060547
vertex 92.16781616210938 -145.6999969482422 99.55828094482422
vertex 92.16781616210938 -140.3000030517578 99.55828094482422
endloop
endfacet
facet normal 0.17435788154917906 0.9284763457472732 0.3279192042706136
outer loop
vertex 92.16781616210938 -140.3000030517578 99.55828094482422
vertex 93.44766235351562 -139.60000610351562 96.89579010009766
vertex 90.52251434326172 -139.5 98.16796112060547
endloop
endfacet
facet normal -0.0 1.0 0.0
outer loop
vertex 89.10504150390625 -139.5 88.728515625
vertex 90.52251434326172 -139.5 98.16796112060547
vertex 93.33028411865234 -139.5 96.67504119873047
endloop
endfacet
facet normal -0.8829480479505127 -6.822313872649889e-06 0.46947070683252945
outer loop
vertex 90.04399108886719 -139.14999389648438 90.4944076538086
vertex 93.79975891113281 -139.5 97.55799102783203
vertex 92.8608169555664 -139.14999389648438 95.79209899902344
endloop
endfacet
facet normal -0.8829467455569675 5.651845575858126e-05 0.469473152923598
outer loop
vertex 90.04399108886719 -139.14999389648438 90.4944076538086
vertex 93.33028411865234 -139.5 96.67504119873047
vertex 93.79975891113281 -139.5 97.55799102783203
endloop
endfacet
facet normal 0.17435744849522478 0.9284767911083168 0.3279181735241855
outer loop
vertex 90.52251434326172 -139.5 98.16796112060547
vertex 93.44766235351562 -139.60000610351562 96.89579010009766
vertex 93.33028411865234 -139.5 96.67504119873047
endloop
endfacet
facet normal 0.0 -1.0 0.0
outer loop
vertex 91.10352325439453 -146.85000610351562 89.93104553222656
vertex 93.92035675048828 -146.85000610351562 95.22872924804688
vertex 92.8608169555664 -146.85000610351562 95.79209899902344
endloop
endfacet
facet normal 0.0 -0.9999999999999999 0.0
outer loop
vertex 90.16458129882812 -146.5 88.16514587402344
vertex 99.01647186279297 -146.5 93.65164947509766
vertex 94.38982391357422 -146.5 96.1116714477539
endloop
endfacet
facet normal 0.0 1.0 -0.0
outer loop
vertex 94.79122924804688 -139.5 85.70511627197266
vertex 90.16458129882812 -139.5 88.16514587402344
vertex 94.38982391357422 -139.5 96.1116714477539
endloop
endfacet
facet normal -0.0 1.0 0.0
outer loop
vertex 91.10352325439453 -139.14999389648438 89.93104553222656
vertex 92.8608169555664 -139.14999389648438 95.79209899902344
vertex 93.92035675048828 -139.14999389648438 95.22872924804688
endloop
endfacet
facet normal -0.0 -0.9999999999999999 0.0
outer loop
vertex 94.79122924804688 -146.5 85.70511627197266
vertex 99.01647186279297 -146.5 93.65164947509766
vertex 90.16458129882812 -146.5 88.16514587402344
endloop
endfacet
facet normal -0.8829477788366892 6.686702877069365e-06 0.46947121296480465
outer loop
vertex 94.79122924804688 -146.5 85.70511627197266
vertex 95.73017120361328 -146.85000610351562 87.47101593017578
vertex 99.01647186279297 -146.5 93.65164947509766
endloop
endfacet
facet normal -0.8829477788366892 -6.686702877069365e-06 0.46947121296480465
outer loop
vertex 94.79122924804688 -139.5 85.70511627197266
vertex 99.01647186279297 -139.5 93.65164947509766
vertex 95.73017120361328 -139.14999389648438 87.47101593017578
endloop
endfacet
facet normal -0.0 0.9999999999999999 -0.0
outer loop
vertex 94.79122924804688 -139.5 85.70511627197266
vertex 94.38982391357422 -139.5 96.1116714477539
vertex 99.01647186279297 -139.5 93.65164947509766
endloop
endfacet
facet normal 0.8829472406220256 3.0042942961104157e-06 -0.4694722252369413
outer loop
vertex 91.10352325439453 -146.85000610351562 89.93104553222656
vertex 94.85929870605469 -146.5 96.99462127685547
vertex 93.92035675048828 -146.85000610351562 95.22872924804688
endloop
endfacet
facet normal 0.8829467466444277 2.7038555659339156e-05 -0.46947315350181335
outer loop
vertex 91.10352325439453 -146.85000610351562 89.93104553222656
vertex 94.38982391357422 -146.5 96.1116714477539
vertex 94.85929870605469 -146.5 96.99462127685547
endloop
endfacet
facet normal 0.080929438318599 -0.9850299078863695 0.15220547487789815
outer loop
vertex 92.8608169555664 -146.85000610351562 95.79209899902344
vertex 93.92035675048828 -146.85000610351562 95.22872924804688
vertex 93.79975891113281 -146.5 97.55799102783203
endloop
endfacet
facet normal 0.080929438318599 -0.9850299078863695 0.15220547487789815
outer loop
vertex 93.92035675048828 -146.85000610351562 95.22872924804688
vertex 94.85929870605469 -146.5 96.99462127685547
vertex 93.79975891113281 -146.5 97.55799102783203
endloop
endfacet
facet normal 0.8829467465571588 -3.0475564770623384e-05 -0.46947315345541146
outer loop
vertex 94.38982391357422 -146.5 96.1116714477539
vertex 94.5072021484375 -146.39999389648438 96.3324203491211
vertex 94.85929870605469 -146.5 96.99462127685547
endloop
endfacet
facet normal -0.8829467465571588 3.0475564770623384e-05 0.46947315345541146
outer loop
vertex 93.33028411865234 -146.5 96.67504119873047
vertex 93.79975891113281 -146.5 97.55799102783203
vertex 93.44766235351562 -146.39999389648438 96.89579010009766
endloop
endfacet
facet normal 0.17435566529610635 0.9284770708596988 0.3279183295684249
outer loop
vertex 92.16781616210938 -140.3000030517578 99.55828094482422
vertex 94.5072021484375 -139.60000610351562 96.33242797851562
vertex 93.44766235351562 -139.60000610351562 96.89579010009766
endloop
endfacet
facet normal -0.8829486547680262 0.0 0.46946956561989506
outer loop
vertex 93.44766235351562 -146.39999389648438 96.89579010009766
vertex 93.79975891113281 -146.5 97.55799102783203
vertex 93.79975891113281 -146.39999389648438 97.55799102783203
endloop
endfacet
facet normal 0.0 0.9999999999999999 -0.0
outer loop
vertex 94.5072021484375 -146.39999389648438 96.3324203491211
vertex 93.44766235351562 -146.39999389648438 96.89579010009766
vertex 93.79975891113281 -146.39999389648438 97.55799102783203
endloop
endfacet
facet normal 0.46947315367342546 0.0 0.8829467469671817
outer loop
vertex 93.79975891113281 -146.5 97.55799102783203
vertex 94.85929870605469 -146.39999389648438 96.99462127685547
vertex 93.79975891113281 -146.39999389648438 97.55799102783203
endloop
endfacet
facet normal -0.0 0.9999999999999999 -0.0
outer loop
vertex 94.5072021484375 -146.39999389648438 96.3324203491211
vertex 93.79975891113281 -146.39999389648438 97.55799102783203
vertex 94.85929870605469 -146.39999389648438 96.99462127685547
endloop
endfacet
facet normal 0.46947315367342546 -0.0 0.8829467469671817
outer loop
vertex 93.79975891113281 -146.5 97.55799102783203
vertex 94.85929870605469 -146.5 96.99462127685547
vertex 94.85929870605469 -146.39999389648438 96.99462127685547
endloop
endfacet
facet normal 0.8829472406220256 -3.0042942961104157e-06 -0.4694722252369413
outer loop
vertex 91.10352325439453 -139.14999389648438 89.93104553222656
vertex 93.92035675048828 -139.14999389648438 95.22872924804688
vertex 94.85929870605469 -139.5 96.99462127685547
endloop
endfacet
facet normal 0.8829467466444277 -2.7038555659339156e-05 -0.46947315350181335
outer loop
vertex 91.10352325439453 -139.14999389648438 89.93104553222656
vertex 94.85929870605469 -139.5 96.99462127685547
vertex 94.38982391357422 -139.5 96.1116714477539
endloop
endfacet
facet normal 0.080929438318599 0.9850299078863695 0.15220547487789815
outer loop
vertex 92.8608169555664 -139.14999389648438 95.79209899902344
vertex 93.79975891113281 -139.5 97.55799102783203
vertex 93.92035675048828 -139.14999389648438 95.22872924804688
endloop
endfacet
facet normal 0.080929438318599 0.9850299078863695 0.15220547487789815
outer loop
vertex 93.92035675048828 -139.14999389648438 95.22872924804688
vertex 93.79975891113281 -139.5 97.55799102783203
vertex 94.85929870605469 -139.5 96.99462127685547
endloop
endfacet
facet normal 0.8829467469545917 -5.340208305888644e-06 -0.4694731536667312
outer loop
vertex 94.38982391357422 -139.5 96.1116714477539
vertex 94.85929870605469 -139.5 96.99462127685547
vertex 94.5072021484375 -139.60000610351562 96.33242797851562
endloop
endfacet
facet normal -0.8829467465571588 -3.0475564770623384e-05 0.46947315345541146
outer loop
vertex 93.33028411865234 -139.5 96.67504119873047
vertex 93.44766235351562 -139.60000610351562 96.89579010009766
vertex 93.79975891113281 -139.5 97.55799102783203
endloop
endfacet
facet normal -0.8829486547680262 0.0 0.46946956561989506
outer loop
vertex 93.44766235351562 -139.60000610351562 96.89579010009766
vertex 93.79975891113281 -139.60000610351562 97.55799102783203
vertex 93.79975891113281 -139.5 97.55799102783203
endloop
endfacet
facet normal 0.0 -0.9999999999999999 0.0
outer loop
vertex 93.44766235351562 -139.60000610351562 96.89579010009766
vertex 94.85929870605469 -139.60000610351562 96.99462127685547
vertex 93.79975891113281 -139.60000610351562 97.55799102783203
endloop
endfacet
facet normal -0.0 -1.0 0.0
outer loop
vertex 94.5072021484375 -139.60000610351562 96.33242797851562
vertex 94.85929870605469 -139.60000610351562 96.99462127685547
vertex 93.44766235351562 -139.60000610351562 96.89579010009766
endloop
endfacet
facet normal 0.46947315367342546 0.0 0.8829467469671817
outer loop
vertex 93.79975891113281 -139.60000610351562 97.55799102783203
vertex 94.85929870605469 -139.60000610351562 96.99462127685547
vertex 93.79975891113281 -139.5 97.55799102783203
endloop
endfacet
facet normal 0.46947315367342546 -0.0 0.8829467469671817
outer loop
vertex 93.79975891113281 -139.5 97.55799102783203
vertex 94.85929870605469 -139.60000610351562 96.99462127685547
vertex 94.85929870605469 -139.5 96.99462127685547
endloop
endfacet
facet normal 0.17435822730671688 0.9284760145050782 0.3279199583118188
outer loop
vertex 92.16781616210938 -140.3000030517578 99.55828094482422
vertex 99.13384246826172 -139.60000610351562 93.87239837646484
vertex 94.5072021484375 -139.60000610351562 96.33242797851562
endloop
endfacet
facet normal 0.17435689426846412 -0.9284767911052406 0.32791846822033505
outer loop
vertex 94.38982391357422 -146.5 96.1116714477539
vertex 99.13384246826172 -146.39999389648438 93.87239837646484
vertex 94.5072021484375 -146.39999389648438 96.3324203491211
endloop
endfacet
facet normal 0.1743577042577011 -0.9284765280774444 0.32791878228494087
outer loop
vertex 90.52251434326172 -146.5 98.16796112060547
vertex 93.44766235351562 -146.39999389648438 96.89579010009766
vertex 103.11636352539062 -145.6999969482422 93.73683166503906
endloop
endfacet
facet normal 0.8829486547680262 0.0 -0.46946956561989506
outer loop
vertex 94.5072021484375 -146.39999389648438 96.3324203491211
vertex 94.85929870605469 -146.39999389648438 96.99462127685547
vertex 94.85929870605469 -146.5 96.99462127685547
endloop
endfacet
facet normal 0.17435785196393971 -0.9284763400879451 0.3279192360252988
outer loop
vertex 90.52251434326172 -146.5 98.16796112060547
vertex 103.11636352539062 -145.6999969482422 93.73683166503906
vertex 92.16781616210938 -145.6999969482422 99.55828094482422
endloop
endfacet
facet normal 0.46947177552369906 0.0 0.8829474797441949
outer loop
vertex 92.16781616210938 -145.6999969482422 99.55828094482422
vertex 103.11636352539062 -145.6999969482422 93.73683166503906
vertex 92.16781616210938 -140.3000030517578 99.55828094482422
endloop
endfacet
facet normal 0.17435262035674978 0.9284802415550021 0.32791097086968624
outer loop
vertex 94.38982391357422 -139.5 96.1116714477539
vertex 94.5072021484375 -139.60000610351562 96.33242797851562
vertex 99.01647186279297 -139.5 93.65164947509766
endloop
endfacet
facet normal 0.8829464126602949 0.0 -0.46947378240996157
outer loop
vertex 94.5072021484375 -139.60000610351562 96.33242797851562
vertex 94.85929870605469 -139.5 96.99462127685547
vertex 94.85929870605469 -139.60000610351562 96.99462127685547
endloop
endfacet
facet normal 0.46947176101928756 0.0 0.8829474874563316
outer loop
vertex 98.1890640258789 -146.5 82.765869140625
vertex 101.7208480834961 -137.0 80.88798522949219
vertex 98.1890640258789 -139.5 82.765869140625
endloop
endfacet
facet normal 0.46947176101928756 -0.0 0.8829474874563317
outer loop
vertex 98.1890640258789 -146.5 82.765869140625
vertex 101.7208480834961 -149.0 80.88798522949219
vertex 101.7208480834961 -137.0 80.88798522949219
endloop
endfacet
facet normal 0.0 -1.0 0.0
outer loop
vertex 95.85076141357422 -146.5 85.14175415039062
vertex 98.1890640258789 -146.5 82.765869140625
vertex 102.88378143310547 -146.5 91.5953598022461
endloop
endfacet
facet normal 0.8829478438215704 0.0 -0.46947109079350113
outer loop
vertex 98.1890640258789 -146.5 82.765869140625
vertex 98.1890640258789 -139.5 82.765869140625
vertex 102.88378143310547 -139.5 91.5953598022461
endloop
endfacet
facet normal -0.0 1.0 0.0
outer loop
vertex 95.85076141357422 -139.5 85.14175415039062
vertex 102.88378143310547 -139.5 91.5953598022461
vertex 98.1890640258789 -139.5 82.765869140625
endloop
endfacet
facet normal 0.0 -1.0 0.0
outer loop
vertex 95.73017120361328 -146.85000610351562 87.47101593017578
vertex 96.78970336914062 -146.85000610351562 86.90764617919922
vertex 98.5469970703125 -146.85000610351562 92.7686996459961
endloop
endfacet
facet normal 0.8829475920174542 1.2726748943596342e-06 -0.4694715643667458
outer loop
vertex 95.85076141357422 -146.5 85.14175415039062
vertex 100.07600402832031 -146.5 93.0882797241211
vertex 96.78970336914062 -146.85000610351562 86.90764617919922
endloop
endfacet
facet normal 0.0 -1.0 0.0
outer loop
vertex 96.78970336914062 -146.85000610351562 86.90764617919922
vertex 99.60653686523438 -146.85000610351562 92.20532989501953
vertex 98.5469970703125 -146.85000610351562 92.7686996459961
endloop
endfacet
facet normal -0.8829477677090312 3.4111607661822576e-06 0.4694712339281318
outer loop
vertex 95.73017120361328 -146.85000610351562 87.47101593017578
vertex 98.5469970703125 -146.85000610351562 92.7686996459961
vertex 99.4859390258789 -146.5 94.53459167480469
endloop
endfacet
facet normal -0.8829482276566455 2.5818316105608085e-05 0.4694703681931411
outer loop
vertex 95.73017120361328 -146.85000610351562 87.47101593017578
vertex 99.4859390258789 -146.5 94.53459167480469
vertex 99.01647186279297 -146.5 93.65164947509766
endloop
endfacet
facet normal -0.0 1.0 0.0
outer loop
vertex 95.73017120361328 -139.14999389648438 87.47101593017578
vertex 98.5469970703125 -139.14999389648438 92.7686996459961
vertex 96.78970336914062 -139.14999389648438 86.90764617919922
endloop
endfacet
facet normal 0.8829475920174542 -1.2726748943596342e-06 -0.4694715643667458
outer loop
vertex 95.85076141357422 -139.5 85.14175415039062
vertex 96.78970336914062 -139.14999389648438 86.90764617919922
vertex 100.07600402832031 -139.5 93.0882797241211
endloop
endfacet
facet normal -0.0 1.0 0.0
outer loop
vertex 96.78970336914062 -139.14999389648438 86.90764617919922
vertex 98.5469970703125 -139.14999389648438 92.7686996459961
vertex 99.60653686523438 -139.14999389648438 92.20532989501953
endloop
endfacet
facet normal -0.8829477677090312 -3.4111607661822576e-06 0.4694712339281318
outer loop
vertex 95.73017120361328 -139.14999389648438 87.47101593017578
vertex 99.4859390258789 -139.5 94.53459167480469
vertex 98.5469970703125 -139.14999389648438 92.7686996459961
endloop
endfacet
facet normal -0.8829482276566455 -2.5818316105608085e-05 0.4694703681931411
outer loop
vertex 95.73017120361328 -139.14999389648438 87.47101593017578
vertex 99.01647186279297 -139.5 93.65164947509766
vertex 99.4859390258789 -139.5 94.53459167480469
endloop
endfacet
facet normal 0.0 -0.9999999999999999 0.0
outer loop
vertex 95.85076141357422 -146.5 85.14175415039062
vertex 102.88378143310547 -146.5 91.5953598022461
vertex 100.07600402832031 -146.5 93.0882797241211
endloop
endfacet
facet normal 0.8829472405486466 1.3237798201997388e-05 -0.4694722251979249
outer loop
vertex 96.78970336914062 -146.85000610351562 86.90764617919922
vertex 100.54547882080078 -146.5 93.97122955322266
vertex 99.60653686523438 -146.85000610351562 92.20532989501953
endloop
endfacet
facet normal 0.8829467463538834 3.727207978827699e-05 -0.46947315334732753
outer loop
vertex 96.78970336914062 -146.85000610351562 86.90764617919922
vertex 100.07600402832031 -146.5 93.0882797241211
vertex 100.54547882080078 -146.5 93.97122955322266
endloop
endfacet
facet normal 0.080929438318599 -0.9850299078863695 0.15220547487789815
outer loop
vertex 98.5469970703125 -146.85000610351562 92.7686996459961
vertex 99.60653686523438 -146.85000610351562 92.20532989501953
vertex 99.4859390258789 -146.5 94.53459167480469
endloop
endfacet
facet normal 0.0809283194120367 -0.9850300064767482 0.1522054317610272
outer loop
vertex 99.60653686523438 -146.85000610351562 92.20532989501953
vertex 100.54547882080078 -146.5 93.97122955322266
vertex 99.4859390258789 -146.5 94.53459167480469
endloop
endfacet
facet normal 0.8829467465571588 -3.0475564770623384e-05 -0.46947315345541146
outer loop
vertex 100.07600402832031 -146.5 93.0882797241211
vertex 100.1933822631836 -146.39999389648438 93.30902862548828
vertex 100.54547882080078 -146.5 93.97122955322266
endloop
endfacet
facet normal 0.8829486547680262 0.0 -0.46946956561989506
outer loop
vertex 100.1933822631836 -146.39999389648438 93.30902862548828
vertex 100.54547882080078 -146.39999389648438 93.97122955322266
vertex 100.54547882080078 -146.5 93.97122955322266
endloop
endfacet
facet normal 0.174358281653903 -0.92847641007568 0.32791880938987883
outer loop
vertex 100.1933822631836 -146.39999389648438 93.30902862548828
vertex 103.11636352539062 -145.6999969482422 93.73683166503906
vertex 99.13384246826172 -146.39999389648438 93.87239837646484
endloop
endfacet
facet normal -0.0 0.9999999999999999 0.0
outer loop
vertex 95.85076141357422 -139.5 85.14175415039062
vertex 100.07600402832031 -139.5 93.0882797241211
vertex 102.88378143310547 -139.5 91.5953598022461
endloop
endfacet
facet normal 0.8829472405486466 -1.3237798201997388e-05 -0.4694722251979249
outer loop
vertex 96.78970336914062 -139.14999389648438 86.90764617919922
vertex 99.60653686523438 -139.14999389648438 92.20532989501953
vertex 100.54547882080078 -139.5 93.97122955322266
endloop
endfacet
facet normal 0.8829467463538834 -3.727207978827699e-05 -0.46947315334732753
outer loop
vertex 96.78970336914062 -139.14999389648438 86.90764617919922
vertex 100.54547882080078 -139.5 93.97122955322266
vertex 100.07600402832031 -139.5 93.0882797241211
endloop
endfacet
facet normal 0.080929438318599 0.9850299078863695 0.15220547487789815
outer loop
vertex 98.5469970703125 -139.14999389648438 92.7686996459961
vertex 99.4859390258789 -139.5 94.53459167480469
vertex 99.60653686523438 -139.14999389648438 92.20532989501953
endloop
endfacet
facet normal 0.0809283194120367 0.9850300064767482 0.1522054317610272
outer loop
vertex 99.60653686523438 -139.14999389648438 92.20532989501953
vertex 99.4859390258789 -139.5 94.53459167480469
vertex 100.54547882080078 -139.5 93.97122955322266
endloop
endfacet
facet normal -0.0 -0.9999999999999999 0.0
outer loop
vertex 100.1933822631836 -139.60000610351562 93.30902862548828
vertex 100.54547882080078 -139.60000610351562 93.97122955322266
vertex 99.13384246826172 -139.60000610351562 93.87239837646484
endloop
endfacet
facet normal 0.8829467465571588 3.0475564770623384e-05 -0.46947315345541146
outer loop
vertex 100.07600402832031 -139.5 93.0882797241211
vertex 100.54547882080078 -139.5 93.97122955322266
vertex 100.1933822631836 -139.60000610351562 93.30902862548828
endloop
endfacet
facet normal 0.8829486547680262 0.0 -0.46946956561989506
outer loop
vertex 100.1933822631836 -139.60000610351562 93.30902862548828
vertex 100.54547882080078 -139.5 93.97122955322266
vertex 100.54547882080078 -139.60000610351562 93.97122955322266
endloop
endfacet
facet normal 0.17435882348306547 -0.9284749563763252 0.32792263730273696
outer loop
vertex 94.38982391357422 -146.5 96.1116714477539
vertex 99.01647186279297 -146.5 93.65164947509766
vertex 99.13384246826172 -146.39999389648438 93.87239837646484
endloop
endfacet
facet normal 0.17435699126322343 -0.9284775095106189 0.327916382528526
outer loop
vertex 94.5072021484375 -146.39999389648438 96.3324203491211
vertex 103.11636352539062 -145.6999969482422 93.73683166503906
vertex 93.44766235351562 -146.39999389648438 96.89579010009766
endloop
endfacet
facet normal 0.1743599440567621 0.9284749936660864 0.327921935901342
outer loop
vertex 92.16781616210938 -140.3000030517578 99.55828094482422
vertex 100.1933822631836 -139.60000610351562 93.30902862548828
vertex 99.13384246826172 -139.60000610351562 93.87239837646484
endloop
endfacet
facet normal 0.17435735037722064 0.9284765938472811 0.327918784224366
outer loop
vertex 92.16781616210938 -140.3000030517578 99.55828094482422
vertex 102.88378143310547 -139.5 91.5953598022461
vertex 100.1933822631836 -139.60000610351562 93.30902862548828
endloop
endfacet
facet normal 0.1743594692025474 0.9284749563732516 0.32792229397693345
outer loop
vertex 94.5072021484375 -139.60000610351562 96.33242797851562
vertex 99.13384246826172 -139.60000610351562 93.87239837646484
vertex 99.01647186279297 -139.5 93.65164947509766
endloop
endfacet
facet normal -0.8829482275797103 -2.8997484778498198e-05 0.46947036815223403
outer loop
vertex 99.01647186279297 -146.5 93.65164947509766
vertex 99.4859390258789 -146.5 94.53459167480469
vertex 99.13384246826172 -146.39999389648438 93.87239837646484
endloop
endfacet
facet normal -0.8829464126602949 0.0 0.46947378240996157
outer loop
vertex 99.13384246826172 -146.39999389648438 93.87239837646484
vertex 99.4859390258789 -146.5 94.53459167480469
vertex 99.4859390258789 -146.39999389648438 94.53459167480469
endloop
endfacet
facet normal 0.17435822308357585 -0.9284756589194272 0.32792096736450604
outer loop
vertex 94.5072021484375 -146.39999389648438 96.3324203491211
vertex 99.13384246826172 -146.39999389648438 93.87239837646484
vertex 103.11636352539062 -145.6999969482422 93.73683166503906
endloop
endfacet
facet normal 0.0 1.0 -0.0
outer loop
vertex 100.1933822631836 -146.39999389648438 93.30902862548828
vertex 99.13384246826172 -146.39999389648438 93.87239837646484
vertex 99.4859390258789 -146.39999389648438 94.53459167480469
endloop
endfacet
facet normal 0.4694681971372784 0.0 0.8829493823978097
outer loop
vertex 99.4859390258789 -146.5 94.53459167480469
vertex 100.54547882080078 -146.39999389648438 93.97122955322266
vertex 99.4859390258789 -146.39999389648438 94.53459167480469
endloop
endfacet
facet normal 0.17435817054145258 0.928476068652055 0.3279198351821103
outer loop
vertex 92.16781616210938 -140.3000030517578 99.55828094482422
vertex 103.11636352539062 -140.3000030517578 93.73683166503906
vertex 102.88378143310547 -139.5 91.5953598022461
endloop
endfacet
facet normal 0.46947177552369906 -0.0 0.8829474797441949
outer loop
vertex 92.16781616210938 -140.3000030517578 99.55828094482422
vertex 103.11636352539062 -145.6999969482422 93.73683166503906
vertex 103.11636352539062 -140.3000030517578 93.73683166503906
endloop
endfacet
facet normal -0.0 1.0 -0.0
outer loop
vertex 100.1933822631836 -146.39999389648438 93.30902862548828
vertex 99.4859390258789 -146.39999389648438 94.53459167480469
vertex 100.54547882080078 -146.39999389648438 93.97122955322266
endloop
endfacet
facet normal 0.4694681971372784 -0.0 0.8829493823978097
outer loop
vertex 99.4859390258789 -146.5 94.53459167480469
vertex 100.54547882080078 -146.5 93.97122955322266
vertex 100.54547882080078 -146.39999389648438 93.97122955322266
endloop
endfacet
facet normal -0.8829482275797103 2.8997484778498198e-05 0.46947036815223403
outer loop
vertex 99.01647186279297 -139.5 93.65164947509766
vertex 99.13384246826172 -139.60000610351562 93.87239837646484
vertex 99.4859390258789 -139.5 94.53459167480469
endloop
endfacet
facet normal -0.8829464126602949 0.0 0.46947378240996157
outer loop
vertex 99.13384246826172 -139.60000610351562 93.87239837646484
vertex 99.4859390258789 -139.60000610351562 94.53459167480469
vertex 99.4859390258789 -139.5 94.53459167480469
endloop
endfacet
facet normal 0.0 -1.0 0.0
outer loop
vertex 99.13384246826172 -139.60000610351562 93.87239837646484
vertex 100.54547882080078 -139.60000610351562 93.97122955322266
vertex 99.4859390258789 -139.60000610351562 94.53459167480469
endloop
endfacet
facet normal 0.4694681971372784 0.0 0.8829493823978097
outer loop
vertex 99.4859390258789 -139.60000610351562 94.53459167480469
vertex 100.54547882080078 -139.60000610351562 93.97122955322266
vertex 99.4859390258789 -139.5 94.53459167480469
endloop
endfacet
facet normal 0.4694681971372784 -0.0 0.8829493823978097
outer loop
vertex 99.4859390258789 -139.5 94.53459167480469
vertex 100.54547882080078 -139.60000610351562 93.97122955322266
vertex 100.54547882080078 -139.5 93.97122955322266
endloop
endfacet
facet normal 0.8829478438215704 0.0 -0.46947109079350113
outer loop
vertex 98.1890640258789 -146.5 82.765869140625
vertex 102.88378143310547 -139.5 91.5953598022461
vertex 102.88378143310547 -146.5 91.5953598022461
endloop
endfacet
facet normal 0.17435707914779072 -0.9284767911063075 0.3279183699154185
outer loop
vertex 100.07600402832031 -146.5 93.0882797241211
vertex 102.88378143310547 -146.5 91.5953598022461
vertex 100.1933822631836 -146.39999389648438 93.30902862548828
endloop
endfacet
facet normal 0.17435805077436176 -0.9284760844629034 0.32791985409639457
outer loop
vertex 100.1933822631836 -146.39999389648438 93.30902862548828
vertex 102.88378143310547 -146.5 91.5953598022461
vertex 103.11636352539062 -145.6999969482422 93.73683166503906
endloop
endfacet
facet normal 0.994153764827807 0.0 -0.1079735702785512
outer loop
vertex 102.88378143310547 -146.5 91.5953598022461
vertex 102.88378143310547 -139.5 91.5953598022461
vertex 103.11636352539062 -145.6999969482422 93.73683166503906
endloop
endfacet
facet normal 0.994153764827807 0.0 -0.1079735702785512
outer loop
vertex 102.88378143310547 -139.5 91.5953598022461
vertex 103.11636352539062 -140.3000030517578 93.73683166503906
vertex 103.11636352539062 -145.6999969482422 93.73683166503906
endloop
endfacet
facet normal 0.17435707914779072 0.9284767911063075 0.3279183699154185
outer loop
vertex 100.07600402832031 -139.5 93.0882797241211
vertex 100.1933822631836 -139.60000610351562 93.30902862548828
vertex 102.88378143310547 -139.5 91.5953598022461
endloop
endfacet
facet normal 0.0 -1.0 0.0
outer loop
vertex 86.52172088623047 -5.0 51.646934509277344
vertex 94.67095184326172 -5.0 66.9734115600586
vertex 87.75910186767578 -5.0 71.01453399658203
endloop
endfacet
facet normal 0.8829476273660181 0.0 -0.46947149788748566
outer loop
vertex 86.52172088623047 -5.0 51.646934509277344
vertex 94.67095184326172 5.0 66.9734115600586
vertex 94.67095184326172 -5.0 66.9734115600586
endloop
endfacet
facet normal 0.0 0.0 -1.0
outer loop
vertex 78.69853973388672 -5.0 71.01453399658203
vertex 87.75910186767578 -5.0 71.01453399658203
vertex 100.94935607910156 -7.0 71.01453399658203
endloop
endfacet
facet normal 0.0 -1.0 0.0
outer loop
vertex 87.75910186767578 -5.0 71.01453399658203
vertex 94.67095184326172 -5.0 66.9734115600586
vertex 96.81965637207031 -5.0 71.01453399658203
endloop
endfacet
facet normal 0.8829474466079779 0.0 -0.469471837843818
outer loop
vertex 94.67095184326172 -5.0 66.9734115600586
vertex 96.81965637207031 5.0 71.01453399658203
vertex 96.81965637207031 -5.0 71.01453399658203
endloop
endfacet
facet normal 0.0 0.0 -1.0
outer loop
vertex 87.75910186767578 -5.0 71.01453399658203
vertex 96.81965637207031 -5.0 71.01453399658203
vertex 100.94935607910156 -7.0 71.01453399658203
endloop
endfacet
facet normal 0.0 0.0 -1.0
outer loop
vertex 96.81965637207031 -5.0 71.01453399658203
vertex 96.81965637207031 5.0 71.01453399658203
vertex 100.94935607910156 -7.0 71.01453399658203
endloop
endfacet
facet normal 0.8829475376743839 0.0 -0.46947166657290657
outer loop
vertex 100.94935607910156 -7.0 71.01453399658203
vertex 100.94935607910156 5.0 71.01453399658203
vertex 105.21212768554688 -5.182959079742432 79.0316390991211
endloop
endfacet
facet normal 0.8829475376682608 3.7241872503046574e-06 -0.46947166656965084
outer loop
vertex 100.94935607910156 -7.0 71.01453399658203
vertex 105.21212005615234 -5.191187858581543 79.0316390991211
vertex 105.21212768554688 -7.0 79.0316390991211
endloop
endfacet
facet normal 0.8830241462667274 -0.0008187046613123741 -0.4693268443553968
outer loop
vertex 100.94935607910156 -7.0 71.01453399658203
vertex 105.21212768554688 -5.182959079742432 79.0316390991211
vertex 105.21212005615234 -5.191187858581543 79.0316390991211
endloop
endfacet
facet normal -0.9992959131709299 0.0 0.037519034101071935
outer loop
vertex 89.85504150390625 -11.0 85.00225067138672
vertex 89.93583679199219 -11.0 87.15418243408203
vertex 89.93583679199219 -7.0 87.15418243408203
endloop
endfacet
facet normal -0.9992959131709299 0.0 0.037519034101071935
outer loop
vertex 89.85504150390625 -11.0 85.00225067138672
vertex 89.93583679199219 -7.0 87.15418243408203
vertex 89.85504150390625 -7.0 85.00225067138672
endloop
endfacet
facet normal 0.4694710114301797 0.0 0.882947886019738
outer loop
vertex 89.93583679199219 -11.0 87.15418243408203
vertex 90.95578002929688 -2.5 86.61186981201172
vertex 89.93583679199219 -7.0 87.15418243408203
endloop
endfacet
facet normal 0.4694710114301797 -0.0 0.882947886019738
outer loop
vertex 89.93583679199219 -7.0 87.15418243408203
vertex 90.95578002929688 -2.5 86.61186981201172
vertex 90.95578002929688 2.5 86.61186981201172
endloop
endfacet
facet normal 0.3510929632912581 -0.9362478129848578 -0.013181950099817851
outer loop
vertex 89.85504150390625 -11.0 85.00225067138672
vertex 100.38704681396484 -7.0 81.41565704345703
vertex 89.93583679199219 -11.0 87.15418243408203
endloop
endfacet
facet normal -0.32236287660062435 0.0 -0.9466161713122013
outer loop
vertex 89.85504150390625 -11.0 85.00225067138672
vertex 89.85504150390625 -7.0 85.00225067138672
vertex 100.38704681396484 -7.0 81.41565704345703
endloop
endfacet
facet normal 0.46947169919049075 -1.0585811018651281e-07 0.8829475203312948
outer loop
vertex 89.93583679199219 -11.0 87.15418243408203
vertex 100.39373016357422 -7.0 81.59362030029297
vertex 90.95578002929688 -2.5 86.61186981201172
endloop
endfacet
facet normal 0.0 -1.0 0.0
outer loop
vertex 90.95578002929688 -2.5 86.61186981201172
vertex 94.10059356689453 -2.5 86.07233428955078
vertex 93.04105377197266 -2.5 86.63570404052734
endloop
endfacet
facet normal 0.0 -1.0 0.0
outer loop
vertex 90.95578002929688 -2.5 86.61186981201172
vertex 96.69645690917969 -2.5 84.69209289550781
vertex 94.10059356689453 -2.5 86.07233428955078
endloop
endfacet
facet normal -0.08092804758634004 -0.985030426298633 -0.15220285930230165
outer loop
vertex 93.04105377197266 -2.5 86.63570404052734
vertex 94.10059356689453 -2.5 86.07233428955078
vertex 93.97999572753906 -2.8499999046325684 88.40159606933594
endloop
endfacet
facet normal -0.08092692869872722 -0.9850305248856753 -0.1522028161856481
outer loop
vertex 94.10059356689453 -2.5 86.07233428955078
vertex 95.03953552246094 -2.8499999046325684 87.8382339477539
vertex 93.97999572753906 -2.8499999046325684 88.40159606933594
endloop
endfacet
facet normal 0.0 -0.9999999999999999 0.0
outer loop
vertex 90.95578002929688 -2.5 86.61186981201172
vertex 97.75599670410156 -2.5 84.12872314453125
vertex 96.69645690917969 -2.5 84.69209289550781
endloop
endfacet
facet normal 0.0 -1.0 0.0
outer loop
vertex 90.95578002929688 -2.5 86.61186981201172
vertex 98.90230560302734 -2.5 82.38662719726562
vertex 97.75599670410156 -2.5 84.12872314453125
endloop
endfacet
facet normal -0.8829475275694132 0.0 0.46947168557758684
outer loop
vertex 90.95578002929688 -2.5 86.61186981201172
vertex 95.65050506591797 -2.5 95.44136047363281
vertex 90.95578002929688 2.5 86.61186981201172
endloop
endfacet
facet normal 0.0 -1.0 0.0
outer loop
vertex 90.95578002929688 -2.5 86.61186981201172
vertex 93.04105377197266 -2.5 86.63570404052734
vertex 97.26629638671875 -2.5 94.58222961425781
endloop
endfacet
facet normal 0.0 -1.0 0.0
outer loop
vertex 90.95578002929688 -2.5 86.61186981201172
vertex 97.26629638671875 -2.5 94.58222961425781
vertex 95.65050506591797 -2.5 95.44136047363281
endloop
endfacet
facet normal -0.8829475920174541 -1.272697434831031e-06 0.46947156436674575
outer loop
vertex 93.04105377197266 -2.5 86.63570404052734
vertex 93.97999572753906 -2.8499999046325684 88.40159606933594
vertex 97.26629638671875 -2.5 94.58222961425781
endloop
endfacet
facet normal -0.0 -1.0 0.0
outer loop
vertex 95.03953552246094 -2.8499999046325684 87.8382339477539
vertex 96.79682922363281 -2.8499999046325684 93.69927978515625
vertex 93.97999572753906 -2.8499999046325684 88.40159606933594
endloop
endfacet
facet normal 0.8829475919827192 -8.96097331257624e-06 -0.4694715643482769
outer loop
vertex 94.10059356689453 -2.5 86.07233428955078
vertex 98.32583618164062 -2.5 94.01885986328125
vertex 95.03953552246094 -2.8499999046325684 87.8382339477539
endloop
endfacet
facet normal 0.0 -1.0 0.0
outer loop
vertex 95.03953552246094 -2.8499999046325684 87.8382339477539
vertex 97.85636138916016 -2.8499999046325684 93.13591766357422
vertex 96.79682922363281 -2.8499999046325684 93.69927978515625
endloop
endfacet
facet normal -0.8829472405486439 -1.3238032657955465e-05 0.4694722251979235
outer loop
vertex 93.97999572753906 -2.8499999046325684 88.40159606933594
vertex 96.79682922363281 -2.8499999046325684 93.69927978515625
vertex 97.73577117919922 -2.5 95.46517944335938
endloop
endfacet
facet normal -0.8829467463538615 -3.727273991778132e-05 0.4694731533473159
outer loop
vertex 93.97999572753906 -2.8499999046325684 88.40159606933594
vertex 97.73577117919922 -2.5 95.46517944335938
vertex 97.26629638671875 -2.5 94.58222961425781
endloop
endfacet
facet normal 0.0 -1.0 0.0
outer loop
vertex 100.94935607910156 -7.0 71.01453399658203
vertex 100.38704681396484 -7.0 81.41565704345703
vertex 89.85504150390625 -7.0 85.00225067138672
endloop
endfacet
facet normal 0.469472666551267 -0.0 0.8829470059755812
outer loop
vertex 100.39373016357422 -7.0 81.59362030029297
vertex 100.39373016357422 7.0 81.59362030029297
vertex 98.90230560302734 -2.5 82.38662719726562
endloop
endfacet
facet normal 0.35109142668557797 -0.9362483445861675 -0.013185119170735072
outer loop
vertex 89.93583679199219 -11.0 87.15418243408203
vertex 100.38704681396484 -7.0 81.41565704345703
vertex 100.39373016357422 -7.0 81.59362030029297
endloop
endfacet
facet normal 0.4694715643670745 -4.6856895831677947e-07 0.8829475920180724
outer loop
vertex 90.95578002929688 -2.5 86.61186981201172
vertex 100.39373016357422 -7.0 81.59362030029297
vertex 98.90230560302734 -2.5 82.38662719726562
endloop
endfacet
facet normal -0.08092804758634004 -0.985030426298633 -0.15220285930230165
outer loop
vertex 96.69645690917969 -2.5 84.69209289550781
vertex 97.75599670410156 -2.5 84.12872314453125
vertex 97.6353988647461 -2.8499999046325684 86.4579849243164
endloop
endfacet
facet normal 0.0 -0.9999999999999999 0.0
outer loop
vertex 94.10059356689453 -2.5 86.07233428955078
vertex 96.69645690917969 -2.5 84.69209289550781
vertex 100.92169952392578 -2.5 92.63861846923828
endloop
endfacet
facet normal -0.08092804758634004 -0.985030426298633 -0.15220285930230165
outer loop
vertex 97.75599670410156 -2.5 84.12872314453125
vertex 98.69493865966797 -2.8499999046325684 85.89461517333984
vertex 97.6353988647461 -2.8499999046325684 86.4579849243164
endloop
endfacet
facet normal -0.8829475920174541 -1.272697434831031e-06 0.46947156436674575
outer loop
vertex 96.69645690917969 -2.5 84.69209289550781
vertex 97.6353988647461 -2.8499999046325684 86.4579849243164
vertex 100.92169952392578 -2.5 92.63861846923828
endloop
endfacet
facet normal 0.8829475920174541 1.272697434831031e-06 -0.46947156436674575
outer loop
vertex 97.75599670410156 -2.5 84.12872314453125
vertex 101.98123931884766 -2.5 92.07524871826172
vertex 98.69493865966797 -2.8499999046325684 85.89461517333984
endloop
endfacet
facet normal 0.0 -1.0 0.0
outer loop
vertex 97.75599670410156 -2.5 84.12872314453125
vertex 98.90230560302734 -2.5 82.38662719726562
vertex 103.59703063964844 -2.5 91.21611785888672
endloop
endfacet
facet normal 0.0 -0.9999999999999999 0.0
outer loop
vertex 100.94935607910156 -7.0 71.01453399658203
vertex 105.21212768554688 -7.0 79.0316390991211
vertex 100.38704681396484 -7.0 81.41565704345703
endloop
endfacet
facet normal 0.0 -1.0 0.0
outer loop
vertex 100.38704681396484 -7.0 81.41565704345703
vertex 105.21212768554688 -7.0 79.0316390991211
vertex 100.39373016357422 -7.0 81.59362030029297
endloop
endfacet
facet normal 0.469470676104538 1.980181870100341e-06 0.8829480643129735
outer loop
vertex 100.39373016357422 -7.0 81.59362030029297
vertex 105.21212768554688 -7.0 79.0316390991211
vertex 105.21212005615234 -5.191187858581543 79.0316390991211
endloop
endfacet
facet normal 0.46959862783288886 -0.0004353930605160933 0.8828799120890397
outer loop
vertex 100.39373016357422 -7.0 81.59362030029297
vertex 105.21212005615234 -5.191187858581543 79.0316390991211
vertex 105.21212768554688 -5.182959079742432 79.0316390991211
endloop
endfacet
facet normal 0.46947067610545845 -0.0 0.8829480643147045
outer loop
vertex 100.39373016357422 -7.0 81.59362030029297
vertex 105.21212768554688 -5.182959079742432 79.0316390991211
vertex 105.21212768554688 5.182959079742432 79.0316390991211
endloop
endfacet
facet normal 0.0 -0.9999999999999999 0.0
outer loop
vertex 94.10059356689453 -2.5 86.07233428955078
vertex 100.92169952392578 -2.5 92.63861846923828
vertex 98.32583618164062 -2.5 94.01885986328125
endloop
endfacet
facet normal 0.882947767709031 -3.4112211815892246e-06 -0.46947123392813167
outer loop
vertex 95.03953552246094 -2.8499999046325684 87.8382339477539
vertex 98.79530334472656 -2.5 94.90180969238281
vertex 97.85636138916016 -2.8499999046325684 93.13591766357422
endloop
endfacet
facet normal 0.8829499043628417 -0.00010768786997893243 -0.46946720310259316
outer loop
vertex 95.03953552246094 -2.8499999046325684 87.8382339477539
vertex 98.32583618164062 -2.5 94.01885986328125
vertex 98.79530334472656 -2.5 94.90180969238281
endloop
endfacet
facet normal 0.0 -1.0 0.0
outer loop
vertex 97.6353988647461 -2.8499999046325684 86.4579849243164
vertex 98.69493865966797 -2.8499999046325684 85.89461517333984
vertex 100.45223236083984 -2.8499999046325684 91.75566864013672
endloop
endfacet
facet normal -0.8829472405486439 -1.3238032657955465e-05 0.4694722251979235
outer loop
vertex 97.6353988647461 -2.8499999046325684 86.4579849243164
vertex 100.45223236083984 -2.8499999046325684 91.75566864013672
vertex 101.39117431640625 -2.5 93.52156829833984
endloop
endfacet
facet normal 0.0 -1.0 0.0
outer loop
vertex 98.69493865966797 -2.8499999046325684 85.89461517333984
vertex 101.51176452636719 -2.8499999046325684 91.19230651855469
vertex 100.45223236083984 -2.8499999046325684 91.75566864013672
endloop
endfacet
facet normal -0.8829467463538615 -3.727273991778132e-05 0.4694731533473159
outer loop
vertex 97.6353988647461 -2.8499999046325684 86.4579849243164
vertex 101.39117431640625 -2.5 93.52156829833984
vertex 100.92169952392578 -2.5 92.63861846923828
endloop
endfacet
facet normal 0.8829480479505122 -6.822434703328157e-06 -0.4694707068325291
outer loop
vertex 98.69493865966797 -2.8499999046325684 85.89461517333984
vertex 102.4507064819336 -2.5 92.95819854736328
vertex 101.51176452636719 -2.8499999046325684 91.19230651855469
endloop
endfacet
facet normal 0.17435627778874463 -0.9284776093356362 0.3279164792413395
outer loop
vertex 98.32583618164062 -2.5 94.01885986328125
vertex 101.03907012939453 -2.4000000953674316 92.8593521118164
vertex 98.44319915771484 -2.4000000953674316 94.2396011352539
endloop
endfacet
facet normal 0.17435782256749488 -0.9284759933649775 0.32792023337153237
outer loop
vertex 100.92169952392578 -2.5 92.63861846923828
vertex 101.03907012939453 -2.4000000953674316 92.8593521118164
vertex 98.32583618164062 -2.5 94.01885986328125
endloop
endfacet
facet normal 0.1743580809294596 -0.928475993366632 0.3279200959935848
outer loop
vertex 95.65050506591797 -2.5 95.44136047363281
vertex 97.26629638671875 -2.5 94.58222961425781
vertex 97.3836669921875 -2.4000000953674316 94.80296325683594
endloop
endfacet
facet normal 0.08092738299523489 -0.985030524885741 0.152202574632836
outer loop
vertex 96.79682922363281 -2.8499999046325684 93.69927978515625
vertex 97.85636138916016 -2.8499999046325684 93.13591766357422
vertex 97.73577117919922 -2.5 95.46517944335938
endloop
endfacet
facet normal -0.8829467464340784 3.474988538185661e-05 0.4694731533899682
outer loop
vertex 97.26629638671875 -2.5 94.58222961425781
vertex 97.73577117919922 -2.5 95.46517944335938
vertex 97.3836669921875 -2.4000000953674316 94.80296325683594
endloop
endfacet
facet normal -0.6454392678891967 0.0 0.7638115942211519
outer loop
vertex 95.65050506591797 -2.5 95.44136047363281
vertex 97.29580688476562 -1.7000000476837158 96.83168029785156
vertex 97.29580688476562 1.7000000476837158 96.83168029785156
endloop
endfacet
facet normal -0.8829489221593041 0.0 0.4694690627269527
outer loop
vertex 97.3836669921875 -2.4000000953674316 94.80296325683594
vertex 97.73577117919922 -2.5 95.46517944335938
vertex 97.73577117919922 -2.4000000953674316 95.46517944335938
endloop
endfacet
facet normal 0.08092850188731271 -0.9850304262983649 0.1522026177460057
outer loop
vertex 97.85636138916016 -2.8499999046325684 93.13591766357422
vertex 98.79530334472656 -2.5 94.90180969238281
vertex 97.73577117919922 -2.5 95.46517944335938
endloop
endfacet
facet normal -0.0 0.9999999999999999 0.0
outer loop
vertex 97.3836669921875 -2.4000000953674316 94.80296325683594
vertex 97.73577117919922 -2.4000000953674316 95.46517944335938
vertex 98.44319915771484 -2.4000000953674316 94.2396011352539
endloop
endfacet
facet normal 0.0 1.0 0.0
outer loop
vertex 97.73577117919922 -2.4000000953674316 95.46517944335938
vertex 98.79530334472656 -2.4000000953674316 94.90180969238281
vertex 98.44319915771484 -2.4000000953674316 94.2396011352539
endloop
endfacet
facet normal 0.8829499083074558 5.1590667849506714e-05 -0.46946720519995666
outer loop
vertex 98.32583618164062 -2.5 94.01885986328125
vertex 98.44319915771484 -2.4000000953674316 94.2396011352539
vertex 98.79530334472656 -2.5 94.90180969238281
endloop
endfacet
facet normal 0.4694757891228022 -0.0 0.882945345662755
outer loop
vertex 97.73577117919922 -2.5 95.46517944335938
vertex 98.79530334472656 -2.5 94.90180969238281
vertex 98.79530334472656 -2.4000000953674316 94.90180969238281
endloop
endfacet
facet normal 0.8829466801073607 0.0 -0.46947327941789235
outer loop
vertex 98.44319915771484 -2.4000000953674316 94.2396011352539
vertex 98.79530334472656 -2.4000000953674316 94.90180969238281
vertex 98.79530334472656 -2.5 94.90180969238281
endloop
endfacet
facet normal 0.4694757891228022 0.0 0.882945345662755
outer loop
vertex 97.73577117919922 -2.5 95.46517944335938
vertex 98.79530334472656 -2.4000000953674316 94.90180969238281
vertex 97.73577117919922 -2.4000000953674316 95.46517944335938
endloop
endfacet
facet normal 0.1743568567023313 -0.9284774792972847 0.32791653962348843
outer loop
vertex 95.65050506591797 -2.5 95.44136047363281
vertex 97.3836669921875 -2.4000000953674316 94.80296325683594
vertex 103.82962036132812 -1.7000000476837158 93.35758972167969
endloop
endfacet
facet normal 0.17435721551844943 -0.9284768259029405 0.3279181988817542
outer loop
vertex 95.65050506591797 -2.5 95.44136047363281
vertex 103.82962036132812 -1.7000000476837158 93.35758972167969
vertex 97.29580688476562 -1.7000000476837158 96.83168029785156
endloop
endfacet
facet normal 0.17435731928737172 -0.9284764955596806 0.3279190790486823
outer loop
vertex 97.3836669921875 -2.4000000953674316 94.80296325683594
vertex 98.44319915771484 -2.4000000953674316 94.2396011352539
vertex 103.82962036132812 -1.7000000476837158 93.35758972167969
endloop
endfacet
facet normal 0.4694715971267608 0.0 0.8829475745995615
outer loop
vertex 97.29580688476562 -1.7000000476837158 96.83168029785156
vertex 103.82962036132812 -1.7000000476837158 93.35758972167969
vertex 97.29580688476562 1.7000000476837158 96.83168029785156
endloop
endfacet
facet normal 0.0 -1.0 0.0
outer loop
vertex 97.75599670410156 -2.5 84.12872314453125
vertex 103.59703063964844 -2.5 91.21611785888672
vertex 101.98123931884766 -2.5 92.07524871826172
endloop
endfacet
facet normal 0.8829475275694132 0.0 -0.46947168557758684
outer loop
vertex 98.90230560302734 -2.5 82.38662719726562
vertex 103.59703063964844 2.5 91.21611785888672
vertex 103.59703063964844 -2.5 91.21611785888672
endloop
endfacet
facet normal 0.8829499052896467 -9.74542944015072e-05 -0.46946720359537825
outer loop
vertex 98.69493865966797 -2.8499999046325684 85.89461517333984
vertex 101.98123931884766 -2.5 92.07524871826172
vertex 102.4507064819336 -2.5 92.95819854736328
endloop
endfacet
facet normal 0.08092738299523489 -0.985030524885741 0.152202574632836
outer loop
vertex 100.45223236083984 -2.8499999046325684 91.75566864013672
vertex 101.51176452636719 -2.8499999046325684 91.19230651855469
vertex 101.39117431640625 -2.5 93.52156829833984
endloop
endfacet
facet normal -0.8829467464340784 3.474988538185661e-05 0.4694731533899682
outer loop
vertex 100.92169952392578 -2.5 92.63861846923828
vertex 101.39117431640625 -2.5 93.52156829833984
vertex 101.03907012939453 -2.4000000953674316 92.8593521118164
endloop
endfacet
facet normal -0.8829489221593041 0.0 0.4694690627269527
outer loop
vertex 101.03907012939453 -2.4000000953674316 92.8593521118164
vertex 101.39117431640625 -2.5 93.52156829833984
vertex 101.39117431640625 -2.4000000953674316 93.52156829833984
endloop
endfacet
facet normal 0.17435722518063704 -0.9284768021403226 0.3279182610264163
outer loop
vertex 98.44319915771484 -2.4000000953674316 94.2396011352539
vertex 101.03907012939453 -2.4000000953674316 92.8593521118164
vertex 103.82962036132812 -1.7000000476837158 93.35758972167969
endloop
endfacet
facet normal -0.0 0.9999999999999999 0.0
outer loop
vertex 101.03907012939453 -2.4000000953674316 92.8593521118164
vertex 101.39117431640625 -2.4000000953674316 93.52156829833984
vertex 102.09860229492188 -2.4000000953674316 92.29598999023438
endloop
endfacet
facet normal 0.08092850188731271 -0.9850304262983649 0.1522026177460057
outer loop
vertex 101.51176452636719 -2.8499999046325684 91.19230651855469
vertex 102.4507064819336 -2.5 92.95819854736328
vertex 101.39117431640625 -2.5 93.52156829833984
endloop
endfacet
facet normal 0.0 1.0 0.0
outer loop
vertex 101.39117431640625 -2.4000000953674316 93.52156829833984
vertex 102.4507064819336 -2.4000000953674316 92.95819854736328
vertex 102.09860229492188 -2.4000000953674316 92.29598999023438
endloop
endfacet
facet normal 0.4694757891228022 0.0 0.882945345662755
outer loop
vertex 101.39117431640625 -2.5 93.52156829833984
vertex 102.4507064819336 -2.4000000953674316 92.95819854736328
vertex 101.39117431640625 -2.4000000953674316 93.52156829833984
endloop
endfacet
facet normal 0.17435618429907665 -0.928477609336564 0.32791652894803164
outer loop
vertex 101.98123931884766 -2.5 92.07524871826172
vertex 103.59703063964844 -2.5 91.21611785888672
vertex 102.09860229492188 -2.4000000953674316 92.29598999023438
endloop
endfacet
facet normal 0.8829499083074558 5.1590667849506714e-05 -0.46946720519995666
outer loop
vertex 101.98123931884766 -2.5 92.07524871826172
vertex 102.09860229492188 -2.4000000953674316 92.29598999023438
vertex 102.4507064819336 -2.5 92.95819854736328
endloop
endfacet
facet normal 0.8829466801073607 0.0 -0.46947327941789235
outer loop
vertex 102.09860229492188 -2.4000000953674316 92.29598999023438
vertex 102.4507064819336 -2.4000000953674316 92.95819854736328
vertex 102.4507064819336 -2.5 92.95819854736328
endloop
endfacet
facet normal 0.4694757891228022 -0.0 0.882945345662755
outer loop
vertex 101.39117431640625 -2.5 93.52156829833984
vertex 102.4507064819336 -2.5 92.95819854736328
vertex 102.4507064819336 -2.4000000953674316 92.95819854736328
endloop
endfacet
facet normal 0.17435711466620718 -0.9284766699017892 0.32791869421147496
outer loop
vertex 101.03907012939453 -2.4000000953674316 92.8593521118164
vertex 102.09860229492188 -2.4000000953674316 92.29598999023438
vertex 103.82962036132812 -1.7000000476837158 93.35758972167969
endloop
endfacet
facet normal 0.17435745317497192 -0.9284767764604177 0.32791821251039005
outer loop
vertex 102.09860229492188 -2.4000000953674316 92.29598999023438
vertex 103.59703063964844 -2.5 91.21611785888672
vertex 103.82962036132812 -1.7000000476837158 93.35758972167969
endloop
endfacet
facet normal 0.9941533846303916 0.0 -0.10797707084347376
outer loop
vertex 103.59703063964844 -2.5 91.21611785888672
vertex 103.59703063964844 2.5 91.21611785888672
vertex 103.82962036132812 -1.7000000476837158 93.35758972167969
endloop
endfacet
facet normal 0.0 0.0 -1.0
outer loop
vertex 69.43357849121094 7.0 19.36760139465332
vertex 73.48818969726562 7.0 19.36760139465332
vertex 73.48818969726562 5.0 19.36760139465332
endloop
endfacet
facet normal 0.0 0.0 -1.0
outer loop
vertex 70.44784545898438 2.799999952316284 19.36760139465332
vertex 73.48818969726562 5.0 19.36760139465332
vertex 73.48818969726562 -7.0 19.36760139465332
endloop
endfacet
facet normal 0.8829475899616799 0.0 -0.4694715682348201
outer loop
vertex 78.0844955444336 -5.040786266326904 28.011995315551758
vertex 73.48818969726562 5.0 19.36760139465332
vertex 73.48818969726562 7.0 19.36760139465332
endloop
endfacet
facet normal 0.8829475899616799 0.0 -0.46947156823482017
outer loop
vertex 78.0844955444336 -5.040786266326904 28.011995315551758
vertex 73.48818969726562 7.0 19.36760139465332
vertex 78.0844955444336 5.040786266326904 28.011995315551758
endloop
endfacet
facet normal -0.3223644532197535 0.0 -0.9466156344051841
outer loop
vertex 78.0844955444336 -5.040786266326904 28.011995315551758
vertex 78.0844955444336 5.040786266326904 28.011995315551758
vertex 78.19188690185547 5.0 27.97542381286621
endloop
endfacet
facet normal 0.9992960297461752 0.0 -0.0375159290639504
outer loop
vertex 78.19188690185547 -5.0 27.97542381286621
vertex 78.19188690185547 5.0 27.97542381286621
vertex 78.20152282714844 5.0 28.232091903686523
endloop
endfacet
facet normal 0.35109021988349093 0.9362488585889934 -0.0131807546433877
outer loop
vertex 78.0844955444336 5.040786266326904 28.011995315551758
vertex 78.20152282714844 5.0 28.232091903686523
vertex 78.19188690185547 5.0 27.97542381286621
endloop
endfacet
facet normal 0.0 1.0 0.0
outer loop
vertex 73.48818969726562 7.0 19.36760139465332
vertex 73.73058319091797 7.0 25.823467254638672
vertex 87.2187728881836 7.0 45.19106674194336
endloop
endfacet
facet normal 0.0 0.0 -0.9999999999999999
outer loop
vertex 69.43357849121094 7.0 19.36760139465332
vertex 73.48818969726562 115.0 19.36760139465332
vertex 73.48818969726562 7.0 19.36760139465332
endloop
endfacet
facet normal 0.9992958842710236 0.0 -0.03751980382402356
outer loop
vertex 73.48818969726562 7.0 19.36760139465332
vertex 73.48818969726562 115.0 19.36760139465332
vertex 73.73058319091797 7.0 25.823467254638672
endloop
endfacet
facet normal 0.8829475488148145 -4.3796997162473815e-07 -0.4694716456206047
outer loop
vertex 73.48818969726562 7.0 19.36760139465332
vertex 87.2187728881836 7.0 45.19106674194336
vertex 78.0844955444336 5.040786266326904 28.011995315551758
endloop
endfacet
facet normal -0.0 1.0 0.0
outer loop
vertex 72.92588806152344 7.0 29.768720626831055
vertex 87.2187728881836 7.0 45.19106674194336
vertex 73.73058319091797 7.0 25.823467254638672
endloop
endfacet
facet normal 0.0 1.0 0.0
outer loop
vertex 72.92588806152344 7.0 29.768720626831055
vertex 73.32986450195312 7.0 40.52849578857422
vertex 87.2187728881836 7.0 45.19106674194336
endloop
endfacet
facet normal -0.0 0.0 1.0
outer loop
vertex 51.46116256713867 7.0 51.646934509277344
vertex 77.46116638183594 5.0 51.646934509277344
vertex 87.4611587524414 7.0 51.646934509277344
endloop
endfacet
facet normal -0.0 1.0 0.0
outer loop
vertex 68.40060424804688 5.0 51.646934509277344
vertex 70.54930877685547 5.0 55.68806457519531
vertex 77.46116638183594 5.0 51.646934509277344
endloop
endfacet
facet normal -0.0 1.0 0.0
outer loop
vertex 51.46116256713867 7.0 51.646934509277344
vertex 87.4611587524414 7.0 51.646934509277344
vertex 87.2187728881836 7.0 45.19106674194336
endloop
endfacet
facet normal 0.0 1.0 0.0
outer loop
vertex 73.32986450195312 7.0 40.52849578857422
vertex 73.46452331542969 7.0 44.115089416503906
vertex 87.2187728881836 7.0 45.19106674194336
endloop
endfacet
facet normal 0.8829476472149449 -2.519493671723911e-06 -0.46947146055031425
outer loop
vertex 78.0844955444336 5.040786266326904 28.011995315551758
vertex 87.2187728881836 7.0 45.19106674194336
vertex 78.20152282714844 5.0 28.232091903686523
endloop
endfacet
facet normal 0.8829475240525894 0.0 -0.469471692191768
outer loop
vertex 87.2187728881836 -5.0 45.19106674194336
vertex 78.20152282714844 5.0 28.232091903686523
vertex 87.2187728881836 7.0 45.19106674194336
endloop
endfacet
facet normal 0.0 0.0 1.0
outer loop
vertex 77.46116638183594 5.0 51.646934509277344
vertex 86.52172088623047 5.0 51.646934509277344
vertex 87.4611587524414 7.0 51.646934509277344
endloop
endfacet
facet normal 0.9992959289635444 0.0 -0.037518613472339986
outer loop
vertex 87.2187728881836 -5.0 45.19106674194336
vertex 87.2187728881836 7.0 45.19106674194336
vertex 87.4611587524414 7.0 51.646934509277344
endloop
endfacet
facet normal 0.0 -0.0 1.0
outer loop
vertex 86.52172088623047 -5.0 51.646934509277344
vertex 87.4611587524414 7.0 51.646934509277344
vertex 86.52172088623047 5.0 51.646934509277344
endloop
endfacet
facet normal 0.9992958842710236 0.0 -0.03751980382402356
outer loop
vertex 73.73058319091797 7.0 25.823467254638672
vertex 73.48818969726562 115.0 19.36760139465332
vertex 73.73058319091797 115.0 25.823467254638672
endloop
endfacet
facet normal 1.0 0.0 -0.0
outer loop
vertex 71.73058319091797 112.0 11.823467254638672
vertex 71.73058319091797 115.0 19.36760139465332
vertex 71.73058319091797 112.0 19.36760139465332
endloop
endfacet
facet normal 1.0 0.0 -0.0
outer loop
vertex 71.73058319091797 112.0 11.823467254638672
vertex 71.73058319091797 139.1999969482422 16.556337356567383
vertex 71.73058319091797 115.0 19.36760139465332
endloop
endfacet
facet normal 1.0 0.0 0.0
outer loop
vertex 71.73058319091797 112.0 11.823467254638672
vertex 71.73058319091797 139.1999969482422 12.889679908752441
vertex 71.73058319091797 139.1999969482422 16.556337356567383
endloop
endfacet
facet normal 0.0 0.0 -1.0
outer loop
vertex 71.73058319091797 112.0 11.823467254638672
vertex 71.16366577148438 139.1999969482422 11.823467254638672
vertex 71.16366577148438 146.0 11.823467254638672
endloop
endfacet
facet normal 1.0 0.0 -0.0
outer loop
vertex 71.73058319091797 112.0 11.823467254638672
vertex 71.73058319091797 146.0 11.823467254638672
vertex 71.73058319091797 139.1999969482422 12.889679908752441
endloop
endfacet
facet normal 0.0 0.0 -1.0
outer loop
vertex 71.73058319091797 112.0 11.823467254638672
vertex 71.16366577148438 146.0 11.823467254638672
vertex 71.73058319091797 146.0 11.823467254638672
endloop
endfacet
facet normal 0.9999999999999999 0.0 -0.0
outer loop
vertex 71.73058319091797 146.0 11.823467254638672
vertex 71.73058319091797 146.0 12.889679908752441
vertex 71.73058319091797 139.1999969482422 12.889679908752441
endloop
endfacet
facet normal 0.0 0.9999999999999999 -0.0
outer loop
vertex 71.73058319091797 146.0 11.823467254638672
vertex 71.16366577148438 146.0 11.823467254638672
vertex 71.73058319091797 146.0 12.889679908752441
endloop
endfacet
facet normal 0.0 0.0 -1.0
outer loop
vertex 71.73058319091797 112.0 19.36760139465332
vertex 71.73058319091797 115.0 19.36760139465332
vertex 73.48818969726562 115.0 19.36760139465332
endloop
endfacet
facet normal -0.0 1.0 0.0
outer loop
vertex 71.73058319091797 115.0 19.36760139465332
vertex 71.73058319091797 115.0 23.823467254638672
vertex 73.48818969726562 115.0 19.36760139465332
endloop
endfacet
facet normal -0.0 1.0 0.0
outer loop
vertex 71.73058319091797 115.0 23.823467254638672
vertex 73.73058319091797 115.0 25.823467254638672
vertex 73.48818969726562 115.0 19.36760139465332
endloop
endfacet
facet normal 1.0 -0.0 -0.0
outer loop
vertex 71.73058319091797 115.0 19.36760139465332
vertex 71.73058319091797 139.1999969482422 16.556337356567383
vertex 71.73058319091797 115.0 23.823467254638672
endloop
endfacet
facet normal 0.9999999999999999 -0.0 0.0
outer loop
vertex 71.73058319091797 115.0 23.823467254638672
vertex 71.73058319091797 139.1999969482422 16.556337356567383
vertex 71.73058319091797 146.0 23.823467254638672
endloop
endfacet
facet normal 0.0 -0.0 0.9999999999999999
outer loop
vertex 71.73058319091797 115.0 23.823467254638672
vertex 71.73058319091797 146.0 23.823467254638672
vertex 71.37910461425781 137.0 23.823467254638672
endloop
endfacet
facet normal 1.0 -0.0 0.0
outer loop
vertex 71.73058319091797 146.0 23.823467254638672
vertex 71.73058319091797 139.1999969482422 16.556337356567383
vertex 71.73058319091797 146.0 16.556337356567383
endloop
endfacet
facet normal 0.0 -0.0 1.0
outer loop
vertex 71.37910461425781 137.0 23.823467254638672
vertex 71.73058319091797 146.0 23.823467254638672
vertex 71.37910461425781 146.0 23.823467254638672
endloop
endfacet
facet normal 0.8829474189586957 0.0 -0.469471889844512
outer loop
vertex 71.37910461425781 137.0 23.823467254638672
vertex 71.37910461425781 146.0 23.823467254638672
vertex 72.92070007324219 137.0 26.7227840423584
endloop
endfacet
facet normal 0.8829474189586958 0.0 -0.469471889844512
outer loop
vertex 71.37910461425781 146.0 23.823467254638672
vertex 72.92070007324219 149.0 26.7227840423584
vertex 72.92070007324219 137.0 26.7227840423584
endloop
endfacet
facet normal 0.882947608815131 0.0 -0.46947153277663434
outer loop
vertex 72.92070007324219 137.0 26.7227840423584
vertex 72.92070007324219 149.0 26.7227840423584
vertex 83.21863555908203 149.0 46.09038543701172
endloop
endfacet
facet normal 0.882947608815131 0.0 -0.46947153277663434
outer loop
vertex 72.92070007324219 137.0 26.7227840423584
vertex 83.21863555908203 149.0 46.09038543701172
vertex 83.21863555908203 137.0 46.09038543701172
endloop
endfacet
facet normal 0.0 -1.0 0.0
outer loop
vertex 64.2110366821289 137.0 57.203487396240234
vertex 72.92070007324219 137.0 26.7227840423584
vertex 83.21863555908203 137.0 46.09038543701172
endloop
endfacet
facet normal 0.0 1.0 0.0
outer loop
vertex 64.2110366821289 149.0 57.203487396240234
vertex 83.21863555908203 149.0 46.09038543701172
vertex 72.92070007324219 149.0 26.7227840423584
endloop
endfacet
facet normal 0.8829475764054389 0.0 -0.46947159373039976
outer loop
vertex 83.21863555908203 137.0 46.09038543701172
vertex 83.21863555908203 149.0 46.09038543701172
vertex 92.45975494384766 146.0 63.470401763916016
endloop
endfacet
facet normal -0.0 1.0 0.0
outer loop
vertex 70.54930877685547 5.0 55.68806457519531
vertex 78.69853973388672 5.0 71.01453399658203
vertex 77.46116638183594 5.0 51.646934509277344
endloop
endfacet
facet normal 0.0 0.0 -0.9999999999999999
outer loop
vertex 65.52999877929688 6.77419376373291 71.01453399658203
vertex 78.69853973388672 5.0 71.01453399658203
vertex 78.69853973388672 -5.0 71.01453399658203
endloop
endfacet
facet normal -0.8829475304933205 0.0 0.46947168007851847
outer loop
vertex 70.54930877685547 5.0 55.68806457519531
vertex 78.69853973388672 -5.0 71.01453399658203
vertex 78.69853973388672 5.0 71.01453399658203
endloop
endfacet
facet normal -0.0 -0.0 -1.0
outer loop
vertex 65.52999877929688 6.77419376373291 71.01453399658203
vertex 87.75910186767578 5.0 71.01453399658203
vertex 78.69853973388672 5.0 71.01453399658203
endloop
endfacet
facet normal -0.0 1.0 0.0
outer loop
vertex 77.46116638183594 5.0 51.646934509277344
vertex 78.69853973388672 5.0 71.01453399658203
vertex 86.52172088623047 5.0 51.646934509277344
endloop
endfacet
facet normal 0.0 1.0 -0.0
outer loop
vertex 86.52172088623047 5.0 51.646934509277344
vertex 78.69853973388672 5.0 71.01453399658203
vertex 87.75910186767578 5.0 71.01453399658203
endloop
endfacet
facet normal -0.0 -0.0 -1.0
outer loop
vertex 65.52999877929688 6.77419376373291 71.01453399658203
vertex 96.81965637207031 5.0 71.01453399658203
vertex 87.75910186767578 5.0 71.01453399658203
endloop
endfacet
facet normal -0.0 -0.0 -1.0
outer loop
vertex 65.52999877929688 6.77419376373291 71.01453399658203
vertex 100.94935607910156 5.0 71.01453399658203
vertex 96.81965637207031 5.0 71.01453399658203
endloop
endfacet
facet normal -0.0 0.9999999999999999 0.0
outer loop
vertex 65.19174194335938 7.0 77.47040557861328
vertex 74.65953826904297 7.0 95.2767333984375
vertex 89.85504150390625 7.0 85.00225067138672
endloop
endfacet
facet normal 0.46947151587112657 0.0 0.882947617803948
outer loop
vertex 74.65953826904297 -7.0 95.2767333984375
vertex 89.93583679199219 7.0 87.15418243408203
vertex 74.65953826904297 7.0 95.2767333984375
endloop
endfacet
facet normal -0.0 1.0 0.0
outer loop
vertex 65.19174194335938 7.0 77.47040557861328
vertex 89.85504150390625 7.0 85.00225067138672
vertex 100.38704681396484 7.0 81.41565704345703
endloop
endfacet
facet normal 0.0 1.0 0.0
outer loop
vertex 74.65953826904297 7.0 95.2767333984375
vertex 89.93583679199219 7.0 87.15418243408203
vertex 89.85504150390625 7.0 85.00225067138672
endloop
endfacet
facet normal 0.0 0.0 -0.9999999999999999
outer loop
vertex 65.52999877929688 6.77419376373291 71.01453399658203
vertex 67.19174194335938 112.0 71.01453399658203
vertex 99.19174194335938 112.0 71.01453399658203
endloop
endfacet
facet normal 0.0 -1.0 0.0
outer loop
vertex 64.2110366821289 137.0 57.203487396240234
vertex 83.21863555908203 137.0 46.09038543701172
vertex 67.543212890625 137.0 63.470401763916016
endloop
endfacet
facet normal -0.0 1.0 0.0
outer loop
vertex 64.2110366821289 149.0 57.203487396240234
vertex 74.50897216796875 149.0 76.57108306884766
vertex 83.21863555908203 149.0 46.09038543701172
endloop
endfacet
facet normal 0.0 0.0 -0.9999999999999999
outer loop
vertex 67.19174194335938 112.0 63.470401763916016
vertex 67.543212890625 137.0 63.470401763916016
vertex 92.45975494384766 137.0 63.470401763916016
endloop
endfacet
facet normal 0.0 -0.0 1.0
outer loop
vertex 67.19174194335938 115.0 75.47040557861328
vertex 76.39154815673828 137.0 75.47040557861328
vertex 73.9237289428711 137.0 75.47040557861328
endloop
endfacet
facet normal 0.0 0.0 0.9999999999999999
outer loop
vertex 67.19174194335938 115.0 75.47040557861328
vertex 73.9237289428711 137.0 75.47040557861328
vertex 73.9237289428711 146.0 75.47040557861328
endloop
endfacet
facet normal -0.882947567116868 7.490069112119026e-07 0.4694716111990616
outer loop
vertex 67.543212890625 146.0 63.470401763916016
vertex 73.9237289428711 146.0 75.47040557861328
vertex 74.50897216796875 149.0 76.57108306884766
endloop
endfacet
facet normal 0.0 -1.0 0.0
outer loop
vertex 73.9237289428711 137.0 75.47040557861328
vertex 76.39154815673828 137.0 75.47040557861328
vertex 74.50897216796875 137.0 76.57108306884766
endloop
endfacet
facet normal -0.8829467208809835 0.0 0.46947320273421245
outer loop
vertex 73.9237289428711 137.0 75.47040557861328
vertex 74.50897216796875 137.0 76.57108306884766
vertex 73.9237289428711 146.0 75.47040557861328
endloop
endfacet
facet normal -0.8829467208809834 0.0 0.4694732027342124
outer loop
vertex 73.9237289428711 146.0 75.47040557861328
vertex 74.50897216796875 137.0 76.57108306884766
vertex 74.50897216796875 149.0 76.57108306884766
endloop
endfacet
facet normal 0.0 -1.0 0.0
outer loop
vertex 67.19174194335938 112.0 63.470401763916016
vertex 99.19174194335938 112.0 63.470401763916016
vertex 67.19174194335938 112.0 71.01453399658203
endloop
endfacet
facet normal -0.0 1.0 -0.0
outer loop
vertex 67.19174194335938 115.0 75.47040557861328
vertex 65.19174194335938 115.0 77.47040557861328
vertex 99.19174194335938 115.0 75.47040557861328
endloop
endfacet
facet normal 0.0 -1.0 0.0
outer loop
vertex 67.543212890625 137.0 63.470401763916016
vertex 83.21863555908203 137.0 46.09038543701172
vertex 92.45975494384766 137.0 63.470401763916016
endloop
endfacet
facet normal -0.0 1.0 -0.0
outer loop
vertex 83.21863555908203 149.0 46.09038543701172
vertex 74.50897216796875 149.0 76.57108306884766
vertex 93.51657104492188 149.0 65.4579849243164
endloop
endfacet
facet normal 0.0 0.0 -1.0
outer loop
vertex 67.19174194335938 112.0 63.470401763916016
vertex 92.45975494384766 137.0 63.470401763916016
vertex 99.19174194335938 112.0 63.470401763916016
endloop
endfacet
facet normal 0.0 -0.0 1.0
outer loop
vertex 67.19174194335938 115.0 75.47040557861328
vertex 99.19174194335938 115.0 75.47040557861328
vertex 76.39154815673828 137.0 75.47040557861328
endloop
endfacet
facet normal 0.0 -0.0 1.0
outer loop
vertex 65.19174194335938 7.0 77.47040557861328
vertex 101.19174194335938 115.0 77.47040557861328
vertex 65.19174194335938 115.0 77.47040557861328
endloop
endfacet
facet normal -0.8829476785393381 0.0 0.4694714016444384
outer loop
vertex 74.50897216796875 137.0 76.57108306884766
vertex 82.2959976196289 149.0 91.21635437011719
vertex 74.50897216796875 149.0 76.57108306884766
endloop
endfacet
facet normal -0.0 -1.0 0.0
outer loop
vertex 76.39154815673828 137.0 75.47040557861328
vertex 82.2959976196289 137.0 91.21635437011719
vertex 74.50897216796875 137.0 76.57108306884766
endloop
endfacet
facet normal -0.8829476785393381 0.0 0.4694714016444384
outer loop
vertex 74.50897216796875 137.0 76.57108306884766
vertex 82.2959976196289 137.0 91.21635437011719
vertex 82.2959976196289 149.0 91.21635437011719
endloop
endfacet
facet normal 0.0 -1.0 0.0
outer loop
vertex 76.39154815673828 137.0 75.47040557861328
vertex 98.84027099609375 137.0 75.47040557861328
vertex 82.2959976196289 137.0 91.21635437011719
endloop
endfacet
facet normal -0.0 1.0 0.0
outer loop
vertex 74.50897216796875 149.0 76.57108306884766
vertex 82.2959976196289 149.0 91.21635437011719
vertex 101.7208480834961 149.0 80.88798522949219
endloop
endfacet
facet normal 0.4694709703870321 0.0 0.8829479078427326
outer loop
vertex 82.2959976196289 137.0 91.21635437011719
vertex 85.82778930664062 146.5 89.33847045898438
vertex 82.2959976196289 149.0 91.21635437011719
endloop
endfacet
facet normal 0.4694709703870321 -0.0 0.8829479078427326
outer loop
vertex 82.2959976196289 137.0 91.21635437011719
vertex 85.82778930664062 139.5 89.33847045898438
vertex 85.82778930664062 146.5 89.33847045898438
endloop
endfacet
facet normal -0.8829475275694131 0.0 0.46947168557758684
outer loop
vertex 85.82778930664062 139.5 89.33847045898438
vertex 90.52251434326172 139.5 98.16796112060547
vertex 85.82778930664062 146.5 89.33847045898438
endloop
endfacet
facet normal 0.8829476273660181 0.0 -0.46947149788748566
outer loop
vertex 86.52172088623047 -5.0 51.646934509277344
vertex 86.52172088623047 5.0 51.646934509277344
vertex 94.67095184326172 5.0 66.9734115600586
endloop
endfacet
facet normal -0.0 1.0 0.0
outer loop
vertex 86.52172088623047 5.0 51.646934509277344
vertex 87.75910186767578 5.0 71.01453399658203
vertex 94.67095184326172 5.0 66.9734115600586
endloop
endfacet
facet normal 0.0 0.0 -1.0
outer loop
vertex 65.52999877929688 6.77419376373291 71.01453399658203
vertex 100.94935607910156 7.0 71.01453399658203
vertex 100.94935607910156 5.0 71.01453399658203
endloop
endfacet
facet normal -0.0 1.0 0.0
outer loop
vertex 87.75910186767578 5.0 71.01453399658203
vertex 96.81965637207031 5.0 71.01453399658203
vertex 94.67095184326172 5.0 66.9734115600586
endloop
endfacet
facet normal 0.8829474466079779 0.0 -0.469471837843818
outer loop
vertex 94.67095184326172 -5.0 66.9734115600586
vertex 94.67095184326172 5.0 66.9734115600586
vertex 96.81965637207031 5.0 71.01453399658203
endloop
endfacet
facet normal 0.0 0.0 -1.0
outer loop
vertex 65.52999877929688 6.77419376373291 71.01453399658203
vertex 100.94935607910156 115.0 71.01453399658203
vertex 100.94935607910156 7.0 71.01453399658203
endloop
endfacet
facet normal 0.0 0.0 -1.0
outer loop
vertex 100.94935607910156 -7.0 71.01453399658203
vertex 96.81965637207031 5.0 71.01453399658203
vertex 100.94935607910156 5.0 71.01453399658203
endloop
endfacet
facet normal 0.882947537674384 0.0 -0.4694716665729066
outer loop
vertex 105.21212768554688 -5.182959079742432 79.0316390991211
vertex 100.94935607910156 5.0 71.01453399658203
vertex 100.94935607910156 7.0 71.01453399658203
endloop
endfacet
facet normal 0.0 1.0 0.0
outer loop
vertex 100.94935607910156 7.0 71.01453399658203
vertex 101.19174194335938 7.0 77.47040557861328
vertex 105.21212768554688 7.0 79.0316390991211
endloop
endfacet
facet normal 0.8829475376743839 0.0 -0.46947166657290657
outer loop
vertex 105.21212768554688 -5.182959079742432 79.0316390991211
vertex 100.94935607910156 7.0 71.01453399658203
vertex 105.21212768554688 5.182959079742432 79.0316390991211
endloop
endfacet
facet normal 0.8829475376743839 0.0 -0.4694716665729066
outer loop
vertex 100.94935607910156 7.0 71.01453399658203
vertex 105.21212768554688 7.0 79.0316390991211
vertex 105.21212768554688 5.182959079742432 79.0316390991211
endloop
endfacet
facet normal 0.9992959297947198 0.0 -0.037518591334246745
outer loop
vertex 100.94935607910156 7.0 71.01453399658203
vertex 100.94935607910156 115.0 71.01453399658203
vertex 101.19174194335938 7.0 77.47040557861328
endloop
endfacet
facet normal -0.0 1.0 0.0
outer loop
vertex 65.19174194335938 7.0 77.47040557861328
vertex 100.38704681396484 7.0 81.41565704345703
vertex 101.19174194335938 7.0 77.47040557861328
endloop
endfacet
facet normal 0.4694710114301797 0.0 0.8829478860197378
outer loop
vertex 89.93583679199219 -7.0 87.15418243408203
vertex 90.95578002929688 2.5 86.61186981201172
vertex 89.93583679199219 7.0 87.15418243408203
endloop
endfacet
facet normal -0.9992959131709299 0.0 0.037519034101071935
outer loop
vertex 89.85504150390625 7.0 85.00225067138672
vertex 89.93583679199219 7.0 87.15418243408203
vertex 89.93583679199219 11.0 87.15418243408203
endloop
endfacet
facet normal -0.9992959131709299 0.0 0.037519034101071935
outer loop
vertex 89.85504150390625 7.0 85.00225067138672
vertex 89.93583679199219 11.0 87.15418243408203
vertex 89.85504150390625 11.0 85.00225067138672
endloop
endfacet
facet normal -0.32236287660062435 0.0 -0.9466161713122013
outer loop
vertex 89.85504150390625 7.0 85.00225067138672
vertex 89.85504150390625 11.0 85.00225067138672
vertex 100.38704681396484 7.0 81.41565704345703
endloop
endfacet
facet normal 0.46947156436711995 1.6075668012886663e-07 0.8829475920181579
outer loop
vertex 89.93583679199219 7.0 87.15418243408203
vertex 90.95578002929688 2.5 86.61186981201172
vertex 98.90230560302734 2.5 82.38662719726562
endloop
endfacet
facet normal 0.46947166762520853 0.0 0.882947537114865
outer loop
vertex 89.93583679199219 7.0 87.15418243408203
vertex 100.39373016357422 7.0 81.59362030029297
vertex 89.93583679199219 11.0 87.15418243408203
endloop
endfacet
facet normal -0.0 1.0 0.0
outer loop
vertex 90.95578002929688 2.5 86.61186981201172
vertex 93.04105377197266 2.5 86.63570404052734
vertex 98.90230560302734 2.5 82.38662719726562
endloop
endfacet
facet normal -0.08092804758634004 0.985030426298633 -0.15220285930230165
outer loop
vertex 93.04105377197266 2.5 86.63570404052734
vertex 93.97999572753906 2.8499999046325684 88.40159606933594
vertex 94.10059356689453 2.5 86.07233428955078
endloop
endfacet
facet normal -0.08092692869872722 0.9850305248856753 -0.1522028161856481
outer loop
vertex 94.10059356689453 2.5 86.07233428955078
vertex 93.97999572753906 2.8499999046325684 88.40159606933594
vertex 95.03953552246094 2.8499999046325684 87.8382339477539
endloop
endfacet
facet normal 0.35109291610100823 0.9362478307061477 -0.01318194832803777
outer loop
vertex 89.85504150390625 11.0 85.00225067138672
vertex 89.93583679199219 11.0 87.15418243408203
vertex 100.39373016357422 7.0 81.59362030029297
endloop
endfacet
facet normal 0.0 1.0 0.0
outer loop
vertex 93.04105377197266 2.5 86.63570404052734
vertex 94.10059356689453 2.5 86.07233428955078
vertex 98.90230560302734 2.5 82.38662719726562
endloop
endfacet
facet normal 0.0 1.0 0.0
outer loop
vertex 94.10059356689453 2.5 86.07233428955078
vertex 96.69645690917969 2.5 84.69209289550781
vertex 98.90230560302734 2.5 82.38662719726562
endloop
endfacet
facet normal 0.46947166762516623 4.246711051282402e-07 0.8829475371147854
outer loop
vertex 89.93583679199219 7.0 87.15418243408203
vertex 98.90230560302734 2.5 82.38662719726562
vertex 100.39373016357422 7.0 81.59362030029297
endloop
endfacet
facet normal -0.0 1.0 0.0
outer loop
vertex 90.95578002929688 2.5 86.61186981201172
vertex 95.65050506591797 2.5 95.44136047363281
vertex 93.04105377197266 2.5 86.63570404052734
endloop
endfacet
facet normal -0.8829475275694132 0.0 0.46947168557758684
outer loop
vertex 95.65050506591797 -2.5 95.44136047363281
vertex 95.65050506591797 2.5 95.44136047363281
vertex 90.95578002929688 2.5 86.61186981201172
endloop
endfacet
facet normal -0.8829475920174541 1.272697434831031e-06 0.46947156436674575
outer loop
vertex 93.04105377197266 2.5 86.63570404052734
vertex 97.26629638671875 2.5 94.58222961425781
vertex 93.97999572753906 2.8499999046325684 88.40159606933594
endloop
endfacet
facet normal 0.0 1.0 -0.0
outer loop
vertex 95.03953552246094 2.8499999046325684 87.8382339477539
vertex 93.97999572753906 2.8499999046325684 88.40159606933594
vertex 96.79682922363281 2.8499999046325684 93.69927978515625
endloop
endfacet
facet normal 0.8829475919827192 8.96097331257624e-06 -0.4694715643482769
outer loop
vertex 94.10059356689453 2.5 86.07233428955078
vertex 95.03953552246094 2.8499999046325684 87.8382339477539
vertex 98.32583618164062 2.5 94.01885986328125
endloop
endfacet
facet normal -0.0 0.9999999999999999 0.0
outer loop
vertex 94.10059356689453 2.5 86.07233428955078
vertex 98.32583618164062 2.5 94.01885986328125
vertex 96.69645690917969 2.5 84.69209289550781
endloop
endfacet
facet normal -0.0 1.0 0.0
outer loop
vertex 93.04105377197266 2.5 86.63570404052734
vertex 95.65050506591797 2.5 95.44136047363281
vertex 97.26629638671875 2.5 94.58222961425781
endloop
endfacet
facet normal -0.0 1.0 0.0
outer loop
vertex 95.03953552246094 2.8499999046325684 87.8382339477539
vertex 96.79682922363281 2.8499999046325684 93.69927978515625
vertex 97.85636138916016 2.8499999046325684 93.13591766357422
endloop
endfacet
facet normal -0.8829472405486439 1.3238032657955465e-05 0.4694722251979235
outer loop
vertex 93.97999572753906 2.8499999046325684 88.40159606933594
vertex 97.73577117919922 2.5 95.46517944335938
vertex 96.79682922363281 2.8499999046325684 93.69927978515625
endloop
endfacet
facet normal -0.8829467463538615 3.727273991778132e-05 0.4694731533473159
outer loop
vertex 93.97999572753906 2.8499999046325684 88.40159606933594
vertex 97.26629638671875 2.5 94.58222961425781
vertex 97.73577117919922 2.5 95.46517944335938
endloop
endfacet
facet normal -0.6454392678891968 0.0 0.7638115942211519
outer loop
vertex 95.65050506591797 -2.5 95.44136047363281
vertex 97.29580688476562 1.7000000476837158 96.83168029785156
vertex 95.65050506591797 2.5 95.44136047363281
endloop
endfacet
facet normal 0.0 0.0 1.0
outer loop
vertex 65.19174194335938 7.0 77.47040557861328
vertex 101.19174194335938 7.0 77.47040557861328
vertex 101.19174194335938 115.0 77.47040557861328
endloop
endfacet
facet normal 0.46947266655126707 0.0 0.8829470059755812
outer loop
vertex 98.90230560302734 -2.5 82.38662719726562
vertex 100.39373016357422 7.0 81.59362030029297
vertex 98.90230560302734 2.5 82.38662719726562
endloop
endfacet
facet normal 0.0 1.0 0.0
outer loop
vertex 96.69645690917969 2.5 84.69209289550781
vertex 97.75599670410156 2.5 84.12872314453125
vertex 98.90230560302734 2.5 82.38662719726562
endloop
endfacet
facet normal -0.08092804758634004 0.985030426298633 -0.15220285930230165
outer loop
vertex 96.69645690917969 2.5 84.69209289550781
vertex 97.6353988647461 2.8499999046325684 86.4579849243164
vertex 97.75599670410156 2.5 84.12872314453125
endloop
endfacet
facet normal 0.35109199730635854 0.936248130302424 -0.013185140600204495
outer loop
vertex 89.85504150390625 11.0 85.00225067138672
vertex 100.39373016357422 7.0 81.59362030029297
vertex 100.38704681396484 7.0 81.41565704345703
endloop
endfacet
facet normal -0.08092804758634004 0.985030426298633 -0.15220285930230165
outer loop
vertex 97.75599670410156 2.5 84.12872314453125
vertex 97.6353988647461 2.8499999046325684 86.4579849243164
vertex 98.69493865966797 2.8499999046325684 85.89461517333984
endloop
endfacet
facet normal -0.8829475920174541 1.272697434831031e-06 0.46947156436674575
outer loop
vertex 96.69645690917969 2.5 84.69209289550781
vertex 100.92169952392578 2.5 92.63861846923828
vertex 97.6353988647461 2.8499999046325684 86.4579849243164
endloop
endfacet
facet normal -0.0 1.0 0.0
outer loop
vertex 97.75599670410156 2.5 84.12872314453125
vertex 101.98123931884766 2.5 92.07524871826172
vertex 98.90230560302734 2.5 82.38662719726562
endloop
endfacet
facet normal 0.8829475920174541 -1.272697434831031e-06 -0.46947156436674575
outer loop
vertex 97.75599670410156 2.5 84.12872314453125
vertex 98.69493865966797 2.8499999046325684 85.89461517333984
vertex 101.98123931884766 2.5 92.07524871826172
endloop
endfacet
facet normal 0.8829475275694132 0.0 -0.46947168557758684
outer loop
vertex 98.90230560302734 -2.5 82.38662719726562
vertex 98.90230560302734 2.5 82.38662719726562
vertex 103.59703063964844 2.5 91.21611785888672
endloop
endfacet
facet normal 0.0 1.0 0.0
outer loop
vertex 100.38704681396484 7.0 81.41565704345703
vertex 105.21212768554688 7.0 79.0316390991211
vertex 101.19174194335938 7.0 77.47040557861328
endloop
endfacet
facet normal 0.4694706761054585 0.0 0.8829480643147045
outer loop
vertex 100.39373016357422 -7.0 81.59362030029297
vertex 105.21212768554688 7.0 79.0316390991211
vertex 100.39373016357422 7.0 81.59362030029297
endloop
endfacet
facet normal -0.0 1.0 0.0
outer loop
vertex 100.38704681396484 7.0 81.41565704345703
vertex 100.39373016357422 7.0 81.59362030029297
vertex 105.21212768554688 7.0 79.0316390991211
endloop
endfacet
facet normal 0.4694706761054585 -0.0 0.8829480643147045
outer loop
vertex 100.39373016357422 -7.0 81.59362030029297
vertex 105.21212768554688 5.182959079742432 79.0316390991211
vertex 105.21212768554688 7.0 79.0316390991211
endloop
endfacet
facet normal -0.0 0.9999999999999999 0.0
outer loop
vertex 96.69645690917969 2.5 84.69209289550781
vertex 98.32583618164062 2.5 94.01885986328125
vertex 100.92169952392578 2.5 92.63861846923828
endloop
endfacet
facet normal 0.882947767709031 3.4112211815892246e-06 -0.46947123392813167
outer loop
vertex 95.03953552246094 2.8499999046325684 87.8382339477539
vertex 97.85636138916016 2.8499999046325684 93.13591766357422
vertex 98.79530334472656 2.5 94.90180969238281
endloop
endfacet
facet normal 0.8829499043628417 0.00010768786997893243 -0.46946720310259316
outer loop
vertex 95.03953552246094 2.8499999046325684 87.8382339477539
vertex 98.79530334472656 2.5 94.90180969238281
vertex 98.32583618164062 2.5 94.01885986328125
endloop
endfacet
facet normal -0.0 1.0 0.0
outer loop
vertex 97.6353988647461 2.8499999046325684 86.4579849243164
vertex 100.45223236083984 2.8499999046325684 91.75566864013672
vertex 98.69493865966797 2.8499999046325684 85.89461517333984
endloop
endfacet
facet normal -0.8829472405486439 1.3238032657955465e-05 0.4694722251979235
outer loop
vertex 97.6353988647461 2.8499999046325684 86.4579849243164
vertex 101.39117431640625 2.5 93.52156829833984
vertex 100.45223236083984 2.8499999046325684 91.75566864013672
endloop
endfacet
facet normal -0.0 1.0 0.0
outer loop
vertex 98.69493865966797 2.8499999046325684 85.89461517333984
vertex 100.45223236083984 2.8499999046325684 91.75566864013672
vertex 101.51176452636719 2.8499999046325684 91.19230651855469
endloop
endfacet
facet normal -0.8829467463538615 3.727273991778132e-05 0.4694731533473159
outer loop
vertex 97.6353988647461 2.8499999046325684 86.4579849243164
vertex 100.92169952392578 2.5 92.63861846923828
vertex 101.39117431640625 2.5 93.52156829833984
endloop
endfacet
facet normal 0.8829480479505122 6.822434703328157e-06 -0.4694707068325291
outer loop
vertex 98.69493865966797 2.8499999046325684 85.89461517333984
vertex 101.51176452636719 2.8499999046325684 91.19230651855469
vertex 102.4507064819336 2.5 92.95819854736328
endloop
endfacet
facet normal 0.17435592593503463 0.9284776093390739 0.32791666631529237
outer loop
vertex 100.92169952392578 2.5 92.63861846923828
vertex 98.32583618164062 2.5 94.01885986328125
vertex 98.44319915771484 2.4000000953674316 94.2396011352539
endloop
endfacet
facet normal 0.17435817441837592 0.9284759933672111 0.3279200462830256
outer loop
vertex 100.92169952392578 2.5 92.63861846923828
vertex 98.44319915771484 2.4000000953674316 94.2396011352539
vertex 101.03907012939453 2.4000000953674316 92.8593521118164
endloop
endfacet
facet normal 0.1743580809294596 0.928475993366632 0.3279200959935848
outer loop
vertex 95.65050506591797 2.5 95.44136047363281
vertex 97.3836669921875 2.4000000953674316 94.80296325683594
vertex 97.26629638671875 2.5 94.58222961425781
endloop
endfacet
facet normal 0.08092738299523489 0.985030524885741 0.152202574632836
outer loop
vertex 96.79682922363281 2.8499999046325684 93.69927978515625
vertex 97.73577117919922 2.5 95.46517944335938
vertex 97.85636138916016 2.8499999046325684 93.13591766357422
endloop
endfacet
facet normal -0.8829467464340784 -3.474988538185661e-05 0.4694731533899682
outer loop
vertex 97.26629638671875 2.5 94.58222961425781
vertex 97.3836669921875 2.4000000953674316 94.80296325683594
vertex 97.73577117919922 2.5 95.46517944335938
endloop
endfacet
facet normal 0.17435737058401007 0.9284768555651839 0.3279180324453332
outer loop
vertex 95.65050506591797 2.5 95.44136047363281
vertex 97.29580688476562 1.7000000476837158 96.83168029785156
vertex 97.3836669921875 2.4000000953674316 94.80296325683594
endloop
endfacet
facet normal 0.1743567689268529 0.9284769644794196 0.3279180439690239
outer loop
vertex 97.3836669921875 2.4000000953674316 94.80296325683594
vertex 97.29580688476562 1.7000000476837158 96.83168029785156
vertex 98.44319915771484 2.4000000953674316 94.2396011352539
endloop
endfacet
facet normal -0.8829489221593041 0.0 0.4694690627269527
outer loop
vertex 97.3836669921875 2.4000000953674316 94.80296325683594
vertex 97.73577117919922 2.4000000953674316 95.46517944335938
vertex 97.73577117919922 2.5 95.46517944335938
endloop
endfacet
facet normal 0.08092850188731271 0.9850304262983649 0.1522026177460057
outer loop
vertex 97.85636138916016 2.8499999046325684 93.13591766357422
vertex 97.73577117919922 2.5 95.46517944335938
vertex 98.79530334472656 2.5 94.90180969238281
endloop
endfacet
facet normal 0.0 -1.0 0.0
outer loop
vertex 97.3836669921875 2.4000000953674316 94.80296325683594
vertex 98.79530334472656 2.4000000953674316 94.90180969238281
vertex 97.73577117919922 2.4000000953674316 95.46517944335938
endloop
endfacet
facet normal 0.0 -1.0 0.0
outer loop
vertex 97.3836669921875 2.4000000953674316 94.80296325683594
vertex 98.44319915771484 2.4000000953674316 94.2396011352539
vertex 98.79530334472656 2.4000000953674316 94.90180969238281
endloop
endfacet
facet normal 0.8829499083074558 -5.1590667849506714e-05 -0.46946720519995666
outer loop
vertex 98.32583618164062 2.5 94.01885986328125
vertex 98.79530334472656 2.5 94.90180969238281
vertex 98.44319915771484 2.4000000953674316 94.2396011352539
endloop
endfacet
facet normal 0.4694757891228022 -0.0 0.882945345662755
outer loop
vertex 97.73577117919922 2.5 95.46517944335938
vertex 98.79530334472656 2.4000000953674316 94.90180969238281
vertex 98.79530334472656 2.5 94.90180969238281
endloop
endfacet
facet normal 0.8829466801073607 0.0 -0.46947327941789235
outer loop
vertex 98.44319915771484 2.4000000953674316 94.2396011352539
vertex 98.79530334472656 2.5 94.90180969238281
vertex 98.79530334472656 2.4000000953674316 94.90180969238281
endloop
endfacet
facet normal 0.4694757891228022 0.0 0.882945345662755
outer loop
vertex 97.73577117919922 2.4000000953674316 95.46517944335938
vertex 98.79530334472656 2.4000000953674316 94.90180969238281
vertex 97.73577117919922 2.5 95.46517944335938
endloop
endfacet
facet normal 0.1743571898511412 0.928476832241794 0.32791819458129584
outer loop
vertex 98.44319915771484 2.4000000953674316 94.2396011352539
vertex 97.29580688476562 1.7000000476837158 96.83168029785156
vertex 101.03907012939453 2.4000000953674316 92.8593521118164
endloop
endfacet
facet normal 0.17435656430687677 0.9284771388198774 0.3279176591340517
outer loop
vertex 97.29580688476562 1.7000000476837158 96.83168029785156
vertex 102.09860229492188 2.4000000953674316 92.29598999023438
vertex 101.03907012939453 2.4000000953674316 92.8593521118164
endloop
endfacet
facet normal -0.0 1.0 0.0
outer loop
vertex 98.90230560302734 2.5 82.38662719726562
vertex 101.98123931884766 2.5 92.07524871826172
vertex 103.59703063964844 2.5 91.21611785888672
endloop
endfacet
facet normal 0.8829499052896467 9.74542944015072e-05 -0.46946720359537825
outer loop
vertex 98.69493865966797 2.8499999046325684 85.89461517333984
vertex 102.4507064819336 2.5 92.95819854736328
vertex 101.98123931884766 2.5 92.07524871826172
endloop
endfacet
facet normal 0.08092738299523489 0.985030524885741 0.152202574632836
outer loop
vertex 100.45223236083984 2.8499999046325684 91.75566864013672
vertex 101.39117431640625 2.5 93.52156829833984
vertex 101.51176452636719 2.8499999046325684 91.19230651855469
endloop
endfacet
facet normal 0.17435835211824968 0.9284761864007192 0.3279194052406557
outer loop
vertex 97.29580688476562 1.7000000476837158 96.83168029785156
vertex 103.59703063964844 2.5 91.21611785888672
vertex 102.09860229492188 2.4000000953674316 92.29598999023438
endloop
endfacet
facet normal -0.8829467464340784 -3.474988538185661e-05 0.4694731533899682
outer loop
vertex 100.92169952392578 2.5 92.63861846923828
vertex 101.03907012939453 2.4000000953674316 92.8593521118164
vertex 101.39117431640625 2.5 93.52156829833984
endloop
endfacet
facet normal -0.8829489221593041 0.0 0.4694690627269527
outer loop
vertex 101.03907012939453 2.4000000953674316 92.8593521118164
vertex 101.39117431640625 2.4000000953674316 93.52156829833984
vertex 101.39117431640625 2.5 93.52156829833984
endloop
endfacet
facet normal 0.08092850188731271 0.9850304262983649 0.1522026177460057
outer loop
vertex 101.51176452636719 2.8499999046325684 91.19230651855469
vertex 101.39117431640625 2.5 93.52156829833984
vertex 102.4507064819336 2.5 92.95819854736328
endloop
endfacet
facet normal 0.0 -1.0 0.0
outer loop
vertex 101.03907012939453 2.4000000953674316 92.8593521118164
vertex 102.09860229492188 2.4000000953674316 92.29598999023438
vertex 102.4507064819336 2.4000000953674316 92.95819854736328
endloop
endfacet
facet normal 0.0 -1.0 0.0
outer loop
vertex 101.03907012939453 2.4000000953674316 92.8593521118164
vertex 102.4507064819336 2.4000000953674316 92.95819854736328
vertex 101.39117431640625 2.4000000953674316 93.52156829833984
endloop
endfacet
facet normal 0.4694757891228022 0.0 0.882945345662755
outer loop
vertex 101.39117431640625 2.4000000953674316 93.52156829833984
vertex 102.4507064819336 2.4000000953674316 92.95819854736328
vertex 101.39117431640625 2.5 93.52156829833984
endloop
endfacet
facet normal 0.17435618429907665 0.928477609336564 0.32791652894803164
outer loop
vertex 101.98123931884766 2.5 92.07524871826172
vertex 102.09860229492188 2.4000000953674316 92.29598999023438
vertex 103.59703063964844 2.5 91.21611785888672
endloop
endfacet
facet normal 0.8829499083074558 -5.1590667849506714e-05 -0.46946720519995666
outer loop
vertex 101.98123931884766 2.5 92.07524871826172
vertex 102.4507064819336 2.5 92.95819854736328
vertex 102.09860229492188 2.4000000953674316 92.29598999023438
endloop
endfacet
facet normal 0.8829466801073607 0.0 -0.46947327941789235
outer loop
vertex 102.09860229492188 2.4000000953674316 92.29598999023438
vertex 102.4507064819336 2.5 92.95819854736328
vertex 102.4507064819336 2.4000000953674316 92.95819854736328
endloop
endfacet
facet normal 0.4694757891228022 -0.0 0.882945345662755
outer loop
vertex 101.39117431640625 2.5 93.52156829833984
vertex 102.4507064819336 2.4000000953674316 92.95819854736328
vertex 102.4507064819336 2.5 92.95819854736328
endloop
endfacet
facet normal 0.9941533846303917 0.0 -0.10797707084347377
outer loop
vertex 103.82962036132812 -1.7000000476837158 93.35758972167969
vertex 103.59703063964844 2.5 91.21611785888672
vertex 103.82962036132812 1.7000000476837158 93.35758972167969
endloop
endfacet
facet normal 0.4694715971267608 -0.0 0.8829475745995615
outer loop
vertex 103.82962036132812 -1.7000000476837158 93.35758972167969
vertex 103.82962036132812 1.7000000476837158 93.35758972167969
vertex 97.29580688476562 1.7000000476837158 96.83168029785156
endloop
endfacet
facet normal 0.17435724061408392 0.9284768045209355 0.32791824607977377
outer loop
vertex 97.29580688476562 1.7000000476837158 96.83168029785156
vertex 103.82962036132812 1.7000000476837158 93.35758972167969
vertex 103.59703063964844 2.5 91.21611785888672
endloop
endfacet
facet normal 0.0 0.0 -1.0
outer loop
vertex 65.52999877929688 6.77419376373291 71.01453399658203
vertex 99.19174194335938 112.0 71.01453399658203
vertex 100.94935607910156 115.0 71.01453399658203
endloop
endfacet
facet normal 0.8829475764054389 0.0 -0.46947159373039976
outer loop
vertex 83.21863555908203 137.0 46.09038543701172
vertex 92.45975494384766 146.0 63.470401763916016
vertex 92.45975494384766 137.0 63.470401763916016
endloop
endfacet
facet normal 0.8829475896501631 1.8510924510706897e-07 -0.4694715688206615
outer loop
vertex 83.21863555908203 149.0 46.09038543701172
vertex 93.51657104492188 149.0 65.4579849243164
vertex 92.45975494384766 146.0 63.470401763916016
endloop
endfacet
facet normal 0.8829477054660907 0.0 -0.46947135100255616
outer loop
vertex 92.45975494384766 146.0 63.470401763916016
vertex 93.51657104492188 149.0 65.4579849243164
vertex 93.51657104492188 146.0 65.4579849243164
endloop
endfacet
facet normal 0.0 0.0 -0.9999999999999999
outer loop
vertex 92.45975494384766 137.0 63.470401763916016
vertex 92.45975494384766 146.0 63.470401763916016
vertex 99.19174194335938 112.0 63.470401763916016
endloop
endfacet
facet normal -0.0 1.0 0.0
outer loop
vertex 92.45975494384766 146.0 63.470401763916016
vertex 93.51657104492188 146.0 65.4579849243164
vertex 99.19174194335938 146.0 63.470401763916016
endloop
endfacet
facet normal 0.0 -1.0 0.0
outer loop
vertex 67.19174194335938 112.0 71.01453399658203
vertex 99.19174194335938 112.0 63.470401763916016
vertex 99.19174194335938 112.0 71.01453399658203
endloop
endfacet
facet normal -0.0 -0.0 1.0
outer loop
vertex 76.39154815673828 137.0 75.47040557861328
vertex 99.19174194335938 115.0 75.47040557861328
vertex 98.84027099609375 137.0 75.47040557861328
endloop
endfacet
facet normal -0.0 1.0 0.0
outer loop
vertex 74.50897216796875 149.0 76.57108306884766
vertex 101.7208480834961 149.0 80.88798522949219
vertex 93.51657104492188 149.0 65.4579849243164
endloop
endfacet
facet normal 0.8829475396532144 0.0 -0.46947166285126896
outer loop
vertex 93.51657104492188 146.0 65.4579849243164
vertex 93.51657104492188 149.0 65.4579849243164
vertex 98.84027099609375 146.0 75.47040557861328
endloop
endfacet
facet normal 0.9992959297947198 0.0 -0.037518591334246745
outer loop
vertex 101.19174194335938 7.0 77.47040557861328
vertex 100.94935607910156 115.0 71.01453399658203
vertex 101.19174194335938 115.0 77.47040557861328
endloop
endfacet
facet normal 0.0 0.0 -1.0
outer loop
vertex 92.45975494384766 146.0 63.470401763916016
vertex 99.19174194335938 146.0 63.470401763916016
vertex 99.19174194335938 112.0 63.470401763916016
endloop
endfacet
facet normal 1.0 0.0 -0.0
outer loop
vertex 99.19174194335938 112.0 63.470401763916016
vertex 99.19174194335938 115.0 71.01453399658203
vertex 99.19174194335938 112.0 71.01453399658203
endloop
endfacet
facet normal 1.0 0.0 -0.0
outer loop
vertex 99.19174194335938 112.0 63.470401763916016
vertex 99.19174194335938 146.0 63.470401763916016
vertex 99.19174194335938 115.0 71.01453399658203
endloop
endfacet
facet normal 0.0 0.0 -1.0
outer loop
vertex 99.19174194335938 112.0 71.01453399658203
vertex 99.19174194335938 115.0 71.01453399658203
vertex 100.94935607910156 115.0 71.01453399658203
endloop
endfacet
facet normal -0.0 1.0 0.0
outer loop
vertex 99.19174194335938 115.0 71.01453399658203
vertex 99.19174194335938 115.0 75.47040557861328
vertex 100.94935607910156 115.0 71.01453399658203
endloop
endfacet
facet normal 0.0 1.0 -0.0
outer loop
vertex 100.94935607910156 115.0 71.01453399658203
vertex 99.19174194335938 115.0 75.47040557861328
vertex 101.19174194335938 115.0 77.47040557861328
endloop
endfacet
facet normal 1.0 0.0 -0.0
outer loop
vertex 99.19174194335938 115.0 71.01453399658203
vertex 99.19174194335938 146.0 75.47040557861328
vertex 99.19174194335938 115.0 75.47040557861328
endloop
endfacet
facet normal -0.0 1.0 0.0
outer loop
vertex 93.51657104492188 146.0 65.4579849243164
vertex 98.84027099609375 146.0 75.47040557861328
vertex 99.19174194335938 146.0 63.470401763916016
endloop
endfacet
facet normal 1.0 0.0 -0.0
outer loop
vertex 99.19174194335938 146.0 63.470401763916016
vertex 99.19174194335938 146.0 75.47040557861328
vertex 99.19174194335938 115.0 71.01453399658203
endloop
endfacet
facet normal 0.8829475846571668 3.6234711295534275e-07 -0.46947157821101776
outer loop
vertex 93.51657104492188 149.0 65.4579849243164
vertex 101.7208480834961 149.0 80.88798522949219
vertex 98.84027099609375 146.0 75.47040557861328
endloop
endfacet
facet normal 0.0 -0.0 1.0
outer loop
vertex 99.19174194335938 115.0 75.47040557861328
vertex 99.19174194335938 146.0 75.47040557861328
vertex 98.84027099609375 137.0 75.47040557861328
endloop
endfacet
facet normal 0.0 1.0 -0.0
outer loop
vertex 99.19174194335938 146.0 63.470401763916016
vertex 98.84027099609375 146.0 75.47040557861328
vertex 99.19174194335938 146.0 75.47040557861328
endloop
endfacet
facet normal 0.0 -0.0 1.0
outer loop
vertex 98.84027099609375 137.0 75.47040557861328
vertex 99.19174194335938 146.0 75.47040557861328
vertex 98.84027099609375 146.0 75.47040557861328
endloop
endfacet
facet normal -0.0 1.0 0.0
outer loop
vertex 65.19174194335938 115.0 77.47040557861328
vertex 101.19174194335938 115.0 77.47040557861328
vertex 99.19174194335938 115.0 75.47040557861328
endloop
endfacet
facet normal 0.4694713126194159 -6.201634533603992e-07 0.8829477258745378
outer loop
vertex 82.2959976196289 137.0 91.21635437011719
vertex 101.7208480834961 137.0 80.88798522949219
vertex 85.82778930664062 139.5 89.33847045898438
endloop
endfacet
facet normal 0.0 -1.0 0.0
outer loop
vertex 85.82778930664062 139.5 89.33847045898438
vertex 94.79122924804688 139.5 85.70511627197266
vertex 90.16458129882812 139.5 88.16514587402344
endloop
endfacet
facet normal 0.469471282286118 5.651960979875877e-07 0.8829477420030636
outer loop
vertex 82.2959976196289 149.0 91.21635437011719
vertex 85.82778930664062 146.5 89.33847045898438
vertex 98.1890640258789 146.5 82.765869140625
endloop
endfacet
facet normal 0.0 -1.0 0.0
outer loop
vertex 85.82778930664062 139.5 89.33847045898438
vertex 95.85076141357422 139.5 85.14175415039062
vertex 94.79122924804688 139.5 85.70511627197266
endloop
endfacet
facet normal 0.0 1.0 0.0
outer loop
vertex 85.82778930664062 146.5 89.33847045898438
vertex 89.10504150390625 146.5 88.728515625
vertex 98.1890640258789 146.5 82.765869140625
endloop
endfacet
facet normal 0.0 1.0 0.0
outer loop
vertex 89.10504150390625 146.5 88.728515625
vertex 90.16458129882812 146.5 88.16514587402344
vertex 98.1890640258789 146.5 82.765869140625
endloop
endfacet
facet normal 0.0 -1.0 0.0
outer loop
vertex 82.2959976196289 137.0 91.21635437011719
vertex 98.84027099609375 137.0 75.47040557861328
vertex 101.7208480834961 137.0 80.88798522949219
endloop
endfacet
facet normal 0.0 -1.0 0.0
outer loop
vertex 85.82778930664062 139.5 89.33847045898438
vertex 98.1890640258789 139.5 82.765869140625
vertex 95.85076141357422 139.5 85.14175415039062
endloop
endfacet
facet normal 0.4694713126193512 8.125492926704212e-07 0.8829477258744162
outer loop
vertex 82.2959976196289 149.0 91.21635437011719
vertex 98.1890640258789 146.5 82.765869140625
vertex 101.7208480834961 149.0 80.88798522949219
endloop
endfacet
facet normal 0.0 1.0 0.0
outer loop
vertex 94.79122924804688 146.5 85.70511627197266
vertex 98.1890640258789 146.5 82.765869140625
vertex 90.16458129882812 146.5 88.16514587402344
endloop
endfacet
facet normal 0.46947128228601637 -8.675165554732779e-07 0.8829477420028724
outer loop
vertex 85.82778930664062 139.5 89.33847045898438
vertex 101.7208480834961 137.0 80.88798522949219
vertex 98.1890640258789 139.5 82.765869140625
endloop
endfacet
facet normal -0.08092877371635136 -0.9850300064768139 -0.1522051902040641
outer loop
vertex 95.85076141357422 139.5 85.14175415039062
vertex 95.73017120361328 139.14999389648438 87.47101593017578
vertex 94.79122924804688 139.5 85.70511627197266
endloop
endfacet
facet normal -0.08092989262737874 -0.9850299078861013 -0.1522052333174511
outer loop
vertex 95.85076141357422 139.5 85.14175415039062
vertex 96.78970336914062 139.14999389648438 86.90764617919922
vertex 95.73017120361328 139.14999389648438 87.47101593017578
endloop
endfacet
facet normal 0.0 1.0 0.0
outer loop
vertex 95.85076141357422 146.5 85.14175415039062
vertex 98.1890640258789 146.5 82.765869140625
vertex 94.79122924804688 146.5 85.70511627197266
endloop
endfacet
facet normal -0.08092877371635136 0.9850300064768139 -0.1522051902040641
outer loop
vertex 95.85076141357422 146.5 85.14175415039062
vertex 94.79122924804688 146.5 85.70511627197266
vertex 95.73017120361328 146.85000610351562 87.47101593017578
endloop
endfacet
facet normal -0.08092989262737874 0.9850299078861013 -0.1522052333174511
outer loop
vertex 95.85076141357422 146.5 85.14175415039062
vertex 95.73017120361328 146.85000610351562 87.47101593017578
vertex 96.78970336914062 146.85000610351562 86.90764617919922
endloop
endfacet
facet normal 0.0 -1.0 0.0
outer loop
vertex 85.82778930664062 139.5 89.33847045898438
vertex 90.16458129882812 139.5 88.16514587402344
vertex 89.10504150390625 139.5 88.728515625
endloop
endfacet
facet normal -0.0809292976891801 -0.985029960308103 -0.15220521039357784
outer loop
vertex 89.10504150390625 139.5 88.728515625
vertex 90.16458129882812 139.5 88.16514587402344
vertex 90.04399108886719 139.14999389648438 90.4944076538086
endloop
endfacet
facet normal 0.0 -0.9999999999999999 0.0
outer loop
vertex 85.82778930664062 139.5 89.33847045898438
vertex 89.10504150390625 139.5 88.728515625
vertex 93.33028411865234 139.5 96.67504119873047
endloop
endfacet
facet normal -0.0809292976891801 0.985029960308103 -0.15220521039357784
outer loop
vertex 89.10504150390625 146.5 88.728515625
vertex 90.04399108886719 146.85000610351562 90.4944076538086
vertex 90.16458129882812 146.5 88.16514587402344
endloop
endfacet
facet normal -0.0 1.0 0.0
outer loop
vertex 85.82778930664062 146.5 89.33847045898438
vertex 90.52251434326172 146.5 98.16796112060547
vertex 89.10504150390625 146.5 88.728515625
endloop
endfacet
facet normal -0.08092877371635136 -0.9850300064768139 -0.1522051902040641
outer loop
vertex 90.16458129882812 139.5 88.16514587402344
vertex 91.10352325439453 139.14999389648438 89.93104553222656
vertex 90.04399108886719 139.14999389648438 90.4944076538086
endloop
endfacet
facet normal -0.8829475918322947 -2.0519069345053914e-05 0.4694715642682947
outer loop
vertex 89.10504150390625 139.5 88.728515625
vertex 90.04399108886719 139.14999389648438 90.4944076538086
vertex 93.33028411865234 139.5 96.67504119873047
endloop
endfacet
facet normal 0.0 -1.0 0.0
outer loop
vertex 90.04399108886719 139.14999389648438 90.4944076538086
vertex 91.10352325439453 139.14999389648438 89.93104553222656
vertex 92.8608169555664 139.14999389648438 95.79209899902344
endloop
endfacet
facet normal 0.8829475919827205 -8.960814606699184e-06 -0.4694715643482776
outer loop
vertex 90.16458129882812 139.5 88.16514587402344
vertex 94.38982391357422 139.5 96.1116714477539
vertex 91.10352325439453 139.14999389648438 89.93104553222656
endloop
endfacet
facet normal -0.08092877371635136 0.9850300064768139 -0.1522051902040641
outer loop
vertex 90.16458129882812 146.5 88.16514587402344
vertex 90.04399108886719 146.85000610351562 90.4944076538086
vertex 91.10352325439453 146.85000610351562 89.93104553222656
endloop
endfacet
facet normal -0.8829475918322947 2.0519069345053914e-05 0.4694715642682947
outer loop
vertex 89.10504150390625 146.5 88.728515625
vertex 93.33028411865234 146.5 96.67504119873047
vertex 90.04399108886719 146.85000610351562 90.4944076538086
endloop
endfacet
facet normal -0.0 1.0 0.0
outer loop
vertex 90.04399108886719 146.85000610351562 90.4944076538086
vertex 92.8608169555664 146.85000610351562 95.79209899902344
vertex 91.10352325439453 146.85000610351562 89.93104553222656
endloop
endfacet
facet normal 0.8829475919827205 8.960814606699184e-06 -0.4694715643482776
outer loop
vertex 90.16458129882812 146.5 88.16514587402344
vertex 91.10352325439453 146.85000610351562 89.93104553222656
vertex 94.38982391357422 146.5 96.1116714477539
endloop
endfacet
facet normal 0.0 -1.0 0.0
outer loop
vertex 85.82778930664062 139.5 89.33847045898438
vertex 93.33028411865234 139.5 96.67504119873047
vertex 90.52251434326172 139.5 98.16796112060547
endloop
endfacet
facet normal -0.8829475275694131 0.0 0.46947168557758684
outer loop
vertex 85.82778930664062 146.5 89.33847045898438
vertex 90.52251434326172 139.5 98.16796112060547
vertex 90.52251434326172 146.5 98.16796112060547
endloop
endfacet
facet normal -0.8829480479505127 6.822313872649889e-06 0.46947070683252945
outer loop
vertex 90.04399108886719 139.14999389648438 90.4944076538086
vertex 92.8608169555664 139.14999389648438 95.79209899902344
vertex 93.79975891113281 139.5 97.55799102783203
endloop
endfacet
facet normal -0.8829467455569675 -5.651845575858126e-05 0.469473152923598
outer loop
vertex 90.04399108886719 139.14999389648438 90.4944076538086
vertex 93.79975891113281 139.5 97.55799102783203
vertex 93.33028411865234 139.5 96.67504119873047
endloop
endfacet
facet normal 0.17435744849522478 -0.9284767911083168 0.3279181735241855
outer loop
vertex 90.52251434326172 139.5 98.16796112060547
vertex 93.33028411865234 139.5 96.67504119873047
vertex 93.44766235351562 139.60000610351562 96.89579010009766
endloop
endfacet
facet normal -0.0 1.0 0.0
outer loop
vertex 89.10504150390625 146.5 88.728515625
vertex 90.52251434326172 146.5 98.16796112060547
vertex 93.33028411865234 146.5 96.67504119873047
endloop
endfacet
facet normal -0.8829467455569675 5.651845575858126e-05 0.469473152923598
outer loop
vertex 90.04399108886719 146.85000610351562 90.4944076538086
vertex 93.33028411865234 146.5 96.67504119873047
vertex 93.79975891113281 146.5 97.55799102783203
endloop
endfacet
facet normal -0.8829480479505127 -6.822313872649889e-06 0.46947070683252945
outer loop
vertex 90.04399108886719 146.85000610351562 90.4944076538086
vertex 93.79975891113281 146.5 97.55799102783203
vertex 92.8608169555664 146.85000610351562 95.79209899902344
endloop
endfacet
facet normal -0.6454392678891968 0.0 0.7638115942211519
outer loop
vertex 90.52251434326172 139.5 98.16796112060547
vertex 92.16781616210938 145.6999969482422 99.55828094482422
vertex 90.52251434326172 146.5 98.16796112060547
endloop
endfacet
facet normal -0.6454392678891968 0.0 0.763811594221152
outer loop
vertex 90.52251434326172 139.5 98.16796112060547
vertex 92.16781616210938 140.3000030517578 99.55828094482422
vertex 92.16781616210938 145.6999969482422 99.55828094482422
endloop
endfacet
facet normal 0.17435744849522478 0.9284767911083168 0.3279181735241855
outer loop
vertex 90.52251434326172 146.5 98.16796112060547
vertex 93.44766235351562 146.39999389648438 96.89579010009766
vertex 93.33028411865234 146.5 96.67504119873047
endloop
endfacet
facet normal 0.17435788154917906 0.9284763457472732 0.3279192042706136
outer loop
vertex 90.52251434326172 146.5 98.16796112060547
vertex 92.16781616210938 145.6999969482422 99.55828094482422
vertex 93.44766235351562 146.39999389648438 96.89579010009766
endloop
endfacet
facet normal 0.0 -1.0 0.0
outer loop
vertex 91.10352325439453 139.14999389648438 89.93104553222656
vertex 93.92035675048828 139.14999389648438 95.22872924804688
vertex 92.8608169555664 139.14999389648438 95.79209899902344
endloop
endfacet
facet normal 0.0 -0.9999999999999999 0.0
outer loop
vertex 90.16458129882812 139.5 88.16514587402344
vertex 99.01647186279297 139.5 93.65164947509766
vertex 94.38982391357422 139.5 96.1116714477539
endloop
endfacet
facet normal 0.0 1.0 -0.0
outer loop
vertex 94.79122924804688 146.5 85.70511627197266
vertex 90.16458129882812 146.5 88.16514587402344
vertex 94.38982391357422 146.5 96.1116714477539
endloop
endfacet
facet normal -0.0 1.0 0.0
outer loop
vertex 91.10352325439453 146.85000610351562 89.93104553222656
vertex 92.8608169555664 146.85000610351562 95.79209899902344
vertex 93.92035675048828 146.85000610351562 95.22872924804688
endloop
endfacet
facet normal -0.0 -0.9999999999999999 0.0
outer loop
vertex 94.79122924804688 139.5 85.70511627197266
vertex 99.01647186279297 139.5 93.65164947509766
vertex 90.16458129882812 139.5 88.16514587402344
endloop
endfacet
facet normal -0.8829477788366892 6.686702877069365e-06 0.46947121296480465
outer loop
vertex 94.79122924804688 139.5 85.70511627197266
vertex 95.73017120361328 139.14999389648438 87.47101593017578
vertex 99.01647186279297 139.5 93.65164947509766
endloop
endfacet
facet normal -0.8829477788366892 -6.686702877069365e-06 0.46947121296480465
outer loop
vertex 94.79122924804688 146.5 85.70511627197266
vertex 99.01647186279297 146.5 93.65164947509766
vertex 95.73017120361328 146.85000610351562 87.47101593017578
endloop
endfacet
facet normal -0.0 0.9999999999999999 -0.0
outer loop
vertex 94.79122924804688 146.5 85.70511627197266
vertex 94.38982391357422 146.5 96.1116714477539
vertex 99.01647186279297 146.5 93.65164947509766
endloop
endfacet
facet normal 0.8829472406220256 3.0042942961104157e-06 -0.4694722252369413
outer loop
vertex 91.10352325439453 139.14999389648438 89.93104553222656
vertex 94.85929870605469 139.5 96.99462127685547
vertex 93.92035675048828 139.14999389648438 95.22872924804688
endloop
endfacet
facet normal 0.8829467466444277 2.7038555659339156e-05 -0.46947315350181335
outer loop
vertex 91.10352325439453 139.14999389648438 89.93104553222656
vertex 94.38982391357422 139.5 96.1116714477539
vertex 94.85929870605469 139.5 96.99462127685547
endloop
endfacet
facet normal 0.080929438318599 -0.9850299078863695 0.15220547487789815
outer loop
vertex 92.8608169555664 139.14999389648438 95.79209899902344
vertex 93.92035675048828 139.14999389648438 95.22872924804688
vertex 93.79975891113281 139.5 97.55799102783203
endloop
endfacet
facet normal 0.080929438318599 -0.9850299078863695 0.15220547487789815
outer loop
vertex 93.92035675048828 139.14999389648438 95.22872924804688
vertex 94.85929870605469 139.5 96.99462127685547
vertex 93.79975891113281 139.5 97.55799102783203
endloop
endfacet
facet normal 0.8829467465571588 -3.0475564770623384e-05 -0.46947315345541146
outer loop
vertex 94.38982391357422 139.5 96.1116714477539
vertex 94.5072021484375 139.60000610351562 96.3324203491211
vertex 94.85929870605469 139.5 96.99462127685547
endloop
endfacet
facet normal -0.8829467465571588 3.0475564770623384e-05 0.46947315345541146
outer loop
vertex 93.33028411865234 139.5 96.67504119873047
vertex 93.79975891113281 139.5 97.55799102783203
vertex 93.44766235351562 139.60000610351562 96.89579010009766
endloop
endfacet
facet normal -0.8829486547680262 0.0 0.46946956561989506
outer loop
vertex 93.44766235351562 139.60000610351562 96.89579010009766
vertex 93.79975891113281 139.5 97.55799102783203
vertex 93.79975891113281 139.60000610351562 97.55799102783203
endloop
endfacet
facet normal 0.0 0.9999999999999999 -0.0
outer loop
vertex 94.5072021484375 139.60000610351562 96.3324203491211
vertex 93.44766235351562 139.60000610351562 96.89579010009766
vertex 93.79975891113281 139.60000610351562 97.55799102783203
endloop
endfacet
facet normal 0.46947315367342546 0.0 0.8829467469671817
outer loop
vertex 93.79975891113281 139.5 97.55799102783203
vertex 94.85929870605469 139.60000610351562 96.99462127685547
vertex 93.79975891113281 139.60000610351562 97.55799102783203
endloop
endfacet
facet normal -0.0 0.9999999999999999 -0.0
outer loop
vertex 94.5072021484375 139.60000610351562 96.3324203491211
vertex 93.79975891113281 139.60000610351562 97.55799102783203
vertex 94.85929870605469 139.60000610351562 96.99462127685547
endloop
endfacet
facet normal 0.46947315367342546 -0.0 0.8829467469671817
outer loop
vertex 93.79975891113281 139.5 97.55799102783203
vertex 94.85929870605469 139.5 96.99462127685547
vertex 94.85929870605469 139.60000610351562 96.99462127685547
endloop
endfacet
facet normal 0.8829467466444277 -2.7038555659339156e-05 -0.46947315350181335
outer loop
vertex 91.10352325439453 146.85000610351562 89.93104553222656
vertex 94.85929870605469 146.5 96.99462127685547
vertex 94.38982391357422 146.5 96.1116714477539
endloop
endfacet
facet normal 0.8829472406220256 -3.0042942961104157e-06 -0.4694722252369413
outer loop
vertex 91.10352325439453 146.85000610351562 89.93104553222656
vertex 93.92035675048828 146.85000610351562 95.22872924804688
vertex 94.85929870605469 146.5 96.99462127685547
endloop
endfacet
facet normal 0.080929438318599 0.9850299078863695 0.15220547487789815
outer loop
vertex 92.8608169555664 146.85000610351562 95.79209899902344
vertex 93.79975891113281 146.5 97.55799102783203
vertex 93.92035675048828 146.85000610351562 95.22872924804688
endloop
endfacet
facet normal 0.080929438318599 0.9850299078863695 0.15220547487789815
outer loop
vertex 93.92035675048828 146.85000610351562 95.22872924804688
vertex 93.79975891113281 146.5 97.55799102783203
vertex 94.85929870605469 146.5 96.99462127685547
endloop
endfacet
facet normal 0.8829467469545917 -5.340208305888644e-06 -0.4694731536667312
outer loop
vertex 94.38982391357422 146.5 96.1116714477539
vertex 94.85929870605469 146.5 96.99462127685547
vertex 94.5072021484375 146.39999389648438 96.33242797851562
endloop
endfacet
facet normal -0.8829467465571588 -3.0475564770623384e-05 0.46947315345541146
outer loop
vertex 93.33028411865234 146.5 96.67504119873047
vertex 93.44766235351562 146.39999389648438 96.89579010009766
vertex 93.79975891113281 146.5 97.55799102783203
endloop
endfacet
facet normal 0.17435566529610635 0.9284770708596988 0.3279183295684249
outer loop
vertex 92.16781616210938 145.6999969482422 99.55828094482422
vertex 94.5072021484375 146.39999389648438 96.33242797851562
vertex 93.44766235351562 146.39999389648438 96.89579010009766
endloop
endfacet
facet normal -0.8829486547680262 0.0 0.46946956561989506
outer loop
vertex 93.44766235351562 146.39999389648438 96.89579010009766
vertex 93.79975891113281 146.39999389648438 97.55799102783203
vertex 93.79975891113281 146.5 97.55799102783203
endloop
endfacet
facet normal 0.0 -0.9999999999999999 0.0
outer loop
vertex 93.44766235351562 146.39999389648438 96.89579010009766
vertex 94.85929870605469 146.39999389648438 96.99462127685547
vertex 93.79975891113281 146.39999389648438 97.55799102783203
endloop
endfacet
facet normal -0.0 -1.0 0.0
outer loop
vertex 94.5072021484375 146.39999389648438 96.33242797851562
vertex 94.85929870605469 146.39999389648438 96.99462127685547
vertex 93.44766235351562 146.39999389648438 96.89579010009766
endloop
endfacet
facet normal 0.46947315367342546 0.0 0.8829467469671817
outer loop
vertex 93.79975891113281 146.39999389648438 97.55799102783203
vertex 94.85929870605469 146.39999389648438 96.99462127685547
vertex 93.79975891113281 146.5 97.55799102783203
endloop
endfacet
facet normal 0.46947315367342546 -0.0 0.8829467469671817
outer loop
vertex 93.79975891113281 146.5 97.55799102783203
vertex 94.85929870605469 146.39999389648438 96.99462127685547
vertex 94.85929870605469 146.5 96.99462127685547
endloop
endfacet
facet normal 0.17435689426846412 -0.9284767911052406 0.32791846822033505
outer loop
vertex 94.38982391357422 139.5 96.1116714477539
vertex 99.13384246826172 139.60000610351562 93.87239837646484
vertex 94.5072021484375 139.60000610351562 96.3324203491211
endloop
endfacet
facet normal 0.8829486547680262 0.0 -0.46946956561989506
outer loop
vertex 94.5072021484375 139.60000610351562 96.3324203491211
vertex 94.85929870605469 139.60000610351562 96.99462127685547
vertex 94.85929870605469 139.5 96.99462127685547
endloop
endfacet
facet normal 0.17435822730671688 0.9284760145050782 0.3279199583118188
outer loop
vertex 92.16781616210938 145.6999969482422 99.55828094482422
vertex 99.13384246826172 146.39999389648438 93.87239837646484
vertex 94.5072021484375 146.39999389648438 96.33242797851562
endloop
endfacet
facet normal 0.1743577042577011 -0.9284765280774444 0.32791878228494087
outer loop
vertex 90.52251434326172 139.5 98.16796112060547
vertex 93.44766235351562 139.60000610351562 96.89579010009766
vertex 103.11636352539062 140.3000030517578 93.73683166503906
endloop
endfacet
facet normal 0.17435262035674978 0.9284802415550021 0.32791097086968624
outer loop
vertex 94.38982391357422 146.5 96.1116714477539
vertex 94.5072021484375 146.39999389648438 96.33242797851562
vertex 99.01647186279297 146.5 93.65164947509766
endloop
endfacet
facet normal 0.17435785196393971 -0.9284763400879451 0.3279192360252988
outer loop
vertex 90.52251434326172 139.5 98.16796112060547
vertex 103.11636352539062 140.3000030517578 93.73683166503906
vertex 92.16781616210938 140.3000030517578 99.55828094482422
endloop
endfacet
facet normal 0.8829464126602949 0.0 -0.46947378240996157
outer loop
vertex 94.5072021484375 146.39999389648438 96.33242797851562
vertex 94.85929870605469 146.5 96.99462127685547
vertex 94.85929870605469 146.39999389648438 96.99462127685547
endloop
endfacet
facet normal 0.46947177552369906 0.0 0.8829474797441949
outer loop
vertex 92.16781616210938 140.3000030517578 99.55828094482422
vertex 103.11636352539062 140.3000030517578 93.73683166503906
vertex 92.16781616210938 145.6999969482422 99.55828094482422
endloop
endfacet
facet normal 0.8829476678307199 0.0 -0.46947142178442836
outer loop
vertex 98.84027099609375 137.0 75.47040557861328
vertex 98.84027099609375 146.0 75.47040557861328
vertex 101.7208480834961 137.0 80.88798522949219
endloop
endfacet
facet normal 0.8829476678307199 0.0 -0.46947142178442836
outer loop
vertex 98.84027099609375 146.0 75.47040557861328
vertex 101.7208480834961 147.7373046875 80.88798522949219
vertex 101.7208480834961 137.0 80.88798522949219
endloop
endfacet
facet normal 0.8829476678307199 0.0 -0.46947142178442836
outer loop
vertex 98.84027099609375 146.0 75.47040557861328
vertex 101.7208480834961 149.0 80.88798522949219
vertex 101.7208480834961 147.7373046875 80.88798522949219
endloop
endfacet
facet normal 0.46947176101928756 0.0 0.8829474874563316
outer loop
vertex 98.1890640258789 139.5 82.765869140625
vertex 101.7208480834961 147.7373046875 80.88798522949219
vertex 98.1890640258789 146.5 82.765869140625
endloop
endfacet
facet normal 0.46947176101928756 -0.0 0.8829474874563317
outer loop
vertex 98.1890640258789 139.5 82.765869140625
vertex 101.7208480834961 137.0 80.88798522949219
vertex 101.7208480834961 147.7373046875 80.88798522949219
endloop
endfacet
facet normal 0.46947176101928756 -0.0 0.8829474874563317
outer loop
vertex 98.1890640258789 146.5 82.765869140625
vertex 101.7208480834961 147.7373046875 80.88798522949219
vertex 101.7208480834961 149.0 80.88798522949219
endloop
endfacet
facet normal 0.0 -1.0 0.0
outer loop
vertex 95.85076141357422 139.5 85.14175415039062
vertex 98.1890640258789 139.5 82.765869140625
vertex 102.88378143310547 139.5 91.5953598022461
endloop
endfacet
facet normal 0.8829478438215704 0.0 -0.46947109079350113
outer loop
vertex 98.1890640258789 139.5 82.765869140625
vertex 98.1890640258789 146.5 82.765869140625
vertex 102.88378143310547 146.5 91.5953598022461
endloop
endfacet
facet normal -0.0 1.0 0.0
outer loop
vertex 95.85076141357422 146.5 85.14175415039062
vertex 102.88378143310547 146.5 91.5953598022461
vertex 98.1890640258789 146.5 82.765869140625
endloop
endfacet
facet normal 0.0 -1.0 0.0
outer loop
vertex 95.73017120361328 139.14999389648438 87.47101593017578
vertex 96.78970336914062 139.14999389648438 86.90764617919922
vertex 98.5469970703125 139.14999389648438 92.7686996459961
endloop
endfacet
facet normal 0.8829475920174542 1.2726748943596342e-06 -0.4694715643667458
outer loop
vertex 95.85076141357422 139.5 85.14175415039062
vertex 100.07600402832031 139.5 93.0882797241211
vertex 96.78970336914062 139.14999389648438 86.90764617919922
endloop
endfacet
facet normal 0.0 -1.0 0.0
outer loop
vertex 96.78970336914062 139.14999389648438 86.90764617919922
vertex 99.60653686523438 139.14999389648438 92.20532989501953
vertex 98.5469970703125 139.14999389648438 92.7686996459961
endloop
endfacet
facet normal -0.8829477677090312 3.4111607661822576e-06 0.4694712339281318
outer loop
vertex 95.73017120361328 139.14999389648438 87.47101593017578
vertex 98.5469970703125 139.14999389648438 92.7686996459961
vertex 99.4859390258789 139.5 94.53459167480469
endloop
endfacet
facet normal -0.8829482276566455 2.5818316105608085e-05 0.4694703681931411
outer loop
vertex 95.73017120361328 139.14999389648438 87.47101593017578
vertex 99.4859390258789 139.5 94.53459167480469
vertex 99.01647186279297 139.5 93.65164947509766
endloop
endfacet
facet normal -0.0 1.0 0.0
outer loop
vertex 95.73017120361328 146.85000610351562 87.47101593017578
vertex 98.5469970703125 146.85000610351562 92.7686996459961
vertex 96.78970336914062 146.85000610351562 86.90764617919922
endloop
endfacet
facet normal 0.8829475920174542 -1.2726748943596342e-06 -0.4694715643667458
outer loop
vertex 95.85076141357422 146.5 85.14175415039062
vertex 96.78970336914062 146.85000610351562 86.90764617919922
vertex 100.07600402832031 146.5 93.0882797241211
endloop
endfacet
facet normal -0.0 1.0 0.0
outer loop
vertex 96.78970336914062 146.85000610351562 86.90764617919922
vertex 98.5469970703125 146.85000610351562 92.7686996459961
vertex 99.60653686523438 146.85000610351562 92.20532989501953
endloop
endfacet
facet normal -0.8829482276566455 -2.5818316105608085e-05 0.4694703681931411
outer loop
vertex 95.73017120361328 146.85000610351562 87.47101593017578
vertex 99.01647186279297 146.5 93.65164947509766
vertex 99.4859390258789 146.5 94.53459167480469
endloop
endfacet
facet normal -0.8829477677090312 -3.4111607661822576e-06 0.4694712339281318
outer loop
vertex 95.73017120361328 146.85000610351562 87.47101593017578
vertex 99.4859390258789 146.5 94.53459167480469
vertex 98.5469970703125 146.85000610351562 92.7686996459961
endloop
endfacet
facet normal 0.0 -0.9999999999999999 0.0
outer loop
vertex 95.85076141357422 139.5 85.14175415039062
vertex 102.88378143310547 139.5 91.5953598022461
vertex 100.07600402832031 139.5 93.0882797241211
endloop
endfacet
facet normal 0.8829472405486466 1.3237798201997388e-05 -0.4694722251979249
outer loop
vertex 96.78970336914062 139.14999389648438 86.90764617919922
vertex 100.54547882080078 139.5 93.97122955322266
vertex 99.60653686523438 139.14999389648438 92.20532989501953
endloop
endfacet
facet normal 0.8829467463538834 3.727207978827699e-05 -0.46947315334732753
outer loop
vertex 96.78970336914062 139.14999389648438 86.90764617919922
vertex 100.07600402832031 139.5 93.0882797241211
vertex 100.54547882080078 139.5 93.97122955322266
endloop
endfacet
facet normal 0.080929438318599 -0.9850299078863695 0.15220547487789815
outer loop
vertex 98.5469970703125 139.14999389648438 92.7686996459961
vertex 99.60653686523438 139.14999389648438 92.20532989501953
vertex 99.4859390258789 139.5 94.53459167480469
endloop
endfacet
facet normal 0.0809283194120367 -0.9850300064767482 0.1522054317610272
outer loop
vertex 99.60653686523438 139.14999389648438 92.20532989501953
vertex 100.54547882080078 139.5 93.97122955322266
vertex 99.4859390258789 139.5 94.53459167480469
endloop
endfacet
facet normal 0.8829467465571588 -3.0475564770623384e-05 -0.46947315345541146
outer loop
vertex 100.07600402832031 139.5 93.0882797241211
vertex 100.1933822631836 139.60000610351562 93.30902862548828
vertex 100.54547882080078 139.5 93.97122955322266
endloop
endfacet
facet normal 0.8829486547680262 0.0 -0.46946956561989506
outer loop
vertex 100.1933822631836 139.60000610351562 93.30902862548828
vertex 100.54547882080078 139.60000610351562 93.97122955322266
vertex 100.54547882080078 139.5 93.97122955322266
endloop
endfacet
facet normal -0.0 0.9999999999999999 0.0
outer loop
vertex 95.85076141357422 146.5 85.14175415039062
vertex 100.07600402832031 146.5 93.0882797241211
vertex 102.88378143310547 146.5 91.5953598022461
endloop
endfacet
facet normal 0.8829467463538834 -3.727207978827699e-05 -0.46947315334732753
outer loop
vertex 96.78970336914062 146.85000610351562 86.90764617919922
vertex 100.54547882080078 146.5 93.97122955322266
vertex 100.07600402832031 146.5 93.0882797241211
endloop
endfacet
facet normal 0.8829472405486466 -1.3237798201997388e-05 -0.4694722251979249
outer loop
vertex 96.78970336914062 146.85000610351562 86.90764617919922
vertex 99.60653686523438 146.85000610351562 92.20532989501953
vertex 100.54547882080078 146.5 93.97122955322266
endloop
endfacet
facet normal 0.080929438318599 0.9850299078863695 0.15220547487789815
outer loop
vertex 98.5469970703125 146.85000610351562 92.7686996459961
vertex 99.4859390258789 146.5 94.53459167480469
vertex 99.60653686523438 146.85000610351562 92.20532989501953
endloop
endfacet
facet normal 0.0809283194120367 0.9850300064767482 0.1522054317610272
outer loop
vertex 99.60653686523438 146.85000610351562 92.20532989501953
vertex 99.4859390258789 146.5 94.53459167480469
vertex 100.54547882080078 146.5 93.97122955322266
endloop
endfacet
facet normal 0.174358281653903 -0.92847641007568 0.32791880938987883
outer loop
vertex 100.1933822631836 139.60000610351562 93.30902862548828
vertex 103.11636352539062 140.3000030517578 93.73683166503906
vertex 99.13384246826172 139.60000610351562 93.87239837646484
endloop
endfacet
facet normal -0.0 -0.9999999999999999 0.0
outer loop
vertex 100.1933822631836 146.39999389648438 93.30902862548828
vertex 100.54547882080078 146.39999389648438 93.97122955322266
vertex 99.13384246826172 146.39999389648438 93.87239837646484
endloop
endfacet
facet normal 0.8829467465571588 3.0475564770623384e-05 -0.46947315345541146
outer loop
vertex 100.07600402832031 146.5 93.0882797241211
vertex 100.54547882080078 146.5 93.97122955322266
vertex 100.1933822631836 146.39999389648438 93.30902862548828
endloop
endfacet
facet normal 0.8829486547680262 0.0 -0.46946956561989506
outer loop
vertex 100.1933822631836 146.39999389648438 93.30902862548828
vertex 100.54547882080078 146.5 93.97122955322266
vertex 100.54547882080078 146.39999389648438 93.97122955322266
endloop
endfacet
facet normal 0.17435882348306547 -0.9284749563763252 0.32792263730273696
outer loop
vertex 94.38982391357422 139.5 96.1116714477539
vertex 99.01647186279297 139.5 93.65164947509766
vertex 99.13384246826172 139.60000610351562 93.87239837646484
endloop
endfacet
facet normal 0.17435699126322343 -0.9284775095106189 0.327916382528526
outer loop
vertex 94.5072021484375 139.60000610351562 96.3324203491211
vertex 103.11636352539062 140.3000030517578 93.73683166503906
vertex 93.44766235351562 139.60000610351562 96.89579010009766
endloop
endfacet
facet normal 0.1743594692025474 0.9284749563732516 0.32792229397693345
outer loop
vertex 94.5072021484375 146.39999389648438 96.33242797851562
vertex 99.13384246826172 146.39999389648438 93.87239837646484
vertex 99.01647186279297 146.5 93.65164947509766
endloop
endfacet
facet normal 0.1743599440567621 0.9284749936660864 0.327921935901342
outer loop
vertex 92.16781616210938 145.6999969482422 99.55828094482422
vertex 100.1933822631836 146.39999389648438 93.30902862548828
vertex 99.13384246826172 146.39999389648438 93.87239837646484
endloop
endfacet
facet normal 0.17435735037722064 0.9284765938472811 0.327918784224366
outer loop
vertex 92.16781616210938 145.6999969482422 99.55828094482422
vertex 102.88378143310547 146.5 91.5953598022461
vertex 100.1933822631836 146.39999389648438 93.30902862548828
endloop
endfacet
facet normal -0.8829482275797103 -2.8997484778498198e-05 0.46947036815223403
outer loop
vertex 99.01647186279297 139.5 93.65164947509766
vertex 99.4859390258789 139.5 94.53459167480469
vertex 99.13384246826172 139.60000610351562 93.87239837646484
endloop
endfacet
facet normal -0.8829464126602949 0.0 0.46947378240996157
outer loop
vertex 99.13384246826172 139.60000610351562 93.87239837646484
vertex 99.4859390258789 139.5 94.53459167480469
vertex 99.4859390258789 139.60000610351562 94.53459167480469
endloop
endfacet
facet normal 0.0 1.0 -0.0
outer loop
vertex 100.1933822631836 139.60000610351562 93.30902862548828
vertex 99.13384246826172 139.60000610351562 93.87239837646484
vertex 99.4859390258789 139.60000610351562 94.53459167480469
endloop
endfacet
facet normal 0.4694681971372784 0.0 0.8829493823978097
outer loop
vertex 99.4859390258789 139.5 94.53459167480469
vertex 100.54547882080078 139.60000610351562 93.97122955322266
vertex 99.4859390258789 139.60000610351562 94.53459167480469
endloop
endfacet
facet normal -0.0 1.0 -0.0
outer loop
vertex 100.1933822631836 139.60000610351562 93.30902862548828
vertex 99.4859390258789 139.60000610351562 94.53459167480469
vertex 100.54547882080078 139.60000610351562 93.97122955322266
endloop
endfacet
facet normal 0.4694681971372784 -0.0 0.8829493823978097
outer loop
vertex 99.4859390258789 139.5 94.53459167480469
vertex 100.54547882080078 139.5 93.97122955322266
vertex 100.54547882080078 139.60000610351562 93.97122955322266
endloop
endfacet
facet normal 0.17435822308357585 -0.9284756589194272 0.32792096736450604
outer loop
vertex 94.5072021484375 139.60000610351562 96.3324203491211
vertex 99.13384246826172 139.60000610351562 93.87239837646484
vertex 103.11636352539062 140.3000030517578 93.73683166503906
endloop
endfacet
facet normal 0.46947177552369906 -0.0 0.8829474797441949
outer loop
vertex 92.16781616210938 145.6999969482422 99.55828094482422
vertex 103.11636352539062 140.3000030517578 93.73683166503906
vertex 103.11636352539062 145.6999969482422 93.73683166503906
endloop
endfacet
facet normal -0.8829482275797103 2.8997484778498198e-05 0.46947036815223403
outer loop
vertex 99.01647186279297 146.5 93.65164947509766
vertex 99.13384246826172 146.39999389648438 93.87239837646484
vertex 99.4859390258789 146.5 94.53459167480469
endloop
endfacet
facet normal -0.8829464126602949 0.0 0.46947378240996157
outer loop
vertex 99.13384246826172 146.39999389648438 93.87239837646484
vertex 99.4859390258789 146.39999389648438 94.53459167480469
vertex 99.4859390258789 146.5 94.53459167480469
endloop
endfacet
facet normal 0.17435817054145258 0.928476068652055 0.3279198351821103
outer loop
vertex 92.16781616210938 145.6999969482422 99.55828094482422
vertex 103.11636352539062 145.6999969482422 93.73683166503906
vertex 102.88378143310547 146.5 91.5953598022461
endloop
endfacet
facet normal 0.0 -1.0 0.0
outer loop
vertex 99.13384246826172 146.39999389648438 93.87239837646484
vertex 100.54547882080078 146.39999389648438 93.97122955322266
vertex 99.4859390258789 146.39999389648438 94.53459167480469
endloop
endfacet
facet normal 0.4694681971372784 0.0 0.8829493823978097
outer loop
vertex 99.4859390258789 146.39999389648438 94.53459167480469
vertex 100.54547882080078 146.39999389648438 93.97122955322266
vertex 99.4859390258789 146.5 94.53459167480469
endloop
endfacet
facet normal 0.4694681971372784 -0.0 0.8829493823978097
outer loop
vertex 99.4859390258789 146.5 94.53459167480469
vertex 100.54547882080078 146.39999389648438 93.97122955322266
vertex 100.54547882080078 146.5 93.97122955322266
endloop
endfacet
facet normal 0.17435707914779072 -0.9284767911063075 0.3279183699154185
outer loop
vertex 100.07600402832031 139.5 93.0882797241211
vertex 102.88378143310547 139.5 91.5953598022461
vertex 100.1933822631836 139.60000610351562 93.30902862548828
endloop
endfacet
facet normal 0.8829478438215704 0.0 -0.46947109079350113
outer loop
vertex 98.1890640258789 139.5 82.765869140625
vertex 102.88378143310547 146.5 91.5953598022461
vertex 102.88378143310547 139.5 91.5953598022461
endloop
endfacet
facet normal 0.17435707914779072 0.9284767911063075 0.3279183699154185
outer loop
vertex 100.07600402832031 146.5 93.0882797241211
vertex 100.1933822631836 146.39999389648438 93.30902862548828
vertex 102.88378143310547 146.5 91.5953598022461
endloop
endfacet
facet normal 0.994153764827807 0.0 -0.1079735702785512
outer loop
vertex 102.88378143310547 139.5 91.5953598022461
vertex 102.88378143310547 146.5 91.5953598022461
vertex 103.11636352539062 140.3000030517578 93.73683166503906
endloop
endfacet
facet normal 0.17435805077436176 -0.9284760844629034 0.32791985409639457
outer loop
vertex 100.1933822631836 139.60000610351562 93.30902862548828
vertex 102.88378143310547 139.5 91.5953598022461
vertex 103.11636352539062 140.3000030517578 93.73683166503906
endloop
endfacet
facet normal 0.994153764827807 0.0 -0.1079735702785512
outer loop
vertex 102.88378143310547 146.5 91.5953598022461
vertex 103.11636352539062 145.6999969482422 93.73683166503906
vertex 103.11636352539062 140.3000030517578 93.73683166503906
endloop
endfacet
facet normal 0.8829499819489487 0.0 -0.46946706953347783
outer loop
vertex 54.62814712524414 146.0 11.823467254638672
vertex 54.71166229248047 146.0 11.980538368225098
vertex 54.62814712524414 139.1999969482422 11.823467254638672
endloop
endfacet
facet normal 0.0 1.0 0.0
outer loop
vertex 60.35944747924805 139.1999969482422 22.60247802734375
vertex 54.98031234741211 139.1999969482422 11.823467254638672
vertex 54.62814712524414 139.1999969482422 11.823467254638672
endloop
endfacet
facet normal 0.8829475994827456 1.327610423019089e-07 -0.46947155032828064
outer loop
vertex 60.35944747924805 146.8000030517578 22.60247802734375
vertex 54.62814712524414 139.1999969482422 11.823467254638672
vertex 54.71166229248047 146.0 11.980538368225098
endloop
endfacet
facet normal 0.8829476036275448 0.0 -0.4694715425330656
outer loop
vertex 60.35944747924805 146.8000030517578 22.60247802734375
vertex 54.71166229248047 146.0 11.980538368225098
vertex 54.71166229248047 146.07090759277344 11.980538368225098
endloop
endfacet
facet normal 0.8829476036275448 0.0 -0.4694715425330656
outer loop
vertex 60.35944747924805 146.8000030517578 22.60247802734375
vertex 54.71166229248047 146.07090759277344 11.980538368225098
vertex 54.71166229248047 146.8000030517578 11.980538368225098
endloop
endfacet
facet normal 0.0 1.0 0.0
outer loop
vertex 60.35944747924805 139.1999969482422 22.60247802734375
vertex 62.622764587402344 139.1999969482422 7.355183124542236
vertex 54.98031234741211 139.1999969482422 11.823467254638672
endloop
endfacet
facet normal 0.0 -1.0 -0.0
outer loop
vertex 60.35944747924805 146.8000030517578 22.60247802734375
vertex 54.71166229248047 146.8000030517578 11.980538368225098
vertex 62.622764587402344 146.8000030517578 7.355183124542236
endloop
endfacet
facet normal 0.0 1.0 0.0
outer loop
vertex 60.35944747924805 139.1999969482422 22.60247802734375
vertex 64.99859619140625 139.1999969482422 11.823467254638672
vertex 62.622764587402344 139.1999969482422 7.355183124542236
endloop
endfacet
facet normal 0.8829476382843758 0.0 -0.4694714773530372
outer loop
vertex 60.35944747924805 139.1999969482422 22.60247802734375
vertex 54.62814712524414 139.1999969482422 11.823467254638672
vertex 60.35944747924805 146.8000030517578 22.60247802734375
endloop
endfacet
facet normal 0.0 -1.0 0.0
outer loop
vertex 60.35944747924805 146.8000030517578 22.60247802734375
vertex 62.622764587402344 146.8000030517578 7.355183124542236
vertex 68.4442138671875 146.8000030517578 18.30373191833496
endloop
endfacet
facet normal 0.0 1.0 0.0
outer loop
vertex 60.35944747924805 139.1999969482422 22.60247802734375
vertex 71.16366577148438 139.1999969482422 11.823467254638672
vertex 64.99859619140625 139.1999969482422 11.823467254638672
endloop
endfacet
facet normal 0.0 1.0 0.0
outer loop
vertex 60.35944747924805 139.1999969482422 22.60247802734375
vertex 71.73058319091797 139.1999969482422 16.556337356567383
vertex 71.16366577148438 139.1999969482422 11.823467254638672
endloop
endfacet
facet normal -0.4694715969380128 -0.0 -0.8829475746999208
outer loop
vertex 60.35944747924805 139.1999969482422 22.60247802734375
vertex 71.73058319091797 146.0 16.556337356567383
vertex 71.73058319091797 139.1999969482422 16.556337356567383
endloop
endfacet
facet normal -0.46947152598480846 0.0 -0.8829476124264083
outer loop
vertex 60.35944747924805 139.1999969482422 22.60247802734375
vertex 60.35944747924805 146.8000030517578 22.60247802734375
vertex 68.4442138671875 146.0 18.30373191833496
endloop
endfacet
facet normal -0.46947152598480857 -0.0 -0.8829476124264085
outer loop
vertex 60.35944747924805 146.8000030517578 22.60247802734375
vertex 68.4442138671875 146.8000030517578 18.30373191833496
vertex 68.4442138671875 146.0 18.30373191833496
endloop
endfacet
facet normal -0.46947177148925434 3.7441043659996844e-07 -0.8829474818892691
outer loop
vertex 60.35944747924805 139.1999969482422 22.60247802734375
vertex 68.4442138671875 146.0 18.30373191833496
vertex 71.73058319091797 146.0 16.556337356567383
endloop
endfacet
facet normal -0.8829468736797162 0.0 0.4694729153627662
outer loop
vertex 71.16366577148438 139.1999969482422 11.823467254638672
vertex 71.73058319091797 139.1999969482422 12.889679908752441
vertex 71.16366577148438 146.0 11.823467254638672
endloop
endfacet
facet normal -0.8829468736797162 0.0 0.4694729153627662
outer loop
vertex 71.16366577148438 146.0 11.823467254638672
vertex 71.73058319091797 139.1999969482422 12.889679908752441
vertex 71.73058319091797 146.0 12.889679908752441
endloop
endfacet
facet normal -0.0 1.0 0.0
outer loop
vertex 71.16366577148438 139.1999969482422 11.823467254638672
vertex 71.73058319091797 139.1999969482422 16.556337356567383
vertex 71.73058319091797 139.1999969482422 12.889679908752441
endloop
endfacet

endsolid
