solid 
facet normal -0.469474060783093 -3.139394328213451e-07 -0.8829462646456657
outer loop
vertex 6.262786865234375 3.0 12.9151611328125
vertex 11.252227783203125 12.0 10.26220703125
vertex 7.636474609375 3.0 12.18475341796875
endloop
endfacet
facet normal -0.4694746699803334 0.0 -0.8829459407273228
outer loop
vertex 7.636474609375 2.13201904296875 12.18475341796875
vertex 7.636474609375 3.0 12.18475341796875
vertex 11.252227783203125 12.0 10.26220703125
endloop
endfacet
facet normal -0.4694745022568487 0.0 -0.8829460299082181
outer loop
vertex 6.262786865234375 3.0 12.9151611328125
vertex 6.262786865234375 37.0 12.9151611328125
vertex 11.252227783203125 37.0 10.26220703125
endloop
endfacet
facet normal -1.0 0.0 0.0
outer loop
vertex 6.262786865234375 3.0 12.9151611328125
vertex 6.262786865234375 3.0 22.26220703125
vertex 6.262786865234375 34.0 17.80633544921875
endloop
endfacet
facet normal 0.0 -1.0 0.0
outer loop
vertex 6.262786865234375 3.0 12.9151611328125
vertex 7.636474609375 3.0 12.18475341796875
vertex 10.147369384765625 3.0 16.90704345703125
endloop
endfacet
facet normal -0.8829469245704478 0.0 0.4694728196515621
outer loop
vertex 7.636474609375 0.0 12.18475341796875
vertex 10.147369384765625 0.0 16.90704345703125
vertex 7.636474609375 2.13201904296875 12.18475341796875
endloop
endfacet
facet normal -0.8829469245704475 0.0 0.46947281965156207
outer loop
vertex 7.636474609375 2.13201904296875 12.18475341796875
vertex 10.147369384765625 3.0 16.90704345703125
vertex 7.636474609375 3.0 12.18475341796875
endloop
endfacet
facet normal 0.0 -1.0 0.0
outer loop
vertex 6.262786865234375 3.0 12.9151611328125
vertex 10.147369384765625 3.0 16.90704345703125
vertex 6.262786865234375 3.0 22.26220703125
endloop
endfacet
facet normal 0.0 -0.0 1.0
outer loop
vertex 6.262786865234375 3.0 22.26220703125
vertex 12.9947509765625 12.0 22.26220703125
vertex 6.262786865234375 34.0 22.26220703125
endloop
endfacet
facet normal -0.9999999999999999 0.0 0.0
outer loop
vertex 6.262786865234375 3.0 12.9151611328125
vertex 6.262786865234375 37.0 17.80633544921875
vertex 6.262786865234375 37.0 12.9151611328125
endloop
endfacet
facet normal -0.9999999999999999 0.0 0.0
outer loop
vertex 6.262786865234375 3.0 12.9151611328125
vertex 6.262786865234375 34.0 17.80633544921875
vertex 6.262786865234375 37.0 17.80633544921875
endloop
endfacet
facet normal 0.0 0.0 -1.0
outer loop
vertex 4.020416259765625 34.0 17.80633544921875
vertex 6.262786865234375 37.0 17.80633544921875
vertex 6.262786865234375 34.0 17.80633544921875
endloop
endfacet
facet normal -1.0 0.0 0.0
outer loop
vertex 6.262786865234375 3.0 22.26220703125
vertex 6.262786865234375 34.0 22.26220703125
vertex 6.262786865234375 34.0 17.80633544921875
endloop
endfacet
facet normal 0.0 -1.0 0.0
outer loop
vertex 4.020416259765625 34.0 17.80633544921875
vertex 6.262786865234375 34.0 17.80633544921875
vertex 6.262786865234375 34.0 22.26220703125
endloop
endfacet
facet normal 0.0 -1.0 0.0
outer loop
vertex 4.020416259765625 34.0 17.80633544921875
vertex 6.262786865234375 34.0 22.26220703125
vertex 4.262786865234375 34.0 24.26220703125
endloop
endfacet
facet normal -0.9992960183442651 0.0 0.037516232770603807
outer loop
vertex 4.020416259765625 34.0 17.80633544921875
vertex 4.262786865234375 34.0 24.26220703125
vertex 4.262786865234375 142.0 24.26220703125
endloop
endfacet
facet normal 0.0 0.0 -0.9999999999999999
outer loop
vertex 4.020416259765625 34.0 17.80633544921875
vertex 4.020416259765625 142.0 17.80633544921875
vertex 6.262786865234375 37.0 17.80633544921875
endloop
endfacet
facet normal -0.46947481217005227 -0.0 -0.8829458651230516
outer loop
vertex 7.636474609375 2.13201904296875 12.18475341796875
vertex 10.90338134765625 9.800003051757812 10.44769287109375
vertex 10.90338134765625 2.1999969482421875 10.44769287109375
endloop
endfacet
facet normal -0.4694756858571904 4.774671169597605e-07 -0.882945400570552
outer loop
vertex 7.636474609375 2.13201904296875 12.18475341796875
vertex 11.252227783203125 12.0 10.26220703125
vertex 10.90338134765625 9.800003051757812 10.44769287109375
endloop
endfacet
facet normal -0.46947450225684867 -0.0 -0.882946029908218
outer loop
vertex 6.262786865234375 3.0 12.9151611328125
vertex 11.252227783203125 37.0 10.26220703125
vertex 11.252227783203125 12.0 10.26220703125
endloop
endfacet
facet normal -0.46947160012202754 0.0 -0.8829475730069498
outer loop
vertex 7.636474609375 0.0 12.18475341796875
vertex 7.636474609375 2.13201904296875 12.18475341796875
vertex 27.061309814453125 0.0 1.85638427734375
endloop
endfacet
facet normal -0.46946907659620946 -0.0003517805290150681 -0.8829488447075299
outer loop
vertex 7.636474609375 2.13201904296875 12.18475341796875
vertex 10.90338134765625 2.1999969482421875 10.44769287109375
vertex 23.79443359375 2.1999969482421875 3.59344482421875
endloop
endfacet
facet normal 0.0 -0.9999999999999999 0.0
outer loop
vertex 7.636474609375 0.0 12.18475341796875
vertex 27.061309814453125 0.0 1.85638427734375
vertex 10.147369384765625 0.0 16.90704345703125
endloop
endfacet
facet normal -0.4694691056443295 -8.609237813653631e-07 -0.8829488993394647
outer loop
vertex 10.90338134765625 9.800003051757812 10.44769287109375
vertex 11.252227783203125 12.0 10.26220703125
vertex 23.79443359375 9.800003051757812 3.59344482421875
endloop
endfacet
facet normal -0.0 1.0 0.0
outer loop
vertex 10.90338134765625 2.1999969482421875 10.44769287109375
vertex 16.677886962890625 2.1999969482421875 21.30792236328125
vertex 23.79443359375 2.1999969482421875 3.59344482421875
endloop
endfacet
facet normal 0.0 0.0 -1.0
outer loop
vertex 11.252227783203125 12.0 10.26220703125
vertex 11.252227783203125 37.0 10.26220703125
vertex 21.512542724609375 12.0 10.26220703125
endloop
endfacet
facet normal -0.8829469245704478 0.0 0.4694728196515622
outer loop
vertex 7.636474609375 2.13201904296875 12.18475341796875
vertex 10.147369384765625 0.0 16.90704345703125
vertex 10.147369384765625 3.0 16.90704345703125
endloop
endfacet
facet normal 0.8829469470087787 0.0 -0.46947277745134175
outer loop
vertex 10.90338134765625 2.1999969482421875 10.44769287109375
vertex 10.90338134765625 9.800003051757812 10.44769287109375
vertex 16.677886962890625 9.800003051757812 21.30792236328125
endloop
endfacet
facet normal 0.0 -1.0 0.0
outer loop
vertex 6.262786865234375 3.0 22.26220703125
vertex 10.147369384765625 3.0 16.90704345703125
vertex 12.9947509765625 3.0 22.26220703125
endloop
endfacet
facet normal -0.8829482345291191 0.0 0.4694703559777887
outer loop
vertex 10.147369384765625 0.0 16.90704345703125
vertex 12.9947509765625 3.0 22.26220703125
vertex 10.147369384765625 3.0 16.90704345703125
endloop
endfacet
facet normal 0.0 0.0 1.0
outer loop
vertex 6.262786865234375 3.0 22.26220703125
vertex 12.9947509765625 3.0 22.26220703125
vertex 12.9947509765625 12.0 22.26220703125
endloop
endfacet
facet normal 0.8829469470087787 0.0 -0.46947277745134175
outer loop
vertex 10.90338134765625 2.1999969482421875 10.44769287109375
vertex 16.677886962890625 9.800003051757812 21.30792236328125
vertex 16.677886962890625 2.1999969482421875 21.30792236328125
endloop
endfacet
facet normal 0.0 1.0 0.0
outer loop
vertex 6.262786865234375 37.0 12.9151611328125
vertex 6.262786865234375 37.0 17.80633544921875
vertex 38.262786865234375 37.0 17.80633544921875
endloop
endfacet
facet normal 0.0 -1.0 0.0
outer loop
vertex 4.262786865234375 34.0 24.26220703125
vertex 6.262786865234375 34.0 22.26220703125
vertex 40.262786865234375 34.0 24.26220703125
endloop
endfacet
facet normal 0.0 0.0 -1.0
outer loop
vertex 6.262786865234375 37.0 17.80633544921875
vertex 4.020416259765625 142.0 17.80633544921875
vertex 38.262786865234375 37.0 17.80633544921875
endloop
endfacet
facet normal -0.8829475987903522 -2.7376879915858523e-06 0.46947155162251997
outer loop
vertex 10.147369384765625 0.0 16.90704345703125
vertex 20.4453125 0.0 36.274658203125
vertex 12.9947509765625 3.0 22.26220703125
endloop
endfacet
facet normal -0.882947355833316 0.0 0.46947200856595905
outer loop
vertex 12.9947509765625 3.0 22.26220703125
vertex 20.4453125 0.0 36.274658203125
vertex 12.9947509765625 12.0 22.26220703125
endloop
endfacet
facet normal -0.9992960183442651 0.0 0.037516232770603807
outer loop
vertex 4.020416259765625 34.0 17.80633544921875
vertex 4.262786865234375 142.0 24.26220703125
vertex 4.020416259765625 142.0 17.80633544921875
endloop
endfacet
facet normal 0.0 -1.0 0.0
outer loop
vertex 0.0 142.0 16.2451171875
vertex 4.020416259765625 142.0 17.80633544921875
vertex 4.262786865234375 142.0 24.26220703125
endloop
endfacet
facet normal -0.8829464706868682 0.0 0.4694736732784952
outer loop
vertex 0.0 142.0 16.2451171875
vertex 4.262786865234375 142.0 24.26220703125
vertex 4.262786865234375 144.0 24.26220703125
endloop
endfacet
facet normal -0.8829464706868682 0.0 0.4694736732784952
outer loop
vertex 0.0 142.0 16.2451171875
vertex 4.262786865234375 144.0 24.26220703125
vertex 4.262786865234375 156.0 24.26220703125
endloop
endfacet
facet normal -0.4694716768585497 0.0 -0.8829475322054089
outer loop
vertex 0.0 142.0 16.2451171875
vertex 0.0 156.0 16.2451171875
vertex 15.27630615234375 142.0 8.12255859375
endloop
endfacet
facet normal 0.0 -1.0 0.0
outer loop
vertex 0.0 142.0 16.2451171875
vertex 15.27630615234375 142.0 8.12255859375
vertex 4.020416259765625 142.0 17.80633544921875
endloop
endfacet
facet normal 0.0 -0.0 1.0
outer loop
vertex 4.262786865234375 34.0 24.26220703125
vertex 20.89422607421875 142.0 24.26220703125
vertex 4.262786865234375 142.0 24.26220703125
endloop
endfacet
facet normal -0.46948394964162316 0.0 -0.8829410065394527
outer loop
vertex 15.27630615234375 142.0 8.12255859375
vertex 15.27630615234375 156.0 8.12255859375
vertex 16.0313720703125 146.20000004768372 7.7210693359375
endloop
endfacet
facet normal -0.9992959231452746 0.0 0.03751876843972367
outer loop
vertex 15.27630615234375 138.0 8.12255859375
vertex 15.5994873046875 142.0 16.7303466796875
vertex 15.27630615234375 142.0 8.12255859375
endloop
endfacet
facet normal 0.0 -1.0 0.0
outer loop
vertex 4.020416259765625 142.0 17.80633544921875
vertex 15.27630615234375 142.0 8.12255859375
vertex 15.5994873046875 142.0 16.7303466796875
endloop
endfacet
facet normal 0.0 -0.0 1.0
outer loop
vertex 4.262786865234375 142.0 24.26220703125
vertex 20.89422607421875 142.0 24.26220703125
vertex 4.262786865234375 144.0 24.26220703125
endloop
endfacet
facet normal -0.9992959231452746 0.0 0.03751876843972367
outer loop
vertex 15.27630615234375 138.0 8.12255859375
vertex 15.5994873046875 138.0 16.7303466796875
vertex 15.5994873046875 142.0 16.7303466796875
endloop
endfacet
facet normal 0.0 -1.0 0.0
outer loop
vertex 4.020416259765625 142.0 17.80633544921875
vertex 15.5994873046875 142.0 16.7303466796875
vertex 26.266143798828125 142.0 16.7303466796875
endloop
endfacet
facet normal -0.0 0.0 1.0
outer loop
vertex 4.262786865234375 144.0 24.26220703125
vertex 20.89422607421875 142.0 24.26220703125
vertex 21.202239990234375 144.0 24.26220703125
endloop
endfacet
facet normal 0.0 0.0 1.0
outer loop
vertex 4.262786865234375 144.0 24.26220703125
vertex 21.202239990234375 144.0 24.26220703125
vertex 21.202239990234375 154.0 24.26220703125
endloop
endfacet
facet normal -0.4694703088659758 1.509004908369567e-05 -0.8829482594498816
outer loop
vertex 7.636474609375 2.13201904296875 12.18475341796875
vertex 23.79443359375 2.1999969482421875 3.59344482421875
vertex 27.061309814453125 0.0 1.85638427734375
endloop
endfacet
facet normal -0.4694708979552772 -1.3967984813201672e-05 -0.8829479462448289
outer loop
vertex 11.252227783203125 12.0 10.26220703125
vertex 27.061309814453125 12.0 1.85638427734375
vertex 23.79443359375 9.800003051757812 3.59344482421875
endloop
endfacet
facet normal 0.0 -1.0 0.0
outer loop
vertex 10.147369384765625 0.0 16.90704345703125
vertex 27.061309814453125 0.0 1.85638427734375
vertex 29.15496826171875 0.0 5.7939453125
endloop
endfacet
facet normal -0.0 0.9999999999999999 0.0
outer loop
vertex 11.252227783203125 12.0 10.26220703125
vertex 21.512542724609375 12.0 10.26220703125
vertex 29.15496826171875 12.0 5.7939453125
endloop
endfacet
facet normal 0.0 -0.9999999999999999 0.0
outer loop
vertex 10.90338134765625 9.800003051757812 10.44769287109375
vertex 23.79443359375 9.800003051757812 3.59344482421875
vertex 29.56890869140625 9.800003051757812 14.45367431640625
endloop
endfacet
facet normal 0.0 1.0 0.0
outer loop
vertex 11.252227783203125 12.0 10.26220703125
vertex 29.15496826171875 12.0 5.7939453125
vertex 27.061309814453125 12.0 1.85638427734375
endloop
endfacet
facet normal -0.4694782311495386 0.0 -0.8829440471947814
outer loop
vertex 23.79443359375 2.1999969482421875 3.59344482421875
vertex 23.79443359375 2.4797515869140625 3.59344482421875
vertex 27.061309814453125 0.0 1.85638427734375
endloop
endfacet
facet normal -0.4694782311495386 0.0 -0.8829440471947815
outer loop
vertex 23.79443359375 2.4797515869140625 3.59344482421875
vertex 23.79443359375 9.800003051757812 3.59344482421875
vertex 27.061309814453125 0.0 1.85638427734375
endloop
endfacet
facet normal -0.4694782311495386 -0.0 -0.8829440471947815
outer loop
vertex 23.79443359375 9.800003051757812 3.59344482421875
vertex 27.061309814453125 12.0 1.85638427734375
vertex 27.061309814453125 0.0 1.85638427734375
endloop
endfacet
facet normal -0.8829479754756495 0.0 0.4694708431877872
outer loop
vertex 23.79443359375 2.1999969482421875 3.59344482421875
vertex 29.56890869140625 2.1999969482421875 14.45367431640625
vertex 23.79443359375 2.4797515869140625 3.59344482421875
endloop
endfacet
facet normal -0.8829479754756495 0.0 0.4694708431877872
outer loop
vertex 23.79443359375 2.4797515869140625 3.59344482421875
vertex 29.56890869140625 2.1999969482421875 14.45367431640625
vertex 23.79443359375 9.800003051757812 3.59344482421875
endloop
endfacet
facet normal 0.0 -0.0 -1.0
outer loop
vertex 11.252227783203125 37.0 10.26220703125
vertex 38.262786865234375 37.0 10.26220703125
vertex 21.512542724609375 12.0 10.26220703125
endloop
endfacet
facet normal 0.0 -1.0 0.0
outer loop
vertex 10.90338134765625 9.800003051757812 10.44769287109375
vertex 29.56890869140625 9.800003051757812 14.45367431640625
vertex 16.677886962890625 9.800003051757812 21.30792236328125
endloop
endfacet
facet normal 0.0 -1.0 0.0
outer loop
vertex 10.147369384765625 0.0 16.90704345703125
vertex 29.15496826171875 0.0 5.7939453125
vertex 20.4453125 0.0 36.274658203125
endloop
endfacet
facet normal -0.46946997208858926 0.0 -0.8829484386458472
outer loop
vertex 16.677886962890625 2.1999969482421875 21.30792236328125
vertex 16.677886962890625 9.800003051757812 21.30792236328125
vertex 29.56890869140625 9.800003051757812 14.45367431640625
endloop
endfacet
facet normal -0.0 1.0 0.0
outer loop
vertex 6.262786865234375 37.0 12.9151611328125
vertex 38.262786865234375 37.0 17.80633544921875
vertex 11.252227783203125 37.0 10.26220703125
endloop
endfacet
facet normal -0.0 0.0 1.0
outer loop
vertex 6.262786865234375 34.0 22.26220703125
vertex 12.9947509765625 12.0 22.26220703125
vertex 37.911285400390625 12.0 22.26220703125
endloop
endfacet
facet normal 0.0 1.0 0.0
outer loop
vertex 16.677886962890625 2.1999969482421875 21.30792236328125
vertex 29.56890869140625 2.1999969482421875 14.45367431640625
vertex 23.79443359375 2.1999969482421875 3.59344482421875
endloop
endfacet
facet normal -0.46946997208858926 -0.0 -0.8829484386458472
outer loop
vertex 16.677886962890625 2.1999969482421875 21.30792236328125
vertex 29.56890869140625 9.800003051757812 14.45367431640625
vertex 29.56890869140625 2.1999969482421875 14.45367431640625
endloop
endfacet
facet normal 0.8829457238875723 0.0 -0.46947507779290143
outer loop
vertex 27.061309814453125 0.0 1.85638427734375
vertex 27.061309814453125 12.0 1.85638427734375
vertex 29.15496826171875 0.0 5.7939453125
endloop
endfacet
facet normal 0.8829457238875723 0.0 -0.46947507779290143
outer loop
vertex 27.061309814453125 12.0 1.85638427734375
vertex 29.15496826171875 12.0 5.7939453125
vertex 29.15496826171875 0.0 5.7939453125
endloop
endfacet
facet normal -0.8829479754756495 0.0 0.46947084318778715
outer loop
vertex 23.79443359375 9.800003051757812 3.59344482421875
vertex 29.56890869140625 2.1999969482421875 14.45367431640625
vertex 29.56890869140625 9.800003051757812 14.45367431640625
endloop
endfacet
facet normal -0.0 1.0 0.0
outer loop
vertex 21.512542724609375 12.0 10.26220703125
vertex 31.530792236328125 12.0 10.26220703125
vertex 29.15496826171875 12.0 5.7939453125
endloop
endfacet
facet normal 0.8829470132899332 0.0 -0.46947265279501277
outer loop
vertex 29.15496826171875 0.0 5.7939453125
vertex 29.15496826171875 12.0 5.7939453125
vertex 31.530792236328125 3.0 10.26220703125
endloop
endfacet
facet normal 0.8829470132899332 0.0 -0.46947265279501277
outer loop
vertex 29.15496826171875 12.0 5.7939453125
vertex 31.530792236328125 12.0 10.26220703125
vertex 31.530792236328125 3.0 10.26220703125
endloop
endfacet
facet normal 0.0 -0.0 -0.9999999999999999
outer loop
vertex 21.512542724609375 12.0 10.26220703125
vertex 38.262786865234375 37.0 10.26220703125
vertex 31.530792236328125 12.0 10.26220703125
endloop
endfacet
facet normal 0.0 0.0 -1.0
outer loop
vertex 31.530792236328125 3.0 10.26220703125
vertex 31.530792236328125 12.0 10.26220703125
vertex 38.262786865234375 3.0 10.26220703125
endloop
endfacet
facet normal 0.0 -1.0 0.0
outer loop
vertex 29.15496826171875 0.0 5.7939453125
vertex 39.452911376953125 0.0 25.16156005859375
vertex 20.4453125 0.0 36.274658203125
endloop
endfacet
facet normal -0.0 1.0 0.0
outer loop
vertex 11.252227783203125 37.0 10.26220703125
vertex 38.262786865234375 37.0 17.80633544921875
vertex 38.262786865234375 37.0 10.26220703125
endloop
endfacet
facet normal -0.0 0.0 1.0
outer loop
vertex 6.262786865234375 34.0 22.26220703125
vertex 37.911285400390625 12.0 22.26220703125
vertex 38.262786865234375 34.0 22.26220703125
endloop
endfacet
facet normal 0.0 -1.0 0.0
outer loop
vertex 6.262786865234375 34.0 22.26220703125
vertex 38.262786865234375 34.0 22.26220703125
vertex 40.262786865234375 34.0 24.26220703125
endloop
endfacet
facet normal 0.882947598791707 -2.1037909426688452e-06 -0.46947155162324034
outer loop
vertex 29.15496826171875 0.0 5.7939453125
vertex 31.530792236328125 3.0 10.26220703125
vertex 39.452911376953125 0.0 25.16156005859375
endloop
endfacet
facet normal 0.0 -0.0 1.0
outer loop
vertex 4.262786865234375 34.0 24.26220703125
vertex 40.262786865234375 34.0 24.26220703125
vertex 39.608245849609375 142.0 24.26220703125
endloop
endfacet
facet normal -0.8829473558333159 0.0 0.469472008565959
outer loop
vertex 12.9947509765625 12.0 22.26220703125
vertex 20.4453125 0.0 36.274658203125
vertex 20.4453125 12.0 36.274658203125
endloop
endfacet
facet normal -0.0 1.0 0.0
outer loop
vertex 12.9947509765625 12.0 22.26220703125
vertex 20.4453125 12.0 36.274658203125
vertex 37.911285400390625 12.0 22.26220703125
endloop
endfacet
facet normal -0.8829469855133607 0.0 0.4694727050349885
outer loop
vertex 20.4453125 0.0 36.274658203125
vertex 30.743255615234375 12.0 55.6422119140625
vertex 20.4453125 12.0 36.274658203125
endloop
endfacet
facet normal 0.0 1.0 0.0
outer loop
vertex 20.4453125 12.0 36.274658203125
vertex 39.452911376953125 12.0 25.16156005859375
vertex 37.911285400390625 12.0 22.26220703125
endloop
endfacet
facet normal 0.0 -0.9999999999999999 0.0
outer loop
vertex 20.4453125 0.0 36.274658203125
vertex 39.452911376953125 0.0 25.16156005859375
vertex 30.743255615234375 0.0 55.6422119140625
endloop
endfacet
facet normal -0.0 0.9999999999999999 0.0
outer loop
vertex 20.4453125 12.0 36.274658203125
vertex 30.743255615234375 12.0 55.6422119140625
vertex 39.452911376953125 12.0 25.16156005859375
endloop
endfacet
facet normal 0.0 -0.0 1.0
outer loop
vertex 4.262786865234375 34.0 24.26220703125
vertex 38.85980224609375 142.54560708999634 24.26220703125
vertex 20.89422607421875 142.0 24.26220703125
endloop
endfacet
facet normal -0.469470930289229 4.073062596739256e-06 -0.8829479291536823
outer loop
vertex 15.27630615234375 142.0 8.12255859375
vertex 24.5076904296875 146.20000004768372 3.21417236328125
vertex 25.73419189453125 142.0 2.56201171875
endloop
endfacet
facet normal 0.3510931958967106 -0.9362477269508117 -0.013181865363916065
outer loop
vertex 15.27630615234375 138.0 8.12255859375
vertex 25.73419189453125 142.0 2.56201171875
vertex 15.5994873046875 138.0 16.7303466796875
endloop
endfacet
facet normal -0.4694709302931232 0.0 -0.8829479291610062
outer loop
vertex 15.27630615234375 138.0 8.12255859375
vertex 15.27630615234375 142.0 8.12255859375
vertex 25.73419189453125 142.0 2.56201171875
endloop
endfacet
facet normal -0.46946819713418075 -3.6326181274747073e-06 -0.882949382391984
outer loop
vertex 15.27630615234375 142.0 8.12255859375
vertex 16.0313720703125 146.20000004768372 7.7210693359375
vertex 24.5076904296875 146.20000004768372 3.21417236328125
endloop
endfacet
facet normal -0.0 1.0 0.0
outer loop
vertex 16.0313720703125 146.20000004768372 7.7210693359375
vertex 21.805877685546875 146.20000004768372 18.58135986328125
vertex 24.5076904296875 146.20000004768372 3.21417236328125
endloop
endfacet
facet normal -0.4694818037648018 0.0 -0.8829421475576689
outer loop
vertex 25.73419189453125 142.0 2.56201171875
vertex 24.5076904296875 146.20000004768372 3.21417236328125
vertex 24.5076904296875 151.79999995231628 3.21417236328125
endloop
endfacet
facet normal 0.3510913543691267 -0.9362483963140509 -0.01318337159531674
outer loop
vertex 15.5994873046875 138.0 16.7303466796875
vertex 25.73419189453125 142.0 2.56201171875
vertex 25.8621826171875 142.0 5.9705810546875
endloop
endfacet
facet normal -0.8829479754756494 0.0 0.4694708431877871
outer loop
vertex 24.5076904296875 146.20000004768372 3.21417236328125
vertex 30.28216552734375 146.20000004768372 14.07440185546875
vertex 24.5076904296875 151.79999995231628 3.21417236328125
endloop
endfacet
facet normal -0.0 1.0 -0.0
outer loop
vertex 24.5076904296875 146.20000004768372 3.21417236328125
vertex 21.805877685546875 146.20000004768372 18.58135986328125
vertex 30.28216552734375 146.20000004768372 14.07440185546875
endloop
endfacet
facet normal 0.8829480406972705 0.0 -0.46947072052349686
outer loop
vertex 16.0313720703125 146.20000004768372 7.7210693359375
vertex 21.805877685546875 151.79999995231628 18.58135986328125
vertex 21.805877685546875 146.20000004768372 18.58135986328125
endloop
endfacet
facet normal 0.0 -0.0 1.0
outer loop
vertex 15.5994873046875 138.0 16.7303466796875
vertex 26.266143798828125 142.0 16.7303466796875
vertex 15.5994873046875 142.0 16.7303466796875
endloop
endfacet
facet normal 0.3510932304021207 -0.9362477215293978 -0.013181331374889022
outer loop
vertex 15.5994873046875 138.0 16.7303466796875
vertex 25.8621826171875 142.0 5.9705810546875
vertex 26.266143798828125 142.0 16.7303466796875
endloop
endfacet
facet normal 0.0 -1.0 0.0
outer loop
vertex 4.020416259765625 142.0 17.80633544921875
vertex 26.266143798828125 142.0 16.7303466796875
vertex 40.020416259765625 142.0 17.80633544921875
endloop
endfacet
facet normal 0.0 -0.0 -1.0
outer loop
vertex 4.020416259765625 142.0 17.80633544921875
vertex 40.020416259765625 142.0 17.80633544921875
vertex 38.262786865234375 37.0 17.80633544921875
endloop
endfacet
facet normal 0.0 -0.0 1.0
outer loop
vertex 4.262786865234375 34.0 24.26220703125
vertex 39.608245849609375 142.0 24.26220703125
vertex 38.85980224609375 142.54560708999634 24.26220703125
endloop
endfacet
facet normal -0.4694732971985306 -0.0 -0.8829466706531827
outer loop
vertex 25.73419189453125 142.0 2.56201171875
vertex 30.5526123046875 143.80881023406982 0.0
vertex 30.5526123046875 142.0 0.0
endloop
endfacet
facet normal -0.46947329719853065 -0.0 -0.8829466706531828
outer loop
vertex 25.73419189453125 142.0 2.56201171875
vertex 30.5526123046875 143.81704330444336 0.0
vertex 30.5526123046875 143.80881023406982 0.0
endloop
endfacet
facet normal -0.46947329719853065 -0.0 -0.8829466706531829
outer loop
vertex 25.73419189453125 142.0 2.56201171875
vertex 30.5526123046875 154.18295669555664 0.0
vertex 30.5526123046875 143.81704330444336 0.0
endloop
endfacet
facet normal 0.8829542819432704 0.0 -0.4694589822317216
outer loop
vertex 30.5526123046875 142.0 0.0
vertex 30.5526123046875 143.80881023406982 0.0
vertex 31.003173828125 144.0 0.847412109375
endloop
endfacet
facet normal 0.8829432419308526 0.0 -0.46947974559999456
outer loop
vertex 30.5526123046875 143.81704330444336 0.0
vertex 30.886138916015625 143.95920848846436 0.62725830078125
vertex 30.5526123046875 143.80881023406982 0.0
endloop
endfacet
facet normal 0.8831286581140642 -0.0018819642432528958 -0.46912709517596557
outer loop
vertex 30.5526123046875 143.80881023406982 0.0
vertex 30.886138916015625 143.95920848846436 0.62725830078125
vertex 31.003173828125 144.0 0.847412109375
endloop
endfacet
facet normal 0.35112859286714243 -0.9362343337993465 -0.013190279998337733
outer loop
vertex 30.886138916015625 143.95920848846436 0.62725830078125
vertex 30.9935302734375 144.0 0.5906982421875
vertex 31.003173828125 144.0 0.847412109375
endloop
endfacet
facet normal 0.8829432419308527 0.0 -0.4694797455999946
outer loop
vertex 30.5526123046875 143.81704330444336 0.0
vertex 30.5526123046875 154.18295669555664 0.0
vertex 30.886138916015625 143.95920848846436 0.62725830078125
endloop
endfacet
facet normal -0.32227405618131666 -0.0 -0.9466464137746688
outer loop
vertex 30.886138916015625 143.95920848846436 0.62725830078125
vertex 30.9935302734375 154.0 0.5906982421875
vertex 30.9935302734375 144.0 0.5906982421875
endloop
endfacet
facet normal 0.9992951668935391 0.0 -0.03753890546105069
outer loop
vertex 30.9935302734375 144.0 0.5906982421875
vertex 31.003173828125 154.0 0.847412109375
vertex 31.003173828125 144.0 0.847412109375
endloop
endfacet
facet normal -0.0 -1.0 0.0
outer loop
vertex 25.73419189453125 142.0 2.56201171875
vertex 40.020416259765625 142.0 17.80633544921875
vertex 25.8621826171875 142.0 5.9705810546875
endloop
endfacet
facet normal 0.0 -1.0 0.0
outer loop
vertex 25.73419189453125 142.0 2.56201171875
vertex 30.5526123046875 142.0 0.0
vertex 40.020416259765625 142.0 17.80633544921875
endloop
endfacet
facet normal 0.8829474396372128 6.993973354445741e-06 -0.46947185090181387
outer loop
vertex 30.5526123046875 142.0 0.0
vertex 31.003173828125 144.0 0.847412109375
vertex 40.020416259765625 142.0 17.80633544921875
endloop
endfacet
facet normal 0.8829470977579185 0.0 -0.4694724939342759
outer loop
vertex 31.003173828125 144.0 0.847412109375
vertex 31.003173828125 154.0 0.847412109375
vertex 40.020416259765625 142.0 17.80633544921875
endloop
endfacet
facet normal -0.46947447139493803 -0.0 -0.8829460463179183
outer loop
vertex 21.805877685546875 146.20000004768372 18.58135986328125
vertex 30.28216552734375 151.79999995231628 14.07440185546875
vertex 30.28216552734375 146.20000004768372 14.07440185546875
endloop
endfacet
facet normal -0.0 -1.0 0.0
outer loop
vertex 25.8621826171875 142.0 5.9705810546875
vertex 40.020416259765625 142.0 17.80633544921875
vertex 26.266143798828125 142.0 16.7303466796875
endloop
endfacet
facet normal 0.0 -0.0 1.0
outer loop
vertex 20.89422607421875 142.0 24.26220703125
vertex 39.3233642578125 144.0 24.26220703125
vertex 21.202239990234375 144.0 24.26220703125
endloop
endfacet
facet normal 0.0 0.0 1.0
outer loop
vertex 20.89422607421875 142.0 24.26220703125
vertex 38.85980224609375 142.54560708999634 24.26220703125
vertex 39.3233642578125 144.0 24.26220703125
endloop
endfacet
facet normal -0.8829486211287041 0.0 0.469469628886598
outer loop
vertex 21.202239990234375 144.0 24.26220703125
vertex 26.7835693359375 144.0 34.75921630859375
vertex 26.7835693359375 154.0 34.75921630859375
endloop
endfacet
facet normal -0.9992958412396237 0.0 0.03752094989726268
outer loop
vertex 17.7509765625 142.0 43.62982177734375
vertex 17.993377685546875 142.0 50.085693359375
vertex 17.7509765625 154.0 43.62982177734375
endloop
endfacet
facet normal 0.0 0.0 -1.0
outer loop
vertex 17.7509765625 142.0 43.62982177734375
vertex 17.7509765625 154.0 43.62982177734375
vertex 31.500152587890625 144.0 43.62982177734375
endloop
endfacet
facet normal 0.0 -1.0 0.0
outer loop
vertex 21.202239990234375 144.0 24.26220703125
vertex 39.3233642578125 144.0 24.26220703125
vertex 26.7835693359375 144.0 34.75921630859375
endloop
endfacet
facet normal 0.0 -1.0 0.0
outer loop
vertex 26.7835693359375 144.0 34.75921630859375
vertex 39.3233642578125 144.0 24.26220703125
vertex 40.6072998046875 144.0 26.67694091796875
endloop
endfacet
facet normal -0.882947648160479 0.0 0.4694714587787834
outer loop
vertex 26.7835693359375 144.0 34.75921630859375
vertex 31.500152587890625 144.0 43.62982177734375
vertex 26.7835693359375 154.0 34.75921630859375
endloop
endfacet
facet normal 0.0 0.0 -1.0
outer loop
vertex 17.7509765625 142.0 43.62982177734375
vertex 31.500152587890625 144.0 43.62982177734375
vertex 53.7509765625 142.0 43.62982177734375
endloop
endfacet
facet normal -0.8829469855133607 0.0 0.4694727050349885
outer loop
vertex 20.4453125 0.0 36.274658203125
vertex 30.743255615234375 0.0 55.6422119140625
vertex 30.743255615234375 12.0 55.6422119140625
endloop
endfacet
facet normal -0.8829488797372826 0.0 0.46946914251170724
outer loop
vertex 30.743255615234375 0.0 55.6422119140625
vertex 34.075439453125 3.0 61.9091796875
vertex 30.743255615234375 12.0 55.6422119140625
endloop
endfacet
facet normal -0.8829488797372826 0.0 0.46946914251170724
outer loop
vertex 30.743255615234375 12.0 55.6422119140625
vertex 34.075439453125 3.0 61.9091796875
vertex 34.075439453125 12.0 61.9091796875
endloop
endfacet
facet normal 0.0 0.0 -1.0
outer loop
vertex 33.72393798828125 3.0 61.9091796875
vertex 34.075439453125 12.0 61.9091796875
vertex 34.075439453125 3.0 61.9091796875
endloop
endfacet
facet normal 0.0 -1.0 0.0
outer loop
vertex 33.72393798828125 3.0 61.9091796875
vertex 34.075439453125 3.0 61.9091796875
vertex 33.72393798828125 3.0 73.9091796875
endloop
endfacet
facet normal -0.8829481754919488 -3.549061549113239e-06 0.4694704669974918
outer loop
vertex 30.743255615234375 0.0 55.6422119140625
vertex 41.041168212890625 0.0 75.00982666015625
vertex 34.075439453125 3.0 61.9091796875
endloop
endfacet
facet normal 0.0 0.0 -1.0
outer loop
vertex 33.72393798828125 3.0 61.9091796875
vertex 33.72393798828125 37.0 61.9091796875
vertex 34.075439453125 12.0 61.9091796875
endloop
endfacet
facet normal -1.0 0.0 0.0
outer loop
vertex 33.72393798828125 3.0 61.9091796875
vertex 33.72393798828125 3.0 73.9091796875
vertex 33.72393798828125 34.0 69.45330810546875
endloop
endfacet
facet normal -1.0 0.0 0.0
outer loop
vertex 33.72393798828125 3.0 61.9091796875
vertex 33.72393798828125 34.0 69.45330810546875
vertex 33.72393798828125 37.0 61.9091796875
endloop
endfacet
facet normal -0.9999999999999999 0.0 0.0
outer loop
vertex 33.72393798828125 37.0 61.9091796875
vertex 33.72393798828125 34.0 69.45330810546875
vertex 33.72393798828125 37.0 69.45330810546875
endloop
endfacet
facet normal 0.0 0.0 -1.0
outer loop
vertex 31.4815673828125 34.0 69.45330810546875
vertex 33.72393798828125 37.0 69.45330810546875
vertex 33.72393798828125 34.0 69.45330810546875
endloop
endfacet
facet normal 0.0 -1.0 0.0
outer loop
vertex 31.4815673828125 34.0 69.45330810546875
vertex 33.72393798828125 34.0 69.45330810546875
vertex 33.72393798828125 34.0 73.9091796875
endloop
endfacet
facet normal -1.0 0.0 0.0
outer loop
vertex 33.72393798828125 34.0 69.45330810546875
vertex 33.72393798828125 3.0 73.9091796875
vertex 33.72393798828125 34.0 73.9091796875
endloop
endfacet
facet normal 0.0 -1.0 0.0
outer loop
vertex 31.4815673828125 34.0 69.45330810546875
vertex 33.72393798828125 34.0 73.9091796875
vertex 31.72393798828125 34.0 75.9091796875
endloop
endfacet
facet normal -0.9992960183442651 0.0 0.037516232770603807
outer loop
vertex 31.4815673828125 34.0 69.45330810546875
vertex 31.72393798828125 34.0 75.9091796875
vertex 31.72393798828125 142.0 75.9091796875
endloop
endfacet
facet normal -0.0 -1.0 0.0
outer loop
vertex 17.7509765625 142.0 43.62982177734375
vertex 42.65667724609375 142.0 57.6175537109375
vertex 17.993377685546875 142.0 50.085693359375
endloop
endfacet
facet normal -0.9992960183442651 0.0 0.037516232770603807
outer loop
vertex 31.4815673828125 34.0 69.45330810546875
vertex 31.72393798828125 142.0 75.9091796875
vertex 31.4815673828125 142.0 69.45330810546875
endloop
endfacet
facet normal 0.0 -1.0 0.0
outer loop
vertex 17.993377685546875 142.0 50.085693359375
vertex 42.65667724609375 142.0 57.6175537109375
vertex 43.060638427734375 142.0 68.3773193359375
endloop
endfacet
facet normal 0.0 -1.0 0.0
outer loop
vertex 17.993377685546875 142.0 50.085693359375
vertex 31.4815673828125 142.0 69.45330810546875
vertex 31.72393798828125 142.0 75.9091796875
endloop
endfacet
facet normal 0.0 -1.0 0.0
outer loop
vertex 17.993377685546875 142.0 50.085693359375
vertex 43.060638427734375 142.0 68.3773193359375
vertex 31.4815673828125 142.0 69.45330810546875
endloop
endfacet
facet normal -0.8829480313216017 0.0 0.4694707381566054
outer loop
vertex 17.993377685546875 142.0 50.085693359375
vertex 31.72393798828125 142.0 75.9091796875
vertex 31.72393798828125 144.0 75.9091796875
endloop
endfacet
facet normal -0.8829480313216016 0.0 0.4694707381566054
outer loop
vertex 17.993377685546875 142.0 50.085693359375
vertex 31.72393798828125 144.0 75.9091796875
vertex 31.72393798828125 156.0 75.9091796875
endloop
endfacet
facet normal -0.8829464706868682 0.0 0.4694736732784952
outer loop
vertex 0.0 142.0 16.2451171875
vertex 4.262786865234375 156.0 24.26220703125
vertex 0.0 156.0 16.2451171875
endloop
endfacet
facet normal -0.0 0.9999999999999999 0.0
outer loop
vertex 0.0 156.0 16.2451171875
vertex 4.262786865234375 156.0 24.26220703125
vertex 15.5994873046875 156.0 16.7303466796875
endloop
endfacet
facet normal -0.4694716768585497 0.0 -0.8829475322054089
outer loop
vertex 15.27630615234375 142.0 8.12255859375
vertex 0.0 156.0 16.2451171875
vertex 15.27630615234375 156.0 8.12255859375
endloop
endfacet
facet normal -0.4694839496416231 0.0 -0.8829410065394526
outer loop
vertex 15.27630615234375 156.0 8.12255859375
vertex 15.27630615234375 160.0 8.12255859375
vertex 16.0313720703125 151.79999995231628 7.7210693359375
endloop
endfacet
facet normal -0.9992959231452746 0.0 0.03751876843972367
outer loop
vertex 15.27630615234375 156.0 8.12255859375
vertex 15.5994873046875 160.0 16.7303466796875
vertex 15.27630615234375 160.0 8.12255859375
endloop
endfacet
facet normal -0.46948394964162304 0.0 -0.8829410065394526
outer loop
vertex 16.0313720703125 146.20000004768372 7.7210693359375
vertex 15.27630615234375 156.0 8.12255859375
vertex 16.0313720703125 151.79999995231628 7.7210693359375
endloop
endfacet
facet normal -0.0 1.0 0.0
outer loop
vertex 0.0 156.0 16.2451171875
vertex 15.5994873046875 156.0 16.7303466796875
vertex 15.27630615234375 156.0 8.12255859375
endloop
endfacet
facet normal 0.0 -0.0 1.0
outer loop
vertex 4.262786865234375 144.0 24.26220703125
vertex 21.202239990234375 154.0 24.26220703125
vertex 4.262786865234375 156.0 24.26220703125
endloop
endfacet
facet normal -0.9992959231452746 0.0 0.03751876843972367
outer loop
vertex 15.27630615234375 156.0 8.12255859375
vertex 15.5994873046875 156.0 16.7303466796875
vertex 15.5994873046875 160.0 16.7303466796875
endloop
endfacet
facet normal -0.9992998032269532 0.0 0.037415281244066886
outer loop
vertex 17.7509765625 154.0 43.62982177734375
vertex 17.75537109375 156.0 43.7471923828125
vertex 17.7509765625 264.0 43.62982177734375
endloop
endfacet
facet normal -0.4694748121700523 0.0 -0.8829458651230516
outer loop
vertex 7.636474609375 286.0 12.18475341796875
vertex 7.636474609375 298.0 12.18475341796875
vertex 10.90338134765625 288.1999969482422 10.44769287109375
endloop
endfacet
facet normal -0.8829469245704478 0.0 0.4694728196515622
outer loop
vertex 7.636474609375 286.0 12.18475341796875
vertex 10.147369384765625 298.0 16.90704345703125
vertex 7.636474609375 298.0 12.18475341796875
endloop
endfacet
facet normal -0.46947481217005227 -0.0 -0.8829458651230516
outer loop
vertex 7.636474609375 298.0 12.18475341796875
vertex 10.90338134765625 295.8000030517578 10.44769287109375
vertex 10.90338134765625 288.1999969482422 10.44769287109375
endloop
endfacet
facet normal -0.46946910561676947 -1.0869699149242248e-05 -0.8829488992876316
outer loop
vertex 7.636474609375 286.0 12.18475341796875
vertex 10.90338134765625 288.1999969482422 10.44769287109375
vertex 23.79443359375 288.1999969482422 3.59344482421875
endloop
endfacet
facet normal 0.0 -0.9999999999999999 0.0
outer loop
vertex 7.636474609375 286.0 12.18475341796875
vertex 27.061309814453125 286.0 1.85638427734375
vertex 10.147369384765625 286.0 16.90704345703125
endloop
endfacet
facet normal -0.46947125692895875 6.7719505999421875e-06 -0.8829477554599052
outer loop
vertex 7.636474609375 298.0 12.18475341796875
vertex 27.061309814453125 296.7373046875 1.85638427734375
vertex 10.90338134765625 295.8000030517578 10.44769287109375
endloop
endfacet
facet normal -0.0 1.0 0.0
outer loop
vertex 10.90338134765625 288.1999969482422 10.44769287109375
vertex 16.677886962890625 288.1999969482422 21.30792236328125
vertex 23.79443359375 288.1999969482422 3.59344482421875
endloop
endfacet
facet normal -0.0 0.9999999999999999 0.0
outer loop
vertex 7.636474609375 298.0 12.18475341796875
vertex 10.147369384765625 298.0 16.90704345703125
vertex 29.15496826171875 298.0 5.7939453125
endloop
endfacet
facet normal -0.8829469245704478 0.0 0.4694728196515622
outer loop
vertex 7.636474609375 286.0 12.18475341796875
vertex 10.147369384765625 286.0 16.90704345703125
vertex 10.147369384765625 298.0 16.90704345703125
endloop
endfacet
facet normal 0.8829469470087787 0.0 -0.46947277745134175
outer loop
vertex 10.90338134765625 288.1999969482422 10.44769287109375
vertex 10.90338134765625 295.8000030517578 10.44769287109375
vertex 16.677886962890625 295.8000030517578 21.30792236328125
endloop
endfacet
facet normal 0.8829469470087787 0.0 -0.46947277745134175
outer loop
vertex 10.90338134765625 288.1999969482422 10.44769287109375
vertex 16.677886962890625 295.8000030517578 21.30792236328125
vertex 16.677886962890625 288.1999969482422 21.30792236328125
endloop
endfacet
facet normal -0.8829475987936609 0.0 0.4694715516242792
outer loop
vertex 10.147369384765625 286.0 16.90704345703125
vertex 20.4453125 298.0 36.274658203125
vertex 10.147369384765625 298.0 16.90704345703125
endloop
endfacet
facet normal 0.0 -1.0 0.0
outer loop
vertex 10.147369384765625 286.0 16.90704345703125
vertex 20.768524169921875 286.0 36.085693359375
vertex 20.3448486328125 286.0 36.085693359375
endloop
endfacet
facet normal -0.882947398044799 0.0 0.46947192917779357
outer loop
vertex 10.147369384765625 286.0 16.90704345703125
vertex 20.3448486328125 286.0 36.085693359375
vertex 20.3448486328125 295.0 36.085693359375
endloop
endfacet
facet normal -0.882946771334781 -3.221765875788482e-06 0.4694731078337779
outer loop
vertex 10.147369384765625 286.0 16.90704345703125
vertex 20.3448486328125 295.0 36.085693359375
vertex 20.4453125 298.0 36.274658203125
endloop
endfacet
facet normal -0.46946819713118043 -5.096863417881871e-06 -0.8829493823863411
outer loop
vertex 16.0313720703125 151.79999995231628 7.7210693359375
vertex 25.73419189453125 156.0 2.56201171875
vertex 24.5076904296875 151.79999995231628 3.21417236328125
endloop
endfacet
facet normal -0.4694704550084289 1.5939215356764244e-06 -0.8829481818723216
outer loop
vertex 15.27630615234375 160.0 8.12255859375
vertex 25.73419189453125 156.0 2.56201171875
vertex 16.0313720703125 151.79999995231628 7.7210693359375
endloop
endfacet
facet normal 0.8829480406972705 0.0 -0.46947072052349686
outer loop
vertex 16.0313720703125 146.20000004768372 7.7210693359375
vertex 16.0313720703125 151.79999995231628 7.7210693359375
vertex 21.805877685546875 151.79999995231628 18.58135986328125
endloop
endfacet
facet normal 0.35109275462081646 0.9362478926625594 -0.013181848796122974
outer loop
vertex 15.27630615234375 160.0 8.12255859375
vertex 15.5994873046875 160.0 16.7303466796875
vertex 25.8621826171875 156.0 5.9705810546875
endloop
endfacet
facet normal 0.35109246873340216 0.936247977839617 -0.013183413439350075
outer loop
vertex 15.27630615234375 160.0 8.12255859375
vertex 25.8621826171875 156.0 5.9705810546875
vertex 25.73419189453125 156.0 2.56201171875
endloop
endfacet
facet normal -0.4694818037648017 0.0 -0.8829421475576688
outer loop
vertex 25.73419189453125 142.0 2.56201171875
vertex 24.5076904296875 151.79999995231628 3.21417236328125
vertex 25.73419189453125 156.0 2.56201171875
endloop
endfacet
facet normal 0.0 -1.0 0.0
outer loop
vertex 16.0313720703125 151.79999995231628 7.7210693359375
vertex 24.5076904296875 151.79999995231628 3.21417236328125
vertex 30.28216552734375 151.79999995231628 14.07440185546875
endloop
endfacet
facet normal 0.0 -0.0 1.0
outer loop
vertex 15.5994873046875 156.0 16.7303466796875
vertex 26.266143798828125 156.0 16.7303466796875
vertex 15.5994873046875 160.0 16.7303466796875
endloop
endfacet
facet normal -0.0 1.0 0.0
outer loop
vertex 4.262786865234375 156.0 24.26220703125
vertex 40.262786865234375 156.0 24.26220703125
vertex 15.5994873046875 156.0 16.7303466796875
endloop
endfacet
facet normal -0.0 0.0 1.0
outer loop
vertex 4.262786865234375 156.0 24.26220703125
vertex 21.202239990234375 154.0 24.26220703125
vertex 40.262786865234375 156.0 24.26220703125
endloop
endfacet
facet normal 0.0 -0.9999999999999999 0.0
outer loop
vertex 16.0313720703125 151.79999995231628 7.7210693359375
vertex 30.28216552734375 151.79999995231628 14.07440185546875
vertex 21.805877685546875 151.79999995231628 18.58135986328125
endloop
endfacet
facet normal 0.3510932304021207 0.9362477215293978 -0.013181331374889022
outer loop
vertex 15.5994873046875 160.0 16.7303466796875
vertex 26.266143798828125 156.0 16.7303466796875
vertex 25.8621826171875 156.0 5.9705810546875
endloop
endfacet
facet normal -0.46947447139493803 0.0 -0.8829460463179183
outer loop
vertex 21.805877685546875 146.20000004768372 18.58135986328125
vertex 21.805877685546875 151.79999995231628 18.58135986328125
vertex 30.28216552734375 151.79999995231628 14.07440185546875
endloop
endfacet
facet normal -0.46947329719853065 0.0 -0.8829466706531829
outer loop
vertex 25.73419189453125 142.0 2.56201171875
vertex 25.73419189453125 156.0 2.56201171875
vertex 30.5526123046875 154.18295669555664 0.0
endloop
endfacet
facet normal -0.46947329719853065 -0.0 -0.8829466706531829
outer loop
vertex 25.73419189453125 156.0 2.56201171875
vertex 30.5526123046875 156.0 0.0
vertex 30.5526123046875 154.18295669555664 0.0
endloop
endfacet
facet normal 0.8829432419308527 0.0 -0.4694797455999946
outer loop
vertex 30.886138916015625 143.95920848846436 0.62725830078125
vertex 30.5526123046875 154.18295669555664 0.0
vertex 30.886138916015625 154.04079151153564 0.62725830078125
endloop
endfacet
facet normal -0.32227405618131666 0.0 -0.9466464137746688
outer loop
vertex 30.886138916015625 143.95920848846436 0.62725830078125
vertex 30.886138916015625 154.04079151153564 0.62725830078125
vertex 30.9935302734375 154.0 0.5906982421875
endloop
endfacet
facet normal 0.9992951668935391 0.0 -0.03753890546105069
outer loop
vertex 30.9935302734375 144.0 0.5906982421875
vertex 30.9935302734375 154.0 0.5906982421875
vertex 31.003173828125 154.0 0.847412109375
endloop
endfacet
facet normal 0.8829432419308528 0.0 -0.46947974559999467
outer loop
vertex 30.5526123046875 154.18295669555664 0.0
vertex 30.5526123046875 156.0 0.0
vertex 30.886138916015625 154.04079151153564 0.62725830078125
endloop
endfacet
facet normal 0.35112859286714243 0.9362343337993465 -0.013190279998337733
outer loop
vertex 30.886138916015625 154.04079151153564 0.62725830078125
vertex 31.003173828125 154.0 0.847412109375
vertex 30.9935302734375 154.0 0.5906982421875
endloop
endfacet
facet normal -0.8829479754756494 0.0 0.4694708431877871
outer loop
vertex 30.28216552734375 146.20000004768372 14.07440185546875
vertex 30.28216552734375 151.79999995231628 14.07440185546875
vertex 24.5076904296875 151.79999995231628 3.21417236328125
endloop
endfacet
facet normal 0.0 1.0 0.0
outer loop
vertex 25.73419189453125 156.0 2.56201171875
vertex 25.8621826171875 156.0 5.9705810546875
vertex 40.020416259765625 156.0 17.80633544921875
endloop
endfacet
facet normal -0.0 1.0 0.0
outer loop
vertex 25.73419189453125 156.0 2.56201171875
vertex 40.020416259765625 156.0 17.80633544921875
vertex 30.5526123046875 156.0 0.0
endloop
endfacet
facet normal 0.8829474396541671 3.242157116613848e-06 -0.4694718509108286
outer loop
vertex 30.5526123046875 156.0 0.0
vertex 40.020416259765625 156.0 17.80633544921875
vertex 30.886138916015625 154.04079151153564 0.62725830078125
endloop
endfacet
facet normal 0.8829620839927153 -0.00030742309587988885 -0.46944420725181113
outer loop
vertex 30.886138916015625 154.04079151153564 0.62725830078125
vertex 40.020416259765625 156.0 17.80633544921875
vertex 31.003173828125 154.0 0.847412109375
endloop
endfacet
facet normal 0.0 1.0 0.0
outer loop
vertex 25.8621826171875 156.0 5.9705810546875
vertex 26.266143798828125 156.0 16.7303466796875
vertex 40.020416259765625 156.0 17.80633544921875
endloop
endfacet
facet normal -0.0 1.0 0.0
outer loop
vertex 15.5994873046875 156.0 16.7303466796875
vertex 40.262786865234375 156.0 24.26220703125
vertex 26.266143798828125 156.0 16.7303466796875
endloop
endfacet
facet normal -0.0 1.0 0.0
outer loop
vertex 26.266143798828125 156.0 16.7303466796875
vertex 40.262786865234375 156.0 24.26220703125
vertex 40.020416259765625 156.0 17.80633544921875
endloop
endfacet
facet normal 0.0 0.0 1.0
outer loop
vertex 21.202239990234375 154.0 24.26220703125
vertex 39.3233642578125 154.0 24.26220703125
vertex 40.262786865234375 156.0 24.26220703125
endloop
endfacet
facet normal -0.8829486211287041 0.0 0.469469628886598
outer loop
vertex 21.202239990234375 144.0 24.26220703125
vertex 26.7835693359375 154.0 34.75921630859375
vertex 21.202239990234375 154.0 24.26220703125
endloop
endfacet
facet normal -0.9992958412396237 0.0 0.03752094989726268
outer loop
vertex 17.993377685546875 142.0 50.085693359375
vertex 17.993377685546875 154.0 50.085693359375
vertex 17.7509765625 154.0 43.62982177734375
endloop
endfacet
facet normal -0.9992958412203558 -6.20990244077469e-06 0.03752094989653922
outer loop
vertex 17.7509765625 154.0 43.62982177734375
vertex 17.993377685546875 154.0 50.085693359375
vertex 17.75537109375 156.0 43.7471923828125
endloop
endfacet
facet normal -0.9992957677700688 0.0 0.03752290656157326
outer loop
vertex 17.75537109375 156.0 43.7471923828125
vertex 17.993377685546875 154.0 50.085693359375
vertex 17.993377685546875 156.0 50.085693359375
endloop
endfacet
facet normal 0.0 0.0 -1.0
outer loop
vertex 31.500152587890625 144.0 43.62982177734375
vertex 17.7509765625 154.0 43.62982177734375
vertex 18.331634521484375 155.7741937637329 43.62982177734375
endloop
endfacet
facet normal -0.9992957677700689 0.0 0.03752290656157327
outer loop
vertex 17.75537109375 156.0 43.7471923828125
vertex 17.993377685546875 156.0 50.085693359375
vertex 17.993377685546875 264.0 50.085693359375
endloop
endfacet
facet normal -0.0 1.0 0.0
outer loop
vertex 21.202239990234375 154.0 24.26220703125
vertex 26.7835693359375 154.0 34.75921630859375
vertex 39.3233642578125 154.0 24.26220703125
endloop
endfacet
facet normal 0.0 1.0 0.0
outer loop
vertex 26.7835693359375 154.0 34.75921630859375
vertex 40.6072998046875 154.0 26.67694091796875
vertex 39.3233642578125 154.0 24.26220703125
endloop
endfacet
facet normal -0.0 1.0 0.0
outer loop
vertex 26.7835693359375 154.0 34.75921630859375
vertex 31.500152587890625 154.0 43.62982177734375
vertex 40.6072998046875 154.0 26.67694091796875
endloop
endfacet
facet normal -0.882947648160479 0.0 0.4694714587787834
outer loop
vertex 31.500152587890625 144.0 43.62982177734375
vertex 31.500152587890625 154.0 43.62982177734375
vertex 26.7835693359375 154.0 34.75921630859375
endloop
endfacet
facet normal 0.0 0.0 -1.0
outer loop
vertex 31.500152587890625 144.0 43.62982177734375
vertex 18.331634521484375 155.7741937637329 43.62982177734375
vertex 31.500152587890625 154.0 43.62982177734375
endloop
endfacet
facet normal -0.0 -0.0 -1.0
outer loop
vertex 18.331634521484375 155.7741937637329 43.62982177734375
vertex 49.62127685546875 154.0 43.62982177734375
vertex 31.500152587890625 154.0 43.62982177734375
endloop
endfacet
facet normal 0.0 -0.0 -1.0
outer loop
vertex 17.7509765625 154.0 43.62982177734375
vertex 51.993377685546875 261.0 43.62982177734375
vertex 18.331634521484375 155.7741937637329 43.62982177734375
endloop
endfacet
facet normal -0.4694716000845796 1.2630606296174955e-05 -0.8829475729365206
outer loop
vertex 7.636474609375 286.0 12.18475341796875
vertex 23.79443359375 288.1999969482422 3.59344482421875
vertex 27.061309814453125 286.0 1.85638427734375
endloop
endfacet
facet normal -0.4694691052537864 -4.0798355168483895e-05 -0.8829488986049552
outer loop
vertex 10.90338134765625 295.8000030517578 10.44769287109375
vertex 27.061309814453125 296.7373046875 1.85638427734375
vertex 23.79443359375 295.8000030517578 3.59344482421875
endloop
endfacet
facet normal -0.46947160012202754 -0.0 -0.8829475730069499
outer loop
vertex 7.636474609375 298.0 12.18475341796875
vertex 27.061309814453125 298.0 1.85638427734375
vertex 27.061309814453125 296.7373046875 1.85638427734375
endloop
endfacet
facet normal 0.0 -1.0 0.0
outer loop
vertex 10.147369384765625 286.0 16.90704345703125
vertex 27.061309814453125 286.0 1.85638427734375
vertex 29.15496826171875 286.0 5.7939453125
endloop
endfacet
facet normal 0.0 1.0 0.0
outer loop
vertex 7.636474609375 298.0 12.18475341796875
vertex 29.15496826171875 298.0 5.7939453125
vertex 27.061309814453125 298.0 1.85638427734375
endloop
endfacet
facet normal 0.0 -0.9999999999999999 0.0
outer loop
vertex 10.90338134765625 295.8000030517578 10.44769287109375
vertex 23.79443359375 295.8000030517578 3.59344482421875
vertex 29.56890869140625 295.8000030517578 14.45367431640625
endloop
endfacet
facet normal -0.46947823114953857 0.0 -0.8829440471947814
outer loop
vertex 23.79443359375 288.1999969482422 3.59344482421875
vertex 23.79443359375 295.8000030517578 3.59344482421875
vertex 27.061309814453125 296.7373046875 1.85638427734375
endloop
endfacet
facet normal -0.46947823114953857 -0.0 -0.8829440471947814
outer loop
vertex 23.79443359375 288.1999969482422 3.59344482421875
vertex 27.061309814453125 296.7373046875 1.85638427734375
vertex 27.061309814453125 286.0 1.85638427734375
endloop
endfacet
facet normal -0.8829479754756495 0.0 0.46947084318778715
outer loop
vertex 23.79443359375 288.1999969482422 3.59344482421875
vertex 29.56890869140625 288.1999969482422 14.45367431640625
vertex 23.79443359375 295.8000030517578 3.59344482421875
endloop
endfacet
facet normal 0.0 -1.0 0.0
outer loop
vertex 10.90338134765625 295.8000030517578 10.44769287109375
vertex 29.56890869140625 295.8000030517578 14.45367431640625
vertex 16.677886962890625 295.8000030517578 21.30792236328125
endloop
endfacet
facet normal 0.0 -1.0 0.0
outer loop
vertex 10.147369384765625 286.0 16.90704345703125
vertex 29.15496826171875 286.0 5.7939453125
vertex 20.768524169921875 286.0 36.085693359375
endloop
endfacet
facet normal -0.0 1.0 0.0
outer loop
vertex 10.147369384765625 298.0 16.90704345703125
vertex 20.4453125 298.0 36.274658203125
vertex 29.15496826171875 298.0 5.7939453125
endloop
endfacet
facet normal -0.46946997208858926 0.0 -0.8829484386458472
outer loop
vertex 16.677886962890625 288.1999969482422 21.30792236328125
vertex 16.677886962890625 295.8000030517578 21.30792236328125
vertex 29.56890869140625 295.8000030517578 14.45367431640625
endloop
endfacet
facet normal 0.0 1.0 0.0
outer loop
vertex 16.677886962890625 288.1999969482422 21.30792236328125
vertex 29.56890869140625 288.1999969482422 14.45367431640625
vertex 23.79443359375 288.1999969482422 3.59344482421875
endloop
endfacet
facet normal -0.46946997208858926 -0.0 -0.8829484386458472
outer loop
vertex 16.677886962890625 288.1999969482422 21.30792236328125
vertex 29.56890869140625 295.8000030517578 14.45367431640625
vertex 29.56890869140625 288.1999969482422 14.45367431640625
endloop
endfacet
facet normal 0.8829457238875722 0.0 -0.4694750777929014
outer loop
vertex 27.061309814453125 286.0 1.85638427734375
vertex 27.061309814453125 296.7373046875 1.85638427734375
vertex 29.15496826171875 286.0 5.7939453125
endloop
endfacet
facet normal 0.8829457238875722 0.0 -0.4694750777929014
outer loop
vertex 27.061309814453125 296.7373046875 1.85638427734375
vertex 27.061309814453125 298.0 1.85638427734375
vertex 29.15496826171875 298.0 5.7939453125
endloop
endfacet
facet normal 0.8829457238875723 0.0 -0.46947507779290143
outer loop
vertex 27.061309814453125 296.7373046875 1.85638427734375
vertex 29.15496826171875 298.0 5.7939453125
vertex 29.15496826171875 286.0 5.7939453125
endloop
endfacet
facet normal -0.8829479754756495 0.0 0.46947084318778715
outer loop
vertex 23.79443359375 295.8000030517578 3.59344482421875
vertex 29.56890869140625 288.1999969482422 14.45367431640625
vertex 29.56890869140625 295.8000030517578 14.45367431640625
endloop
endfacet
facet normal 0.0 -1.0 0.0
outer loop
vertex 29.15496826171875 286.0 5.7939453125
vertex 39.452911376953125 286.0 25.16156005859375
vertex 20.768524169921875 286.0 36.085693359375
endloop
endfacet
facet normal -0.0 1.0 -0.0
outer loop
vertex 29.15496826171875 298.0 5.7939453125
vertex 20.4453125 298.0 36.274658203125
vertex 39.452911376953125 298.0 25.16156005859375
endloop
endfacet
facet normal 0.8829475987936609 0.0 -0.4694715516242792
outer loop
vertex 29.15496826171875 286.0 5.7939453125
vertex 29.15496826171875 298.0 5.7939453125
vertex 39.452911376953125 298.0 25.16156005859375
endloop
endfacet
facet normal 0.0 0.0 -0.9999999999999999
outer loop
vertex 17.7509765625 154.0 43.62982177734375
vertex 17.7509765625 264.0 43.62982177734375
vertex 19.993377685546875 261.0 43.62982177734375
endloop
endfacet
facet normal -0.999295841239617 1.1499819334989602e-07 0.03752094989726243
outer loop
vertex 17.75537109375 156.0 43.7471923828125
vertex 17.993377685546875 264.0 50.085693359375
vertex 17.7509765625 264.0 43.62982177734375
endloop
endfacet
facet normal 0.0 0.0 -1.0
outer loop
vertex 19.993377685546875 261.0 36.085693359375
vertex 20.3448486328125 286.0 36.085693359375
vertex 20.768524169921875 286.0 36.085693359375
endloop
endfacet
facet normal 0.0 0.0 -1.0
outer loop
vertex 19.993377685546875 261.0 36.085693359375
vertex 19.993377685546875 295.0 36.085693359375
vertex 20.3448486328125 286.0 36.085693359375
endloop
endfacet
facet normal 0.0 0.0 -1.0
outer loop
vertex 19.993377685546875 295.0 36.085693359375
vertex 20.3448486328125 295.0 36.085693359375
vertex 20.3448486328125 286.0 36.085693359375
endloop
endfacet
facet normal -0.8829679730765223 0.0 0.4694332311640684
outer loop
vertex 20.3448486328125 295.0 36.085693359375
vertex 20.4453125 295.0 36.274658203125
vertex 20.4453125 298.0 36.274658203125
endloop
endfacet
facet normal -0.9999999999999999 0.0 0.0
outer loop
vertex 19.993377685546875 261.0 36.085693359375
vertex 19.993377685546875 261.0 43.62982177734375
vertex 19.993377685546875 264.0 43.62982177734375
endloop
endfacet
facet normal -1.0 0.0 0.0
outer loop
vertex 19.993377685546875 261.0 36.085693359375
vertex 19.993377685546875 264.0 43.62982177734375
vertex 19.993377685546875 295.0 48.085693359375
endloop
endfacet
facet normal 0.0 0.0 -1.0
outer loop
vertex 17.7509765625 264.0 43.62982177734375
vertex 19.993377685546875 264.0 43.62982177734375
vertex 19.993377685546875 261.0 43.62982177734375
endloop
endfacet
facet normal -0.0 1.0 0.0
outer loop
vertex 17.7509765625 264.0 43.62982177734375
vertex 19.993377685546875 264.0 48.085693359375
vertex 19.993377685546875 264.0 43.62982177734375
endloop
endfacet
facet normal -0.0 1.0 0.0
outer loop
vertex 17.7509765625 264.0 43.62982177734375
vertex 17.993377685546875 264.0 50.085693359375
vertex 19.993377685546875 264.0 48.085693359375
endloop
endfacet
facet normal -1.0 0.0 0.0
outer loop
vertex 19.993377685546875 264.0 43.62982177734375
vertex 19.993377685546875 264.0 48.085693359375
vertex 19.993377685546875 295.0 48.085693359375
endloop
endfacet
facet normal -1.0 0.0 0.0
outer loop
vertex 19.993377685546875 261.0 36.085693359375
vertex 19.993377685546875 295.0 48.085693359375
vertex 19.993377685546875 295.0 36.085693359375
endloop
endfacet
facet normal -0.0 1.0 0.0
outer loop
vertex 19.993377685546875 295.0 36.085693359375
vertex 19.993377685546875 295.0 48.085693359375
vertex 20.3448486328125 295.0 36.085693359375
endloop
endfacet
facet normal -0.0 1.0 -0.0
outer loop
vertex 20.3448486328125 295.0 36.085693359375
vertex 19.993377685546875 295.0 48.085693359375
vertex 20.4453125 295.0 36.274658203125
endloop
endfacet
facet normal 0.0 -0.0 0.9999999999999999
outer loop
vertex 19.993377685546875 264.0 48.085693359375
vertex 26.725372314453125 295.0 48.085693359375
vertex 19.993377685546875 295.0 48.085693359375
endloop
endfacet
facet normal -0.8829469413645147 0.0 0.4694727880666229
outer loop
vertex 20.4453125 295.0 36.274658203125
vertex 26.725372314453125 295.0 48.085693359375
vertex 20.4453125 298.0 36.274658203125
endloop
endfacet
facet normal 0.0 0.0 1.0
outer loop
vertex 19.993377685546875 264.0 48.085693359375
vertex 26.725372314453125 286.0 48.085693359375
vertex 26.725372314453125 295.0 48.085693359375
endloop
endfacet
facet normal 0.0 0.9999999999999999 -0.0
outer loop
vertex 20.4453125 295.0 36.274658203125
vertex 19.993377685546875 295.0 48.085693359375
vertex 26.725372314453125 295.0 48.085693359375
endloop
endfacet
facet normal -0.8829469855132831 -4.193156487476756e-07 0.46947270503494726
outer loop
vertex 20.4453125 298.0 36.274658203125
vertex 26.725372314453125 295.0 48.085693359375
vertex 30.743255615234375 298.0 55.6422119140625
endloop
endfacet
facet normal 0.0 0.0 -0.9999999999999999
outer loop
vertex 17.7509765625 154.0 43.62982177734375
vertex 19.993377685546875 261.0 43.62982177734375
vertex 51.993377685546875 261.0 43.62982177734375
endloop
endfacet
facet normal 0.0 0.0 -1.0
outer loop
vertex 19.993377685546875 261.0 36.085693359375
vertex 20.768524169921875 286.0 36.085693359375
vertex 45.261383056640625 286.0 36.085693359375
endloop
endfacet
facet normal 0.0 -1.0 0.0
outer loop
vertex 20.768524169921875 286.0 36.085693359375
vertex 39.452911376953125 286.0 25.16156005859375
vertex 45.261383056640625 286.0 36.085693359375
endloop
endfacet
facet normal 0.0 -1.0 0.0
outer loop
vertex 19.993377685546875 261.0 36.085693359375
vertex 51.993377685546875 261.0 36.085693359375
vertex 19.993377685546875 261.0 43.62982177734375
endloop
endfacet
facet normal -0.0 0.9999999999999999 0.0
outer loop
vertex 20.4453125 298.0 36.274658203125
vertex 30.743255615234375 298.0 55.6422119140625
vertex 39.452911376953125 298.0 25.16156005859375
endloop
endfacet
facet normal 0.0 -0.0 1.0
outer loop
vertex 19.993377685546875 264.0 48.085693359375
vertex 51.993377685546875 264.0 48.085693359375
vertex 26.725372314453125 286.0 48.085693359375
endloop
endfacet
facet normal -0.8829480313216016 0.0 0.4694707381566054
outer loop
vertex 17.993377685546875 142.0 50.085693359375
vertex 31.72393798828125 156.0 75.9091796875
vertex 17.993377685546875 154.0 50.085693359375
endloop
endfacet
facet normal -0.8829480313216017 0.0 0.4694707381566054
outer loop
vertex 17.993377685546875 154.0 50.085693359375
vertex 31.72393798828125 156.0 75.9091796875
vertex 17.993377685546875 156.0 50.085693359375
endloop
endfacet
facet normal -0.0 1.0 0.0
outer loop
vertex 17.993377685546875 156.0 50.085693359375
vertex 31.72393798828125 156.0 75.9091796875
vertex 42.65667724609375 156.0 57.6175537109375
endloop
endfacet
facet normal 0.0 -0.0 1.0
outer loop
vertex 17.993377685546875 156.0 50.085693359375
vertex 53.993377685546875 264.0 50.085693359375
vertex 17.993377685546875 264.0 50.085693359375
endloop
endfacet
facet normal -0.0 1.0 -0.0
outer loop
vertex 19.993377685546875 264.0 48.085693359375
vertex 17.993377685546875 264.0 50.085693359375
vertex 51.993377685546875 264.0 48.085693359375
endloop
endfacet
facet normal -0.882947054519149 0.0 0.4694725752543581
outer loop
vertex 26.725372314453125 286.0 48.085693359375
vertex 30.743255615234375 286.0 55.6422119140625
vertex 26.725372314453125 295.0 48.085693359375
endloop
endfacet
facet normal -0.882947054519149 0.0 0.4694725752543581
outer loop
vertex 26.725372314453125 295.0 48.085693359375
vertex 30.743255615234375 286.0 55.6422119140625
vertex 30.743255615234375 298.0 55.6422119140625
endloop
endfacet
facet normal 0.0 -1.0 0.0
outer loop
vertex 26.725372314453125 286.0 48.085693359375
vertex 43.667755126953125 286.0 48.085693359375
vertex 30.743255615234375 286.0 55.6422119140625
endloop
endfacet
facet normal -0.8829481754975095 0.0 0.4694704670004484
outer loop
vertex 30.743255615234375 286.0 55.6422119140625
vertex 41.041168212890625 298.0 75.00982666015625
vertex 30.743255615234375 298.0 55.6422119140625
endloop
endfacet
facet normal 0.0 0.0 -1.0
outer loop
vertex 31.530792236328125 12.0 10.26220703125
vertex 38.262786865234375 37.0 10.26220703125
vertex 38.262786865234375 3.0 10.26220703125
endloop
endfacet
facet normal 0.0 -1.0 0.0
outer loop
vertex 31.530792236328125 3.0 10.26220703125
vertex 38.262786865234375 3.0 10.26220703125
vertex 37.911285400390625 3.0 22.26220703125
endloop
endfacet
facet normal 1.0 0.0 -0.0
outer loop
vertex 38.262786865234375 3.0 10.26220703125
vertex 38.262786865234375 37.0 10.26220703125
vertex 38.262786865234375 3.0 22.26220703125
endloop
endfacet
facet normal 0.8829482033284086 5.139434962349528e-06 -0.4694704146298481
outer loop
vertex 31.530792236328125 3.0 10.26220703125
vertex 37.911285400390625 3.0 22.26220703125
vertex 39.452911376953125 0.0 25.16156005859375
endloop
endfacet
facet normal 0.0 -1.0 0.0
outer loop
vertex 38.262786865234375 3.0 10.26220703125
vertex 38.262786865234375 3.0 22.26220703125
vertex 37.911285400390625 3.0 22.26220703125
endloop
endfacet
facet normal 0.8829459989937827 0.0 -0.4694745603979741
outer loop
vertex 37.911285400390625 3.0 22.26220703125
vertex 39.452911376953125 12.0 25.16156005859375
vertex 39.452911376953125 0.0 25.16156005859375
endloop
endfacet
facet normal 0.8829459989937828 0.0 -0.46947456039797414
outer loop
vertex 37.911285400390625 3.0 22.26220703125
vertex 37.911285400390625 12.0 22.26220703125
vertex 39.452911376953125 12.0 25.16156005859375
endloop
endfacet
facet normal 0.0 0.0 1.0
outer loop
vertex 37.911285400390625 3.0 22.26220703125
vertex 38.262786865234375 3.0 22.26220703125
vertex 38.262786865234375 34.0 22.26220703125
endloop
endfacet
facet normal 0.0 -0.0 1.0
outer loop
vertex 37.911285400390625 3.0 22.26220703125
vertex 38.262786865234375 34.0 22.26220703125
vertex 37.911285400390625 12.0 22.26220703125
endloop
endfacet
facet normal 1.0 0.0 0.0
outer loop
vertex 38.262786865234375 37.0 10.26220703125
vertex 38.262786865234375 34.0 17.80633544921875
vertex 38.262786865234375 3.0 22.26220703125
endloop
endfacet
facet normal 0.9999999999999999 0.0 -0.0
outer loop
vertex 38.262786865234375 37.0 10.26220703125
vertex 38.262786865234375 37.0 17.80633544921875
vertex 38.262786865234375 34.0 17.80633544921875
endloop
endfacet
facet normal 0.0 0.0 -1.0
outer loop
vertex 38.262786865234375 34.0 17.80633544921875
vertex 38.262786865234375 37.0 17.80633544921875
vertex 40.020416259765625 34.0 17.80633544921875
endloop
endfacet
facet normal 1.0 -0.0 0.0
outer loop
vertex 38.262786865234375 3.0 22.26220703125
vertex 38.262786865234375 34.0 17.80633544921875
vertex 38.262786865234375 34.0 22.26220703125
endloop
endfacet
facet normal 0.0 -1.0 0.0
outer loop
vertex 38.262786865234375 34.0 17.80633544921875
vertex 40.020416259765625 34.0 17.80633544921875
vertex 38.262786865234375 34.0 22.26220703125
endloop
endfacet
facet normal -0.0 -0.9999999999999999 0.0
outer loop
vertex 40.020416259765625 34.0 17.80633544921875
vertex 40.262786865234375 34.0 24.26220703125
vertex 38.262786865234375 34.0 22.26220703125
endloop
endfacet
facet normal 0.0 0.0 -1.0
outer loop
vertex 38.262786865234375 37.0 17.80633544921875
vertex 40.020416259765625 142.0 17.80633544921875
vertex 40.020416259765625 34.0 17.80633544921875
endloop
endfacet
facet normal 0.9992960183442591 -1.0986457942484354e-07 -0.037516232770603584
outer loop
vertex 40.020416259765625 34.0 17.80633544921875
vertex 40.258392333984375 142.0 24.14483642578125
vertex 40.262786865234375 34.0 24.26220703125
endloop
endfacet
facet normal 0.8829469855133607 0.0 -0.4694727050349885
outer loop
vertex 39.452911376953125 0.0 25.16156005859375
vertex 39.452911376953125 12.0 25.16156005859375
vertex 49.7508544921875 12.0 44.52911376953125
endloop
endfacet
facet normal 0.0 -0.9999999999999999 0.0
outer loop
vertex 30.743255615234375 0.0 55.6422119140625
vertex 39.452911376953125 0.0 25.16156005859375
vertex 49.7508544921875 0.0 44.52911376953125
endloop
endfacet
facet normal 0.0 0.9999999999999999 0.0
outer loop
vertex 30.743255615234375 12.0 55.6422119140625
vertex 49.7508544921875 12.0 44.52911376953125
vertex 39.452911376953125 12.0 25.16156005859375
endloop
endfacet
facet normal 0.8829469855133607 0.0 -0.4694727050349885
outer loop
vertex 39.452911376953125 0.0 25.16156005859375
vertex 49.7508544921875 12.0 44.52911376953125
vertex 49.7508544921875 0.0 44.52911376953125
endloop
endfacet
facet normal 0.0 -0.0 1.0
outer loop
vertex 40.262786865234375 34.0 24.26220703125
vertex 40.262786865234375 142.0 24.26220703125
vertex 39.608245849609375 142.0 24.26220703125
endloop
endfacet
facet normal 0.9992959481633447 0.0 -0.03751810208848224
outer loop
vertex 40.020416259765625 34.0 17.80633544921875
vertex 40.020416259765625 142.0 17.80633544921875
vertex 40.258392333984375 142.0 24.14483642578125
endloop
endfacet
facet normal 0.9992998032269532 0.0 -0.03741528124406689
outer loop
vertex 40.262786865234375 34.0 24.26220703125
vertex 40.258392333984375 142.0 24.14483642578125
vertex 40.262786865234375 142.0 24.26220703125
endloop
endfacet
facet normal 0.8829470977579186 0.0 -0.469472493934276
outer loop
vertex 31.003173828125 154.0 0.847412109375
vertex 40.020416259765625 144.0 17.80633544921875
vertex 40.020416259765625 142.0 17.80633544921875
endloop
endfacet
facet normal 0.9992954470405755 0.0 -0.03753144713405206
outer loop
vertex 40.020416259765625 142.0 17.80633544921875
vertex 40.020416259765625 144.0 17.80633544921875
vertex 40.0550537109375 144.0 18.72857666015625
endloop
endfacet
facet normal 0.9992954470405756 0.0 -0.037531447134052064
outer loop
vertex 40.020416259765625 144.0 17.80633544921875
vertex 40.020416259765625 156.0 17.80633544921875
vertex 40.0550537109375 144.0 18.72857666015625
endloop
endfacet
facet normal -0.0 0.0 1.0
outer loop
vertex 38.85980224609375 142.54560708999634 24.26220703125
vertex 39.608245849609375 142.0 24.26220703125
vertex 39.68212890625 142.2258062362671 24.26220703125
endloop
endfacet
facet normal -0.0 -0.0 1.0
outer loop
vertex 38.85980224609375 142.54560708999634 24.26220703125
vertex 39.68212890625 142.2258062362671 24.26220703125
vertex 39.3233642578125 144.0 24.26220703125
endloop
endfacet
facet normal 0.0 0.0 1.0
outer loop
vertex 39.3233642578125 144.0 24.26220703125
vertex 39.68212890625 142.2258062362671 24.26220703125
vertex 40.262786865234375 142.0 24.26220703125
endloop
endfacet
facet normal 0.0 -0.0 1.0
outer loop
vertex 39.608245849609375 142.0 24.26220703125
vertex 40.262786865234375 142.0 24.26220703125
vertex 39.68212890625 142.2258062362671 24.26220703125
endloop
endfacet
facet normal -0.0 -0.0 1.0
outer loop
vertex 39.3233642578125 144.0 24.26220703125
vertex 40.262786865234375 142.0 24.26220703125
vertex 39.3233642578125 154.0 24.26220703125
endloop
endfacet
facet normal 0.9992959481443707 -6.162354300768561e-06 -0.03751810208776987
outer loop
vertex 40.020416259765625 142.0 17.80633544921875
vertex 40.0550537109375 144.0 18.72857666015625
vertex 40.258392333984375 142.0 24.14483642578125
endloop
endfacet
facet normal 0.9992960451224249 8.415384096396069e-07 -0.03751551948157259
outer loop
vertex 40.0550537109375 144.0 18.72857666015625
vertex 40.262786865234375 156.0 24.26220703125
vertex 40.258392333984375 142.0 24.14483642578125
endloop
endfacet
facet normal 0.9992998032269532 0.0 -0.03741528124406689
outer loop
vertex 40.258392333984375 142.0 24.14483642578125
vertex 40.262786865234375 156.0 24.26220703125
vertex 40.262786865234375 142.0 24.26220703125
endloop
endfacet
facet normal 0.0 -1.0 0.0
outer loop
vertex 26.7835693359375 144.0 34.75921630859375
vertex 40.6072998046875 144.0 26.67694091796875
vertex 49.62127685546875 144.0 43.62982177734375
endloop
endfacet
facet normal 0.8829477801442928 0.0 -0.46947121055317703
outer loop
vertex 39.3233642578125 144.0 24.26220703125
vertex 40.6072998046875 154.0 26.67694091796875
vertex 40.6072998046875 144.0 26.67694091796875
endloop
endfacet
facet normal 0.0 -1.0 0.0
outer loop
vertex 26.7835693359375 144.0 34.75921630859375
vertex 49.62127685546875 144.0 43.62982177734375
vertex 31.500152587890625 144.0 43.62982177734375
endloop
endfacet
facet normal 0.0 -0.9999999999999999 0.0
outer loop
vertex 17.7509765625 142.0 43.62982177734375
vertex 53.7509765625 142.0 43.62982177734375
vertex 42.65667724609375 142.0 57.6175537109375
endloop
endfacet
facet normal 0.882948231810796 0.0 -0.4694703610902281
outer loop
vertex 40.6072998046875 144.0 26.67694091796875
vertex 49.62127685546875 154.0 43.62982177734375
vertex 49.62127685546875 144.0 43.62982177734375
endloop
endfacet
facet normal 0.0 0.0 -1.0
outer loop
vertex 31.500152587890625 144.0 43.62982177734375
vertex 49.62127685546875 144.0 43.62982177734375
vertex 53.7509765625 142.0 43.62982177734375
endloop
endfacet
facet normal 0.0 0.0 -1.0
outer loop
vertex 49.62127685546875 144.0 43.62982177734375
vertex 53.7509765625 154.0 43.62982177734375
vertex 53.7509765625 142.0 43.62982177734375
endloop
endfacet
facet normal 0.8829476104474577 0.0 -0.4694715297066741
outer loop
vertex 53.7509765625 142.0 43.62982177734375
vertex 53.7509765625 154.0 43.62982177734375
vertex 58.3472900390625 143.95921516418457 52.27423095703125
endloop
endfacet
facet normal -0.0 1.0 0.0
outer loop
vertex 30.743255615234375 12.0 55.6422119140625
vertex 34.075439453125 12.0 61.9091796875
vertex 49.7508544921875 12.0 44.52911376953125
endloop
endfacet
facet normal 0.0 -0.9999999999999999 0.0
outer loop
vertex 30.743255615234375 0.0 55.6422119140625
vertex 49.7508544921875 0.0 44.52911376953125
vertex 41.041168212890625 0.0 75.00982666015625
endloop
endfacet
facet normal 0.0 -1.0 0.0
outer loop
vertex 34.075439453125 3.0 61.9091796875
vertex 40.4559326171875 3.0 73.9091796875
vertex 33.72393798828125 3.0 73.9091796875
endloop
endfacet
facet normal -0.8829482033335517 -3.842378629473885e-06 0.46947041463258277
outer loop
vertex 34.075439453125 3.0 61.9091796875
vertex 41.041168212890625 0.0 75.00982666015625
vertex 40.4559326171875 3.0 73.9091796875
endloop
endfacet
facet normal 0.0 0.0 -1.0
outer loop
vertex 34.075439453125 12.0 61.9091796875
vertex 33.72393798828125 37.0 61.9091796875
vertex 65.72393798828125 37.0 61.9091796875
endloop
endfacet
facet normal 0.0 1.0 0.0
outer loop
vertex 33.72393798828125 37.0 61.9091796875
vertex 33.72393798828125 37.0 69.45330810546875
vertex 65.72393798828125 37.0 69.45330810546875
endloop
endfacet
facet normal 0.0 -0.0 -1.0
outer loop
vertex 31.4815673828125 34.0 69.45330810546875
vertex 67.4815673828125 142.0 69.45330810546875
vertex 33.72393798828125 37.0 69.45330810546875
endloop
endfacet
facet normal -0.0 1.0 0.0
outer loop
vertex 34.075439453125 12.0 61.9091796875
vertex 58.99200439453125 12.0 61.9091796875
vertex 49.7508544921875 12.0 44.52911376953125
endloop
endfacet
facet normal 0.8829474890222998 0.0 -0.4694717580741316
outer loop
vertex 49.7508544921875 0.0 44.52911376953125
vertex 49.7508544921875 12.0 44.52911376953125
vertex 58.99200439453125 12.0 61.9091796875
endloop
endfacet
facet normal 0.0 -1.0 0.0
outer loop
vertex 49.7508544921875 0.0 44.52911376953125
vertex 60.048797607421875 0.0 63.896728515625
vertex 41.041168212890625 0.0 75.00982666015625
endloop
endfacet
facet normal 0.0 -0.0 -1.0
outer loop
vertex 34.075439453125 12.0 61.9091796875
vertex 65.72393798828125 37.0 61.9091796875
vertex 58.99200439453125 12.0 61.9091796875
endloop
endfacet
facet normal 0.0 -0.0 0.9999999999999999
outer loop
vertex 33.72393798828125 3.0 73.9091796875
vertex 40.4559326171875 12.0 73.9091796875
vertex 33.72393798828125 34.0 73.9091796875
endloop
endfacet
facet normal 0.0 0.0 1.0
outer loop
vertex 33.72393798828125 3.0 73.9091796875
vertex 40.4559326171875 3.0 73.9091796875
vertex 40.4559326171875 12.0 73.9091796875
endloop
endfacet
facet normal -0.0 0.0 1.0
outer loop
vertex 33.72393798828125 34.0 73.9091796875
vertex 40.4559326171875 12.0 73.9091796875
vertex 42.9237060546875 12.0 73.9091796875
endloop
endfacet
facet normal -0.8829438620533805 0.0 0.46947857934336157
outer loop
vertex 40.4559326171875 3.0 73.9091796875
vertex 41.041168212890625 12.0 75.00982666015625
vertex 40.4559326171875 12.0 73.9091796875
endloop
endfacet
facet normal -0.8829438620533805 0.0 0.46947857934336157
outer loop
vertex 40.4559326171875 3.0 73.9091796875
vertex 41.041168212890625 0.0 75.00982666015625
vertex 41.041168212890625 12.0 75.00982666015625
endloop
endfacet
facet normal -0.0 1.0 0.0
outer loop
vertex 40.4559326171875 12.0 73.9091796875
vertex 41.041168212890625 12.0 75.00982666015625
vertex 42.9237060546875 12.0 73.9091796875
endloop
endfacet
facet normal -0.8317417725679875 0.0 0.5551627002649423
outer loop
vertex 41.041168212890625 0.0 75.00982666015625
vertex 50.26214599609375 12.0 88.82464599609375
vertex 41.041168212890625 12.0 75.00982666015625
endloop
endfacet
facet normal 0.0 -1.0 0.0
outer loop
vertex 31.72393798828125 34.0 75.9091796875
vertex 33.72393798828125 34.0 73.9091796875
vertex 67.72393798828125 34.0 75.9091796875
endloop
endfacet
facet normal -0.0 1.0 0.0
outer loop
vertex 41.041168212890625 12.0 75.00982666015625
vertex 50.26214599609375 12.0 88.82464599609375
vertex 42.9237060546875 12.0 73.9091796875
endloop
endfacet
facet normal -0.8317417725679875 0.0 0.5551627002649423
outer loop
vertex 41.041168212890625 0.0 75.00982666015625
vertex 50.26214599609375 0.0 88.82464599609375
vertex 50.26214599609375 12.0 88.82464599609375
endloop
endfacet
facet normal -0.0 0.0 0.9999999999999999
outer loop
vertex 33.72393798828125 34.0 73.9091796875
vertex 42.9237060546875 12.0 73.9091796875
vertex 65.72393798828125 12.0 73.9091796875
endloop
endfacet
facet normal 0.0 -0.9999999999999999 0.0
outer loop
vertex 41.041168212890625 0.0 75.00982666015625
vertex 60.048797607421875 0.0 63.896728515625
vertex 50.26214599609375 0.0 88.82464599609375
endloop
endfacet
facet normal 0.46947179021757257 -0.0 0.8829474719313191
outer loop
vertex 50.26214599609375 0.0 88.82464599609375
vertex 53.367340087890625 2.5 87.173583984375
vertex 53.367340087890625 9.5 87.173583984375
endloop
endfacet
facet normal 0.46947179021757257 0.0 0.8829474719313191
outer loop
vertex 50.26214599609375 0.0 88.82464599609375
vertex 53.367340087890625 9.5 87.173583984375
vertex 50.26214599609375 12.0 88.82464599609375
endloop
endfacet
facet normal 0.0 0.0 -1.0
outer loop
vertex 31.4815673828125 34.0 69.45330810546875
vertex 31.4815673828125 142.0 69.45330810546875
vertex 67.4815673828125 142.0 69.45330810546875
endloop
endfacet
facet normal -0.9992959802655469 0.0 0.037517247035461984
outer loop
vertex 42.65667724609375 138.0 57.6175537109375
vertex 43.060638427734375 138.0 68.3773193359375
vertex 43.060638427734375 142.0 68.3773193359375
endloop
endfacet
facet normal -0.9992959802655469 0.0 0.037517247035461984
outer loop
vertex 42.65667724609375 138.0 57.6175537109375
vertex 43.060638427734375 142.0 68.3773193359375
vertex 42.65667724609375 142.0 57.6175537109375
endloop
endfacet
facet normal -0.3223638962864623 0.0 -0.946615824065397
outer loop
vertex 42.65667724609375 138.0 57.6175537109375
vertex 42.65667724609375 142.0 57.6175537109375
vertex 53.188690185546875 142.0 54.03094482421875
endloop
endfacet
facet normal 0.0 -1.0 0.0
outer loop
vertex 53.7509765625 142.0 43.62982177734375
vertex 53.188690185546875 142.0 54.03094482421875
vertex 42.65667724609375 142.0 57.6175537109375
endloop
endfacet
facet normal 0.3510932353563386 -0.936247734740633 -0.01318026100090334
outer loop
vertex 42.65667724609375 138.0 57.6175537109375
vertex 53.188690185546875 142.0 54.03094482421875
vertex 53.323333740234375 142.0 57.6175537109375
endloop
endfacet
facet normal 0.3510932304021207 -0.9362477215293978 -0.013181331374889022
outer loop
vertex 42.65667724609375 138.0 57.6175537109375
vertex 53.323333740234375 142.0 57.6175537109375
vertex 43.060638427734375 138.0 68.3773193359375
endloop
endfacet
facet normal 0.0 -0.0 1.0
outer loop
vertex 43.060638427734375 138.0 68.3773193359375
vertex 53.727294921875 142.0 68.3773193359375
vertex 43.060638427734375 142.0 68.3773193359375
endloop
endfacet
facet normal 0.0 -1.0 0.0
outer loop
vertex 31.4815673828125 142.0 69.45330810546875
vertex 43.060638427734375 142.0 68.3773193359375
vertex 67.4815673828125 142.0 69.45330810546875
endloop
endfacet
facet normal 0.3510932304021207 -0.9362477215293978 -0.013181331374889022
outer loop
vertex 43.060638427734375 138.0 68.3773193359375
vertex 53.323333740234375 142.0 57.6175537109375
vertex 53.727294921875 142.0 68.3773193359375
endloop
endfacet
facet normal 0.0 -0.0 1.0
outer loop
vertex 31.72393798828125 34.0 75.9091796875
vertex 67.14328002929688 142.2258062362671 75.9091796875
vertex 31.72393798828125 142.0 75.9091796875
endloop
endfacet
facet normal 0.0 0.0 1.0
outer loop
vertex 31.72393798828125 144.0 75.9091796875
vertex 48.962799072265625 144.0 75.9091796875
vertex 48.962799072265625 154.0 75.9091796875
endloop
endfacet
facet normal 0.0 -0.0 1.0
outer loop
vertex 31.72393798828125 142.0 75.9091796875
vertex 67.14328002929688 142.2258062362671 75.9091796875
vertex 31.72393798828125 144.0 75.9091796875
endloop
endfacet
facet normal -0.0 -0.0 1.0
outer loop
vertex 31.72393798828125 144.0 75.9091796875
vertex 67.14328002929688 142.2258062362671 75.9091796875
vertex 48.962799072265625 144.0 75.9091796875
endloop
endfacet
facet normal -0.8362582295592529 0.0 0.5483358218231087
outer loop
vertex 48.962799072265625 144.0 75.9091796875
vertex 55.578125 144.0 85.99810791015625
vertex 55.578125 154.0 85.99810791015625
endloop
endfacet
facet normal 0.882947598792622 -1.5341752153879884e-06 -0.4694715516237268
outer loop
vertex 49.7508544921875 0.0 44.52911376953125
vertex 58.99200439453125 3.0 61.9091796875
vertex 60.048797607421875 0.0 63.896728515625
endloop
endfacet
facet normal 0.8829474890222998 0.0 -0.4694717580741316
outer loop
vertex 49.7508544921875 0.0 44.52911376953125
vertex 58.99200439453125 12.0 61.9091796875
vertex 58.99200439453125 3.0 61.9091796875
endloop
endfacet
facet normal -0.0 1.0 0.0
outer loop
vertex 33.72393798828125 37.0 61.9091796875
vertex 65.72393798828125 37.0 69.45330810546875
vertex 65.72393798828125 37.0 61.9091796875
endloop
endfacet
facet normal 0.8829485586854086 0.0 -0.46946974632595834
outer loop
vertex 58.99200439453125 3.0 61.9091796875
vertex 60.048797607421875 3.0 63.896728515625
vertex 60.048797607421875 0.0 63.896728515625
endloop
endfacet
facet normal 0.0 0.0 -1.0
outer loop
vertex 58.99200439453125 3.0 61.9091796875
vertex 58.99200439453125 12.0 61.9091796875
vertex 65.72393798828125 3.0 61.9091796875
endloop
endfacet
facet normal 0.0 -0.9999999999999999 0.0
outer loop
vertex 58.99200439453125 3.0 61.9091796875
vertex 65.72393798828125 3.0 61.9091796875
vertex 60.048797607421875 3.0 63.896728515625
endloop
endfacet
facet normal 0.8635904290358576 0.0 -0.5041939813976993
outer loop
vertex 60.048797607421875 0.0 63.896728515625
vertex 60.048797607421875 3.0 63.896728515625
vertex 65.72393798828125 3.0 73.6171875
endloop
endfacet
facet normal 0.0 -0.0 -1.0
outer loop
vertex 33.72393798828125 37.0 69.45330810546875
vertex 67.4815673828125 142.0 69.45330810546875
vertex 65.72393798828125 37.0 69.45330810546875
endloop
endfacet
facet normal 0.0 -1.0 0.0
outer loop
vertex 60.048797607421875 3.0 63.896728515625
vertex 65.72393798828125 3.0 61.9091796875
vertex 65.72393798828125 3.0 73.6171875
endloop
endfacet
facet normal 0.0 0.0 -0.9999999999999999
outer loop
vertex 58.99200439453125 12.0 61.9091796875
vertex 65.72393798828125 37.0 61.9091796875
vertex 65.72393798828125 3.0 61.9091796875
endloop
endfacet
facet normal 1.0 0.0 -0.0
outer loop
vertex 65.72393798828125 3.0 61.9091796875
vertex 65.72393798828125 37.0 61.9091796875
vertex 65.72393798828125 3.0 73.6171875
endloop
endfacet
facet normal 0.8635901020000303 2.4336142244210523e-06 -0.5041945415428996
outer loop
vertex 60.048797607421875 0.0 63.896728515625
vertex 65.72393798828125 3.0 73.6171875
vertex 68.8365478515625 0.0 78.948486328125
endloop
endfacet
facet normal 1.0 0.0 0.0
outer loop
vertex 65.72393798828125 34.0 69.45330810546875
vertex 65.72393798828125 12.0 73.6171875
vertex 65.72393798828125 3.0 73.6171875
endloop
endfacet
facet normal 0.9999999999999999 0.0 -0.0
outer loop
vertex 65.72393798828125 37.0 61.9091796875
vertex 65.72393798828125 37.0 69.45330810546875
vertex 65.72393798828125 34.0 69.45330810546875
endloop
endfacet
facet normal 1.0 0.0 0.0
outer loop
vertex 65.72393798828125 37.0 61.9091796875
vertex 65.72393798828125 34.0 69.45330810546875
vertex 65.72393798828125 3.0 73.6171875
endloop
endfacet
facet normal 1.0 0.0 -0.0
outer loop
vertex 65.72393798828125 34.0 69.45330810546875
vertex 65.72393798828125 34.0 73.9091796875
vertex 65.72393798828125 12.0 73.6171875
endloop
endfacet
facet normal 0.0 0.0 -1.0
outer loop
vertex 65.72393798828125 34.0 69.45330810546875
vertex 65.72393798828125 37.0 69.45330810546875
vertex 67.4815673828125 34.0 69.45330810546875
endloop
endfacet
facet normal 0.0 -1.0 0.0
outer loop
vertex 65.72393798828125 34.0 69.45330810546875
vertex 67.4815673828125 34.0 69.45330810546875
vertex 65.72393798828125 34.0 73.9091796875
endloop
endfacet
facet normal 0.0 0.0 -1.0
outer loop
vertex 65.72393798828125 37.0 69.45330810546875
vertex 67.4815673828125 142.0 69.45330810546875
vertex 67.4815673828125 34.0 69.45330810546875
endloop
endfacet
facet normal -0.0 0.9999999999999999 0.0
outer loop
vertex 42.9237060546875 12.0 73.9091796875
vertex 50.26214599609375 12.0 88.82464599609375
vertex 68.8365478515625 12.0 78.948486328125
endloop
endfacet
facet normal -0.0 0.0 1.0
outer loop
vertex 33.72393798828125 34.0 73.9091796875
vertex 65.72393798828125 12.0 73.9091796875
vertex 65.72393798828125 34.0 73.9091796875
endloop
endfacet
facet normal 0.0 -1.0 0.0
outer loop
vertex 33.72393798828125 34.0 73.9091796875
vertex 65.72393798828125 34.0 73.9091796875
vertex 67.72393798828125 34.0 75.9091796875
endloop
endfacet
facet normal 0.0 -1.0 0.0
outer loop
vertex 50.26214599609375 0.0 88.82464599609375
vertex 60.048797607421875 0.0 63.896728515625
vertex 68.8365478515625 0.0 78.948486328125
endloop
endfacet
facet normal -0.0 1.0 0.0
outer loop
vertex 42.9237060546875 12.0 73.9091796875
vertex 68.8365478515625 12.0 78.948486328125
vertex 65.72393798828125 12.0 73.9091796875
endloop
endfacet
facet normal 0.0 -1.0 0.0
outer loop
vertex 53.367340087890625 2.5 87.173583984375
vertex 63.390350341796875 2.5 82.976806640625
vertex 62.330810546875 2.5 83.54022216796875
endloop
endfacet
facet normal 0.0 0.9999999999999999 0.0
outer loop
vertex 53.367340087890625 9.5 87.173583984375
vertex 56.644622802734375 9.5 86.5635986328125
vertex 65.7286376953125 9.5 80.60101318359375
endloop
endfacet
facet normal 0.0 1.0 0.0
outer loop
vertex 56.644622802734375 9.5 86.5635986328125
vertex 57.70416259765625 9.5 86.000244140625
vertex 65.7286376953125 9.5 80.60101318359375
endloop
endfacet
facet normal 0.0 -1.0 0.0
outer loop
vertex 53.367340087890625 2.5 87.173583984375
vertex 65.7286376953125 2.5 80.60101318359375
vertex 63.390350341796875 2.5 82.976806640625
endloop
endfacet
facet normal 0.4694714714726531 -1.57688330155848e-05 0.8829476412702203
outer loop
vertex 50.26214599609375 0.0 88.82464599609375
vertex 68.8365478515625 1.26116943359375 78.948486328125
vertex 65.7286376953125 2.5 80.60101318359375
endloop
endfacet
facet normal 0.46947063681529416 9.144995720261142e-06 0.882948085158245
outer loop
vertex 50.26214599609375 12.0 88.82464599609375
vertex 65.7286376953125 9.5 80.60101318359375
vertex 68.8365478515625 12.0 78.948486328125
endloop
endfacet
facet normal 0.0 1.0 0.0
outer loop
vertex 62.330810546875 9.5 83.54022216796875
vertex 65.7286376953125 9.5 80.60101318359375
vertex 57.70416259765625 9.5 86.000244140625
endloop
endfacet
facet normal -0.8829467068513824 0.0 0.46947322911993516
outer loop
vertex 53.367340087890625 2.5 87.173583984375
vertex 58.06207275390625 2.5 96.0030517578125
vertex 53.367340087890625 9.5 87.173583984375
endloop
endfacet
facet normal 0.0 -1.0 0.0
outer loop
vertex 53.367340087890625 2.5 87.173583984375
vertex 57.70416259765625 2.5 86.000244140625
vertex 56.644622802734375 2.5 86.5635986328125
endloop
endfacet
facet normal 0.4694689052116287 4.5964717585316896e-06 0.882949005899133
outer loop
vertex 50.26214599609375 0.0 88.82464599609375
vertex 65.7286376953125 2.5 80.60101318359375
vertex 53.367340087890625 2.5 87.173583984375
endloop
endfacet
facet normal 0.0 -1.0 0.0
outer loop
vertex 53.367340087890625 2.5 87.173583984375
vertex 62.330810546875 2.5 83.54022216796875
vertex 57.70416259765625 2.5 86.000244140625
endloop
endfacet
facet normal -0.08092866354077341 -0.9850295596841765 -0.1522081402747623
outer loop
vertex 56.644622802734375 2.5 86.5635986328125
vertex 57.70416259765625 2.5 86.000244140625
vertex 57.58355712890625 2.149993896484375 88.3294677734375
endloop
endfacet
facet normal 0.0 -1.0 0.0
outer loop
vertex 53.367340087890625 2.5 87.173583984375
vertex 56.644622802734375 2.5 86.5635986328125
vertex 60.869842529296875 2.5 94.5101318359375
endloop
endfacet
facet normal 0.4694689052116287 -4.5964717585316896e-06 0.882949005899133
outer loop
vertex 50.26214599609375 12.0 88.82464599609375
vertex 53.367340087890625 9.5 87.173583984375
vertex 65.7286376953125 9.5 80.60101318359375
endloop
endfacet
facet normal -0.08092866354077341 0.9850295596841765 -0.1522081402747623
outer loop
vertex 56.644622802734375 9.5 86.5635986328125
vertex 57.58355712890625 9.850006103515625 88.3294677734375
vertex 57.70416259765625 9.5 86.000244140625
endloop
endfacet
facet normal -0.0 1.0 0.0
outer loop
vertex 53.367340087890625 9.5 87.173583984375
vertex 58.06207275390625 9.5 96.0030517578125
vertex 56.644622802734375 9.5 86.5635986328125
endloop
endfacet
facet normal -0.8829467068513824 0.0 0.46947322911993516
outer loop
vertex 53.367340087890625 9.5 87.173583984375
vertex 58.06207275390625 2.5 96.0030517578125
vertex 58.06207275390625 9.5 96.0030517578125
endloop
endfacet
facet normal 0.0 -1.0 0.0
outer loop
vertex 53.367340087890625 2.5 87.173583984375
vertex 60.869842529296875 2.5 94.5101318359375
vertex 58.06207275390625 2.5 96.0030517578125
endloop
endfacet
facet normal -0.08092866354077341 -0.9850295596841765 -0.1522081402747623
outer loop
vertex 57.70416259765625 2.5 86.000244140625
vertex 58.643096923828125 2.149993896484375 87.76611328125
vertex 57.58355712890625 2.149993896484375 88.3294677734375
endloop
endfacet
facet normal -0.882948832688296 -2.783159443040058e-05 0.4694692301735843
outer loop
vertex 56.644622802734375 2.5 86.5635986328125
vertex 57.58355712890625 2.149993896484375 88.3294677734375
vertex 60.869842529296875 2.5 94.5101318359375
endloop
endfacet
facet normal 0.0 -1.0 0.0
outer loop
vertex 57.58355712890625 2.149993896484375 88.3294677734375
vertex 58.643096923828125 2.149993896484375 87.76611328125
vertex 60.400390625 2.149993896484375 93.627197265625
endloop
endfacet
facet normal 0.882948832688296 2.783159443040058e-05 -0.4694692301735843
outer loop
vertex 57.70416259765625 2.5 86.000244140625
vertex 61.92938232421875 2.5 93.94677734375
vertex 58.643096923828125 2.149993896484375 87.76611328125
endloop
endfacet
facet normal -0.08092866354077341 0.9850295596841765 -0.1522081402747623
outer loop
vertex 57.70416259765625 9.5 86.000244140625
vertex 57.58355712890625 9.850006103515625 88.3294677734375
vertex 58.643096923828125 9.850006103515625 87.76611328125
endloop
endfacet
facet normal -0.882948832688296 2.783159443040058e-05 0.4694692301735843
outer loop
vertex 56.644622802734375 9.5 86.5635986328125
vertex 60.869842529296875 9.5 94.5101318359375
vertex 57.58355712890625 9.850006103515625 88.3294677734375
endloop
endfacet
facet normal -0.0 1.0 0.0
outer loop
vertex 57.58355712890625 9.850006103515625 88.3294677734375
vertex 60.400390625 9.850006103515625 93.627197265625
vertex 58.643096923828125 9.850006103515625 87.76611328125
endloop
endfacet
facet normal 0.882948832688296 -2.783159443040058e-05 -0.4694692301735843
outer loop
vertex 57.70416259765625 9.5 86.000244140625
vertex 58.643096923828125 9.850006103515625 87.76611328125
vertex 61.92938232421875 9.5 93.94677734375
endloop
endfacet
facet normal -0.0 -1.0 0.0
outer loop
vertex 62.330810546875 2.5 83.54022216796875
vertex 66.5560302734375 2.5 91.4866943359375
vertex 57.70416259765625 2.5 86.000244140625
endloop
endfacet
facet normal 0.0 -1.0 0.0
outer loop
vertex 57.70416259765625 2.5 86.000244140625
vertex 66.5560302734375 2.5 91.4866943359375
vertex 61.92938232421875 2.5 93.94677734375
endloop
endfacet
facet normal 0.0 1.0 -0.0
outer loop
vertex 62.330810546875 9.5 83.54022216796875
vertex 57.70416259765625 9.5 86.000244140625
vertex 61.92938232421875 9.5 93.94677734375
endloop
endfacet
facet normal -0.8829489217901609 2.8916421900559413e-05 0.46946906253067716
outer loop
vertex 57.58355712890625 2.149993896484375 88.3294677734375
vertex 60.400390625 2.149993896484375 93.627197265625
vertex 61.339324951171875 2.5 95.39306640625
endloop
endfacet
facet normal -0.8829401524168273 -0.00039469544140119264 0.4694853900449492
outer loop
vertex 57.58355712890625 2.149993896484375 88.3294677734375
vertex 61.339324951171875 2.5 95.39306640625
vertex 60.869842529296875 2.5 94.5101318359375
endloop
endfacet
facet normal -0.6454340295772067 0.0 0.7638160206906697
outer loop
vertex 58.06207275390625 2.5 96.0030517578125
vertex 59.7073974609375 8.699996948242188 97.39337158203125
vertex 58.06207275390625 9.5 96.0030517578125
endloop
endfacet
facet normal 0.17434288981755425 -0.9284891947938775 0.32789079267506294
outer loop
vertex 58.06207275390625 2.5 96.0030517578125
vertex 60.869842529296875 2.5 94.5101318359375
vertex 60.98724365234375 2.600006103515625 94.73089599609375
endloop
endfacet
facet normal -0.6454340295772069 0.0 0.7638160206906697
outer loop
vertex 58.06207275390625 2.5 96.0030517578125
vertex 59.7073974609375 3.3000030517578125 97.39337158203125
vertex 59.7073974609375 8.699996948242188 97.39337158203125
endloop
endfacet
facet normal 0.17435508511977005 0.928476653339416 0.3279198202251819
outer loop
vertex 59.7073974609375 8.699996948242188 97.39337158203125
vertex 60.98724365234375 9.399993896484375 94.73089599609375
vertex 58.06207275390625 9.5 96.0030517578125
endloop
endfacet
facet normal -0.0 0.9999999999999999 0.0
outer loop
vertex 56.644622802734375 9.5 86.5635986328125
vertex 58.06207275390625 9.5 96.0030517578125
vertex 60.869842529296875 9.5 94.5101318359375
endloop
endfacet
facet normal -0.8829489217901609 -2.8916421900559413e-05 0.46946906253067716
outer loop
vertex 57.58355712890625 9.850006103515625 88.3294677734375
vertex 61.339324951171875 9.5 95.39306640625
vertex 60.400390625 9.850006103515625 93.627197265625
endloop
endfacet
facet normal -0.8829401524168273 0.00039469544140119264 0.4694853900449492
outer loop
vertex 57.58355712890625 9.850006103515625 88.3294677734375
vertex 60.869842529296875 9.5 94.5101318359375
vertex 61.339324951171875 9.5 95.39306640625
endloop
endfacet
facet normal 0.17434288981755425 0.9284891947938775 0.32789079267506294
outer loop
vertex 58.06207275390625 9.5 96.0030517578125
vertex 60.98724365234375 9.399993896484375 94.73089599609375
vertex 60.869842529296875 9.5 94.5101318359375
endloop
endfacet
facet normal 0.0 -1.0 0.0
outer loop
vertex 58.643096923828125 2.149993896484375 87.76611328125
vertex 61.459930419921875 2.149993896484375 93.0638427734375
vertex 60.400390625 2.149993896484375 93.627197265625
endloop
endfacet
facet normal 0.8829489217901609 -2.8916421900559413e-05 -0.46946906253067716
outer loop
vertex 58.643096923828125 2.149993896484375 87.76611328125
vertex 62.39886474609375 2.5 94.8297119140625
vertex 61.459930419921875 2.149993896484375 93.0638427734375
endloop
endfacet
facet normal 0.8829401524168273 0.00039469544140119264 -0.4694853900449492
outer loop
vertex 58.643096923828125 2.149993896484375 87.76611328125
vertex 61.92938232421875 2.5 93.94677734375
vertex 62.39886474609375 2.5 94.8297119140625
endloop
endfacet
facet normal 0.08092866354077341 -0.9850295596841765 0.1522081402747623
outer loop
vertex 60.400390625 2.149993896484375 93.627197265625
vertex 61.459930419921875 2.149993896484375 93.0638427734375
vertex 61.339324951171875 2.5 95.39306640625
endloop
endfacet
facet normal 0.8829402121296821 -0.00014326683606836742 -0.46948542179604
outer loop
vertex 61.92938232421875 2.5 93.94677734375
vertex 62.0467529296875 2.600006103515625 94.16748046875
vertex 62.39886474609375 2.5 94.8297119140625
endloop
endfacet
facet normal -0.8829402141634679 0.00012616868821666277 0.4694854228774641
outer loop
vertex 60.869842529296875 2.5 94.5101318359375
vertex 61.339324951171875 2.5 95.39306640625
vertex 60.98724365234375 2.600006103515625 94.73089599609375
endloop
endfacet
facet normal -0.8829481199481272 0.0 0.4694705714739397
outer loop
vertex 60.98724365234375 2.600006103515625 94.73089599609375
vertex 61.339324951171875 2.5 95.39306640625
vertex 61.339324951171875 2.600006103515625 95.39306640625
endloop
endfacet
facet normal 0.174384098292979 0.9284671603166919 0.3279312709639067
outer loop
vertex 59.7073974609375 8.699996948242188 97.39337158203125
vertex 62.0467529296875 9.399993896484375 94.16748046875
vertex 60.98724365234375 9.399993896484375 94.73089599609375
endloop
endfacet
facet normal 0.0 1.0 -0.0
outer loop
vertex 62.0467529296875 2.600006103515625 94.16748046875
vertex 60.98724365234375 2.600006103515625 94.73089599609375
vertex 61.339324951171875 2.600006103515625 95.39306640625
endloop
endfacet
facet normal 0.08092866354077341 -0.9850295596841765 0.1522081402747623
outer loop
vertex 61.459930419921875 2.149993896484375 93.0638427734375
vertex 62.39886474609375 2.5 94.8297119140625
vertex 61.339324951171875 2.5 95.39306640625
endloop
endfacet
facet normal 0.4694632405567484 0.0 0.882952017816346
outer loop
vertex 61.339324951171875 2.5 95.39306640625
vertex 62.39886474609375 2.600006103515625 94.8297119140625
vertex 61.339324951171875 2.600006103515625 95.39306640625
endloop
endfacet
facet normal -0.0 1.0 -0.0
outer loop
vertex 62.0467529296875 2.600006103515625 94.16748046875
vertex 61.339324951171875 2.600006103515625 95.39306640625
vertex 62.39886474609375 2.600006103515625 94.8297119140625
endloop
endfacet
facet normal 0.4694632405567484 -0.0 0.882952017816346
outer loop
vertex 61.339324951171875 2.5 95.39306640625
vertex 62.39886474609375 2.5 94.8297119140625
vertex 62.39886474609375 2.600006103515625 94.8297119140625
endloop
endfacet
facet normal 0.882949189538135 0.0 -0.46946855985672814
outer loop
vertex 62.0467529296875 2.600006103515625 94.16748046875
vertex 62.39886474609375 2.600006103515625 94.8297119140625
vertex 62.39886474609375 2.5 94.8297119140625
endloop
endfacet
facet normal -0.0 1.0 0.0
outer loop
vertex 58.643096923828125 9.850006103515625 87.76611328125
vertex 60.400390625 9.850006103515625 93.627197265625
vertex 61.459930419921875 9.850006103515625 93.0638427734375
endloop
endfacet
facet normal 0.8829489217901609 2.8916421900559413e-05 -0.46946906253067716
outer loop
vertex 58.643096923828125 9.850006103515625 87.76611328125
vertex 61.459930419921875 9.850006103515625 93.0638427734375
vertex 62.39886474609375 9.5 94.8297119140625
endloop
endfacet
facet normal 0.8829401524168273 -0.00039469544140119264 -0.4694853900449492
outer loop
vertex 58.643096923828125 9.850006103515625 87.76611328125
vertex 62.39886474609375 9.5 94.8297119140625
vertex 61.92938232421875 9.5 93.94677734375
endloop
endfacet
facet normal 0.08092866354077341 0.9850295596841765 0.1522081402747623
outer loop
vertex 60.400390625 9.850006103515625 93.627197265625
vertex 61.339324951171875 9.5 95.39306640625
vertex 61.459930419921875 9.850006103515625 93.0638427734375
endloop
endfacet
facet normal 0.8829402121296821 0.00014326683606836742 -0.46948542179604
outer loop
vertex 61.92938232421875 9.5 93.94677734375
vertex 62.39886474609375 9.5 94.8297119140625
vertex 62.0467529296875 9.399993896484375 94.16748046875
endloop
endfacet
facet normal -0.8829402141634679 -0.00012616868821666277 0.4694854228774641
outer loop
vertex 60.869842529296875 9.5 94.5101318359375
vertex 60.98724365234375 9.399993896484375 94.73089599609375
vertex 61.339324951171875 9.5 95.39306640625
endloop
endfacet
facet normal -0.8829481199481272 0.0 0.4694705714739397
outer loop
vertex 60.98724365234375 9.399993896484375 94.73089599609375
vertex 61.339324951171875 9.399993896484375 95.39306640625
vertex 61.339324951171875 9.5 95.39306640625
endloop
endfacet
facet normal 0.08092866354077341 0.9850295596841765 0.1522081402747623
outer loop
vertex 61.459930419921875 9.850006103515625 93.0638427734375
vertex 61.339324951171875 9.5 95.39306640625
vertex 62.39886474609375 9.5 94.8297119140625
endloop
endfacet
facet normal 0.0 -1.0 0.0
outer loop
vertex 60.98724365234375 9.399993896484375 94.73089599609375
vertex 62.39886474609375 9.399993896484375 94.8297119140625
vertex 61.339324951171875 9.399993896484375 95.39306640625
endloop
endfacet
facet normal 0.4694632405567484 0.0 0.882952017816346
outer loop
vertex 61.339324951171875 9.399993896484375 95.39306640625
vertex 62.39886474609375 9.399993896484375 94.8297119140625
vertex 61.339324951171875 9.5 95.39306640625
endloop
endfacet
facet normal -0.0 -1.0 0.0
outer loop
vertex 62.0467529296875 9.399993896484375 94.16748046875
vertex 62.39886474609375 9.399993896484375 94.8297119140625
vertex 60.98724365234375 9.399993896484375 94.73089599609375
endloop
endfacet
facet normal 0.4694632405567484 -0.0 0.882952017816346
outer loop
vertex 61.339324951171875 9.5 95.39306640625
vertex 62.39886474609375 9.399993896484375 94.8297119140625
vertex 62.39886474609375 9.5 94.8297119140625
endloop
endfacet
facet normal 0.882949189538135 0.0 -0.46946855985672814
outer loop
vertex 62.0467529296875 9.399993896484375 94.16748046875
vertex 62.39886474609375 9.5 94.8297119140625
vertex 62.39886474609375 9.399993896484375 94.8297119140625
endloop
endfacet
facet normal 0.0 0.0 1.0
outer loop
vertex 31.72393798828125 34.0 75.9091796875
vertex 67.72393798828125 34.0 75.9091796875
vertex 67.72393798828125 142.0 75.9091796875
endloop
endfacet
facet normal 0.863589505728551 0.0 -0.5041955628479062
outer loop
vertex 65.72393798828125 3.0 73.6171875
vertex 65.72393798828125 12.0 73.6171875
vertex 68.8365478515625 1.26116943359375 78.948486328125
endloop
endfacet
facet normal 0.0 1.0 0.0
outer loop
vertex 65.72393798828125 12.0 73.6171875
vertex 65.72393798828125 12.0 73.9091796875
vertex 68.8365478515625 12.0 78.948486328125
endloop
endfacet
facet normal 0.4694706368349253 -0.0 0.8829480851951658
outer loop
vertex 50.26214599609375 0.0 88.82464599609375
vertex 68.8365478515625 0.0 78.948486328125
vertex 68.8365478515625 1.26116943359375 78.948486328125
endloop
endfacet
facet normal -0.08093549890621987 -0.9850295596699797 -0.1522045058241278
outer loop
vertex 62.330810546875 2.5 83.54022216796875
vertex 63.390350341796875 2.5 82.976806640625
vertex 63.269744873046875 2.149993896484375 85.30609130859375
endloop
endfacet
facet normal -0.08092654770101423 -0.9850303484114221 -0.152204160868446
outer loop
vertex 63.390350341796875 2.5 82.976806640625
vertex 64.32928466796875 2.149993896484375 84.74273681640625
vertex 63.269744873046875 2.149993896484375 85.30609130859375
endloop
endfacet
facet normal -0.08093549890621987 0.9850295596699797 -0.1522045058241278
outer loop
vertex 62.330810546875 9.5 83.54022216796875
vertex 63.269744873046875 9.850006103515625 85.30609130859375
vertex 63.390350341796875 9.5 82.976806640625
endloop
endfacet
facet normal 0.0 1.0 0.0
outer loop
vertex 62.330810546875 9.5 83.54022216796875
vertex 63.390350341796875 9.5 82.976806640625
vertex 65.7286376953125 9.5 80.60101318359375
endloop
endfacet
facet normal -0.08092654770101423 0.9850303484114221 -0.152204160868446
outer loop
vertex 63.390350341796875 9.5 82.976806640625
vertex 63.269744873046875 9.850006103515625 85.30609130859375
vertex 64.32928466796875 9.850006103515625 84.74273681640625
endloop
endfacet
facet normal 0.4694763716992511 0.0 0.8829450358975389
outer loop
vertex 65.7286376953125 2.5 80.60101318359375
vertex 68.8365478515625 1.26116943359375 78.948486328125
vertex 65.7286376953125 9.5 80.60101318359375
endloop
endfacet
facet normal 0.0 -1.0 0.0
outer loop
vertex 63.390350341796875 2.5 82.976806640625
vertex 65.7286376953125 2.5 80.60101318359375
vertex 70.42333984375 2.5 89.430419921875
endloop
endfacet
facet normal -0.0 1.0 0.0
outer loop
vertex 63.390350341796875 9.5 82.976806640625
vertex 70.42333984375 9.5 89.430419921875
vertex 65.7286376953125 9.5 80.60101318359375
endloop
endfacet
facet normal 1.0 0.0 -0.0
outer loop
vertex 65.72393798828125 12.0 73.6171875
vertex 65.72393798828125 34.0 73.9091796875
vertex 65.72393798828125 12.0 73.9091796875
endloop
endfacet
facet normal 0.8635895057285509 0.0 -0.5041955628479062
outer loop
vertex 65.72393798828125 3.0 73.6171875
vertex 68.8365478515625 1.26116943359375 78.948486328125
vertex 68.8365478515625 0.0 78.948486328125
endloop
endfacet
facet normal 0.863589505728551 0.0 -0.5041955628479062
outer loop
vertex 65.72393798828125 12.0 73.6171875
vertex 68.8365478515625 12.0 78.948486328125
vertex 68.8365478515625 1.26116943359375 78.948486328125
endloop
endfacet
facet normal 0.4694763716992512 -0.0 0.8829450358975391
outer loop
vertex 65.7286376953125 9.5 80.60101318359375
vertex 68.8365478515625 1.26116943359375 78.948486328125
vertex 68.8365478515625 12.0 78.948486328125
endloop
endfacet
facet normal 0.8829466266189434 0.0 -0.4694733800144883
outer loop
vertex 65.7286376953125 2.5 80.60101318359375
vertex 65.7286376953125 9.5 80.60101318359375
vertex 70.42333984375 9.5 89.430419921875
endloop
endfacet
facet normal -0.0 -0.9999999999999999 0.0
outer loop
vertex 67.4815673828125 34.0 69.45330810546875
vertex 67.72393798828125 34.0 75.9091796875
vertex 65.72393798828125 34.0 73.9091796875
endloop
endfacet
facet normal -0.0 -1.0 0.0
outer loop
vertex 64.32928466796875 2.149993896484375 84.74273681640625
vertex 66.08657836914062 2.149993896484375 90.603759765625
vertex 63.269744873046875 2.149993896484375 85.30609130859375
endloop
endfacet
facet normal -0.882947338282264 -9.638938080628098e-06 0.4694720414756942
outer loop
vertex 62.330810546875 2.5 83.54022216796875
vertex 63.269744873046875 2.149993896484375 85.30609130859375
vertex 66.5560302734375 2.5 91.4866943359375
endloop
endfacet
facet normal -0.882947338282264 9.638938080628098e-06 0.4694720414756942
outer loop
vertex 62.330810546875 9.5 83.54022216796875
vertex 66.5560302734375 9.5 91.4866943359375
vertex 63.269744873046875 9.850006103515625 85.30609130859375
endloop
endfacet
facet normal 0.0 1.0 -0.0
outer loop
vertex 64.32928466796875 9.850006103515625 84.74273681640625
vertex 63.269744873046875 9.850006103515625 85.30609130859375
vertex 66.08657836914062 9.850006103515625 90.603759765625
endloop
endfacet
facet normal -0.0 0.9999999999999999 -0.0
outer loop
vertex 62.330810546875 9.5 83.54022216796875
vertex 61.92938232421875 9.5 93.94677734375
vertex 66.5560302734375 9.5 91.4866943359375
endloop
endfacet
facet normal 0.8829488317412085 -5.403591447904332e-05 -0.4694692296700122
outer loop
vertex 63.390350341796875 2.5 82.976806640625
vertex 67.61557006835938 2.5 90.92333984375
vertex 64.32928466796875 2.149993896484375 84.74273681640625
endloop
endfacet
facet normal -0.8829466772649076 -8.02406425695647e-05 0.4694732779065262
outer loop
vertex 63.269744873046875 2.149993896484375 85.30609130859375
vertex 66.08657836914062 2.149993896484375 90.603759765625
vertex 67.0255126953125 2.5 92.36968994140625
endloop
endfacet
facet normal -0.8829536434509149 0.0002602371960332239 0.4694601109714825
outer loop
vertex 63.269744873046875 2.149993896484375 85.30609130859375
vertex 67.0255126953125 2.5 92.36968994140625
vertex 66.5560302734375 2.5 91.4866943359375
endloop
endfacet
facet normal 0.0 -1.0 0.0
outer loop
vertex 64.32928466796875 2.149993896484375 84.74273681640625
vertex 67.1461181640625 2.149993896484375 90.0404052734375
vertex 66.08657836914062 2.149993896484375 90.603759765625
endloop
endfacet
facet normal 0.8829466772649076 8.02406425695647e-05 -0.4694732779065262
outer loop
vertex 64.32928466796875 2.149993896484375 84.74273681640625
vertex 68.08505249023438 2.5 91.80633544921875
vertex 67.1461181640625 2.149993896484375 90.0404052734375
endloop
endfacet
facet normal 0.8829536434509149 -0.0002602371960332239 -0.4694601109714825
outer loop
vertex 64.32928466796875 2.149993896484375 84.74273681640625
vertex 67.61557006835938 2.5 90.92333984375
vertex 68.08505249023438 2.5 91.80633544921875
endloop
endfacet
facet normal 0.08092654770101423 -0.9850303484114221 0.152204160868446
outer loop
vertex 66.08657836914062 2.149993896484375 90.603759765625
vertex 67.1461181640625 2.149993896484375 90.0404052734375
vertex 67.0255126953125 2.5 92.36968994140625
endloop
endfacet
facet normal 0.8829488317412085 5.403591447904332e-05 -0.4694692296700122
outer loop
vertex 63.390350341796875 9.5 82.976806640625
vertex 64.32928466796875 9.850006103515625 84.74273681640625
vertex 67.61557006835938 9.5 90.92333984375
endloop
endfacet
facet normal -0.8829466772649076 8.02406425695647e-05 0.4694732779065262
outer loop
vertex 63.269744873046875 9.850006103515625 85.30609130859375
vertex 67.0255126953125 9.5 92.36968994140625
vertex 66.08657836914062 9.850006103515625 90.603759765625
endloop
endfacet
facet normal -0.8829536434509149 -0.0002602371960332239 0.4694601109714825
outer loop
vertex 63.269744873046875 9.850006103515625 85.30609130859375
vertex 66.5560302734375 9.5 91.4866943359375
vertex 67.0255126953125 9.5 92.36968994140625
endloop
endfacet
facet normal -0.0 1.0 0.0
outer loop
vertex 64.32928466796875 9.850006103515625 84.74273681640625
vertex 66.08657836914062 9.850006103515625 90.603759765625
vertex 67.1461181640625 9.850006103515625 90.0404052734375
endloop
endfacet
facet normal 0.8829466772649076 -8.02406425695647e-05 -0.4694732779065262
outer loop
vertex 64.32928466796875 9.850006103515625 84.74273681640625
vertex 67.1461181640625 9.850006103515625 90.0404052734375
vertex 68.08505249023438 9.5 91.80633544921875
endloop
endfacet
facet normal 0.8829536434509149 0.0002602371960332239 -0.4694601109714825
outer loop
vertex 64.32928466796875 9.850006103515625 84.74273681640625
vertex 68.08505249023438 9.5 91.80633544921875
vertex 67.61557006835938 9.5 90.92333984375
endloop
endfacet
facet normal 0.08092654770101423 0.9850303484114221 0.152204160868446
outer loop
vertex 66.08657836914062 9.850006103515625 90.603759765625
vertex 67.0255126953125 9.5 92.36968994140625
vertex 67.1461181640625 9.850006103515625 90.0404052734375
endloop
endfacet
facet normal 0.17436944278443353 -0.9284618865149957 0.3279539948103412
outer loop
vertex 58.06207275390625 2.5 96.0030517578125
vertex 60.98724365234375 2.600006103515625 94.73089599609375
vertex 70.65594482421875 3.3000030517578125 91.5718994140625
endloop
endfacet
facet normal 0.1743831262670235 -0.9284542478523098 0.3279683443845474
outer loop
vertex 61.92938232421875 2.5 93.94677734375
vertex 66.67340087890625 2.600006103515625 91.70745849609375
vertex 62.0467529296875 2.600006103515625 94.16748046875
endloop
endfacet
facet normal 0.17433558549070874 -0.9285084870016045 0.32784004209004586
outer loop
vertex 62.0467529296875 2.600006103515625 94.16748046875
vertex 70.65594482421875 3.3000030517578125 91.5718994140625
vertex 60.98724365234375 2.600006103515625 94.73089599609375
endloop
endfacet
facet normal 0.17435748084908184 -0.9284771116290409 0.32791724878840367
outer loop
vertex 58.06207275390625 2.5 96.0030517578125
vertex 70.65594482421875 3.3000030517578125 91.5718994140625
vertex 59.7073974609375 3.3000030517578125 97.39337158203125
endloop
endfacet
facet normal 0.17435285269205475 0.9284800436049445 0.3279114078306867
outer loop
vertex 59.7073974609375 8.699996948242188 97.39337158203125
vertex 66.67340087890625 9.399993896484375 91.70745849609375
vertex 62.0467529296875 9.399993896484375 94.16748046875
endloop
endfacet
facet normal 0.46947321451734497 0.0 0.8829467146157525
outer loop
vertex 59.7073974609375 3.3000030517578125 97.39337158203125
vertex 70.65594482421875 3.3000030517578125 91.5718994140625
vertex 59.7073974609375 8.699996948242188 97.39337158203125
endloop
endfacet
facet normal 0.17438649913058069 0.9284542479440377 0.327966550726825
outer loop
vertex 61.92938232421875 9.5 93.94677734375
vertex 62.0467529296875 9.399993896484375 94.16748046875
vertex 66.5560302734375 9.5 91.4866943359375
endloop
endfacet
facet normal 0.17435409635392254 -0.9284818572345364 0.327905611222061
outer loop
vertex 61.92938232421875 2.5 93.94677734375
vertex 66.5560302734375 2.5 91.4866943359375
vertex 66.67340087890625 2.600006103515625 91.70745849609375
endloop
endfacet
facet normal 0.17434452050199775 0.9284849979173727 0.3279018097133727
outer loop
vertex 59.7073974609375 8.699996948242188 97.39337158203125
vertex 67.73294067382812 9.399993896484375 91.14410400390625
vertex 66.67340087890625 9.399993896484375 91.70745849609375
endloop
endfacet
facet normal -0.8829536710841003 -7.162955838630588e-05 0.46946012566384876
outer loop
vertex 66.5560302734375 2.5 91.4866943359375
vertex 67.0255126953125 2.5 92.36968994140625
vertex 66.67340087890625 2.600006103515625 91.70745849609375
endloop
endfacet
facet normal 0.17435670760042077 -0.928476759172095 0.3279186578894603
outer loop
vertex 62.0467529296875 2.600006103515625 94.16748046875
vertex 66.67340087890625 2.600006103515625 91.70745849609375
vertex 70.65594482421875 3.3000030517578125 91.5718994140625
endloop
endfacet
facet normal 0.17436207657100966 0.9284741669824275 0.32792314267238404
outer loop
vertex 59.7073974609375 8.699996948242188 97.39337158203125
vertex 70.42333984375 9.5 89.430419921875
vertex 67.73294067382812 9.399993896484375 91.14410400390625
endloop
endfacet
facet normal 0.1743507239399028 0.9284818572937962 0.327907404213285
outer loop
vertex 62.0467529296875 9.399993896484375 94.16748046875
vertex 66.67340087890625 9.399993896484375 91.70745849609375
vertex 66.5560302734375 9.5 91.4866943359375
endloop
endfacet
facet normal -0.8829536710841003 7.162955838630588e-05 0.46946012566384876
outer loop
vertex 66.5560302734375 9.5 91.4866943359375
vertex 66.67340087890625 9.399993896484375 91.70745849609375
vertex 67.0255126953125 9.5 92.36968994140625
endloop
endfacet
facet normal 0.0 -0.9999999999999999 0.0
outer loop
vertex 63.390350341796875 2.5 82.976806640625
vertex 70.42333984375 2.5 89.430419921875
vertex 67.61557006835938 2.5 90.92333984375
endloop
endfacet
facet normal 0.8829466266189434 0.0 -0.4694733800144883
outer loop
vertex 65.7286376953125 2.5 80.60101318359375
vertex 70.42333984375 9.5 89.430419921875
vertex 70.42333984375 2.5 89.430419921875
endloop
endfacet
facet normal 0.8829536710841003 7.162955838630588e-05 -0.46946012566384876
outer loop
vertex 67.61557006835938 2.5 90.92333984375
vertex 67.73294067382812 2.600006103515625 91.14410400390625
vertex 68.08505249023438 2.5 91.80633544921875
endloop
endfacet
facet normal 0.17435150230557514 -0.928481857281321 0.32790699038480053
outer loop
vertex 67.61557006835938 2.5 90.92333984375
vertex 70.42333984375 2.5 89.430419921875
vertex 67.73294067382812 2.600006103515625 91.14410400390625
endloop
endfacet
facet normal -0.0 0.9999999999999999 0.0
outer loop
vertex 63.390350341796875 9.5 82.976806640625
vertex 67.61557006835938 9.5 90.92333984375
vertex 70.42333984375 9.5 89.430419921875
endloop
endfacet
facet normal 0.8829536710841003 -7.162955838630588e-05 -0.46946012566384876
outer loop
vertex 67.61557006835938 9.5 90.92333984375
vertex 68.08505249023438 9.5 91.80633544921875
vertex 67.73294067382812 9.399993896484375 91.14410400390625
endloop
endfacet
facet normal 0.17435150230557514 0.928481857281321 0.32790699038480053
outer loop
vertex 67.61557006835938 9.5 90.92333984375
vertex 67.73294067382812 9.399993896484375 91.14410400390625
vertex 70.42333984375 9.5 89.430419921875
endloop
endfacet
facet normal 0.17435815901651006 -0.9284770161379715 0.32791715857500164
outer loop
vertex 67.73294067382812 2.600006103515625 91.14410400390625
vertex 70.42333984375 2.5 89.430419921875
vertex 70.65594482421875 3.3000030517578125 91.5718994140625
endloop
endfacet
facet normal 0.9941526654992479 0.0 -0.10798369173509757
outer loop
vertex 70.42333984375 2.5 89.430419921875
vertex 70.42333984375 9.5 89.430419921875
vertex 70.65594482421875 3.3000030517578125 91.5718994140625
endloop
endfacet
facet normal 0.9941526654992479 0.0 -0.10798369173509759
outer loop
vertex 70.42333984375 9.5 89.430419921875
vertex 70.65594482421875 8.699996948242188 91.5718994140625
vertex 70.65594482421875 3.3000030517578125 91.5718994140625
endloop
endfacet
facet normal -0.0 1.0 0.0
outer loop
vertex 66.67340087890625 2.600006103515625 91.70745849609375
vertex 67.0255126953125 2.600006103515625 92.36968994140625
vertex 67.73294067382812 2.600006103515625 91.14410400390625
endloop
endfacet
facet normal -0.882949189538135 0.0 0.46946855985672814
outer loop
vertex 66.67340087890625 2.600006103515625 91.70745849609375
vertex 67.0255126953125 2.5 92.36968994140625
vertex 67.0255126953125 2.600006103515625 92.36968994140625
endloop
endfacet
facet normal 0.08092654770101423 -0.9850303484114221 0.152204160868446
outer loop
vertex 67.1461181640625 2.149993896484375 90.0404052734375
vertex 68.08505249023438 2.5 91.80633544921875
vertex 67.0255126953125 2.5 92.36968994140625
endloop
endfacet
facet normal -0.0 1.0 -0.0
outer loop
vertex 67.73294067382812 2.600006103515625 91.14410400390625
vertex 67.0255126953125 2.600006103515625 92.36968994140625
vertex 68.08505249023438 2.600006103515625 91.80633544921875
endloop
endfacet
facet normal 0.4694632405567484 -0.0 0.882952017816346
outer loop
vertex 67.0255126953125 2.5 92.36968994140625
vertex 68.08505249023438 2.5 91.80633544921875
vertex 68.08505249023438 2.600006103515625 91.80633544921875
endloop
endfacet
facet normal 0.4694632405567484 0.0 0.882952017816346
outer loop
vertex 67.0255126953125 2.5 92.36968994140625
vertex 68.08505249023438 2.600006103515625 91.80633544921875
vertex 67.0255126953125 2.600006103515625 92.36968994140625
endloop
endfacet
facet normal 0.17435748913525698 0.9284771045690868 0.3279172643723622
outer loop
vertex 59.7073974609375 8.699996948242188 97.39337158203125
vertex 70.65594482421875 8.699996948242188 91.5718994140625
vertex 70.42333984375 9.5 89.430419921875
endloop
endfacet
facet normal 0.46947321451734497 -0.0 0.8829467146157525
outer loop
vertex 59.7073974609375 8.699996948242188 97.39337158203125
vertex 70.65594482421875 3.3000030517578125 91.5718994140625
vertex 70.65594482421875 8.699996948242188 91.5718994140625
endloop
endfacet
facet normal 0.882949189538135 0.0 -0.46946855985672814
outer loop
vertex 67.73294067382812 2.600006103515625 91.14410400390625
vertex 68.08505249023438 2.600006103515625 91.80633544921875
vertex 68.08505249023438 2.5 91.80633544921875
endloop
endfacet
facet normal 0.1743565507666624 -0.928474747942764 0.327924435864992
outer loop
vertex 66.67340087890625 2.600006103515625 91.70745849609375
vertex 67.73294067382812 2.600006103515625 91.14410400390625
vertex 70.65594482421875 3.3000030517578125 91.5718994140625
endloop
endfacet
facet normal 0.0 -1.0 0.0
outer loop
vertex 66.67340087890625 9.399993896484375 91.70745849609375
vertex 68.08505249023438 9.399993896484375 91.80633544921875
vertex 67.0255126953125 9.399993896484375 92.36968994140625
endloop
endfacet
facet normal -0.882949189538135 0.0 0.46946855985672814
outer loop
vertex 66.67340087890625 9.399993896484375 91.70745849609375
vertex 67.0255126953125 9.399993896484375 92.36968994140625
vertex 67.0255126953125 9.5 92.36968994140625
endloop
endfacet
facet normal 0.08092654770101423 0.9850303484114221 0.152204160868446
outer loop
vertex 67.1461181640625 9.850006103515625 90.0404052734375
vertex 67.0255126953125 9.5 92.36968994140625
vertex 68.08505249023438 9.5 91.80633544921875
endloop
endfacet
facet normal 0.0 -1.0 0.0
outer loop
vertex 66.67340087890625 9.399993896484375 91.70745849609375
vertex 67.73294067382812 9.399993896484375 91.14410400390625
vertex 68.08505249023438 9.399993896484375 91.80633544921875
endloop
endfacet
facet normal 0.4694632405567484 -0.0 0.882952017816346
outer loop
vertex 67.0255126953125 9.5 92.36968994140625
vertex 68.08505249023438 9.399993896484375 91.80633544921875
vertex 68.08505249023438 9.5 91.80633544921875
endloop
endfacet
facet normal 0.4694632405567484 0.0 0.882952017816346
outer loop
vertex 67.0255126953125 9.399993896484375 92.36968994140625
vertex 68.08505249023438 9.399993896484375 91.80633544921875
vertex 67.0255126953125 9.5 92.36968994140625
endloop
endfacet
facet normal 0.882949189538135 0.0 -0.46946855985672814
outer loop
vertex 67.73294067382812 9.399993896484375 91.14410400390625
vertex 68.08505249023438 9.5 91.80633544921875
vertex 68.08505249023438 9.399993896484375 91.80633544921875
endloop
endfacet
facet normal 0.9992960183442591 -1.0986457942484354e-07 -0.037516232770603584
outer loop
vertex 67.4815673828125 34.0 69.45330810546875
vertex 67.71954345703125 142.0 75.79180908203125
vertex 67.72393798828125 34.0 75.9091796875
endloop
endfacet
facet normal 0.8828604366123673 0.0009237170219730336 -0.46963453473044675
outer loop
vertex 53.7509765625 142.0 43.62982177734375
vertex 58.3472900390625 143.95921516418457 52.27423095703125
vertex 58.464324951171875 144.0 52.49432373046875
endloop
endfacet
facet normal 0.35107728365611696 -0.9362535583490651 -0.013191488898374907
outer loop
vertex 58.3472900390625 143.95921516418457 52.27423095703125
vertex 58.454681396484375 144.0 52.2376708984375
vertex 58.464324951171875 144.0 52.49432373046875
endloop
endfacet
facet normal -0.32227405618131666 -0.0 -0.9466464137746688
outer loop
vertex 58.3472900390625 143.95921516418457 52.27423095703125
vertex 58.454681396484375 154.0 52.2376708984375
vertex 58.454681396484375 144.0 52.2376708984375
endloop
endfacet
facet normal 0.9992948319725102 0.0 -0.037547820083628204
outer loop
vertex 58.454681396484375 144.0 52.2376708984375
vertex 58.464324951171875 154.0 52.49432373046875
vertex 58.464324951171875 144.0 52.49432373046875
endloop
endfacet
facet normal -0.0 -1.0 0.0
outer loop
vertex 53.7509765625 142.0 43.62982177734375
vertex 67.4815673828125 142.0 69.45330810546875
vertex 53.188690185546875 142.0 54.03094482421875
endloop
endfacet
facet normal 0.8829475987863197 -4.077872877646748e-06 -0.4694715516203758
outer loop
vertex 53.7509765625 142.0 43.62982177734375
vertex 58.464324951171875 144.0 52.49432373046875
vertex 67.4815673828125 142.0 69.45330810546875
endloop
endfacet
facet normal -0.0 -1.0 0.0
outer loop
vertex 53.188690185546875 142.0 54.03094482421875
vertex 67.4815673828125 142.0 69.45330810546875
vertex 53.323333740234375 142.0 57.6175537109375
endloop
endfacet
facet normal 0.8829477981398666 0.0 -0.46947117670839095
outer loop
vertex 58.464324951171875 144.0 52.49432373046875
vertex 58.464324951171875 154.0 52.49432373046875
vertex 67.4815673828125 142.0 69.45330810546875
endloop
endfacet
facet normal 0.0 -1.0 0.0
outer loop
vertex 43.060638427734375 142.0 68.3773193359375
vertex 53.727294921875 142.0 68.3773193359375
vertex 67.4815673828125 142.0 69.45330810546875
endloop
endfacet
facet normal -0.0 -1.0 0.0
outer loop
vertex 53.323333740234375 142.0 57.6175537109375
vertex 67.4815673828125 142.0 69.45330810546875
vertex 53.727294921875 142.0 68.3773193359375
endloop
endfacet
facet normal 0.9992959481633447 0.0 -0.03751810208848224
outer loop
vertex 67.4815673828125 34.0 69.45330810546875
vertex 67.4815673828125 142.0 69.45330810546875
vertex 67.71954345703125 142.0 75.79180908203125
endloop
endfacet
facet normal 0.8829477981398667 0.0 -0.46947117670839106
outer loop
vertex 67.4815673828125 142.0 69.45330810546875
vertex 58.464324951171875 154.0 52.49432373046875
vertex 67.4815673828125 144.0 69.45330810546875
endloop
endfacet
facet normal 0.9992954470405755 0.0 -0.03753144713405206
outer loop
vertex 67.4815673828125 142.0 69.45330810546875
vertex 67.4815673828125 144.0 69.45330810546875
vertex 67.51620483398438 144.0 70.37554931640625
endloop
endfacet
facet normal 0.9992954470405756 0.0 -0.037531447134052064
outer loop
vertex 67.4815673828125 144.0 69.45330810546875
vertex 67.4815673828125 156.0 69.45330810546875
vertex 67.51620483398438 144.0 70.37554931640625
endloop
endfacet
facet normal 0.9992959481443707 -6.162354300768561e-06 -0.03751810208776987
outer loop
vertex 67.4815673828125 142.0 69.45330810546875
vertex 67.51620483398438 144.0 70.37554931640625
vertex 67.71954345703125 142.0 75.79180908203125
endloop
endfacet
facet normal 0.0 -0.0 1.0
outer loop
vertex 31.72393798828125 34.0 75.9091796875
vertex 67.72393798828125 142.0 75.9091796875
vertex 67.14328002929688 142.2258062362671 75.9091796875
endloop
endfacet
facet normal 0.0 -1.0 0.0
outer loop
vertex 48.962799072265625 144.0 75.9091796875
vertex 67.44769287109375 144.0 75.9091796875
vertex 55.578125 144.0 85.99810791015625
endloop
endfacet
facet normal 0.4694706898156849 -0.0 0.8829480570248655
outer loop
vertex 58.392333984375 146.5 84.50177001953125
vertex 58.392333984375 151.5 84.50177001953125
vertex 55.578125 144.0 85.99810791015625
endloop
endfacet
facet normal -0.0 0.0 1.0
outer loop
vertex 48.962799072265625 144.0 75.9091796875
vertex 67.14328002929688 142.2258062362671 75.9091796875
vertex 67.44769287109375 144.0 75.9091796875
endloop
endfacet
facet normal 0.46947061290368125 1.1105551366395242e-07 0.8829480979195944
outer loop
vertex 58.392333984375 146.5 84.50177001953125
vertex 55.578125 144.0 85.99810791015625
vertex 69.15499877929688 144.0 78.7791748046875
endloop
endfacet
facet normal 0.0 -1.0 0.0
outer loop
vertex 58.392333984375 146.5 84.50177001953125
vertex 61.537109375 146.5 83.96221923828125
vertex 60.477569580078125 146.5 84.52557373046875
endloop
endfacet
facet normal -0.0809267103280672 -0.9850302877892548 -0.1522044667324033
outer loop
vertex 60.477569580078125 146.5 84.52557373046875
vertex 61.537109375 146.5 83.96221923828125
vertex 61.416534423828125 146.15000009536743 86.29144287109375
endloop
endfacet
facet normal 0.0 -1.0 0.0
outer loop
vertex 58.392333984375 146.5 84.50177001953125
vertex 64.13296508789062 146.5 82.58197021484375
vertex 61.537109375 146.5 83.96221923828125
endloop
endfacet
facet normal -0.8829479718640534 0.0 0.4694708499802247
outer loop
vertex 58.392333984375 146.5 84.50177001953125
vertex 63.0870361328125 146.5 93.33123779296875
vertex 58.392333984375 151.5 84.50177001953125
endloop
endfacet
facet normal 0.0 -1.0 0.0
outer loop
vertex 58.392333984375 146.5 84.50177001953125
vertex 60.477569580078125 146.5 84.52557373046875
vertex 64.70285034179688 146.5 92.47210693359375
endloop
endfacet
facet normal -0.08092909004907205 -0.9850300781102109 -0.15220455841406735
outer loop
vertex 61.537109375 146.5 83.96221923828125
vertex 62.476043701171875 146.15000009536743 85.72808837890625
vertex 61.416534423828125 146.15000009536743 86.29144287109375
endloop
endfacet
facet normal -0.8829460196950958 -7.06029710919681e-05 0.4694745161558911
outer loop
vertex 60.477569580078125 146.5 84.52557373046875
vertex 61.416534423828125 146.15000009536743 86.29144287109375
vertex 64.70285034179688 146.5 92.47210693359375
endloop
endfacet
facet normal 0.0 -1.0 0.0
outer loop
vertex 58.392333984375 146.5 84.50177001953125
vertex 64.70285034179688 146.5 92.47210693359375
vertex 63.0870361328125 146.5 93.33123779296875
endloop
endfacet
facet normal 0.9992998032269532 0.0 -0.03741528124406689
outer loop
vertex 67.72393798828125 34.0 75.9091796875
vertex 67.71954345703125 142.0 75.79180908203125
vertex 67.72393798828125 142.0 75.9091796875
endloop
endfacet
facet normal 0.0 -1.0 0.0
outer loop
vertex 55.578125 144.0 85.99810791015625
vertex 67.44769287109375 144.0 75.9091796875
vertex 69.15499877929688 144.0 78.7791748046875
endloop
endfacet
facet normal 0.0 -0.9999999999999999 0.0
outer loop
vertex 58.392333984375 146.5 84.50177001953125
vertex 65.1925048828125 146.5 82.01861572265625
vertex 64.13296508789062 146.5 82.58197021484375
endloop
endfacet
facet normal 0.0 -1.0 0.0
outer loop
vertex 58.392333984375 146.5 84.50177001953125
vertex 66.33883666992188 146.5 80.27655029296875
vertex 65.1925048828125 146.5 82.01861572265625
endloop
endfacet
facet normal 0.4694706359228296 2.381711281309187e-07 0.8829480856801023
outer loop
vertex 58.392333984375 146.5 84.50177001953125
vertex 69.15499877929688 144.0 78.7791748046875
vertex 66.33883666992188 146.5 80.27655029296875
endloop
endfacet
facet normal -0.0809267103280672 -0.9850302877892548 -0.1522044667324033
outer loop
vertex 64.13296508789062 146.5 82.58197021484375
vertex 65.1925048828125 146.5 82.01861572265625
vertex 65.07192993164062 146.15000009536743 84.34783935546875
endloop
endfacet
facet normal -0.0809267103280672 -0.9850302877892548 -0.1522044667324033
outer loop
vertex 65.1925048828125 146.5 82.01861572265625
vertex 66.1314697265625 146.15000009536743 83.78448486328125
vertex 65.07192993164062 146.15000009536743 84.34783935546875
endloop
endfacet
facet normal -0.0 -0.0 0.9999999999999999
outer loop
vertex 67.14328002929688 142.2258062362671 75.9091796875
vertex 67.72393798828125 142.0 75.9091796875
vertex 67.44769287109375 144.0 75.9091796875
endloop
endfacet
facet normal 0.9992960451224249 8.415384096396069e-07 -0.03751551948157259
outer loop
vertex 67.51620483398438 144.0 70.37554931640625
vertex 67.72393798828125 156.0 75.9091796875
vertex 67.71954345703125 142.0 75.79180908203125
endloop
endfacet
facet normal 0.9992998032269532 0.0 -0.03741528124406689
outer loop
vertex 67.71954345703125 142.0 75.79180908203125
vertex 67.72393798828125 156.0 75.9091796875
vertex 67.72393798828125 142.0 75.9091796875
endloop
endfacet
facet normal 0.0 -0.0 0.9999999999999999
outer loop
vertex 67.72393798828125 142.0 75.9091796875
vertex 67.72393798828125 156.0 75.9091796875
vertex 67.44769287109375 144.0 75.9091796875
endloop
endfacet
facet normal 0.8594276953196255 0.0 -0.5112573095004088
outer loop
vertex 67.44769287109375 144.0 75.9091796875
vertex 67.44769287109375 154.0 75.9091796875
vertex 69.15499877929688 144.0 78.7791748046875
endloop
endfacet
facet normal 0.4694704710907113 -0.0 0.8829481733226846
outer loop
vertex 66.33883666992188 146.5 80.27655029296875
vertex 69.15499877929688 144.0 78.7791748046875
vertex 69.15499877929688 154.0 78.7791748046875
endloop
endfacet
facet normal 0.0 -1.0 0.0
outer loop
vertex 65.1925048828125 146.5 82.01861572265625
vertex 66.33883666992188 146.5 80.27655029296875
vertex 71.0335693359375 146.5 89.10601806640625
endloop
endfacet
facet normal 0.0 -1.0 0.0
outer loop
vertex 61.416534423828125 146.15000009536743 86.29144287109375
vertex 62.476043701171875 146.15000009536743 85.72808837890625
vertex 64.23333740234375 146.15000009536743 91.58917236328125
endloop
endfacet
facet normal 0.8829474274139486 1.0724099876124279e-05 -0.46947187382002303
outer loop
vertex 61.537109375 146.5 83.96221923828125
vertex 65.76235961914062 146.5 91.90875244140625
vertex 62.476043701171875 146.15000009536743 85.72808837890625
endloop
endfacet
facet normal 0.0 -1.0 0.0
outer loop
vertex 62.476043701171875 146.15000009536743 85.72808837890625
vertex 65.29287719726562 146.15000009536743 91.02581787109375
vertex 64.23333740234375 146.15000009536743 91.58917236328125
endloop
endfacet
facet normal -0.8829510228428669 0.00013156606549038604 0.4694650934319884
outer loop
vertex 61.416534423828125 146.15000009536743 86.29144287109375
vertex 64.23333740234375 146.15000009536743 91.58917236328125
vertex 65.17230224609375 146.5 93.35504150390625
endloop
endfacet
facet normal -0.8829528499085595 0.0002212017340027511 0.46946162346686615
outer loop
vertex 61.416534423828125 146.15000009536743 86.29144287109375
vertex 65.17230224609375 146.5 93.35504150390625
vertex 64.70285034179688 146.5 92.47210693359375
endloop
endfacet
facet normal 0.0 -1.0 0.0
outer loop
vertex 61.537109375 146.5 83.96221923828125
vertex 64.13296508789062 146.5 82.58197021484375
vertex 68.35824584960938 146.5 90.52850341796875
endloop
endfacet
facet normal -0.8829460196950958 -7.06029710919681e-05 0.4694745161558911
outer loop
vertex 64.13296508789062 146.5 82.58197021484375
vertex 65.07192993164062 146.15000009536743 84.34783935546875
vertex 68.35824584960938 146.5 90.52850341796875
endloop
endfacet
facet normal 0.0 -1.0 0.0
outer loop
vertex 65.07192993164062 146.15000009536743 84.34783935546875
vertex 66.1314697265625 146.15000009536743 83.78448486328125
vertex 67.88876342773438 146.15000009536743 89.64556884765625
endloop
endfacet
facet normal 0.0 -1.0 0.0
outer loop
vertex 61.537109375 146.5 83.96221923828125
vertex 68.35824584960938 146.5 90.52850341796875
vertex 65.76235961914062 146.5 91.90875244140625
endloop
endfacet
facet normal 0.8829489172078787 -0.00010590399075877382 -0.46946906009425116
outer loop
vertex 62.476043701171875 146.15000009536743 85.72808837890625
vertex 66.23184204101562 146.5 92.79168701171875
vertex 65.29287719726562 146.15000009536743 91.02581787109375
endloop
endfacet
facet normal 0.8829401766274652 0.000317716147965937 -0.46948540291846136
outer loop
vertex 62.476043701171875 146.15000009536743 85.72808837890625
vertex 65.76235961914062 146.5 91.90875244140625
vertex 66.23184204101562 146.5 92.79168701171875
endloop
endfacet
facet normal 0.17438097303454766 -0.9284548461558992 0.3279677955122263
outer loop
vertex 63.0870361328125 146.5 93.33123779296875
vertex 64.70285034179688 146.5 92.47210693359375
vertex 64.8201904296875 146.59999990463257 92.69281005859375
endloop
endfacet
facet normal -0.6454410140053424 0.0 0.7638101187073626
outer loop
vertex 63.0870361328125 146.5 93.33123779296875
vertex 64.73233032226562 147.29999995231628 94.7215576171875
vertex 64.73233032226562 150.70000004768372 94.7215576171875
endloop
endfacet
facet normal 0.0809267103280672 -0.9850302877892548 0.1522044667324033
outer loop
vertex 65.29287719726562 146.15000009536743 91.02581787109375
vertex 65.17230224609375 146.5 93.35504150390625
vertex 64.23333740234375 146.15000009536743 91.58917236328125
endloop
endfacet
facet normal -0.0 1.0 0.0
outer loop
vertex 64.8201904296875 146.59999990463257 92.69281005859375
vertex 65.17230224609375 146.59999990463257 93.35504150390625
vertex 65.87973022460938 146.59999990463257 92.12945556640625
endloop
endfacet
facet normal 0.0809267103280672 -0.9850302877892548 0.1522044667324033
outer loop
vertex 65.29287719726562 146.15000009536743 91.02581787109375
vertex 66.23184204101562 146.5 92.79168701171875
vertex 65.17230224609375 146.5 93.35504150390625
endloop
endfacet
facet normal -0.882952869982489 -5.8823609060843144e-05 0.46946163414007425
outer loop
vertex 64.70285034179688 146.5 92.47210693359375
vertex 65.17230224609375 146.5 93.35504150390625
vertex 64.8201904296875 146.59999990463257 92.69281005859375
endloop
endfacet
facet normal -0.8829491895381352 0.0 0.46946855985672825
outer loop
vertex 64.8201904296875 146.59999990463257 92.69281005859375
vertex 65.17230224609375 146.5 93.35504150390625
vertex 65.17230224609375 146.59999990463257 93.35504150390625
endloop
endfacet
facet normal 0.4694632405567483 0.0 0.8829520178163459
outer loop
vertex 65.17230224609375 146.5 93.35504150390625
vertex 66.23184204101562 146.59999990463257 92.79168701171875
vertex 65.17230224609375 146.59999990463257 93.35504150390625
endloop
endfacet
facet normal 0.8829402121285587 -0.00014327571702028147 -0.4694854217954426
outer loop
vertex 65.76235961914062 146.5 91.90875244140625
vertex 65.87973022460938 146.59999990463257 92.12945556640625
vertex 66.23184204101562 146.5 92.79168701171875
endloop
endfacet
facet normal 0.0 1.0 0.0
outer loop
vertex 65.17230224609375 146.59999990463257 93.35504150390625
vertex 66.23184204101562 146.59999990463257 92.79168701171875
vertex 65.87973022460938 146.59999990463257 92.12945556640625
endloop
endfacet
facet normal 0.8829491895381352 0.0 -0.46946855985672825
outer loop
vertex 65.87973022460938 146.59999990463257 92.12945556640625
vertex 66.23184204101562 146.59999990463257 92.79168701171875
vertex 66.23184204101562 146.5 92.79168701171875
endloop
endfacet
facet normal 0.17436916419806786 -0.9284621879277433 0.3279532896088942
outer loop
vertex 65.76235961914062 146.5 91.90875244140625
vertex 68.4755859375 146.59999990463257 90.749267578125
vertex 65.87973022460938 146.59999990463257 92.12945556640625
endloop
endfacet
facet normal 0.1743495839076197 -0.9284929443862976 0.32787661523216866
outer loop
vertex 63.0870361328125 146.5 93.33123779296875
vertex 64.8201904296875 146.59999990463257 92.69281005859375
vertex 71.26614379882812 147.29999995231628 91.2474365234375
endloop
endfacet
facet normal 0.4694632405567483 -0.0 0.8829520178163459
outer loop
vertex 65.17230224609375 146.5 93.35504150390625
vertex 66.23184204101562 146.5 92.79168701171875
vertex 66.23184204101562 146.59999990463257 92.79168701171875
endloop
endfacet
facet normal 0.17435845981859746 -0.9284767830771403 0.3279176585309357
outer loop
vertex 63.0870361328125 146.5 93.33123779296875
vertex 71.26614379882812 147.29999995231628 91.2474365234375
vertex 64.73233032226562 147.29999995231628 94.7215576171875
endloop
endfacet
facet normal 0.8829474240683647 8.771102651068747e-05 -0.469471872041143
outer loop
vertex 65.1925048828125 146.5 82.01861572265625
vertex 69.41775512695312 146.5 89.96514892578125
vertex 66.1314697265625 146.15000009536743 83.78448486328125
endloop
endfacet
facet normal 0.0 -1.0 0.0
outer loop
vertex 66.1314697265625 146.15000009536743 83.78448486328125
vertex 68.94830322265625 146.15000009536743 89.0821533203125
vertex 67.88876342773438 146.15000009536743 89.64556884765625
endloop
endfacet
facet normal 0.8829466772648069 8.024206371954186e-05 -0.46947327790647264
outer loop
vertex 66.1314697265625 146.15000009536743 83.78448486328125
vertex 69.88723754882812 146.5 90.84808349609375
vertex 68.94830322265625 146.15000009536743 89.0821533203125
endloop
endfacet
facet normal 0.8829401524143913 0.0003947024318902491 -0.46948539004365397
outer loop
vertex 66.1314697265625 146.15000009536743 83.78448486328125
vertex 69.41775512695312 146.5 89.96514892578125
vertex 69.88723754882812 146.5 90.84808349609375
endloop
endfacet
facet normal 0.0 -1.0 0.0
outer loop
vertex 65.1925048828125 146.5 82.01861572265625
vertex 71.0335693359375 146.5 89.10601806640625
vertex 69.41775512695312 146.5 89.96514892578125
endloop
endfacet
facet normal -0.882948921790148 2.89169340421779e-05 0.4694690625306702
outer loop
vertex 65.07192993164062 146.15000009536743 84.34783935546875
vertex 67.88876342773438 146.15000009536743 89.64556884765625
vertex 68.82769775390625 146.5 91.41143798828125
endloop
endfacet
facet normal -0.8829528499085595 0.0002212017340027511 0.46946162346686615
outer loop
vertex 65.07192993164062 146.15000009536743 84.34783935546875
vertex 68.82769775390625 146.5 91.41143798828125
vertex 68.35824584960938 146.5 90.52850341796875
endloop
endfacet
facet normal 0.17434978910691862 -0.928482456970743 0.3279062032593241
outer loop
vertex 65.76235961914062 146.5 91.90875244140625
vertex 68.35824584960938 146.5 90.52850341796875
vertex 68.4755859375 146.59999990463257 90.749267578125
endloop
endfacet
facet normal 0.08093410807079603 -0.9850300780940278 0.15220189026703324
outer loop
vertex 67.88876342773438 146.15000009536743 89.64556884765625
vertex 68.94830322265625 146.15000009536743 89.0821533203125
vertex 68.82769775390625 146.5 91.41143798828125
endloop
endfacet
facet normal -0.8829528188534852 -0.00034536050425620354 0.4694616069550381
outer loop
vertex 68.35824584960938 146.5 90.52850341796875
vertex 68.82769775390625 146.5 91.41143798828125
vertex 68.4755859375 146.59999990463257 90.749267578125
endloop
endfacet
facet normal -0.8829312518772446 0.0 0.469502294412372
outer loop
vertex 68.4755859375 146.59999990463257 90.749267578125
vertex 68.82769775390625 146.5 91.41143798828125
vertex 68.82769775390625 146.59999990463257 91.41143798828125
endloop
endfacet
facet normal -0.0 0.9999999999999999 0.0
outer loop
vertex 68.4755859375 146.59999990463257 90.749267578125
vertex 68.82769775390625 146.59999990463257 91.41143798828125
vertex 69.53512573242188 146.59999990463257 90.18585205078125
endloop
endfacet
facet normal 0.8829467068513822 0.0 -0.46947322911993505
outer loop
vertex 66.33883666992188 146.5 80.27655029296875
vertex 71.0335693359375 151.5 89.10601806640625
vertex 71.0335693359375 146.5 89.10601806640625
endloop
endfacet
facet normal 0.1743723573513916 -0.9284621880325837 0.32795159152756925
outer loop
vertex 69.41775512695312 146.5 89.96514892578125
vertex 71.0335693359375 146.5 89.10601806640625
vertex 69.53512573242188 146.59999990463257 90.18585205078125
endloop
endfacet
facet normal 0.08092515701718526 -0.9850308668087774 0.15220154531309074
outer loop
vertex 68.94830322265625 146.15000009536743 89.0821533203125
vertex 69.88723754882812 146.5 90.84808349609375
vertex 68.82769775390625 146.5 91.41143798828125
endloop
endfacet
facet normal 0.4694632405567483 0.0 0.8829520178163459
outer loop
vertex 69.88723754882812 146.59999990463257 90.84808349609375
vertex 68.82769775390625 146.59999990463257 91.41143798828125
vertex 68.82769775390625 146.5 91.41143798828125
endloop
endfacet
facet normal -0.0 1.0 -0.0
outer loop
vertex 69.53512573242188 146.59999990463257 90.18585205078125
vertex 68.82769775390625 146.59999990463257 91.41143798828125
vertex 69.88723754882812 146.59999990463257 90.84808349609375
endloop
endfacet
facet normal 0.4694632405567483 -0.0 0.8829520178163459
outer loop
vertex 69.88723754882812 146.5 90.84808349609375
vertex 69.88723754882812 146.59999990463257 90.84808349609375
vertex 68.82769775390625 146.5 91.41143798828125
endloop
endfacet
facet normal 0.8829402121285587 -0.00014327571702028147 -0.4694854217954426
outer loop
vertex 69.41775512695312 146.5 89.96514892578125
vertex 69.53512573242188 146.59999990463257 90.18585205078125
vertex 69.88723754882812 146.5 90.84808349609375
endloop
endfacet
facet normal 0.8829491895381352 0.0 -0.46946855985672825
outer loop
vertex 69.53512573242188 146.59999990463257 90.18585205078125
vertex 69.88723754882812 146.59999990463257 90.84808349609375
vertex 69.88723754882812 146.5 90.84808349609375
endloop
endfacet
facet normal 0.17436696611096972 -0.9284784207744171 0.3279084983429074
outer loop
vertex 68.4755859375 146.59999990463257 90.749267578125
vertex 69.53512573242188 146.59999990463257 90.18585205078125
vertex 71.26614379882812 147.29999995231628 91.2474365234375
endloop
endfacet
facet normal 0.1743538966353943 -0.9284743066239953 0.3279270965735303
outer loop
vertex 69.53512573242188 146.59999990463257 90.18585205078125
vertex 71.0335693359375 146.5 89.10601806640625
vertex 71.26614379882812 147.29999995231628 91.2474365234375
endloop
endfacet
facet normal 0.9941538559769536 0.0 -0.10797273103036004
outer loop
vertex 71.0335693359375 146.5 89.10601806640625
vertex 71.0335693359375 151.5 89.10601806640625
vertex 71.26614379882812 147.29999995231628 91.2474365234375
endloop
endfacet
facet normal 0.174359204136625 -0.9284724871194158 0.3279294262415755
outer loop
vertex 64.8201904296875 146.59999990463257 92.69281005859375
vertex 65.87973022460938 146.59999990463257 92.12945556640625
vertex 71.26614379882812 147.29999995231628 91.2474365234375
endloop
endfacet
facet normal 0.4694748121700523 0.0 0.8829458651230517
outer loop
vertex 64.73233032226562 147.29999995231628 94.7215576171875
vertex 71.26614379882812 147.29999995231628 91.2474365234375
vertex 64.73233032226562 150.70000004768372 94.7215576171875
endloop
endfacet
facet normal 0.17435995732029674 -0.9284700332710163 0.3279359733255596
outer loop
vertex 65.87973022460938 146.59999990463257 92.12945556640625
vertex 68.4755859375 146.59999990463257 90.749267578125
vertex 71.26614379882812 147.29999995231628 91.2474365234375
endloop
endfacet
facet normal 0.8829470977579186 0.0 -0.469472493934276
outer loop
vertex 31.003173828125 154.0 0.847412109375
vertex 40.020416259765625 156.0 17.80633544921875
vertex 40.020416259765625 144.0 17.80633544921875
endloop
endfacet
facet normal 0.0 -0.0 1.0
outer loop
vertex 40.262786865234375 142.0 24.26220703125
vertex 40.262786865234375 156.0 24.26220703125
vertex 39.3233642578125 154.0 24.26220703125
endloop
endfacet
facet normal 0.9992960183435801 1.1709251228166157e-06 -0.03751623277057809
outer loop
vertex 40.0550537109375 144.0 18.72857666015625
vertex 40.020416259765625 156.0 17.80633544921875
vertex 40.262786865234375 156.0 24.26220703125
endloop
endfacet
facet normal 0.8829477801442928 0.0 -0.46947121055317703
outer loop
vertex 39.3233642578125 144.0 24.26220703125
vertex 39.3233642578125 154.0 24.26220703125
vertex 40.6072998046875 154.0 26.67694091796875
endloop
endfacet
facet normal 0.882948231810796 0.0 -0.4694703610902281
outer loop
vertex 40.6072998046875 144.0 26.67694091796875
vertex 40.6072998046875 154.0 26.67694091796875
vertex 49.62127685546875 154.0 43.62982177734375
endloop
endfacet
facet normal -0.0 1.0 0.0
outer loop
vertex 31.500152587890625 154.0 43.62982177734375
vertex 49.62127685546875 154.0 43.62982177734375
vertex 40.6072998046875 154.0 26.67694091796875
endloop
endfacet
facet normal -0.0 -0.0 -1.0
outer loop
vertex 18.331634521484375 155.7741937637329 43.62982177734375
vertex 53.7509765625 154.0 43.62982177734375
vertex 49.62127685546875 154.0 43.62982177734375
endloop
endfacet
facet normal 0.0 0.0 -1.0
outer loop
vertex 18.331634521484375 155.7741937637329 43.62982177734375
vertex 53.7509765625 156.0 43.62982177734375
vertex 53.7509765625 154.0 43.62982177734375
endloop
endfacet
facet normal 0.0 0.0 -1.0
outer loop
vertex 18.331634521484375 155.7741937637329 43.62982177734375
vertex 53.7509765625 264.0 43.62982177734375
vertex 53.7509765625 156.0 43.62982177734375
endloop
endfacet
facet normal 0.0 0.0 -1.0
outer loop
vertex 49.62127685546875 144.0 43.62982177734375
vertex 49.62127685546875 154.0 43.62982177734375
vertex 53.7509765625 154.0 43.62982177734375
endloop
endfacet
facet normal 0.8829475987936609 0.0 -0.4694715516242792
outer loop
vertex 29.15496826171875 286.0 5.7939453125
vertex 39.452911376953125 298.0 25.16156005859375
vertex 39.452911376953125 286.0 25.16156005859375
endloop
endfacet
facet normal 0.0 0.0 -0.9999999999999999
outer loop
vertex 18.331634521484375 155.7741937637329 43.62982177734375
vertex 51.993377685546875 261.0 43.62982177734375
vertex 53.7509765625 264.0 43.62982177734375
endloop
endfacet
facet normal 0.0 0.0 -1.0
outer loop
vertex 19.993377685546875 261.0 36.085693359375
vertex 45.261383056640625 286.0 36.085693359375
vertex 51.993377685546875 261.0 36.085693359375
endloop
endfacet
facet normal 0.8829473593071009 0.0 -0.4694720020327273
outer loop
vertex 39.452911376953125 286.0 25.16156005859375
vertex 39.452911376953125 298.0 25.16156005859375
vertex 45.261383056640625 295.0 36.085693359375
endloop
endfacet
facet normal 0.882947359307101 0.0 -0.4694720020327273
outer loop
vertex 39.452911376953125 286.0 25.16156005859375
vertex 45.261383056640625 295.0 36.085693359375
vertex 45.261383056640625 286.0 36.085693359375
endloop
endfacet
facet normal 0.0 0.9999999999999999 0.0
outer loop
vertex 30.743255615234375 298.0 55.6422119140625
vertex 49.7508544921875 298.0 44.52911376953125
vertex 39.452911376953125 298.0 25.16156005859375
endloop
endfacet
facet normal 0.0 -1.0 0.0
outer loop
vertex 19.993377685546875 261.0 43.62982177734375
vertex 51.993377685546875 261.0 36.085693359375
vertex 51.993377685546875 261.0 43.62982177734375
endloop
endfacet
facet normal -0.0 -0.0 0.9999999999999999
outer loop
vertex 26.725372314453125 286.0 48.085693359375
vertex 51.993377685546875 264.0 48.085693359375
vertex 43.667755126953125 286.0 48.085693359375
endloop
endfacet
facet normal 0.8829465018720208 -7.5319780064784805e-06 -0.46947361456766756
outer loop
vertex 39.452911376953125 298.0 25.16156005859375
vertex 49.7508544921875 295.0 44.52911376953125
vertex 45.261383056640625 295.0 36.085693359375
endloop
endfacet
facet normal 0.0 0.0 -1.0
outer loop
vertex 45.261383056640625 286.0 36.085693359375
vertex 45.261383056640625 295.0 36.085693359375
vertex 51.993377685546875 295.0 36.085693359375
endloop
endfacet
facet normal 0.0 0.0 -1.0
outer loop
vertex 45.261383056640625 286.0 36.085693359375
vertex 51.993377685546875 295.0 36.085693359375
vertex 51.993377685546875 261.0 36.085693359375
endloop
endfacet
facet normal 0.8829469855133607 0.0 -0.4694727050349885
outer loop
vertex 39.452911376953125 298.0 25.16156005859375
vertex 49.7508544921875 298.0 44.52911376953125
vertex 49.7508544921875 295.0 44.52911376953125
endloop
endfacet
facet normal 0.9999999999999999 0.0 -0.0
outer loop
vertex 51.993377685546875 261.0 36.085693359375
vertex 51.993377685546875 264.0 43.62982177734375
vertex 51.993377685546875 261.0 43.62982177734375
endloop
endfacet
facet normal 1.0 0.0 -0.0
outer loop
vertex 51.993377685546875 261.0 36.085693359375
vertex 51.993377685546875 295.0 36.085693359375
vertex 51.993377685546875 264.0 43.62982177734375
endloop
endfacet
facet normal -0.0 -0.0 1.0
outer loop
vertex 43.667755126953125 286.0 48.085693359375
vertex 51.993377685546875 264.0 48.085693359375
vertex 51.64190673828125 286.0 48.085693359375
endloop
endfacet
facet normal 0.0 0.0 -1.0
outer loop
vertex 51.993377685546875 261.0 43.62982177734375
vertex 51.993377685546875 264.0 43.62982177734375
vertex 53.7509765625 264.0 43.62982177734375
endloop
endfacet
facet normal -0.0 1.0 0.0
outer loop
vertex 51.993377685546875 264.0 43.62982177734375
vertex 51.993377685546875 264.0 48.085693359375
vertex 53.7509765625 264.0 43.62982177734375
endloop
endfacet
facet normal -0.0 1.0 0.0
outer loop
vertex 51.993377685546875 264.0 48.085693359375
vertex 53.993377685546875 264.0 50.085693359375
vertex 53.7509765625 264.0 43.62982177734375
endloop
endfacet
facet normal 1.0 0.0 -0.0
outer loop
vertex 51.993377685546875 264.0 43.62982177734375
vertex 51.993377685546875 295.0 48.085693359375
vertex 51.993377685546875 264.0 48.085693359375
endloop
endfacet
facet normal -0.0 1.0 0.0
outer loop
vertex 45.261383056640625 295.0 36.085693359375
vertex 49.7508544921875 295.0 44.52911376953125
vertex 51.993377685546875 295.0 36.085693359375
endloop
endfacet
facet normal 1.0 0.0 -0.0
outer loop
vertex 51.993377685546875 295.0 36.085693359375
vertex 51.993377685546875 295.0 48.085693359375
vertex 51.993377685546875 264.0 43.62982177734375
endloop
endfacet
facet normal 0.8829491021258026 0.0 -0.46946872425672703
outer loop
vertex 49.7508544921875 295.0 44.52911376953125
vertex 49.7508544921875 298.0 44.52911376953125
vertex 51.64190673828125 295.0 48.085693359375
endloop
endfacet
facet normal 0.0 1.0 0.0
outer loop
vertex 49.7508544921875 295.0 44.52911376953125
vertex 51.64190673828125 295.0 48.085693359375
vertex 51.993377685546875 295.0 48.085693359375
endloop
endfacet
facet normal 0.0 -0.0 1.0
outer loop
vertex 51.993377685546875 264.0 48.085693359375
vertex 51.993377685546875 295.0 48.085693359375
vertex 51.64190673828125 286.0 48.085693359375
endloop
endfacet
facet normal 0.0 1.0 -0.0
outer loop
vertex 51.993377685546875 295.0 36.085693359375
vertex 49.7508544921875 295.0 44.52911376953125
vertex 51.993377685546875 295.0 48.085693359375
endloop
endfacet
facet normal 0.0 -0.0 1.0
outer loop
vertex 51.64190673828125 286.0 48.085693359375
vertex 51.993377685546875 295.0 48.085693359375
vertex 51.64190673828125 295.0 48.085693359375
endloop
endfacet
facet normal 0.8829476104474576 0.0 -0.469471529706674
outer loop
vertex 58.3472900390625 143.95921516418457 52.27423095703125
vertex 53.7509765625 154.0 43.62982177734375
vertex 53.7509765625 156.0 43.62982177734375
endloop
endfacet
facet normal 0.9992958412396236 0.0 -0.03752094989726268
outer loop
vertex 53.7509765625 156.0 43.62982177734375
vertex 53.7509765625 264.0 43.62982177734375
vertex 53.993377685546875 156.0 50.085693359375
endloop
endfacet
facet normal 0.9992958412396236 0.0 -0.03752094989726268
outer loop
vertex 53.7509765625 264.0 43.62982177734375
vertex 53.993377685546875 264.0 50.085693359375
vertex 53.993377685546875 156.0 50.085693359375
endloop
endfacet
facet normal -0.0 1.0 0.0
outer loop
vertex 17.993377685546875 156.0 50.085693359375
vertex 42.65667724609375 156.0 57.6175537109375
vertex 53.188690185546875 156.0 54.03094482421875
endloop
endfacet
facet normal -0.0 1.0 0.0
outer loop
vertex 17.993377685546875 156.0 50.085693359375
vertex 53.188690185546875 156.0 54.03094482421875
vertex 53.993377685546875 156.0 50.085693359375
endloop
endfacet
facet normal 0.0 1.0 0.0
outer loop
vertex 31.72393798828125 156.0 75.9091796875
vertex 43.060638427734375 156.0 68.3773193359375
vertex 42.65667724609375 156.0 57.6175537109375
endloop
endfacet
facet normal -0.9992959802655469 0.0 0.037517247035461984
outer loop
vertex 42.65667724609375 156.0 57.6175537109375
vertex 43.060638427734375 156.0 68.3773193359375
vertex 43.060638427734375 160.0 68.3773193359375
endloop
endfacet
facet normal -0.9992959802655469 0.0 0.037517247035461984
outer loop
vertex 42.65667724609375 156.0 57.6175537109375
vertex 43.060638427734375 160.0 68.3773193359375
vertex 42.65667724609375 160.0 57.6175537109375
endloop
endfacet
facet normal 0.0 0.0 1.0
outer loop
vertex 17.993377685546875 156.0 50.085693359375
vertex 53.993377685546875 156.0 50.085693359375
vertex 53.993377685546875 264.0 50.085693359375
endloop
endfacet
facet normal -0.3223638962864623 0.0 -0.946615824065397
outer loop
vertex 42.65667724609375 156.0 57.6175537109375
vertex 42.65667724609375 160.0 57.6175537109375
vertex 53.188690185546875 156.0 54.03094482421875
endloop
endfacet
facet normal 0.3510932353563386 0.936247734740633 -0.01318026100090334
outer loop
vertex 42.65667724609375 160.0 57.6175537109375
vertex 53.323333740234375 156.0 57.6175537109375
vertex 53.188690185546875 156.0 54.03094482421875
endloop
endfacet
facet normal 0.3510932304021207 0.9362477215293978 -0.013181331374889022
outer loop
vertex 42.65667724609375 160.0 57.6175537109375
vertex 43.060638427734375 160.0 68.3773193359375
vertex 53.323333740234375 156.0 57.6175537109375
endloop
endfacet
facet normal 0.0 -0.0 1.0
outer loop
vertex 43.060638427734375 156.0 68.3773193359375
vertex 53.727294921875 156.0 68.3773193359375
vertex 43.060638427734375 160.0 68.3773193359375
endloop
endfacet
facet normal 0.0 1.0 0.0
outer loop
vertex 31.72393798828125 156.0 75.9091796875
vertex 67.4815673828125 156.0 69.45330810546875
vertex 43.060638427734375 156.0 68.3773193359375
endloop
endfacet
facet normal 0.3510932304021207 0.9362477215293978 -0.013181331374889022
outer loop
vertex 43.060638427734375 160.0 68.3773193359375
vertex 53.727294921875 156.0 68.3773193359375
vertex 53.323333740234375 156.0 57.6175537109375
endloop
endfacet
facet normal 0.0 -0.0 1.0
outer loop
vertex 31.72393798828125 144.0 75.9091796875
vertex 48.962799072265625 154.0 75.9091796875
vertex 31.72393798828125 156.0 75.9091796875
endloop
endfacet
facet normal -0.0 0.0 1.0
outer loop
vertex 31.72393798828125 156.0 75.9091796875
vertex 48.962799072265625 154.0 75.9091796875
vertex 67.72393798828125 156.0 75.9091796875
endloop
endfacet
facet normal -0.8362582295592529 0.0 0.5483358218231087
outer loop
vertex 48.962799072265625 144.0 75.9091796875
vertex 55.578125 154.0 85.99810791015625
vertex 48.962799072265625 154.0 75.9091796875
endloop
endfacet
facet normal 0.0 -1.0 0.0
outer loop
vertex 30.743255615234375 286.0 55.6422119140625
vertex 43.667755126953125 286.0 48.085693359375
vertex 41.041168212890625 286.0 75.00982666015625
endloop
endfacet
facet normal -0.0 1.0 0.0
outer loop
vertex 17.993377685546875 264.0 50.085693359375
vertex 53.993377685546875 264.0 50.085693359375
vertex 51.993377685546875 264.0 48.085693359375
endloop
endfacet
facet normal -0.0 0.9999999999999999 0.0
outer loop
vertex 30.743255615234375 298.0 55.6422119140625
vertex 41.041168212890625 298.0 75.00982666015625
vertex 49.7508544921875 298.0 44.52911376953125
endloop
endfacet
facet normal -0.8829481754975095 0.0 0.4694704670004484
outer loop
vertex 30.743255615234375 286.0 55.6422119140625
vertex 41.041168212890625 286.0 75.00982666015625
vertex 41.041168212890625 298.0 75.00982666015625
endloop
endfacet
facet normal 0.0 -1.0 0.0
outer loop
vertex 43.667755126953125 286.0 48.085693359375
vertex 51.64190673828125 286.0 48.085693359375
vertex 60.048797607421875 286.0 63.896728515625
endloop
endfacet
facet normal 0.0 -0.9999999999999999 0.0
outer loop
vertex 43.667755126953125 286.0 48.085693359375
vertex 60.048797607421875 286.0 63.896728515625
vertex 41.041168212890625 286.0 75.00982666015625
endloop
endfacet
facet normal -0.0 1.0 -0.0
outer loop
vertex 49.7508544921875 298.0 44.52911376953125
vertex 41.041168212890625 298.0 75.00982666015625
vertex 60.048797607421875 298.0 63.896728515625
endloop
endfacet
facet normal -0.8317424623328711 0.0 0.5551616668615119
outer loop
vertex 41.041168212890625 286.0 75.00982666015625
vertex 49.596649169921875 286.0 87.82763671875
vertex 41.041168212890625 298.0 75.00982666015625
endloop
endfacet
facet normal -0.8317424623328712 0.0 0.555161666861512
outer loop
vertex 41.041168212890625 298.0 75.00982666015625
vertex 49.596649169921875 286.0 87.82763671875
vertex 49.596649169921875 295.0 87.82763671875
endloop
endfacet
facet normal 0.0 -1.0 0.0
outer loop
vertex 41.041168212890625 286.0 75.00982666015625
vertex 52.763214111328125 286.0 87.49481201171875
vertex 49.596649169921875 286.0 87.82763671875
endloop
endfacet
facet normal -0.831741772551047 6.382413069932394e-06 0.555162700253635
outer loop
vertex 41.041168212890625 298.0 75.00982666015625
vertex 49.596649169921875 295.0 87.82763671875
vertex 50.26214599609375 298.0 88.82464599609375
endloop
endfacet
facet normal 0.0 -0.9999999999999999 0.0
outer loop
vertex 41.041168212890625 286.0 75.00982666015625
vertex 60.048797607421875 286.0 63.896728515625
vertex 52.763214111328125 286.0 87.49481201171875
endloop
endfacet
facet normal -0.0 1.0 0.0
outer loop
vertex 41.041168212890625 298.0 75.00982666015625
vertex 50.26214599609375 298.0 88.82464599609375
vertex 68.8365478515625 298.0 78.948486328125
endloop
endfacet
facet normal 0.0 -1.0 0.0
outer loop
vertex 49.016448974609375 261.0 87.88861083984375
vertex 52.76324462890625 261.0 87.49481201171875
vertex 49.175537109375 261.0 89.40240478515625
endloop
endfacet
facet normal -0.9945231260123588 0.0 0.10451675380820956
outer loop
vertex 49.016448974609375 261.0 87.88861083984375
vertex 49.175537109375 261.0 89.40240478515625
vertex 49.175537109375 261.73181915283203 89.40240478515625
endloop
endfacet
facet normal -0.9945235518702736 8.47562560584181e-06 0.10451270115875336
outer loop
vertex 49.016448974609375 261.0 87.88861083984375
vertex 49.175537109375 261.73181915283203 89.40240478515625
vertex 49.175567626953125 265.31272888183594 89.40240478515625
endloop
endfacet
facet normal 0.4694667369233663 0.0 0.8829501587986305
outer loop
vertex 49.175537109375 261.0 89.40240478515625
vertex 52.76324462890625 261.0 87.49481201171875
vertex 49.175537109375 261.73181915283203 89.40240478515625
endloop
endfacet
facet normal 0.46946610068083583 -4.000929788462393e-06 0.8829504970809654
outer loop
vertex 49.175537109375 261.73181915283203 89.40240478515625
vertex 52.76324462890625 261.0 87.49481201171875
vertex 49.175567626953125 265.31272888183594 89.40240478515625
endloop
endfacet
facet normal -0.10452749128308741 2.7064601344144466e-07 -0.9945219975274507
outer loop
vertex 49.016448974609375 261.0 87.88861083984375
vertex 49.596649169921875 286.0 87.82763671875
vertex 52.76324462890625 266.7378387451172 87.49481201171875
endloop
endfacet
facet normal -0.9945210418129222 0.0 0.10453658398541603
outer loop
vertex 49.016448974609375 261.0 87.88861083984375
vertex 49.175567626953125 265.31272888183594 89.40240478515625
vertex 49.016448974609375 295.0 87.88861083984375
endloop
endfacet
facet normal -0.10452708134452227 -0.0 -0.9945220406132765
outer loop
vertex 49.016448974609375 261.0 87.88861083984375
vertex 52.76324462890625 266.7378387451172 87.49481201171875
vertex 52.76324462890625 261.0 87.49481201171875
endloop
endfacet
facet normal 0.46946985016415466 -0.0 0.8829485034739263
outer loop
vertex 49.175567626953125 265.31272888183594 89.40240478515625
vertex 52.76324462890625 261.0 87.49481201171875
vertex 52.76324462890625 266.7378387451172 87.49481201171875
endloop
endfacet
facet normal 0.4694696198298744 7.437937836202277e-07 0.8829486259439107
outer loop
vertex 49.175567626953125 265.31272888183594 89.40240478515625
vertex 52.76324462890625 266.7378387451172 87.49481201171875
vertex 52.763214111328125 286.0 87.49481201171875
endloop
endfacet
facet normal -0.10451595692703329 0.0 -0.9945232097581366
outer loop
vertex 49.016448974609375 261.0 87.88861083984375
vertex 49.016448974609375 295.0 87.88861083984375
vertex 49.596649169921875 286.0 87.82763671875
endloop
endfacet
facet normal -0.9945210418129221 0.0 0.10453658398541602
outer loop
vertex 49.175567626953125 265.31272888183594 89.40240478515625
vertex 49.175567626953125 295.0 89.40240478515625
vertex 49.016448974609375 295.0 87.88861083984375
endloop
endfacet
facet normal 0.4694729634403971 0.0 0.8829468481162904
outer loop
vertex 49.175567626953125 265.31272888183594 89.40240478515625
vertex 52.763214111328125 286.0 87.49481201171875
vertex 49.175567626953125 295.0 89.40240478515625
endloop
endfacet
facet normal -0.10451595692703329 0.0 -0.9945232097581366
outer loop
vertex 49.596649169921875 286.0 87.82763671875
vertex 49.016448974609375 295.0 87.88861083984375
vertex 49.596649169921875 295.0 87.82763671875
endloop
endfacet
facet normal -0.0 1.0 0.0
outer loop
vertex 49.016448974609375 295.0 87.88861083984375
vertex 50.26214599609375 295.0 88.82464599609375
vertex 49.596649169921875 295.0 87.82763671875
endloop
endfacet
facet normal -0.0 1.0 0.0
outer loop
vertex 49.016448974609375 295.0 87.88861083984375
vertex 49.175567626953125 295.0 89.40240478515625
vertex 50.26214599609375 295.0 88.82464599609375
endloop
endfacet
facet normal -0.8317329047591451 0.0 0.55517598573868
outer loop
vertex 49.596649169921875 295.0 87.82763671875
vertex 50.26214599609375 295.0 88.82464599609375
vertex 50.26214599609375 295.5516357421875 88.82464599609375
endloop
endfacet
facet normal -0.8317329047591451 0.0 0.55517598573868
outer loop
vertex 49.596649169921875 295.0 87.82763671875
vertex 50.26214599609375 295.5516357421875 88.82464599609375
vertex 50.26214599609375 298.0 88.82464599609375
endloop
endfacet
facet normal 0.4694809523457819 4.084948138013154e-06 0.8829426002678832
outer loop
vertex 49.175567626953125 295.0 89.40240478515625
vertex 52.763214111328125 286.0 87.49481201171875
vertex 50.26214599609375 295.0 88.82464599609375
endloop
endfacet
facet normal 0.4694694926569161 0.0 0.8829486935629145
outer loop
vertex 50.26214599609375 295.0 88.82464599609375
vertex 52.763214111328125 286.0 87.49481201171875
vertex 50.26214599609375 295.5516357421875 88.82464599609375
endloop
endfacet
facet normal -0.10453011600006573 -1.6560997175946058e-07 -0.9945217216576948
outer loop
vertex 52.76324462890625 266.7378387451172 87.49481201171875
vertex 49.596649169921875 286.0 87.82763671875
vertex 52.763214111328125 286.0 87.49481201171875
endloop
endfacet
facet normal 0.4694751604897251 1.9036831604107548e-06 0.8829456799144118
outer loop
vertex 50.26214599609375 295.5516357421875 88.82464599609375
vertex 52.763214111328125 286.0 87.49481201171875
vertex 53.367340087890625 288.5 87.173583984375
endloop
endfacet
facet normal 0.46947179021757257 -0.0 0.8829474719313191
outer loop
vertex 50.26214599609375 295.5516357421875 88.82464599609375
vertex 53.367340087890625 288.5 87.173583984375
vertex 53.367340087890625 295.5 87.173583984375
endloop
endfacet
facet normal 0.8829476104474577 0.0 -0.4694715297066741
outer loop
vertex 58.3472900390625 143.95921516418457 52.27423095703125
vertex 53.7509765625 156.0 43.62982177734375
vertex 58.3472900390625 154.04078483581543 52.27423095703125
endloop
endfacet
facet normal -0.3222740561813167 0.0 -0.946646413774669
outer loop
vertex 58.3472900390625 143.95921516418457 52.27423095703125
vertex 58.3472900390625 154.04078483581543 52.27423095703125
vertex 58.454681396484375 154.0 52.2376708984375
endloop
endfacet
facet normal 0.9992948319725102 0.0 -0.037547820083628204
outer loop
vertex 58.454681396484375 144.0 52.2376708984375
vertex 58.454681396484375 154.0 52.2376708984375
vertex 58.464324951171875 154.0 52.49432373046875
endloop
endfacet
facet normal 0.35107728365611696 0.9362535583490651 -0.013191488898374907
outer loop
vertex 58.3472900390625 154.04078483581543 52.27423095703125
vertex 58.464324951171875 154.0 52.49432373046875
vertex 58.454681396484375 154.0 52.2376708984375
endloop
endfacet
facet normal 0.0 1.0 0.0
outer loop
vertex 53.7509765625 156.0 43.62982177734375
vertex 53.993377685546875 156.0 50.085693359375
vertex 67.4815673828125 156.0 69.45330810546875
endloop
endfacet
facet normal 0.8829475987936543 -1.240441860665902e-07 -0.46947155162427573
outer loop
vertex 53.7509765625 156.0 43.62982177734375
vertex 67.4815673828125 156.0 69.45330810546875
vertex 58.3472900390625 154.04078483581543 52.27423095703125
endloop
endfacet
facet normal -0.0 1.0 0.0
outer loop
vertex 53.188690185546875 156.0 54.03094482421875
vertex 67.4815673828125 156.0 69.45330810546875
vertex 53.993377685546875 156.0 50.085693359375
endloop
endfacet
facet normal 0.0 1.0 0.0
outer loop
vertex 53.188690185546875 156.0 54.03094482421875
vertex 53.323333740234375 156.0 57.6175537109375
vertex 67.4815673828125 156.0 69.45330810546875
endloop
endfacet
facet normal 0.8829415616528296 0.00012742686673203937 -0.4694828883659724
outer loop
vertex 58.3472900390625 154.04078483581543 52.27423095703125
vertex 67.4815673828125 156.0 69.45330810546875
vertex 58.464324951171875 154.0 52.49432373046875
endloop
endfacet
facet normal -0.0 1.0 0.0
outer loop
vertex 43.060638427734375 156.0 68.3773193359375
vertex 67.4815673828125 156.0 69.45330810546875
vertex 53.727294921875 156.0 68.3773193359375
endloop
endfacet
facet normal 0.0 1.0 0.0
outer loop
vertex 53.323333740234375 156.0 57.6175537109375
vertex 53.727294921875 156.0 68.3773193359375
vertex 67.4815673828125 156.0 69.45330810546875
endloop
endfacet
facet normal 0.8829477981398667 0.0 -0.46947117670839106
outer loop
vertex 67.4815673828125 144.0 69.45330810546875
vertex 58.464324951171875 154.0 52.49432373046875
vertex 67.4815673828125 156.0 69.45330810546875
endloop
endfacet
facet normal 0.9992960183435801 1.1709251228166157e-06 -0.03751623277057809
outer loop
vertex 67.51620483398438 144.0 70.37554931640625
vertex 67.4815673828125 156.0 69.45330810546875
vertex 67.72393798828125 156.0 75.9091796875
endloop
endfacet
facet normal -0.0 1.0 0.0
outer loop
vertex 31.72393798828125 156.0 75.9091796875
vertex 67.72393798828125 156.0 75.9091796875
vertex 67.4815673828125 156.0 69.45330810546875
endloop
endfacet
facet normal -0.0 1.0 0.0
outer loop
vertex 48.962799072265625 154.0 75.9091796875
vertex 55.578125 154.0 85.99810791015625
vertex 67.44769287109375 154.0 75.9091796875
endloop
endfacet
facet normal 0.0 0.0 1.0
outer loop
vertex 48.962799072265625 154.0 75.9091796875
vertex 67.44769287109375 154.0 75.9091796875
vertex 67.72393798828125 156.0 75.9091796875
endloop
endfacet
facet normal 0.4694706359228415 -7.78174697403786e-08 0.8829480856801247
outer loop
vertex 58.392333984375 151.5 84.50177001953125
vertex 66.33883666992188 151.5 80.27655029296875
vertex 55.578125 154.0 85.99810791015625
endloop
endfacet
facet normal -0.0809267103280672 0.9850302877892548 -0.1522044667324033
outer loop
vertex 60.477569580078125 151.5 84.52557373046875
vertex 61.416534423828125 151.84999990463257 86.29144287109375
vertex 61.537109375 151.5 83.96221923828125
endloop
endfacet
facet normal -0.0 1.0 0.0
outer loop
vertex 58.392333984375 151.5 84.50177001953125
vertex 60.477569580078125 151.5 84.52557373046875
vertex 66.33883666992188 151.5 80.27655029296875
endloop
endfacet
facet normal 0.4694706898156849 0.0 0.8829480570248655
outer loop
vertex 55.578125 144.0 85.99810791015625
vertex 58.392333984375 151.5 84.50177001953125
vertex 55.578125 154.0 85.99810791015625
endloop
endfacet
facet normal -0.0 1.0 0.0
outer loop
vertex 58.392333984375 151.5 84.50177001953125
vertex 63.0870361328125 151.5 93.33123779296875
vertex 60.477569580078125 151.5 84.52557373046875
endloop
endfacet
facet normal -0.08092909004907205 0.9850300781102109 -0.15220455841406735
outer loop
vertex 61.537109375 151.5 83.96221923828125
vertex 61.416534423828125 151.84999990463257 86.29144287109375
vertex 62.476043701171875 151.84999990463257 85.72808837890625
endloop
endfacet
facet normal -0.8829460196950958 7.06029710919681e-05 0.4694745161558911
outer loop
vertex 60.477569580078125 151.5 84.52557373046875
vertex 64.70285034179688 151.5 92.47210693359375
vertex 61.416534423828125 151.84999990463257 86.29144287109375
endloop
endfacet
facet normal -0.8829479718640534 0.0 0.4694708499802247
outer loop
vertex 63.0870361328125 146.5 93.33123779296875
vertex 63.0870361328125 151.5 93.33123779296875
vertex 58.392333984375 151.5 84.50177001953125
endloop
endfacet
facet normal 0.4694706129036743 -2.0491002063038738e-07 0.8829480979195813
outer loop
vertex 55.578125 154.0 85.99810791015625
vertex 66.33883666992188 151.5 80.27655029296875
vertex 69.15499877929688 154.0 78.7791748046875
endloop
endfacet
facet normal 0.0 1.0 0.0
outer loop
vertex 55.578125 154.0 85.99810791015625
vertex 69.15499877929688 154.0 78.7791748046875
vertex 67.44769287109375 154.0 75.9091796875
endloop
endfacet
facet normal 0.0 1.0 0.0
outer loop
vertex 60.477569580078125 151.5 84.52557373046875
vertex 61.537109375 151.5 83.96221923828125
vertex 66.33883666992188 151.5 80.27655029296875
endloop
endfacet
facet normal 0.0 1.0 0.0
outer loop
vertex 61.537109375 151.5 83.96221923828125
vertex 64.13296508789062 151.5 82.58197021484375
vertex 66.33883666992188 151.5 80.27655029296875
endloop
endfacet
facet normal 0.0 1.0 0.0
outer loop
vertex 64.13296508789062 151.5 82.58197021484375
vertex 65.1925048828125 151.5 82.01861572265625
vertex 66.33883666992188 151.5 80.27655029296875
endloop
endfacet
facet normal -0.0809267103280672 0.9850302877892548 -0.1522044667324033
outer loop
vertex 64.13296508789062 151.5 82.58197021484375
vertex 65.07192993164062 151.84999990463257 84.34783935546875
vertex 65.1925048828125 151.5 82.01861572265625
endloop
endfacet
facet normal -0.0809267103280672 0.9850302877892548 -0.1522044667324033
outer loop
vertex 65.1925048828125 151.5 82.01861572265625
vertex 65.07192993164062 151.84999990463257 84.34783935546875
vertex 66.1314697265625 151.84999990463257 83.78448486328125
endloop
endfacet
facet normal 0.0 -0.0 1.0
outer loop
vertex 67.44769287109375 144.0 75.9091796875
vertex 67.72393798828125 156.0 75.9091796875
vertex 67.44769287109375 154.0 75.9091796875
endloop
endfacet
facet normal 0.8594276953196255 0.0 -0.5112573095004088
outer loop
vertex 69.15499877929688 144.0 78.7791748046875
vertex 67.44769287109375 154.0 75.9091796875
vertex 69.15499877929688 154.0 78.7791748046875
endloop
endfacet
facet normal 0.4694704710907113 0.0 0.8829481733226846
outer loop
vertex 66.33883666992188 146.5 80.27655029296875
vertex 69.15499877929688 154.0 78.7791748046875
vertex 66.33883666992188 151.5 80.27655029296875
endloop
endfacet
facet normal 0.8829467068513822 0.0 -0.46947322911993505
outer loop
vertex 66.33883666992188 146.5 80.27655029296875
vertex 66.33883666992188 151.5 80.27655029296875
vertex 71.0335693359375 151.5 89.10601806640625
endloop
endfacet
facet normal -0.0 1.0 0.0
outer loop
vertex 65.1925048828125 151.5 82.01861572265625
vertex 69.41775512695312 151.5 89.96514892578125
vertex 66.33883666992188 151.5 80.27655029296875
endloop
endfacet
facet normal -0.0 1.0 0.0
outer loop
vertex 61.416534423828125 151.84999990463257 86.29144287109375
vertex 64.23333740234375 151.84999990463257 91.58917236328125
vertex 62.476043701171875 151.84999990463257 85.72808837890625
endloop
endfacet
facet normal 0.8829474274139486 -1.0724099876124279e-05 -0.46947187382002303
outer loop
vertex 61.537109375 151.5 83.96221923828125
vertex 62.476043701171875 151.84999990463257 85.72808837890625
vertex 65.76235961914062 151.5 91.90875244140625
endloop
endfacet
facet normal -0.0 1.0 0.0
outer loop
vertex 61.537109375 151.5 83.96221923828125
vertex 65.76235961914062 151.5 91.90875244140625
vertex 64.13296508789062 151.5 82.58197021484375
endloop
endfacet
facet normal -0.0 1.0 0.0
outer loop
vertex 60.477569580078125 151.5 84.52557373046875
vertex 63.0870361328125 151.5 93.33123779296875
vertex 64.70285034179688 151.5 92.47210693359375
endloop
endfacet
facet normal -0.0 1.0 0.0
outer loop
vertex 62.476043701171875 151.84999990463257 85.72808837890625
vertex 64.23333740234375 151.84999990463257 91.58917236328125
vertex 65.29287719726562 151.84999990463257 91.02581787109375
endloop
endfacet
facet normal -0.8829510228428669 -0.00013156606549038604 0.4694650934319884
outer loop
vertex 61.416534423828125 151.84999990463257 86.29144287109375
vertex 65.17230224609375 151.5 93.35504150390625
vertex 64.23333740234375 151.84999990463257 91.58917236328125
endloop
endfacet
facet normal -0.8829528499085595 -0.0002212017340027511 0.46946162346686615
outer loop
vertex 61.416534423828125 151.84999990463257 86.29144287109375
vertex 64.70285034179688 151.5 92.47210693359375
vertex 65.17230224609375 151.5 93.35504150390625
endloop
endfacet
facet normal -0.8829460196950958 7.06029710919681e-05 0.4694745161558911
outer loop
vertex 64.13296508789062 151.5 82.58197021484375
vertex 68.35824584960938 151.5 90.52850341796875
vertex 65.07192993164062 151.84999990463257 84.34783935546875
endloop
endfacet
facet normal -0.0 1.0 0.0
outer loop
vertex 65.07192993164062 151.84999990463257 84.34783935546875
vertex 67.88876342773438 151.84999990463257 89.64556884765625
vertex 66.1314697265625 151.84999990463257 83.78448486328125
endloop
endfacet
facet normal 0.8829489172078787 0.00010590399075877382 -0.46946906009425116
outer loop
vertex 62.476043701171875 151.84999990463257 85.72808837890625
vertex 65.29287719726562 151.84999990463257 91.02581787109375
vertex 66.23184204101562 151.5 92.79168701171875
endloop
endfacet
facet normal 0.8829401766274652 -0.000317716147965937 -0.46948540291846136
outer loop
vertex 62.476043701171875 151.84999990463257 85.72808837890625
vertex 66.23184204101562 151.5 92.79168701171875
vertex 65.76235961914062 151.5 91.90875244140625
endloop
endfacet
facet normal -0.0 1.0 0.0
outer loop
vertex 64.13296508789062 151.5 82.58197021484375
vertex 65.76235961914062 151.5 91.90875244140625
vertex 68.35824584960938 151.5 90.52850341796875
endloop
endfacet
facet normal -0.6454410140053425 0.0 0.7638101187073627
outer loop
vertex 63.0870361328125 146.5 93.33123779296875
vertex 64.73233032226562 150.70000004768372 94.7215576171875
vertex 63.0870361328125 151.5 93.33123779296875
endloop
endfacet
facet normal 0.1743539538240767 0.9284759211266529 0.3279224949190363
outer loop
vertex 63.0870361328125 151.5 93.33123779296875
vertex 64.73233032226562 150.70000004768372 94.7215576171875
vertex 64.8201904296875 151.40000009536743 92.69287109375
endloop
endfacet
facet normal 0.17434856913265265 0.9284824570398541 0.327906851728707
outer loop
vertex 63.0870361328125 151.5 93.33123779296875
vertex 64.8201904296875 151.40000009536743 92.69287109375
vertex 64.70285034179688 151.5 92.47210693359375
endloop
endfacet
facet normal 0.0809267103280672 0.9850302877892548 0.1522044667324033
outer loop
vertex 65.29287719726562 151.84999990463257 91.02581787109375
vertex 64.23333740234375 151.84999990463257 91.58917236328125
vertex 65.17230224609375 151.5 93.35504150390625
endloop
endfacet
facet normal 0.0809267103280672 0.9850302877892548 0.1522044667324033
outer loop
vertex 65.29287719726562 151.84999990463257 91.02581787109375
vertex 65.17230224609375 151.5 93.35504150390625
vertex 66.23184204101562 151.5 92.79168701171875
endloop
endfacet
facet normal 0.0 -0.9999999999999999 0.0
outer loop
vertex 64.8201904296875 151.40000009536743 92.69287109375
vertex 65.87973022460938 151.40000009536743 92.12945556640625
vertex 66.23184204101562 151.40000009536743 92.79168701171875
endloop
endfacet
facet normal -0.8829528188534852 0.00034536050425620354 0.4694616069550381
outer loop
vertex 64.70285034179688 151.5 92.47210693359375
vertex 64.8201904296875 151.40000009536743 92.69287109375
vertex 65.17230224609375 151.5 93.35504150390625
endloop
endfacet
facet normal -0.8829312518772446 0.0 0.469502294412372
outer loop
vertex 64.8201904296875 151.40000009536743 92.69287109375
vertex 65.17230224609375 151.40000009536743 93.35504150390625
vertex 65.17230224609375 151.5 93.35504150390625
endloop
endfacet
facet normal 0.17437420259980982 0.9284722554745638 0.327922107034059
outer loop
vertex 64.8201904296875 151.40000009536743 92.69287109375
vertex 64.73233032226562 150.70000004768372 94.7215576171875
vertex 65.87973022460938 151.40000009536743 92.12945556640625
endloop
endfacet
facet normal 0.0 -1.0 0.0
outer loop
vertex 64.8201904296875 151.40000009536743 92.69287109375
vertex 66.23184204101562 151.40000009536743 92.79168701171875
vertex 65.17230224609375 151.40000009536743 93.35504150390625
endloop
endfacet
facet normal 0.4694632405567483 0.0 0.8829520178163459
outer loop
vertex 65.17230224609375 151.40000009536743 93.35504150390625
vertex 66.23184204101562 151.40000009536743 92.79168701171875
vertex 65.17230224609375 151.5 93.35504150390625
endloop
endfacet
facet normal 0.8829402121285587 0.00014327571702028147 -0.4694854217954426
outer loop
vertex 65.76235961914062 151.5 91.90875244140625
vertex 66.23184204101562 151.5 92.79168701171875
vertex 65.87973022460938 151.40000009536743 92.12945556640625
endloop
endfacet
facet normal 0.8829491895381352 0.0 -0.46946855985672825
outer loop
vertex 65.87973022460938 151.40000009536743 92.12945556640625
vertex 66.23184204101562 151.5 92.79168701171875
vertex 66.23184204101562 151.40000009536743 92.79168701171875
endloop
endfacet
facet normal 0.17434497464900267 0.9284814377917909 0.3279116489097746
outer loop
vertex 65.87973022460938 151.40000009536743 92.12945556640625
vertex 64.73233032226562 150.70000004768372 94.7215576171875
vertex 68.47561645507812 151.40000009536743 90.749267578125
endloop
endfacet
facet normal 0.17437357736773776 0.9284621880694343 0.3279509427357944
outer loop
vertex 65.76235961914062 151.5 91.90875244140625
vertex 65.87973022460938 151.40000009536743 92.12945556640625
vertex 68.35824584960938 151.5 90.52850341796875
endloop
endfacet
facet normal 0.4694632405567483 -0.0 0.8829520178163459
outer loop
vertex 65.17230224609375 151.5 93.35504150390625
vertex 66.23184204101562 151.40000009536743 92.79168701171875
vertex 66.23184204101562 151.5 92.79168701171875
endloop
endfacet
facet normal 0.8829474240683647 -8.771102651068747e-05 -0.469471872041143
outer loop
vertex 65.1925048828125 151.5 82.01861572265625
vertex 66.1314697265625 151.84999990463257 83.78448486328125
vertex 69.41775512695312 151.5 89.96514892578125
endloop
endfacet
facet normal -0.0 1.0 0.0
outer loop
vertex 66.1314697265625 151.84999990463257 83.78448486328125
vertex 67.88876342773438 151.84999990463257 89.64556884765625
vertex 68.94830322265625 151.84999990463257 89.0821533203125
endloop
endfacet
facet normal -0.0 1.0 0.0
outer loop
vertex 66.33883666992188 151.5 80.27655029296875
vertex 69.41775512695312 151.5 89.96514892578125
vertex 71.0335693359375 151.5 89.10601806640625
endloop
endfacet
facet normal 0.8829466772648069 -8.024206371954186e-05 -0.46947327790647264
outer loop
vertex 66.1314697265625 151.84999990463257 83.78448486328125
vertex 68.94830322265625 151.84999990463257 89.0821533203125
vertex 69.88723754882812 151.5 90.84808349609375
endloop
endfacet
facet normal 0.8829401524143913 -0.0003947024318902491 -0.46948539004365397
outer loop
vertex 66.1314697265625 151.84999990463257 83.78448486328125
vertex 69.88723754882812 151.5 90.84808349609375
vertex 69.41775512695312 151.5 89.96514892578125
endloop
endfacet
facet normal -0.882948921790148 -2.89169340421779e-05 0.4694690625306702
outer loop
vertex 65.07192993164062 151.84999990463257 84.34783935546875
vertex 68.82769775390625 151.5 91.41143798828125
vertex 67.88876342773438 151.84999990463257 89.64556884765625
endloop
endfacet
facet normal -0.8829528499085595 -0.0002212017340027511 0.46946162346686615
outer loop
vertex 65.07192993164062 151.84999990463257 84.34783935546875
vertex 68.35824584960938 151.5 90.52850341796875
vertex 68.82769775390625 151.5 91.41143798828125
endloop
endfacet
facet normal 0.1743351658139669 0.92848979487714 0.32789320024914104
outer loop
vertex 65.87973022460938 151.40000009536743 92.12945556640625
vertex 68.47561645507812 151.40000009536743 90.749267578125
vertex 68.35824584960938 151.5 90.52850341796875
endloop
endfacet
facet normal 0.08093410807079603 0.9850300780940278 0.15220189026703324
outer loop
vertex 67.88876342773438 151.84999990463257 89.64556884765625
vertex 68.82769775390625 151.5 91.41143798828125
vertex 68.94830322265625 151.84999990463257 89.0821533203125
endloop
endfacet
facet normal -0.8829528689665341 7.590443529041226e-05 0.4694616335998961
outer loop
vertex 68.35824584960938 151.5 90.52850341796875
vertex 68.47561645507812 151.40000009536743 90.749267578125
vertex 68.82769775390625 151.5 91.41143798828125
endloop
endfacet
facet normal -0.8829481199481273 0.0 0.4694705714739397
outer loop
vertex 68.47561645507812 151.40000009536743 90.749267578125
vertex 68.82769775390625 151.40000009536743 91.41143798828125
vertex 68.82769775390625 151.5 91.41143798828125
endloop
endfacet
facet normal 0.17433995639500496 0.928489794824527 0.32789065328382805
outer loop
vertex 69.41775512695312 151.5 89.96514892578125
vertex 69.53512573242188 151.40000009536743 90.1859130859375
vertex 71.0335693359375 151.5 89.10601806640625
endloop
endfacet
facet normal 0.08092515701718526 0.9850308668087774 0.15220154531309074
outer loop
vertex 68.94830322265625 151.84999990463257 89.0821533203125
vertex 68.82769775390625 151.5 91.41143798828125
vertex 69.88723754882812 151.5 90.84808349609375
endloop
endfacet
facet normal 0.0 -1.0 0.0
outer loop
vertex 68.47561645507812 151.40000009536743 90.749267578125
vertex 69.53512573242188 151.40000009536743 90.1859130859375
vertex 69.88723754882812 151.40000009536743 90.84808349609375
endloop
endfacet
facet normal 0.0 -1.0 0.0
outer loop
vertex 68.47561645507812 151.40000009536743 90.749267578125
vertex 69.88723754882812 151.40000009536743 90.84808349609375
vertex 68.82769775390625 151.40000009536743 91.41143798828125
endloop
endfacet
facet normal 0.4694632405567483 0.0 0.8829520178163459
outer loop
vertex 69.88723754882812 151.40000009536743 90.84808349609375
vertex 68.82769775390625 151.5 91.41143798828125
vertex 68.82769775390625 151.40000009536743 91.41143798828125
endloop
endfacet
facet normal 0.4694632405567483 -0.0 0.8829520178163459
outer loop
vertex 69.88723754882812 151.40000009536743 90.84808349609375
vertex 69.88723754882812 151.5 90.84808349609375
vertex 68.82769775390625 151.5 91.41143798828125
endloop
endfacet
facet normal 0.8829402121285587 -0.00014327571702028147 -0.4694854217954426
outer loop
vertex 69.41775512695312 151.5 89.96514892578125
vertex 69.88723754882812 151.5 90.84808349609375
vertex 69.53512573242188 151.40000009536743 90.1859130859375
endloop
endfacet
facet normal 0.8829312518772446 0.0 -0.469502294412372
outer loop
vertex 69.53512573242188 151.40000009536743 90.1859130859375
vertex 69.88723754882812 151.5 90.84808349609375
vertex 69.88723754882812 151.40000009536743 90.84808349609375
endloop
endfacet
facet normal 0.9941538559769537 0.0 -0.10797273103036004
outer loop
vertex 71.26614379882812 147.29999995231628 91.2474365234375
vertex 71.0335693359375 151.5 89.10601806640625
vertex 71.26614379882812 150.70000004768372 91.2474365234375
endloop
endfacet
facet normal 0.17436295938519053 0.9284726234536602 0.3279270435501108
outer loop
vertex 64.73233032226562 150.70000004768372 94.7215576171875
vertex 69.53512573242188 151.40000009536743 90.1859130859375
vertex 68.47561645507812 151.40000009536743 90.749267578125
endloop
endfacet
facet normal 0.17437972458909556 0.928463691491597 0.3279434177324312
outer loop
vertex 64.73233032226562 150.70000004768372 94.7215576171875
vertex 71.0335693359375 151.5 89.10601806640625
vertex 69.53512573242188 151.40000009536743 90.1859130859375
endloop
endfacet
facet normal 0.17436273591420165 0.9284731397265368 0.32792570062570775
outer loop
vertex 64.73233032226562 150.70000004768372 94.7215576171875
vertex 71.26614379882812 150.70000004768372 91.2474365234375
vertex 71.0335693359375 151.5 89.10601806640625
endloop
endfacet
facet normal 0.4694748121700523 -0.0 0.8829458651230517
outer loop
vertex 71.26614379882812 147.29999995231628 91.2474365234375
vertex 71.26614379882812 150.70000004768372 91.2474365234375
vertex 64.73233032226562 150.70000004768372 94.7215576171875
endloop
endfacet
facet normal 0.8829472606292758 0.0 -0.4694721876184549
outer loop
vertex 51.64190673828125 286.0 48.085693359375
vertex 51.64190673828125 295.0 48.085693359375
vertex 60.048797607421875 298.0 63.896728515625
endloop
endfacet
facet normal 0.8829475987854999 -4.299545784032403e-06 -0.4694715516199399
outer loop
vertex 49.7508544921875 298.0 44.52911376953125
vertex 60.048797607421875 298.0 63.896728515625
vertex 51.64190673828125 295.0 48.085693359375
endloop
endfacet
facet normal 0.8829472606292759 0.0 -0.46947218761845494
outer loop
vertex 51.64190673828125 286.0 48.085693359375
vertex 60.048797607421875 298.0 63.896728515625
vertex 60.048797607421875 286.0 63.896728515625
endloop
endfacet
facet normal -0.0 1.0 0.0
outer loop
vertex 41.041168212890625 298.0 75.00982666015625
vertex 68.8365478515625 298.0 78.948486328125
vertex 60.048797607421875 298.0 63.896728515625
endloop
endfacet
facet normal 0.8635901020025877 0.0 -0.5041945415443926
outer loop
vertex 60.048797607421875 286.0 63.896728515625
vertex 60.048797607421875 298.0 63.896728515625
vertex 68.8365478515625 286.0 78.948486328125
endloop
endfacet
facet normal 0.0 -1.0 0.0
outer loop
vertex 52.763214111328125 286.0 87.49481201171875
vertex 60.048797607421875 286.0 63.896728515625
vertex 68.8365478515625 286.0 78.948486328125
endloop
endfacet
facet normal 0.46947081487041536 3.250697077085482e-06 0.8829479905262491
outer loop
vertex 52.763214111328125 286.0 87.49481201171875
vertex 68.8365478515625 286.0 78.948486328125
vertex 53.367340087890625 288.5 87.173583984375
endloop
endfacet
facet normal 0.46946951287558664 1.0937248289950097e-05 0.8829486827447767
outer loop
vertex 50.26214599609375 295.5516357421875 88.82464599609375
vertex 65.7286376953125 295.5 80.60101318359375
vertex 68.8365478515625 298.0 78.948486328125
endloop
endfacet
facet normal 0.4694688935912609 -0.00022254311887627993 0.882948984044241
outer loop
vertex 50.26214599609375 295.5516357421875 88.82464599609375
vertex 53.367340087890625 295.5 87.173583984375
vertex 65.7286376953125 295.5 80.60101318359375
endloop
endfacet
facet normal 0.4694706368349253 0.0 0.8829480851951658
outer loop
vertex 50.26214599609375 295.5516357421875 88.82464599609375
vertex 68.8365478515625 298.0 78.948486328125
vertex 50.26214599609375 298.0 88.82464599609375
endloop
endfacet
facet normal 0.8635901020025877 0.0 -0.5041945415443926
outer loop
vertex 60.048797607421875 298.0 63.896728515625
vertex 68.8365478515625 298.0 78.948486328125
vertex 68.8365478515625 286.0 78.948486328125
endloop
endfacet
facet normal 0.46946890518331225 -1.1906282784710856e-05 0.8829490058458771
outer loop
vertex 68.8365478515625 286.0 78.948486328125
vertex 65.7286376953125 288.5 80.60101318359375
vertex 53.367340087890625 288.5 87.173583984375
endloop
endfacet
facet normal 0.4694763716992511 0.0 0.8829450358975389
outer loop
vertex 68.8365478515625 298.0 78.948486328125
vertex 65.7286376953125 295.5 80.60101318359375
vertex 65.7286376953125 288.5 80.60101318359375
endloop
endfacet
facet normal 0.46947637169925116 -0.0 0.882945035897539
outer loop
vertex 68.8365478515625 286.0 78.948486328125
vertex 68.8365478515625 298.0 78.948486328125
vertex 65.7286376953125 288.5 80.60101318359375
endloop
endfacet
facet normal -0.0 -1.0 -0.0
outer loop
vertex 62.330810546875 288.5 83.54022216796875
vertex 53.367340087890625 288.5 87.173583984375
vertex 63.390350341796875 288.5 82.976806640625
endloop
endfacet
facet normal 0.0 0.9999999999999999 0.0
outer loop
vertex 56.644622802734375 295.5 86.5635986328125
vertex 65.7286376953125 295.5 80.60101318359375
vertex 53.367340087890625 295.5 87.173583984375
endloop
endfacet
facet normal 0.0 1.0 0.0
outer loop
vertex 56.644622802734375 295.5 86.5635986328125
vertex 57.70416259765625 295.5 86.000244140625
vertex 65.7286376953125 295.5 80.60101318359375
endloop
endfacet
facet normal -0.0 -1.0 -0.0
outer loop
vertex 63.390350341796875 288.5 82.976806640625
vertex 53.367340087890625 288.5 87.173583984375
vertex 65.7286376953125 288.5 80.60101318359375
endloop
endfacet
facet normal 0.0 1.0 0.0
outer loop
vertex 57.70416259765625 295.5 86.000244140625
vertex 62.330810546875 295.5 83.54022216796875
vertex 65.7286376953125 295.5 80.60101318359375
endloop
endfacet
facet normal -0.8829467068513824 0.0 0.46947322911993516
outer loop
vertex 58.06207275390625 288.5 96.0030517578125
vertex 53.367340087890625 295.5 87.173583984375
vertex 53.367340087890625 288.5 87.173583984375
endloop
endfacet
facet normal -0.0 -1.0 -0.0
outer loop
vertex 56.644622802734375 288.5 86.5635986328125
vertex 53.367340087890625 288.5 87.173583984375
vertex 57.70416259765625 288.5 86.000244140625
endloop
endfacet
facet normal -0.0 -1.0 -0.0
outer loop
vertex 57.70416259765625 288.5 86.000244140625
vertex 53.367340087890625 288.5 87.173583984375
vertex 62.330810546875 288.5 83.54022216796875
endloop
endfacet
facet normal -0.08092866354077341 -0.9850295596841765 -0.1522081402747623
outer loop
vertex 56.644622802734375 288.5 86.5635986328125
vertex 57.70416259765625 288.5 86.000244140625
vertex 57.58355712890625 288.1499938964844 88.3294677734375
endloop
endfacet
facet normal -0.0 -1.0 0.0
outer loop
vertex 56.644622802734375 288.5 86.5635986328125
vertex 60.869842529296875 288.5 94.5101318359375
vertex 53.367340087890625 288.5 87.173583984375
endloop
endfacet
facet normal -0.08092866354077341 0.9850295596841765 -0.1522081402747623
outer loop
vertex 56.644622802734375 295.5 86.5635986328125
vertex 57.58355712890625 295.8500061035156 88.3294677734375
vertex 57.70416259765625 295.5 86.000244140625
endloop
endfacet
facet normal 0.0 1.0 -0.0
outer loop
vertex 56.644622802734375 295.5 86.5635986328125
vertex 53.367340087890625 295.5 87.173583984375
vertex 58.06207275390625 295.5 96.0030517578125
endloop
endfacet
facet normal 0.0 -1.0 -0.0
outer loop
vertex 58.06207275390625 288.5 96.0030517578125
vertex 53.367340087890625 288.5 87.173583984375
vertex 60.869842529296875 288.5 94.5101318359375
endloop
endfacet
facet normal -0.8829467068513824 0.0 0.46947322911993516
outer loop
vertex 58.06207275390625 288.5 96.0030517578125
vertex 58.06207275390625 295.5 96.0030517578125
vertex 53.367340087890625 295.5 87.173583984375
endloop
endfacet
facet normal -0.08092866354077341 -0.9850295596841765 -0.1522081402747623
outer loop
vertex 57.70416259765625 288.5 86.000244140625
vertex 58.643096923828125 288.1499938964844 87.76611328125
vertex 57.58355712890625 288.1499938964844 88.3294677734375
endloop
endfacet
facet normal -0.882948832688296 -2.783159443040058e-05 0.4694692301735843
outer loop
vertex 56.644622802734375 288.5 86.5635986328125
vertex 57.58355712890625 288.1499938964844 88.3294677734375
vertex 60.869842529296875 288.5 94.5101318359375
endloop
endfacet
facet normal 0.0 -1.0 0.0
outer loop
vertex 57.58355712890625 288.1499938964844 88.3294677734375
vertex 58.643096923828125 288.1499938964844 87.76611328125
vertex 60.400390625 288.1499938964844 93.627197265625
endloop
endfacet
facet normal 0.882948832688296 2.783159443040058e-05 -0.4694692301735843
outer loop
vertex 57.70416259765625 288.5 86.000244140625
vertex 61.92938232421875 288.5 93.94677734375
vertex 58.643096923828125 288.1499938964844 87.76611328125
endloop
endfacet
facet normal -0.08092866354077341 0.9850295596841765 -0.1522081402747623
outer loop
vertex 57.70416259765625 295.5 86.000244140625
vertex 57.58355712890625 295.8500061035156 88.3294677734375
vertex 58.643096923828125 295.8500061035156 87.76611328125
endloop
endfacet
facet normal -0.882948832688296 2.783159443040058e-05 0.4694692301735843
outer loop
vertex 56.644622802734375 295.5 86.5635986328125
vertex 60.869842529296875 295.5 94.5101318359375
vertex 57.58355712890625 295.8500061035156 88.3294677734375
endloop
endfacet
facet normal -0.0 1.0 0.0
outer loop
vertex 57.58355712890625 295.8500061035156 88.3294677734375
vertex 60.400390625 295.8500061035156 93.627197265625
vertex 58.643096923828125 295.8500061035156 87.76611328125
endloop
endfacet
facet normal 0.882948832688296 -2.783159443040058e-05 -0.4694692301735843
outer loop
vertex 57.70416259765625 295.5 86.000244140625
vertex 58.643096923828125 295.8500061035156 87.76611328125
vertex 61.92938232421875 295.5 93.94677734375
endloop
endfacet
facet normal 0.0 -1.0 0.0
outer loop
vertex 57.70416259765625 288.5 86.000244140625
vertex 62.330810546875 288.5 83.54022216796875
vertex 66.5560302734375 288.5 91.4866943359375
endloop
endfacet
facet normal 0.0 -1.0 0.0
outer loop
vertex 57.70416259765625 288.5 86.000244140625
vertex 66.5560302734375 288.5 91.4866943359375
vertex 61.92938232421875 288.5 93.94677734375
endloop
endfacet
facet normal -0.0 1.0 0.0
outer loop
vertex 57.70416259765625 295.5 86.000244140625
vertex 61.92938232421875 295.5 93.94677734375
vertex 62.330810546875 295.5 83.54022216796875
endloop
endfacet
facet normal -0.8829489217901609 2.8916421900559413e-05 0.46946906253067716
outer loop
vertex 57.58355712890625 288.1499938964844 88.3294677734375
vertex 60.400390625 288.1499938964844 93.627197265625
vertex 61.339324951171875 288.5 95.39306640625
endloop
endfacet
facet normal -0.8829401524168273 -0.00039469544140119264 0.4694853900449492
outer loop
vertex 57.58355712890625 288.1499938964844 88.3294677734375
vertex 61.339324951171875 288.5 95.39306640625
vertex 60.869842529296875 288.5 94.5101318359375
endloop
endfacet
facet normal 0.17434288981755425 -0.9284891947938775 0.32789079267506294
outer loop
vertex 58.06207275390625 288.5 96.0030517578125
vertex 60.869842529296875 288.5 94.5101318359375
vertex 60.98724365234375 288.6000061035156 94.73089599609375
endloop
endfacet
facet normal -0.0 0.9999999999999999 0.0
outer loop
vertex 56.644622802734375 295.5 86.5635986328125
vertex 58.06207275390625 295.5 96.0030517578125
vertex 60.869842529296875 295.5 94.5101318359375
endloop
endfacet
facet normal -0.8829401524168273 0.00039469544140119264 0.4694853900449492
outer loop
vertex 57.58355712890625 295.8500061035156 88.3294677734375
vertex 60.869842529296875 295.5 94.5101318359375
vertex 61.339324951171875 295.5 95.39306640625
endloop
endfacet
facet normal -0.8829489217901609 -2.8916421900559413e-05 0.46946906253067716
outer loop
vertex 57.58355712890625 295.8500061035156 88.3294677734375
vertex 61.339324951171875 295.5 95.39306640625
vertex 60.400390625 295.8500061035156 93.627197265625
endloop
endfacet
facet normal -0.6454340295772067 0.0 0.7638160206906697
outer loop
vertex 58.06207275390625 288.5 96.0030517578125
vertex 59.7073974609375 294.6999969482422 97.39337158203125
vertex 58.06207275390625 295.5 96.0030517578125
endloop
endfacet
facet normal -0.6454340295772069 0.0 0.7638160206906697
outer loop
vertex 58.06207275390625 288.5 96.0030517578125
vertex 59.7073974609375 289.3000030517578 97.39337158203125
vertex 59.7073974609375 294.6999969482422 97.39337158203125
endloop
endfacet
facet normal 0.17434288981755425 0.9284891947938775 0.32789079267506294
outer loop
vertex 58.06207275390625 295.5 96.0030517578125
vertex 60.98724365234375 295.3999938964844 94.73089599609375
vertex 60.869842529296875 295.5 94.5101318359375
endloop
endfacet
facet normal 0.17435508511977005 0.928476653339416 0.3279198202251819
outer loop
vertex 58.06207275390625 295.5 96.0030517578125
vertex 59.7073974609375 294.6999969482422 97.39337158203125
vertex 60.98724365234375 295.3999938964844 94.73089599609375
endloop
endfacet
facet normal 0.0 -1.0 0.0
outer loop
vertex 58.643096923828125 288.1499938964844 87.76611328125
vertex 61.459930419921875 288.1499938964844 93.0638427734375
vertex 60.400390625 288.1499938964844 93.627197265625
endloop
endfacet
facet normal 0.8829489217901609 -2.8916421900559413e-05 -0.46946906253067716
outer loop
vertex 58.643096923828125 288.1499938964844 87.76611328125
vertex 62.39886474609375 288.5 94.8297119140625
vertex 61.459930419921875 288.1499938964844 93.0638427734375
endloop
endfacet
facet normal 0.8829401524168273 0.00039469544140119264 -0.4694853900449492
outer loop
vertex 58.643096923828125 288.1499938964844 87.76611328125
vertex 61.92938232421875 288.5 93.94677734375
vertex 62.39886474609375 288.5 94.8297119140625
endloop
endfacet
facet normal 0.08092866354077341 -0.9850295596841765 0.1522081402747623
outer loop
vertex 60.400390625 288.1499938964844 93.627197265625
vertex 61.459930419921875 288.1499938964844 93.0638427734375
vertex 61.339324951171875 288.5 95.39306640625
endloop
endfacet
facet normal 0.8829402121296821 -0.00014326683606836742 -0.46948542179604
outer loop
vertex 61.92938232421875 288.5 93.94677734375
vertex 62.0467529296875 288.6000061035156 94.16748046875
vertex 62.39886474609375 288.5 94.8297119140625
endloop
endfacet
facet normal -0.8829402141634679 0.00012616868821666277 0.4694854228774641
outer loop
vertex 60.869842529296875 288.5 94.5101318359375
vertex 61.339324951171875 288.5 95.39306640625
vertex 60.98724365234375 288.6000061035156 94.73089599609375
endloop
endfacet
facet normal -0.8829481199481272 0.0 0.4694705714739397
outer loop
vertex 60.98724365234375 288.6000061035156 94.73089599609375
vertex 61.339324951171875 288.5 95.39306640625
vertex 61.339324951171875 288.6000061035156 95.39306640625
endloop
endfacet
facet normal -0.0 1.0 0.0
outer loop
vertex 60.98724365234375 288.6000061035156 94.73089599609375
vertex 61.339324951171875 288.6000061035156 95.39306640625
vertex 62.0467529296875 288.6000061035156 94.16748046875
endloop
endfacet
facet normal 0.08092866354077341 -0.9850295596841765 0.1522081402747623
outer loop
vertex 61.459930419921875 288.1499938964844 93.0638427734375
vertex 62.39886474609375 288.5 94.8297119140625
vertex 61.339324951171875 288.5 95.39306640625
endloop
endfacet
facet normal 0.4694632405567484 0.0 0.882952017816346
outer loop
vertex 61.339324951171875 288.5 95.39306640625
vertex 62.39886474609375 288.6000061035156 94.8297119140625
vertex 61.339324951171875 288.6000061035156 95.39306640625
endloop
endfacet
facet normal 0.0 1.0 0.0
outer loop
vertex 61.339324951171875 288.6000061035156 95.39306640625
vertex 62.39886474609375 288.6000061035156 94.8297119140625
vertex 62.0467529296875 288.6000061035156 94.16748046875
endloop
endfacet
facet normal 0.4694632405567484 -0.0 0.882952017816346
outer loop
vertex 61.339324951171875 288.5 95.39306640625
vertex 62.39886474609375 288.5 94.8297119140625
vertex 62.39886474609375 288.6000061035156 94.8297119140625
endloop
endfacet
facet normal 0.882949189538135 0.0 -0.46946855985672814
outer loop
vertex 62.0467529296875 288.6000061035156 94.16748046875
vertex 62.39886474609375 288.6000061035156 94.8297119140625
vertex 62.39886474609375 288.5 94.8297119140625
endloop
endfacet
facet normal -0.0 1.0 0.0
outer loop
vertex 58.643096923828125 295.8500061035156 87.76611328125
vertex 60.400390625 295.8500061035156 93.627197265625
vertex 61.459930419921875 295.8500061035156 93.0638427734375
endloop
endfacet
facet normal 0.8829401524168273 -0.00039469544140119264 -0.4694853900449492
outer loop
vertex 58.643096923828125 295.8500061035156 87.76611328125
vertex 62.39886474609375 295.5 94.8297119140625
vertex 61.92938232421875 295.5 93.94677734375
endloop
endfacet
facet normal 0.8829489217901609 2.8916421900559413e-05 -0.46946906253067716
outer loop
vertex 58.643096923828125 295.8500061035156 87.76611328125
vertex 61.459930419921875 295.8500061035156 93.0638427734375
vertex 62.39886474609375 295.5 94.8297119140625
endloop
endfacet
facet normal 0.08092866354077341 0.9850295596841765 0.1522081402747623
outer loop
vertex 60.400390625 295.8500061035156 93.627197265625
vertex 61.339324951171875 295.5 95.39306640625
vertex 61.459930419921875 295.8500061035156 93.0638427734375
endloop
endfacet
facet normal 0.8829402121296821 0.00014326683606836742 -0.46948542179604
outer loop
vertex 61.92938232421875 295.5 93.94677734375
vertex 62.39886474609375 295.5 94.8297119140625
vertex 62.0467529296875 295.3999938964844 94.16748046875
endloop
endfacet
facet normal -0.8829402141634679 -0.00012616868821666277 0.4694854228774641
outer loop
vertex 60.869842529296875 295.5 94.5101318359375
vertex 60.98724365234375 295.3999938964844 94.73089599609375
vertex 61.339324951171875 295.5 95.39306640625
endloop
endfacet
facet normal 0.174384098292979 0.9284671603166919 0.3279312709639067
outer loop
vertex 59.7073974609375 294.6999969482422 97.39337158203125
vertex 62.0467529296875 295.3999938964844 94.16748046875
vertex 60.98724365234375 295.3999938964844 94.73089599609375
endloop
endfacet
facet normal -0.8829481199481272 0.0 0.4694705714739397
outer loop
vertex 60.98724365234375 295.3999938964844 94.73089599609375
vertex 61.339324951171875 295.3999938964844 95.39306640625
vertex 61.339324951171875 295.5 95.39306640625
endloop
endfacet
facet normal 0.08092866354077341 0.9850295596841765 0.1522081402747623
outer loop
vertex 61.459930419921875 295.8500061035156 93.0638427734375
vertex 61.339324951171875 295.5 95.39306640625
vertex 62.39886474609375 295.5 94.8297119140625
endloop
endfacet
facet normal 0.0 -1.0 0.0
outer loop
vertex 60.98724365234375 295.3999938964844 94.73089599609375
vertex 62.39886474609375 295.3999938964844 94.8297119140625
vertex 61.339324951171875 295.3999938964844 95.39306640625
endloop
endfacet
facet normal 0.4694632405567484 0.0 0.882952017816346
outer loop
vertex 61.339324951171875 295.3999938964844 95.39306640625
vertex 62.39886474609375 295.3999938964844 94.8297119140625
vertex 61.339324951171875 295.5 95.39306640625
endloop
endfacet
facet normal 0.0 -1.0 0.0
outer loop
vertex 60.98724365234375 295.3999938964844 94.73089599609375
vertex 62.0467529296875 295.3999938964844 94.16748046875
vertex 62.39886474609375 295.3999938964844 94.8297119140625
endloop
endfacet
facet normal 0.4694632405567484 -0.0 0.882952017816346
outer loop
vertex 61.339324951171875 295.5 95.39306640625
vertex 62.39886474609375 295.3999938964844 94.8297119140625
vertex 62.39886474609375 295.5 94.8297119140625
endloop
endfacet
facet normal 0.882949189538135 0.0 -0.46946855985672814
outer loop
vertex 62.0467529296875 295.3999938964844 94.16748046875
vertex 62.39886474609375 295.5 94.8297119140625
vertex 62.39886474609375 295.3999938964844 94.8297119140625
endloop
endfacet
facet normal -0.08093549890621987 -0.9850295596699797 -0.1522045058241278
outer loop
vertex 62.330810546875 288.5 83.54022216796875
vertex 63.390350341796875 288.5 82.976806640625
vertex 63.269744873046875 288.1499938964844 85.30609130859375
endloop
endfacet
facet normal -0.08092654770101423 -0.9850303484114221 -0.152204160868446
outer loop
vertex 63.390350341796875 288.5 82.976806640625
vertex 64.32928466796875 288.1499938964844 84.74273681640625
vertex 63.269744873046875 288.1499938964844 85.30609130859375
endloop
endfacet
facet normal -0.08093549890621987 0.9850295596699797 -0.1522045058241278
outer loop
vertex 62.330810546875 295.5 83.54022216796875
vertex 63.269744873046875 295.8500061035156 85.30609130859375
vertex 63.390350341796875 295.5 82.976806640625
endloop
endfacet
facet normal 0.0 1.0 0.0
outer loop
vertex 62.330810546875 295.5 83.54022216796875
vertex 63.390350341796875 295.5 82.976806640625
vertex 65.7286376953125 295.5 80.60101318359375
endloop
endfacet
facet normal -0.08092654770101423 0.9850303484114221 -0.152204160868446
outer loop
vertex 63.390350341796875 295.5 82.976806640625
vertex 63.269744873046875 295.8500061035156 85.30609130859375
vertex 64.32928466796875 295.8500061035156 84.74273681640625
endloop
endfacet
facet normal 0.0 -1.0 0.0
outer loop
vertex 63.390350341796875 288.5 82.976806640625
vertex 65.7286376953125 288.5 80.60101318359375
vertex 70.42333984375 288.5 89.430419921875
endloop
endfacet
facet normal -0.0 1.0 0.0
outer loop
vertex 63.390350341796875 295.5 82.976806640625
vertex 70.42333984375 295.5 89.430419921875
vertex 65.7286376953125 295.5 80.60101318359375
endloop
endfacet
facet normal 0.8829466266189434 0.0 -0.4694733800144883
outer loop
vertex 70.42333984375 295.5 89.430419921875
vertex 65.7286376953125 288.5 80.60101318359375
vertex 65.7286376953125 295.5 80.60101318359375
endloop
endfacet
facet normal -0.882947338282264 -9.638938080628098e-06 0.4694720414756942
outer loop
vertex 62.330810546875 288.5 83.54022216796875
vertex 63.269744873046875 288.1499938964844 85.30609130859375
vertex 66.5560302734375 288.5 91.4866943359375
endloop
endfacet
facet normal 0.0 -1.0 0.0
outer loop
vertex 63.269744873046875 288.1499938964844 85.30609130859375
vertex 64.32928466796875 288.1499938964844 84.74273681640625
vertex 66.08657836914062 288.1499938964844 90.603759765625
endloop
endfacet
facet normal -0.882947338282264 9.638938080628098e-06 0.4694720414756942
outer loop
vertex 62.330810546875 295.5 83.54022216796875
vertex 66.5560302734375 295.5 91.4866943359375
vertex 63.269744873046875 295.8500061035156 85.30609130859375
endloop
endfacet
facet normal -0.0 1.0 0.0
outer loop
vertex 63.269744873046875 295.8500061035156 85.30609130859375
vertex 66.08657836914062 295.8500061035156 90.603759765625
vertex 64.32928466796875 295.8500061035156 84.74273681640625
endloop
endfacet
facet normal -0.0 0.9999999999999999 -0.0
outer loop
vertex 62.330810546875 295.5 83.54022216796875
vertex 61.92938232421875 295.5 93.94677734375
vertex 66.5560302734375 295.5 91.4866943359375
endloop
endfacet
facet normal 0.8829488317412085 -5.403591447904332e-05 -0.4694692296700122
outer loop
vertex 63.390350341796875 288.5 82.976806640625
vertex 67.61557006835938 288.5 90.92333984375
vertex 64.32928466796875 288.1499938964844 84.74273681640625
endloop
endfacet
facet normal -0.8829466772649076 -8.02406425695647e-05 0.4694732779065262
outer loop
vertex 63.269744873046875 288.1499938964844 85.30609130859375
vertex 66.08657836914062 288.1499938964844 90.603759765625
vertex 67.0255126953125 288.5 92.36968994140625
endloop
endfacet
facet normal -0.8829536434509149 0.0002602371960332239 0.4694601109714825
outer loop
vertex 63.269744873046875 288.1499938964844 85.30609130859375
vertex 67.0255126953125 288.5 92.36968994140625
vertex 66.5560302734375 288.5 91.4866943359375
endloop
endfacet
facet normal 0.0 -1.0 0.0
outer loop
vertex 64.32928466796875 288.1499938964844 84.74273681640625
vertex 67.1461181640625 288.1499938964844 90.0404052734375
vertex 66.08657836914062 288.1499938964844 90.603759765625
endloop
endfacet
facet normal 0.8829466772649076 8.02406425695647e-05 -0.4694732779065262
outer loop
vertex 64.32928466796875 288.1499938964844 84.74273681640625
vertex 68.08505249023438 288.5 91.80633544921875
vertex 67.1461181640625 288.1499938964844 90.0404052734375
endloop
endfacet
facet normal 0.8829536434509149 -0.0002602371960332239 -0.4694601109714825
outer loop
vertex 64.32928466796875 288.1499938964844 84.74273681640625
vertex 67.61557006835938 288.5 90.92333984375
vertex 68.08505249023438 288.5 91.80633544921875
endloop
endfacet
facet normal 0.08092654770101423 -0.9850303484114221 0.152204160868446
outer loop
vertex 66.08657836914062 288.1499938964844 90.603759765625
vertex 67.1461181640625 288.1499938964844 90.0404052734375
vertex 67.0255126953125 288.5 92.36968994140625
endloop
endfacet
facet normal 0.8829488317412085 5.403591447904332e-05 -0.4694692296700122
outer loop
vertex 63.390350341796875 295.5 82.976806640625
vertex 64.32928466796875 295.8500061035156 84.74273681640625
vertex 67.61557006835938 295.5 90.92333984375
endloop
endfacet
facet normal -0.8829536434509149 -0.0002602371960332239 0.4694601109714825
outer loop
vertex 63.269744873046875 295.8500061035156 85.30609130859375
vertex 66.5560302734375 295.5 91.4866943359375
vertex 67.0255126953125 295.5 92.36968994140625
endloop
endfacet
facet normal -0.8829466772649076 8.02406425695647e-05 0.4694732779065262
outer loop
vertex 63.269744873046875 295.8500061035156 85.30609130859375
vertex 67.0255126953125 295.5 92.36968994140625
vertex 66.08657836914062 295.8500061035156 90.603759765625
endloop
endfacet
facet normal -0.0 1.0 0.0
outer loop
vertex 64.32928466796875 295.8500061035156 84.74273681640625
vertex 66.08657836914062 295.8500061035156 90.603759765625
vertex 67.1461181640625 295.8500061035156 90.0404052734375
endloop
endfacet
facet normal 0.8829536434509149 0.0002602371960332239 -0.4694601109714825
outer loop
vertex 64.32928466796875 295.8500061035156 84.74273681640625
vertex 68.08505249023438 295.5 91.80633544921875
vertex 67.61557006835938 295.5 90.92333984375
endloop
endfacet
facet normal 0.8829466772649076 -8.02406425695647e-05 -0.4694732779065262
outer loop
vertex 64.32928466796875 295.8500061035156 84.74273681640625
vertex 67.1461181640625 295.8500061035156 90.0404052734375
vertex 68.08505249023438 295.5 91.80633544921875
endloop
endfacet
facet normal 0.08092654770101423 0.9850303484114221 0.152204160868446
outer loop
vertex 66.08657836914062 295.8500061035156 90.603759765625
vertex 67.0255126953125 295.5 92.36968994140625
vertex 67.1461181640625 295.8500061035156 90.0404052734375
endloop
endfacet
facet normal 0.1743831262670235 -0.9284542478523098 0.3279683443845474
outer loop
vertex 61.92938232421875 288.5 93.94677734375
vertex 66.67340087890625 288.6000061035156 91.70745849609375
vertex 62.0467529296875 288.6000061035156 94.16748046875
endloop
endfacet
facet normal 0.17436944278443353 -0.9284618865149957 0.3279539948103412
outer loop
vertex 58.06207275390625 288.5 96.0030517578125
vertex 60.98724365234375 288.6000061035156 94.73089599609375
vertex 70.65594482421875 289.3000030517578 91.5718994140625
endloop
endfacet
facet normal 0.17433558549070874 -0.9285084870016045 0.32784004209004586
outer loop
vertex 60.98724365234375 288.6000061035156 94.73089599609375
vertex 62.0467529296875 288.6000061035156 94.16748046875
vertex 70.65594482421875 289.3000030517578 91.5718994140625
endloop
endfacet
facet normal 0.17438649913058069 0.9284542479440377 0.327966550726825
outer loop
vertex 61.92938232421875 295.5 93.94677734375
vertex 62.0467529296875 295.3999938964844 94.16748046875
vertex 66.5560302734375 295.5 91.4866943359375
endloop
endfacet
facet normal 0.17435748084908184 -0.9284771116290409 0.32791724878840367
outer loop
vertex 58.06207275390625 288.5 96.0030517578125
vertex 70.65594482421875 289.3000030517578 91.5718994140625
vertex 59.7073974609375 289.3000030517578 97.39337158203125
endloop
endfacet
facet normal 0.46947321451734497 0.0 0.8829467146157525
outer loop
vertex 59.7073974609375 289.3000030517578 97.39337158203125
vertex 70.65594482421875 289.3000030517578 91.5718994140625
vertex 59.7073974609375 294.6999969482422 97.39337158203125
endloop
endfacet
facet normal 0.17435285269205475 0.9284800436049445 0.3279114078306867
outer loop
vertex 59.7073974609375 294.6999969482422 97.39337158203125
vertex 66.67340087890625 295.3999938964844 91.70745849609375
vertex 62.0467529296875 295.3999938964844 94.16748046875
endloop
endfacet
facet normal 0.17435409635392254 -0.9284818572345364 0.327905611222061
outer loop
vertex 61.92938232421875 288.5 93.94677734375
vertex 66.5560302734375 288.5 91.4866943359375
vertex 66.67340087890625 288.6000061035156 91.70745849609375
endloop
endfacet
facet normal -0.8829536710841003 -7.162955838630588e-05 0.46946012566384876
outer loop
vertex 66.5560302734375 288.5 91.4866943359375
vertex 67.0255126953125 288.5 92.36968994140625
vertex 66.67340087890625 288.6000061035156 91.70745849609375
endloop
endfacet
facet normal 0.1743507239399028 0.9284818572937962 0.327907404213285
outer loop
vertex 62.0467529296875 295.3999938964844 94.16748046875
vertex 66.67340087890625 295.3999938964844 91.70745849609375
vertex 66.5560302734375 295.5 91.4866943359375
endloop
endfacet
facet normal 0.17434452050199775 0.9284849979173727 0.3279018097133727
outer loop
vertex 59.7073974609375 294.6999969482422 97.39337158203125
vertex 67.73294067382812 295.3999938964844 91.14410400390625
vertex 66.67340087890625 295.3999938964844 91.70745849609375
endloop
endfacet
facet normal 0.17435670760042077 -0.928476759172095 0.3279186578894603
outer loop
vertex 62.0467529296875 288.6000061035156 94.16748046875
vertex 66.67340087890625 288.6000061035156 91.70745849609375
vertex 70.65594482421875 289.3000030517578 91.5718994140625
endloop
endfacet
facet normal 0.17436207657100966 0.9284741669824275 0.32792314267238404
outer loop
vertex 59.7073974609375 294.6999969482422 97.39337158203125
vertex 70.42333984375 295.5 89.430419921875
vertex 67.73294067382812 295.3999938964844 91.14410400390625
endloop
endfacet
facet normal -0.8829536710841003 7.162955838630588e-05 0.46946012566384876
outer loop
vertex 66.67340087890625 295.3999938964844 91.70745849609375
vertex 67.0255126953125 295.5 92.36968994140625
vertex 66.5560302734375 295.5 91.4866943359375
endloop
endfacet
facet normal 0.0 -0.9999999999999999 0.0
outer loop
vertex 63.390350341796875 288.5 82.976806640625
vertex 70.42333984375 288.5 89.430419921875
vertex 67.61557006835938 288.5 90.92333984375
endloop
endfacet
facet normal 0.8829536710841003 7.162955838630588e-05 -0.46946012566384876
outer loop
vertex 67.61557006835938 288.5 90.92333984375
vertex 67.73294067382812 288.6000061035156 91.14410400390625
vertex 68.08505249023438 288.5 91.80633544921875
endloop
endfacet
facet normal 0.17435150230557514 -0.928481857281321 0.32790699038480053
outer loop
vertex 67.61557006835938 288.5 90.92333984375
vertex 70.42333984375 288.5 89.430419921875
vertex 67.73294067382812 288.6000061035156 91.14410400390625
endloop
endfacet
facet normal -0.0 0.9999999999999999 0.0
outer loop
vertex 63.390350341796875 295.5 82.976806640625
vertex 67.61557006835938 295.5 90.92333984375
vertex 70.42333984375 295.5 89.430419921875
endloop
endfacet
facet normal 0.8829466266189434 0.0 -0.4694733800144883
outer loop
vertex 70.42333984375 288.5 89.430419921875
vertex 65.7286376953125 288.5 80.60101318359375
vertex 70.42333984375 295.5 89.430419921875
endloop
endfacet
facet normal 0.8829536710841003 -7.162955838630588e-05 -0.46946012566384876
outer loop
vertex 67.73294067382812 295.3999938964844 91.14410400390625
vertex 67.61557006835938 295.5 90.92333984375
vertex 68.08505249023438 295.5 91.80633544921875
endloop
endfacet
facet normal 0.17435150230557514 0.928481857281321 0.32790699038480053
outer loop
vertex 67.73294067382812 295.3999938964844 91.14410400390625
vertex 70.42333984375 295.5 89.430419921875
vertex 67.61557006835938 295.5 90.92333984375
endloop
endfacet
facet normal 0.17435815901651006 -0.9284770161379715 0.32791715857500164
outer loop
vertex 67.73294067382812 288.6000061035156 91.14410400390625
vertex 70.42333984375 288.5 89.430419921875
vertex 70.65594482421875 289.3000030517578 91.5718994140625
endloop
endfacet
facet normal 0.9941526654992479 0.0 -0.10798369173509757
outer loop
vertex 70.42333984375 288.5 89.430419921875
vertex 70.42333984375 295.5 89.430419921875
vertex 70.65594482421875 289.3000030517578 91.5718994140625
endloop
endfacet
facet normal 0.9941526654992479 0.0 -0.10798369173509759
outer loop
vertex 70.65594482421875 289.3000030517578 91.5718994140625
vertex 70.42333984375 295.5 89.430419921875
vertex 70.65594482421875 294.6999969482422 91.5718994140625
endloop
endfacet
facet normal -0.0 1.0 0.0
outer loop
vertex 66.67340087890625 288.6000061035156 91.70745849609375
vertex 67.0255126953125 288.6000061035156 92.36968994140625
vertex 67.73294067382812 288.6000061035156 91.14410400390625
endloop
endfacet
facet normal -0.882949189538135 0.0 0.46946855985672814
outer loop
vertex 66.67340087890625 288.6000061035156 91.70745849609375
vertex 67.0255126953125 288.5 92.36968994140625
vertex 67.0255126953125 288.6000061035156 92.36968994140625
endloop
endfacet
facet normal 0.08092654770101423 -0.9850303484114221 0.152204160868446
outer loop
vertex 67.1461181640625 288.1499938964844 90.0404052734375
vertex 68.08505249023438 288.5 91.80633544921875
vertex 67.0255126953125 288.5 92.36968994140625
endloop
endfacet
facet normal 0.0 1.0 0.0
outer loop
vertex 67.0255126953125 288.6000061035156 92.36968994140625
vertex 68.08505249023438 288.6000061035156 91.80633544921875
vertex 67.73294067382812 288.6000061035156 91.14410400390625
endloop
endfacet
facet normal 0.4694632405567484 -0.0 0.882952017816346
outer loop
vertex 67.0255126953125 288.5 92.36968994140625
vertex 68.08505249023438 288.5 91.80633544921875
vertex 68.08505249023438 288.6000061035156 91.80633544921875
endloop
endfacet
facet normal 0.4694632405567484 0.0 0.882952017816346
outer loop
vertex 67.0255126953125 288.5 92.36968994140625
vertex 68.08505249023438 288.6000061035156 91.80633544921875
vertex 67.0255126953125 288.6000061035156 92.36968994140625
endloop
endfacet
facet normal 0.882949189538135 0.0 -0.46946855985672814
outer loop
vertex 67.73294067382812 288.6000061035156 91.14410400390625
vertex 68.08505249023438 288.6000061035156 91.80633544921875
vertex 68.08505249023438 288.5 91.80633544921875
endloop
endfacet
facet normal 0.46947321451734497 -0.0 0.8829467146157525
outer loop
vertex 59.7073974609375 294.6999969482422 97.39337158203125
vertex 70.65594482421875 289.3000030517578 91.5718994140625
vertex 70.65594482421875 294.6999969482422 91.5718994140625
endloop
endfacet
facet normal 0.0 -1.0 0.0
outer loop
vertex 66.67340087890625 295.3999938964844 91.70745849609375
vertex 68.08505249023438 295.3999938964844 91.80633544921875
vertex 67.0255126953125 295.3999938964844 92.36968994140625
endloop
endfacet
facet normal -0.882949189538135 0.0 0.46946855985672814
outer loop
vertex 66.67340087890625 295.3999938964844 91.70745849609375
vertex 67.0255126953125 295.3999938964844 92.36968994140625
vertex 67.0255126953125 295.5 92.36968994140625
endloop
endfacet
facet normal 0.17435748913525698 0.9284771045690868 0.3279172643723622
outer loop
vertex 59.7073974609375 294.6999969482422 97.39337158203125
vertex 70.65594482421875 294.6999969482422 91.5718994140625
vertex 70.42333984375 295.5 89.430419921875
endloop
endfacet
facet normal 0.08092654770101423 0.9850303484114221 0.152204160868446
outer loop
vertex 67.1461181640625 295.8500061035156 90.0404052734375
vertex 67.0255126953125 295.5 92.36968994140625
vertex 68.08505249023438 295.5 91.80633544921875
endloop
endfacet
facet normal 0.0 -1.0 0.0
outer loop
vertex 66.67340087890625 295.3999938964844 91.70745849609375
vertex 67.73294067382812 295.3999938964844 91.14410400390625
vertex 68.08505249023438 295.3999938964844 91.80633544921875
endloop
endfacet
facet normal 0.4694632405567484 -0.0 0.882952017816346
outer loop
vertex 67.0255126953125 295.5 92.36968994140625
vertex 68.08505249023438 295.3999938964844 91.80633544921875
vertex 68.08505249023438 295.5 91.80633544921875
endloop
endfacet
facet normal 0.4694632405567484 0.0 0.882952017816346
outer loop
vertex 67.0255126953125 295.3999938964844 92.36968994140625
vertex 68.08505249023438 295.3999938964844 91.80633544921875
vertex 67.0255126953125 295.5 92.36968994140625
endloop
endfacet
facet normal 0.1743565507666624 -0.928474747942764 0.327924435864992
outer loop
vertex 66.67340087890625 288.6000061035156 91.70745849609375
vertex 67.73294067382812 288.6000061035156 91.14410400390625
vertex 70.65594482421875 289.3000030517578 91.5718994140625
endloop
endfacet
facet normal 0.882949189538135 0.0 -0.46946855985672814
outer loop
vertex 67.73294067382812 295.3999938964844 91.14410400390625
vertex 68.08505249023438 295.5 91.80633544921875
vertex 68.08505249023438 295.3999938964844 91.80633544921875
endloop
endfacet

endsolid
