solid 
facet normal -0.469477034004427 0.0 -0.8829446837386847
outer loop
vertex 5.922271728515625 2.1999969482421875 8.53521728515625
vertex 3.081939697265625 0.0 10.04547119140625
vertex 3.081939697265625 12.0 10.04547119140625
endloop
endfacet
facet normal -0.469477034004427 0.0 -0.8829446837386847
outer loop
vertex 5.922271728515625 2.1999969482421875 8.53521728515625
vertex 3.081939697265625 12.0 10.04547119140625
vertex 5.922271728515625 9.800003051757812 8.53521728515625
endloop
endfacet
facet normal -0.4694691056040364 -1.3129928523837402e-05 -0.882948899263684
outer loop
vertex 5.922271728515625 2.1999969482421875 8.53521728515625
vertex 18.813323974609375 2.1999969482421875 1.68096923828125
vertex 3.081939697265625 0.0 10.04547119140625
endloop
endfacet
facet normal 0.0 -1.0 0.0
outer loop
vertex 3.081939697265625 0.0 10.04547119140625
vertex 23.913909912109375 0.0 4.03607177734375
vertex 6.03558349609375 0.0 14.47064208984375
endloop
endfacet
facet normal -0.4694706368085794 1.059417305092094e-05 -0.8829480851456163
outer loop
vertex 5.922271728515625 9.800003051757812 8.53521728515625
vertex 3.081939697265625 12.0 10.04547119140625
vertex 21.656341552734375 12.0 0.1693115234375
endloop
endfacet
facet normal -0.0 1.0 0.0
outer loop
vertex 3.081939697265625 12.0 10.04547119140625
vertex 6.03558349609375 12.0 14.47064208984375
vertex 23.913909912109375 12.0 4.03607177734375
endloop
endfacet
facet normal -0.8317439530314021 0.0 0.5551594334924848
outer loop
vertex 3.081939697265625 0.0 10.04547119140625
vertex 6.03558349609375 12.0 14.47064208984375
vertex 3.081939697265625 12.0 10.04547119140625
endloop
endfacet
facet normal -0.8317439530314021 0.0 0.5551594334924848
outer loop
vertex 3.081939697265625 0.0 10.04547119140625
vertex 6.03558349609375 0.0 14.47064208984375
vertex 6.03558349609375 12.0 14.47064208984375
endloop
endfacet
facet normal 0.8829480406972704 0.0 -0.4694707205234968
outer loop
vertex 5.922271728515625 2.1999969482421875 8.53521728515625
vertex 5.922271728515625 9.800003051757812 8.53521728515625
vertex 11.69677734375 9.800003051757812 19.3955078125
endloop
endfacet
facet normal 0.8829480406972704 0.0 -0.4694707205234968
outer loop
vertex 5.922271728515625 2.1999969482421875 8.53521728515625
vertex 11.69677734375 9.800003051757812 19.3955078125
vertex 11.69677734375 2.1999969482421875 19.3955078125
endloop
endfacet
facet normal -0.4694707309216733 1.777472768702812e-06 -0.8829480351666856
outer loop
vertex 3.081939697265625 0.0 10.04547119140625
vertex 18.813323974609375 2.1999969482421875 1.68096923828125
vertex 21.656341552734375 1.26116943359375 0.1693115234375
endloop
endfacet
facet normal -0.4694706368349253 -0.0 -0.8829480851951658
outer loop
vertex 3.081939697265625 0.0 10.04547119140625
vertex 21.656341552734375 1.26116943359375 0.1693115234375
vertex 21.656341552734375 0.0 0.1693115234375
endloop
endfacet
facet normal 0.0 -1.0 0.0
outer loop
vertex 3.081939697265625 0.0 10.04547119140625
vertex 21.656341552734375 0.0 0.1693115234375
vertex 23.913909912109375 0.0 4.03607177734375
endloop
endfacet
facet normal -0.4694691056417052 -3.452625629438533e-06 -0.8829488993345292
outer loop
vertex 5.922271728515625 9.800003051757812 8.53521728515625
vertex 21.656341552734375 12.0 0.1693115234375
vertex 18.813323974609375 9.800003051757812 1.68096923828125
endloop
endfacet
facet normal 0.0 1.0 0.0
outer loop
vertex 3.081939697265625 12.0 10.04547119140625
vertex 23.913909912109375 12.0 4.03607177734375
vertex 21.656341552734375 12.0 0.1693115234375
endloop
endfacet
facet normal 0.0 -1.0 0.0
outer loop
vertex 5.922271728515625 9.800003051757812 8.53521728515625
vertex 18.813323974609375 9.800003051757812 1.68096923828125
vertex 24.58782958984375 9.800003051757812 12.54119873046875
endloop
endfacet
facet normal -0.46947118851537 0.0 -0.8829477918619911
outer loop
vertex 18.813323974609375 2.1999969482421875 1.68096923828125
vertex 18.813323974609375 9.800003051757812 1.68096923828125
vertex 21.656341552734375 1.26116943359375 0.1693115234375
endloop
endfacet
facet normal -0.46947118851536995 -0.0 -0.882947791861991
outer loop
vertex 18.813323974609375 9.800003051757812 1.68096923828125
vertex 21.656341552734375 12.0 0.1693115234375
vertex 21.656341552734375 1.26116943359375 0.1693115234375
endloop
endfacet
facet normal -0.8829469470087787 0.0 0.46947277745134175
outer loop
vertex 18.813323974609375 2.1999969482421875 1.68096923828125
vertex 24.58782958984375 2.1999969482421875 12.54119873046875
vertex 18.813323974609375 9.800003051757812 1.68096923828125
endloop
endfacet
facet normal -0.0 1.0 0.0
outer loop
vertex 5.922271728515625 2.1999969482421875 8.53521728515625
vertex 11.69677734375 2.1999969482421875 19.3955078125
vertex 18.813323974609375 2.1999969482421875 1.68096923828125
endloop
endfacet
facet normal 0.0 -1.0 0.0
outer loop
vertex 5.922271728515625 9.800003051757812 8.53521728515625
vertex 24.58782958984375 9.800003051757812 12.54119873046875
vertex 11.69677734375 9.800003051757812 19.3955078125
endloop
endfacet
facet normal 0.0 -0.9999999999999999 0.0
outer loop
vertex 6.03558349609375 0.0 14.47064208984375
vertex 23.913909912109375 0.0 4.03607177734375
vertex 19.797271728515625 0.0 31.4871826171875
endloop
endfacet
facet normal -0.4694723647402702 0.0 -0.8829471664517524
outer loop
vertex 11.69677734375 2.1999969482421875 19.3955078125
vertex 11.69677734375 9.800003051757812 19.3955078125
vertex 24.58782958984375 9.800003051757812 12.54119873046875
endloop
endfacet
facet normal -0.0 0.9999999999999999 0.0
outer loop
vertex 6.03558349609375 12.0 14.47064208984375
vertex 19.797271728515625 12.0 31.4871826171875
vertex 23.913909912109375 12.0 4.03607177734375
endloop
endfacet
facet normal -0.0 1.0 -0.0
outer loop
vertex 18.813323974609375 2.1999969482421875 1.68096923828125
vertex 11.69677734375 2.1999969482421875 19.3955078125
vertex 24.58782958984375 2.1999969482421875 12.54119873046875
endloop
endfacet
facet normal -0.4694723647402702 -0.0 -0.8829471664517524
outer loop
vertex 11.69677734375 2.1999969482421875 19.3955078125
vertex 24.58782958984375 9.800003051757812 12.54119873046875
vertex 24.58782958984375 2.1999969482421875 12.54119873046875
endloop
endfacet
facet normal -0.7775488317373611 0.0 0.6288225618279492
outer loop
vertex 6.03558349609375 0.0 14.47064208984375
vertex 19.797271728515625 12.0 31.4871826171875
vertex 6.03558349609375 12.0 14.47064208984375
endloop
endfacet
facet normal -0.7775488317373611 0.0 0.6288225618279492
outer loop
vertex 6.03558349609375 0.0 14.47064208984375
vertex 19.797271728515625 0.0 31.4871826171875
vertex 19.797271728515625 12.0 31.4871826171875
endloop
endfacet
facet normal -0.715782800497416 0.0 0.6983229786510511
outer loop
vertex 19.797271728515625 0.0 31.4871826171875
vertex 21.32177734375 3.0 33.0498046875
vertex 19.797271728515625 12.0 31.4871826171875
endloop
endfacet
facet normal -0.715782800497416 0.0 0.6983229786510511
outer loop
vertex 21.32177734375 3.0 33.0498046875
vertex 21.32177734375 12.0 33.0498046875
vertex 19.797271728515625 12.0 31.4871826171875
endloop
endfacet
facet normal -0.24189868853814148 -0.0 -0.9703015121515204
outer loop
vertex 20.282501220703125 3.0 33.30889892578125
vertex 21.32177734375 12.0 33.0498046875
vertex 21.32177734375 3.0 33.0498046875
endloop
endfacet
facet normal -0.24189868853814148 0.0 -0.9703015121515204
outer loop
vertex 20.282501220703125 3.0 33.30889892578125
vertex 20.282501220703125 37.0 33.30889892578125
vertex 21.32177734375 12.0 33.0498046875
endloop
endfacet
facet normal -0.9702962007573123 0.0 0.2419199925511026
outer loop
vertex 20.282501220703125 3.0 33.30889892578125
vertex 21.37176513671875 34.0 37.677734375
vertex 20.282501220703125 37.0 33.30889892578125
endloop
endfacet
facet normal -0.9702948942343098 -7.84404650500421e-07 0.24192523271088193
outer loop
vertex 20.282501220703125 3.0 33.30889892578125
vertex 22.7265625 34.0 43.1114501953125
vertex 21.37176513671875 34.0 37.677734375
endloop
endfacet
facet normal -0.9702962007573123 0.0 0.24191999255110258
outer loop
vertex 20.282501220703125 37.0 33.30889892578125
vertex 21.37176513671875 34.0 37.677734375
vertex 21.37176513671875 37.0 37.677734375
endloop
endfacet
facet normal 0.0 0.0 -1.0
outer loop
vertex 18.766143798828125 34.0 37.677734375
vertex 21.37176513671875 37.0 37.677734375
vertex 21.37176513671875 34.0 37.677734375
endloop
endfacet
facet normal 0.0 0.0 -1.0
outer loop
vertex 18.766143798828125 34.0 37.677734375
vertex 18.766143798828125 142.0 37.677734375
vertex 21.37176513671875 37.0 37.677734375
endloop
endfacet
facet normal -0.46946431902738733 0.0 -0.8829514443955293
outer loop
vertex 8.397918701171875 144.0 7.21893310546875
vertex 8.397918701171875 154.0 7.21893310546875
vertex 10.947235107421875 146.20000004768372 5.86346435546875
endloop
endfacet
facet normal -0.989194556534679 0.0 0.14660876277412482
outer loop
vertex 0.0 142.0 15.3150634765625
vertex 0.898406982421875 142.0 21.37677001953125
vertex 0.0 154.0 15.3150634765625
endloop
endfacet
facet normal -0.8362596061876643 0.0 0.5483337223432941
outer loop
vertex 8.397918701171875 144.0 7.21893310546875
vertex 12.2198486328125 144.0 13.0477294921875
vertex 12.2198486328125 154.0 13.0477294921875
endloop
endfacet
facet normal 0.0 0.0 -1.0
outer loop
vertex 0.0 142.0 15.3150634765625
vertex 5.142852783203125 154.0 15.3150634765625
vertex 14.0128173828125 144.0 15.3150634765625
endloop
endfacet
facet normal -0.46947447134148484 1.5090237249003322e-05 -0.8829460462173881
outer loop
vertex 8.397918701171875 144.0 7.21893310546875
vertex 10.947235107421875 146.20000004768372 5.86346435546875
vertex 19.42352294921875 146.20000004768372 1.35650634765625
endloop
endfacet
facet normal -0.4694706128815336 -9.714108644976764e-06 -0.8829480978779405
outer loop
vertex 8.397918701171875 144.0 7.21893310546875
vertex 19.42352294921875 146.20000004768372 1.35650634765625
vertex 21.97479248046875 144.0 0.0
endloop
endfacet
facet normal 0.0 -1.0 0.0
outer loop
vertex 8.397918701171875 144.0 7.21893310546875
vertex 21.97479248046875 144.0 0.0
vertex 12.2198486328125 144.0 13.0477294921875
endloop
endfacet
facet normal -0.0 1.0 0.0
outer loop
vertex 10.947235107421875 146.20000004768372 5.86346435546875
vertex 16.721710205078125 146.20000004768372 16.72369384765625
vertex 19.42352294921875 146.20000004768372 1.35650634765625
endloop
endfacet
facet normal -0.46946408246709664 0.0 -0.882951570174337
outer loop
vertex 19.42352294921875 146.20000004768372 1.35650634765625
vertex 19.42352294921875 151.79999995231628 1.35650634765625
vertex 21.97479248046875 144.0 0.0
endloop
endfacet
facet normal 0.0 -1.0 0.0
outer loop
vertex 21.97479248046875 144.0 0.0
vertex 25.2222900390625 144.0 5.458984375
vertex 12.2198486328125 144.0 13.0477294921875
endloop
endfacet
facet normal -0.8829469470087786 0.0 0.46947277745134175
outer loop
vertex 19.42352294921875 146.20000004768372 1.35650634765625
vertex 25.198028564453125 146.20000004768372 12.21673583984375
vertex 19.42352294921875 151.79999995231628 1.35650634765625
endloop
endfacet
facet normal -0.7843830992655313 0.0 0.620276675030264
outer loop
vertex 12.2198486328125 144.0 13.0477294921875
vertex 14.0128173828125 144.0 15.3150634765625
vertex 14.0128173828125 154.0 15.3150634765625
endloop
endfacet
facet normal 0.8829479754756494 0.0 -0.4694708431877871
outer loop
vertex 10.947235107421875 146.20000004768372 5.86346435546875
vertex 16.721710205078125 151.79999995231628 16.72369384765625
vertex 16.721710205078125 146.20000004768372 16.72369384765625
endloop
endfacet
facet normal -0.0 1.0 -0.0
outer loop
vertex 19.42352294921875 146.20000004768372 1.35650634765625
vertex 16.721710205078125 146.20000004768372 16.72369384765625
vertex 25.198028564453125 146.20000004768372 12.21673583984375
endloop
endfacet
facet normal 0.0 -1.0 0.0
outer loop
vertex 12.2198486328125 144.0 13.0477294921875
vertex 32.122406005859375 144.0 15.3150634765625
vertex 14.0128173828125 144.0 15.3150634765625
endloop
endfacet
facet normal 0.0 0.0 -1.0
outer loop
vertex 0.0 142.0 15.3150634765625
vertex 14.0128173828125 144.0 15.3150634765625
vertex 36.0 142.0 15.3150634765625
endloop
endfacet
facet normal 0.0 -1.0 0.0
outer loop
vertex 0.0 142.0 15.3150634765625
vertex 36.0 142.0 15.3150634765625
vertex 27.264862060546875 142.0 27.71600341796875
endloop
endfacet
facet normal -0.0 -1.0 0.0
outer loop
vertex 0.0 142.0 15.3150634765625
vertex 27.264862060546875 142.0 27.71600341796875
vertex 0.898406982421875 142.0 21.37677001953125
endloop
endfacet
facet normal 0.0 -0.9999999999999999 0.0
outer loop
vertex 0.898406982421875 142.0 21.37677001953125
vertex 27.264862060546875 142.0 27.71600341796875
vertex 30.1019287109375 142.0 36.77215576171875
endloop
endfacet
facet normal 0.0 -1.0 0.0
outer loop
vertex 0.898406982421875 142.0 21.37677001953125
vertex 18.766143798828125 142.0 37.677734375
vertex 20.4683837890625 142.0 43.1114501953125
endloop
endfacet
facet normal 0.0 -1.0 0.0
outer loop
vertex 0.898406982421875 142.0 21.37677001953125
vertex 30.1019287109375 142.0 36.77215576171875
vertex 18.766143798828125 142.0 37.677734375
endloop
endfacet
facet normal -0.7431451166423351 0.0 0.6691302829872896
outer loop
vertex 0.898406982421875 142.0 21.37677001953125
vertex 20.4683837890625 142.0 43.1114501953125
vertex 20.4683837890625 144.0 43.1114501953125
endloop
endfacet
facet normal -0.7431451166423351 0.0 0.6691302829872895
outer loop
vertex 0.898406982421875 142.0 21.37677001953125
vertex 20.4683837890625 144.0 43.1114501953125
vertex 20.4683837890625 156.0 43.1114501953125
endloop
endfacet
facet normal 0.863588494418554 0.0 -0.5041972950223901
outer loop
vertex 21.656341552734375 0.0 0.1693115234375
vertex 21.656341552734375 1.26116943359375 0.1693115234375
vertex 23.913909912109375 0.0 4.03607177734375
endloop
endfacet
facet normal 0.8635884944185541 0.0 -0.5041972950223901
outer loop
vertex 21.656341552734375 1.26116943359375 0.1693115234375
vertex 21.656341552734375 12.0 0.1693115234375
vertex 23.913909912109375 0.0 4.03607177734375
endloop
endfacet
facet normal 0.8635884944185541 0.0 -0.5041972950223901
outer loop
vertex 21.656341552734375 12.0 0.1693115234375
vertex 23.913909912109375 12.0 4.03607177734375
vertex 23.913909912109375 0.0 4.03607177734375
endloop
endfacet
facet normal -0.8829469470087787 0.0 0.46947277745134175
outer loop
vertex 18.813323974609375 9.800003051757812 1.68096923828125
vertex 24.58782958984375 2.1999969482421875 12.54119873046875
vertex 24.58782958984375 9.800003051757812 12.54119873046875
endloop
endfacet
facet normal 0.0 -1.0 0.0
outer loop
vertex 19.797271728515625 0.0 31.4871826171875
vertex 23.913909912109375 0.0 4.03607177734375
vertex 36.2918701171875 0.0 22.1336669921875
endloop
endfacet
facet normal 0.0 1.0 0.0
outer loop
vertex 19.797271728515625 12.0 31.4871826171875
vertex 36.2918701171875 12.0 22.1336669921875
vertex 23.913909912109375 12.0 4.03607177734375
endloop
endfacet
facet normal 0.8254051283045867 0.0 -0.5645408525239681
outer loop
vertex 23.913909912109375 0.0 4.03607177734375
vertex 23.913909912109375 12.0 4.03607177734375
vertex 36.2918701171875 12.0 22.1336669921875
endloop
endfacet
facet normal 0.8254051283045867 0.0 -0.5645408525239681
outer loop
vertex 23.913909912109375 0.0 4.03607177734375
vertex 36.2918701171875 12.0 22.1336669921875
vertex 36.2918701171875 0.0 22.1336669921875
endloop
endfacet
facet normal -0.0 1.0 0.0
outer loop
vertex 19.797271728515625 12.0 31.4871826171875
vertex 21.32177734375 12.0 33.0498046875
vertex 36.2918701171875 12.0 22.1336669921875
endloop
endfacet
facet normal 0.0 1.0 0.0
outer loop
vertex 21.32177734375 12.0 33.0498046875
vertex 41.57421875 12.0 28.00030517578125
vertex 36.2918701171875 12.0 22.1336669921875
endloop
endfacet
facet normal -0.7157772366520656 -5.797856276673246e-06 0.6983286815369377
outer loop
vertex 19.797271728515625 0.0 31.4871826171875
vertex 31.02685546875 3.0 42.99737548828125
vertex 21.32177734375 3.0 33.0498046875
endloop
endfacet
facet normal 0.0 -1.0 0.0
outer loop
vertex 20.282501220703125 3.0 33.30889892578125
vertex 21.32177734375 3.0 33.0498046875
vertex 31.02685546875 3.0 42.99737548828125
endloop
endfacet
facet normal 0.0 -1.0 0.0
outer loop
vertex 19.797271728515625 0.0 31.4871826171875
vertex 36.2918701171875 0.0 22.1336669921875
vertex 35.08465576171875 0.0 47.1566162109375
endloop
endfacet
facet normal -0.24192183891022914 -1.0222021598214596e-06 -0.9702957404097207
outer loop
vertex 21.32177734375 12.0 33.0498046875
vertex 20.282501220703125 37.0 33.30889892578125
vertex 41.57421875 12.0 28.00030517578125
endloop
endfacet
facet normal 0.0 1.0 0.0
outer loop
vertex 20.282501220703125 37.0 33.30889892578125
vertex 21.37176513671875 37.0 37.677734375
vertex 52.362823486328125 37.0 37.677734375
endloop
endfacet
facet normal 0.0 0.0 -1.0
outer loop
vertex 21.37176513671875 37.0 37.677734375
vertex 18.766143798828125 142.0 37.677734375
vertex 52.362823486328125 37.0 37.677734375
endloop
endfacet
facet normal 0.743144580708061 0.0 -0.669130878202643
outer loop
vertex 36.2918701171875 0.0 22.1336669921875
vertex 36.2918701171875 12.0 22.1336669921875
vertex 41.57421875 12.0 28.00030517578125
endloop
endfacet
facet normal -0.24191779248009854 2.638244264392015e-06 -0.9702967492858025
outer loop
vertex 20.282501220703125 37.0 33.30889892578125
vertex 51.33197021484375 3.0 25.56744384765625
vertex 41.57421875 12.0 28.00030517578125
endloop
endfacet
facet normal 0.743144580708061 0.0 -0.669130878202643
outer loop
vertex 36.2918701171875 0.0 22.1336669921875
vertex 41.57421875 12.0 28.00030517578125
vertex 41.57421875 3.0 28.00030517578125
endloop
endfacet
facet normal -0.241920512352776 -0.0 -0.9702960711571341
outer loop
vertex 20.282501220703125 37.0 33.30889892578125
vertex 51.33197021484375 37.0 25.56744384765625
vertex 51.33197021484375 3.0 25.56744384765625
endloop
endfacet
facet normal 0.743145255143212 -2.6523191848914142e-06 -0.6691301291610592
outer loop
vertex 36.2918701171875 0.0 22.1336669921875
vertex 41.57421875 3.0 28.00030517578125
vertex 50.9693603515625 0.0 38.4346923828125
endloop
endfacet
facet normal 0.0 -0.9999999999999999 0.0
outer loop
vertex 36.2918701171875 0.0 22.1336669921875
vertex 50.9693603515625 0.0 38.4346923828125
vertex 35.08465576171875 0.0 47.1566162109375
endloop
endfacet
facet normal -0.0 1.0 0.0
outer loop
vertex 20.282501220703125 37.0 33.30889892578125
vertex 54.23504638671875 37.0 37.2109375
vertex 51.33197021484375 37.0 25.56744384765625
endloop
endfacet
facet normal -0.0 1.0 0.0
outer loop
vertex 20.282501220703125 37.0 33.30889892578125
vertex 52.362823486328125 37.0 37.677734375
vertex 54.23504638671875 37.0 37.2109375
endloop
endfacet
facet normal 0.8594241796973934 0.0 -0.51126321924373
outer loop
vertex 21.97479248046875 144.0 0.0
vertex 21.97479248046875 154.0 0.0
vertex 25.2222900390625 144.0 5.458984375
endloop
endfacet
facet normal 0.0 -1.0 0.0
outer loop
vertex 12.2198486328125 144.0 13.0477294921875
vertex 25.2222900390625 144.0 5.458984375
vertex 32.122406005859375 144.0 15.3150634765625
endloop
endfacet
facet normal -0.4694731536734254 -0.0 -0.8829467469671817
outer loop
vertex 16.721710205078125 146.20000004768372 16.72369384765625
vertex 25.198028564453125 151.79999995231628 12.21673583984375
vertex 25.198028564453125 146.20000004768372 12.21673583984375
endloop
endfacet
facet normal 0.0 0.0 -1.0
outer loop
vertex 14.0128173828125 144.0 15.3150634765625
vertex 32.122406005859375 144.0 15.3150634765625
vertex 36.0 142.0 15.3150634765625
endloop
endfacet
facet normal 0.8191983147380705 0.0 -0.5735103496278903
outer loop
vertex 25.2222900390625 144.0 5.458984375
vertex 32.122406005859375 154.0 15.3150634765625
vertex 32.122406005859375 144.0 15.3150634765625
endloop
endfacet
facet normal 0.0 0.0 -1.0
outer loop
vertex 32.122406005859375 144.0 15.3150634765625
vertex 32.122406005859375 154.0 15.3150634765625
vertex 36.0 142.0 15.3150634765625
endloop
endfacet
facet normal -0.296562445719845 0.0 -0.9550134636687925
outer loop
vertex 27.264862060546875 138.0 27.71600341796875
vertex 27.264862060546875 142.0 27.71600341796875
vertex 36.98583984375 142.0 24.69732666015625
endloop
endfacet
facet normal -0.9542691739567486 0.0 0.29894873078155876
outer loop
vertex 27.264862060546875 138.0 27.71600341796875
vertex 30.1019287109375 138.0 36.77215576171875
vertex 30.1019287109375 142.0 36.77215576171875
endloop
endfacet
facet normal -0.9542691739567486 0.0 0.29894873078155876
outer loop
vertex 27.264862060546875 138.0 27.71600341796875
vertex 30.1019287109375 142.0 36.77215576171875
vertex 27.264862060546875 142.0 27.71600341796875
endloop
endfacet
facet normal 0.34901912833904003 -0.9307151195886814 -0.10933898765986028
outer loop
vertex 27.264862060546875 138.0 27.71600341796875
vertex 37.9315185546875 142.0 27.716064453125
vertex 30.1019287109375 138.0 36.77215576171875
endloop
endfacet
facet normal 0.0 -1.0 0.0
outer loop
vertex 18.766143798828125 142.0 37.677734375
vertex 30.1019287109375 142.0 36.77215576171875
vertex 40.768585205078125 142.0 36.77215576171875
endloop
endfacet
facet normal 0.0 -0.0 -1.0
outer loop
vertex 18.766143798828125 142.0 37.677734375
vertex 54.766143798828125 142.0 37.677734375
vertex 52.362823486328125 37.0 37.677734375
endloop
endfacet
facet normal 0.0 -1.0 0.0
outer loop
vertex 36.0 142.0 15.3150634765625
vertex 36.98583984375 142.0 24.69732666015625
vertex 27.264862060546875 142.0 27.71600341796875
endloop
endfacet
facet normal 0.3490192013325587 -0.9307153142667204 -0.10933709750392577
outer loop
vertex 27.264862060546875 138.0 27.71600341796875
vertex 36.98583984375 142.0 24.69732666015625
vertex 37.9315185546875 142.0 27.716064453125
endloop
endfacet
facet normal 0.7660168667357484 0.0 -0.6428204725087299
outer loop
vertex 36.0 142.0 15.3150634765625
vertex 36.0 154.0 15.3150634765625
vertex 54.766143798828125 142.0 37.677734375
endloop
endfacet
facet normal -0.0 -1.0 0.0
outer loop
vertex 36.0 142.0 15.3150634765625
vertex 54.766143798828125 142.0 37.677734375
vertex 36.98583984375 142.0 24.69732666015625
endloop
endfacet
facet normal 0.349018558265983 -0.9307152677758613 -0.10933954597876026
outer loop
vertex 30.1019287109375 138.0 36.77215576171875
vertex 37.9315185546875 142.0 27.716064453125
vertex 40.768585205078125 142.0 36.77215576171875
endloop
endfacet
facet normal 0.0 -0.0 1.0
outer loop
vertex 30.1019287109375 138.0 36.77215576171875
vertex 40.768585205078125 142.0 36.77215576171875
vertex 30.1019287109375 142.0 36.77215576171875
endloop
endfacet
facet normal 0.0 -1.0 0.0
outer loop
vertex 18.766143798828125 142.0 37.677734375
vertex 40.768585205078125 142.0 36.77215576171875
vertex 54.766143798828125 142.0 37.677734375
endloop
endfacet
facet normal -0.0 -1.0 0.0
outer loop
vertex 36.98583984375 142.0 24.69732666015625
vertex 54.766143798828125 142.0 37.677734375
vertex 37.9315185546875 142.0 27.716064453125
endloop
endfacet
facet normal -0.9702956887638303 2.8589408203110735e-07 0.24192204605253012
outer loop
vertex 20.282501220703125 3.0 33.30889892578125
vertex 23.185577392578125 37.0 44.95245361328125
vertex 22.7265625 34.0 43.1114501953125
endloop
endfacet
facet normal 0.0 -0.9999999999999999 0.0
outer loop
vertex 18.766143798828125 34.0 37.677734375
vertex 21.37176513671875 34.0 37.677734375
vertex 20.4683837890625 34.0 43.1114501953125
endloop
endfacet
facet normal 0.0 -1.0 0.0
outer loop
vertex 21.37176513671875 34.0 37.677734375
vertex 22.7265625 34.0 43.1114501953125
vertex 20.4683837890625 34.0 43.1114501953125
endloop
endfacet
facet normal 0.0 0.0 0.9999999999999999
outer loop
vertex 20.4683837890625 34.0 43.1114501953125
vertex 22.7265625 34.0 43.1114501953125
vertex 22.7265625 37.0 43.1114501953125
endloop
endfacet
facet normal -0.954269557140195 0.0 0.2989475076254293
outer loop
vertex 18.766143798828125 34.0 37.677734375
vertex 20.4683837890625 34.0 43.1114501953125
vertex 20.4683837890625 142.0 43.1114501953125
endloop
endfacet
facet normal -0.954269557140195 0.0 0.2989475076254293
outer loop
vertex 18.766143798828125 34.0 37.677734375
vertex 20.4683837890625 142.0 43.1114501953125
vertex 18.766143798828125 142.0 37.677734375
endloop
endfacet
facet normal 0.0 -0.9999999999999999 0.0
outer loop
vertex 20.282501220703125 3.0 33.30889892578125
vertex 31.02685546875 3.0 42.99737548828125
vertex 23.185577392578125 3.0 44.95245361328125
endloop
endfacet
facet normal -0.9702954927988022 0.0 0.24192283202362153
outer loop
vertex 20.282501220703125 3.0 33.30889892578125
vertex 23.185577392578125 3.0 44.95245361328125
vertex 23.185577392578125 37.0 44.95245361328125
endloop
endfacet
facet normal -0.9702955794055779 0.0 0.24192248466398064
outer loop
vertex 22.7265625 34.0 43.1114501953125
vertex 23.185577392578125 37.0 44.95245361328125
vertex 22.7265625 37.0 43.1114501953125
endloop
endfacet
facet normal -0.0 1.0 0.0
outer loop
vertex 22.7265625 37.0 43.1114501953125
vertex 23.185577392578125 37.0 44.95245361328125
vertex 30.569427490234375 37.0 43.1114501953125
endloop
endfacet
facet normal 0.24192224446020316 0.0 0.9702956392952292
outer loop
vertex 23.185577392578125 3.0 44.95245361328125
vertex 30.569427490234375 34.0 43.1114501953125
vertex 23.185577392578125 37.0 44.95245361328125
endloop
endfacet
facet normal -0.7157789401792938 7.2781317441837085e-06 0.698326935426979
outer loop
vertex 19.797271728515625 0.0 31.4871826171875
vertex 35.08465576171875 0.0 47.1566162109375
vertex 31.02685546875 3.0 42.99737548828125
endloop
endfacet
facet normal 0.2419251485671533 -0.0 0.9702949152143181
outer loop
vertex 23.185577392578125 3.0 44.95245361328125
vertex 31.02685546875 3.0 42.99737548828125
vertex 31.02685546875 12.0 42.99737548828125
endloop
endfacet
facet normal 0.24192624122746573 -1.0111651990027757e-06 0.9702946427784334
outer loop
vertex 23.185577392578125 3.0 44.95245361328125
vertex 31.02685546875 12.0 42.99737548828125
vertex 30.569427490234375 34.0 43.1114501953125
endloop
endfacet
facet normal -0.7157815642088002 0.0 0.6983242458477316
outer loop
vertex 31.02685546875 3.0 42.99737548828125
vertex 35.08465576171875 12.0 47.1566162109375
vertex 31.02685546875 12.0 42.99737548828125
endloop
endfacet
facet normal 0.24192224446020316 -0.0 0.9702956392952292
outer loop
vertex 23.185577392578125 37.0 44.95245361328125
vertex 30.569427490234375 34.0 43.1114501953125
vertex 30.569427490234375 37.0 43.1114501953125
endloop
endfacet
facet normal 0.0 0.0 1.0
outer loop
vertex 20.4683837890625 34.0 43.1114501953125
vertex 22.7265625 37.0 43.1114501953125
vertex 55.887725830078125 142.2258062362671 43.1114501953125
endloop
endfacet
facet normal -0.7157815642088003 0.0 0.6983242458477316
outer loop
vertex 31.02685546875 3.0 42.99737548828125
vertex 35.08465576171875 0.0 47.1566162109375
vertex 35.08465576171875 12.0 47.1566162109375
endloop
endfacet
facet normal 0.24192260917434585 -1.0913791434247515e-06 0.9702955483609546
outer loop
vertex 31.02685546875 12.0 42.99737548828125
vertex 50.668212890625 12.0 38.1002197265625
vertex 30.569427490234375 34.0 43.1114501953125
endloop
endfacet
facet normal -0.0 1.0 0.0
outer loop
vertex 31.02685546875 12.0 42.99737548828125
vertex 35.08465576171875 12.0 47.1566162109375
vertex 50.668212890625 12.0 38.1002197265625
endloop
endfacet
facet normal 0.0 -0.0 1.0
outer loop
vertex 30.569427490234375 34.0 43.1114501953125
vertex 56.4683837890625 34.0 43.1114501953125
vertex 30.569427490234375 37.0 43.1114501953125
endloop
endfacet
facet normal -0.6427863956400397 0.0 0.7660454618233089
outer loop
vertex 35.08465576171875 0.0 47.1566162109375
vertex 51.887969970703125 12.0 61.2562255859375
vertex 35.08465576171875 12.0 47.1566162109375
endloop
endfacet
facet normal 0.0 0.0 0.9999999999999999
outer loop
vertex 22.7265625 37.0 43.1114501953125
vertex 30.569427490234375 37.0 43.1114501953125
vertex 55.887725830078125 142.2258062362671 43.1114501953125
endloop
endfacet
facet normal 0.0 -0.0 1.0
outer loop
vertex 20.4683837890625 34.0 43.1114501953125
vertex 55.887725830078125 142.2258062362671 43.1114501953125
vertex 20.4683837890625 142.0 43.1114501953125
endloop
endfacet
facet normal 0.0 -0.0 1.0
outer loop
vertex 20.4683837890625 142.0 43.1114501953125
vertex 55.887725830078125 142.2258062362671 43.1114501953125
vertex 20.4683837890625 144.0 43.1114501953125
endloop
endfacet
facet normal 0.0 0.0 1.0
outer loop
vertex 20.4683837890625 144.0 43.1114501953125
vertex 38.1058349609375 144.0 43.1114501953125
vertex 38.1058349609375 154.0 43.1114501953125
endloop
endfacet
facet normal -0.0 -0.0 1.0
outer loop
vertex 20.4683837890625 144.0 43.1114501953125
vertex 55.887725830078125 142.2258062362671 43.1114501953125
vertex 38.1058349609375 144.0 43.1114501953125
endloop
endfacet
facet normal -0.7233674690124722 0.0 0.6904632537467077
outer loop
vertex 38.1058349609375 144.0 43.1114501953125
vertex 40.913909912109375 144.0 46.0533447265625
vertex 38.1058349609375 154.0 43.1114501953125
endloop
endfacet
facet normal 0.0 -1.0 0.0
outer loop
vertex 38.1058349609375 144.0 43.1114501953125
vertex 46.271820068359375 144.0 43.1114501953125
vertex 40.913909912109375 144.0 46.0533447265625
endloop
endfacet
facet normal -0.46946431902738733 0.0 -0.8829514443955293
outer loop
vertex 10.947235107421875 146.20000004768372 5.86346435546875
vertex 8.397918701171875 154.0 7.21893310546875
vertex 10.947235107421875 151.79999995231628 5.86346435546875
endloop
endfacet
facet normal -0.8362596061876643 0.0 0.5483337223432941
outer loop
vertex 8.397918701171875 144.0 7.21893310546875
vertex 12.2198486328125 154.0 13.0477294921875
vertex 8.397918701171875 154.0 7.21893310546875
endloop
endfacet
facet normal 0.0 0.0 -0.9999999999999999
outer loop
vertex 0.0 142.0 15.3150634765625
vertex 0.0 154.0 15.3150634765625
vertex 5.142852783203125 154.0 15.3150634765625
endloop
endfacet
facet normal 0.0 0.0 -1.0
outer loop
vertex 0.0 154.0 15.3150634765625
vertex 0.580657958984375 155.7741937637329 15.3150634765625
vertex 5.142852783203125 154.0 15.3150634765625
endloop
endfacet
facet normal -0.989193964613718 2.0617133198251603e-06 0.14661275649664207
outer loop
vertex 0.898406982421875 142.0 21.37677001953125
vertex 0.014495849609375 155.7741937637329 15.412841796875
vertex 0.0 154.0 15.3150634765625
endloop
endfacet
facet normal -0.98919465518736 0.0 0.14660809714596162
outer loop
vertex 0.898406982421875 142.0 21.37677001953125
vertex 0.898406982421875 154.0 21.37677001953125
vertex 0.014495849609375 155.7741937637329 15.412841796875
endloop
endfacet
facet normal -0.98919465518736 0.0 0.14660809714596162
outer loop
vertex 0.014495849609375 155.7741937637329 15.412841796875
vertex 0.898406982421875 154.0 21.37677001953125
vertex 0.898406982421875 156.0 21.37677001953125
endloop
endfacet
facet normal 0.0 -0.0 -1.0
outer loop
vertex 0.580657958984375 155.7741937637329 15.3150634765625
vertex 14.41259765625 156.0 15.3150634765625
vertex 5.142852783203125 154.0 15.3150634765625
endloop
endfacet
facet normal 0.0 0.0 -1.0
outer loop
vertex 14.0128173828125 144.0 15.3150634765625
vertex 5.142852783203125 154.0 15.3150634765625
vertex 14.0128173828125 154.0 15.3150634765625
endloop
endfacet
facet normal 0.0 -0.0 -1.0
outer loop
vertex 0.0 154.0 15.3150634765625
vertex 2.48846435546875 261.0 15.3150634765625
vertex 0.580657958984375 155.7741937637329 15.3150634765625
endloop
endfacet
facet normal -0.9891885384657569 0.0 0.14664936197604075
outer loop
vertex 0.0 154.0 15.3150634765625
vertex 0.014495849609375 155.7741937637329 15.412841796875
vertex 0.0 264.0 15.3150634765625
endloop
endfacet
facet normal -0.9891946551873602 0.0 0.14660809714596165
outer loop
vertex 0.014495849609375 155.7741937637329 15.412841796875
vertex 0.898406982421875 156.0 21.37677001953125
vertex 0.898406982421875 264.0 21.37677001953125
endloop
endfacet
facet normal -0.4694706128831408 -9.355056909291667e-06 -0.8829480978809633
outer loop
vertex 8.397918701171875 154.0 7.21893310546875
vertex 21.97479248046875 154.0 0.0
vertex 10.947235107421875 151.79999995231628 5.86346435546875
endloop
endfacet
facet normal 0.8829479754756494 0.0 -0.4694708431877871
outer loop
vertex 10.947235107421875 146.20000004768372 5.86346435546875
vertex 10.947235107421875 151.79999995231628 5.86346435546875
vertex 16.721710205078125 151.79999995231628 16.72369384765625
endloop
endfacet
facet normal -0.0 1.0 0.0
outer loop
vertex 8.397918701171875 154.0 7.21893310546875
vertex 12.2198486328125 154.0 13.0477294921875
vertex 25.2222900390625 154.0 5.458984375
endloop
endfacet
facet normal -0.469474471338879 1.545368209943619e-05 -0.8829460462124873
outer loop
vertex 10.947235107421875 151.79999995231628 5.86346435546875
vertex 21.97479248046875 154.0 0.0
vertex 19.42352294921875 151.79999995231628 1.35650634765625
endloop
endfacet
facet normal 0.0 1.0 0.0
outer loop
vertex 8.397918701171875 154.0 7.21893310546875
vertex 25.2222900390625 154.0 5.458984375
vertex 21.97479248046875 154.0 0.0
endloop
endfacet
facet normal -0.46946408246709664 0.0 -0.882951570174337
outer loop
vertex 21.97479248046875 144.0 0.0
vertex 19.42352294921875 151.79999995231628 1.35650634765625
vertex 21.97479248046875 154.0 0.0
endloop
endfacet
facet normal 0.0 -1.0 0.0
outer loop
vertex 10.947235107421875 151.79999995231628 5.86346435546875
vertex 19.42352294921875 151.79999995231628 1.35650634765625
vertex 25.198028564453125 151.79999995231628 12.21673583984375
endloop
endfacet
facet normal -0.7843830992655313 0.0 0.620276675030264
outer loop
vertex 12.2198486328125 144.0 13.0477294921875
vertex 14.0128173828125 154.0 15.3150634765625
vertex 12.2198486328125 154.0 13.0477294921875
endloop
endfacet
facet normal 0.0 -0.0 -1.0
outer loop
vertex 5.142852783203125 154.0 15.3150634765625
vertex 14.41259765625 156.0 15.3150634765625
vertex 14.0128173828125 154.0 15.3150634765625
endloop
endfacet
facet normal 0.0 -1.0 0.0
outer loop
vertex 10.947235107421875 151.79999995231628 5.86346435546875
vertex 25.198028564453125 151.79999995231628 12.21673583984375
vertex 16.721710205078125 151.79999995231628 16.72369384765625
endloop
endfacet
facet normal -0.0 1.0 0.0
outer loop
vertex 12.2198486328125 154.0 13.0477294921875
vertex 14.0128173828125 154.0 15.3150634765625
vertex 25.2222900390625 154.0 5.458984375
endloop
endfacet
facet normal -0.4694731536734254 0.0 -0.8829467469671817
outer loop
vertex 16.721710205078125 146.20000004768372 16.72369384765625
vertex 16.721710205078125 151.79999995231628 16.72369384765625
vertex 25.198028564453125 151.79999995231628 12.21673583984375
endloop
endfacet
facet normal 0.0 0.0 -1.0
outer loop
vertex 14.0128173828125 154.0 15.3150634765625
vertex 14.41259765625 156.0 15.3150634765625
vertex 32.122406005859375 154.0 15.3150634765625
endloop
endfacet
facet normal 0.0 -0.0 -1.0
outer loop
vertex 0.580657958984375 155.7741937637329 15.3150634765625
vertex 36.0 264.0 15.3150634765625
vertex 14.41259765625 156.0 15.3150634765625
endloop
endfacet
facet normal -0.7431451166423351 0.0 0.6691302829872895
outer loop
vertex 0.898406982421875 142.0 21.37677001953125
vertex 20.4683837890625 156.0 43.1114501953125
vertex 0.898406982421875 154.0 21.37677001953125
endloop
endfacet
facet normal -0.7431451166423351 0.0 0.6691302829872896
outer loop
vertex 0.898406982421875 154.0 21.37677001953125
vertex 20.4683837890625 156.0 43.1114501953125
vertex 0.898406982421875 156.0 21.37677001953125
endloop
endfacet
facet normal -0.0 1.0 0.0
outer loop
vertex 0.898406982421875 156.0 21.37677001953125
vertex 27.264862060546875 156.0 27.71600341796875
vertex 36.98583984375 156.0 24.69732666015625
endloop
endfacet
facet normal -0.0 1.0 0.0
outer loop
vertex 0.898406982421875 156.0 21.37677001953125
vertex 20.4683837890625 156.0 43.1114501953125
vertex 27.264862060546875 156.0 27.71600341796875
endloop
endfacet
facet normal 0.0 0.0 -1.0
outer loop
vertex 0.0 154.0 15.3150634765625
vertex 0.0 264.0 15.3150634765625
vertex 2.48846435546875 261.0 15.3150634765625
endloop
endfacet
facet normal -0.9891945565346784 -3.7486057461585904e-08 0.14660876277412474
outer loop
vertex 0.014495849609375 155.7741937637329 15.412841796875
vertex 0.898406982421875 264.0 21.37677001953125
vertex 0.0 264.0 15.3150634765625
endloop
endfacet
facet normal -0.46946985016415466 0.0 -0.8829485034739263
outer loop
vertex 5.583038330078125 261.0 8.71563720703125
vertex 1.995361328125 265.31272888183594 10.62322998046875
vertex 5.583038330078125 266.7378387451172 8.71563720703125
endloop
endfacet
facet normal -0.4694696198298744 -7.437937836202277e-07 -0.8829486259439107
outer loop
vertex 5.583038330078125 266.7378387451172 8.71563720703125
vertex 1.995361328125 265.31272888183594 10.62322998046875
vertex 5.5830078125 286.0 8.71563720703125
endloop
endfacet
facet normal -0.46947703400442703 0.0 -0.8829446837386847
outer loop
vertex 3.081939697265625 295.0 10.04547119140625
vertex 3.081939697265625 295.5516357421875 10.04547119140625
vertex 5.922271728515625 293.6237487792969 8.53521728515625
endloop
endfacet
facet normal -0.46947703400442703 0.0 -0.8829446837386847
outer loop
vertex 3.081939697265625 295.5516357421875 10.04547119140625
vertex 3.081939697265625 298.0 10.04547119140625
vertex 5.922271728515625 295.8000030517578 8.53521728515625
endloop
endfacet
facet normal -0.4694802752173946 -3.843576470182687e-06 -0.8829429603134202
outer loop
vertex 5.5830078125 286.0 8.71563720703125
vertex 3.081939697265625 295.0 10.04547119140625
vertex 5.92230224609375 288.1999969482422 8.53521728515625
endloop
endfacet
facet normal -0.4694780318429922 -2.6415907218884863e-06 -0.8829441531659025
outer loop
vertex 3.081939697265625 295.0 10.04547119140625
vertex 5.922271728515625 293.6237487792969 8.53521728515625
vertex 5.92230224609375 288.1999969482422 8.53521728515625
endloop
endfacet
facet normal -0.469477034004427 -0.0 -0.8829446837386847
outer loop
vertex 3.081939697265625 295.5516357421875 10.04547119140625
vertex 5.922271728515625 295.8000030517578 8.53521728515625
vertex 5.922271728515625 293.6237487792969 8.53521728515625
endloop
endfacet
facet normal -0.1045290322129101 0.0 -0.9945218355695528
outer loop
vertex 5.583038330078125 261.0 8.71563720703125
vertex 5.583038330078125 266.7378387451172 8.71563720703125
vertex 18.161163330078125 286.0 7.39361572265625
endloop
endfacet
facet normal -0.46946997208046837 -5.881849552365237e-06 -0.8829484386305738
outer loop
vertex 5.5830078125 286.0 8.71563720703125
vertex 5.92230224609375 288.1999969482422 8.53521728515625
vertex 18.813323974609375 288.1999969482422 1.68096923828125
endloop
endfacet
facet normal -0.10452878137180817 -1.656078572707706e-07 -0.9945218619341142
outer loop
vertex 5.583038330078125 266.7378387451172 8.71563720703125
vertex 5.5830078125 286.0 8.71563720703125
vertex 18.161163330078125 286.0 7.39361572265625
endloop
endfacet
facet normal -0.4694706368085794 1.059417305092094e-05 -0.8829480851456163
outer loop
vertex 3.081939697265625 298.0 10.04547119140625
vertex 21.656341552734375 298.0 0.1693115234375
vertex 5.922271728515625 295.8000030517578 8.53521728515625
endloop
endfacet
facet normal -0.0 1.0 0.0
outer loop
vertex 3.081939697265625 298.0 10.04547119140625
vertex 6.03558349609375 298.0 14.47064208984375
vertex 23.913909912109375 298.0 4.03607177734375
endloop
endfacet
facet normal -0.9945218518852971 0.0 0.10452887697970961
outer loop
vertex 1.995330810546875 261.0 10.62322998046875
vertex 2.48846435546875 261.0 15.3150634765625
vertex 1.995330810546875 261.73181915283203 10.62322998046875
endloop
endfacet
facet normal -0.994522277789639 8.47561474774757e-06 0.10452482436374685
outer loop
vertex 1.995330810546875 261.73181915283203 10.62322998046875
vertex 2.48846435546875 264.0 15.3150634765625
vertex 1.995361328125 265.31272888183594 10.62322998046875
endloop
endfacet
facet normal -0.994521851885297 0.0 0.10452887697970961
outer loop
vertex 1.995330810546875 261.73181915283203 10.62322998046875
vertex 2.48846435546875 261.0 15.3150634765625
vertex 2.48846435546875 264.0 15.3150634765625
endloop
endfacet
facet normal -0.4694667369233663 0.0 -0.8829501587986305
outer loop
vertex 5.583038330078125 261.0 8.71563720703125
vertex 1.995330810546875 261.0 10.62322998046875
vertex 1.995330810546875 261.73181915283203 10.62322998046875
endloop
endfacet
facet normal -0.46946610068083583 4.000929788462393e-06 -0.8829504970809654
outer loop
vertex 5.583038330078125 261.0 8.71563720703125
vertex 1.995330810546875 261.73181915283203 10.62322998046875
vertex 1.995361328125 265.31272888183594 10.62322998046875
endloop
endfacet
facet normal -0.0 -1.0 0.0
outer loop
vertex 5.583038330078125 261.0 8.71563720703125
vertex 2.48846435546875 261.0 15.3150634765625
vertex 1.995330810546875 261.0 10.62322998046875
endloop
endfacet
facet normal 0.0 0.0 -1.0
outer loop
vertex 0.0 264.0 15.3150634765625
vertex 2.48846435546875 264.0 15.3150634765625
vertex 2.48846435546875 261.0 15.3150634765625
endloop
endfacet
facet normal -0.0 1.0 0.0
outer loop
vertex 0.0 264.0 15.3150634765625
vertex 0.898406982421875 264.0 21.37677001953125
vertex 3.090576171875 264.0 21.043701171875
endloop
endfacet
facet normal -0.0 1.0 0.0
outer loop
vertex 0.0 264.0 15.3150634765625
vertex 3.090576171875 264.0 21.043701171875
vertex 2.48846435546875 264.0 15.3150634765625
endloop
endfacet
facet normal -0.9945224865531567 1.2989998700868962e-06 0.10452283835812476
outer loop
vertex 1.995361328125 265.31272888183594 10.62322998046875
vertex 2.48846435546875 264.0 15.3150634765625
vertex 3.090576171875 295.0 21.043701171875
endloop
endfacet
facet normal -0.9945217558199004 0.0 0.10452979097320758
outer loop
vertex 2.48846435546875 264.0 15.3150634765625
vertex 3.090576171875 264.0 21.043701171875
vertex 3.090576171875 295.0 21.043701171875
endloop
endfacet
facet normal -0.9945221018512669 0.0 0.10452649869453422
outer loop
vertex 1.995361328125 265.31272888183594 10.62322998046875
vertex 3.090576171875 295.0 21.043701171875
vertex 1.995361328125 295.0 10.62322998046875
endloop
endfacet
facet normal -0.4694729634403971 0.0 -0.8829468481162904
outer loop
vertex 5.5830078125 286.0 8.71563720703125
vertex 1.995361328125 265.31272888183594 10.62322998046875
vertex 1.995361328125 295.0 10.62322998046875
endloop
endfacet
facet normal -0.4694809523457819 -4.084948138013154e-06 -0.8829426002678832
outer loop
vertex 5.5830078125 286.0 8.71563720703125
vertex 1.995361328125 295.0 10.62322998046875
vertex 3.081939697265625 295.0 10.04547119140625
endloop
endfacet
facet normal -0.8317439530314022 0.0 0.5551594334924849
outer loop
vertex 3.081939697265625 295.0 10.04547119140625
vertex 6.03558349609375 295.0 14.47064208984375
vertex 3.081939697265625 295.5516357421875 10.04547119140625
endloop
endfacet
facet normal -0.0 1.0 0.0
outer loop
vertex 1.995361328125 295.0 10.62322998046875
vertex 6.03558349609375 295.0 14.47064208984375
vertex 3.081939697265625 295.0 10.04547119140625
endloop
endfacet
facet normal -0.8317439530314022 0.0 0.5551594334924848
outer loop
vertex 3.081939697265625 295.5516357421875 10.04547119140625
vertex 6.03558349609375 298.0 14.47064208984375
vertex 3.081939697265625 298.0 10.04547119140625
endloop
endfacet
facet normal -0.8317439530314021 0.0 0.5551594334924848
outer loop
vertex 3.081939697265625 295.5516357421875 10.04547119140625
vertex 6.03558349609375 295.0 14.47064208984375
vertex 6.03558349609375 298.0 14.47064208984375
endloop
endfacet
facet normal -0.0 1.0 0.0
outer loop
vertex 1.995361328125 295.0 10.62322998046875
vertex 3.090576171875 295.0 21.043701171875
vertex 6.03558349609375 295.0 14.47064208984375
endloop
endfacet
facet normal -0.7775478384437673 0.0 0.6288237900488698
outer loop
vertex 6.03558349609375 295.0 14.47064208984375
vertex 10.7042236328125 295.0 20.24346923828125
vertex 6.03558349609375 298.0 14.47064208984375
endloop
endfacet
facet normal -0.0 1.0 -0.0
outer loop
vertex 6.03558349609375 295.0 14.47064208984375
vertex 3.090576171875 295.0 21.043701171875
vertex 10.7042236328125 295.0 20.24346923828125
endloop
endfacet
facet normal 0.0 0.0 -1.0
outer loop
vertex 0.580657958984375 155.7741937637329 15.3150634765625
vertex 2.48846435546875 261.0 15.3150634765625
vertex 34.66473388671875 261.0 15.3150634765625
endloop
endfacet
facet normal -0.46947081487280573 6.193606464857358e-07 -0.8829479905307447
outer loop
vertex 5.5830078125 286.0 8.71563720703125
vertex 18.813323974609375 288.1999969482422 1.68096923828125
vertex 21.656341552734375 286.0 0.1693115234375
endloop
endfacet
facet normal -0.4694691056417052 -3.452625629438533e-06 -0.8829488993345292
outer loop
vertex 21.656341552734375 298.0 0.1693115234375
vertex 18.813323974609375 295.8000030517578 1.68096923828125
vertex 5.922271728515625 295.8000030517578 8.53521728515625
endloop
endfacet
facet normal 0.0 1.0 0.0
outer loop
vertex 3.081939697265625 298.0 10.04547119140625
vertex 23.913909912109375 298.0 4.03607177734375
vertex 21.656341552734375 298.0 0.1693115234375
endloop
endfacet
facet normal 0.0 -1.0 0.0
outer loop
vertex 5.5830078125 286.0 8.71563720703125
vertex 21.656341552734375 286.0 0.1693115234375
vertex 18.161163330078125 286.0 7.39361572265625
endloop
endfacet
facet normal -0.10452858366622263 -2.2816808257680105e-07 -0.9945218827138403
outer loop
vertex 5.583038330078125 261.0 8.71563720703125
vertex 18.161163330078125 286.0 7.39361572265625
vertex 33.66094970703125 261.0 5.7645263671875
endloop
endfacet
facet normal 0.0 -1.0 0.0
outer loop
vertex 21.656341552734375 286.0 0.1693115234375
vertex 23.913909912109375 286.0 4.03607177734375
vertex 18.161163330078125 286.0 7.39361572265625
endloop
endfacet
facet normal -0.46947118851537 0.0 -0.8829477918619911
outer loop
vertex 21.656341552734375 286.0 0.1693115234375
vertex 18.813323974609375 288.1999969482422 1.68096923828125
vertex 18.813323974609375 295.8000030517578 1.68096923828125
endloop
endfacet
facet normal -0.46947118851536995 0.0 -0.882947791861991
outer loop
vertex 21.656341552734375 286.0 0.1693115234375
vertex 18.813323974609375 295.8000030517578 1.68096923828125
vertex 21.656341552734375 298.0 0.1693115234375
endloop
endfacet
facet normal 0.0 -1.0 0.0
outer loop
vertex 5.583038330078125 261.0 8.71563720703125
vertex 33.66094970703125 261.0 5.7645263671875
vertex 2.48846435546875 261.0 15.3150634765625
endloop
endfacet
facet normal -0.0 0.9999999999999999 0.0
outer loop
vertex 6.03558349609375 298.0 14.47064208984375
vertex 19.797271728515625 298.0 31.4871826171875
vertex 23.913909912109375 298.0 4.03607177734375
endloop
endfacet
facet normal 0.10452915312827597 0.0 0.9945218228607582
outer loop
vertex 3.090576171875 264.0 21.043701171875
vertex 10.7042236328125 295.0 20.24346923828125
vertex 3.090576171875 295.0 21.043701171875
endloop
endfacet
facet normal 0.10452915312827599 -0.0 0.9945218228607583
outer loop
vertex 3.090576171875 264.0 21.043701171875
vertex 10.7042236328125 286.0 20.24346923828125
vertex 10.7042236328125 295.0 20.24346923828125
endloop
endfacet
facet normal 0.0 -0.0 1.0
outer loop
vertex 0.898406982421875 156.0 21.37677001953125
vertex 36.898406982421875 264.0 21.37677001953125
vertex 0.898406982421875 264.0 21.37677001953125
endloop
endfacet
facet normal 0.0 0.9999999999999999 0.0
outer loop
vertex 0.898406982421875 264.0 21.37677001953125
vertex 34.915283203125 264.0 17.69879150390625
vertex 3.090576171875 264.0 21.043701171875
endloop
endfacet
facet normal 0.10452840679448372 2.611406824911888e-07 0.9945219013038068
outer loop
vertex 3.090576171875 264.0 21.043701171875
vertex 34.915283203125 264.0 17.69879150390625
vertex 10.7042236328125 286.0 20.24346923828125
endloop
endfacet
facet normal -0.77754883173142 -3.909212471389902e-06 0.6288225618231444
outer loop
vertex 6.03558349609375 298.0 14.47064208984375
vertex 10.7042236328125 295.0 20.24346923828125
vertex 19.797271728515625 298.0 31.4871826171875
endloop
endfacet
facet normal -0.7775493417214422 0.0 0.6288219312242155
outer loop
vertex 10.7042236328125 286.0 20.24346923828125
vertex 19.797271728515625 286.0 31.4871826171875
vertex 10.7042236328125 295.0 20.24346923828125
endloop
endfacet
facet normal -0.7775493417214422 0.0 0.6288219312242156
outer loop
vertex 10.7042236328125 295.0 20.24346923828125
vertex 19.797271728515625 286.0 31.4871826171875
vertex 19.797271728515625 298.0 31.4871826171875
endloop
endfacet
facet normal 0.8594241796973934 0.0 -0.51126321924373
outer loop
vertex 25.2222900390625 144.0 5.458984375
vertex 21.97479248046875 154.0 0.0
vertex 25.2222900390625 154.0 5.458984375
endloop
endfacet
facet normal -0.8829469470087786 0.0 0.46947277745134175
outer loop
vertex 25.198028564453125 146.20000004768372 12.21673583984375
vertex 25.198028564453125 151.79999995231628 12.21673583984375
vertex 19.42352294921875 151.79999995231628 1.35650634765625
endloop
endfacet
facet normal 0.8191983147380705 0.0 -0.5735103496278903
outer loop
vertex 25.2222900390625 144.0 5.458984375
vertex 25.2222900390625 154.0 5.458984375
vertex 32.122406005859375 154.0 15.3150634765625
endloop
endfacet
facet normal -0.0 1.0 0.0
outer loop
vertex 14.0128173828125 154.0 15.3150634765625
vertex 32.122406005859375 154.0 15.3150634765625
vertex 25.2222900390625 154.0 5.458984375
endloop
endfacet
facet normal 0.0 -0.0 -1.0
outer loop
vertex 14.41259765625 156.0 15.3150634765625
vertex 32.192901611328125 156.0 15.3150634765625
vertex 32.122406005859375 154.0 15.3150634765625
endloop
endfacet
facet normal 0.0 -0.0 -1.0
outer loop
vertex 14.41259765625 156.0 15.3150634765625
vertex 36.0 264.0 15.3150634765625
vertex 32.192901611328125 156.0 15.3150634765625
endloop
endfacet
facet normal 0.0 0.0 -1.0
outer loop
vertex 32.122406005859375 154.0 15.3150634765625
vertex 32.192901611328125 156.0 15.3150634765625
vertex 36.0 154.0 15.3150634765625
endloop
endfacet
facet normal 0.0 0.0 -1.0
outer loop
vertex 36.0 142.0 15.3150634765625
vertex 32.122406005859375 154.0 15.3150634765625
vertex 36.0 154.0 15.3150634765625
endloop
endfacet
facet normal 0.0 0.0 -0.9999999999999999
outer loop
vertex 32.192901611328125 156.0 15.3150634765625
vertex 36.0 156.0 15.3150634765625
vertex 36.0 154.0 15.3150634765625
endloop
endfacet
facet normal 0.0 0.0 -1.0
outer loop
vertex 32.192901611328125 156.0 15.3150634765625
vertex 36.0 264.0 15.3150634765625
vertex 36.0 156.0 15.3150634765625
endloop
endfacet
facet normal 0.989194556534679 0.0 -0.14660876277412482
outer loop
vertex 36.0 156.0 15.3150634765625
vertex 36.0 264.0 15.3150634765625
vertex 36.898406982421875 156.0 21.37677001953125
endloop
endfacet
facet normal -0.0 1.0 0.0
outer loop
vertex 0.898406982421875 156.0 21.37677001953125
vertex 36.98583984375 156.0 24.69732666015625
vertex 36.898406982421875 156.0 21.37677001953125
endloop
endfacet
facet normal -0.296562445719845 0.0 -0.9550134636687925
outer loop
vertex 27.264862060546875 156.0 27.71600341796875
vertex 27.264862060546875 160.0 27.71600341796875
vertex 36.98583984375 156.0 24.69732666015625
endloop
endfacet
facet normal -0.0 1.0 -0.0
outer loop
vertex 27.264862060546875 156.0 27.71600341796875
vertex 20.4683837890625 156.0 43.1114501953125
vertex 30.1019287109375 156.0 36.77215576171875
endloop
endfacet
facet normal -0.9542691739567486 0.0 0.29894873078155876
outer loop
vertex 27.264862060546875 156.0 27.71600341796875
vertex 30.1019287109375 156.0 36.77215576171875
vertex 30.1019287109375 160.0 36.77215576171875
endloop
endfacet
facet normal -0.9542691739567486 0.0 0.29894873078155876
outer loop
vertex 27.264862060546875 156.0 27.71600341796875
vertex 30.1019287109375 160.0 36.77215576171875
vertex 27.264862060546875 160.0 27.71600341796875
endloop
endfacet
facet normal 0.34901811741242794 0.9307155358917133 -0.10933867096176728
outer loop
vertex 27.264862060546875 160.0 27.71600341796875
vertex 30.1019287109375 160.0 36.77215576171875
vertex 39.822906494140625 156.0 33.75341796875
endloop
endfacet
facet normal -0.0 1.0 -0.0
outer loop
vertex 30.1019287109375 156.0 36.77215576171875
vertex 20.4683837890625 156.0 43.1114501953125
vertex 40.768585205078125 156.0 36.77215576171875
endloop
endfacet
facet normal 0.0 0.0 1.0
outer loop
vertex 0.898406982421875 156.0 21.37677001953125
vertex 36.898406982421875 156.0 21.37677001953125
vertex 36.898406982421875 264.0 21.37677001953125
endloop
endfacet
facet normal 0.34901845059219483 0.9307153121163351 -0.1093395122470207
outer loop
vertex 27.264862060546875 160.0 27.71600341796875
vertex 39.822906494140625 156.0 33.75341796875
vertex 36.98583984375 156.0 24.69732666015625
endloop
endfacet
facet normal 0.7660168667357484 0.0 -0.6428204725087298
outer loop
vertex 36.0 154.0 15.3150634765625
vertex 36.0 156.0 15.3150634765625
vertex 54.766143798828125 142.0 37.677734375
endloop
endfacet
facet normal 0.0 1.0 0.0
outer loop
vertex 36.0 156.0 15.3150634765625
vertex 36.898406982421875 156.0 21.37677001953125
vertex 54.766143798828125 156.0 37.677734375
endloop
endfacet
facet normal 0.0 1.0 0.0
outer loop
vertex 36.898406982421875 156.0 21.37677001953125
vertex 36.98583984375 156.0 24.69732666015625
vertex 54.766143798828125 156.0 37.677734375
endloop
endfacet
facet normal 0.0 -0.0 1.0
outer loop
vertex 30.1019287109375 156.0 36.77215576171875
vertex 40.768585205078125 156.0 36.77215576171875
vertex 30.1019287109375 160.0 36.77215576171875
endloop
endfacet
facet normal 0.3490186593901113 0.9307155374399464 -0.1093369277298446
outer loop
vertex 30.1019287109375 160.0 36.77215576171875
vertex 40.768585205078125 156.0 36.77215576171875
vertex 39.822906494140625 156.0 33.75341796875
endloop
endfacet
facet normal 0.0 1.0 0.0
outer loop
vertex 36.98583984375 156.0 24.69732666015625
vertex 39.822906494140625 156.0 33.75341796875
vertex 54.766143798828125 156.0 37.677734375
endloop
endfacet
facet normal 0.0 0.0 -1.0
outer loop
vertex 0.580657958984375 155.7741937637329 15.3150634765625
vertex 34.66473388671875 261.0 15.3150634765625
vertex 36.0 264.0 15.3150634765625
endloop
endfacet
facet normal -0.10452614967827309 1.297553722316937e-06 -0.9945221385327486
outer loop
vertex 18.161163330078125 286.0 7.39361572265625
vertex 25.670501708984375 286.0 6.6043701171875
vertex 33.66094970703125 261.0 5.7645263671875
endloop
endfacet
facet normal 0.8635884944185541 0.0 -0.5041972950223901
outer loop
vertex 21.656341552734375 286.0 0.1693115234375
vertex 21.656341552734375 298.0 0.1693115234375
vertex 23.913909912109375 286.0 4.03607177734375
endloop
endfacet
facet normal 0.8635884944185541 0.0 -0.5041972950223901
outer loop
vertex 21.656341552734375 298.0 0.1693115234375
vertex 23.913909912109375 298.0 4.03607177734375
vertex 23.913909912109375 286.0 4.03607177734375
endloop
endfacet
facet normal 0.0 -1.0 0.0
outer loop
vertex 18.161163330078125 286.0 7.39361572265625
vertex 23.913909912109375 286.0 4.03607177734375
vertex 25.670501708984375 286.0 6.6043701171875
endloop
endfacet
facet normal 0.8254068440890036 0.0 -0.5645383438979424
outer loop
vertex 23.913909912109375 286.0 4.03607177734375
vertex 23.913909912109375 298.0 4.03607177734375
vertex 25.670501708984375 295.0 6.6043701171875
endloop
endfacet
facet normal 0.8254068440890036 0.0 -0.5645383438979424
outer loop
vertex 23.913909912109375 286.0 4.03607177734375
vertex 25.670501708984375 295.0 6.6043701171875
vertex 25.670501708984375 286.0 6.6043701171875
endloop
endfacet
facet normal 0.8254052762260176 -2.88050731840736e-06 -0.5645406362432686
outer loop
vertex 23.913909912109375 298.0 4.03607177734375
vertex 33.369720458984375 295.0 17.86126708984375
vertex 25.670501708984375 295.0 6.6043701171875
endloop
endfacet
facet normal -0.10453016502331518 0.0 -0.9945217165050739
outer loop
vertex 25.670501708984375 286.0 6.6043701171875
vertex 25.670501708984375 295.0 6.6043701171875
vertex 33.66094970703125 261.0 5.7645263671875
endloop
endfacet
facet normal -0.10453016502331516 -0.0 -0.9945217165050738
outer loop
vertex 25.670501708984375 295.0 6.6043701171875
vertex 33.66094970703125 295.0 5.7645263671875
vertex 33.66094970703125 261.0 5.7645263671875
endloop
endfacet
facet normal 0.0 -1.0 0.0
outer loop
vertex 2.48846435546875 261.0 15.3150634765625
vertex 33.66094970703125 261.0 5.7645263671875
vertex 34.66473388671875 261.0 15.3150634765625
endloop
endfacet
facet normal 0.10452683310398549 -1.4898412183727317e-06 0.9945220667029123
outer loop
vertex 10.7042236328125 286.0 20.24346923828125
vertex 34.915283203125 264.0 17.69879150390625
vertex 33.369720458984375 286.0 17.86126708984375
endloop
endfacet
facet normal 0.0 1.0 0.0
outer loop
vertex 19.797271728515625 298.0 31.4871826171875
vertex 36.2918701171875 298.0 22.1336669921875
vertex 23.913909912109375 298.0 4.03607177734375
endloop
endfacet
facet normal -0.0 1.0 0.0
outer loop
vertex 25.670501708984375 295.0 6.6043701171875
vertex 33.369720458984375 295.0 17.86126708984375
vertex 33.66094970703125 295.0 5.7645263671875
endloop
endfacet
facet normal 0.8254051282968009 -4.3434539651097126e-06 -0.564540852518643
outer loop
vertex 23.913909912109375 298.0 4.03607177734375
vertex 36.2918701171875 298.0 22.1336669921875
vertex 33.369720458984375 295.0 17.86126708984375
endloop
endfacet
facet normal 0.989194556534679 0.0 -0.14660876277412482
outer loop
vertex 36.898406982421875 156.0 21.37677001953125
vertex 36.0 264.0 15.3150634765625
vertex 36.898406982421875 264.0 21.37677001953125
endloop
endfacet
facet normal 0.9945220871843192 0.0 -0.1045266382437774
outer loop
vertex 33.66094970703125 261.0 5.7645263671875
vertex 33.66094970703125 295.0 5.7645263671875
vertex 34.66473388671875 264.0 15.3150634765625
endloop
endfacet
facet normal 0.9945220871843192 0.0 -0.1045266382437774
outer loop
vertex 33.66094970703125 261.0 5.7645263671875
vertex 34.66473388671875 264.0 15.3150634765625
vertex 34.66473388671875 261.0 15.3150634765625
endloop
endfacet
facet normal 0.0 0.0 -1.0
outer loop
vertex 34.66473388671875 261.0 15.3150634765625
vertex 34.66473388671875 264.0 15.3150634765625
vertex 36.0 264.0 15.3150634765625
endloop
endfacet
facet normal -0.0 1.0 0.0
outer loop
vertex 34.66473388671875 264.0 15.3150634765625
vertex 36.898406982421875 264.0 21.37677001953125
vertex 36.0 264.0 15.3150634765625
endloop
endfacet
facet normal 0.0 1.0 0.0
outer loop
vertex 34.66473388671875 264.0 15.3150634765625
vertex 34.915283203125 264.0 17.69879150390625
vertex 36.898406982421875 264.0 21.37677001953125
endloop
endfacet
facet normal 0.994521487449447 0.0 -0.10453234428318986
outer loop
vertex 34.66473388671875 264.0 15.3150634765625
vertex 34.915283203125 295.0 17.69879150390625
vertex 34.915283203125 264.0 17.69879150390625
endloop
endfacet
facet normal 0.9945219673968819 -3.550040972379052e-07 -0.10452777795834584
outer loop
vertex 33.66094970703125 295.0 5.7645263671875
vertex 34.915283203125 295.0 17.69879150390625
vertex 34.66473388671875 264.0 15.3150634765625
endloop
endfacet
facet normal -0.0 1.0 -0.0
outer loop
vertex 33.66094970703125 295.0 5.7645263671875
vertex 33.369720458984375 295.0 17.86126708984375
vertex 34.915283203125 295.0 17.69879150390625
endloop
endfacet
facet normal 0.10454780817460037 -0.0 0.9945198619464003
outer loop
vertex 34.915283203125 264.0 17.69879150390625
vertex 34.915283203125 295.0 17.69879150390625
vertex 33.369720458984375 286.0 17.86126708984375
endloop
endfacet
facet normal 0.10454780817460037 0.0 0.9945198619464003
outer loop
vertex 33.369720458984375 286.0 17.86126708984375
vertex 34.915283203125 295.0 17.69879150390625
vertex 33.369720458984375 295.0 17.86126708984375
endloop
endfacet
facet normal 0.8254037071308593 0.0 -0.5645429303911569
outer loop
vertex 33.369720458984375 286.0 17.86126708984375
vertex 33.369720458984375 295.0 17.86126708984375
vertex 36.2918701171875 286.0 22.1336669921875
endloop
endfacet
facet normal -0.0 1.0 0.0
outer loop
vertex 0.898406982421875 264.0 21.37677001953125
vertex 36.898406982421875 264.0 21.37677001953125
vertex 34.915283203125 264.0 17.69879150390625
endloop
endfacet
facet normal 0.0 -0.9999999999999999 0.0
outer loop
vertex 10.7042236328125 286.0 20.24346923828125
vertex 33.369720458984375 286.0 17.86126708984375
vertex 36.2918701171875 286.0 22.1336669921875
endloop
endfacet
facet normal 0.0 -1.0 0.0
outer loop
vertex 10.7042236328125 286.0 20.24346923828125
vertex 36.2918701171875 286.0 22.1336669921875
vertex 19.797271728515625 286.0 31.4871826171875
endloop
endfacet
facet normal -0.7157789401982515 0.0 0.6983269354454744
outer loop
vertex 19.797271728515625 286.0 31.4871826171875
vertex 35.08465576171875 298.0 47.1566162109375
vertex 19.797271728515625 298.0 31.4871826171875
endloop
endfacet
facet normal 0.0 -1.0 0.0
outer loop
vertex 19.797271728515625 286.0 31.4871826171875
vertex 36.2918701171875 286.0 22.1336669921875
vertex 35.08465576171875 286.0 47.1566162109375
endloop
endfacet
facet normal -0.0 1.0 0.0
outer loop
vertex 19.797271728515625 298.0 31.4871826171875
vertex 35.08465576171875 298.0 47.1566162109375
vertex 36.2918701171875 298.0 22.1336669921875
endloop
endfacet
facet normal 0.8254037071308593 0.0 -0.5645429303911569
outer loop
vertex 33.369720458984375 295.0 17.86126708984375
vertex 36.2918701171875 298.0 22.1336669921875
vertex 36.2918701171875 286.0 22.1336669921875
endloop
endfacet
facet normal 0.743145255145826 0.0 -0.6691301291634127
outer loop
vertex 36.2918701171875 286.0 22.1336669921875
vertex 36.2918701171875 298.0 22.1336669921875
vertex 50.9693603515625 298.0 38.4346923828125
endloop
endfacet
facet normal 0.0 -0.9999999999999999 0.0
outer loop
vertex 36.2918701171875 286.0 22.1336669921875
vertex 50.9693603515625 286.0 38.4346923828125
vertex 35.08465576171875 286.0 47.1566162109375
endloop
endfacet
facet normal -0.0 0.9999999999999999 -0.0
outer loop
vertex 36.2918701171875 298.0 22.1336669921875
vertex 35.08465576171875 298.0 47.1566162109375
vertex 50.9693603515625 298.0 38.4346923828125
endloop
endfacet
facet normal 0.0 -0.0 1.0
outer loop
vertex 20.4683837890625 144.0 43.1114501953125
vertex 38.1058349609375 154.0 43.1114501953125
vertex 20.4683837890625 156.0 43.1114501953125
endloop
endfacet
facet normal -0.0 0.0 1.0
outer loop
vertex 20.4683837890625 156.0 43.1114501953125
vertex 38.1058349609375 154.0 43.1114501953125
vertex 46.271820068359375 154.0 43.1114501953125
endloop
endfacet
facet normal -0.0 0.9999999999999999 -0.0
outer loop
vertex 40.768585205078125 156.0 36.77215576171875
vertex 20.4683837890625 156.0 43.1114501953125
vertex 54.766143798828125 156.0 37.677734375
endloop
endfacet
facet normal -0.0 0.0 1.0
outer loop
vertex 20.4683837890625 156.0 43.1114501953125
vertex 46.271820068359375 154.0 43.1114501953125
vertex 56.4683837890625 156.0 43.1114501953125
endloop
endfacet
facet normal -0.0 1.0 0.0
outer loop
vertex 20.4683837890625 156.0 43.1114501953125
vertex 56.4683837890625 156.0 43.1114501953125
vertex 54.766143798828125 156.0 37.677734375
endloop
endfacet
facet normal -0.7233674690124722 0.0 0.6904632537467077
outer loop
vertex 40.913909912109375 144.0 46.0533447265625
vertex 40.913909912109375 154.0 46.0533447265625
vertex 38.1058349609375 154.0 43.1114501953125
endloop
endfacet
facet normal -0.0 1.0 0.0
outer loop
vertex 38.1058349609375 154.0 43.1114501953125
vertex 40.913909912109375 154.0 46.0533447265625
vertex 46.271820068359375 154.0 43.1114501953125
endloop
endfacet
facet normal -0.8897668705438948 0.0 0.456415289054304
outer loop
vertex 40.461944580078125 154.0 57.2110595703125
vertex 42.872802734375 154.0 61.91094970703125
vertex 42.872802734375 264.0 61.91094970703125
endloop
endfacet
facet normal -0.7157789401982515 0.0 0.6983269354454744
outer loop
vertex 19.797271728515625 286.0 31.4871826171875
vertex 35.08465576171875 286.0 47.1566162109375
vertex 35.08465576171875 298.0 47.1566162109375
endloop
endfacet
facet normal 0.0 0.0 -1.0
outer loop
vertex 40.461944580078125 154.0 57.2110595703125
vertex 40.461944580078125 264.0 57.2110595703125
vertex 42.929443359375 261.0 57.2110595703125
endloop
endfacet
facet normal 0.0 -1.0 0.0
outer loop
vertex 35.08465576171875 286.0 47.1566162109375
vertex 50.9693603515625 286.0 38.4346923828125
vertex 43.377899169921875 286.0 54.115478515625
endloop
endfacet
facet normal -0.6427878709317716 0.0 0.7660442239081242
outer loop
vertex 35.08465576171875 286.0 47.1566162109375
vertex 43.377899169921875 286.0 54.115478515625
vertex 35.08465576171875 298.0 47.1566162109375
endloop
endfacet
facet normal 0.0 0.0 -1.0
outer loop
vertex 40.461944580078125 264.0 57.2110595703125
vertex 42.929443359375 264.0 57.2110595703125
vertex 42.929443359375 261.0 57.2110595703125
endloop
endfacet
facet normal -0.9271828546479272 0.0 0.3746090682924279
outer loop
vertex 41.91717529296875 261.0 54.70562744140625
vertex 42.929443359375 261.0 57.2110595703125
vertex 42.929443359375 264.0 57.2110595703125
endloop
endfacet
facet normal -0.6427878709317716 0.0 0.7660442239081241
outer loop
vertex 35.08465576171875 298.0 47.1566162109375
vertex 43.377899169921875 286.0 54.115478515625
vertex 43.377899169921875 295.0 54.115478515625
endloop
endfacet
facet normal -0.3745946817945063 0.0 -0.9271886670852231
outer loop
vertex 41.91717529296875 261.0 54.70562744140625
vertex 41.91717529296875 295.0 54.70562744140625
vertex 43.377899169921875 286.0 54.115478515625
endloop
endfacet
facet normal -0.9271834107243324 0.0 0.37460769196266325
outer loop
vertex 41.91717529296875 261.0 54.70562744140625
vertex 46.4124755859375 295.0 65.83184814453125
vertex 41.91717529296875 295.0 54.70562744140625
endloop
endfacet
facet normal -0.3745946817945062 0.0 -0.927188667085223
outer loop
vertex 43.377899169921875 286.0 54.115478515625
vertex 41.91717529296875 295.0 54.70562744140625
vertex 43.377899169921875 295.0 54.115478515625
endloop
endfacet
facet normal -0.6427863956245163 6.949811582071121e-06 0.7660454618048089
outer loop
vertex 35.08465576171875 298.0 47.1566162109375
vertex 43.377899169921875 295.0 54.115478515625
vertex 51.887969970703125 298.0 61.2562255859375
endloop
endfacet
facet normal -0.0 1.0 0.0
outer loop
vertex 41.91717529296875 295.0 54.70562744140625
vertex 46.4124755859375 295.0 65.83184814453125
vertex 43.377899169921875 295.0 54.115478515625
endloop
endfacet
facet normal -0.8897668705438948 0.0 0.456415289054304
outer loop
vertex 40.461944580078125 154.0 57.2110595703125
vertex 42.872802734375 264.0 61.91094970703125
vertex 40.461944580078125 264.0 57.2110595703125
endloop
endfacet
facet normal 0.0 -0.0 1.0
outer loop
vertex 42.872802734375 154.0 61.91094970703125
vertex 44.828338623046875 261.0 61.91094970703125
vertex 42.872802734375 264.0 61.91094970703125
endloop
endfacet
facet normal -0.0 1.0 0.0
outer loop
vertex 40.461944580078125 264.0 57.2110595703125
vertex 42.872802734375 264.0 61.91094970703125
vertex 42.929443359375 264.0 57.2110595703125
endloop
endfacet
facet normal 0.0 1.0 -0.0
outer loop
vertex 42.929443359375 264.0 57.2110595703125
vertex 42.872802734375 264.0 61.91094970703125
vertex 44.828338623046875 264.0 61.91094970703125
endloop
endfacet
facet normal -0.0 0.0 1.0
outer loop
vertex 42.872802734375 264.0 61.91094970703125
vertex 44.828338623046875 261.0 61.91094970703125
vertex 44.828338623046875 264.0 61.91094970703125
endloop
endfacet
facet normal -0.9271824963664311 -8.614719818086584e-07 0.3746099550612222
outer loop
vertex 41.91717529296875 261.0 54.70562744140625
vertex 42.929443359375 264.0 57.2110595703125
vertex 46.4124755859375 295.0 65.83184814453125
endloop
endfacet
facet normal -0.24192008343578508 0.0 -0.9702961780974009
outer loop
vertex 41.57421875 3.0 28.00030517578125
vertex 41.57421875 12.0 28.00030517578125
vertex 51.33197021484375 3.0 25.56744384765625
endloop
endfacet
facet normal 0.0 -1.0 0.0
outer loop
vertex 41.57421875 3.0 28.00030517578125
vertex 51.33197021484375 3.0 25.56744384765625
vertex 50.668212890625 3.0 38.1002197265625
endloop
endfacet
facet normal 0.7431451828650996 -3.1578660197908157e-06 -0.6691302094319354
outer loop
vertex 41.57421875 3.0 28.00030517578125
vertex 50.668212890625 3.0 38.1002197265625
vertex 50.9693603515625 0.0 38.4346923828125
endloop
endfacet
facet normal 0.0 -1.0 0.0
outer loop
vertex 51.33197021484375 3.0 25.56744384765625
vertex 54.23504638671875 3.0 37.2109375
vertex 50.668212890625 3.0 38.1002197265625
endloop
endfacet
facet normal 0.9702951951148534 0.0 -0.24192402596068965
outer loop
vertex 51.33197021484375 3.0 25.56744384765625
vertex 51.33197021484375 37.0 25.56744384765625
vertex 54.23504638671875 3.0 37.2109375
endloop
endfacet
facet normal 0.7431592673804971 0.0 -0.6691145666524403
outer loop
vertex 50.9693603515625 0.0 38.4346923828125
vertex 50.668212890625 3.0 38.1002197265625
vertex 50.9693603515625 12.0 38.4346923828125
endloop
endfacet
facet normal 0.7431592673804971 0.0 -0.6691145666524402
outer loop
vertex 50.668212890625 3.0 38.1002197265625
vertex 50.668212890625 12.0 38.1002197265625
vertex 50.9693603515625 12.0 38.4346923828125
endloop
endfacet
facet normal 0.24191440546343387 -4.5789476054855907e-07 0.9702975937458896
outer loop
vertex 50.668212890625 3.0 38.1002197265625
vertex 54.23504638671875 3.0 37.2109375
vertex 52.362823486328125 34.0 37.677734375
endloop
endfacet
facet normal 0.24190651924725598 0.0 0.9702995599018258
outer loop
vertex 50.668212890625 3.0 38.1002197265625
vertex 52.362823486328125 34.0 37.677734375
vertex 50.668212890625 12.0 38.1002197265625
endloop
endfacet
facet normal 0.9702951951148534 0.0 -0.24192402596068965
outer loop
vertex 51.33197021484375 37.0 25.56744384765625
vertex 54.23504638671875 37.0 37.2109375
vertex 54.23504638671875 3.0 37.2109375
endloop
endfacet
facet normal 0.2419215434960874 -0.0 0.970295814065211
outer loop
vertex 54.23504638671875 3.0 37.2109375
vertex 54.23504638671875 37.0 37.2109375
vertex 52.362823486328125 34.0 37.677734375
endloop
endfacet
facet normal 0.24192154349608747 0.0 0.9702958140652111
outer loop
vertex 52.362823486328125 34.0 37.677734375
vertex 54.23504638671875 37.0 37.2109375
vertex 52.362823486328125 37.0 37.677734375
endloop
endfacet
facet normal 0.0 0.0 -1.0
outer loop
vertex 52.362823486328125 34.0 37.677734375
vertex 52.362823486328125 37.0 37.677734375
vertex 54.766143798828125 142.0 37.677734375
endloop
endfacet
facet normal 0.0 0.0 -1.0
outer loop
vertex 52.362823486328125 34.0 37.677734375
vertex 54.766143798828125 142.0 37.677734375
vertex 54.766143798828125 34.0 37.677734375
endloop
endfacet
facet normal -0.0 -1.0 0.0
outer loop
vertex 37.9315185546875 142.0 27.716064453125
vertex 54.766143798828125 142.0 37.677734375
vertex 40.768585205078125 142.0 36.77215576171875
endloop
endfacet
facet normal 0.7660168667357484 0.0 -0.6428204725087298
outer loop
vertex 36.0 156.0 15.3150634765625
vertex 54.766143798828125 144.0 37.677734375
vertex 54.766143798828125 142.0 37.677734375
endloop
endfacet
facet normal 0.9542431959286911 0.0 -0.299031642178211
outer loop
vertex 54.766143798828125 142.0 37.677734375
vertex 54.766143798828125 144.0 37.677734375
vertex 54.793609619140625 142.2258062362671 37.765380859375
endloop
endfacet
facet normal 0.0 0.9999999999999999 0.0
outer loop
vertex 35.08465576171875 12.0 47.1566162109375
vertex 50.9693603515625 12.0 38.4346923828125
vertex 50.668212890625 12.0 38.1002197265625
endloop
endfacet
facet normal 0.24192239530703377 -1.2989103721814265e-06 0.9702956016839508
outer loop
vertex 30.569427490234375 34.0 43.1114501953125
vertex 50.668212890625 12.0 38.1002197265625
vertex 52.362823486328125 34.0 37.677734375
endloop
endfacet
facet normal 0.0 -1.0 0.0
outer loop
vertex 30.569427490234375 34.0 43.1114501953125
vertex 52.362823486328125 34.0 37.677734375
vertex 54.766143798828125 34.0 37.677734375
endloop
endfacet
facet normal 0.0 -0.9999999999999999 0.0
outer loop
vertex 30.569427490234375 34.0 43.1114501953125
vertex 54.766143798828125 34.0 37.677734375
vertex 56.4683837890625 34.0 43.1114501953125
endloop
endfacet
facet normal 0.0 -1.0 0.0
outer loop
vertex 35.08465576171875 0.0 47.1566162109375
vertex 50.9693603515625 0.0 38.4346923828125
vertex 51.887969970703125 0.0 61.2562255859375
endloop
endfacet
facet normal -0.0 1.0 0.0
outer loop
vertex 35.08465576171875 12.0 47.1566162109375
vertex 51.887969970703125 12.0 61.2562255859375
vertex 50.9693603515625 12.0 38.4346923828125
endloop
endfacet
facet normal -0.6427863956400397 0.0 0.7660454618233089
outer loop
vertex 35.08465576171875 0.0 47.1566162109375
vertex 51.887969970703125 0.0 61.2562255859375
vertex 51.887969970703125 12.0 61.2562255859375
endloop
endfacet
facet normal -0.0 0.0 1.0
outer loop
vertex 30.569427490234375 37.0 43.1114501953125
vertex 56.4683837890625 34.0 43.1114501953125
vertex 56.4683837890625 142.0 43.1114501953125
endloop
endfacet
facet normal 0.954269557140195 0.0 -0.2989475076254293
outer loop
vertex 54.766143798828125 34.0 37.677734375
vertex 54.766143798828125 142.0 37.677734375
vertex 56.4683837890625 34.0 43.1114501953125
endloop
endfacet
facet normal 0.6729206055013762 0.0 -0.7397147143944489
outer loop
vertex 50.9693603515625 0.0 38.4346923828125
vertex 50.9693603515625 12.0 38.4346923828125
vertex 67.16278076171875 12.0 53.1658935546875
endloop
endfacet
facet normal 0.6729206055013762 0.0 -0.7397147143944489
outer loop
vertex 50.9693603515625 0.0 38.4346923828125
vertex 67.16278076171875 12.0 53.1658935546875
vertex 67.16278076171875 0.0 53.1658935546875
endloop
endfacet
facet normal 0.0 -1.0 0.0
outer loop
vertex 50.9693603515625 0.0 38.4346923828125
vertex 67.16278076171875 0.0 53.1658935546875
vertex 51.887969970703125 0.0 61.2562255859375
endloop
endfacet
facet normal -0.0 1.0 0.0
outer loop
vertex 50.9693603515625 12.0 38.4346923828125
vertex 51.887969970703125 12.0 61.2562255859375
vertex 67.16278076171875 12.0 53.1658935546875
endloop
endfacet
facet normal -0.5353916152441843 0.0 0.8446039416946995
outer loop
vertex 51.887969970703125 0.0 61.2562255859375
vertex 70.406494140625 12.0 72.99505615234375
vertex 51.887969970703125 12.0 61.2562255859375
endloop
endfacet
facet normal 0.0 -1.0 0.0
outer loop
vertex 51.887969970703125 0.0 61.2562255859375
vertex 67.16278076171875 0.0 53.1658935546875
vertex 70.406494140625 0.0 72.99505615234375
endloop
endfacet
facet normal -0.0 1.0 0.0
outer loop
vertex 51.887969970703125 12.0 61.2562255859375
vertex 70.406494140625 12.0 72.99505615234375
vertex 67.16278076171875 12.0 53.1658935546875
endloop
endfacet
facet normal -0.5353916152441843 0.0 0.8446039416946995
outer loop
vertex 51.887969970703125 0.0 61.2562255859375
vertex 70.406494140625 0.0 72.99505615234375
vertex 70.406494140625 12.0 72.99505615234375
endloop
endfacet
facet normal 0.0 -0.0 1.0
outer loop
vertex 30.569427490234375 37.0 43.1114501953125
vertex 56.4683837890625 142.0 43.1114501953125
vertex 55.887725830078125 142.2258062362671 43.1114501953125
endloop
endfacet
facet normal 0.954246221097419 -4.115097441989152e-06 -0.2990219883292222
outer loop
vertex 54.766143798828125 142.0 37.677734375
vertex 54.793609619140625 142.2258062362671 37.765380859375
vertex 56.4683837890625 34.0 43.1114501953125
endloop
endfacet
facet normal -0.0 -0.0 0.9999999999999999
outer loop
vertex 38.1058349609375 144.0 43.1114501953125
vertex 55.887725830078125 142.2258062362671 43.1114501953125
vertex 46.271820068359375 144.0 43.1114501953125
endloop
endfacet
facet normal 0.9542669643331609 4.115404233573761e-06 -0.29895578396384476
outer loop
vertex 54.793609619140625 142.2258062362671 37.765380859375
vertex 54.766143798828125 144.0 37.677734375
vertex 56.4683837890625 156.0 43.1114501953125
endloop
endfacet
facet normal -0.0 0.0 1.0
outer loop
vertex 46.271820068359375 144.0 43.1114501953125
vertex 55.887725830078125 142.2258062362671 43.1114501953125
vertex 56.2884521484375 144.0 43.1114501953125
endloop
endfacet
facet normal 0.0 -1.0 0.0
outer loop
vertex 46.271820068359375 144.0 43.1114501953125
vertex 56.2884521484375 144.0 43.1114501953125
vertex 57.71722412109375 144.0 60.15301513671875
endloop
endfacet
facet normal 0.0 -0.9999999999999999 0.0
outer loop
vertex 40.913909912109375 144.0 46.0533447265625
vertex 46.271820068359375 144.0 43.1114501953125
vertex 57.71722412109375 144.0 60.15301513671875
endloop
endfacet
facet normal -0.6427880284948853 0.0 0.7660440916968544
outer loop
vertex 40.913909912109375 144.0 46.0533447265625
vertex 57.71722412109375 144.0 60.15301513671875
vertex 57.71722412109375 154.0 60.15301513671875
endloop
endfacet
facet normal 0.9542699892711343 0.0 -0.29894612821789346
outer loop
vertex 54.793609619140625 142.2258062362671 37.765380859375
vertex 56.4683837890625 142.0 43.1114501953125
vertex 56.4683837890625 34.0 43.1114501953125
endloop
endfacet
facet normal 0.9542699892711343 0.0 -0.29894612821789346
outer loop
vertex 54.793609619140625 142.2258062362671 37.765380859375
vertex 56.4683837890625 156.0 43.1114501953125
vertex 56.4683837890625 142.0 43.1114501953125
endloop
endfacet
facet normal -0.0 -0.0 1.0
outer loop
vertex 55.887725830078125 142.2258062362671 43.1114501953125
vertex 56.4683837890625 142.0 43.1114501953125
vertex 56.2884521484375 144.0 43.1114501953125
endloop
endfacet
facet normal 0.0 -0.0 0.9999999999999999
outer loop
vertex 56.4683837890625 142.0 43.1114501953125
vertex 56.4683837890625 156.0 43.1114501953125
vertex 56.2884521484375 144.0 43.1114501953125
endloop
endfacet
facet normal 0.0 -1.0 0.0
outer loop
vertex 56.2884521484375 144.0 43.1114501953125
vertex 68.826171875 144.0 54.26910400390625
vertex 57.71722412109375 144.0 60.15301513671875
endloop
endfacet
facet normal 0.6647968845571026 0.0 -0.7470241644573289
outer loop
vertex 56.2884521484375 144.0 43.1114501953125
vertex 68.826171875 154.0 54.26910400390625
vertex 68.826171875 144.0 54.26910400390625
endloop
endfacet
facet normal 0.6013037506086526 0.0 -0.7990205250830339
outer loop
vertex 67.16278076171875 0.0 53.1658935546875
vertex 67.16278076171875 12.0 53.1658935546875
vertex 84.64920043945312 12.0 66.3253173828125
endloop
endfacet
facet normal 0.0 -1.0 0.0
outer loop
vertex 67.16278076171875 0.0 53.1658935546875
vertex 84.64920043945312 0.0 66.3253173828125
vertex 70.406494140625 0.0 72.99505615234375
endloop
endfacet
facet normal -0.0 1.0 0.0
outer loop
vertex 67.16278076171875 12.0 53.1658935546875
vertex 70.406494140625 12.0 72.99505615234375
vertex 84.64920043945312 12.0 66.3253173828125
endloop
endfacet
facet normal -0.4545632473647805 0.0 0.8907144627461626
outer loop
vertex 70.406494140625 0.0 72.99505615234375
vertex 80.46923828125 12.0 78.13043212890625
vertex 70.406494140625 12.0 72.99505615234375
endloop
endfacet
facet normal -0.4545632473647805 0.0 0.8907144627461626
outer loop
vertex 70.406494140625 0.0 72.99505615234375
vertex 80.46923828125 0.0 78.13043212890625
vertex 80.46923828125 12.0 78.13043212890625
endloop
endfacet
facet normal 0.6013037506086526 0.0 -0.7990205250830339
outer loop
vertex 67.16278076171875 0.0 53.1658935546875
vertex 84.64920043945312 12.0 66.3253173828125
vertex 84.64920043945312 0.0 66.3253173828125
endloop
endfacet
facet normal 0.5244230750026305 0.0 -0.8514578312545991
outer loop
vertex 84.64920043945312 0.0 66.3253173828125
vertex 88.42401123046875 12.0 68.6502685546875
vertex 88.42401123046875 0.0 68.6502685546875
endloop
endfacet
facet normal 0.5244230750026305 0.0 -0.8514578312545991
outer loop
vertex 84.64920043945312 0.0 66.3253173828125
vertex 84.64920043945312 12.0 66.3253173828125
vertex 88.42401123046875 12.0 68.6502685546875
endloop
endfacet
facet normal 0.0 -1.0 0.0
outer loop
vertex 70.406494140625 0.0 72.99505615234375
vertex 84.64920043945312 0.0 66.3253173828125
vertex 86.21542358398438 0.0 71.28240966796875
endloop
endfacet
facet normal 0.0 0.9999999999999999 0.0
outer loop
vertex 70.406494140625 12.0 72.99505615234375
vertex 88.42401123046875 12.0 68.6502685546875
vertex 84.64920043945312 12.0 66.3253173828125
endloop
endfacet
facet normal 0.0 1.0 0.0
outer loop
vertex 70.406494140625 12.0 72.99505615234375
vertex 86.21542358398438 12.0 71.28240966796875
vertex 88.42401123046875 12.0 68.6502685546875
endloop
endfacet
facet normal 0.0 -0.9999999999999999 0.0
outer loop
vertex 70.406494140625 0.0 72.99505615234375
vertex 86.21542358398438 0.0 71.28240966796875
vertex 80.46923828125 0.0 78.13043212890625
endloop
endfacet
facet normal -0.0 0.9999999999999999 0.0
outer loop
vertex 70.406494140625 12.0 72.99505615234375
vertex 80.46923828125 12.0 78.13043212890625
vertex 86.21542358398438 12.0 71.28240966796875
endloop
endfacet
facet normal 0.7660437721386744 0.0 0.642788409328879
outer loop
vertex 80.46923828125 0.0 78.13043212890625
vertex 86.21542358398438 0.0 71.28240966796875
vertex 80.46923828125 12.0 78.13043212890625
endloop
endfacet
facet normal 0.0 -0.9999999999999999 0.0
outer loop
vertex 84.64920043945312 0.0 66.3253173828125
vertex 88.42401123046875 0.0 68.6502685546875
vertex 86.21542358398438 0.0 71.28240966796875
endloop
endfacet
facet normal 0.7660503173961033 0.0 0.642780608930706
outer loop
vertex 86.21542358398438 0.0 71.28240966796875
vertex 88.42401123046875 12.0 68.6502685546875
vertex 86.21542358398438 12.0 71.28240966796875
endloop
endfacet
facet normal 0.7660503173961033 -0.0 0.642780608930706
outer loop
vertex 88.42401123046875 0.0 68.6502685546875
vertex 88.42401123046875 12.0 68.6502685546875
vertex 86.21542358398438 0.0 71.28240966796875
endloop
endfacet
facet normal 0.7660437721386744 -0.0 0.642788409328879
outer loop
vertex 80.46923828125 12.0 78.13043212890625
vertex 86.21542358398438 0.0 71.28240966796875
vertex 86.21542358398438 12.0 71.28240966796875
endloop
endfacet
facet normal 0.0 -0.9999999999999999 0.0
outer loop
vertex 57.71722412109375 144.0 60.15301513671875
vertex 68.826171875 144.0 54.26910400390625
vertex 76.09503173828125 144.0 72.0855712890625
endloop
endfacet
facet normal -0.5445706071367553 0.0 0.8387150015605453
outer loop
vertex 57.71722412109375 144.0 60.15301513671875
vertex 76.09503173828125 144.0 72.0855712890625
vertex 76.09503173828125 154.0 72.0855712890625
endloop
endfacet
facet normal 0.0 -1.0 0.0
outer loop
vertex 68.826171875 144.0 54.26910400390625
vertex 86.45333862304688 144.0 67.23486328125
vertex 76.09503173828125 144.0 72.0855712890625
endloop
endfacet
facet normal 0.5925271035838984 0.0 -0.8055505145665763
outer loop
vertex 68.826171875 144.0 54.26910400390625
vertex 86.45333862304688 154.0 67.23486328125
vertex 86.45333862304688 144.0 67.23486328125
endloop
endfacet
facet normal 0.5151002207496345 0.0 -0.8571299566481607
outer loop
vertex 86.45333862304688 144.0 67.23486328125
vertex 88.55294799804688 154.0 68.49664306640625
vertex 88.55294799804688 144.0 68.49664306640625
endloop
endfacet
facet normal 0.0 -1.0 0.0
outer loop
vertex 76.09503173828125 144.0 72.0855712890625
vertex 87.77154541015625 144.0 69.4278564453125
vertex 82.65570068359375 144.0 75.52471923828125
endloop
endfacet
facet normal -0.4642831491433167 0.0 0.8856868280727477
outer loop
vertex 76.09503173828125 144.0 72.0855712890625
vertex 82.65570068359375 144.0 75.52471923828125
vertex 82.65570068359375 154.0 75.52471923828125
endloop
endfacet
facet normal 0.0 -1.0 0.0
outer loop
vertex 76.09503173828125 144.0 72.0855712890625
vertex 86.45333862304688 144.0 67.23486328125
vertex 87.77154541015625 144.0 69.4278564453125
endloop
endfacet
facet normal 0.0 -1.0 0.0
outer loop
vertex 86.45333862304688 144.0 67.23486328125
vertex 88.55294799804688 144.0 68.49664306640625
vertex 87.77154541015625 144.0 69.4278564453125
endloop
endfacet
facet normal 0.7660356187351268 -0.0 0.642798126031098
outer loop
vertex 87.77154541015625 144.0 69.4278564453125
vertex 88.55294799804688 144.0 68.49664306640625
vertex 88.55294799804688 154.0 68.49664306640625
endloop
endfacet
facet normal 0.7660463359447309 0.0 0.6427853538979033
outer loop
vertex 82.65570068359375 144.0 75.52471923828125
vertex 87.77154541015625 144.0 69.4278564453125
vertex 82.65570068359375 154.0 75.52471923828125
endloop
endfacet
facet normal 0.7660168667357484 0.0 -0.6428204725087299
outer loop
vertex 36.0 156.0 15.3150634765625
vertex 54.766143798828125 156.0 37.677734375
vertex 54.766143798828125 144.0 37.677734375
endloop
endfacet
facet normal 0.0 1.0 0.0
outer loop
vertex 39.822906494140625 156.0 33.75341796875
vertex 40.768585205078125 156.0 36.77215576171875
vertex 54.766143798828125 156.0 37.677734375
endloop
endfacet
facet normal 0.743145255145826 0.0 -0.6691301291634127
outer loop
vertex 36.2918701171875 286.0 22.1336669921875
vertex 50.9693603515625 298.0 38.4346923828125
vertex 50.9693603515625 286.0 38.4346923828125
endloop
endfacet
facet normal -0.0 1.0 0.0
outer loop
vertex 40.913909912109375 154.0 46.0533447265625
vertex 54.211151123046875 154.0 57.2110595703125
vertex 46.271820068359375 154.0 43.1114501953125
endloop
endfacet
facet normal 0.9542695571401949 0.0 -0.29894750762542927
outer loop
vertex 54.766143798828125 144.0 37.677734375
vertex 54.766143798828125 156.0 37.677734375
vertex 56.4683837890625 156.0 43.1114501953125
endloop
endfacet
facet normal 0.0 0.0 1.0
outer loop
vertex 46.271820068359375 154.0 43.1114501953125
vertex 56.2884521484375 154.0 43.1114501953125
vertex 56.4683837890625 156.0 43.1114501953125
endloop
endfacet
facet normal -0.0 1.0 0.0
outer loop
vertex 46.271820068359375 154.0 43.1114501953125
vertex 54.211151123046875 154.0 57.2110595703125
vertex 56.2884521484375 154.0 43.1114501953125
endloop
endfacet
facet normal -0.6427877668183852 0.0 0.7660443112696766
outer loop
vertex 40.913909912109375 144.0 46.0533447265625
vertex 54.211151123046875 154.0 57.2110595703125
vertex 40.913909912109375 154.0 46.0533447265625
endloop
endfacet
facet normal -0.6427890209326559 2.8417905787391916e-06 0.7660432589353959
outer loop
vertex 40.913909912109375 144.0 46.0533447265625
vertex 57.71722412109375 154.0 60.15301513671875
vertex 54.211151123046875 154.0 57.2110595703125
endloop
endfacet
facet normal 0.0 -0.0 1.0
outer loop
vertex 56.2884521484375 144.0 43.1114501953125
vertex 56.4683837890625 156.0 43.1114501953125
vertex 56.2884521484375 154.0 43.1114501953125
endloop
endfacet
facet normal 0.6647968845571026 0.0 -0.7470241644573289
outer loop
vertex 56.2884521484375 144.0 43.1114501953125
vertex 56.2884521484375 154.0 43.1114501953125
vertex 68.826171875 154.0 54.26910400390625
endloop
endfacet
facet normal -0.0 0.9999999999999999 0.0
outer loop
vertex 54.211151123046875 154.0 57.2110595703125
vertex 63.271697998046875 154.0 57.2110595703125
vertex 56.2884521484375 154.0 43.1114501953125
endloop
endfacet
facet normal -0.0 1.0 0.0
outer loop
vertex 56.2884521484375 154.0 43.1114501953125
vertex 63.271697998046875 154.0 57.2110595703125
vertex 68.826171875 154.0 54.26910400390625
endloop
endfacet
facet normal 0.0 -0.0 -0.9999999999999999
outer loop
vertex 40.461944580078125 154.0 57.2110595703125
vertex 76.46194458007812 264.0 57.2110595703125
vertex 54.211151123046875 154.0 57.2110595703125
endloop
endfacet
facet normal 0.0 -0.0 -1.0
outer loop
vertex 54.211151123046875 154.0 57.2110595703125
vertex 76.46194458007812 264.0 57.2110595703125
vertex 63.271697998046875 154.0 57.2110595703125
endloop
endfacet
facet normal 0.0 -1.0 0.0
outer loop
vertex 40.461944580078125 154.0 57.2110595703125
vertex 54.211151123046875 154.0 57.2110595703125
vertex 42.872802734375 154.0 61.91094970703125
endloop
endfacet
facet normal 0.0 -1.0 0.0
outer loop
vertex 42.872802734375 154.0 61.91094970703125
vertex 54.211151123046875 154.0 57.2110595703125
vertex 57.71722412109375 154.0 60.15301513671875
endloop
endfacet
facet normal 0.0 -1.0 0.0
outer loop
vertex 42.872802734375 154.0 61.91094970703125
vertex 57.71722412109375 154.0 60.15301513671875
vertex 60.4246826171875 154.0 61.91094970703125
endloop
endfacet
facet normal -0.5445715889484484 0.0 0.8387143640776412
outer loop
vertex 57.71722412109375 144.0 60.15301513671875
vertex 60.4246826171875 154.0 61.91094970703125
vertex 57.71722412109375 154.0 60.15301513671875
endloop
endfacet
facet normal -0.5445704375030872 -4.431765442932935e-07 0.8387151117021201
outer loop
vertex 57.71722412109375 144.0 60.15301513671875
vertex 76.09503173828125 154.0 72.0855712890625
vertex 60.4246826171875 154.0 61.91094970703125
endloop
endfacet
facet normal 0.0 0.0 1.0
outer loop
vertex 42.872802734375 154.0 61.91094970703125
vertex 60.4246826171875 154.0 61.91094970703125
vertex 78.872802734375 264.0 61.91094970703125
endloop
endfacet
facet normal 0.0 0.0 -1.0
outer loop
vertex 40.461944580078125 154.0 57.2110595703125
vertex 42.929443359375 261.0 57.2110595703125
vertex 67.7496337890625 261.0 57.2110595703125
endloop
endfacet
facet normal 0.6729194470574248 0.0 -0.7397157682325891
outer loop
vertex 50.9693603515625 286.0 38.4346923828125
vertex 50.9693603515625 298.0 38.4346923828125
vertex 60.57073974609375 295.0 47.1690673828125
endloop
endfacet
facet normal 0.0 -1.0 0.0
outer loop
vertex 43.377899169921875 286.0 54.115478515625
vertex 50.9693603515625 286.0 38.4346923828125
vertex 60.57073974609375 286.0 47.1690673828125
endloop
endfacet
facet normal -0.37460903399817297 9.754653390770963e-07 -0.9271828685032981
outer loop
vertex 41.91717529296875 261.0 54.70562744140625
vertex 43.377899169921875 286.0 54.115478515625
vertex 60.57073974609375 286.0 47.1690673828125
endloop
endfacet
facet normal -0.0 1.0 0.0
outer loop
vertex 35.08465576171875 298.0 47.1566162109375
vertex 51.887969970703125 298.0 61.2562255859375
vertex 50.9693603515625 298.0 38.4346923828125
endloop
endfacet
facet normal 0.0 -1.0 0.0
outer loop
vertex 41.91717529296875 261.0 54.70562744140625
vertex 67.7496337890625 261.0 57.2110595703125
vertex 42.929443359375 261.0 57.2110595703125
endloop
endfacet
facet normal 0.0 0.0 -1.0
outer loop
vertex 40.461944580078125 154.0 57.2110595703125
vertex 67.7496337890625 261.0 57.2110595703125
vertex 76.46194458007812 264.0 57.2110595703125
endloop
endfacet
facet normal -0.37460693007669554 -8.506161341398316e-07 -0.9271837185465402
outer loop
vertex 41.91717529296875 261.0 54.70562744140625
vertex 60.57073974609375 286.0 47.1690673828125
vertex 71.58706665039062 261.0 42.71820068359375
endloop
endfacet
facet normal 0.6729194470574249 0.0 -0.7397157682325892
outer loop
vertex 50.9693603515625 286.0 38.4346923828125
vertex 60.57073974609375 295.0 47.1690673828125
vertex 60.57073974609375 286.0 47.1690673828125
endloop
endfacet
facet normal 0.6729222926855112 1.664469141497297e-05 -0.7397131793674017
outer loop
vertex 50.9693603515625 298.0 38.4346923828125
vertex 67.16278076171875 295.0 53.1658935546875
vertex 60.57073974609375 295.0 47.1690673828125
endloop
endfacet
facet normal 0.6729206055013762 0.0 -0.7397147143944489
outer loop
vertex 50.9693603515625 298.0 38.4346923828125
vertex 67.16278076171875 298.0 53.1658935546875
vertex 67.16278076171875 295.0 53.1658935546875
endloop
endfacet
facet normal -0.3746052706088612 0.0 -0.9271843890144299
outer loop
vertex 60.57073974609375 286.0 47.1690673828125
vertex 60.57073974609375 295.0 47.1690673828125
vertex 71.58706665039062 295.0 42.71820068359375
endloop
endfacet
facet normal 0.0 -1.0 0.0
outer loop
vertex 41.91717529296875 261.0 54.70562744140625
vertex 71.58706665039062 261.0 42.71820068359375
vertex 67.7496337890625 261.0 57.2110595703125
endloop
endfacet
facet normal -0.0 1.0 0.0
outer loop
vertex 50.9693603515625 298.0 38.4346923828125
vertex 51.887969970703125 298.0 61.2562255859375
vertex 67.16278076171875 298.0 53.1658935546875
endloop
endfacet
facet normal 0.0 -0.0 1.0
outer loop
vertex 42.872802734375 154.0 61.91094970703125
vertex 56.11700439453125 261.0 61.91094970703125
vertex 44.828338623046875 261.0 61.91094970703125
endloop
endfacet
facet normal -0.9271845801921057 0.0 0.3746047974252181
outer loop
vertex 44.828338623046875 261.0 61.91094970703125
vertex 46.4124755859375 261.0 65.83184814453125
vertex 44.828338623046875 264.0 61.91094970703125
endloop
endfacet
facet normal -0.9271827315228945 -6.731949825577175e-07 0.3746093730344861
outer loop
vertex 42.929443359375 264.0 57.2110595703125
vertex 44.828338623046875 264.0 61.91094970703125
vertex 46.4124755859375 295.0 65.83184814453125
endloop
endfacet
facet normal 0.0 -1.0 0.0
outer loop
vertex 44.828338623046875 261.0 61.91094970703125
vertex 56.11700439453125 261.0 61.91094970703125
vertex 46.4124755859375 261.0 65.83184814453125
endloop
endfacet
facet normal -0.9271845801921057 0.0 0.3746047974252181
outer loop
vertex 44.828338623046875 264.0 61.91094970703125
vertex 46.4124755859375 261.0 65.83184814453125
vertex 46.4124755859375 295.0 65.83184814453125
endloop
endfacet
facet normal -0.0 1.0 0.0
outer loop
vertex 43.377899169921875 295.0 54.115478515625
vertex 46.4124755859375 295.0 65.83184814453125
vertex 51.887969970703125 295.0 61.2562255859375
endloop
endfacet
facet normal -0.6427849579302629 0.0 0.7660466681988702
outer loop
vertex 43.377899169921875 295.0 54.115478515625
vertex 51.887969970703125 295.0 61.2562255859375
vertex 51.887969970703125 298.0 61.2562255859375
endloop
endfacet
facet normal 0.37460534383026883 0.0 0.9271843594311793
outer loop
vertex 46.4124755859375 261.0 65.83184814453125
vertex 54.16497802734375 295.0 62.69964599609375
vertex 46.4124755859375 295.0 65.83184814453125
endloop
endfacet
facet normal 0.37460802399195775 -9.667874096827604e-07 0.9271832765747591
outer loop
vertex 46.4124755859375 261.0 65.83184814453125
vertex 56.11700439453125 264.0 61.91094970703125
vertex 54.16497802734375 286.0 62.69964599609375
endloop
endfacet
facet normal 0.37460776706555066 -0.0 0.9271833803806894
outer loop
vertex 46.4124755859375 261.0 65.83184814453125
vertex 56.11700439453125 261.0 61.91094970703125
vertex 56.11700439453125 264.0 61.91094970703125
endloop
endfacet
facet normal 0.0 1.0 0.0
outer loop
vertex 46.4124755859375 295.0 65.83184814453125
vertex 54.16497802734375 295.0 62.69964599609375
vertex 51.887969970703125 295.0 61.2562255859375
endloop
endfacet
facet normal -0.5354002451285749 0.0 0.8445984711780278
outer loop
vertex 51.887969970703125 295.0 61.2562255859375
vertex 54.16497802734375 295.0 62.69964599609375
vertex 51.887969970703125 298.0 61.2562255859375
endloop
endfacet
facet normal 0.3746053438302688 -0.0 0.927184359431179
outer loop
vertex 46.4124755859375 261.0 65.83184814453125
vertex 54.16497802734375 286.0 62.69964599609375
vertex 54.16497802734375 295.0 62.69964599609375
endloop
endfacet
facet normal 0.0 -0.0 1.0
outer loop
vertex 42.872802734375 154.0 61.91094970703125
vertex 78.872802734375 264.0 61.91094970703125
vertex 56.11700439453125 261.0 61.91094970703125
endloop
endfacet
facet normal 0.3746067843070503 -1.0947387298820464e-06 0.927183777441092
outer loop
vertex 54.16497802734375 286.0 62.69964599609375
vertex 56.11700439453125 264.0 61.91094970703125
vertex 67.7496337890625 264.0 57.2110595703125
endloop
endfacet
facet normal -0.5353916152216142 9.18219056734964e-06 0.844603941659094
outer loop
vertex 51.887969970703125 298.0 61.2562255859375
vertex 54.16497802734375 295.0 62.69964599609375
vertex 70.406494140625 298.0 72.99505615234375
endloop
endfacet
facet normal -0.5353904053488872 0.0 0.844604708642069
outer loop
vertex 54.16497802734375 286.0 62.69964599609375
vertex 70.406494140625 286.0 72.99505615234375
vertex 54.16497802734375 295.0 62.69964599609375
endloop
endfacet
facet normal 0.0 -0.0 1.0
outer loop
vertex 56.11700439453125 261.0 61.91094970703125
vertex 78.872802734375 264.0 61.91094970703125
vertex 56.11700439453125 264.0 61.91094970703125
endloop
endfacet
facet normal 0.37460936120295263 7.56198520060771e-07 0.9271827363031216
outer loop
vertex 54.16497802734375 286.0 62.69964599609375
vertex 67.7496337890625 264.0 57.2110595703125
vertex 70.86532592773438 286.0 55.95220947265625
endloop
endfacet
facet normal -0.0 1.0 0.0
outer loop
vertex 51.887969970703125 298.0 61.2562255859375
vertex 70.406494140625 298.0 72.99505615234375
vertex 67.16278076171875 298.0 53.1658935546875
endloop
endfacet
facet normal 0.0 -1.0 0.0
outer loop
vertex 54.16497802734375 286.0 62.69964599609375
vertex 70.86532592773438 286.0 55.95220947265625
vertex 70.406494140625 286.0 72.99505615234375
endloop
endfacet
facet normal -0.5353904053488872 0.0 0.844604708642069
outer loop
vertex 54.16497802734375 295.0 62.69964599609375
vertex 70.406494140625 286.0 72.99505615234375
vertex 70.406494140625 298.0 72.99505615234375
endloop
endfacet
facet normal -0.0 0.9999999999999999 0.0
outer loop
vertex 63.271697998046875 154.0 57.2110595703125
vertex 72.8258056640625 154.0 57.2110595703125
vertex 68.826171875 154.0 54.26910400390625
endloop
endfacet
facet normal 0.5925274923045413 0.0 -0.8055502286408289
outer loop
vertex 68.826171875 144.0 54.26910400390625
vertex 68.826171875 154.0 54.26910400390625
vertex 72.8258056640625 154.0 57.2110595703125
endloop
endfacet
facet normal 0.5925281940913344 -4.325540100609162e-07 -0.8055497124365913
outer loop
vertex 68.826171875 144.0 54.26910400390625
vertex 72.8258056640625 154.0 57.2110595703125
vertex 78.66522216796875 154.0 61.50628662109375
endloop
endfacet
facet normal 0.0 -0.0 -1.0
outer loop
vertex 63.271697998046875 154.0 57.2110595703125
vertex 76.46194458007812 264.0 57.2110595703125
vertex 72.8258056640625 154.0 57.2110595703125
endloop
endfacet
facet normal 0.0 0.0 -1.0
outer loop
vertex 72.8258056640625 154.0 57.2110595703125
vertex 76.46194458007812 264.0 57.2110595703125
vertex 76.46194458007812 154.0 57.2110595703125
endloop
endfacet
facet normal -0.0 1.0 0.0
outer loop
vertex 60.4246826171875 154.0 61.91094970703125
vertex 76.09503173828125 154.0 72.0855712890625
vertex 78.872802734375 154.0 61.91094970703125
endloop
endfacet
facet normal 0.0 -0.9999999999999999 0.0
outer loop
vertex 72.8258056640625 154.0 57.2110595703125
vertex 76.46194458007812 154.0 57.2110595703125
vertex 78.66522216796875 154.0 61.50628662109375
endloop
endfacet
facet normal 0.0 0.0 1.0
outer loop
vertex 60.4246826171875 154.0 61.91094970703125
vertex 78.872802734375 154.0 61.91094970703125
vertex 78.872802734375 264.0 61.91094970703125
endloop
endfacet
facet normal 0.8897672384868314 0.0 -0.45641457176071626
outer loop
vertex 76.46194458007812 154.0 57.2110595703125
vertex 76.46194458007812 264.0 57.2110595703125
vertex 78.66522216796875 154.0 61.50628662109375
endloop
endfacet
facet normal 0.5925260863024152 2.7633565581410173e-06 -0.8055512628278267
outer loop
vertex 68.826171875 144.0 54.26910400390625
vertex 78.66522216796875 154.0 61.50628662109375
vertex 86.45333862304688 154.0 67.23486328125
endloop
endfacet
facet normal 0.0 1.0 0.0
outer loop
vertex 78.66522216796875 154.0 61.50628662109375
vertex 78.872802734375 154.0 61.91094970703125
vertex 86.45333862304688 154.0 67.23486328125
endloop
endfacet
facet normal 0.0 1.0 0.0
outer loop
vertex 76.09503173828125 154.0 72.0855712890625
vertex 86.45333862304688 154.0 67.23486328125
vertex 78.872802734375 154.0 61.91094970703125
endloop
endfacet
facet normal 0.5151002207496345 0.0 -0.8571299566481607
outer loop
vertex 86.45333862304688 144.0 67.23486328125
vertex 86.45333862304688 154.0 67.23486328125
vertex 88.55294799804688 154.0 68.49664306640625
endloop
endfacet
facet normal -0.4642831491433167 0.0 0.8856868280727477
outer loop
vertex 76.09503173828125 144.0 72.0855712890625
vertex 82.65570068359375 154.0 75.52471923828125
vertex 76.09503173828125 154.0 72.0855712890625
endloop
endfacet
facet normal -0.0 1.0 0.0
outer loop
vertex 76.09503173828125 154.0 72.0855712890625
vertex 82.65570068359375 154.0 75.52471923828125
vertex 87.77154541015625 154.0 69.4278564453125
endloop
endfacet
facet normal 0.0 1.0 0.0
outer loop
vertex 76.09503173828125 154.0 72.0855712890625
vertex 88.55294799804688 154.0 68.49664306640625
vertex 86.45333862304688 154.0 67.23486328125
endloop
endfacet
facet normal 0.0 1.0 0.0
outer loop
vertex 76.09503173828125 154.0 72.0855712890625
vertex 87.77154541015625 154.0 69.4278564453125
vertex 88.55294799804688 154.0 68.49664306640625
endloop
endfacet
facet normal 0.7660356187351268 0.0 0.642798126031098
outer loop
vertex 87.77154541015625 144.0 69.4278564453125
vertex 88.55294799804688 154.0 68.49664306640625
vertex 87.77154541015625 154.0 69.4278564453125
endloop
endfacet
facet normal 0.7660463359447309 -0.0 0.6427853538979033
outer loop
vertex 87.77154541015625 144.0 69.4278564453125
vertex 87.77154541015625 154.0 69.4278564453125
vertex 82.65570068359375 154.0 75.52471923828125
endloop
endfacet
facet normal 0.8897629650596225 -4.108940649624122e-07 -0.45642290258940815
outer loop
vertex 78.66522216796875 154.0 61.50628662109375
vertex 76.46194458007812 264.0 57.2110595703125
vertex 78.872802734375 154.0 61.91094970703125
endloop
endfacet
facet normal -0.37460527060886123 -0.0 -0.92718438901443
outer loop
vertex 60.57073974609375 286.0 47.1690673828125
vertex 71.58706665039062 295.0 42.71820068359375
vertex 71.58706665039062 261.0 42.71820068359375
endloop
endfacet
facet normal -0.0 1.0 0.0
outer loop
vertex 60.57073974609375 295.0 47.1690673828125
vertex 67.16278076171875 295.0 53.1658935546875
vertex 71.58706665039062 295.0 42.71820068359375
endloop
endfacet
facet normal 0.9271842940269895 0.0 -0.37460550571190615
outer loop
vertex 71.58706665039062 261.0 42.71820068359375
vertex 71.58706665039062 295.0 42.71820068359375
vertex 76.08233642578125 261.0 53.84442138671875
endloop
endfacet
facet normal 0.0 -0.9999999999999999 0.0
outer loop
vertex 71.58706665039062 261.0 42.71820068359375
vertex 76.08233642578125 261.0 53.84442138671875
vertex 67.7496337890625 261.0 57.2110595703125
endloop
endfacet
facet normal 0.3746073382184489 0.0 0.9271835536466814
outer loop
vertex 67.7496337890625 261.0 57.2110595703125
vertex 76.08233642578125 261.0 53.84442138671875
vertex 67.7496337890625 264.0 57.2110595703125
endloop
endfacet
facet normal 0.0 0.0 -1.0
outer loop
vertex 67.7496337890625 261.0 57.2110595703125
vertex 67.7496337890625 264.0 57.2110595703125
vertex 76.46194458007812 264.0 57.2110595703125
endloop
endfacet
facet normal 0.0 1.0 -0.0
outer loop
vertex 71.58706665039062 295.0 42.71820068359375
vertex 67.16278076171875 295.0 53.1658935546875
vertex 70.86532592773438 295.0 55.95220947265625
endloop
endfacet
facet normal 0.6012984591252399 0.0 -0.7990245071670908
outer loop
vertex 67.16278076171875 295.0 53.1658935546875
vertex 67.16278076171875 298.0 53.1658935546875
vertex 70.86532592773438 295.0 55.95220947265625
endloop
endfacet
facet normal 0.37459997364281 2.3027125210116437e-06 0.9271865290983814
outer loop
vertex 67.7496337890625 264.0 57.2110595703125
vertex 76.08233642578125 295.0 53.84442138671875
vertex 70.86532592773438 286.0 55.95220947265625
endloop
endfacet
facet normal 0.374607338218449 -0.0 0.9271835536466816
outer loop
vertex 67.7496337890625 264.0 57.2110595703125
vertex 76.08233642578125 261.0 53.84442138671875
vertex 76.08233642578125 295.0 53.84442138671875
endloop
endfacet
facet normal 0.9271842940269895 0.0 -0.37460550571190615
outer loop
vertex 71.58706665039062 295.0 42.71820068359375
vertex 76.08233642578125 295.0 53.84442138671875
vertex 76.08233642578125 261.0 53.84442138671875
endloop
endfacet
facet normal -0.0 1.0 -0.0
outer loop
vertex 71.58706665039062 295.0 42.71820068359375
vertex 70.86532592773438 295.0 55.95220947265625
vertex 76.08233642578125 295.0 53.84442138671875
endloop
endfacet
facet normal 0.37460338866794585 0.0 0.9271851493625703
outer loop
vertex 70.86532592773438 286.0 55.95220947265625
vertex 76.08233642578125 295.0 53.84442138671875
vertex 70.86532592773438 295.0 55.95220947265625
endloop
endfacet
facet normal 0.6013037505771941 1.022910017455913e-05 -0.7990205250412314
outer loop
vertex 67.16278076171875 298.0 53.1658935546875
vertex 84.64920043945312 298.0 66.3253173828125
vertex 70.86532592773438 295.0 55.95220947265625
endloop
endfacet
facet normal 0.0 1.0 0.0
outer loop
vertex 56.11700439453125 264.0 61.91094970703125
vertex 76.46194458007812 264.0 57.2110595703125
vertex 67.7496337890625 264.0 57.2110595703125
endloop
endfacet
facet normal -0.0 0.9999999999999999 0.0
outer loop
vertex 56.11700439453125 264.0 61.91094970703125
vertex 78.872802734375 264.0 61.91094970703125
vertex 76.46194458007812 264.0 57.2110595703125
endloop
endfacet
facet normal 0.6013051719630412 0.0 -0.7990194554392887
outer loop
vertex 70.86532592773438 286.0 55.95220947265625
vertex 70.86532592773438 295.0 55.95220947265625
vertex 84.64920043945312 298.0 66.3253173828125
endloop
endfacet
facet normal -0.0 1.0 0.0
outer loop
vertex 67.16278076171875 298.0 53.1658935546875
vertex 70.406494140625 298.0 72.99505615234375
vertex 84.64920043945312 298.0 66.3253173828125
endloop
endfacet
facet normal 0.0 -0.9999999999999999 0.0
outer loop
vertex 70.86532592773438 286.0 55.95220947265625
vertex 84.64920043945312 286.0 66.3253173828125
vertex 70.406494140625 286.0 72.99505615234375
endloop
endfacet
facet normal -0.4545632473647805 0.0 0.8907144627461626
outer loop
vertex 70.406494140625 286.0 72.99505615234375
vertex 80.46923828125 298.0 78.13043212890625
vertex 70.406494140625 298.0 72.99505615234375
endloop
endfacet
facet normal -0.4545632473647805 0.0 0.8907144627461626
outer loop
vertex 70.406494140625 286.0 72.99505615234375
vertex 80.46923828125 286.0 78.13043212890625
vertex 80.46923828125 298.0 78.13043212890625
endloop
endfacet
facet normal 0.8897668705438948 0.0 -0.456415289054304
outer loop
vertex 78.872802734375 154.0 61.91094970703125
vertex 76.46194458007812 264.0 57.2110595703125
vertex 78.872802734375 264.0 61.91094970703125
endloop
endfacet
facet normal 0.6013051719630412 0.0 -0.7990194554392885
outer loop
vertex 70.86532592773438 286.0 55.95220947265625
vertex 84.64920043945312 298.0 66.3253173828125
vertex 84.64920043945312 286.0 66.3253173828125
endloop
endfacet
facet normal 0.5244230750026305 0.0 -0.8514578312545991
outer loop
vertex 84.64920043945312 286.0 66.3253173828125
vertex 88.42401123046875 298.0 68.6502685546875
vertex 88.42401123046875 286.0 68.6502685546875
endloop
endfacet
facet normal 0.5244230750026305 0.0 -0.8514578312545991
outer loop
vertex 84.64920043945312 286.0 66.3253173828125
vertex 84.64920043945312 298.0 66.3253173828125
vertex 88.42401123046875 298.0 68.6502685546875
endloop
endfacet
facet normal 0.0 -1.0 0.0
outer loop
vertex 70.406494140625 286.0 72.99505615234375
vertex 84.64920043945312 286.0 66.3253173828125
vertex 86.21542358398438 286.0 71.28240966796875
endloop
endfacet
facet normal 0.0 0.9999999999999999 0.0
outer loop
vertex 70.406494140625 298.0 72.99505615234375
vertex 88.42401123046875 298.0 68.6502685546875
vertex 84.64920043945312 298.0 66.3253173828125
endloop
endfacet
facet normal 0.0 1.0 0.0
outer loop
vertex 70.406494140625 298.0 72.99505615234375
vertex 86.21542358398438 298.0 71.28240966796875
vertex 88.42401123046875 298.0 68.6502685546875
endloop
endfacet
facet normal 0.0 -0.9999999999999999 0.0
outer loop
vertex 70.406494140625 286.0 72.99505615234375
vertex 86.21542358398438 286.0 71.28240966796875
vertex 80.46923828125 286.0 78.13043212890625
endloop
endfacet
facet normal -0.0 0.9999999999999999 0.0
outer loop
vertex 70.406494140625 298.0 72.99505615234375
vertex 80.46923828125 298.0 78.13043212890625
vertex 86.21542358398438 298.0 71.28240966796875
endloop
endfacet
facet normal 0.7660437721386744 0.0 0.642788409328879
outer loop
vertex 80.46923828125 286.0 78.13043212890625
vertex 86.21542358398438 286.0 71.28240966796875
vertex 80.46923828125 298.0 78.13043212890625
endloop
endfacet
facet normal 0.0 -0.9999999999999999 0.0
outer loop
vertex 84.64920043945312 286.0 66.3253173828125
vertex 88.42401123046875 286.0 68.6502685546875
vertex 86.21542358398438 286.0 71.28240966796875
endloop
endfacet
facet normal 0.7660503173961033 0.0 0.642780608930706
outer loop
vertex 86.21542358398438 286.0 71.28240966796875
vertex 88.42401123046875 298.0 68.6502685546875
vertex 86.21542358398438 298.0 71.28240966796875
endloop
endfacet
facet normal 0.7660503173961033 -0.0 0.642780608930706
outer loop
vertex 88.42401123046875 286.0 68.6502685546875
vertex 88.42401123046875 298.0 68.6502685546875
vertex 86.21542358398438 286.0 71.28240966796875
endloop
endfacet
facet normal 0.7660437721386744 -0.0 0.642788409328879
outer loop
vertex 80.46923828125 298.0 78.13043212890625
vertex 86.21542358398438 286.0 71.28240966796875
vertex 86.21542358398438 298.0 71.28240966796875
endloop
endfacet
facet normal 0.8829476280215881 4.968041322272764e-06 -0.4694714966282509
outer loop
vertex 11.69677734375 295.8000030517578 19.3955078125
vertex 5.92230224609375 288.1999969482422 8.53521728515625
vertex 5.922271728515625 293.6237487792969 8.53521728515625
endloop
endfacet
facet normal 0.8829480406972705 0.0 -0.46947072052349686
outer loop
vertex 11.69677734375 295.8000030517578 19.3955078125
vertex 5.922271728515625 293.6237487792969 8.53521728515625
vertex 5.922271728515625 295.8000030517578 8.53521728515625
endloop
endfacet
facet normal 0.8829490691564029 0.0 -0.46946878626362504
outer loop
vertex 11.69677734375 288.1999969482422 19.3955078125
vertex 5.92230224609375 288.1999969482422 8.53521728515625
vertex 11.69677734375 295.8000030517578 19.3955078125
endloop
endfacet
facet normal 0.0 -1.0 -0.0
outer loop
vertex 24.58782958984375 295.8000030517578 12.54119873046875
vertex 5.922271728515625 295.8000030517578 8.53521728515625
vertex 18.813323974609375 295.8000030517578 1.68096923828125
endloop
endfacet
facet normal -0.8829469470087787 0.0 0.46947277745134175
outer loop
vertex 24.58782958984375 288.1999969482422 12.54119873046875
vertex 18.813323974609375 295.8000030517578 1.68096923828125
vertex 18.813323974609375 288.1999969482422 1.68096923828125
endloop
endfacet
facet normal 0.0 1.0 0.0
outer loop
vertex 11.69677734375 288.1999969482422 19.3955078125
vertex 18.813323974609375 288.1999969482422 1.68096923828125
vertex 5.92230224609375 288.1999969482422 8.53521728515625
endloop
endfacet
facet normal 0.0 -1.0 -0.0
outer loop
vertex 11.69677734375 295.8000030517578 19.3955078125
vertex 5.922271728515625 295.8000030517578 8.53521728515625
vertex 24.58782958984375 295.8000030517578 12.54119873046875
endloop
endfacet
facet normal -0.4694723647402702 0.0 -0.8829471664517524
outer loop
vertex 11.69677734375 288.1999969482422 19.3955078125
vertex 11.69677734375 295.8000030517578 19.3955078125
vertex 24.58782958984375 295.8000030517578 12.54119873046875
endloop
endfacet
facet normal 0.0 1.0 0.0
outer loop
vertex 11.69677734375 288.1999969482422 19.3955078125
vertex 24.58782958984375 288.1999969482422 12.54119873046875
vertex 18.813323974609375 288.1999969482422 1.68096923828125
endloop
endfacet
facet normal -0.4694723647402702 -0.0 -0.8829471664517524
outer loop
vertex 11.69677734375 288.1999969482422 19.3955078125
vertex 24.58782958984375 295.8000030517578 12.54119873046875
vertex 24.58782958984375 288.1999969482422 12.54119873046875
endloop
endfacet
facet normal -0.8829469470087787 0.0 0.46947277745134175
outer loop
vertex 24.58782958984375 288.1999969482422 12.54119873046875
vertex 24.58782958984375 295.8000030517578 12.54119873046875
vertex 18.813323974609375 295.8000030517578 1.68096923828125
endloop
endfacet

endsolid
