solid 
facet normal -0.46946838206479535 0.0 -0.8829492840709842
outer loop
vertex 3.616058349609375 0.0 10.472869873046875
vertex 3.616058349609375 12.0 10.472869873046875
vertex 6.882965087890625 2.1999969482421875 8.73583984375
endloop
endfacet
facet normal -0.46946838206479535 -0.0 -0.882949284070984
outer loop
vertex 3.616058349609375 12.0 10.472869873046875
vertex 6.882965087890625 9.800003051757812 8.73583984375
vertex 6.882965087890625 2.1999969482421875 8.73583984375
endloop
endfacet
facet normal -0.8829470745785954 0.0 0.4694725375281286
outer loop
vertex 3.616058349609375 0.0 10.472869873046875
vertex 6.126983642578125 0.0 15.195220947265625
vertex 6.126983642578125 12.0 15.195220947265625
endloop
endfacet
facet normal -0.8829470745785954 0.0 0.4694725375281286
outer loop
vertex 3.616058349609375 0.0 10.472869873046875
vertex 6.126983642578125 12.0 15.195220947265625
vertex 3.616058349609375 12.0 10.472869873046875
endloop
endfacet
facet normal -0.46947160163135027 6.132564997309086e-06 -0.8829475721831317
outer loop
vertex 3.616058349609375 0.0 10.472869873046875
vertex 6.882965087890625 2.1999969482421875 8.73583984375
vertex 19.77398681640625 2.1999969482421875 1.881561279296875
endloop
endfacet
facet normal 0.0 -1.0 0.0
outer loop
vertex 3.616058349609375 0.0 10.472869873046875
vertex 23.040924072265625 0.0 0.144500732421875
vertex 6.126983642578125 0.0 15.195220947265625
endloop
endfacet
facet normal -0.46947102511133776 -5.034418038504879e-06 -0.8829478787309953
outer loop
vertex 3.616058349609375 12.0 10.472869873046875
vertex 23.040924072265625 12.0 0.144500732421875
vertex 6.882965087890625 9.800003051757812 8.73583984375
endloop
endfacet
facet normal -0.0 1.0 0.0
outer loop
vertex 3.616058349609375 12.0 10.472869873046875
vertex 6.126983642578125 12.0 15.195220947265625
vertex 25.13458251953125 12.0 4.082122802734375
endloop
endfacet
facet normal -0.46947102511717187 7.011863646368499e-07 -0.8829478787419677
outer loop
vertex 3.616058349609375 0.0 10.472869873046875
vertex 19.77398681640625 2.1999969482421875 1.881561279296875
vertex 23.040924072265625 0.0 0.144500732421875
endloop
endfacet
facet normal -0.46947160164014134 3.9697284378817753e-07 -0.8829475721996652
outer loop
vertex 6.882965087890625 9.800003051757812 8.73583984375
vertex 23.040924072265625 12.0 0.144500732421875
vertex 19.77398681640625 9.800003051757812 1.881561279296875
endloop
endfacet
facet normal -0.0 1.0 0.0
outer loop
vertex 6.882965087890625 2.1999969482421875 8.73583984375
vertex 12.657470703125 2.1999969482421875 19.596099853515625
vertex 19.77398681640625 2.1999969482421875 1.881561279296875
endloop
endfacet
facet normal 0.8829474938548215 0.0 -0.4694717489854847
outer loop
vertex 6.882965087890625 2.1999969482421875 8.73583984375
vertex 6.882965087890625 9.800003051757812 8.73583984375
vertex 12.657470703125 9.800003051757812 19.596099853515625
endloop
endfacet
facet normal 0.8829474938548215 0.0 -0.4694717489854847
outer loop
vertex 6.882965087890625 2.1999969482421875 8.73583984375
vertex 12.657470703125 9.800003051757812 19.596099853515625
vertex 12.657470703125 2.1999969482421875 19.596099853515625
endloop
endfacet
facet normal -0.882947398044799 0.0 0.4694719291777935
outer loop
vertex 6.126983642578125 0.0 15.195220947265625
vertex 16.324462890625 3.0 34.373870849609375
vertex 6.126983642578125 12.0 15.195220947265625
endloop
endfacet
facet normal 0.0 -0.9999999999999999 0.0
outer loop
vertex 6.126983642578125 0.0 15.195220947265625
vertex 25.13458251953125 0.0 4.082122802734375
vertex 16.4249267578125 0.0 34.56280517578125
endloop
endfacet
facet normal 0.0 -1.0 0.0
outer loop
vertex 6.882965087890625 9.800003051757812 8.73583984375
vertex 25.54852294921875 9.800003051757812 12.7418212890625
vertex 12.657470703125 9.800003051757812 19.596099853515625
endloop
endfacet
facet normal -0.0 1.0 0.0
outer loop
vertex 6.126983642578125 12.0 15.195220947265625
vertex 16.324462890625 12.0 34.373870849609375
vertex 25.13458251953125 12.0 4.082122802734375
endloop
endfacet
facet normal -0.8829472921528985 -1.6330900697837365e-06 0.4694721283283996
outer loop
vertex 6.126983642578125 0.0 15.195220947265625
vertex 16.4249267578125 0.0 34.56280517578125
vertex 16.324462890625 3.0 34.373870849609375
endloop
endfacet
facet normal -0.882947398044799 0.0 0.46947192917779357
outer loop
vertex 6.126983642578125 12.0 15.195220947265625
vertex 16.324462890625 3.0 34.373870849609375
vertex 16.324462890625 12.0 34.373870849609375
endloop
endfacet
facet normal -0.8829365431264279 0.0 0.46949234372027143
outer loop
vertex 16.324462890625 3.0 34.373870849609375
vertex 16.4249267578125 0.0 34.56280517578125
vertex 16.4249267578125 3.0 34.56280517578125
endloop
endfacet
facet normal 0.0 -1.0 0.0
outer loop
vertex 15.972991943359375 3.0 34.373870849609375
vertex 16.324462890625 3.0 34.373870849609375
vertex 16.4249267578125 3.0 34.56280517578125
endloop
endfacet
facet normal 0.0 0.0 -1.0
outer loop
vertex 15.972991943359375 3.0 34.373870849609375
vertex 15.972991943359375 37.0 34.373870849609375
vertex 16.324462890625 3.0 34.373870849609375
endloop
endfacet
facet normal 0.0 0.0 -1.0
outer loop
vertex 16.324462890625 3.0 34.373870849609375
vertex 15.972991943359375 37.0 34.373870849609375
vertex 16.324462890625 12.0 34.373870849609375
endloop
endfacet
facet normal 0.0 0.0 -0.9999999999999999
outer loop
vertex 16.324462890625 12.0 34.373870849609375
vertex 15.972991943359375 37.0 34.373870849609375
vertex 16.748077392578125 12.0 34.373870849609375
endloop
endfacet
facet normal -1.0 0.0 0.0
outer loop
vertex 15.972991943359375 3.0 34.373870849609375
vertex 15.972991943359375 3.0 46.373870849609375
vertex 15.972991943359375 34.0 41.917999267578125
endloop
endfacet
facet normal -1.0 0.0 0.0
outer loop
vertex 15.972991943359375 3.0 34.373870849609375
vertex 15.972991943359375 34.0 41.917999267578125
vertex 15.972991943359375 37.0 34.373870849609375
endloop
endfacet
facet normal 0.0 0.0 -1.0
outer loop
vertex 13.7305908203125 34.0 41.917999267578125
vertex 15.972991943359375 37.0 41.917999267578125
vertex 15.972991943359375 34.0 41.917999267578125
endloop
endfacet
facet normal -0.9999999999999999 0.0 0.0
outer loop
vertex 15.972991943359375 37.0 34.373870849609375
vertex 15.972991943359375 34.0 41.917999267578125
vertex 15.972991943359375 37.0 41.917999267578125
endloop
endfacet
facet normal 0.0 -1.0 0.0
outer loop
vertex 13.7305908203125 34.0 41.917999267578125
vertex 15.972991943359375 34.0 46.373870849609375
vertex 13.972991943359375 34.0 48.373870849609375
endloop
endfacet
facet normal -1.0 0.0 0.0
outer loop
vertex 15.972991943359375 3.0 46.373870849609375
vertex 15.972991943359375 34.0 46.373870849609375
vertex 15.972991943359375 34.0 41.917999267578125
endloop
endfacet
facet normal 0.0 -1.0 0.0
outer loop
vertex 13.7305908203125 34.0 41.917999267578125
vertex 15.972991943359375 34.0 41.917999267578125
vertex 15.972991943359375 34.0 46.373870849609375
endloop
endfacet
facet normal -0.9992958412396236 0.0 0.03752094989726268
outer loop
vertex 13.7305908203125 34.0 41.917999267578125
vertex 13.972991943359375 34.0 48.373870849609375
vertex 13.972991943359375 142.0 48.373870849609375
endloop
endfacet
facet normal -0.9992958412396237 0.0 0.03752094989726268
outer loop
vertex 0.0 142.0 16.094512939453125
vertex 0.242401123046875 142.0 22.550384521484375
vertex 0.0 154.0 16.094512939453125
endloop
endfacet
facet normal 0.0 0.0 -1.0
outer loop
vertex 0.0 142.0 16.094512939453125
vertex 5.142852783203125 154.0 16.094512939453125
vertex 13.74920654296875 144.0 16.094512939453125
endloop
endfacet
facet normal -0.0 -1.0 0.0
outer loop
vertex 0.0 142.0 16.094512939453125
vertex 24.90570068359375 142.0 30.082244873046875
vertex 0.242401123046875 142.0 22.550384521484375
endloop
endfacet
facet normal -0.46947315367342546 0.0 -0.8829467469671818
outer loop
vertex 12.010986328125 146.20000004768372 6.00921630859375
vertex 9.185546875 144.0 7.51153564453125
vertex 9.185546875 154.0 7.51153564453125
endloop
endfacet
facet normal -0.882946944663037 0.0 0.46947278186302555
outer loop
vertex 9.185546875 144.0 7.51153564453125
vertex 12.46527099609375 144.0 13.679779052734375
vertex 12.46527099609375 154.0 13.679779052734375
endloop
endfacet
facet normal -0.46947199312853155 -1.911858585006774e-06 -0.8829473640394817
outer loop
vertex 12.010986328125 146.20000004768372 6.00921630859375
vertex 20.487274169921875 146.20000004768372 1.502288818359375
vertex 9.185546875 144.0 7.51153564453125
endloop
endfacet
facet normal 0.0 -0.9999999999999999 0.0
outer loop
vertex 9.185546875 144.0 7.51153564453125
vertex 23.312713623046875 144.0 0.0
vertex 12.46527099609375 144.0 13.679779052734375
endloop
endfacet
facet normal -0.0 0.9999999999999999 0.0
outer loop
vertex 12.010986328125 146.20000004768372 6.00921630859375
vertex 17.785491943359375 146.20000004768372 16.8695068359375
vertex 20.487274169921875 146.20000004768372 1.502288818359375
endloop
endfacet
facet normal -0.8829477801442928 0.0 0.46947121055317703
outer loop
vertex 12.46527099609375 144.0 13.679779052734375
vertex 13.74920654296875 144.0 16.094512939453125
vertex 13.74920654296875 154.0 16.094512939453125
endloop
endfacet
facet normal 0.8829480406972705 0.0 -0.46947072052349686
outer loop
vertex 12.010986328125 146.20000004768372 6.00921630859375
vertex 17.785491943359375 151.79999995231628 16.8695068359375
vertex 17.785491943359375 146.20000004768372 16.8695068359375
endloop
endfacet
facet normal 0.0 0.0 -1.0
outer loop
vertex 0.0 142.0 16.094512939453125
vertex 13.74920654296875 144.0 16.094512939453125
vertex 31.870330810546875 144.0 16.094512939453125
endloop
endfacet
facet normal -0.9992958412396236 0.0 0.03752094989726268
outer loop
vertex 13.7305908203125 34.0 41.917999267578125
vertex 13.972991943359375 142.0 48.373870849609375
vertex 13.7305908203125 142.0 41.917999267578125
endloop
endfacet
facet normal 0.0 -1.0 0.0
outer loop
vertex 0.242401123046875 142.0 22.550384521484375
vertex 25.3096923828125 142.0 40.842010498046875
vertex 13.7305908203125 142.0 41.917999267578125
endloop
endfacet
facet normal 0.0 -1.0 0.0
outer loop
vertex 0.242401123046875 142.0 22.550384521484375
vertex 24.90570068359375 142.0 30.082244873046875
vertex 25.3096923828125 142.0 40.842010498046875
endloop
endfacet
facet normal 0.0 -1.0 0.0
outer loop
vertex 0.242401123046875 142.0 22.550384521484375
vertex 13.7305908203125 142.0 41.917999267578125
vertex 13.972991943359375 142.0 48.373870849609375
endloop
endfacet
facet normal -0.8829475987936609 0.0 0.4694715516242792
outer loop
vertex 0.242401123046875 142.0 22.550384521484375
vertex 13.972991943359375 142.0 48.373870849609375
vertex 13.972991943359375 144.0 48.373870849609375
endloop
endfacet
facet normal -0.882947598793661 0.0 0.4694715516242793
outer loop
vertex 0.242401123046875 142.0 22.550384521484375
vertex 13.972991943359375 144.0 48.373870849609375
vertex 13.972991943359375 156.0 48.373870849609375
endloop
endfacet
facet normal 0.0 1.0 0.0
outer loop
vertex 3.616058349609375 12.0 10.472869873046875
vertex 25.13458251953125 12.0 4.082122802734375
vertex 23.040924072265625 12.0 0.144500732421875
endloop
endfacet
facet normal -0.46947139323332393 0.0 -0.882947683011605
outer loop
vertex 19.77398681640625 2.1999969482421875 1.881561279296875
vertex 19.77398681640625 9.800003051757812 1.881561279296875
vertex 23.040924072265625 1.2627105712890625 0.144500732421875
endloop
endfacet
facet normal 0.0 -1.0 0.0
outer loop
vertex 6.126983642578125 0.0 15.195220947265625
vertex 23.040924072265625 0.0 0.144500732421875
vertex 25.13458251953125 0.0 4.082122802734375
endloop
endfacet
facet normal 0.0 -1.0 0.0
outer loop
vertex 6.882965087890625 9.800003051757812 8.73583984375
vertex 19.77398681640625 9.800003051757812 1.881561279296875
vertex 25.54852294921875 9.800003051757812 12.7418212890625
endloop
endfacet
facet normal 0.0 1.0 0.0
outer loop
vertex 12.657470703125 2.1999969482421875 19.596099853515625
vertex 25.54852294921875 2.1999969482421875 12.7418212890625
vertex 19.77398681640625 2.1999969482421875 1.881561279296875
endloop
endfacet
facet normal -0.4694713932333238 -0.0 -0.8829476830116049
outer loop
vertex 19.77398681640625 2.1999969482421875 1.881561279296875
vertex 23.040924072265625 1.2627105712890625 0.144500732421875
vertex 23.040924072265625 0.0 0.144500732421875
endloop
endfacet
facet normal -0.469471393233324 -0.0 -0.8829476830116051
outer loop
vertex 19.77398681640625 9.800003051757812 1.881561279296875
vertex 23.040924072265625 12.0 0.144500732421875
vertex 23.040924072265625 1.2627105712890625 0.144500732421875
endloop
endfacet
facet normal -0.8829464653899782 0.0 0.4694736832404387
outer loop
vertex 19.77398681640625 2.1999969482421875 1.881561279296875
vertex 25.54852294921875 2.1999969482421875 12.7418212890625
vertex 19.77398681640625 9.800003051757812 1.881561279296875
endloop
endfacet
facet normal 0.8829487403921072 0.0 -0.4694694045835053
outer loop
vertex 23.040924072265625 0.0 0.144500732421875
vertex 23.040924072265625 1.2627105712890625 0.144500732421875
vertex 25.13458251953125 0.0 4.082122802734375
endloop
endfacet
facet normal 0.8829487403921075 0.0 -0.4694694045835054
outer loop
vertex 23.040924072265625 1.2627105712890625 0.144500732421875
vertex 23.040924072265625 12.0 0.144500732421875
vertex 25.13458251953125 0.0 4.082122802734375
endloop
endfacet
facet normal 0.8829487403921074 0.0 -0.46946940458350533
outer loop
vertex 23.040924072265625 12.0 0.144500732421875
vertex 25.13458251953125 12.0 4.082122802734375
vertex 25.13458251953125 0.0 4.082122802734375
endloop
endfacet
facet normal -0.8829464653899782 0.0 0.4694736832404387
outer loop
vertex 19.77398681640625 9.800003051757812 1.881561279296875
vertex 25.54852294921875 2.1999969482421875 12.7418212890625
vertex 25.54852294921875 9.800003051757812 12.7418212890625
endloop
endfacet
facet normal -0.46947073519478544 0.0 -0.8829480328964256
outer loop
vertex 12.657470703125 2.1999969482421875 19.596099853515625
vertex 12.657470703125 9.800003051757812 19.596099853515625
vertex 25.54852294921875 9.800003051757812 12.7418212890625
endloop
endfacet
facet normal -0.46947073519478544 -0.0 -0.8829480328964256
outer loop
vertex 12.657470703125 2.1999969482421875 19.596099853515625
vertex 25.54852294921875 9.800003051757812 12.7418212890625
vertex 25.54852294921875 2.1999969482421875 12.7418212890625
endloop
endfacet
facet normal 0.8829472921540759 0.0 -0.46947212832902563
outer loop
vertex 25.13458251953125 0.0 4.082122802734375
vertex 25.13458251953125 12.0 4.082122802734375
vertex 35.432525634765625 12.0 23.44970703125
endloop
endfacet
facet normal 0.0 -0.9999999999999999 0.0
outer loop
vertex 16.4249267578125 0.0 34.56280517578125
vertex 25.13458251953125 0.0 4.082122802734375
vertex 35.432525634765625 0.0 23.44970703125
endloop
endfacet
facet normal 0.0 0.9999999999999999 0.0
outer loop
vertex 16.324462890625 12.0 34.373870849609375
vertex 35.432525634765625 12.0 23.44970703125
vertex 25.13458251953125 12.0 4.082122802734375
endloop
endfacet
facet normal 0.8829472921540759 0.0 -0.46947212832902563
outer loop
vertex 25.13458251953125 0.0 4.082122802734375
vertex 35.432525634765625 12.0 23.44970703125
vertex 35.432525634765625 0.0 23.44970703125
endloop
endfacet
facet normal -0.0 1.0 0.0
outer loop
vertex 16.324462890625 12.0 34.373870849609375
vertex 16.748077392578125 12.0 34.373870849609375
vertex 35.432525634765625 12.0 23.44970703125
endloop
endfacet
facet normal 0.0 -1.0 0.0
outer loop
vertex 15.972991943359375 3.0 34.373870849609375
vertex 16.4249267578125 3.0 34.56280517578125
vertex 22.704986572265625 3.0 46.373870849609375
endloop
endfacet
facet normal -0.8829474441888011 0.0 0.4694718423936243
outer loop
vertex 16.4249267578125 0.0 34.56280517578125
vertex 22.704986572265625 3.0 46.373870849609375
vertex 16.4249267578125 3.0 34.56280517578125
endloop
endfacet
facet normal 0.0 -1.0 0.0
outer loop
vertex 15.972991943359375 3.0 34.373870849609375
vertex 22.704986572265625 3.0 46.373870849609375
vertex 15.972991943359375 3.0 46.373870849609375
endloop
endfacet
facet normal 0.0 -0.0 0.9999999999999999
outer loop
vertex 15.972991943359375 3.0 46.373870849609375
vertex 22.704986572265625 12.0 46.373870849609375
vertex 15.972991943359375 34.0 46.373870849609375
endloop
endfacet
facet normal 0.0 0.0 1.0
outer loop
vertex 15.972991943359375 3.0 46.373870849609375
vertex 22.704986572265625 3.0 46.373870849609375
vertex 22.704986572265625 12.0 46.373870849609375
endloop
endfacet
facet normal -0.8829472921531553 -1.44399632397746e-06 0.46947212832853613
outer loop
vertex 16.4249267578125 0.0 34.56280517578125
vertex 26.722869873046875 0.0 53.930389404296875
vertex 22.704986572265625 3.0 46.373870849609375
endloop
endfacet
facet normal 0.0 0.0 -1.0
outer loop
vertex 16.748077392578125 12.0 34.373870849609375
vertex 15.972991943359375 37.0 34.373870849609375
vertex 47.972991943359375 37.0 34.373870849609375
endloop
endfacet
facet normal -0.0 1.0 0.0
outer loop
vertex 16.748077392578125 12.0 34.373870849609375
vertex 41.240997314453125 12.0 34.373870849609375
vertex 35.432525634765625 12.0 23.44970703125
endloop
endfacet
facet normal 0.0 -0.9999999999999999 0.0
outer loop
vertex 16.4249267578125 0.0 34.56280517578125
vertex 35.432525634765625 0.0 23.44970703125
vertex 26.722869873046875 0.0 53.930389404296875
endloop
endfacet
facet normal 0.0 1.0 0.0
outer loop
vertex 15.972991943359375 37.0 34.373870849609375
vertex 15.972991943359375 37.0 41.917999267578125
vertex 47.972991943359375 37.0 41.917999267578125
endloop
endfacet
facet normal -0.0 0.0 0.9999999999999999
outer loop
vertex 15.972991943359375 34.0 46.373870849609375
vertex 22.704986572265625 12.0 46.373870849609375
vertex 39.64739990234375 12.0 46.373870849609375
endloop
endfacet
facet normal 0.0 -1.0 0.0
outer loop
vertex 15.972991943359375 34.0 46.373870849609375
vertex 49.972991943359375 34.0 48.373870849609375
vertex 13.972991943359375 34.0 48.373870849609375
endloop
endfacet
facet normal 0.0 -0.0 -1.0
outer loop
vertex 13.7305908203125 34.0 41.917999267578125
vertex 49.7305908203125 142.0 41.917999267578125
vertex 15.972991943359375 37.0 41.917999267578125
endloop
endfacet
facet normal -0.46947097036946367 -8.651219111247357e-06 -0.8829479078096911
outer loop
vertex 9.185546875 144.0 7.51153564453125
vertex 20.487274169921875 146.20000004768372 1.502288818359375
vertex 23.312713623046875 144.0 0.0
endloop
endfacet
facet normal 0.0 -1.0 0.0
outer loop
vertex 12.46527099609375 144.0 13.679779052734375
vertex 23.312713623046875 144.0 0.0
vertex 26.288970947265625 144.0 5.5975341796875
endloop
endfacet
facet normal -0.46946571885256116 0.0 -0.8829507001085893
outer loop
vertex 20.487274169921875 146.20000004768372 1.502288818359375
vertex 20.487274169921875 151.79999995231628 1.502288818359375
vertex 23.312713623046875 144.0 0.0
endloop
endfacet
facet normal -0.8829480406972705 0.0 0.46947072052349686
outer loop
vertex 20.487274169921875 146.20000004768372 1.502288818359375
vertex 26.26177978515625 146.20000004768372 12.362579345703125
vertex 20.487274169921875 151.79999995231628 1.502288818359375
endloop
endfacet
facet normal 0.8829478801090029 0.0 -0.4694710225466722
outer loop
vertex 23.312713623046875 144.0 0.0
vertex 23.312713623046875 154.0 0.0
vertex 26.288970947265625 144.0 5.5975341796875
endloop
endfacet
facet normal -0.0 0.9999999999999999 -0.0
outer loop
vertex 20.487274169921875 146.20000004768372 1.502288818359375
vertex 17.785491943359375 146.20000004768372 16.8695068359375
vertex 26.26177978515625 146.20000004768372 12.362579345703125
endloop
endfacet
facet normal 0.0 -1.0 0.0
outer loop
vertex 12.46527099609375 144.0 13.679779052734375
vertex 26.288970947265625 144.0 5.5975341796875
vertex 31.870330810546875 144.0 16.094512939453125
endloop
endfacet
facet normal 0.0 -1.0 0.0
outer loop
vertex 12.46527099609375 144.0 13.679779052734375
vertex 31.870330810546875 144.0 16.094512939453125
vertex 13.74920654296875 144.0 16.094512939453125
endloop
endfacet
facet normal 0.0 -0.9999999999999999 0.0
outer loop
vertex 0.0 142.0 16.094512939453125
vertex 36.0 142.0 16.094512939453125
vertex 24.90570068359375 142.0 30.082244873046875
endloop
endfacet
facet normal 0.0 0.0 -1.0
outer loop
vertex 0.0 142.0 16.094512939453125
vertex 31.870330810546875 144.0 16.094512939453125
vertex 36.0 142.0 16.094512939453125
endloop
endfacet
facet normal -0.4694719931293895 -0.0 -0.8829473640410952
outer loop
vertex 17.785491943359375 146.20000004768372 16.8695068359375
vertex 26.26177978515625 151.79999995231628 12.362579345703125
vertex 26.26177978515625 146.20000004768372 12.362579345703125
endloop
endfacet
facet normal 0.8829469913061627 0.0 -0.469472694140346
outer loop
vertex 26.288970947265625 144.0 5.5975341796875
vertex 31.870330810546875 154.0 16.094512939453125
vertex 31.870330810546875 144.0 16.094512939453125
endloop
endfacet
facet normal 0.0 0.0 -1.0
outer loop
vertex 31.870330810546875 144.0 16.094512939453125
vertex 31.870330810546875 154.0 16.094512939453125
vertex 36.0 142.0 16.094512939453125
endloop
endfacet
facet normal -0.9992958740023608 0.0 0.03752007731678632
outer loop
vertex 24.90570068359375 138.0 30.082244873046875
vertex 25.3096923828125 142.0 40.842010498046875
vertex 24.90570068359375 142.0 30.082244873046875
endloop
endfacet
facet normal -0.9992958740023608 0.0 0.03752007731678632
outer loop
vertex 24.90570068359375 138.0 30.082244873046875
vertex 25.3096923828125 138.0 40.842010498046875
vertex 25.3096923828125 142.0 40.842010498046875
endloop
endfacet
facet normal 0.0 0.0 -1.0
outer loop
vertex 13.7305908203125 34.0 41.917999267578125
vertex 13.7305908203125 142.0 41.917999267578125
vertex 49.7305908203125 142.0 41.917999267578125
endloop
endfacet
facet normal -0.32236143840724596 0.0 -0.946616661076706
outer loop
vertex 24.90570068359375 138.0 30.082244873046875
vertex 24.90570068359375 142.0 30.082244873046875
vertex 35.437713623046875 142.0 26.49566650390625
endloop
endfacet
facet normal 0.35109264981911253 -0.9362479255347448 -0.013182305370488666
outer loop
vertex 24.90570068359375 138.0 30.082244873046875
vertex 35.437713623046875 142.0 26.49566650390625
vertex 25.3096923828125 138.0 40.842010498046875
endloop
endfacet
facet normal 0.0 -1.0 0.0
outer loop
vertex 24.90570068359375 142.0 30.082244873046875
vertex 36.0 142.0 16.094512939453125
vertex 35.437713623046875 142.0 26.49566650390625
endloop
endfacet
facet normal 0.3510932280546129 -0.936247715269383 -0.013181838530792144
outer loop
vertex 25.3096923828125 138.0 40.842010498046875
vertex 35.437713623046875 142.0 26.49566650390625
vertex 35.976348876953125 142.0 40.842010498046875
endloop
endfacet
facet normal 0.0 -0.0 1.0
outer loop
vertex 25.3096923828125 138.0 40.842010498046875
vertex 35.976348876953125 142.0 40.842010498046875
vertex 25.3096923828125 142.0 40.842010498046875
endloop
endfacet
facet normal 0.0 -1.0 0.0
outer loop
vertex 13.7305908203125 142.0 41.917999267578125
vertex 25.3096923828125 142.0 40.842010498046875
vertex 49.7305908203125 142.0 41.917999267578125
endloop
endfacet
facet normal -0.882947054519149 0.0 0.4694725752543581
outer loop
vertex 22.704986572265625 3.0 46.373870849609375
vertex 26.722869873046875 0.0 53.930389404296875
vertex 22.704986572265625 12.0 46.373870849609375
endloop
endfacet
facet normal -0.882947054519149 0.0 0.4694725752543581
outer loop
vertex 22.704986572265625 12.0 46.373870849609375
vertex 26.722869873046875 0.0 53.930389404296875
vertex 26.722869873046875 12.0 53.930389404296875
endloop
endfacet
facet normal -0.0 1.0 0.0
outer loop
vertex 22.704986572265625 12.0 46.373870849609375
vertex 26.722869873046875 12.0 53.930389404296875
vertex 39.64739990234375 12.0 46.373870849609375
endloop
endfacet
facet normal -0.8829481754975095 0.0 0.4694704670004484
outer loop
vertex 26.722869873046875 0.0 53.930389404296875
vertex 37.020782470703125 12.0 73.29800415039062
vertex 26.722869873046875 12.0 53.930389404296875
endloop
endfacet
facet normal -0.8829481754975095 0.0 0.4694704670004484
outer loop
vertex 26.722869873046875 0.0 53.930389404296875
vertex 37.020782470703125 0.0 73.29800415039062
vertex 37.020782470703125 12.0 73.29800415039062
endloop
endfacet
facet normal 0.0 0.0 1.0
outer loop
vertex 13.972991943359375 144.0 48.373870849609375
vertex 30.91241455078125 144.0 48.373870849609375
vertex 30.91241455078125 154.0 48.373870849609375
endloop
endfacet
facet normal 0.0 -0.0 1.0
outer loop
vertex 13.972991943359375 34.0 48.373870849609375
vertex 49.392333984375 142.2258062362671 48.373870849609375
vertex 13.972991943359375 142.0 48.373870849609375
endloop
endfacet
facet normal 0.0 -0.0 1.0
outer loop
vertex 13.972991943359375 142.0 48.373870849609375
vertex 49.392333984375 142.2258062362671 48.373870849609375
vertex 13.972991943359375 144.0 48.373870849609375
endloop
endfacet
facet normal -0.0 -0.0 1.0
outer loop
vertex 13.972991943359375 144.0 48.373870849609375
vertex 49.392333984375 142.2258062362671 48.373870849609375
vertex 30.91241455078125 144.0 48.373870849609375
endloop
endfacet
facet normal -0.8829474904297151 0.0 0.4694717554271697
outer loop
vertex 30.91241455078125 144.0 48.373870849609375
vertex 33.061126708984375 144.0 52.415008544921875
vertex 30.91241455078125 154.0 48.373870849609375
endloop
endfacet
facet normal -0.9992960183442652 0.0 0.03751623277060381
outer loop
vertex 27.461181640625 142.0 67.74148559570312
vertex 27.70355224609375 142.0 74.19735717773438
vertex 27.461181640625 154.0 67.74148559570312
endloop
endfacet
facet normal 0.0 0.0 -1.0
outer loop
vertex 27.461181640625 142.0 67.74148559570312
vertex 27.461181640625 154.0 67.74148559570312
vertex 41.21038818359375 144.0 67.74148559570312
endloop
endfacet
facet normal 0.0 0.0 -0.9999999999999999
outer loop
vertex 0.0 142.0 16.094512939453125
vertex 0.0 154.0 16.094512939453125
vertex 5.142852783203125 154.0 16.094512939453125
endloop
endfacet
facet normal -0.9992959618733768 -1.7310059349283572e-06 0.03751773687959367
outer loop
vertex 0.242401123046875 142.0 22.550384521484375
vertex 0.00390625 155.7741937637329 16.198638916015625
vertex 0.0 154.0 16.094512939453125
endloop
endfacet
facet normal -0.9992958211327667 0.0 0.03752148539956265
outer loop
vertex 0.242401123046875 142.0 22.550384521484375
vertex 0.242401123046875 154.0 22.550384521484375
vertex 0.00390625 155.7741937637329 16.198638916015625
endloop
endfacet
facet normal -0.9992958211327666 0.0 0.03752148539956264
outer loop
vertex 0.00390625 155.7741937637329 16.198638916015625
vertex 0.242401123046875 154.0 22.550384521484375
vertex 0.242401123046875 156.0 22.550384521484375
endloop
endfacet
facet normal -0.999297067228552 0.0 0.0374882838819621
outer loop
vertex 0.0 154.0 16.094512939453125
vertex 0.00390625 155.7741937637329 16.198638916015625
vertex 0.0 264.0 16.094512939453125
endloop
endfacet
facet normal -0.9992958211327667 0.0 0.03752148539956265
outer loop
vertex 0.00390625 155.7741937637329 16.198638916015625
vertex 0.242401123046875 156.0 22.550384521484375
vertex 0.242401123046875 264.0 22.550384521484375
endloop
endfacet
facet normal -0.882946944663037 0.0 0.46947278186302555
outer loop
vertex 9.185546875 144.0 7.51153564453125
vertex 12.46527099609375 154.0 13.679779052734375
vertex 9.185546875 154.0 7.51153564453125
endloop
endfacet
facet normal -0.4694731536734254 0.0 -0.8829467469671816
outer loop
vertex 12.010986328125 146.20000004768372 6.00921630859375
vertex 9.185546875 154.0 7.51153564453125
vertex 12.010986328125 151.79999995231628 6.00921630859375
endloop
endfacet
facet normal -0.4694709703839955 3.596704149255361e-06 -0.8829479078370215
outer loop
vertex 12.010986328125 151.79999995231628 6.00921630859375
vertex 9.185546875 154.0 7.51153564453125
vertex 23.312713623046875 154.0 0.0
endloop
endfacet
facet normal 0.8829480406972705 0.0 -0.46947072052349686
outer loop
vertex 12.010986328125 146.20000004768372 6.00921630859375
vertex 12.010986328125 151.79999995231628 6.00921630859375
vertex 17.785491943359375 151.79999995231628 16.8695068359375
endloop
endfacet
facet normal -0.0 1.0 0.0
outer loop
vertex 9.185546875 154.0 7.51153564453125
vertex 12.46527099609375 154.0 13.679779052734375
vertex 26.288970947265625 154.0 5.5975341796875
endloop
endfacet
facet normal 0.0 0.0 -1.0
outer loop
vertex 13.74920654296875 144.0 16.094512939453125
vertex 5.142852783203125 154.0 16.094512939453125
vertex 13.74920654296875 154.0 16.094512939453125
endloop
endfacet
facet normal 0.0 -0.0 -1.0
outer loop
vertex 5.142852783203125 154.0 16.094512939453125
vertex 14.153778076171875 156.0 16.094512939453125
vertex 13.74920654296875 154.0 16.094512939453125
endloop
endfacet
facet normal -0.8829477801442928 0.0 0.46947121055317703
outer loop
vertex 12.46527099609375 144.0 13.679779052734375
vertex 13.74920654296875 154.0 16.094512939453125
vertex 12.46527099609375 154.0 13.679779052734375
endloop
endfacet
facet normal 0.0 -0.0 -0.9999999999999999
outer loop
vertex 0.0 154.0 16.094512939453125
vertex 36.0 264.0 16.094512939453125
vertex 5.142852783203125 154.0 16.094512939453125
endloop
endfacet
facet normal -0.882947598793661 0.0 0.4694715516242793
outer loop
vertex 0.242401123046875 142.0 22.550384521484375
vertex 13.972991943359375 156.0 48.373870849609375
vertex 0.242401123046875 154.0 22.550384521484375
endloop
endfacet
facet normal -0.8829475987936609 0.0 0.4694715516242792
outer loop
vertex 0.242401123046875 154.0 22.550384521484375
vertex 13.972991943359375 156.0 48.373870849609375
vertex 0.242401123046875 156.0 22.550384521484375
endloop
endfacet
facet normal -0.0 1.0 0.0
outer loop
vertex 0.242401123046875 156.0 22.550384521484375
vertex 13.972991943359375 156.0 48.373870849609375
vertex 24.90570068359375 156.0 30.082244873046875
endloop
endfacet
facet normal 0.0 0.0 -0.9999999999999999
outer loop
vertex 0.0 154.0 16.094512939453125
vertex 0.0 264.0 16.094512939453125
vertex 2.242401123046875 261.0 16.094512939453125
endloop
endfacet
facet normal -0.999295841239623 3.1472805620820266e-08 0.03752094989726266
outer loop
vertex 0.00390625 155.7741937637329 16.198638916015625
vertex 0.242401123046875 264.0 22.550384521484375
vertex 0.0 264.0 16.094512939453125
endloop
endfacet
facet normal 0.0 -1.0 0.0
outer loop
vertex 2.242401123046875 261.0 11.203277587890625
vertex 7.23175048828125 261.0 8.550384521484375
vertex 2.242401123046875 261.0 16.094512939453125
endloop
endfacet
facet normal -0.46947279769416306 0.0 -0.8829469362454436
outer loop
vertex 2.242401123046875 261.0 11.203277587890625
vertex 2.242401123046875 295.0 11.203277587890625
vertex 7.23175048828125 286.0 8.550384521484375
endloop
endfacet
facet normal -0.46947279769416306 -0.0 -0.8829469362454435
outer loop
vertex 2.242401123046875 261.0 11.203277587890625
vertex 7.23175048828125 286.0 8.550384521484375
vertex 7.23175048828125 261.0 8.550384521484375
endloop
endfacet
facet normal -0.46948219186040835 -6.680241331480596e-06 -0.8829419411724201
outer loop
vertex 2.242401123046875 295.0 11.203277587890625
vertex 3.616058349609375 295.0 10.472869873046875
vertex 7.23175048828125 286.0 8.550384521484375
endloop
endfacet
facet normal -0.4694683820647953 0.0 -0.882949284070984
outer loop
vertex 3.616058349609375 295.0 10.472869873046875
vertex 3.616058349609375 295.8679656982422 10.472869873046875
vertex 6.882965087890625 293.4863586425781 8.73583984375
endloop
endfacet
facet normal -0.46946838206479535 -0.0 -0.882949284070984
outer loop
vertex 3.616058349609375 295.0 10.472869873046875
vertex 6.882965087890625 293.4863586425781 8.73583984375
vertex 6.882965087890625 288.1999969482422 8.73583984375
endloop
endfacet
facet normal -0.46946405949369246 2.6637749147821533e-06 -0.8829515823852445
outer loop
vertex 3.616058349609375 295.0 10.472869873046875
vertex 6.882965087890625 288.1999969482422 8.73583984375
vertex 7.23175048828125 286.0 8.550384521484375
endloop
endfacet
facet normal -0.46946838206479535 -0.0 -0.8829492840709842
outer loop
vertex 3.616058349609375 295.8679656982422 10.472869873046875
vertex 6.882965087890625 295.8000030517578 8.73583984375
vertex 6.882965087890625 293.4863586425781 8.73583984375
endloop
endfacet
facet normal 0.0 0.0 -1.0
outer loop
vertex 0.0 264.0 16.094512939453125
vertex 2.242401123046875 264.0 16.094512939453125
vertex 2.242401123046875 261.0 16.094512939453125
endloop
endfacet
facet normal -0.0 1.0 0.0
outer loop
vertex 0.0 264.0 16.094512939453125
vertex 2.242401123046875 264.0 20.550384521484375
vertex 2.242401123046875 264.0 16.094512939453125
endloop
endfacet
facet normal -1.0 0.0 0.0
outer loop
vertex 2.242401123046875 261.0 11.203277587890625
vertex 2.242401123046875 261.0 16.094512939453125
vertex 2.242401123046875 264.0 16.094512939453125
endloop
endfacet
facet normal -1.0 0.0 0.0
outer loop
vertex 2.242401123046875 261.0 11.203277587890625
vertex 2.242401123046875 264.0 16.094512939453125
vertex 2.242401123046875 295.0 20.550384521484375
endloop
endfacet
facet normal -0.0 1.0 0.0
outer loop
vertex 0.0 264.0 16.094512939453125
vertex 0.242401123046875 264.0 22.550384521484375
vertex 2.242401123046875 264.0 20.550384521484375
endloop
endfacet
facet normal -1.0 0.0 0.0
outer loop
vertex 2.242401123046875 264.0 16.094512939453125
vertex 2.242401123046875 264.0 20.550384521484375
vertex 2.242401123046875 295.0 20.550384521484375
endloop
endfacet
facet normal -1.0 0.0 0.0
outer loop
vertex 2.242401123046875 261.0 11.203277587890625
vertex 2.242401123046875 295.0 20.550384521484375
vertex 2.242401123046875 295.0 11.203277587890625
endloop
endfacet
facet normal -0.0 1.0 0.0
outer loop
vertex 2.242401123046875 295.0 11.203277587890625
vertex 6.126983642578125 295.0 15.195220947265625
vertex 3.616058349609375 295.0 10.472869873046875
endloop
endfacet
facet normal -0.0 1.0 0.0
outer loop
vertex 2.242401123046875 295.0 11.203277587890625
vertex 2.242401123046875 295.0 20.550384521484375
vertex 6.126983642578125 295.0 15.195220947265625
endloop
endfacet
facet normal -0.8829470745785956 0.0 0.4694725375281287
outer loop
vertex 3.616058349609375 295.0 10.472869873046875
vertex 6.126983642578125 295.0 15.195220947265625
vertex 3.616058349609375 295.8679656982422 10.472869873046875
endloop
endfacet
facet normal -0.8829470745785954 0.0 0.4694725375281286
outer loop
vertex 3.616058349609375 295.8679656982422 10.472869873046875
vertex 6.126983642578125 298.0 15.195220947265625
vertex 3.616058349609375 298.0 10.472869873046875
endloop
endfacet
facet normal -0.8829470745785954 0.0 0.4694725375281286
outer loop
vertex 3.616058349609375 295.8679656982422 10.472869873046875
vertex 6.126983642578125 295.0 15.195220947265625
vertex 6.126983642578125 298.0 15.195220947265625
endloop
endfacet
facet normal -0.8829482345291191 0.0 0.4694703559777887
outer loop
vertex 6.126983642578125 295.0 15.195220947265625
vertex 8.974365234375 295.0 20.550384521484375
vertex 6.126983642578125 298.0 15.195220947265625
endloop
endfacet
facet normal 0.0 -0.0 1.0
outer loop
vertex 2.242401123046875 264.0 20.550384521484375
vertex 8.974365234375 295.0 20.550384521484375
vertex 2.242401123046875 295.0 20.550384521484375
endloop
endfacet
facet normal -0.0 1.0 0.0
outer loop
vertex 2.242401123046875 295.0 20.550384521484375
vertex 8.974365234375 295.0 20.550384521484375
vertex 6.126983642578125 295.0 15.195220947265625
endloop
endfacet
facet normal 0.0 0.0 1.0
outer loop
vertex 2.242401123046875 264.0 20.550384521484375
vertex 8.974365234375 286.0 20.550384521484375
vertex 8.974365234375 295.0 20.550384521484375
endloop
endfacet
facet normal 0.0 0.0 -0.9999999999999999
outer loop
vertex 0.0 154.0 16.094512939453125
vertex 2.242401123046875 261.0 16.094512939453125
vertex 34.242401123046875 261.0 16.094512939453125
endloop
endfacet
facet normal 0.0 -0.0 1.0
outer loop
vertex 0.242401123046875 156.0 22.550384521484375
vertex 36.242401123046875 264.0 22.550384521484375
vertex 0.242401123046875 264.0 22.550384521484375
endloop
endfacet
facet normal 0.0 0.0 -1.0
outer loop
vertex 7.23175048828125 261.0 8.550384521484375
vertex 7.23175048828125 286.0 8.550384521484375
vertex 17.492156982421875 286.0 8.550384521484375
endloop
endfacet
facet normal -0.4694710251172871 0.0 -0.8829478787421844
outer loop
vertex 3.616058349609375 295.8679656982422 10.472869873046875
vertex 3.616058349609375 298.0 10.472869873046875
vertex 23.040924072265625 298.0 0.144500732421875
endloop
endfacet
facet normal -0.4694716016398786 1.1299996835953689e-06 -0.8829475721991712
outer loop
vertex 7.23175048828125 286.0 8.550384521484375
vertex 6.882965087890625 288.1999969482422 8.73583984375
vertex 19.77398681640625 288.1999969482422 1.881561279296875
endloop
endfacet
facet normal -0.4694688030456035 -2.596692606566627e-05 -0.8829490598514996
outer loop
vertex 3.616058349609375 295.8679656982422 10.472869873046875
vertex 23.040924072265625 298.0 0.144500732421875
vertex 6.882965087890625 295.8000030517578 8.73583984375
endloop
endfacet
facet normal -0.0 1.0 0.0
outer loop
vertex 3.616058349609375 298.0 10.472869873046875
vertex 6.126983642578125 298.0 15.195220947265625
vertex 23.040924072265625 298.0 0.144500732421875
endloop
endfacet
facet normal 0.0 -1.0 0.0
outer loop
vertex 7.23175048828125 261.0 8.550384521484375
vertex 34.242401123046875 261.0 8.550384521484375
vertex 2.242401123046875 261.0 16.094512939453125
endloop
endfacet
facet normal -0.4694714359815593 -8.142672852383381e-08 -0.8829476602819705
outer loop
vertex 7.23175048828125 286.0 8.550384521484375
vertex 19.77398681640625 288.1999969482422 1.881561279296875
vertex 23.040924072265625 286.0 0.144500732421875
endloop
endfacet
facet normal 0.0 -1.0 0.0
outer loop
vertex 7.23175048828125 286.0 8.550384521484375
vertex 23.040924072265625 286.0 0.144500732421875
vertex 17.492156982421875 286.0 8.550384521484375
endloop
endfacet
facet normal -0.46947160164014134 3.9697284378817753e-07 -0.8829475721996652
outer loop
vertex 6.882965087890625 295.8000030517578 8.73583984375
vertex 23.040924072265625 298.0 0.144500732421875
vertex 19.77398681640625 295.8000030517578 1.881561279296875
endloop
endfacet
facet normal -0.0 1.0 0.0
outer loop
vertex 6.882965087890625 288.1999969482422 8.73583984375
vertex 12.657470703125 288.1999969482422 19.596099853515625
vertex 19.77398681640625 288.1999969482422 1.881561279296875
endloop
endfacet
facet normal 0.0 1.0 0.0
outer loop
vertex 0.242401123046875 264.0 22.550384521484375
vertex 34.242401123046875 264.0 20.550384521484375
vertex 2.242401123046875 264.0 20.550384521484375
endloop
endfacet
facet normal 0.8829474938548215 0.0 -0.4694717489854847
outer loop
vertex 6.882965087890625 288.1999969482422 8.73583984375
vertex 6.882965087890625 293.4863586425781 8.73583984375
vertex 12.657470703125 295.8000030517578 19.596099853515625
endloop
endfacet
facet normal 0.8829474938548215 0.0 -0.4694717489854847
outer loop
vertex 6.882965087890625 293.4863586425781 8.73583984375
vertex 6.882965087890625 295.8000030517578 8.73583984375
vertex 12.657470703125 295.8000030517578 19.596099853515625
endloop
endfacet
facet normal 0.8829474938548215 0.0 -0.4694717489854847
outer loop
vertex 6.882965087890625 288.1999969482422 8.73583984375
vertex 12.657470703125 295.8000030517578 19.596099853515625
vertex 12.657470703125 288.1999969482422 19.596099853515625
endloop
endfacet
facet normal -0.8829472921468052 4.058177378450368e-06 0.4694721283251598
outer loop
vertex 6.126983642578125 298.0 15.195220947265625
vertex 8.974365234375 295.0 20.550384521484375
vertex 16.4249267578125 298.0 34.56280517578125
endloop
endfacet
facet normal 0.0 -0.0 1.0
outer loop
vertex 2.242401123046875 264.0 20.550384521484375
vertex 34.242401123046875 264.0 20.550384521484375
vertex 8.974365234375 286.0 20.550384521484375
endloop
endfacet
facet normal 0.0 -1.0 0.0
outer loop
vertex 6.882965087890625 295.8000030517578 8.73583984375
vertex 25.54852294921875 295.8000030517578 12.7418212890625
vertex 12.657470703125 295.8000030517578 19.596099853515625
endloop
endfacet
facet normal -0.0 0.9999999999999999 0.0
outer loop
vertex 6.126983642578125 298.0 15.195220947265625
vertex 16.4249267578125 298.0 34.56280517578125
vertex 25.13458251953125 298.0 4.082122802734375
endloop
endfacet
facet normal -0.8829469320037241 0.0 0.4694728056716501
outer loop
vertex 8.974365234375 286.0 20.550384521484375
vertex 16.4249267578125 286.0 34.56280517578125
vertex 8.974365234375 295.0 20.550384521484375
endloop
endfacet
facet normal -0.8829469320037241 0.0 0.4694728056716501
outer loop
vertex 8.974365234375 295.0 20.550384521484375
vertex 16.4249267578125 286.0 34.56280517578125
vertex 16.4249267578125 298.0 34.56280517578125
endloop
endfacet
facet normal -0.46947199310431176 1.0336057131874343e-05 -0.8829473639939309
outer loop
vertex 12.010986328125 151.79999995231628 6.00921630859375
vertex 23.312713623046875 154.0 0.0
vertex 20.487274169921875 151.79999995231628 1.502288818359375
endloop
endfacet
facet normal 0.0 1.0 0.0
outer loop
vertex 9.185546875 154.0 7.51153564453125
vertex 26.288970947265625 154.0 5.5975341796875
vertex 23.312713623046875 154.0 0.0
endloop
endfacet
facet normal -0.0 1.0 0.0
outer loop
vertex 12.46527099609375 154.0 13.679779052734375
vertex 13.74920654296875 154.0 16.094512939453125
vertex 26.288970947265625 154.0 5.5975341796875
endloop
endfacet
facet normal 0.0 -0.9999999999999999 0.0
outer loop
vertex 12.010986328125 151.79999995231628 6.00921630859375
vertex 26.26177978515625 151.79999995231628 12.362579345703125
vertex 17.785491943359375 151.79999995231628 16.8695068359375
endloop
endfacet
facet normal 0.0 -0.9999999999999999 0.0
outer loop
vertex 12.010986328125 151.79999995231628 6.00921630859375
vertex 20.487274169921875 151.79999995231628 1.502288818359375
vertex 26.26177978515625 151.79999995231628 12.362579345703125
endloop
endfacet
facet normal -0.4694657188525612 0.0 -0.8829507001085893
outer loop
vertex 23.312713623046875 144.0 0.0
vertex 20.487274169921875 151.79999995231628 1.502288818359375
vertex 23.312713623046875 154.0 0.0
endloop
endfacet
facet normal 0.8829478801090029 0.0 -0.4694710225466722
outer loop
vertex 26.288970947265625 144.0 5.5975341796875
vertex 23.312713623046875 154.0 0.0
vertex 26.288970947265625 154.0 5.5975341796875
endloop
endfacet
facet normal -0.8829480406972705 0.0 0.46947072052349686
outer loop
vertex 26.26177978515625 146.20000004768372 12.362579345703125
vertex 26.26177978515625 151.79999995231628 12.362579345703125
vertex 20.487274169921875 151.79999995231628 1.502288818359375
endloop
endfacet
facet normal 0.0 0.0 -1.0
outer loop
vertex 13.74920654296875 154.0 16.094512939453125
vertex 14.153778076171875 156.0 16.094512939453125
vertex 31.870330810546875 154.0 16.094512939453125
endloop
endfacet
facet normal -0.4694719931293895 0.0 -0.8829473640410952
outer loop
vertex 17.785491943359375 146.20000004768372 16.8695068359375
vertex 17.785491943359375 151.79999995231628 16.8695068359375
vertex 26.26177978515625 151.79999995231628 12.362579345703125
endloop
endfacet
facet normal -0.0 0.9999999999999999 0.0
outer loop
vertex 13.74920654296875 154.0 16.094512939453125
vertex 31.870330810546875 154.0 16.094512939453125
vertex 26.288970947265625 154.0 5.5975341796875
endloop
endfacet
facet normal -0.0 1.0 0.0
outer loop
vertex 0.242401123046875 156.0 22.550384521484375
vertex 35.437713623046875 156.0 26.49566650390625
vertex 36.242401123046875 156.0 22.550384521484375
endloop
endfacet
facet normal 0.0 -0.0 -1.0
outer loop
vertex 5.142852783203125 154.0 16.094512939453125
vertex 36.0 264.0 16.094512939453125
vertex 14.153778076171875 156.0 16.094512939453125
endloop
endfacet
facet normal 0.0 0.0 1.0
outer loop
vertex 0.242401123046875 156.0 22.550384521484375
vertex 36.242401123046875 156.0 22.550384521484375
vertex 36.242401123046875 264.0 22.550384521484375
endloop
endfacet
facet normal 0.8829469913061627 0.0 -0.469472694140346
outer loop
vertex 26.288970947265625 144.0 5.5975341796875
vertex 26.288970947265625 154.0 5.5975341796875
vertex 31.870330810546875 154.0 16.094512939453125
endloop
endfacet
facet normal 0.0 -0.0 -1.0
outer loop
vertex 14.153778076171875 156.0 16.094512939453125
vertex 31.945404052734375 156.0 16.094512939453125
vertex 31.870330810546875 154.0 16.094512939453125
endloop
endfacet
facet normal 0.0 0.0 -1.0
outer loop
vertex 31.870330810546875 154.0 16.094512939453125
vertex 31.945404052734375 156.0 16.094512939453125
vertex 36.0 154.0 16.094512939453125
endloop
endfacet
facet normal 0.0 -0.0 -0.9999999999999999
outer loop
vertex 14.153778076171875 156.0 16.094512939453125
vertex 36.0 264.0 16.094512939453125
vertex 31.945404052734375 156.0 16.094512939453125
endloop
endfacet
facet normal -0.0 1.0 0.0
outer loop
vertex 0.242401123046875 156.0 22.550384521484375
vertex 24.90570068359375 156.0 30.082244873046875
vertex 35.437713623046875 156.0 26.49566650390625
endloop
endfacet
facet normal -0.9992958740023608 0.0 0.03752007731678632
outer loop
vertex 24.90570068359375 156.0 30.082244873046875
vertex 25.3096923828125 160.0 40.842010498046875
vertex 24.90570068359375 160.0 30.082244873046875
endloop
endfacet
facet normal -0.0 1.0 -0.0
outer loop
vertex 24.90570068359375 156.0 30.082244873046875
vertex 13.972991943359375 156.0 48.373870849609375
vertex 25.3096923828125 156.0 40.842010498046875
endloop
endfacet
facet normal -0.9992958740023608 0.0 0.03752007731678632
outer loop
vertex 24.90570068359375 156.0 30.082244873046875
vertex 25.3096923828125 156.0 40.842010498046875
vertex 25.3096923828125 160.0 40.842010498046875
endloop
endfacet
facet normal -0.32236143840724596 0.0 -0.946616661076706
outer loop
vertex 24.90570068359375 156.0 30.082244873046875
vertex 24.90570068359375 160.0 30.082244873046875
vertex 35.437713623046875 156.0 26.49566650390625
endloop
endfacet
facet normal 0.35109279607331817 0.9362478774907608 -0.013181822312001178
outer loop
vertex 24.90570068359375 160.0 30.082244873046875
vertex 35.976348876953125 156.0 40.842010498046875
vertex 35.437713623046875 156.0 26.49566650390625
endloop
endfacet
facet normal 0.0 -0.0 1.0
outer loop
vertex 25.3096923828125 156.0 40.842010498046875
vertex 35.976348876953125 156.0 40.842010498046875
vertex 25.3096923828125 160.0 40.842010498046875
endloop
endfacet
facet normal 0.35109322579353314 0.9362477092398428 -0.01318232699632077
outer loop
vertex 24.90570068359375 160.0 30.082244873046875
vertex 25.3096923828125 160.0 40.842010498046875
vertex 35.976348876953125 156.0 40.842010498046875
endloop
endfacet
facet normal -0.0 1.0 -0.0
outer loop
vertex 25.3096923828125 156.0 40.842010498046875
vertex 13.972991943359375 156.0 48.373870849609375
vertex 49.7305908203125 156.0 41.917999267578125
endloop
endfacet
facet normal 0.0 0.0 -1.0
outer loop
vertex 0.0 154.0 16.094512939453125
vertex 34.242401123046875 261.0 16.094512939453125
vertex 36.0 264.0 16.094512939453125
endloop
endfacet
facet normal 0.0 0.0 -1.0
outer loop
vertex 7.23175048828125 261.0 8.550384521484375
vertex 17.492156982421875 286.0 8.550384521484375
vertex 34.242401123046875 261.0 8.550384521484375
endloop
endfacet
facet normal -0.46947139323332393 0.0 -0.882947683011605
outer loop
vertex 19.77398681640625 288.1999969482422 1.881561279296875
vertex 19.77398681640625 295.8000030517578 1.881561279296875
vertex 23.040924072265625 286.0 0.144500732421875
endloop
endfacet
facet normal 0.0 -1.0 0.0
outer loop
vertex 6.882965087890625 295.8000030517578 8.73583984375
vertex 19.77398681640625 295.8000030517578 1.881561279296875
vertex 25.54852294921875 295.8000030517578 12.7418212890625
endloop
endfacet
facet normal 0.0 1.0 0.0
outer loop
vertex 6.126983642578125 298.0 15.195220947265625
vertex 25.13458251953125 298.0 4.082122802734375
vertex 23.040924072265625 298.0 0.144500732421875
endloop
endfacet
facet normal 0.0 1.0 0.0
outer loop
vertex 12.657470703125 288.1999969482422 19.596099853515625
vertex 25.54852294921875 288.1999969482422 12.7418212890625
vertex 19.77398681640625 288.1999969482422 1.881561279296875
endloop
endfacet
facet normal 0.0 -1.0 0.0
outer loop
vertex 17.492156982421875 286.0 8.550384521484375
vertex 23.040924072265625 286.0 0.144500732421875
vertex 25.13458251953125 286.0 4.082122802734375
endloop
endfacet
facet normal -0.46947139323332393 -0.0 -0.8829476830116051
outer loop
vertex 19.77398681640625 295.8000030517578 1.881561279296875
vertex 23.040924072265625 298.0 0.144500732421875
vertex 23.040924072265625 286.0 0.144500732421875
endloop
endfacet
facet normal -0.8829464653899782 0.0 0.4694736832404387
outer loop
vertex 19.77398681640625 288.1999969482422 1.881561279296875
vertex 25.54852294921875 288.1999969482422 12.7418212890625
vertex 19.77398681640625 295.8000030517578 1.881561279296875
endloop
endfacet
facet normal 0.8829487403921074 0.0 -0.46946940458350533
outer loop
vertex 23.040924072265625 286.0 0.144500732421875
vertex 23.040924072265625 298.0 0.144500732421875
vertex 25.13458251953125 286.0 4.082122802734375
endloop
endfacet
facet normal 0.8829487403921074 0.0 -0.46946940458350533
outer loop
vertex 23.040924072265625 298.0 0.144500732421875
vertex 25.13458251953125 298.0 4.082122802734375
vertex 25.13458251953125 286.0 4.082122802734375
endloop
endfacet
facet normal 0.0 -1.0 0.0
outer loop
vertex 17.492156982421875 286.0 8.550384521484375
vertex 25.13458251953125 286.0 4.082122802734375
vertex 27.510406494140625 286.0 8.550384521484375
endloop
endfacet
facet normal -0.8829464653899782 0.0 0.4694736832404387
outer loop
vertex 19.77398681640625 295.8000030517578 1.881561279296875
vertex 25.54852294921875 288.1999969482422 12.7418212890625
vertex 25.54852294921875 295.8000030517578 12.7418212890625
endloop
endfacet
facet normal -0.46947073519478544 0.0 -0.8829480328964256
outer loop
vertex 12.657470703125 288.1999969482422 19.596099853515625
vertex 12.657470703125 295.8000030517578 19.596099853515625
vertex 25.54852294921875 295.8000030517578 12.7418212890625
endloop
endfacet
facet normal 0.0 -1.0 0.0
outer loop
vertex 2.242401123046875 261.0 16.094512939453125
vertex 34.242401123046875 261.0 8.550384521484375
vertex 34.242401123046875 261.0 16.094512939453125
endloop
endfacet
facet normal -0.0 1.0 0.0
outer loop
vertex 0.242401123046875 264.0 22.550384521484375
vertex 36.242401123046875 264.0 22.550384521484375
vertex 34.242401123046875 264.0 20.550384521484375
endloop
endfacet
facet normal -0.46947073519478544 -0.0 -0.8829480328964256
outer loop
vertex 12.657470703125 288.1999969482422 19.596099853515625
vertex 25.54852294921875 295.8000030517578 12.7418212890625
vertex 25.54852294921875 288.1999969482422 12.7418212890625
endloop
endfacet
facet normal 0.0 0.0 -0.9999999999999999
outer loop
vertex 17.492156982421875 286.0 8.550384521484375
vertex 27.510406494140625 286.0 8.550384521484375
vertex 34.242401123046875 261.0 8.550384521484375
endloop
endfacet
facet normal 0.8829470132899332 0.0 -0.46947265279501277
outer loop
vertex 25.13458251953125 286.0 4.082122802734375
vertex 25.13458251953125 298.0 4.082122802734375
vertex 27.510406494140625 295.0 8.550384521484375
endloop
endfacet
facet normal 0.8829470132899332 0.0 -0.46947265279501277
outer loop
vertex 25.13458251953125 286.0 4.082122802734375
vertex 27.510406494140625 295.0 8.550384521484375
vertex 27.510406494140625 286.0 8.550384521484375
endloop
endfacet
facet normal 0.8829472725579479 9.3158442020011e-07 -0.46947216518299884
outer loop
vertex 25.13458251953125 298.0 4.082122802734375
vertex 33.89093017578125 295.0 20.550384521484375
vertex 27.510406494140625 295.0 8.550384521484375
endloop
endfacet
facet normal 0.0 0.0 -1.0
outer loop
vertex 27.510406494140625 286.0 8.550384521484375
vertex 27.510406494140625 295.0 8.550384521484375
vertex 34.242401123046875 261.0 8.550384521484375
endloop
endfacet
facet normal 0.0 0.0 -1.0
outer loop
vertex 27.510406494140625 295.0 8.550384521484375
vertex 34.242401123046875 295.0 8.550384521484375
vertex 34.242401123046875 261.0 8.550384521484375
endloop
endfacet
facet normal -0.0 -0.0 1.0
outer loop
vertex 8.974365234375 286.0 20.550384521484375
vertex 34.242401123046875 264.0 20.550384521484375
vertex 33.89093017578125 286.0 20.550384521484375
endloop
endfacet
facet normal 0.0 -1.0 0.0
outer loop
vertex 8.974365234375 286.0 20.550384521484375
vertex 33.89093017578125 286.0 20.550384521484375
vertex 35.432525634765625 286.0 23.44970703125
endloop
endfacet
facet normal 0.0 0.9999999999999999 0.0
outer loop
vertex 16.4249267578125 298.0 34.56280517578125
vertex 35.432525634765625 298.0 23.44970703125
vertex 25.13458251953125 298.0 4.082122802734375
endloop
endfacet
facet normal 0.8829472921534495 1.1910882154854802e-06 -0.46947212832869256
outer loop
vertex 25.13458251953125 298.0 4.082122802734375
vertex 35.432525634765625 298.0 23.44970703125
vertex 33.89093017578125 295.0 20.550384521484375
endloop
endfacet
facet normal -0.0 1.0 0.0
outer loop
vertex 27.510406494140625 295.0 8.550384521484375
vertex 33.89093017578125 295.0 20.550384521484375
vertex 34.242401123046875 295.0 8.550384521484375
endloop
endfacet
facet normal 0.0 -1.0 0.0
outer loop
vertex 8.974365234375 286.0 20.550384521484375
vertex 35.432525634765625 286.0 23.44970703125
vertex 16.4249267578125 286.0 34.56280517578125
endloop
endfacet
facet normal -0.8829472921540759 0.0 0.46947212832902563
outer loop
vertex 16.4249267578125 286.0 34.56280517578125
vertex 26.722869873046875 298.0 53.930389404296875
vertex 16.4249267578125 298.0 34.56280517578125
endloop
endfacet
facet normal -0.8829472921540759 0.0 0.46947212832902563
outer loop
vertex 16.4249267578125 286.0 34.56280517578125
vertex 26.722869873046875 286.0 53.930389404296875
vertex 26.722869873046875 298.0 53.930389404296875
endloop
endfacet
facet normal -0.0 1.0 0.0
outer loop
vertex 16.4249267578125 298.0 34.56280517578125
vertex 45.73046875 298.0 42.81732177734375
vertex 35.432525634765625 298.0 23.44970703125
endloop
endfacet
facet normal 0.0 -0.9999999999999999 0.0
outer loop
vertex 16.4249267578125 286.0 34.56280517578125
vertex 35.432525634765625 286.0 23.44970703125
vertex 26.722869873046875 286.0 53.930389404296875
endloop
endfacet
facet normal -0.0 0.9999999999999999 0.0
outer loop
vertex 16.4249267578125 298.0 34.56280517578125
vertex 26.722869873046875 298.0 53.930389404296875
vertex 45.73046875 298.0 42.81732177734375
endloop
endfacet
facet normal 0.0 -0.0 1.0
outer loop
vertex 13.972991943359375 144.0 48.373870849609375
vertex 30.91241455078125 154.0 48.373870849609375
vertex 13.972991943359375 156.0 48.373870849609375
endloop
endfacet
facet normal -0.0 0.0 1.0
outer loop
vertex 13.972991943359375 156.0 48.373870849609375
vertex 30.91241455078125 154.0 48.373870849609375
vertex 39.972991943359375 154.0 48.373870849609375
endloop
endfacet
facet normal -0.8829474904297151 0.0 0.4694717554271697
outer loop
vertex 33.061126708984375 144.0 52.415008544921875
vertex 33.061126708984375 154.0 52.415008544921875
vertex 30.91241455078125 154.0 48.373870849609375
endloop
endfacet
facet normal -0.9992961215457893 -1.481040357712344e-06 0.03751348372718633
outer loop
vertex 27.70355224609375 142.0 74.19735717773438
vertex 27.465087890625 155.7741937637329 67.84561157226562
vertex 27.461181640625 154.0 67.74148559570312
endloop
endfacet
facet normal -0.999296001143112 0.0 0.03751669094397012
outer loop
vertex 27.70355224609375 142.0 74.19735717773438
vertex 27.70355224609375 154.0 74.19735717773438
vertex 27.465087890625 155.7741937637329 67.84561157226562
endloop
endfacet
facet normal -0.999296001143112 0.0 0.03751669094397012
outer loop
vertex 27.465087890625 155.7741937637329 67.84561157226562
vertex 27.70355224609375 154.0 74.19735717773438
vertex 27.70355224609375 156.0 74.19735717773438
endloop
endfacet
facet normal 0.0 0.0 -0.9999999999999999
outer loop
vertex 27.461181640625 154.0 67.74148559570312
vertex 28.041839599609375 155.7741937637329 67.74148559570312
vertex 41.21038818359375 144.0 67.74148559570312
endloop
endfacet
facet normal -0.999297067228552 0.0 0.0374882838819621
outer loop
vertex 27.461181640625 154.0 67.74148559570312
vertex 27.465087890625 155.7741937637329 67.84561157226562
vertex 27.461181640625 264.0 67.74148559570312
endloop
endfacet
facet normal 0.0 -0.0 -1.0
outer loop
vertex 27.461181640625 154.0 67.74148559570312
vertex 29.70355224609375 261.0 67.74148559570312
vertex 28.041839599609375 155.7741937637329 67.74148559570312
endloop
endfacet
facet normal -0.9992960011431121 0.0 0.03751669094397013
outer loop
vertex 27.465087890625 155.7741937637329 67.84561157226562
vertex 27.70355224609375 156.0 74.19735717773438
vertex 27.70355224609375 264.0 74.19735717773438
endloop
endfacet
facet normal -0.8829474396588077 0.0 0.4694718509132961
outer loop
vertex 27.70355224609375 142.0 74.19735717773438
vertex 37.171356201171875 156.0 92.00369262695312
vertex 27.70355224609375 154.0 74.19735717773438
endloop
endfacet
facet normal -0.8829474396588076 0.0 0.469471850913296
outer loop
vertex 27.70355224609375 154.0 74.19735717773438
vertex 37.171356201171875 156.0 92.00369262695312
vertex 27.70355224609375 156.0 74.19735717773438
endloop
endfacet
facet normal 0.0 0.0 -0.9999999999999999
outer loop
vertex 27.461181640625 154.0 67.74148559570312
vertex 27.461181640625 264.0 67.74148559570312
vertex 29.70355224609375 261.0 67.74148559570312
endloop
endfacet
facet normal -0.9992960183442648 2.692798168247353e-08 0.0375162327706038
outer loop
vertex 27.465087890625 155.7741937637329 67.84561157226562
vertex 27.70355224609375 264.0 74.19735717773438
vertex 27.461181640625 264.0 67.74148559570312
endloop
endfacet
facet normal -0.8829488797372826 0.0 0.46946914251170724
outer loop
vertex 26.722869873046875 286.0 53.930389404296875
vertex 30.0550537109375 286.0 60.197357177734375
vertex 26.722869873046875 298.0 53.930389404296875
endloop
endfacet
facet normal -0.8829488797372826 0.0 0.46946914251170724
outer loop
vertex 26.722869873046875 298.0 53.930389404296875
vertex 30.0550537109375 286.0 60.197357177734375
vertex 30.0550537109375 295.0 60.197357177734375
endloop
endfacet
facet normal 0.0 0.0 -1.0
outer loop
vertex 27.461181640625 264.0 67.74148559570312
vertex 29.70355224609375 264.0 67.74148559570312
vertex 29.70355224609375 261.0 67.74148559570312
endloop
endfacet
facet normal -0.0 1.0 0.0
outer loop
vertex 27.461181640625 264.0 67.74148559570312
vertex 27.70355224609375 264.0 74.19735717773438
vertex 29.70355224609375 264.0 72.19735717773438
endloop
endfacet
facet normal -0.0 1.0 0.0
outer loop
vertex 27.461181640625 264.0 67.74148559570312
vertex 29.70355224609375 264.0 72.19735717773438
vertex 29.70355224609375 264.0 67.74148559570312
endloop
endfacet
facet normal -0.9999999999999999 0.0 0.0
outer loop
vertex 29.70355224609375 261.0 60.197357177734375
vertex 29.70355224609375 261.0 67.74148559570312
vertex 29.70355224609375 264.0 67.74148559570312
endloop
endfacet
facet normal -1.0 0.0 0.0
outer loop
vertex 29.70355224609375 261.0 60.197357177734375
vertex 29.70355224609375 264.0 67.74148559570312
vertex 29.70355224609375 295.0 72.19735717773438
endloop
endfacet
facet normal -1.0 0.0 0.0
outer loop
vertex 29.70355224609375 264.0 67.74148559570312
vertex 29.70355224609375 264.0 72.19735717773438
vertex 29.70355224609375 295.0 72.19735717773438
endloop
endfacet
facet normal 0.0 0.0 -1.0
outer loop
vertex 29.70355224609375 261.0 60.197357177734375
vertex 29.70355224609375 295.0 60.197357177734375
vertex 30.0550537109375 286.0 60.197357177734375
endloop
endfacet
facet normal -1.0 0.0 0.0
outer loop
vertex 29.70355224609375 261.0 60.197357177734375
vertex 29.70355224609375 295.0 72.19735717773438
vertex 29.70355224609375 295.0 60.197357177734375
endloop
endfacet
facet normal 0.0 0.0 -1.0
outer loop
vertex 30.0550537109375 286.0 60.197357177734375
vertex 29.70355224609375 295.0 60.197357177734375
vertex 30.0550537109375 295.0 60.197357177734375
endloop
endfacet
facet normal -0.8829481754919488 3.549061549113239e-06 0.4694704669974918
outer loop
vertex 26.722869873046875 298.0 53.930389404296875
vertex 30.0550537109375 295.0 60.197357177734375
vertex 37.020782470703125 298.0 73.29800415039062
endloop
endfacet
facet normal -0.0 1.0 0.0
outer loop
vertex 29.70355224609375 295.0 60.197357177734375
vertex 29.70355224609375 295.0 72.19735717773438
vertex 30.0550537109375 295.0 60.197357177734375
endloop
endfacet
facet normal 0.0 -0.0 0.9999999999999999
outer loop
vertex 29.70355224609375 264.0 72.19735717773438
vertex 36.435546875 295.0 72.19735717773438
vertex 29.70355224609375 295.0 72.19735717773438
endloop
endfacet
facet normal 0.0 1.0 -0.0
outer loop
vertex 30.0550537109375 295.0 60.197357177734375
vertex 29.70355224609375 295.0 72.19735717773438
vertex 36.435546875 295.0 72.19735717773438
endloop
endfacet
facet normal 0.8829479029526817 0.0 -0.469470979583895
outer loop
vertex 35.432525634765625 0.0 23.44970703125
vertex 35.432525634765625 12.0 23.44970703125
vertex 41.240997314453125 12.0 34.373870849609375
endloop
endfacet
facet normal 0.0 -0.0 -1.0
outer loop
vertex 16.748077392578125 12.0 34.373870849609375
vertex 47.972991943359375 37.0 34.373870849609375
vertex 41.240997314453125 12.0 34.373870849609375
endloop
endfacet
facet normal 0.8829479029526817 0.0 -0.469470979583895
outer loop
vertex 35.432525634765625 0.0 23.44970703125
vertex 41.240997314453125 12.0 34.373870849609375
vertex 41.240997314453125 3.0 34.373870849609375
endloop
endfacet
facet normal 0.8829475987905091 2.671920642036599e-06 -0.4694715516226034
outer loop
vertex 35.432525634765625 0.0 23.44970703125
vertex 41.240997314453125 3.0 34.373870849609375
vertex 45.73046875 0.0 42.81732177734375
endloop
endfacet
facet normal 0.0 -0.9999999999999999 0.0
outer loop
vertex 26.722869873046875 0.0 53.930389404296875
vertex 35.432525634765625 0.0 23.44970703125
vertex 45.73046875 0.0 42.81732177734375
endloop
endfacet
facet normal -0.0 1.0 0.0
outer loop
vertex 15.972991943359375 37.0 34.373870849609375
vertex 47.972991943359375 37.0 41.917999267578125
vertex 47.972991943359375 37.0 34.373870849609375
endloop
endfacet
facet normal -0.0 0.0 1.0
outer loop
vertex 15.972991943359375 34.0 46.373870849609375
vertex 39.64739990234375 12.0 46.373870849609375
vertex 47.972991943359375 34.0 46.373870849609375
endloop
endfacet
facet normal 0.0 -1.0 0.0
outer loop
vertex 15.972991943359375 34.0 46.373870849609375
vertex 47.972991943359375 34.0 46.373870849609375
vertex 49.972991943359375 34.0 48.373870849609375
endloop
endfacet
facet normal 0.0 -0.0 -1.0
outer loop
vertex 15.972991943359375 37.0 41.917999267578125
vertex 49.7305908203125 142.0 41.917999267578125
vertex 47.972991943359375 37.0 41.917999267578125
endloop
endfacet
facet normal 0.0 0.0 -1.0
outer loop
vertex 41.240997314453125 3.0 34.373870849609375
vertex 41.240997314453125 12.0 34.373870849609375
vertex 47.972991943359375 3.0 34.373870849609375
endloop
endfacet
facet normal 0.0 0.0 -1.0
outer loop
vertex 41.240997314453125 12.0 34.373870849609375
vertex 47.972991943359375 37.0 34.373870849609375
vertex 47.972991943359375 3.0 34.373870849609375
endloop
endfacet
facet normal 0.8829472052715083 0.0 -0.469472291731081
outer loop
vertex 41.240997314453125 3.0 34.373870849609375
vertex 45.73046875 3.0 42.81732177734375
vertex 45.73046875 0.0 42.81732177734375
endloop
endfacet
facet normal 0.0 -1.0 0.0
outer loop
vertex 41.240997314453125 3.0 34.373870849609375
vertex 47.972991943359375 3.0 34.373870849609375
vertex 45.73046875 3.0 42.81732177734375
endloop
endfacet
facet normal 0.8829474323010658 0.0 -0.4694718647511849
outer loop
vertex 45.73046875 0.0 42.81732177734375
vertex 45.73046875 3.0 42.81732177734375
vertex 47.62152099609375 3.0 46.373870849609375
endloop
endfacet
facet normal 0.0 0.0 1.0
outer loop
vertex 39.64739990234375 12.0 46.373870849609375
vertex 47.62152099609375 12.0 46.373870849609375
vertex 47.972991943359375 34.0 46.373870849609375
endloop
endfacet
facet normal -0.0 -1.0 0.0
outer loop
vertex 47.972991943359375 3.0 34.373870849609375
vertex 47.972991943359375 3.0 46.373870849609375
vertex 45.73046875 3.0 42.81732177734375
endloop
endfacet
facet normal 1.0 0.0 -0.0
outer loop
vertex 47.972991943359375 3.0 34.373870849609375
vertex 47.972991943359375 37.0 34.373870849609375
vertex 47.972991943359375 3.0 46.373870849609375
endloop
endfacet
facet normal 0.0 -1.0 0.0
outer loop
vertex 45.73046875 3.0 42.81732177734375
vertex 47.972991943359375 3.0 46.373870849609375
vertex 47.62152099609375 3.0 46.373870849609375
endloop
endfacet
facet normal 0.0 0.0 1.0
outer loop
vertex 47.62152099609375 3.0 46.373870849609375
vertex 47.972991943359375 3.0 46.373870849609375
vertex 47.972991943359375 34.0 46.373870849609375
endloop
endfacet
facet normal 0.0 -0.0 1.0
outer loop
vertex 47.62152099609375 3.0 46.373870849609375
vertex 47.972991943359375 34.0 46.373870849609375
vertex 47.62152099609375 12.0 46.373870849609375
endloop
endfacet
facet normal 1.0 0.0 0.0
outer loop
vertex 47.972991943359375 37.0 34.373870849609375
vertex 47.972991943359375 34.0 41.917999267578125
vertex 47.972991943359375 3.0 46.373870849609375
endloop
endfacet
facet normal 0.9999999999999999 0.0 -0.0
outer loop
vertex 47.972991943359375 37.0 34.373870849609375
vertex 47.972991943359375 37.0 41.917999267578125
vertex 47.972991943359375 34.0 41.917999267578125
endloop
endfacet
facet normal 0.0 0.0 -1.0
outer loop
vertex 47.972991943359375 34.0 41.917999267578125
vertex 47.972991943359375 37.0 41.917999267578125
vertex 49.7305908203125 34.0 41.917999267578125
endloop
endfacet
facet normal 1.0 -0.0 0.0
outer loop
vertex 47.972991943359375 3.0 46.373870849609375
vertex 47.972991943359375 34.0 41.917999267578125
vertex 47.972991943359375 34.0 46.373870849609375
endloop
endfacet
facet normal 0.0 -1.0 0.0
outer loop
vertex 47.972991943359375 34.0 41.917999267578125
vertex 49.7305908203125 34.0 41.917999267578125
vertex 47.972991943359375 34.0 46.373870849609375
endloop
endfacet
facet normal -0.0 -1.0 0.0
outer loop
vertex 49.7305908203125 34.0 41.917999267578125
vertex 49.972991943359375 34.0 48.373870849609375
vertex 47.972991943359375 34.0 46.373870849609375
endloop
endfacet
facet normal 0.0 0.0 -1.0
outer loop
vertex 47.972991943359375 37.0 41.917999267578125
vertex 49.7305908203125 142.0 41.917999267578125
vertex 49.7305908203125 34.0 41.917999267578125
endloop
endfacet
facet normal 0.9992958412396236 0.0 -0.03752094989726268
outer loop
vertex 49.7305908203125 34.0 41.917999267578125
vertex 49.7305908203125 142.0 41.917999267578125
vertex 49.972991943359375 34.0 48.373870849609375
endloop
endfacet
facet normal 0.8829476104474577 0.0 -0.4694715297066741
outer loop
vertex 36.0 142.0 16.094512939453125
vertex 36.0 154.0 16.094512939453125
vertex 40.5963134765625 143.95921516418457 24.738922119140625
endloop
endfacet
facet normal 0.8828604366123673 0.0009237170219730336 -0.46963453473044675
outer loop
vertex 36.0 142.0 16.094512939453125
vertex 40.5963134765625 143.95921516418457 24.738922119140625
vertex 40.713348388671875 144.0 24.959014892578125
endloop
endfacet
facet normal 0.35107728365611696 -0.9362535583490651 -0.013191488898374907
outer loop
vertex 40.5963134765625 143.95921516418457 24.738922119140625
vertex 40.703704833984375 144.0 24.702362060546875
vertex 40.713348388671875 144.0 24.959014892578125
endloop
endfacet
facet normal -0.32227405618131666 -0.0 -0.9466464137746688
outer loop
vertex 40.5963134765625 143.95921516418457 24.738922119140625
vertex 40.703704833984375 154.0 24.702362060546875
vertex 40.703704833984375 144.0 24.702362060546875
endloop
endfacet
facet normal 0.9992948319725102 0.0 -0.037547820083628204
outer loop
vertex 40.703704833984375 144.0 24.702362060546875
vertex 40.713348388671875 154.0 24.959014892578125
vertex 40.713348388671875 144.0 24.959014892578125
endloop
endfacet
facet normal -0.0 -1.0 0.0
outer loop
vertex 36.0 142.0 16.094512939453125
vertex 49.7305908203125 142.0 41.917999267578125
vertex 35.437713623046875 142.0 26.49566650390625
endloop
endfacet
facet normal 0.8829475987863197 -4.077872877646748e-06 -0.4694715516203758
outer loop
vertex 36.0 142.0 16.094512939453125
vertex 40.713348388671875 144.0 24.959014892578125
vertex 49.7305908203125 142.0 41.917999267578125
endloop
endfacet
facet normal 0.0 -1.0 0.0
outer loop
vertex 25.3096923828125 142.0 40.842010498046875
vertex 35.976348876953125 142.0 40.842010498046875
vertex 49.7305908203125 142.0 41.917999267578125
endloop
endfacet
facet normal -0.0 -1.0 0.0
outer loop
vertex 35.437713623046875 142.0 26.49566650390625
vertex 49.7305908203125 142.0 41.917999267578125
vertex 35.976348876953125 142.0 40.842010498046875
endloop
endfacet
facet normal 0.9992969265928274 1.7310208626470628e-06 -0.03749203247535329
outer loop
vertex 49.7305908203125 142.0 41.917999267578125
vertex 49.7344970703125 142.2258062362671 42.022125244140625
vertex 49.972991943359375 34.0 48.373870849609375
endloop
endfacet
facet normal 0.9992958211327666 0.0 -0.03752148539956264
outer loop
vertex 49.7344970703125 142.2258062362671 42.022125244140625
vertex 49.972991943359375 142.2258062362671 48.373870849609375
vertex 49.972991943359375 34.0 48.373870849609375
endloop
endfacet
facet normal 0.8829477981398666 0.0 -0.46947117670839095
outer loop
vertex 40.713348388671875 144.0 24.959014892578125
vertex 40.713348388671875 154.0 24.959014892578125
vertex 49.7305908203125 142.0 41.917999267578125
endloop
endfacet
facet normal 0.8829477981398667 0.0 -0.46947117670839106
outer loop
vertex 49.7305908203125 142.0 41.917999267578125
vertex 40.713348388671875 154.0 24.959014892578125
vertex 49.7305908203125 144.0 41.917999267578125
endloop
endfacet
facet normal 0.9992970672285522 0.0 -0.0374882838819621
outer loop
vertex 49.7305908203125 142.0 41.917999267578125
vertex 49.7305908203125 144.0 41.917999267578125
vertex 49.7344970703125 142.2258062362671 42.022125244140625
endloop
endfacet
facet normal 0.9992959618733768 -1.7310059349283572e-06 -0.03751773687959367
outer loop
vertex 49.7344970703125 142.2258062362671 42.022125244140625
vertex 49.7305908203125 144.0 41.917999267578125
vertex 49.972991943359375 156.0 48.373870849609375
endloop
endfacet
facet normal 0.9992958211327666 0.0 -0.03752148539956264
outer loop
vertex 49.7344970703125 142.2258062362671 42.022125244140625
vertex 49.972991943359375 156.0 48.373870849609375
vertex 49.972991943359375 142.2258062362671 48.373870849609375
endloop
endfacet
facet normal 0.0 1.0 0.0
outer loop
vertex 26.722869873046875 12.0 53.930389404296875
vertex 47.62152099609375 12.0 46.373870849609375
vertex 39.64739990234375 12.0 46.373870849609375
endloop
endfacet
facet normal 0.0 -1.0 0.0
outer loop
vertex 26.722869873046875 0.0 53.930389404296875
vertex 45.73046875 0.0 42.81732177734375
vertex 37.020782470703125 0.0 73.29800415039062
endloop
endfacet
facet normal -0.0 0.9999999999999999 0.0
outer loop
vertex 26.722869873046875 12.0 53.930389404296875
vertex 37.020782470703125 12.0 73.29800415039062
vertex 47.62152099609375 12.0 46.373870849609375
endloop
endfacet
facet normal 0.0 -0.0 0.9999999999999999
outer loop
vertex 13.972991943359375 34.0 48.373870849609375
vertex 49.972991943359375 34.0 48.373870849609375
vertex 49.392333984375 142.2258062362671 48.373870849609375
endloop
endfacet
facet normal 0.0 -0.9999999999999999 0.0
outer loop
vertex 45.73046875 0.0 42.81732177734375
vertex 56.02838134765625 0.0 62.184906005859375
vertex 37.020782470703125 0.0 73.29800415039062
endloop
endfacet
facet normal 0.8829478688584528 -1.2485488474648917e-06 -0.46947104370424986
outer loop
vertex 45.73046875 0.0 42.81732177734375
vertex 47.62152099609375 3.0 46.373870849609375
vertex 56.02838134765625 0.0 62.184906005859375
endloop
endfacet
facet normal 0.8829479670588779 0.0 -0.4694708590174629
outer loop
vertex 47.62152099609375 3.0 46.373870849609375
vertex 47.62152099609375 12.0 46.373870849609375
vertex 56.02838134765625 12.0 62.184906005859375
endloop
endfacet
facet normal -0.0 1.0 -0.0
outer loop
vertex 47.62152099609375 12.0 46.373870849609375
vertex 37.020782470703125 12.0 73.29800415039062
vertex 56.02838134765625 12.0 62.184906005859375
endloop
endfacet
facet normal -0.8829472961795317 0.0 0.46947212075825573
outer loop
vertex 37.020782470703125 0.0 73.29800415039062
vertex 43.785614013671875 3.0 86.02078247070312
vertex 37.020782470703125 12.0 73.29800415039062
endloop
endfacet
facet normal -0.8829478161799019 5.3202330747583476e-06 0.46947114274983615
outer loop
vertex 37.020782470703125 0.0 73.29800415039062
vertex 44.807830810546875 0.0 87.94332885742188
vertex 43.785614013671875 3.0 86.02078247070312
endloop
endfacet
facet normal -0.8829472961795317 0.0 0.4694721207582557
outer loop
vertex 37.020782470703125 12.0 73.29800415039062
vertex 43.785614013671875 3.0 86.02078247070312
vertex 43.785614013671875 12.0 86.02078247070312
endloop
endfacet
facet normal 0.0 -1.0 0.0
outer loop
vertex 37.020782470703125 0.0 73.29800415039062
vertex 56.02838134765625 0.0 62.184906005859375
vertex 44.807830810546875 0.0 87.94332885742188
endloop
endfacet
facet normal -0.0 1.0 0.0
outer loop
vertex 37.020782470703125 12.0 73.29800415039062
vertex 43.785614013671875 12.0 86.02078247070312
vertex 64.232666015625 12.0 77.61495971679688
endloop
endfacet
facet normal 0.0 -0.9999999999999999 0.0
outer loop
vertex 43.43414306640625 3.0 86.02078247070312
vertex 43.785614013671875 3.0 86.02078247070312
vertex 43.43414306640625 3.0 88.67373657226562
endloop
endfacet
facet normal 0.0 -1.0 0.0
outer loop
vertex 43.785614013671875 3.0 86.02078247070312
vertex 44.807830810546875 3.0 87.94332885742188
vertex 43.43414306640625 3.0 88.67373657226562
endloop
endfacet
facet normal 0.0 0.0 -1.0
outer loop
vertex 43.43414306640625 3.0 86.02078247070312
vertex 43.43414306640625 37.0 86.02078247070312
vertex 43.785614013671875 3.0 86.02078247070312
endloop
endfacet
facet normal 0.0 0.0 -1.0
outer loop
vertex 43.785614013671875 3.0 86.02078247070312
vertex 43.43414306640625 37.0 86.02078247070312
vertex 43.785614013671875 12.0 86.02078247070312
endloop
endfacet
facet normal -1.0 0.0 0.0
outer loop
vertex 43.43414306640625 3.0 86.02078247070312
vertex 43.43414306640625 3.0 88.67373657226562
vertex 43.43414306640625 37.0 88.67373657226562
endloop
endfacet
facet normal -0.8829512574542846 0.0 0.46946467061952313
outer loop
vertex 43.785614013671875 3.0 86.02078247070312
vertex 44.807830810546875 0.0 87.94332885742188
vertex 44.807830810546875 2.13201904296875 87.94332885742188
endloop
endfacet
facet normal -0.8829512574542846 0.0 0.46946467061952313
outer loop
vertex 43.785614013671875 3.0 86.02078247070312
vertex 44.807830810546875 2.13201904296875 87.94332885742188
vertex 44.807830810546875 3.0 87.94332885742188
endloop
endfacet
facet normal 0.46946720582472296 0.0 0.8829499094824843
outer loop
vertex 44.807830810546875 0.0 87.94332885742188
vertex 48.339630126953125 2.5 86.06546020507812
vertex 44.807830810546875 2.13201904296875 87.94332885742188
endloop
endfacet
facet normal 0.469474060783093 3.139394328213451e-07 0.8829462646456657
outer loop
vertex 43.43414306640625 3.0 88.67373657226562
vertex 44.807830810546875 3.0 87.94332885742188
vertex 48.423583984375 12.0 86.02078247070312
endloop
endfacet
facet normal 0.4694746699803334 0.0 0.8829459407273228
outer loop
vertex 44.807830810546875 2.13201904296875 87.94332885742188
vertex 48.423583984375 12.0 86.02078247070312
vertex 44.807830810546875 3.0 87.94332885742188
endloop
endfacet
facet normal 0.4694745022568487 0.0 0.8829460299082181
outer loop
vertex 43.43414306640625 3.0 88.67373657226562
vertex 48.423583984375 12.0 86.02078247070312
vertex 43.43414306640625 37.0 88.67373657226562
endloop
endfacet
facet normal -1.0 0.0 0.0
outer loop
vertex 43.43414306640625 3.0 86.02078247070312
vertex 43.43414306640625 37.0 88.67373657226562
vertex 43.43414306640625 37.0 86.02078247070312
endloop
endfacet
facet normal 0.0 0.0 -1.0
outer loop
vertex 43.785614013671875 12.0 86.02078247070312
vertex 43.43414306640625 37.0 86.02078247070312
vertex 48.423583984375 12.0 86.02078247070312
endloop
endfacet
facet normal -0.0 1.0 0.0
outer loop
vertex 43.43414306640625 37.0 86.02078247070312
vertex 43.43414306640625 37.0 88.67373657226562
vertex 48.423583984375 37.0 86.02078247070312
endloop
endfacet
facet normal 0.4694672058247229 -0.0 0.8829499094824842
outer loop
vertex 44.807830810546875 2.13201904296875 87.94332885742188
vertex 48.339630126953125 2.5 86.06546020507812
vertex 48.339630126953125 3.92620849609375 86.06546020507812
endloop
endfacet
facet normal 0.4694633765739145 9.668662689232804e-06 0.8829519454434289
outer loop
vertex 44.807830810546875 2.13201904296875 87.94332885742188
vertex 48.339630126953125 3.92620849609375 86.06546020507812
vertex 48.339630126953125 9.5 86.06539916992188
endloop
endfacet
facet normal 0.4694934793657641 -8.840559143556852e-06 0.8829359392135272
outer loop
vertex 44.807830810546875 2.13201904296875 87.94332885742188
vertex 48.339630126953125 9.5 86.06539916992188
vertex 48.423583984375 12.0 86.02078247070312
endloop
endfacet
facet normal -0.8829466266189433 0.0 0.46947338001448824
outer loop
vertex 48.339630126953125 2.5 86.06546020507812
vertex 53.034332275390625 2.5 94.89486694335938
vertex 48.339630126953125 3.92620849609375 86.06546020507812
endloop
endfacet
facet normal -0.882947971852386 5.140885995269664e-06 0.469470849974021
outer loop
vertex 48.339630126953125 3.92620849609375 86.06546020507812
vertex 53.034332275390625 9.5 94.89486694335938
vertex 48.339630126953125 9.5 86.06539916992188
endloop
endfacet
facet normal 0.0 0.0 -1.0
outer loop
vertex 43.43414306640625 37.0 86.02078247070312
vertex 48.423583984375 37.0 86.02078247070312
vertex 48.423583984375 12.0 86.02078247070312
endloop
endfacet
facet normal 0.46947450225684867 -0.0 0.882946029908218
outer loop
vertex 43.43414306640625 37.0 88.67373657226562
vertex 48.423583984375 12.0 86.02078247070312
vertex 48.423583984375 37.0 86.02078247070312
endloop
endfacet
facet normal 0.0 -1.0 0.0
outer loop
vertex 30.91241455078125 144.0 48.373870849609375
vertex 39.972991943359375 144.0 48.373870849609375
vertex 33.061126708984375 144.0 52.415008544921875
endloop
endfacet
facet normal -0.8829468986016673 0.0 0.46947286849156383
outer loop
vertex 33.061126708984375 144.0 52.415008544921875
vertex 41.21038818359375 144.0 67.74148559570312
vertex 33.061126708984375 154.0 52.415008544921875
endloop
endfacet
facet normal 0.0 -1.0 0.0
outer loop
vertex 33.061126708984375 144.0 52.415008544921875
vertex 39.972991943359375 144.0 48.373870849609375
vertex 41.21038818359375 144.0 67.74148559570312
endloop
endfacet
facet normal -0.0 -0.0 1.0
outer loop
vertex 30.91241455078125 144.0 48.373870849609375
vertex 49.392333984375 142.2258062362671 48.373870849609375
vertex 39.972991943359375 144.0 48.373870849609375
endloop
endfacet
facet normal 0.0 -0.0 1.0
outer loop
vertex 49.972991943359375 34.0 48.373870849609375
vertex 49.972991943359375 142.2258062362671 48.373870849609375
vertex 49.392333984375 142.2258062362671 48.373870849609375
endloop
endfacet
facet normal -0.0 -0.0 1.0
outer loop
vertex 39.972991943359375 144.0 48.373870849609375
vertex 49.392333984375 142.2258062362671 48.373870849609375
vertex 49.033538818359375 144.0 48.373870849609375
endloop
endfacet
facet normal 0.0 -1.0 0.0
outer loop
vertex 39.972991943359375 144.0 48.373870849609375
vertex 49.033538818359375 144.0 48.373870849609375
vertex 50.2708740234375 144.0 67.74148559570312
endloop
endfacet
facet normal -0.0 0.0 1.0
outer loop
vertex 49.033538818359375 144.0 48.373870849609375
vertex 49.392333984375 142.2258062362671 48.373870849609375
vertex 49.972991943359375 156.0 48.373870849609375
endloop
endfacet
facet normal 0.0 0.0 0.9999999999999999
outer loop
vertex 49.392333984375 142.2258062362671 48.373870849609375
vertex 49.972991943359375 142.2258062362671 48.373870849609375
vertex 49.972991943359375 156.0 48.373870849609375
endloop
endfacet
facet normal 0.0 -1.0 0.0
outer loop
vertex 39.972991943359375 144.0 48.373870849609375
vertex 50.2708740234375 144.0 67.74148559570312
vertex 41.21038818359375 144.0 67.74148559570312
endloop
endfacet
facet normal 0.0 0.0 -1.0
outer loop
vertex 27.461181640625 142.0 67.74148559570312
vertex 41.21038818359375 144.0 67.74148559570312
vertex 63.461181640625 142.0 67.74148559570312
endloop
endfacet
facet normal -0.0 -1.0 0.0
outer loop
vertex 27.461181640625 142.0 67.74148559570312
vertex 52.366851806640625 142.0 81.72915649414062
vertex 27.70355224609375 142.0 74.19735717773438
endloop
endfacet
facet normal 0.0 -1.0 0.0
outer loop
vertex 27.70355224609375 142.0 74.19735717773438
vertex 52.366851806640625 142.0 81.72915649414062
vertex 37.171356201171875 142.0 92.00369262695312
endloop
endfacet
facet normal -0.8829474396588077 0.0 0.4694718509132961
outer loop
vertex 27.70355224609375 142.0 74.19735717773438
vertex 37.171356201171875 142.0 92.00369262695312
vertex 37.171356201171875 156.0 92.00369262695312
endloop
endfacet
facet normal 0.0 -1.0 0.0
outer loop
vertex 27.461181640625 142.0 67.74148559570312
vertex 63.461181640625 142.0 67.74148559570312
vertex 52.366851806640625 142.0 81.72915649414062
endloop
endfacet
facet normal 0.0 -1.0 0.0
outer loop
vertex 37.171356201171875 142.0 92.00369262695312
vertex 52.366851806640625 142.0 81.72915649414062
vertex 52.447662353515625 142.0 83.88113403320312
endloop
endfacet
facet normal 0.4694716768585497 -0.0 0.8829475322054089
outer loop
vertex 37.171356201171875 142.0 92.00369262695312
vertex 52.447662353515625 142.0 83.88113403320312
vertex 52.447662353515625 156.0 83.88113403320312
endloop
endfacet
facet normal 0.8829479670588779 0.0 -0.4694708590174629
outer loop
vertex 47.62152099609375 3.0 46.373870849609375
vertex 56.02838134765625 12.0 62.184906005859375
vertex 56.02838134765625 0.0 62.184906005859375
endloop
endfacet
facet normal -0.0 1.0 0.0
outer loop
vertex 37.020782470703125 12.0 73.29800415039062
vertex 64.232666015625 12.0 77.61495971679688
vertex 56.02838134765625 12.0 62.184906005859375
endloop
endfacet
facet normal 0.8829480772457892 0.0 -0.46947065178556574
outer loop
vertex 56.02838134765625 0.0 62.184906005859375
vertex 56.02838134765625 12.0 62.184906005859375
vertex 64.232666015625 0.0 77.61495971679688
endloop
endfacet
facet normal 0.0 -1.0 0.0
outer loop
vertex 44.807830810546875 0.0 87.94332885742188
vertex 56.02838134765625 0.0 62.184906005859375
vertex 64.232666015625 0.0 77.61495971679688
endloop
endfacet
facet normal 0.4694716001071433 -7.962948151525117e-06 0.8829475729789567
outer loop
vertex 44.807830810546875 0.0 87.94332885742188
vertex 64.232666015625 0.0 77.61495971679688
vertex 48.339630126953125 2.5 86.06546020507812
endloop
endfacet
facet normal -0.0 0.9999999999999999 0.0
outer loop
vertex 43.785614013671875 12.0 86.02078247070312
vertex 48.423583984375 12.0 86.02078247070312
vertex 64.232666015625 12.0 77.61495971679688
endloop
endfacet
facet normal 0.4694698087784576 -7.821041868886215e-06 0.8829485254443488
outer loop
vertex 48.339630126953125 9.5 86.06539916992188
vertex 60.700897216796875 9.5 79.49282836914062
vertex 48.423583984375 12.0 86.02078247070312
endloop
endfacet
facet normal 0.0 -1.0 0.0
outer loop
vertex 48.339630126953125 2.5 86.06546020507812
vertex 58.362579345703125 2.5 81.86868286132812
vertex 57.30303955078125 2.5 82.43203735351562
endloop
endfacet
facet normal 0.0 1.0 0.0
outer loop
vertex 48.339630126953125 9.5 86.06539916992188
vertex 51.616851806640625 9.5 85.45547485351562
vertex 60.700897216796875 9.5 79.49282836914062
endloop
endfacet
facet normal 0.0 1.0 0.0
outer loop
vertex 51.616851806640625 9.5 85.45547485351562
vertex 52.6763916015625 9.5 84.89205932617188
vertex 60.700897216796875 9.5 79.49282836914062
endloop
endfacet
facet normal 0.0 -0.9999999999999999 0.0
outer loop
vertex 48.339630126953125 2.5 86.06546020507812
vertex 60.700897216796875 2.5 79.49282836914062
vertex 58.362579345703125 2.5 81.86868286132812
endloop
endfacet
facet normal 0.0 1.0 0.0
outer loop
vertex 57.30303955078125 9.5 82.43203735351562
vertex 60.700897216796875 9.5 79.49282836914062
vertex 52.6763916015625 9.5 84.89205932617188
endloop
endfacet
facet normal 0.4694732075575237 5.144939787982479e-06 0.8829467183013818
outer loop
vertex 48.339630126953125 2.5 86.06546020507812
vertex 64.232666015625 0.0 77.61495971679688
vertex 60.700897216796875 2.5 79.49282836914062
endloop
endfacet
facet normal -0.08092654770101423 -0.9850303484114221 -0.152204160868446
outer loop
vertex 57.30303955078125 2.5 82.43203735351562
vertex 58.362579345703125 2.5 81.86868286132812
vertex 58.241973876953125 2.149993896484375 84.19796752929688
endloop
endfacet
facet normal -0.08093549890621987 -0.9850295596699797 -0.1522045058241278
outer loop
vertex 58.362579345703125 2.5 81.86868286132812
vertex 59.301513671875 2.149993896484375 83.63455200195312
vertex 58.241973876953125 2.149993896484375 84.19796752929688
endloop
endfacet
facet normal 0.4694708980008589 -9.597807248772018e-07 0.8829479463305557
outer loop
vertex 48.423583984375 12.0 86.02078247070312
vertex 60.700897216796875 9.5 79.49282836914062
vertex 64.232666015625 12.0 77.61495971679688
endloop
endfacet
facet normal -0.08092654770101423 0.9850303484114221 -0.152204160868446
outer loop
vertex 57.30303955078125 9.5 82.43203735351562
vertex 58.241973876953125 9.850006103515625 84.19796752929688
vertex 58.362579345703125 9.5 81.86868286132812
endloop
endfacet
facet normal 0.0 1.0 0.0
outer loop
vertex 57.30303955078125 9.5 82.43203735351562
vertex 58.362579345703125 9.5 81.86868286132812
vertex 60.700897216796875 9.5 79.49282836914062
endloop
endfacet
facet normal -0.08093549890621987 0.9850295596699797 -0.1522045058241278
outer loop
vertex 58.362579345703125 9.5 81.86868286132812
vertex 58.241973876953125 9.850006103515625 84.19796752929688
vertex 59.301513671875 9.850006103515625 83.63455200195312
endloop
endfacet
facet normal 0.0 -1.0 0.0
outer loop
vertex 48.339630126953125 2.5 86.06546020507812
vertex 52.6763916015625 2.5 84.89205932617188
vertex 51.616851806640625 2.5 85.45547485351562
endloop
endfacet
facet normal 0.0 -1.0 0.0
outer loop
vertex 48.339630126953125 2.5 86.06546020507812
vertex 57.30303955078125 2.5 82.43203735351562
vertex 52.6763916015625 2.5 84.89205932617188
endloop
endfacet
facet normal -0.08093493630737733 -0.9850297693758172 -0.15220344782016212
outer loop
vertex 51.616851806640625 2.5 85.45547485351562
vertex 52.6763916015625 2.5 84.89205932617188
vertex 52.555816650390625 2.149993896484375 87.22134399414062
endloop
endfacet
facet normal 0.0 -1.0 0.0
outer loop
vertex 48.339630126953125 2.5 86.06546020507812
vertex 51.616851806640625 2.5 85.45547485351562
vertex 55.84210205078125 2.5 93.40194702148438
endloop
endfacet
facet normal -0.08093493630737733 0.9850297693758172 -0.15220344782016212
outer loop
vertex 51.616851806640625 9.5 85.45547485351562
vertex 52.555816650390625 9.850006103515625 87.22134399414062
vertex 52.6763916015625 9.5 84.89205932617188
endloop
endfacet
facet normal -0.0 1.0 0.0
outer loop
vertex 48.339630126953125 9.5 86.06539916992188
vertex 53.034332275390625 9.5 94.89486694335938
vertex 51.616851806640625 9.5 85.45547485351562
endloop
endfacet
facet normal -0.08092598522615724 -0.9850305580831029 -0.15220310298304188
outer loop
vertex 52.6763916015625 2.5 84.89205932617188
vertex 53.6153564453125 2.149993896484375 86.65798950195312
vertex 52.555816650390625 2.149993896484375 87.22134399414062
endloop
endfacet
facet normal -0.8829459306098432 -6.951661308363123e-05 0.46947468386160995
outer loop
vertex 51.616851806640625 2.5 85.45547485351562
vertex 52.555816650390625 2.149993896484375 87.22134399414062
vertex 55.84210205078125 2.5 93.40194702148438
endloop
endfacet
facet normal 0.0 -1.0 0.0
outer loop
vertex 52.555816650390625 2.149993896484375 87.22134399414062
vertex 53.6153564453125 2.149993896484375 86.65798950195312
vertex 55.37261962890625 2.149993896484375 92.51901245117188
endloop
endfacet
facet normal 0.8829474274496565 5.841503437361067e-06 -0.46947187383900923
outer loop
vertex 52.6763916015625 2.5 84.89205932617188
vertex 56.901641845703125 2.5 92.83859252929688
vertex 53.6153564453125 2.149993896484375 86.65798950195312
endloop
endfacet
facet normal -0.08092598522615724 0.9850305580831029 -0.15220310298304188
outer loop
vertex 52.6763916015625 9.5 84.89205932617188
vertex 52.555816650390625 9.850006103515625 87.22134399414062
vertex 53.6153564453125 9.850006103515625 86.65798950195312
endloop
endfacet
facet normal -0.8829459306098432 6.951661308363123e-05 0.46947468386160995
outer loop
vertex 51.616851806640625 9.5 85.45547485351562
vertex 55.84210205078125 9.5 93.40194702148438
vertex 52.555816650390625 9.850006103515625 87.22134399414062
endloop
endfacet
facet normal -0.0 1.0 0.0
outer loop
vertex 52.555816650390625 9.850006103515625 87.22134399414062
vertex 55.37261962890625 9.850006103515625 92.51901245117188
vertex 53.6153564453125 9.850006103515625 86.65798950195312
endloop
endfacet
facet normal 0.8829474274496565 -5.841503437361067e-06 -0.46947187383900923
outer loop
vertex 52.6763916015625 9.5 84.89205932617188
vertex 53.6153564453125 9.850006103515625 86.65798950195312
vertex 56.901641845703125 9.5 92.83859252929688
endloop
endfacet
facet normal -0.8829466266189434 0.0 0.4694733800144883
outer loop
vertex 48.339630126953125 3.92620849609375 86.06546020507812
vertex 53.034332275390625 2.5 94.89486694335938
vertex 53.034332275390625 9.5 94.89486694335938
endloop
endfacet
facet normal 0.0 -1.0 0.0
outer loop
vertex 48.339630126953125 2.5 86.06546020507812
vertex 55.84210205078125 2.5 93.40194702148438
vertex 53.034332275390625 2.5 94.89486694335938
endloop
endfacet
facet normal -0.8829487882435617 2.2407333057801594e-05 0.4694693140527264
outer loop
vertex 52.555816650390625 2.149993896484375 87.22134399414062
vertex 55.37261962890625 2.149993896484375 92.51901245117188
vertex 56.31158447265625 2.5 94.28494262695312
endloop
endfacet
facet normal -0.8829536434509149 0.0002602371960332239 0.4694601109714825
outer loop
vertex 52.555816650390625 2.149993896484375 87.22134399414062
vertex 56.31158447265625 2.5 94.28494262695312
vertex 55.84210205078125 2.5 93.40194702148438
endloop
endfacet
facet normal -0.6454410140053425 0.0 0.7638101187073626
outer loop
vertex 53.034332275390625 2.5 94.89486694335938
vertex 54.67962646484375 8.699996948242188 96.28518676757812
vertex 53.034332275390625 9.5 94.89486694335938
endloop
endfacet
facet normal 0.17435150230557514 -0.928481857281321 0.32790699038480053
outer loop
vertex 53.034332275390625 2.5 94.89486694335938
vertex 55.84210205078125 2.5 93.40194702148438
vertex 55.95947265625 2.600006103515625 93.62271118164062
endloop
endfacet
facet normal -0.6454410140053424 0.0 0.7638101187073626
outer loop
vertex 53.034332275390625 2.5 94.89486694335938
vertex 54.67962646484375 3.3000030517578125 96.28518676757812
vertex 54.67962646484375 8.699996948242188 96.28518676757812
endloop
endfacet
facet normal 0.17435725181234504 0.9284759444403399 0.32792067537144587
outer loop
vertex 54.67962646484375 8.699996948242188 96.28518676757812
vertex 55.95947265625 9.399993896484375 93.62271118164062
vertex 53.034332275390625 9.5 94.89486694335938
endloop
endfacet
facet normal -0.0 1.0 0.0
outer loop
vertex 51.616851806640625 9.5 85.45547485351562
vertex 53.034332275390625 9.5 94.89486694335938
vertex 55.84210205078125 9.5 93.40194702148438
endloop
endfacet
facet normal -0.8829487882435617 -2.2407333057801594e-05 0.4694693140527264
outer loop
vertex 52.555816650390625 9.850006103515625 87.22134399414062
vertex 56.31158447265625 9.5 94.28494262695312
vertex 55.37261962890625 9.850006103515625 92.51901245117188
endloop
endfacet
facet normal -0.8829536434509149 -0.0002602371960332239 0.4694601109714825
outer loop
vertex 52.555816650390625 9.850006103515625 87.22134399414062
vertex 55.84210205078125 9.5 93.40194702148438
vertex 56.31158447265625 9.5 94.28494262695312
endloop
endfacet
facet normal 0.17435150230557514 0.928481857281321 0.32790699038480053
outer loop
vertex 53.034332275390625 9.5 94.89486694335938
vertex 55.95947265625 9.399993896484375 93.62271118164062
vertex 55.84210205078125 9.5 93.40194702148438
endloop
endfacet
facet normal 0.0 -1.0 0.0
outer loop
vertex 52.6763916015625 2.5 84.89205932617188
vertex 61.528289794921875 2.5 90.37857055664062
vertex 56.901641845703125 2.5 92.83859252929688
endloop
endfacet
facet normal 0.0 1.0 -0.0
outer loop
vertex 57.30303955078125 9.5 82.43203735351562
vertex 52.6763916015625 9.5 84.89205932617188
vertex 56.901641845703125 9.5 92.83859252929688
endloop
endfacet
facet normal -0.0 -1.0 0.0
outer loop
vertex 57.30303955078125 2.5 82.43203735351562
vertex 61.528289794921875 2.5 90.37857055664062
vertex 52.6763916015625 2.5 84.89205932617188
endloop
endfacet
facet normal -0.8829474252302117 7.114405985487179e-05 0.46947187265890855
outer loop
vertex 57.30303955078125 2.5 82.43203735351562
vertex 58.241973876953125 2.149993896484375 84.19796752929688
vertex 61.528289794921875 2.5 90.37857055664062
endloop
endfacet
facet normal -0.8829474252302117 -7.114405985487179e-05 0.46947187265890855
outer loop
vertex 57.30303955078125 9.5 82.43203735351562
vertex 61.528289794921875 9.5 90.37857055664062
vertex 58.241973876953125 9.850006103515625 84.19796752929688
endloop
endfacet
facet normal -0.0 1.0 -0.0
outer loop
vertex 57.30303955078125 9.5 82.43203735351562
vertex 56.901641845703125 9.5 92.83859252929688
vertex 61.528289794921875 9.5 90.37857055664062
endloop
endfacet
facet normal 0.0 -1.0 0.0
outer loop
vertex 53.6153564453125 2.149993896484375 86.65798950195312
vertex 56.432159423828125 2.149993896484375 91.95565795898438
vertex 55.37261962890625 2.149993896484375 92.51901245117188
endloop
endfacet
facet normal 0.8829487836649614 -0.00010427485611158768 -0.46946931161825645
outer loop
vertex 53.6153564453125 2.149993896484375 86.65798950195312
vertex 57.371124267578125 2.5 93.72152709960938
vertex 56.432159423828125 2.149993896484375 91.95565795898438
endloop
endfacet
facet normal 0.8829401779889557 0.0003128251234851931 -0.46948540364240615
outer loop
vertex 53.6153564453125 2.149993896484375 86.65798950195312
vertex 56.901641845703125 2.5 92.83859252929688
vertex 57.371124267578125 2.5 93.72152709960938
endloop
endfacet
facet normal 0.08092598522615724 -0.9850305580831029 0.15220310298304188
outer loop
vertex 55.37261962890625 2.149993896484375 92.51901245117188
vertex 56.432159423828125 2.149993896484375 91.95565795898438
vertex 56.31158447265625 2.5 94.28494262695312
endloop
endfacet
facet normal 0.8829402141634679 -0.00012616868821666277 -0.4694854228774641
outer loop
vertex 56.901641845703125 2.5 92.83859252929688
vertex 57.01904296875 2.600006103515625 93.05935668945312
vertex 57.371124267578125 2.5 93.72152709960938
endloop
endfacet
facet normal -0.8829536710841003 -7.162955838630588e-05 0.46946012566384876
outer loop
vertex 55.84210205078125 2.5 93.40194702148438
vertex 56.31158447265625 2.5 94.28494262695312
vertex 55.95947265625 2.600006103515625 93.62271118164062
endloop
endfacet
facet normal 0.17434747877751958 0.9284791419383202 0.3279168181557681
outer loop
vertex 54.67962646484375 8.699996948242188 96.28518676757812
vertex 57.01904296875 9.399993896484375 93.05935668945312
vertex 55.95947265625 9.399993896484375 93.62271118164062
endloop
endfacet
facet normal 0.0 1.0 -0.0
outer loop
vertex 57.01904296875 2.600006103515625 93.05935668945312
vertex 55.95947265625 2.600006103515625 93.62271118164062
vertex 56.31158447265625 2.600006103515625 94.28494262695312
endloop
endfacet
facet normal -0.882949189538135 0.0 0.46946855985672814
outer loop
vertex 55.95947265625 2.600006103515625 93.62271118164062
vertex 56.31158447265625 2.5 94.28494262695312
vertex 56.31158447265625 2.600006103515625 94.28494262695312
endloop
endfacet
facet normal 0.08093493630737733 -0.9850297693758172 0.15220344782016212
outer loop
vertex 56.432159423828125 2.149993896484375 91.95565795898438
vertex 57.371124267578125 2.5 93.72152709960938
vertex 56.31158447265625 2.5 94.28494262695312
endloop
endfacet
facet normal -0.0 0.9999999999999999 -0.0
outer loop
vertex 57.01904296875 2.600006103515625 93.05935668945312
vertex 56.31158447265625 2.600006103515625 94.28494262695312
vertex 57.371124267578125 2.600006103515625 93.72152709960938
endloop
endfacet
facet normal 0.46950289195826916 -0.0 0.8829309341295173
outer loop
vertex 56.31158447265625 2.5 94.28494262695312
vertex 57.371124267578125 2.5 93.72152709960938
vertex 57.371124267578125 2.600006103515625 93.72152709960938
endloop
endfacet
facet normal 0.46950289195826916 0.0 0.8829309341295173
outer loop
vertex 56.31158447265625 2.5 94.28494262695312
vertex 57.371124267578125 2.600006103515625 93.72152709960938
vertex 56.31158447265625 2.600006103515625 94.28494262695312
endloop
endfacet
facet normal -0.0 1.0 0.0
outer loop
vertex 53.6153564453125 9.850006103515625 86.65798950195312
vertex 55.37261962890625 9.850006103515625 92.51901245117188
vertex 56.432159423828125 9.850006103515625 91.95565795898438
endloop
endfacet
facet normal 0.8829487836649614 0.00010427485611158768 -0.46946931161825645
outer loop
vertex 53.6153564453125 9.850006103515625 86.65798950195312
vertex 56.432159423828125 9.850006103515625 91.95565795898438
vertex 57.371124267578125 9.5 93.72152709960938
endloop
endfacet
facet normal 0.8829401779889557 -0.0003128251234851931 -0.46948540364240615
outer loop
vertex 53.6153564453125 9.850006103515625 86.65798950195312
vertex 57.371124267578125 9.5 93.72152709960938
vertex 56.901641845703125 9.5 92.83859252929688
endloop
endfacet
facet normal 0.08092598522615724 0.9850305580831029 0.15220310298304188
outer loop
vertex 55.37261962890625 9.850006103515625 92.51901245117188
vertex 56.31158447265625 9.5 94.28494262695312
vertex 56.432159423828125 9.850006103515625 91.95565795898438
endloop
endfacet
facet normal 0.8829402141634679 0.00012616868821666277 -0.4694854228774641
outer loop
vertex 56.901641845703125 9.5 92.83859252929688
vertex 57.371124267578125 9.5 93.72152709960938
vertex 57.01904296875 9.399993896484375 93.05935668945312
endloop
endfacet
facet normal -0.8829536710841003 7.162955838630588e-05 0.46946012566384876
outer loop
vertex 55.84210205078125 9.5 93.40194702148438
vertex 55.95947265625 9.399993896484375 93.62271118164062
vertex 56.31158447265625 9.5 94.28494262695312
endloop
endfacet
facet normal 0.0 -0.9999999999999999 0.0
outer loop
vertex 55.95947265625 9.399993896484375 93.62271118164062
vertex 57.371124267578125 9.399993896484375 93.72152709960938
vertex 56.31158447265625 9.399993896484375 94.28494262695312
endloop
endfacet
facet normal -0.882949189538135 0.0 0.46946855985672814
outer loop
vertex 55.95947265625 9.399993896484375 93.62271118164062
vertex 56.31158447265625 9.399993896484375 94.28494262695312
vertex 56.31158447265625 9.5 94.28494262695312
endloop
endfacet
facet normal 0.08093493630737733 0.9850297693758172 0.15220344782016212
outer loop
vertex 56.432159423828125 9.850006103515625 91.95565795898438
vertex 56.31158447265625 9.5 94.28494262695312
vertex 57.371124267578125 9.5 93.72152709960938
endloop
endfacet
facet normal -0.0 -1.0 0.0
outer loop
vertex 57.01904296875 9.399993896484375 93.05935668945312
vertex 57.371124267578125 9.399993896484375 93.72152709960938
vertex 55.95947265625 9.399993896484375 93.62271118164062
endloop
endfacet
facet normal 0.46950289195826916 -0.0 0.8829309341295173
outer loop
vertex 56.31158447265625 9.5 94.28494262695312
vertex 57.371124267578125 9.399993896484375 93.72152709960938
vertex 57.371124267578125 9.5 93.72152709960938
endloop
endfacet
facet normal 0.46950289195826916 0.0 0.8829309341295173
outer loop
vertex 56.31158447265625 9.399993896484375 94.28494262695312
vertex 57.371124267578125 9.399993896484375 93.72152709960938
vertex 56.31158447265625 9.5 94.28494262695312
endloop
endfacet
facet normal 0.17434211152877815 -0.9284891947735966 0.3278912065554142
outer loop
vertex 56.901641845703125 2.5 92.83859252929688
vertex 61.64569091796875 2.600006103515625 90.59933471679688
vertex 57.01904296875 2.600006103515625 93.05935668945312
endloop
endfacet
facet normal 0.17435810231732993 -0.9284750697498684 0.32792269974687116
outer loop
vertex 53.034332275390625 2.5 94.89486694335938
vertex 55.95947265625 2.600006103515625 93.62271118164062
vertex 65.628173828125 3.3000030517578125 90.46377563476562
endloop
endfacet
facet normal 0.8829481199481272 0.0 -0.4694705714739397
outer loop
vertex 57.01904296875 2.600006103515625 93.05935668945312
vertex 57.371124267578125 2.600006103515625 93.72152709960938
vertex 57.371124267578125 2.5 93.72152709960938
endloop
endfacet
facet normal 0.17435739373918283 -0.9284759715894082 0.32792052303810476
outer loop
vertex 53.034332275390625 2.5 94.89486694335938
vertex 65.628173828125 3.3000030517578125 90.46377563476562
vertex 54.67962646484375 3.3000030517578125 96.28518676757812
endloop
endfacet
facet normal 0.17435994249343004 0.9284740029355163 0.3279247418640237
outer loop
vertex 54.67962646484375 8.699996948242188 96.28518676757812
vertex 61.64569091796875 9.399993896484375 90.59933471679688
vertex 57.01904296875 9.399993896484375 93.05935668945312
endloop
endfacet
facet normal 0.46946937719264276 0.0 0.8829487549560009
outer loop
vertex 54.67962646484375 3.3000030517578125 96.28518676757812
vertex 65.628173828125 3.3000030517578125 90.46377563476562
vertex 54.67962646484375 8.699996948242188 96.28518676757812
endloop
endfacet
facet normal 0.17434211152877815 0.9284891947735966 0.3278912065554142
outer loop
vertex 56.901641845703125 9.5 92.83859252929688
vertex 57.01904296875 9.399993896484375 93.05935668945312
vertex 61.528289794921875 9.5 90.37857055664062
endloop
endfacet
facet normal 0.8829481199481272 0.0 -0.4694705714739397
outer loop
vertex 57.01904296875 9.399993896484375 93.05935668945312
vertex 57.371124267578125 9.5 93.72152709960938
vertex 57.371124267578125 9.399993896484375 93.72152709960938
endloop
endfacet
facet normal 0.8829480772457892 0.0 -0.46947065178556574
outer loop
vertex 56.02838134765625 12.0 62.184906005859375
vertex 64.232666015625 12.0 77.61495971679688
vertex 64.232666015625 0.0 77.61495971679688
endloop
endfacet
facet normal 0.4694703683496121 0.0 0.8829482279509256
outer loop
vertex 60.700897216796875 2.5 79.49282836914062
vertex 64.232666015625 12.0 77.61495971679688
vertex 60.700897216796875 9.5 79.49282836914062
endloop
endfacet
facet normal 0.46947036834961203 -0.0 0.8829482279509255
outer loop
vertex 60.700897216796875 2.5 79.49282836914062
vertex 64.232666015625 0.0 77.61495971679688
vertex 64.232666015625 12.0 77.61495971679688
endloop
endfacet
facet normal 0.0 -0.9999999999999999 0.0
outer loop
vertex 58.362579345703125 2.5 81.86868286132812
vertex 60.700897216796875 2.5 79.49282836914062
vertex 65.39559936523438 2.5 88.32229614257812
endloop
endfacet
facet normal 0.8829479718640536 0.0 -0.46947084998022476
outer loop
vertex 60.700897216796875 2.5 79.49282836914062
vertex 60.700897216796875 9.5 79.49282836914062
vertex 65.39559936523438 9.5 88.32229614257812
endloop
endfacet
facet normal -0.0 0.9999999999999999 0.0
outer loop
vertex 58.362579345703125 9.5 81.86868286132812
vertex 65.39559936523438 9.5 88.32229614257812
vertex 60.700897216796875 9.5 79.49282836914062
endloop
endfacet
facet normal 0.8829474274139505 1.0723909943890686e-05 -0.469471873820024
outer loop
vertex 58.362579345703125 2.5 81.86868286132812
vertex 62.58782958984375 2.5 89.81521606445312
vertex 59.301513671875 2.149993896484375 83.63455200195312
endloop
endfacet
facet normal 0.0 -1.0 0.0
outer loop
vertex 58.241973876953125 2.149993896484375 84.19796752929688
vertex 59.301513671875 2.149993896484375 83.63455200195312
vertex 61.058807373046875 2.149993896484375 89.49563598632812
endloop
endfacet
facet normal 0.0 -1.0 0.0
outer loop
vertex 59.301513671875 2.149993896484375 83.63455200195312
vertex 62.11834716796875 2.149993896484375 88.93228149414062
vertex 61.058807373046875 2.149993896484375 89.49563598632812
endloop
endfacet
facet normal -0.8829466773790489 7.861307032558871e-05 0.46947327796721644
outer loop
vertex 58.241973876953125 2.149993896484375 84.19796752929688
vertex 61.058807373046875 2.149993896484375 89.49563598632812
vertex 61.997772216796875 2.5 91.26150512695312
endloop
endfacet
facet normal -0.8829401966361946 -0.00023584019708673627 0.4694854135576945
outer loop
vertex 58.241973876953125 2.149993896484375 84.19796752929688
vertex 61.997772216796875 2.5 91.26150512695312
vertex 61.528289794921875 2.5 90.37857055664062
endloop
endfacet
facet normal 0.8829474274139505 -1.0723909943890686e-05 -0.469471873820024
outer loop
vertex 58.362579345703125 9.5 81.86868286132812
vertex 59.301513671875 9.850006103515625 83.63455200195312
vertex 62.58782958984375 9.5 89.81521606445312
endloop
endfacet
facet normal -0.0 1.0 0.0
outer loop
vertex 58.241973876953125 9.850006103515625 84.19796752929688
vertex 61.058807373046875 9.850006103515625 89.49563598632812
vertex 59.301513671875 9.850006103515625 83.63455200195312
endloop
endfacet
facet normal -0.0 1.0 0.0
outer loop
vertex 59.301513671875 9.850006103515625 83.63455200195312
vertex 61.058807373046875 9.850006103515625 89.49563598632812
vertex 62.11834716796875 9.850006103515625 88.93228149414062
endloop
endfacet
facet normal -0.8829466773790489 -7.861307032558871e-05 0.46947327796721644
outer loop
vertex 58.241973876953125 9.850006103515625 84.19796752929688
vertex 61.997772216796875 9.5 91.26150512695312
vertex 61.058807373046875 9.850006103515625 89.49563598632812
endloop
endfacet
facet normal -0.8829401966361946 0.00023584019708673627 0.4694854135576945
outer loop
vertex 58.241973876953125 9.850006103515625 84.19796752929688
vertex 61.528289794921875 9.5 90.37857055664062
vertex 61.997772216796875 9.5 91.26150512695312
endloop
endfacet
facet normal 0.0 -1.0 0.0
outer loop
vertex 58.362579345703125 2.5 81.86868286132812
vertex 65.39559936523438 2.5 88.32229614257812
vertex 62.58782958984375 2.5 89.81521606445312
endloop
endfacet
facet normal 0.8829489217901609 -2.8916421900559413e-05 -0.46946906253067716
outer loop
vertex 59.301513671875 2.149993896484375 83.63455200195312
vertex 63.057281494140625 2.5 90.69815063476562
vertex 62.11834716796875 2.149993896484375 88.93228149414062
endloop
endfacet
facet normal 0.8829528499093247 -0.0002211978163464584 -0.46946162346727294
outer loop
vertex 59.301513671875 2.149993896484375 83.63455200195312
vertex 62.58782958984375 2.5 89.81521606445312
vertex 63.057281494140625 2.5 90.69815063476562
endloop
endfacet
facet normal 0.08092810103695451 -0.9850297693723034 0.1522070823348875
outer loop
vertex 61.058807373046875 2.149993896484375 89.49563598632812
vertex 62.11834716796875 2.149993896484375 88.93228149414062
vertex 61.997772216796875 2.5 91.26150512695312
endloop
endfacet
facet normal 0.8829528689668495 7.589973035042765e-05 -0.4694616336000638
outer loop
vertex 62.58782958984375 2.5 89.81521606445312
vertex 62.7052001953125 2.600006103515625 90.03598022460938
vertex 63.057281494140625 2.5 90.69815063476562
endloop
endfacet
facet normal -0.0 1.0 0.0
outer loop
vertex 58.362579345703125 9.5 81.86868286132812
vertex 62.58782958984375 9.5 89.81521606445312
vertex 65.39559936523438 9.5 88.32229614257812
endloop
endfacet
facet normal 0.8829489217901609 2.8916421900559413e-05 -0.46946906253067716
outer loop
vertex 59.301513671875 9.850006103515625 83.63455200195312
vertex 62.11834716796875 9.850006103515625 88.93228149414062
vertex 63.057281494140625 9.5 90.69815063476562
endloop
endfacet
facet normal 0.8829528499093247 0.0002211978163464584 -0.46946162346727294
outer loop
vertex 59.301513671875 9.850006103515625 83.63455200195312
vertex 63.057281494140625 9.5 90.69815063476562
vertex 62.58782958984375 9.5 89.81521606445312
endloop
endfacet
facet normal 0.08092810103695451 0.9850297693723034 0.1522070823348875
outer loop
vertex 61.058807373046875 9.850006103515625 89.49563598632812
vertex 61.997772216796875 9.5 91.26150512695312
vertex 62.11834716796875 9.850006103515625 88.93228149414062
endloop
endfacet
facet normal 0.8829528689668495 -7.589973035042765e-05 -0.4694616336000638
outer loop
vertex 62.58782958984375 9.5 89.81521606445312
vertex 63.057281494140625 9.5 90.69815063476562
vertex 62.7052001953125 9.399993896484375 90.03598022460938
endloop
endfacet
facet normal 0.17434211152877815 -0.9284891947735966 0.3278912065554142
outer loop
vertex 56.901641845703125 2.5 92.83859252929688
vertex 61.528289794921875 2.5 90.37857055664062
vertex 61.64569091796875 2.600006103515625 90.59933471679688
endloop
endfacet
facet normal 0.17436759706705637 -0.928461999209365 0.3279546571055361
outer loop
vertex 57.01904296875 2.600006103515625 93.05935668945312
vertex 65.628173828125 3.3000030517578125 90.46377563476562
vertex 55.95947265625 2.600006103515625 93.62271118164062
endloop
endfacet
facet normal 0.17436456980340798 0.9284712512978106 0.32793007228790455
outer loop
vertex 54.67962646484375 8.699996948242188 96.28518676757812
vertex 62.7052001953125 9.399993896484375 90.03598022460938
vertex 61.64569091796875 9.399993896484375 90.59933471679688
endloop
endfacet
facet normal 0.17437456197074935 0.9284650861946818 0.32794221420093433
outer loop
vertex 54.67962646484375 8.699996948242188 96.28518676757812
vertex 65.39559936523438 9.5 88.32229614257812
vertex 62.7052001953125 9.399993896484375 90.03598022460938
endloop
endfacet
facet normal 0.17434211152877815 0.9284891947735966 0.3278912065554142
outer loop
vertex 57.01904296875 9.399993896484375 93.05935668945312
vertex 61.64569091796875 9.399993896484375 90.59933471679688
vertex 61.528289794921875 9.5 90.37857055664062
endloop
endfacet
facet normal -0.8829402141634679 0.00012616868821666277 0.4694854228774641
outer loop
vertex 61.528289794921875 2.5 90.37857055664062
vertex 61.997772216796875 2.5 91.26150512695312
vertex 61.64569091796875 2.600006103515625 90.59933471679688
endloop
endfacet
facet normal 0.1743591687494399 -0.9284746621965619 0.32792328665708453
outer loop
vertex 57.01904296875 2.600006103515625 93.05935668945312
vertex 61.64569091796875 2.600006103515625 90.59933471679688
vertex 65.628173828125 3.3000030517578125 90.46377563476562
endloop
endfacet
facet normal -0.8829481199481272 0.0 0.4694705714739397
outer loop
vertex 61.64569091796875 2.600006103515625 90.59933471679688
vertex 61.997772216796875 2.5 91.26150512695312
vertex 61.997772216796875 2.600006103515625 91.26150512695312
endloop
endfacet
facet normal 0.0 1.0 -0.0
outer loop
vertex 62.7052001953125 2.600006103515625 90.03598022460938
vertex 61.64569091796875 2.600006103515625 90.59933471679688
vertex 61.997772216796875 2.600006103515625 91.26150512695312
endloop
endfacet
facet normal 0.08093048079826229 -0.9850295596861633 0.15220717401701356
outer loop
vertex 62.11834716796875 2.149993896484375 88.93228149414062
vertex 63.057281494140625 2.5 90.69815063476562
vertex 61.997772216796875 2.5 91.26150512695312
endloop
endfacet
facet normal 0.4694737824099616 0.0 0.882946412660295
outer loop
vertex 61.997772216796875 2.5 91.26150512695312
vertex 63.057281494140625 2.600006103515625 90.69815063476562
vertex 61.997772216796875 2.600006103515625 91.26150512695312
endloop
endfacet
facet normal 0.17435687942904157 0.9284764097966054 0.32791955575563453
outer loop
vertex 54.67962646484375 8.699996948242188 96.28518676757812
vertex 65.628173828125 8.699996948242188 90.46377563476562
vertex 65.39559936523438 9.5 88.32229614257812
endloop
endfacet
facet normal 0.46946937719264276 -0.0 0.8829487549560009
outer loop
vertex 54.67962646484375 8.699996948242188 96.28518676757812
vertex 65.628173828125 3.3000030517578125 90.46377563476562
vertex 65.628173828125 8.699996948242188 90.46377563476562
endloop
endfacet
facet normal -0.0 1.0 -0.0
outer loop
vertex 62.7052001953125 2.600006103515625 90.03598022460938
vertex 61.997772216796875 2.600006103515625 91.26150512695312
vertex 63.057281494140625 2.600006103515625 90.69815063476562
endloop
endfacet
facet normal 0.8829481199481272 0.0 -0.4694705714739397
outer loop
vertex 62.7052001953125 2.600006103515625 90.03598022460938
vertex 63.057281494140625 2.600006103515625 90.69815063476562
vertex 63.057281494140625 2.5 90.69815063476562
endloop
endfacet
facet normal 0.4694737824099616 -0.0 0.882946412660295
outer loop
vertex 61.997772216796875 2.5 91.26150512695312
vertex 63.057281494140625 2.5 90.69815063476562
vertex 63.057281494140625 2.600006103515625 90.69815063476562
endloop
endfacet
facet normal 0.17435925583831866 -0.9284757790027098 0.3279200782337349
outer loop
vertex 62.7052001953125 2.600006103515625 90.03598022460938
vertex 65.628173828125 3.3000030517578125 90.46377563476562
vertex 61.64569091796875 2.600006103515625 90.59933471679688
endloop
endfacet
facet normal -0.8829402141634679 -0.00012616868821666277 0.4694854228774641
outer loop
vertex 61.528289794921875 9.5 90.37857055664062
vertex 61.64569091796875 9.399993896484375 90.59933471679688
vertex 61.997772216796875 9.5 91.26150512695312
endloop
endfacet
facet normal -0.8829481199481272 0.0 0.4694705714739397
outer loop
vertex 61.64569091796875 9.399993896484375 90.59933471679688
vertex 61.997772216796875 9.399993896484375 91.26150512695312
vertex 61.997772216796875 9.5 91.26150512695312
endloop
endfacet
facet normal 0.08093048079826229 0.9850295596861633 0.15220717401701356
outer loop
vertex 62.11834716796875 9.850006103515625 88.93228149414062
vertex 61.997772216796875 9.5 91.26150512695312
vertex 63.057281494140625 9.5 90.69815063476562
endloop
endfacet
facet normal 0.0 -1.0 0.0
outer loop
vertex 61.64569091796875 9.399993896484375 90.59933471679688
vertex 63.057281494140625 9.399993896484375 90.69815063476562
vertex 61.997772216796875 9.399993896484375 91.26150512695312
endloop
endfacet
facet normal 0.4694737824099616 0.0 0.882946412660295
outer loop
vertex 61.997772216796875 9.399993896484375 91.26150512695312
vertex 63.057281494140625 9.399993896484375 90.69815063476562
vertex 61.997772216796875 9.5 91.26150512695312
endloop
endfacet
facet normal -0.0 -1.0 0.0
outer loop
vertex 62.7052001953125 9.399993896484375 90.03598022460938
vertex 63.057281494140625 9.399993896484375 90.69815063476562
vertex 61.64569091796875 9.399993896484375 90.59933471679688
endloop
endfacet
facet normal 0.8829481199481272 0.0 -0.4694705714739397
outer loop
vertex 62.7052001953125 9.399993896484375 90.03598022460938
vertex 63.057281494140625 9.5 90.69815063476562
vertex 63.057281494140625 9.399993896484375 90.69815063476562
endloop
endfacet
facet normal 0.4694737824099616 -0.0 0.882946412660295
outer loop
vertex 61.997772216796875 9.5 91.26150512695312
vertex 63.057281494140625 9.399993896484375 90.69815063476562
vertex 63.057281494140625 9.5 90.69815063476562
endloop
endfacet
facet normal 0.8829479718640536 0.0 -0.46947084998022476
outer loop
vertex 60.700897216796875 2.5 79.49282836914062
vertex 65.39559936523438 9.5 88.32229614257812
vertex 65.39559936523438 2.5 88.32229614257812
endloop
endfacet
facet normal 0.17435150230557514 -0.928481857281321 0.32790699038480053
outer loop
vertex 62.58782958984375 2.5 89.81521606445312
vertex 65.39559936523438 2.5 88.32229614257812
vertex 62.7052001953125 2.600006103515625 90.03598022460938
endloop
endfacet
facet normal 0.17435946141698191 -0.9284760689362581 0.3279191480030599
outer loop
vertex 62.7052001953125 2.600006103515625 90.03598022460938
vertex 65.39559936523438 2.5 88.32229614257812
vertex 65.628173828125 3.3000030517578125 90.46377563476562
endloop
endfacet
facet normal 0.9941541863023332 0.0 -0.1079696895315807
outer loop
vertex 65.39559936523438 2.5 88.32229614257812
vertex 65.39559936523438 9.5 88.32229614257812
vertex 65.628173828125 3.3000030517578125 90.46377563476562
endloop
endfacet
facet normal 0.9941541863023332 0.0 -0.1079696895315807
outer loop
vertex 65.39559936523438 9.5 88.32229614257812
vertex 65.628173828125 8.699996948242188 90.46377563476562
vertex 65.628173828125 3.3000030517578125 90.46377563476562
endloop
endfacet
facet normal 0.17435150230557514 0.928481857281321 0.32790699038480053
outer loop
vertex 62.58782958984375 9.5 89.81521606445312
vertex 62.7052001953125 9.399993896484375 90.03598022460938
vertex 65.39559936523438 9.5 88.32229614257812
endloop
endfacet
facet normal 0.0 -1.0 0.0
outer loop
vertex 49.033538818359375 144.0 48.373870849609375
vertex 57.182769775390625 144.0 63.700347900390625
vertex 50.2708740234375 144.0 67.74148559570312
endloop
endfacet
facet normal 0.8829476273660181 0.0 -0.46947149788748566
outer loop
vertex 49.033538818359375 144.0 48.373870849609375
vertex 57.182769775390625 154.0 63.700347900390625
vertex 57.182769775390625 144.0 63.700347900390625
endloop
endfacet
facet normal 0.0 0.0 -1.0
outer loop
vertex 41.21038818359375 144.0 67.74148559570312
vertex 50.2708740234375 144.0 67.74148559570312
vertex 63.461181640625 142.0 67.74148559570312
endloop
endfacet
facet normal 0.0 -1.0 0.0
outer loop
vertex 50.2708740234375 144.0 67.74148559570312
vertex 57.182769775390625 144.0 63.700347900390625
vertex 59.33148193359375 144.0 67.74148559570312
endloop
endfacet
facet normal 0.0 0.0 -0.9999999999999999
outer loop
vertex 50.2708740234375 144.0 67.74148559570312
vertex 59.33148193359375 144.0 67.74148559570312
vertex 63.461181640625 142.0 67.74148559570312
endloop
endfacet
facet normal 0.8829474904297151 0.0 -0.4694717554271697
outer loop
vertex 57.182769775390625 144.0 63.700347900390625
vertex 59.33148193359375 154.0 67.74148559570312
vertex 59.33148193359375 144.0 67.74148559570312
endloop
endfacet
facet normal 0.0 0.0 -1.0
outer loop
vertex 59.33148193359375 144.0 67.74148559570312
vertex 59.33148193359375 154.0 67.74148559570312
vertex 63.461181640625 142.0 67.74148559570312
endloop
endfacet
facet normal 0.8829464706868682 0.0 -0.4694736732784952
outer loop
vertex 63.461181640625 142.0 67.74148559570312
vertex 63.461181640625 154.0 67.74148559570312
vertex 67.72396850585938 143.81704330444336 75.75857543945312
endloop
endfacet
facet normal -0.9992956774163991 0.0 0.03752531274886019
outer loop
vertex 52.366851806640625 138.0 81.72915649414062
vertex 52.447662353515625 138.0 83.88113403320312
vertex 52.447662353515625 142.0 83.88113403320312
endloop
endfacet
facet normal -0.9992956774163991 0.0 0.03752531274886019
outer loop
vertex 52.366851806640625 138.0 81.72915649414062
vertex 52.447662353515625 142.0 83.88113403320312
vertex 52.366851806640625 142.0 81.72915649414062
endloop
endfacet
facet normal 0.46945523803696637 0.0 0.8829562726883224
outer loop
vertex 52.447662353515625 138.0 83.88113403320312
vertex 53.467620849609375 146.5 83.33883666992188
vertex 52.447662353515625 142.0 83.88113403320312
endloop
endfacet
facet normal 0.4694552380369663 -0.0 0.8829562726883224
outer loop
vertex 52.447662353515625 142.0 83.88113403320312
vertex 53.467620849609375 146.5 83.33883666992188
vertex 53.467620849609375 151.5 83.33883666992188
endloop
endfacet
facet normal 0.35109206532376247 -0.9362481190919867 -0.013184125432204364
outer loop
vertex 52.366851806640625 138.0 81.72915649414062
vertex 62.89886474609375 142.0 78.14254760742188
vertex 52.447662353515625 138.0 83.88113403320312
endloop
endfacet
facet normal -0.3223638962864623 0.0 -0.946615824065397
outer loop
vertex 52.366851806640625 138.0 81.72915649414062
vertex 52.366851806640625 142.0 81.72915649414062
vertex 62.89886474609375 142.0 78.14254760742188
endloop
endfacet
facet normal 0.0 -1.0 0.0
outer loop
vertex 53.467620849609375 146.5 83.33883666992188
vertex 56.6124267578125 146.5 82.79928588867188
vertex 55.552886962890625 146.5 83.36264038085938
endloop
endfacet
facet normal 0.4694716851459058 -2.5314942258951435e-06 0.882947527795313
outer loop
vertex 52.447662353515625 138.0 83.88113403320312
vertex 62.905548095703125 142.0 78.32058715820312
vertex 53.467620849609375 146.5 83.33883666992188
endloop
endfacet
facet normal 0.0 -0.9999999999999999 0.0
outer loop
vertex 53.467620849609375 146.5 83.33883666992188
vertex 59.208282470703125 146.5 81.41903686523438
vertex 56.6124267578125 146.5 82.79928588867188
endloop
endfacet
facet normal -0.08092727282281181 -0.9850300781082241 -0.15220552465521145
outer loop
vertex 55.552886962890625 146.5 83.36264038085938
vertex 56.6124267578125 146.5 82.79928588867188
vertex 56.4918212890625 146.15000009536743 85.12850952148438
endloop
endfacet
facet normal -0.08092727282281181 -0.9850300781082241 -0.15220552465521145
outer loop
vertex 56.6124267578125 146.5 82.79928588867188
vertex 57.551361083984375 146.15000009536743 84.56515502929688
vertex 56.4918212890625 146.15000009536743 85.12850952148438
endloop
endfacet
facet normal 0.0 -1.0 0.0
outer loop
vertex 53.467620849609375 146.5 83.33883666992188
vertex 61.414154052734375 146.5 79.11355590820312
vertex 60.267822265625 146.5 80.85562133789062
endloop
endfacet
facet normal 0.0 -1.0 0.0
outer loop
vertex 53.467620849609375 146.5 83.33883666992188
vertex 60.267822265625 146.5 80.85562133789062
vertex 59.208282470703125 146.5 81.41903686523438
endloop
endfacet
facet normal -0.8829479718640534 0.0 0.4694708499802247
outer loop
vertex 53.467620849609375 146.5 83.33883666992188
vertex 58.162322998046875 146.5 92.16830444335938
vertex 53.467620849609375 151.5 83.33883666992188
endloop
endfacet
facet normal 0.0 -1.0 0.0
outer loop
vertex 53.467620849609375 146.5 83.33883666992188
vertex 55.552886962890625 146.5 83.36264038085938
vertex 59.778106689453125 146.5 91.30917358398438
endloop
endfacet
facet normal 0.0 -0.9999999999999999 0.0
outer loop
vertex 53.467620849609375 146.5 83.33883666992188
vertex 59.778106689453125 146.5 91.30917358398438
vertex 58.162322998046875 146.5 92.16830444335938
endloop
endfacet
facet normal -0.8829488326882838 -2.783208735853209e-05 0.4694692301735778
outer loop
vertex 55.552886962890625 146.5 83.36264038085938
vertex 56.4918212890625 146.15000009536743 85.12850952148438
vertex 59.778106689453125 146.5 91.30917358398438
endloop
endfacet
facet normal 0.0 -1.0 0.0
outer loop
vertex 56.4918212890625 146.15000009536743 85.12850952148438
vertex 57.551361083984375 146.15000009536743 84.56515502929688
vertex 59.30865478515625 146.15000009536743 90.42617797851562
endloop
endfacet
facet normal 0.8829488326882838 2.783208735853209e-05 -0.4694692301735778
outer loop
vertex 56.6124267578125 146.5 82.79928588867188
vertex 60.837646484375 146.5 90.74581909179688
vertex 57.551361083984375 146.15000009536743 84.56515502929688
endloop
endfacet
facet normal 0.0 -1.0 0.0
outer loop
vertex 57.551361083984375 146.15000009536743 84.56515502929688
vertex 60.368194580078125 146.15000009536743 89.86282348632812
vertex 59.30865478515625 146.15000009536743 90.42617797851562
endloop
endfacet
facet normal -0.8829466772648069 -8.024206371954186e-05 0.46947327790647264
outer loop
vertex 56.4918212890625 146.15000009536743 85.12850952148438
vertex 59.30865478515625 146.15000009536743 90.42617797851562
vertex 60.247589111328125 146.5 92.19210815429688
endloop
endfacet
facet normal -0.8829401524143913 -0.0003947024318902491 0.46948539004365397
outer loop
vertex 56.4918212890625 146.15000009536743 85.12850952148438
vertex 60.247589111328125 146.5 92.19210815429688
vertex 59.778106689453125 146.5 91.30917358398438
endloop
endfacet
facet normal 0.0 -0.9999999999999999 0.0
outer loop
vertex 63.461181640625 142.0 67.74148559570312
vertex 62.89886474609375 142.0 78.14254760742188
vertex 52.366851806640625 142.0 81.72915649414062
endloop
endfacet
facet normal 0.3510942713341578 -0.9362473558932717 -0.01317957583513551
outer loop
vertex 52.447662353515625 138.0 83.88113403320312
vertex 62.89886474609375 142.0 78.14254760742188
vertex 62.905548095703125 142.0 78.32058715820312
endloop
endfacet
facet normal 0.4694745173199282 5.087814554095296e-06 0.8829460218843135
outer loop
vertex 53.467620849609375 146.5 83.33883666992188
vertex 62.905548095703125 142.0 78.32058715820312
vertex 61.414154052734375 146.5 79.11355590820312
endloop
endfacet
facet normal -0.08093410807079603 -0.9850300780940278 -0.15220189026703324
outer loop
vertex 59.208282470703125 146.5 81.41903686523438
vertex 60.267822265625 146.5 80.85562133789062
vertex 60.147216796875 146.15000009536743 83.18490600585938
endloop
endfacet
facet normal -0.08092515701718526 -0.9850308668087774 -0.15220154531309074
outer loop
vertex 60.267822265625 146.5 80.85562133789062
vertex 61.206756591796875 146.15000009536743 82.62155151367188
vertex 60.147216796875 146.15000009536743 83.18490600585938
endloop
endfacet
facet normal 0.469462549248681 -0.0 0.8829523853826602
outer loop
vertex 61.414154052734375 146.5 79.11355590820312
vertex 62.905548095703125 142.0 78.32058715820312
vertex 62.905548095703125 156.0 78.32058715820312
endloop
endfacet
facet normal 0.8829474252301325 -7.11453198943722e-05 -0.46947187265886636
outer loop
vertex 60.267822265625 146.5 80.85562133789062
vertex 64.49307250976562 146.5 88.80215454101562
vertex 61.206756591796875 146.15000009536743 82.62155151367188
endloop
endfacet
facet normal 0.0 -1.0 0.0
outer loop
vertex 60.267822265625 146.5 80.85562133789062
vertex 61.414154052734375 146.5 79.11355590820312
vertex 66.10885620117188 146.5 87.94302368164062
endloop
endfacet
facet normal 0.0 -1.0 0.0
outer loop
vertex 63.461181640625 142.0 67.74148559570312
vertex 67.72396850585938 142.0 75.75857543945312
vertex 62.89886474609375 142.0 78.14254760742188
endloop
endfacet
facet normal 0.0 -0.9999999999999999 0.0
outer loop
vertex 62.89886474609375 142.0 78.14254760742188
vertex 67.72396850585938 142.0 75.75857543945312
vertex 62.905548095703125 142.0 78.32058715820312
endloop
endfacet
facet normal 0.8829464706868683 0.0 -0.46947367327849526
outer loop
vertex 63.461181640625 142.0 67.74148559570312
vertex 67.72396850585938 143.80881023406982 75.75857543945312
vertex 67.72396850585938 142.0 75.75857543945312
endloop
endfacet
facet normal 0.8829464706868683 0.0 -0.46947367327849526
outer loop
vertex 63.461181640625 142.0 67.74148559570312
vertex 67.72396850585938 143.81704330444336 75.75857543945312
vertex 67.72396850585938 143.80881023406982 75.75857543945312
endloop
endfacet
facet normal 0.4694732971985306 -0.0 0.8829466706531827
outer loop
vertex 62.905548095703125 142.0 78.32058715820312
vertex 67.72396850585938 142.0 75.75857543945312
vertex 67.72396850585938 143.80881023406982 75.75857543945312
endloop
endfacet
facet normal 0.46947329719853065 -0.0 0.8829466706531828
outer loop
vertex 62.905548095703125 142.0 78.32058715820312
vertex 67.72396850585938 143.80881023406982 75.75857543945312
vertex 67.72396850585938 143.81704330444336 75.75857543945312
endloop
endfacet
facet normal 0.46947329719853065 -0.0 0.8829466706531829
outer loop
vertex 62.905548095703125 142.0 78.32058715820312
vertex 67.72396850585938 143.81704330444336 75.75857543945312
vertex 67.72396850585938 154.18295669555664 75.75857543945312
endloop
endfacet
facet normal 0.0 -1.0 0.0
outer loop
vertex 56.6124267578125 146.5 82.79928588867188
vertex 59.208282470703125 146.5 81.41903686523438
vertex 63.43353271484375 146.5 89.36550903320312
endloop
endfacet
facet normal -0.8829459327186597 7.468952174485662e-06 0.4694746849828972
outer loop
vertex 59.208282470703125 146.5 81.41903686523438
vertex 60.147216796875 146.15000009536743 83.18490600585938
vertex 63.43353271484375 146.5 89.36550903320312
endloop
endfacet
facet normal 0.8829466772648069 8.024206371954186e-05 -0.46947327790647264
outer loop
vertex 57.551361083984375 146.15000009536743 84.56515502929688
vertex 61.30712890625 146.5 91.62875366210938
vertex 60.368194580078125 146.15000009536743 89.86282348632812
endloop
endfacet
facet normal 0.0 -1.0 0.0
outer loop
vertex 56.6124267578125 146.5 82.79928588867188
vertex 63.43353271484375 146.5 89.36550903320312
vertex 60.837646484375 146.5 90.74581909179688
endloop
endfacet
facet normal 0.8829401524143913 0.0003947024318902491 -0.46948539004365397
outer loop
vertex 57.551361083984375 146.15000009536743 84.56515502929688
vertex 60.837646484375 146.5 90.74581909179688
vertex 61.30712890625 146.5 91.62875366210938
endloop
endfacet
facet normal 0.0 -1.0 0.0
outer loop
vertex 60.147216796875 146.15000009536743 83.18490600585938
vertex 61.206756591796875 146.15000009536743 82.62155151367188
vertex 62.96405029296875 146.15000009536743 88.48257446289062
endloop
endfacet
facet normal 0.0 -1.0 0.0
outer loop
vertex 61.206756591796875 146.15000009536743 82.62155151367188
vertex 64.02359008789062 146.15000009536743 87.91921997070312
vertex 62.96405029296875 146.15000009536743 88.48257446289062
endloop
endfacet
facet normal 0.8829466801026825 3.255202170926775e-06 -0.4694732794154049
outer loop
vertex 61.206756591796875 146.15000009536743 82.62155151367188
vertex 64.96255493164062 146.5 89.68515014648438
vertex 64.02359008789062 146.15000009536743 87.91921997070312
endloop
endfacet
facet normal -0.8829466801026825 -3.255202170926775e-06 0.4694732794154049
outer loop
vertex 60.147216796875 146.15000009536743 83.18490600585938
vertex 62.96405029296875 146.15000009536743 88.48257446289062
vertex 63.90301513671875 146.5 90.24850463867188
endloop
endfacet
facet normal -0.8829536231429 0.00033722926632620147 0.46946010017385686
outer loop
vertex 60.147216796875 146.15000009536743 83.18490600585938
vertex 63.90301513671875 146.5 90.24850463867188
vertex 63.43353271484375 146.5 89.36550903320312
endloop
endfacet
facet normal 0.17434718655828843 -0.9284897946933676 0.32788680926423014
outer loop
vertex 63.43353271484375 146.5 89.36550903320312
vertex 63.5509033203125 146.59999990463257 89.58627319335938
vertex 60.837646484375 146.5 90.74581909179688
endloop
endfacet
facet normal 0.17437492478659383 -0.9284621881080726 0.3279502261917802
outer loop
vertex 58.162322998046875 146.5 92.16830444335938
vertex 59.778106689453125 146.5 91.30917358398438
vertex 59.895477294921875 146.59999990463257 91.52987670898438
endloop
endfacet
facet normal 0.08092515701718526 -0.9850308668087774 0.15220154531309074
outer loop
vertex 60.368194580078125 146.15000009536743 89.86282348632812
vertex 60.247589111328125 146.5 92.19210815429688
vertex 59.30865478515625 146.15000009536743 90.42617797851562
endloop
endfacet
facet normal -0.8829402121285587 0.00014327571702028147 0.4694854217954426
outer loop
vertex 59.778106689453125 146.5 91.30917358398438
vertex 60.247589111328125 146.5 92.19210815429688
vertex 59.895477294921875 146.59999990463257 91.52987670898438
endloop
endfacet
facet normal -0.6454340295772067 0.0 0.7638160206906697
outer loop
vertex 58.162322998046875 146.5 92.16830444335938
vertex 59.807647705078125 147.29999995231628 93.55862426757812
vertex 59.807647705078125 150.70000004768372 93.55862426757812
endloop
endfacet
facet normal -0.8829491895381352 0.0 0.46946855985672825
outer loop
vertex 59.895477294921875 146.59999990463257 91.52987670898438
vertex 60.247589111328125 146.5 92.19210815429688
vertex 60.247589111328125 146.59999990463257 92.19210815429688
endloop
endfacet
facet normal -0.0 1.0 0.0
outer loop
vertex 59.895477294921875 146.59999990463257 91.52987670898438
vertex 60.247589111328125 146.59999990463257 92.19210815429688
vertex 60.95501708984375 146.59999990463257 90.96652221679688
endloop
endfacet
facet normal 0.08092515701718526 -0.9850308668087774 0.15220154531309074
outer loop
vertex 60.368194580078125 146.15000009536743 89.86282348632812
vertex 61.30712890625 146.5 91.62875366210938
vertex 60.247589111328125 146.5 92.19210815429688
endloop
endfacet
facet normal 0.0 1.0 0.0
outer loop
vertex 60.247589111328125 146.59999990463257 92.19210815429688
vertex 61.30712890625 146.59999990463257 91.62875366210938
vertex 60.95501708984375 146.59999990463257 90.96652221679688
endloop
endfacet
facet normal 0.8829402121285587 -0.00014327571702028147 -0.4694854217954426
outer loop
vertex 60.837646484375 146.5 90.74581909179688
vertex 60.95501708984375 146.59999990463257 90.96652221679688
vertex 61.30712890625 146.5 91.62875366210938
endloop
endfacet
facet normal 0.8829491895381352 0.0 -0.46946855985672825
outer loop
vertex 60.95501708984375 146.59999990463257 90.96652221679688
vertex 61.30712890625 146.59999990463257 91.62875366210938
vertex 61.30712890625 146.5 91.62875366210938
endloop
endfacet
facet normal 0.4694632405567483 0.0 0.8829520178163459
outer loop
vertex 60.247589111328125 146.5 92.19210815429688
vertex 61.30712890625 146.59999990463257 91.62875366210938
vertex 60.247589111328125 146.59999990463257 92.19210815429688
endloop
endfacet
facet normal 0.4694632405567483 -0.0 0.8829520178163459
outer loop
vertex 60.247589111328125 146.5 92.19210815429688
vertex 61.30712890625 146.5 91.62875366210938
vertex 61.30712890625 146.59999990463257 91.62875366210938
endloop
endfacet
facet normal 0.17437357736773776 -0.9284621880694343 0.3279509427357944
outer loop
vertex 60.837646484375 146.5 90.74581909179688
vertex 63.5509033203125 146.59999990463257 89.58627319335938
vertex 60.95501708984375 146.59999990463257 90.96652221679688
endloop
endfacet
facet normal 0.17434786584289477 -0.9284950293159271 0.3278716245905457
outer loop
vertex 58.162322998046875 146.5 92.16830444335938
vertex 59.895477294921875 146.59999990463257 91.52987670898438
vertex 66.34146118164062 147.29999995231628 90.08450317382812
endloop
endfacet
facet normal 0.17435797356195712 -0.9284735356445546 0.327927111814604
outer loop
vertex 59.895477294921875 146.59999990463257 91.52987670898438
vertex 60.95501708984375 146.59999990463257 90.96652221679688
vertex 66.34146118164062 147.29999995231628 90.08450317382812
endloop
endfacet
facet normal 0.17435738306896273 -0.9284777004809927 0.32791563347737984
outer loop
vertex 58.162322998046875 146.5 92.16830444335938
vertex 66.34146118164062 147.29999995231628 90.08450317382812
vertex 59.807647705078125 147.29999995231628 93.55862426757812
endloop
endfacet
facet normal 0.4694748121700523 0.0 0.8829458651230517
outer loop
vertex 59.807647705078125 147.29999995231628 93.55862426757812
vertex 66.34146118164062 147.29999995231628 90.08450317382812
vertex 59.807647705078125 150.70000004768372 93.55862426757812
endloop
endfacet
facet normal 0.8829479718640534 0.0 -0.4694708499802247
outer loop
vertex 61.414154052734375 146.5 79.11355590820312
vertex 66.10885620117188 151.5 87.94302368164062
vertex 66.10885620117188 146.5 87.94302368164062
endloop
endfacet
facet normal 0.0 -1.0 0.0
outer loop
vertex 60.267822265625 146.5 80.85562133789062
vertex 66.10885620117188 146.5 87.94302368164062
vertex 64.49307250976562 146.5 88.80215454101562
endloop
endfacet
facet normal 0.8829536231429 -0.00033722926632620147 -0.46946010017385686
outer loop
vertex 61.206756591796875 146.15000009536743 82.62155151367188
vertex 64.49307250976562 146.5 88.80215454101562
vertex 64.96255493164062 146.5 89.68515014648438
endloop
endfacet
facet normal 0.08092459455140211 -0.9850310764733623 0.15220048744475242
outer loop
vertex 62.96405029296875 146.15000009536743 88.48257446289062
vertex 64.02359008789062 146.15000009536743 87.91921997070312
vertex 63.90301513671875 146.5 90.24850463867188
endloop
endfacet
facet normal -0.8829536710838194 -7.163399862307598e-05 0.4694601256636994
outer loop
vertex 63.43353271484375 146.5 89.36550903320312
vertex 63.90301513671875 146.5 90.24850463867188
vertex 63.5509033203125 146.59999990463257 89.58627319335938
endloop
endfacet
facet normal -0.8829491895381352 0.0 0.46946855985672825
outer loop
vertex 63.5509033203125 146.59999990463257 89.58627319335938
vertex 63.90301513671875 146.5 90.24850463867188
vertex 63.90301513671875 146.59999990463257 90.24850463867188
endloop
endfacet
facet normal 0.17435716382205121 -0.9284761736525519 0.3279200731633351
outer loop
vertex 60.95501708984375 146.59999990463257 90.96652221679688
vertex 63.5509033203125 146.59999990463257 89.58627319335938
vertex 66.34146118164062 147.29999995231628 90.08450317382812
endloop
endfacet
facet normal 0.08092459455140211 -0.9850310764733623 0.15220048744475242
outer loop
vertex 64.02359008789062 146.15000009536743 87.91921997070312
vertex 64.96255493164062 146.5 89.68515014648438
vertex 63.90301513671875 146.5 90.24850463867188
endloop
endfacet
facet normal -0.0 1.0 0.0
outer loop
vertex 63.5509033203125 146.59999990463257 89.58627319335938
vertex 63.90301513671875 146.59999990463257 90.24850463867188
vertex 64.61044311523438 146.59999990463257 89.02291870117188
endloop
endfacet
facet normal 0.4694632405567483 0.0 0.8829520178163459
outer loop
vertex 63.90301513671875 146.5 90.24850463867188
vertex 64.96255493164062 146.59999990463257 89.68515014648438
vertex 63.90301513671875 146.59999990463257 90.24850463867188
endloop
endfacet
facet normal 0.0 1.0 0.0
outer loop
vertex 63.90301513671875 146.59999990463257 90.24850463867188
vertex 64.96255493164062 146.59999990463257 89.68515014648438
vertex 64.61044311523438 146.59999990463257 89.02291870117188
endloop
endfacet
facet normal 0.1743425234880086 -0.9284897947850866 0.3278892884553887
outer loop
vertex 64.49307250976562 146.5 88.80215454101562
vertex 66.10885620117188 146.5 87.94302368164062
vertex 64.61044311523438 146.59999990463257 89.02291870117188
endloop
endfacet
facet normal 0.8829536710838194 7.163399862307598e-05 -0.4694601256636994
outer loop
vertex 64.49307250976562 146.5 88.80215454101562
vertex 64.61044311523438 146.59999990463257 89.02291870117188
vertex 64.96255493164062 146.5 89.68515014648438
endloop
endfacet
facet normal 0.8829491895381352 0.0 -0.46946855985672825
outer loop
vertex 64.61044311523438 146.59999990463257 89.02291870117188
vertex 64.96255493164062 146.59999990463257 89.68515014648438
vertex 64.96255493164062 146.5 89.68515014648438
endloop
endfacet
facet normal 0.4694632405567483 -0.0 0.8829520178163459
outer loop
vertex 63.90301513671875 146.5 90.24850463867188
vertex 64.96255493164062 146.5 89.68515014648438
vertex 64.96255493164062 146.59999990463257 89.68515014648438
endloop
endfacet
facet normal 0.17435621292137476 -0.9284750358034561 0.3279238004559702
outer loop
vertex 63.5509033203125 146.59999990463257 89.58627319335938
vertex 64.61044311523438 146.59999990463257 89.02291870117188
vertex 66.34146118164062 147.29999995231628 90.08450317382812
endloop
endfacet
facet normal 0.9941526654992479 0.0 -0.10798369173509759
outer loop
vertex 66.10885620117188 146.5 87.94302368164062
vertex 66.10885620117188 151.5 87.94302368164062
vertex 66.34146118164062 147.29999995231628 90.08450317382812
endloop
endfacet
facet normal 0.1743621585102742 -0.9284769074402414 0.32791533972939324
outer loop
vertex 64.61044311523438 146.59999990463257 89.02291870117188
vertex 66.10885620117188 146.5 87.94302368164062
vertex 66.34146118164062 147.29999995231628 90.08450317382812
endloop
endfacet
facet normal 0.0 0.0 -1.0
outer loop
vertex 31.870330810546875 154.0 16.094512939453125
vertex 36.0 154.0 16.094512939453125
vertex 36.0 142.0 16.094512939453125
endloop
endfacet
facet normal 0.0 0.0 -1.0
outer loop
vertex 31.945404052734375 156.0 16.094512939453125
vertex 36.0 156.0 16.094512939453125
vertex 36.0 154.0 16.094512939453125
endloop
endfacet
facet normal 0.8829476104474576 0.0 -0.469471529706674
outer loop
vertex 40.5963134765625 143.95921516418457 24.738922119140625
vertex 36.0 154.0 16.094512939453125
vertex 36.0 156.0 16.094512939453125
endloop
endfacet
facet normal 0.8829476104474577 0.0 -0.4694715297066741
outer loop
vertex 40.5963134765625 143.95921516418457 24.738922119140625
vertex 36.0 156.0 16.094512939453125
vertex 40.5963134765625 154.04078483581543 24.738922119140625
endloop
endfacet
facet normal 0.0 0.0 -1.0
outer loop
vertex 31.945404052734375 156.0 16.094512939453125
vertex 36.0 264.0 16.094512939453125
vertex 36.0 156.0 16.094512939453125
endloop
endfacet
facet normal 0.9992958412396236 0.0 -0.03752094989726268
outer loop
vertex 36.0 156.0 16.094512939453125
vertex 36.0 264.0 16.094512939453125
vertex 36.242401123046875 156.0 22.550384521484375
endloop
endfacet
facet normal -0.3222740561813167 0.0 -0.946646413774669
outer loop
vertex 40.5963134765625 143.95921516418457 24.738922119140625
vertex 40.5963134765625 154.04078483581543 24.738922119140625
vertex 40.703704833984375 154.0 24.702362060546875
endloop
endfacet
facet normal 0.9992948319725102 0.0 -0.037547820083628204
outer loop
vertex 40.703704833984375 144.0 24.702362060546875
vertex 40.703704833984375 154.0 24.702362060546875
vertex 40.713348388671875 154.0 24.959014892578125
endloop
endfacet
facet normal 0.35107728365611696 0.9362535583490651 -0.013191488898374907
outer loop
vertex 40.5963134765625 154.04078483581543 24.738922119140625
vertex 40.713348388671875 154.0 24.959014892578125
vertex 40.703704833984375 154.0 24.702362060546875
endloop
endfacet
facet normal 0.0 1.0 0.0
outer loop
vertex 36.0 156.0 16.094512939453125
vertex 36.242401123046875 156.0 22.550384521484375
vertex 49.7305908203125 156.0 41.917999267578125
endloop
endfacet
facet normal 0.8829475987936543 -1.240441860665902e-07 -0.46947155162427573
outer loop
vertex 36.0 156.0 16.094512939453125
vertex 49.7305908203125 156.0 41.917999267578125
vertex 40.5963134765625 154.04078483581543 24.738922119140625
endloop
endfacet
facet normal 0.0 1.0 -0.0
outer loop
vertex 36.242401123046875 156.0 22.550384521484375
vertex 35.437713623046875 156.0 26.49566650390625
vertex 49.7305908203125 156.0 41.917999267578125
endloop
endfacet
facet normal -0.0 1.0 0.0
outer loop
vertex 25.3096923828125 156.0 40.842010498046875
vertex 49.7305908203125 156.0 41.917999267578125
vertex 35.976348876953125 156.0 40.842010498046875
endloop
endfacet
facet normal -0.0 1.0 0.0
outer loop
vertex 13.972991943359375 156.0 48.373870849609375
vertex 49.972991943359375 156.0 48.373870849609375
vertex 49.7305908203125 156.0 41.917999267578125
endloop
endfacet
facet normal 0.0 1.0 0.0
outer loop
vertex 35.437713623046875 156.0 26.49566650390625
vertex 35.976348876953125 156.0 40.842010498046875
vertex 49.7305908203125 156.0 41.917999267578125
endloop
endfacet
facet normal 0.8829415616528296 0.00012742686673203937 -0.4694828883659724
outer loop
vertex 40.5963134765625 154.04078483581543 24.738922119140625
vertex 49.7305908203125 156.0 41.917999267578125
vertex 40.713348388671875 154.0 24.959014892578125
endloop
endfacet
facet normal 0.8829477981398667 0.0 -0.46947117670839106
outer loop
vertex 49.7305908203125 144.0 41.917999267578125
vertex 40.713348388671875 154.0 24.959014892578125
vertex 49.7305908203125 156.0 41.917999267578125
endloop
endfacet
facet normal 0.9992958412396237 0.0 -0.03752094989726268
outer loop
vertex 49.7305908203125 144.0 41.917999267578125
vertex 49.7305908203125 156.0 41.917999267578125
vertex 49.972991943359375 156.0 48.373870849609375
endloop
endfacet
facet normal 0.9992958412396236 0.0 -0.03752094989726268
outer loop
vertex 36.242401123046875 156.0 22.550384521484375
vertex 36.0 264.0 16.094512939453125
vertex 36.242401123046875 264.0 22.550384521484375
endloop
endfacet
facet normal 1.0 0.0 -0.0
outer loop
vertex 34.242401123046875 261.0 8.550384521484375
vertex 34.242401123046875 295.0 8.550384521484375
vertex 34.242401123046875 264.0 16.094512939453125
endloop
endfacet
facet normal 0.9999999999999999 0.0 -0.0
outer loop
vertex 34.242401123046875 261.0 8.550384521484375
vertex 34.242401123046875 264.0 16.094512939453125
vertex 34.242401123046875 261.0 16.094512939453125
endloop
endfacet
facet normal 0.0 0.0 -1.0
outer loop
vertex 34.242401123046875 261.0 16.094512939453125
vertex 34.242401123046875 264.0 16.094512939453125
vertex 36.0 264.0 16.094512939453125
endloop
endfacet
facet normal -0.0 1.0 0.0
outer loop
vertex 34.242401123046875 264.0 16.094512939453125
vertex 34.242401123046875 264.0 20.550384521484375
vertex 36.0 264.0 16.094512939453125
endloop
endfacet
facet normal 0.0 1.0 -0.0
outer loop
vertex 36.0 264.0 16.094512939453125
vertex 34.242401123046875 264.0 20.550384521484375
vertex 36.242401123046875 264.0 22.550384521484375
endloop
endfacet
facet normal 1.0 0.0 -0.0
outer loop
vertex 34.242401123046875 264.0 16.094512939453125
vertex 34.242401123046875 295.0 20.550384521484375
vertex 34.242401123046875 264.0 20.550384521484375
endloop
endfacet
facet normal 1.0 0.0 -0.0
outer loop
vertex 34.242401123046875 295.0 8.550384521484375
vertex 34.242401123046875 295.0 20.550384521484375
vertex 34.242401123046875 264.0 16.094512939453125
endloop
endfacet
facet normal 0.0 1.0 -0.0
outer loop
vertex 34.242401123046875 295.0 8.550384521484375
vertex 33.89093017578125 295.0 20.550384521484375
vertex 34.242401123046875 295.0 20.550384521484375
endloop
endfacet
facet normal 0.0 -0.0 1.0
outer loop
vertex 34.242401123046875 264.0 20.550384521484375
vertex 34.242401123046875 295.0 20.550384521484375
vertex 33.89093017578125 286.0 20.550384521484375
endloop
endfacet
facet normal 0.0 -0.0 1.0
outer loop
vertex 33.89093017578125 286.0 20.550384521484375
vertex 34.242401123046875 295.0 20.550384521484375
vertex 33.89093017578125 295.0 20.550384521484375
endloop
endfacet
facet normal 0.882947803027199 0.0 -0.469471167516646
outer loop
vertex 33.89093017578125 286.0 20.550384521484375
vertex 33.89093017578125 295.0 20.550384521484375
vertex 35.432525634765625 286.0 23.44970703125
endloop
endfacet
facet normal 0.882947803027199 0.0 -0.4694711675166461
outer loop
vertex 35.432525634765625 286.0 23.44970703125
vertex 33.89093017578125 295.0 20.550384521484375
vertex 35.432525634765625 298.0 23.44970703125
endloop
endfacet
facet normal 0.8829475987936609 0.0 -0.4694715516242792
outer loop
vertex 35.432525634765625 286.0 23.44970703125
vertex 35.432525634765625 298.0 23.44970703125
vertex 45.73046875 298.0 42.81732177734375
endloop
endfacet
facet normal 0.0 -0.9999999999999999 0.0
outer loop
vertex 26.722869873046875 286.0 53.930389404296875
vertex 35.432525634765625 286.0 23.44970703125
vertex 45.73046875 286.0 42.81732177734375
endloop
endfacet
facet normal 0.8829475987936609 0.0 -0.4694715516242792
outer loop
vertex 35.432525634765625 286.0 23.44970703125
vertex 45.73046875 298.0 42.81732177734375
vertex 45.73046875 286.0 42.81732177734375
endloop
endfacet
facet normal -0.0 0.0 1.0
outer loop
vertex 13.972991943359375 156.0 48.373870849609375
vertex 39.972991943359375 154.0 48.373870849609375
vertex 49.972991943359375 156.0 48.373870849609375
endloop
endfacet
facet normal -0.0 1.0 0.0
outer loop
vertex 30.91241455078125 154.0 48.373870849609375
vertex 33.061126708984375 154.0 52.415008544921875
vertex 39.972991943359375 154.0 48.373870849609375
endloop
endfacet
facet normal -0.0 1.0 0.0
outer loop
vertex 33.061126708984375 154.0 52.415008544921875
vertex 41.21038818359375 154.0 67.74148559570312
vertex 39.972991943359375 154.0 48.373870849609375
endloop
endfacet
facet normal 0.0 0.0 -1.0
outer loop
vertex 28.041839599609375 155.7741937637329 67.74148559570312
vertex 41.21038818359375 154.0 67.74148559570312
vertex 41.21038818359375 144.0 67.74148559570312
endloop
endfacet
facet normal -0.8829468986016673 0.0 0.46947286849156383
outer loop
vertex 33.061126708984375 154.0 52.415008544921875
vertex 41.21038818359375 144.0 67.74148559570312
vertex 41.21038818359375 154.0 67.74148559570312
endloop
endfacet
facet normal -0.0 -0.0 -1.0
outer loop
vertex 28.041839599609375 155.7741937637329 67.74148559570312
vertex 50.2708740234375 154.0 67.74148559570312
vertex 41.21038818359375 154.0 67.74148559570312
endloop
endfacet
facet normal 0.0 0.0 1.0
outer loop
vertex 39.972991943359375 154.0 48.373870849609375
vertex 49.033538818359375 154.0 48.373870849609375
vertex 49.972991943359375 156.0 48.373870849609375
endloop
endfacet
facet normal -0.0 1.0 0.0
outer loop
vertex 39.972991943359375 154.0 48.373870849609375
vertex 41.21038818359375 154.0 67.74148559570312
vertex 49.033538818359375 154.0 48.373870849609375
endloop
endfacet
facet normal 0.0 -0.0 1.0
outer loop
vertex 49.033538818359375 144.0 48.373870849609375
vertex 49.972991943359375 156.0 48.373870849609375
vertex 49.033538818359375 154.0 48.373870849609375
endloop
endfacet
facet normal -0.0 -0.0 -1.0
outer loop
vertex 28.041839599609375 155.7741937637329 67.74148559570312
vertex 59.33148193359375 154.0 67.74148559570312
vertex 50.2708740234375 154.0 67.74148559570312
endloop
endfacet
facet normal -0.0 1.0 0.0
outer loop
vertex 41.21038818359375 154.0 67.74148559570312
vertex 50.2708740234375 154.0 67.74148559570312
vertex 49.033538818359375 154.0 48.373870849609375
endloop
endfacet
facet normal -0.0 -0.0 -1.0
outer loop
vertex 28.041839599609375 155.7741937637329 67.74148559570312
vertex 63.461181640625 154.0 67.74148559570312
vertex 59.33148193359375 154.0 67.74148559570312
endloop
endfacet
facet normal -0.0 1.0 0.0
outer loop
vertex 27.70355224609375 156.0 74.19735717773438
vertex 37.171356201171875 156.0 92.00369262695312
vertex 52.366851806640625 156.0 81.72915649414062
endloop
endfacet
facet normal 0.4694716768585497 0.0 0.8829475322054089
outer loop
vertex 37.171356201171875 142.0 92.00369262695312
vertex 52.447662353515625 156.0 83.88113403320312
vertex 37.171356201171875 156.0 92.00369262695312
endloop
endfacet
facet normal -0.0 1.0 0.0
outer loop
vertex 27.70355224609375 156.0 74.19735717773438
vertex 52.366851806640625 156.0 81.72915649414062
vertex 62.89886474609375 156.0 78.14254760742188
endloop
endfacet
facet normal 0.0 1.0 0.0
outer loop
vertex 37.171356201171875 156.0 92.00369262695312
vertex 52.447662353515625 156.0 83.88113403320312
vertex 52.366851806640625 156.0 81.72915649414062
endloop
endfacet
facet normal 0.0 0.0 -0.9999999999999999
outer loop
vertex 28.041839599609375 155.7741937637329 67.74148559570312
vertex 29.70355224609375 261.0 67.74148559570312
vertex 61.70355224609375 261.0 67.74148559570312
endloop
endfacet
facet normal 0.0 -1.0 0.0
outer loop
vertex 26.722869873046875 286.0 53.930389404296875
vertex 45.73046875 286.0 42.81732177734375
vertex 30.0550537109375 286.0 60.197357177734375
endloop
endfacet
facet normal -0.0 1.0 0.0
outer loop
vertex 26.722869873046875 298.0 53.930389404296875
vertex 37.020782470703125 298.0 73.29800415039062
vertex 45.73046875 298.0 42.81732177734375
endloop
endfacet
facet normal 0.0 -0.0 1.0
outer loop
vertex 29.70355224609375 264.0 72.19735717773438
vertex 38.903289794921875 286.0 72.19735717773438
vertex 36.435546875 286.0 72.19735717773438
endloop
endfacet
facet normal 0.0 0.0 1.0
outer loop
vertex 29.70355224609375 264.0 72.19735717773438
vertex 36.435546875 286.0 72.19735717773438
vertex 36.435546875 295.0 72.19735717773438
endloop
endfacet
facet normal -0.8829482033335517 3.842378629473885e-06 0.46947041463258277
outer loop
vertex 30.0550537109375 295.0 60.197357177734375
vertex 36.435546875 295.0 72.19735717773438
vertex 37.020782470703125 298.0 73.29800415039062
endloop
endfacet
facet normal 0.0 0.0 -1.0
outer loop
vertex 29.70355224609375 261.0 60.197357177734375
vertex 30.0550537109375 286.0 60.197357177734375
vertex 54.971588134765625 286.0 60.197357177734375
endloop
endfacet
facet normal 0.0 -1.0 0.0
outer loop
vertex 29.70355224609375 261.0 60.197357177734375
vertex 61.70355224609375 261.0 60.197357177734375
vertex 29.70355224609375 261.0 67.74148559570312
endloop
endfacet
facet normal 0.0 -1.0 0.0
outer loop
vertex 30.0550537109375 286.0 60.197357177734375
vertex 45.73046875 286.0 42.81732177734375
vertex 54.971588134765625 286.0 60.197357177734375
endloop
endfacet
facet normal -0.0 0.9999999999999999 -0.0
outer loop
vertex 45.73046875 298.0 42.81732177734375
vertex 37.020782470703125 298.0 73.29800415039062
vertex 56.02838134765625 298.0 62.184906005859375
endloop
endfacet
facet normal 0.8829477899718271 0.0 -0.46947119207025506
outer loop
vertex 45.73046875 286.0 42.81732177734375
vertex 45.73046875 298.0 42.81732177734375
vertex 54.971588134765625 295.0 60.197357177734375
endloop
endfacet
facet normal 0.0 -0.0 1.0
outer loop
vertex 29.70355224609375 264.0 72.19735717773438
vertex 61.70355224609375 264.0 72.19735717773438
vertex 38.903289794921875 286.0 72.19735717773438
endloop
endfacet
facet normal 0.0 0.0 -1.0
outer loop
vertex 29.70355224609375 261.0 60.197357177734375
vertex 54.971588134765625 286.0 60.197357177734375
vertex 61.70355224609375 261.0 60.197357177734375
endloop
endfacet
facet normal 0.0 -0.0 1.0
outer loop
vertex 27.70355224609375 156.0 74.19735717773438
vertex 63.70355224609375 264.0 74.19735717773438
vertex 27.70355224609375 264.0 74.19735717773438
endloop
endfacet
facet normal 0.0 -1.0 0.0
outer loop
vertex 36.435546875 286.0 72.19735717773438
vertex 38.903289794921875 286.0 72.19735717773438
vertex 37.020782470703125 286.0 73.29800415039062
endloop
endfacet
facet normal -0.8829438620533805 0.0 0.46947857934336157
outer loop
vertex 36.435546875 286.0 72.19735717773438
vertex 37.020782470703125 286.0 73.29800415039062
vertex 36.435546875 295.0 72.19735717773438
endloop
endfacet
facet normal -0.8829438620533805 0.0 0.46947857934336157
outer loop
vertex 36.435546875 295.0 72.19735717773438
vertex 37.020782470703125 286.0 73.29800415039062
vertex 37.020782470703125 298.0 73.29800415039062
endloop
endfacet
facet normal -0.0 1.0 -0.0
outer loop
vertex 29.70355224609375 264.0 72.19735717773438
vertex 27.70355224609375 264.0 74.19735717773438
vertex 61.70355224609375 264.0 72.19735717773438
endloop
endfacet
facet normal -0.8829478161923978 0.0 0.46947114275648033
outer loop
vertex 37.020782470703125 286.0 73.29800415039062
vertex 44.807830810546875 298.0 87.94332885742188
vertex 37.020782470703125 298.0 73.29800415039062
endloop
endfacet
facet normal -0.0 -1.0 0.0
outer loop
vertex 38.903289794921875 286.0 72.19735717773438
vertex 44.807830810546875 286.0 87.94332885742188
vertex 37.020782470703125 286.0 73.29800415039062
endloop
endfacet
facet normal -0.8829478161923978 0.0 0.46947114275648033
outer loop
vertex 37.020782470703125 286.0 73.29800415039062
vertex 44.807830810546875 286.0 87.94332885742188
vertex 44.807830810546875 298.0 87.94332885742188
endloop
endfacet
facet normal -0.0 1.0 0.0
outer loop
vertex 37.020782470703125 298.0 73.29800415039062
vertex 44.807830810546875 298.0 87.94332885742188
vertex 56.02838134765625 298.0 62.184906005859375
endloop
endfacet
facet normal 0.0 -1.0 0.0
outer loop
vertex 38.903289794921875 286.0 72.19735717773438
vertex 61.352081298828125 286.0 72.19735717773438
vertex 44.807830810546875 286.0 87.94332885742188
endloop
endfacet
facet normal 0.46946720582472296 0.0 0.8829499094824842
outer loop
vertex 44.807830810546875 286.0 87.94332885742188
vertex 48.339630126953125 295.5 86.06546020507812
vertex 44.807830810546875 298.0 87.94332885742188
endloop
endfacet
facet normal 0.469467205824723 -0.0 0.8829499094824843
outer loop
vertex 44.807830810546875 286.0 87.94332885742188
vertex 48.339630126953125 288.5 86.06546020507812
vertex 48.339630126953125 295.5 86.06546020507812
endloop
endfacet
facet normal 0.8829476273660181 0.0 -0.46947149788748566
outer loop
vertex 49.033538818359375 144.0 48.373870849609375
vertex 49.033538818359375 154.0 48.373870849609375
vertex 57.182769775390625 154.0 63.700347900390625
endloop
endfacet
facet normal -0.0 1.0 0.0
outer loop
vertex 49.033538818359375 154.0 48.373870849609375
vertex 50.2708740234375 154.0 67.74148559570312
vertex 57.182769775390625 154.0 63.700347900390625
endloop
endfacet
facet normal 0.0 0.0 -1.0
outer loop
vertex 28.041839599609375 155.7741937637329 67.74148559570312
vertex 63.461181640625 156.0 67.74148559570312
vertex 63.461181640625 154.0 67.74148559570312
endloop
endfacet
facet normal 0.8829474904297151 0.0 -0.4694717554271697
outer loop
vertex 57.182769775390625 144.0 63.700347900390625
vertex 57.182769775390625 154.0 63.700347900390625
vertex 59.33148193359375 154.0 67.74148559570312
endloop
endfacet
facet normal -0.0 1.0 0.0
outer loop
vertex 50.2708740234375 154.0 67.74148559570312
vertex 59.33148193359375 154.0 67.74148559570312
vertex 57.182769775390625 154.0 63.700347900390625
endloop
endfacet
facet normal 0.0 0.0 -1.0
outer loop
vertex 28.041839599609375 155.7741937637329 67.74148559570312
vertex 63.461181640625 264.0 67.74148559570312
vertex 63.461181640625 156.0 67.74148559570312
endloop
endfacet
facet normal 0.0 0.0 -1.0
outer loop
vertex 63.461181640625 142.0 67.74148559570312
vertex 59.33148193359375 154.0 67.74148559570312
vertex 63.461181640625 154.0 67.74148559570312
endloop
endfacet
facet normal 0.8829464706868682 0.0 -0.4694736732784952
outer loop
vertex 67.72396850585938 143.81704330444336 75.75857543945312
vertex 63.461181640625 154.0 67.74148559570312
vertex 63.461181640625 156.0 67.74148559570312
endloop
endfacet
facet normal 0.9992960183442651 0.0 -0.037516232770603807
outer loop
vertex 63.461181640625 156.0 67.74148559570312
vertex 63.461181640625 264.0 67.74148559570312
vertex 63.70355224609375 156.0 74.19735717773438
endloop
endfacet
facet normal -0.0 1.0 0.0
outer loop
vertex 27.70355224609375 156.0 74.19735717773438
vertex 62.89886474609375 156.0 78.14254760742188
vertex 63.70355224609375 156.0 74.19735717773438
endloop
endfacet
facet normal 0.4694552380369663 0.0 0.8829562726883223
outer loop
vertex 52.447662353515625 142.0 83.88113403320312
vertex 53.467620849609375 151.5 83.33883666992188
vertex 52.447662353515625 156.0 83.88113403320312
endloop
endfacet
facet normal -0.9992956774163991 0.0 0.03752531274886019
outer loop
vertex 52.366851806640625 156.0 81.72915649414062
vertex 52.447662353515625 156.0 83.88113403320312
vertex 52.447662353515625 160.0 83.88113403320312
endloop
endfacet
facet normal -0.9992956774163991 0.0 0.03752531274886019
outer loop
vertex 52.366851806640625 156.0 81.72915649414062
vertex 52.447662353515625 160.0 83.88113403320312
vertex 52.366851806640625 160.0 81.72915649414062
endloop
endfacet
facet normal -0.3223638962864623 0.0 -0.946615824065397
outer loop
vertex 52.366851806640625 156.0 81.72915649414062
vertex 52.366851806640625 160.0 81.72915649414062
vertex 62.89886474609375 156.0 78.14254760742188
endloop
endfacet
facet normal 0.46947451731862966 5.605122764667394e-06 0.8829460218818713
outer loop
vertex 52.447662353515625 156.0 83.88113403320312
vertex 53.467620849609375 151.5 83.33883666992188
vertex 61.414154052734375 151.5 79.11355590820312
endloop
endfacet
facet normal 0.4694709302931232 0.0 0.8829479291610062
outer loop
vertex 52.447662353515625 156.0 83.88113403320312
vertex 62.905548095703125 156.0 78.32058715820312
vertex 52.447662353515625 160.0 83.88113403320312
endloop
endfacet
facet normal -0.0 1.0 0.0
outer loop
vertex 53.467620849609375 151.5 83.33883666992188
vertex 55.552886962890625 151.5 83.36264038085938
vertex 61.414154052734375 151.5 79.11355590820312
endloop
endfacet
facet normal -0.08092727282281181 0.9850300781082241 -0.15220552465521145
outer loop
vertex 55.552886962890625 151.5 83.36264038085938
vertex 56.4918212890625 151.84999990463257 85.12850952148438
vertex 56.6124267578125 151.5 82.79928588867188
endloop
endfacet
facet normal -0.08092727282281181 0.9850300781082241 -0.15220552465521145
outer loop
vertex 56.6124267578125 151.5 82.79928588867188
vertex 56.4918212890625 151.84999990463257 85.12850952148438
vertex 57.551361083984375 151.84999990463257 84.56515502929688
endloop
endfacet
facet normal 0.35109213309966486 0.9362480936402516 -0.013184127977308875
outer loop
vertex 52.366851806640625 160.0 81.72915649414062
vertex 52.447662353515625 160.0 83.88113403320312
vertex 62.905548095703125 156.0 78.32058715820312
endloop
endfacet
facet normal 0.0 1.0 0.0
outer loop
vertex 56.6124267578125 151.5 82.79928588867188
vertex 59.208282470703125 151.5 81.41903686523438
vertex 61.414154052734375 151.5 79.11355590820312
endloop
endfacet
facet normal 0.46947093029014336 -3.562907615427637e-06 0.882947929155402
outer loop
vertex 52.447662353515625 156.0 83.88113403320312
vertex 61.414154052734375 151.5 79.11355590820312
vertex 62.905548095703125 156.0 78.32058715820312
endloop
endfacet
facet normal 0.0 1.0 0.0
outer loop
vertex 55.552886962890625 151.5 83.36264038085938
vertex 56.6124267578125 151.5 82.79928588867188
vertex 61.414154052734375 151.5 79.11355590820312
endloop
endfacet
facet normal -0.0 1.0 0.0
outer loop
vertex 53.467620849609375 151.5 83.33883666992188
vertex 58.162322998046875 151.5 92.16830444335938
vertex 55.552886962890625 151.5 83.36264038085938
endloop
endfacet
facet normal -0.8829479718640534 0.0 0.4694708499802247
outer loop
vertex 58.162322998046875 146.5 92.16830444335938
vertex 58.162322998046875 151.5 92.16830444335938
vertex 53.467620849609375 151.5 83.33883666992188
endloop
endfacet
facet normal -0.8829488326882838 2.783208735853209e-05 0.4694692301735778
outer loop
vertex 55.552886962890625 151.5 83.36264038085938
vertex 59.778106689453125 151.5 91.30917358398438
vertex 56.4918212890625 151.84999990463257 85.12850952148438
endloop
endfacet
facet normal -0.0 1.0 0.0
outer loop
vertex 56.4918212890625 151.84999990463257 85.12850952148438
vertex 59.30865478515625 151.84999990463257 90.42617797851562
vertex 57.551361083984375 151.84999990463257 84.56515502929688
endloop
endfacet
facet normal -0.0 1.0 0.0
outer loop
vertex 56.6124267578125 151.5 82.79928588867188
vertex 60.837646484375 151.5 90.74581909179688
vertex 59.208282470703125 151.5 81.41903686523438
endloop
endfacet
facet normal 0.8829488326882838 -2.783208735853209e-05 -0.4694692301735778
outer loop
vertex 56.6124267578125 151.5 82.79928588867188
vertex 57.551361083984375 151.84999990463257 84.56515502929688
vertex 60.837646484375 151.5 90.74581909179688
endloop
endfacet
facet normal -0.0 1.0 0.0
outer loop
vertex 55.552886962890625 151.5 83.36264038085938
vertex 58.162322998046875 151.5 92.16830444335938
vertex 59.778106689453125 151.5 91.30917358398438
endloop
endfacet
facet normal -0.0 1.0 0.0
outer loop
vertex 57.551361083984375 151.84999990463257 84.56515502929688
vertex 59.30865478515625 151.84999990463257 90.42617797851562
vertex 60.368194580078125 151.84999990463257 89.86282348632812
endloop
endfacet
facet normal -0.8829466772648069 8.024206371954186e-05 0.46947327790647264
outer loop
vertex 56.4918212890625 151.84999990463257 85.12850952148438
vertex 60.247589111328125 151.5 92.19210815429688
vertex 59.30865478515625 151.84999990463257 90.42617797851562
endloop
endfacet
facet normal -0.8829401524143913 0.0003947024318902491 0.46948539004365397
outer loop
vertex 56.4918212890625 151.84999990463257 85.12850952148438
vertex 59.778106689453125 151.5 91.30917358398438
vertex 60.247589111328125 151.5 92.19210815429688
endloop
endfacet
facet normal -0.6454340295772067 0.0 0.7638160206906696
outer loop
vertex 58.162322998046875 146.5 92.16830444335938
vertex 59.807647705078125 150.70000004768372 93.55862426757812
vertex 58.162322998046875 151.5 92.16830444335938
endloop
endfacet
facet normal 0.0 0.0 1.0
outer loop
vertex 27.70355224609375 156.0 74.19735717773438
vertex 63.70355224609375 156.0 74.19735717773438
vertex 63.70355224609375 264.0 74.19735717773438
endloop
endfacet
facet normal 0.0 1.0 0.0
outer loop
vertex 59.208282470703125 151.5 81.41903686523438
vertex 60.267822265625 151.5 80.85562133789062
vertex 61.414154052734375 151.5 79.11355590820312
endloop
endfacet
facet normal 0.35109345211398746 0.9362476635346516 -0.01317954508278424
outer loop
vertex 52.366851806640625 160.0 81.72915649414062
vertex 62.905548095703125 156.0 78.32058715820312
vertex 62.89886474609375 156.0 78.14254760742188
endloop
endfacet
facet normal -0.08093410807079603 0.9850300780940278 -0.15220189026703324
outer loop
vertex 59.208282470703125 151.5 81.41903686523438
vertex 60.147216796875 151.84999990463257 83.18490600585938
vertex 60.267822265625 151.5 80.85562133789062
endloop
endfacet
facet normal -0.08092515701718526 0.9850308668087774 -0.15220154531309074
outer loop
vertex 60.267822265625 151.5 80.85562133789062
vertex 60.147216796875 151.84999990463257 83.18490600585938
vertex 61.206756591796875 151.84999990463257 82.62155151367188
endloop
endfacet
facet normal 0.4694625492486811 0.0 0.8829523853826603
outer loop
vertex 61.414154052734375 146.5 79.11355590820312
vertex 62.905548095703125 156.0 78.32058715820312
vertex 61.414154052734375 151.5 79.11355590820312
endloop
endfacet
facet normal -0.0 1.0 0.0
outer loop
vertex 60.267822265625 151.5 80.85562133789062
vertex 64.49307250976562 151.5 88.80215454101562
vertex 61.414154052734375 151.5 79.11355590820312
endloop
endfacet
facet normal 0.8829474252301325 7.11453198943722e-05 -0.46947187265886636
outer loop
vertex 60.267822265625 151.5 80.85562133789062
vertex 61.206756591796875 151.84999990463257 82.62155151367188
vertex 64.49307250976562 151.5 88.80215454101562
endloop
endfacet
facet normal 0.8829479718640534 0.0 -0.4694708499802247
outer loop
vertex 61.414154052734375 146.5 79.11355590820312
vertex 61.414154052734375 151.5 79.11355590820312
vertex 66.10885620117188 151.5 87.94302368164062
endloop
endfacet
facet normal 0.0 1.0 0.0
outer loop
vertex 63.461181640625 156.0 67.74148559570312
vertex 63.70355224609375 156.0 74.19735717773438
vertex 67.72396850585938 156.0 75.75857543945312
endloop
endfacet
facet normal 0.46947329719853065 0.0 0.8829466706531829
outer loop
vertex 62.905548095703125 142.0 78.32058715820312
vertex 67.72396850585938 156.0 75.75857543945312
vertex 62.905548095703125 156.0 78.32058715820312
endloop
endfacet
facet normal -0.0 0.9999999999999999 0.0
outer loop
vertex 62.89886474609375 156.0 78.14254760742188
vertex 62.905548095703125 156.0 78.32058715820312
vertex 67.72396850585938 156.0 75.75857543945312
endloop
endfacet
facet normal 0.0 1.0 0.0
outer loop
vertex 62.89886474609375 156.0 78.14254760742188
vertex 67.72396850585938 156.0 75.75857543945312
vertex 63.70355224609375 156.0 74.19735717773438
endloop
endfacet
facet normal 0.8829464706868682 0.0 -0.4694736732784952
outer loop
vertex 67.72396850585938 143.81704330444336 75.75857543945312
vertex 63.461181640625 156.0 67.74148559570312
vertex 67.72396850585938 154.18295669555664 75.75857543945312
endloop
endfacet
facet normal 0.8829464706868683 0.0 -0.46947367327849526
outer loop
vertex 63.461181640625 156.0 67.74148559570312
vertex 67.72396850585938 156.0 75.75857543945312
vertex 67.72396850585938 154.18295669555664 75.75857543945312
endloop
endfacet
facet normal 0.46947329719853065 -0.0 0.8829466706531829
outer loop
vertex 62.905548095703125 142.0 78.32058715820312
vertex 67.72396850585938 154.18295669555664 75.75857543945312
vertex 67.72396850585938 156.0 75.75857543945312
endloop
endfacet
facet normal -0.8829459327186597 -7.468952174485662e-06 0.4694746849828972
outer loop
vertex 59.208282470703125 151.5 81.41903686523438
vertex 63.43353271484375 151.5 89.36550903320312
vertex 60.147216796875 151.84999990463257 83.18490600585938
endloop
endfacet
facet normal -0.0 1.0 0.0
outer loop
vertex 59.208282470703125 151.5 81.41903686523438
vertex 60.837646484375 151.5 90.74581909179688
vertex 63.43353271484375 151.5 89.36550903320312
endloop
endfacet
facet normal 0.8829466772648069 -8.024206371954186e-05 -0.46947327790647264
outer loop
vertex 57.551361083984375 151.84999990463257 84.56515502929688
vertex 60.368194580078125 151.84999990463257 89.86282348632812
vertex 61.30712890625 151.5 91.62875366210938
endloop
endfacet
facet normal 0.8829401524143913 -0.0003947024318902491 -0.46948539004365397
outer loop
vertex 57.551361083984375 151.84999990463257 84.56515502929688
vertex 61.30712890625 151.5 91.62875366210938
vertex 60.837646484375 151.5 90.74581909179688
endloop
endfacet
facet normal -0.0 1.0 0.0
outer loop
vertex 60.147216796875 151.84999990463257 83.18490600585938
vertex 62.96405029296875 151.84999990463257 88.48257446289062
vertex 61.206756591796875 151.84999990463257 82.62155151367188
endloop
endfacet
facet normal -0.0 1.0 0.0
outer loop
vertex 61.206756591796875 151.84999990463257 82.62155151367188
vertex 62.96405029296875 151.84999990463257 88.48257446289062
vertex 64.02359008789062 151.84999990463257 87.91921997070312
endloop
endfacet
facet normal 0.8829466801026825 -3.255202170926775e-06 -0.4694732794154049
outer loop
vertex 61.206756591796875 151.84999990463257 82.62155151367188
vertex 64.02359008789062 151.84999990463257 87.91921997070312
vertex 64.96255493164062 151.5 89.68515014648438
endloop
endfacet
facet normal -0.8829466801026825 3.255202170926775e-06 0.4694732794154049
outer loop
vertex 60.147216796875 151.84999990463257 83.18490600585938
vertex 63.90301513671875 151.5 90.24850463867188
vertex 62.96405029296875 151.84999990463257 88.48257446289062
endloop
endfacet
facet normal -0.8829536231429 -0.00033722926632620147 0.46946010017385686
outer loop
vertex 60.147216796875 151.84999990463257 83.18490600585938
vertex 63.43353271484375 151.5 89.36550903320312
vertex 63.90301513671875 151.5 90.24850463867188
endloop
endfacet
facet normal 0.1743411762487416 0.928489794806764 0.32789000473314006
outer loop
vertex 63.43353271484375 151.5 89.36550903320312
vertex 60.95501708984375 151.40000009536743 90.96652221679688
vertex 63.5509033203125 151.40000009536743 89.58627319335938
endloop
endfacet
facet normal 0.17437492478659383 0.9284621881080726 0.3279502261917802
outer loop
vertex 58.162322998046875 151.5 92.16830444335938
vertex 59.895477294921875 151.40000009536743 91.52987670898438
vertex 59.778106689453125 151.5 91.30917358398438
endloop
endfacet
facet normal 0.08092515701718526 0.9850308668087774 0.15220154531309074
outer loop
vertex 60.368194580078125 151.84999990463257 89.86282348632812
vertex 59.30865478515625 151.84999990463257 90.42617797851562
vertex 60.247589111328125 151.5 92.19210815429688
endloop
endfacet
facet normal -0.8829402121285587 -0.00014327571702028147 0.4694854217954426
outer loop
vertex 59.778106689453125 151.5 91.30917358398438
vertex 59.895477294921875 151.40000009536743 91.52987670898438
vertex 60.247589111328125 151.5 92.19210815429688
endloop
endfacet
facet normal 0.17436149629898545 0.9284784872867531 0.3279112185547812
outer loop
vertex 58.162322998046875 151.5 92.16830444335938
vertex 59.807647705078125 150.70000004768372 93.55862426757812
vertex 59.895477294921875 151.40000009536743 91.52987670898438
endloop
endfacet
facet normal 0.17434964393825256 0.928480632769441 0.32791144571463654
outer loop
vertex 59.895477294921875 151.40000009536743 91.52987670898438
vertex 59.807647705078125 150.70000004768372 93.55862426757812
vertex 60.95501708984375 151.40000009536743 90.96652221679688
endloop
endfacet
facet normal -0.8829491895381352 0.0 0.46946855985672825
outer loop
vertex 59.895477294921875 151.40000009536743 91.52987670898438
vertex 60.247589111328125 151.40000009536743 92.19210815429688
vertex 60.247589111328125 151.5 92.19210815429688
endloop
endfacet
facet normal 0.08092515701718526 0.9850308668087774 0.15220154531309074
outer loop
vertex 60.368194580078125 151.84999990463257 89.86282348632812
vertex 60.247589111328125 151.5 92.19210815429688
vertex 61.30712890625 151.5 91.62875366210938
endloop
endfacet
facet normal 0.0 -1.0 0.0
outer loop
vertex 59.895477294921875 151.40000009536743 91.52987670898438
vertex 60.95501708984375 151.40000009536743 90.96652221679688
vertex 61.30712890625 151.40000009536743 91.62875366210938
endloop
endfacet
facet normal 0.8829402121285587 0.00014327571702028147 -0.4694854217954426
outer loop
vertex 60.837646484375 151.5 90.74581909179688
vertex 61.30712890625 151.5 91.62875366210938
vertex 60.95501708984375 151.40000009536743 90.96652221679688
endloop
endfacet
facet normal 0.8829491895381352 0.0 -0.46946855985672825
outer loop
vertex 60.95501708984375 151.40000009536743 90.96652221679688
vertex 61.30712890625 151.5 91.62875366210938
vertex 61.30712890625 151.40000009536743 91.62875366210938
endloop
endfacet
facet normal 0.0 -1.0 0.0
outer loop
vertex 59.895477294921875 151.40000009536743 91.52987670898438
vertex 61.30712890625 151.40000009536743 91.62875366210938
vertex 60.247589111328125 151.40000009536743 92.19210815429688
endloop
endfacet
facet normal 0.4694632405567483 0.0 0.8829520178163459
outer loop
vertex 60.247589111328125 151.40000009536743 92.19210815429688
vertex 61.30712890625 151.40000009536743 91.62875366210938
vertex 60.247589111328125 151.5 92.19210815429688
endloop
endfacet
facet normal 0.4694632405567483 -0.0 0.8829520178163459
outer loop
vertex 60.247589111328125 151.5 92.19210815429688
vertex 61.30712890625 151.40000009536743 91.62875366210938
vertex 61.30712890625 151.5 91.62875366210938
endloop
endfacet
facet normal 0.17435326555482294 0.9284794950468311 0.32791274154559896
outer loop
vertex 60.95501708984375 151.40000009536743 90.96652221679688
vertex 59.807647705078125 150.70000004768372 93.55862426757812
vertex 63.5509033203125 151.40000009536743 89.58627319335938
endloop
endfacet
facet normal 0.17437958847845847 0.9284621882251135 0.3279477460790324
outer loop
vertex 63.43353271484375 151.5 89.36550903320312
vertex 60.837646484375 151.5 90.74581909179688
vertex 60.95501708984375 151.40000009536743 90.96652221679688
endloop
endfacet
facet normal 0.1743478834524314 0.9284821327133518 0.3279081346470729
outer loop
vertex 59.807647705078125 150.70000004768372 93.55862426757812
vertex 64.61044311523438 151.40000009536743 89.02291870117188
vertex 63.5509033203125 151.40000009536743 89.58627319335938
endloop
endfacet
facet normal -0.0 0.9999999999999999 0.0
outer loop
vertex 61.414154052734375 151.5 79.11355590820312
vertex 64.49307250976562 151.5 88.80215454101562
vertex 66.10885620117188 151.5 87.94302368164062
endloop
endfacet
facet normal 0.8829536231429 0.00033722926632620147 -0.46946010017385686
outer loop
vertex 61.206756591796875 151.84999990463257 82.62155151367188
vertex 64.96255493164062 151.5 89.68515014648438
vertex 64.49307250976562 151.5 88.80215454101562
endloop
endfacet
facet normal 0.17438140115202444 0.928464276387405 0.3279408702871131
outer loop
vertex 59.807647705078125 150.70000004768372 93.55862426757812
vertex 66.10885620117188 151.5 87.94302368164062
vertex 64.61044311523438 151.40000009536743 89.02291870117188
endloop
endfacet
facet normal 0.08092459455140211 0.9850310764733623 0.15220048744475242
outer loop
vertex 62.96405029296875 151.84999990463257 88.48257446289062
vertex 63.90301513671875 151.5 90.24850463867188
vertex 64.02359008789062 151.84999990463257 87.91921997070312
endloop
endfacet
facet normal -0.8829536710838194 7.163399862307598e-05 0.4694601256636994
outer loop
vertex 63.43353271484375 151.5 89.36550903320312
vertex 63.5509033203125 151.40000009536743 89.58627319335938
vertex 63.90301513671875 151.5 90.24850463867188
endloop
endfacet
facet normal -0.8829491895381352 0.0 0.46946855985672825
outer loop
vertex 63.5509033203125 151.40000009536743 89.58627319335938
vertex 63.90301513671875 151.40000009536743 90.24850463867188
vertex 63.90301513671875 151.5 90.24850463867188
endloop
endfacet
facet normal 0.08092459455140211 0.9850310764733623 0.15220048744475242
outer loop
vertex 64.02359008789062 151.84999990463257 87.91921997070312
vertex 63.90301513671875 151.5 90.24850463867188
vertex 64.96255493164062 151.5 89.68515014648438
endloop
endfacet
facet normal 0.0 -1.0 0.0
outer loop
vertex 63.5509033203125 151.40000009536743 89.58627319335938
vertex 64.61044311523438 151.40000009536743 89.02291870117188
vertex 64.96255493164062 151.40000009536743 89.68515014648438
endloop
endfacet
facet normal 0.0 -1.0 0.0
outer loop
vertex 63.5509033203125 151.40000009536743 89.58627319335938
vertex 64.96255493164062 151.40000009536743 89.68515014648438
vertex 63.90301513671875 151.40000009536743 90.24850463867188
endloop
endfacet
facet normal 0.4694632405567483 0.0 0.8829520178163459
outer loop
vertex 63.90301513671875 151.40000009536743 90.24850463867188
vertex 64.96255493164062 151.40000009536743 89.68515014648438
vertex 63.90301513671875 151.5 90.24850463867188
endloop
endfacet
facet normal 0.1743425234880086 0.9284897947850866 0.3278892884553887
outer loop
vertex 64.49307250976562 151.5 88.80215454101562
vertex 64.61044311523438 151.40000009536743 89.02291870117188
vertex 66.10885620117188 151.5 87.94302368164062
endloop
endfacet
facet normal 0.8829536710838194 -7.163399862307598e-05 -0.4694601256636994
outer loop
vertex 64.49307250976562 151.5 88.80215454101562
vertex 64.96255493164062 151.5 89.68515014648438
vertex 64.61044311523438 151.40000009536743 89.02291870117188
endloop
endfacet
facet normal 0.8829491895381352 0.0 -0.46946855985672825
outer loop
vertex 64.61044311523438 151.40000009536743 89.02291870117188
vertex 64.96255493164062 151.5 89.68515014648438
vertex 64.96255493164062 151.40000009536743 89.68515014648438
endloop
endfacet
facet normal 0.4694632405567483 -0.0 0.8829520178163459
outer loop
vertex 63.90301513671875 151.5 90.24850463867188
vertex 64.96255493164062 151.40000009536743 89.68515014648438
vertex 64.96255493164062 151.5 89.68515014648438
endloop
endfacet
facet normal 0.994152665499248 0.0 -0.10798369173509759
outer loop
vertex 66.34146118164062 147.29999995231628 90.08450317382812
vertex 66.10885620117188 151.5 87.94302368164062
vertex 66.34146118164062 150.70000004768372 90.08450317382812
endloop
endfacet
facet normal 0.17435760893566893 0.9284775080403423 0.32791605826710046
outer loop
vertex 59.807647705078125 150.70000004768372 93.55862426757812
vertex 66.34146118164062 150.70000004768372 90.08450317382812
vertex 66.10885620117188 151.5 87.94302368164062
endloop
endfacet
facet normal 0.4694748121700523 -0.0 0.8829458651230517
outer loop
vertex 66.34146118164062 147.29999995231628 90.08450317382812
vertex 66.34146118164062 150.70000004768372 90.08450317382812
vertex 59.807647705078125 150.70000004768372 93.55862426757812
endloop
endfacet
facet normal 0.0 0.0 -1.0
outer loop
vertex 28.041839599609375 155.7741937637329 67.74148559570312
vertex 61.70355224609375 261.0 67.74148559570312
vertex 63.461181640625 264.0 67.74148559570312
endloop
endfacet
facet normal 0.8829477899718271 0.0 -0.46947119207025506
outer loop
vertex 45.73046875 286.0 42.81732177734375
vertex 54.971588134765625 295.0 60.197357177734375
vertex 54.971588134765625 286.0 60.197357177734375
endloop
endfacet
facet normal 0.8829478688586043 1.102535715983611e-06 -0.46947104370433046
outer loop
vertex 45.73046875 298.0 42.81732177734375
vertex 56.02838134765625 298.0 62.184906005859375
vertex 54.971588134765625 295.0 60.197357177734375
endloop
endfacet
facet normal 0.0 -1.0 0.0
outer loop
vertex 29.70355224609375 261.0 67.74148559570312
vertex 61.70355224609375 261.0 60.197357177734375
vertex 61.70355224609375 261.0 67.74148559570312
endloop
endfacet
facet normal -0.0 -0.0 0.9999999999999999
outer loop
vertex 38.903289794921875 286.0 72.19735717773438
vertex 61.70355224609375 264.0 72.19735717773438
vertex 61.352081298828125 286.0 72.19735717773438
endloop
endfacet
facet normal 0.8829485586854086 0.0 -0.46946974632595834
outer loop
vertex 54.971588134765625 295.0 60.197357177734375
vertex 56.02838134765625 298.0 62.184906005859375
vertex 56.02838134765625 295.0 62.184906005859375
endloop
endfacet
facet normal 0.0 0.0 -1.0
outer loop
vertex 54.971588134765625 286.0 60.197357177734375
vertex 54.971588134765625 295.0 60.197357177734375
vertex 61.70355224609375 261.0 60.197357177734375
endloop
endfacet
facet normal -0.0 0.9999999999999999 0.0
outer loop
vertex 54.971588134765625 295.0 60.197357177734375
vertex 56.02838134765625 295.0 62.184906005859375
vertex 61.70355224609375 295.0 60.197357177734375
endloop
endfacet
facet normal 0.8829481328012512 0.0 -0.46947054730066284
outer loop
vertex 56.02838134765625 295.0 62.184906005859375
vertex 56.02838134765625 298.0 62.184906005859375
vertex 61.352081298828125 295.0 72.19735717773438
endloop
endfacet
facet normal 0.9992960183442651 0.0 -0.037516232770603807
outer loop
vertex 63.70355224609375 156.0 74.19735717773438
vertex 63.461181640625 264.0 67.74148559570312
vertex 63.70355224609375 264.0 74.19735717773438
endloop
endfacet
facet normal 0.9999999999999999 0.0 -0.0
outer loop
vertex 61.70355224609375 261.0 60.197357177734375
vertex 61.70355224609375 264.0 67.74148559570312
vertex 61.70355224609375 261.0 67.74148559570312
endloop
endfacet
facet normal 1.0 0.0 -0.0
outer loop
vertex 61.70355224609375 261.0 60.197357177734375
vertex 61.70355224609375 295.0 60.197357177734375
vertex 61.70355224609375 264.0 67.74148559570312
endloop
endfacet
facet normal 0.0 0.0 -1.0
outer loop
vertex 61.70355224609375 261.0 67.74148559570312
vertex 61.70355224609375 264.0 67.74148559570312
vertex 63.461181640625 264.0 67.74148559570312
endloop
endfacet
facet normal -0.0 1.0 0.0
outer loop
vertex 61.70355224609375 264.0 67.74148559570312
vertex 61.70355224609375 264.0 72.19735717773438
vertex 63.461181640625 264.0 67.74148559570312
endloop
endfacet
facet normal 0.0 0.9999999999999999 -0.0
outer loop
vertex 63.461181640625 264.0 67.74148559570312
vertex 61.70355224609375 264.0 72.19735717773438
vertex 63.70355224609375 264.0 74.19735717773438
endloop
endfacet
facet normal 1.0 0.0 -0.0
outer loop
vertex 61.70355224609375 264.0 67.74148559570312
vertex 61.70355224609375 295.0 72.19735717773438
vertex 61.70355224609375 264.0 72.19735717773438
endloop
endfacet
facet normal 0.0 0.0 -1.0
outer loop
vertex 54.971588134765625 295.0 60.197357177734375
vertex 61.70355224609375 295.0 60.197357177734375
vertex 61.70355224609375 261.0 60.197357177734375
endloop
endfacet
facet normal -0.0 1.0 0.0
outer loop
vertex 56.02838134765625 295.0 62.184906005859375
vertex 61.352081298828125 295.0 72.19735717773438
vertex 61.70355224609375 295.0 60.197357177734375
endloop
endfacet
facet normal 0.8829480772457008 -4.473035330375761e-07 -0.4694706517855188
outer loop
vertex 56.02838134765625 298.0 62.184906005859375
vertex 64.232666015625 298.0 77.61495971679688
vertex 61.352081298828125 295.0 72.19735717773438
endloop
endfacet
facet normal 1.0 -0.0 0.0
outer loop
vertex 61.70355224609375 264.0 67.74148559570312
vertex 61.70355224609375 295.0 60.197357177734375
vertex 61.70355224609375 295.0 72.19735717773438
endloop
endfacet
facet normal 0.0 -0.0 1.0
outer loop
vertex 61.70355224609375 264.0 72.19735717773438
vertex 61.70355224609375 295.0 72.19735717773438
vertex 61.352081298828125 286.0 72.19735717773438
endloop
endfacet
facet normal 0.0 1.0 -0.0
outer loop
vertex 61.70355224609375 295.0 60.197357177734375
vertex 61.352081298828125 295.0 72.19735717773438
vertex 61.70355224609375 295.0 72.19735717773438
endloop
endfacet
facet normal 0.0 -0.0 1.0
outer loop
vertex 61.352081298828125 286.0 72.19735717773438
vertex 61.70355224609375 295.0 72.19735717773438
vertex 61.352081298828125 295.0 72.19735717773438
endloop
endfacet
facet normal -0.0 1.0 0.0
outer loop
vertex 27.70355224609375 264.0 74.19735717773438
vertex 63.70355224609375 264.0 74.19735717773438
vertex 61.70355224609375 264.0 72.19735717773438
endloop
endfacet
facet normal 0.0 1.0 0.0
outer loop
vertex 44.807830810546875 298.0 87.94332885742188
vertex 64.232666015625 298.0 77.61495971679688
vertex 56.02838134765625 298.0 62.184906005859375
endloop
endfacet
facet normal 0.4694716001071433 -7.962948151525117e-06 0.8829475729789567
outer loop
vertex 44.807830810546875 286.0 87.94332885742188
vertex 64.232666015625 286.0 77.61495971679688
vertex 48.339630126953125 288.5 86.06546020507812
endloop
endfacet
facet normal 0.0 -1.0 0.0
outer loop
vertex 44.807830810546875 286.0 87.94332885742188
vertex 61.352081298828125 286.0 72.19735717773438
vertex 64.232666015625 286.0 77.61495971679688
endloop
endfacet
facet normal 0.469471407336103 -3.8041408220289048e-06 0.8829476755048327
outer loop
vertex 44.807830810546875 298.0 87.94332885742188
vertex 60.700897216796875 295.5 79.49282836914062
vertex 64.232666015625 296.7373046875 77.61495971679688
endloop
endfacet
facet normal 0.4694732075575237 5.144939787982479e-06 0.8829467183013818
outer loop
vertex 64.232666015625 286.0 77.61495971679688
vertex 60.700897216796875 288.5 79.49282836914062
vertex 48.339630126953125 288.5 86.06546020507812
endloop
endfacet
facet normal 0.46947160012202754 -0.0 0.8829475730069499
outer loop
vertex 44.807830810546875 298.0 87.94332885742188
vertex 64.232666015625 296.7373046875 77.61495971679688
vertex 64.232666015625 298.0 77.61495971679688
endloop
endfacet
facet normal 0.4694732075359719 1.0875813903175637e-05 0.8829467182608489
outer loop
vertex 44.807830810546875 298.0 87.94332885742188
vertex 48.339630126953125 295.5 86.06546020507812
vertex 60.700897216796875 295.5 79.49282836914062
endloop
endfacet
facet normal 0.8829479745718805 0.0 -0.4694708448875328
outer loop
vertex 61.352081298828125 286.0 72.19735717773438
vertex 61.352081298828125 295.0 72.19735717773438
vertex 64.232666015625 286.0 77.61495971679688
endloop
endfacet
facet normal 0.8829479745718806 0.0 -0.4694708448875328
outer loop
vertex 61.352081298828125 295.0 72.19735717773438
vertex 64.232666015625 296.7373046875 77.61495971679688
vertex 64.232666015625 286.0 77.61495971679688
endloop
endfacet
facet normal 0.8829479745718805 0.0 -0.46947084488753277
outer loop
vertex 61.352081298828125 295.0 72.19735717773438
vertex 64.232666015625 298.0 77.61495971679688
vertex 64.232666015625 296.7373046875 77.61495971679688
endloop
endfacet
facet normal 0.4694703683496121 0.0 0.8829482279509256
outer loop
vertex 64.232666015625 296.7373046875 77.61495971679688
vertex 60.700897216796875 295.5 79.49282836914062
vertex 60.700897216796875 288.5 79.49282836914062
endloop
endfacet
facet normal 0.4694703683496121 -0.0 0.8829482279509255
outer loop
vertex 64.232666015625 286.0 77.61495971679688
vertex 64.232666015625 296.7373046875 77.61495971679688
vertex 60.700897216796875 288.5 79.49282836914062
endloop
endfacet
facet normal -0.8829466266189434 0.0 0.4694733800144883
outer loop
vertex 53.034332275390625 288.5 94.89486694335938
vertex 48.339630126953125 295.5 86.06546020507812
vertex 48.339630126953125 288.5 86.06546020507812
endloop
endfacet
facet normal 0.0 0.9999999999999999 0.0
outer loop
vertex 52.6763916015625 295.5 84.89205932617188
vertex 60.700897216796875 295.5 79.49282836914062
vertex 48.339630126953125 295.5 86.06546020507812
endloop
endfacet
facet normal -0.0 -0.9999999999999999 -0.0
outer loop
vertex 57.30303955078125 288.5 82.43203735351562
vertex 48.339630126953125 288.5 86.06546020507812
vertex 60.700897216796875 288.5 79.49282836914062
endloop
endfacet
facet normal 0.0 1.0 0.0
outer loop
vertex 52.6763916015625 295.5 84.89205932617188
vertex 57.30303955078125 295.5 82.43203735351562
vertex 60.700897216796875 295.5 79.49282836914062
endloop
endfacet
facet normal -0.08092654770101423 -0.9850303484114221 -0.152204160868446
outer loop
vertex 57.30303955078125 288.5 82.43203735351562
vertex 58.362579345703125 288.5 81.86868286132812
vertex 58.241973876953125 288.1499938964844 84.19796752929688
endloop
endfacet
facet normal 0.0 -1.0 0.0
outer loop
vertex 57.30303955078125 288.5 82.43203735351562
vertex 60.700897216796875 288.5 79.49282836914062
vertex 58.362579345703125 288.5 81.86868286132812
endloop
endfacet
facet normal -0.08093549890621987 -0.9850295596699797 -0.1522045058241278
outer loop
vertex 58.362579345703125 288.5 81.86868286132812
vertex 59.301513671875 288.1499938964844 83.63455200195312
vertex 58.241973876953125 288.1499938964844 84.19796752929688
endloop
endfacet
facet normal -0.08092654770101423 0.9850303484114221 -0.152204160868446
outer loop
vertex 57.30303955078125 295.5 82.43203735351562
vertex 58.241973876953125 295.8500061035156 84.19796752929688
vertex 58.362579345703125 295.5 81.86868286132812
endloop
endfacet
facet normal 0.0 1.0 0.0
outer loop
vertex 57.30303955078125 295.5 82.43203735351562
vertex 58.362579345703125 295.5 81.86868286132812
vertex 60.700897216796875 295.5 79.49282836914062
endloop
endfacet
facet normal -0.08093549890621987 0.9850295596699797 -0.1522045058241278
outer loop
vertex 58.362579345703125 295.5 81.86868286132812
vertex 58.241973876953125 295.8500061035156 84.19796752929688
vertex 59.301513671875 295.8500061035156 83.63455200195312
endloop
endfacet
facet normal -0.0 -1.0 -0.0
outer loop
vertex 51.616851806640625 288.5 85.45547485351562
vertex 48.339630126953125 288.5 86.06546020507812
vertex 52.6763916015625 288.5 84.89205932617188
endloop
endfacet
facet normal -0.0 -1.0 -0.0
outer loop
vertex 52.6763916015625 288.5 84.89205932617188
vertex 48.339630126953125 288.5 86.06546020507812
vertex 57.30303955078125 288.5 82.43203735351562
endloop
endfacet
facet normal -0.08093493630737733 -0.9850297693758172 -0.15220344782016212
outer loop
vertex 51.616851806640625 288.5 85.45547485351562
vertex 52.6763916015625 288.5 84.89205932617188
vertex 52.555816650390625 288.1499938964844 87.22134399414062
endloop
endfacet
facet normal -0.0 -1.0 0.0
outer loop
vertex 51.616851806640625 288.5 85.45547485351562
vertex 55.84210205078125 288.5 93.40194702148438
vertex 48.339630126953125 288.5 86.06546020507812
endloop
endfacet
facet normal 0.0 1.0 0.0
outer loop
vertex 51.616851806640625 295.5 85.45547485351562
vertex 52.6763916015625 295.5 84.89205932617188
vertex 48.339630126953125 295.5 86.06546020507812
endloop
endfacet
facet normal -0.08093493630737733 0.9850297693758172 -0.15220344782016212
outer loop
vertex 51.616851806640625 295.5 85.45547485351562
vertex 52.555816650390625 295.8500061035156 87.22134399414062
vertex 52.6763916015625 295.5 84.89205932617188
endloop
endfacet
facet normal 0.0 1.0 -0.0
outer loop
vertex 51.616851806640625 295.5 85.45547485351562
vertex 48.339630126953125 295.5 86.06546020507812
vertex 53.034332275390625 295.5 94.89486694335938
endloop
endfacet
facet normal -0.08092598522615724 -0.9850305580831029 -0.15220310298304188
outer loop
vertex 52.6763916015625 288.5 84.89205932617188
vertex 53.6153564453125 288.1499938964844 86.65798950195312
vertex 52.555816650390625 288.1499938964844 87.22134399414062
endloop
endfacet
facet normal -0.8829459306098432 -6.951661308363123e-05 0.46947468386160995
outer loop
vertex 51.616851806640625 288.5 85.45547485351562
vertex 52.555816650390625 288.1499938964844 87.22134399414062
vertex 55.84210205078125 288.5 93.40194702148438
endloop
endfacet
facet normal 0.0 -1.0 0.0
outer loop
vertex 52.555816650390625 288.1499938964844 87.22134399414062
vertex 53.6153564453125 288.1499938964844 86.65798950195312
vertex 55.37261962890625 288.1499938964844 92.51901245117188
endloop
endfacet
facet normal 0.8829474274496565 5.841503437361067e-06 -0.46947187383900923
outer loop
vertex 52.6763916015625 288.5 84.89205932617188
vertex 56.901641845703125 288.5 92.83859252929688
vertex 53.6153564453125 288.1499938964844 86.65798950195312
endloop
endfacet
facet normal -0.08092598522615724 0.9850305580831029 -0.15220310298304188
outer loop
vertex 52.6763916015625 295.5 84.89205932617188
vertex 52.555816650390625 295.8500061035156 87.22134399414062
vertex 53.6153564453125 295.8500061035156 86.65798950195312
endloop
endfacet
facet normal -0.8829459306098432 6.951661308363123e-05 0.46947468386160995
outer loop
vertex 51.616851806640625 295.5 85.45547485351562
vertex 55.84210205078125 295.5 93.40194702148438
vertex 52.555816650390625 295.8500061035156 87.22134399414062
endloop
endfacet
facet normal -0.0 1.0 0.0
outer loop
vertex 52.555816650390625 295.8500061035156 87.22134399414062
vertex 55.37261962890625 295.8500061035156 92.51901245117188
vertex 53.6153564453125 295.8500061035156 86.65798950195312
endloop
endfacet
facet normal 0.8829474274496565 -5.841503437361067e-06 -0.46947187383900923
outer loop
vertex 52.6763916015625 295.5 84.89205932617188
vertex 53.6153564453125 295.8500061035156 86.65798950195312
vertex 56.901641845703125 295.5 92.83859252929688
endloop
endfacet
facet normal 0.0 -1.0 -0.0
outer loop
vertex 53.034332275390625 288.5 94.89486694335938
vertex 48.339630126953125 288.5 86.06546020507812
vertex 55.84210205078125 288.5 93.40194702148438
endloop
endfacet
facet normal -0.8829466266189434 0.0 0.4694733800144883
outer loop
vertex 53.034332275390625 288.5 94.89486694335938
vertex 53.034332275390625 295.5 94.89486694335938
vertex 48.339630126953125 295.5 86.06546020507812
endloop
endfacet
facet normal -0.8829487882435617 2.2407333057801594e-05 0.4694693140527264
outer loop
vertex 52.555816650390625 288.1499938964844 87.22134399414062
vertex 55.37261962890625 288.1499938964844 92.51901245117188
vertex 56.31158447265625 288.5 94.28494262695312
endloop
endfacet
facet normal -0.8829536434509149 0.0002602371960332239 0.4694601109714825
outer loop
vertex 52.555816650390625 288.1499938964844 87.22134399414062
vertex 56.31158447265625 288.5 94.28494262695312
vertex 55.84210205078125 288.5 93.40194702148438
endloop
endfacet
facet normal 0.17435150230557514 -0.928481857281321 0.32790699038480053
outer loop
vertex 53.034332275390625 288.5 94.89486694335938
vertex 55.84210205078125 288.5 93.40194702148438
vertex 55.95947265625 288.6000061035156 93.62271118164062
endloop
endfacet
facet normal -0.0 1.0 0.0
outer loop
vertex 51.616851806640625 295.5 85.45547485351562
vertex 53.034332275390625 295.5 94.89486694335938
vertex 55.84210205078125 295.5 93.40194702148438
endloop
endfacet
facet normal -0.8829536434509149 -0.0002602371960332239 0.4694601109714825
outer loop
vertex 52.555816650390625 295.8500061035156 87.22134399414062
vertex 55.84210205078125 295.5 93.40194702148438
vertex 56.31158447265625 295.5 94.28494262695312
endloop
endfacet
facet normal -0.8829487882435617 -2.2407333057801594e-05 0.4694693140527264
outer loop
vertex 52.555816650390625 295.8500061035156 87.22134399414062
vertex 56.31158447265625 295.5 94.28494262695312
vertex 55.37261962890625 295.8500061035156 92.51901245117188
endloop
endfacet
facet normal -0.6454410140053425 0.0 0.7638101187073626
outer loop
vertex 53.034332275390625 288.5 94.89486694335938
vertex 54.67962646484375 294.6999969482422 96.28518676757812
vertex 53.034332275390625 295.5 94.89486694335938
endloop
endfacet
facet normal -0.6454410140053424 0.0 0.7638101187073626
outer loop
vertex 53.034332275390625 288.5 94.89486694335938
vertex 54.67962646484375 289.3000030517578 96.28518676757812
vertex 54.67962646484375 294.6999969482422 96.28518676757812
endloop
endfacet
facet normal 0.17435150230557514 0.928481857281321 0.32790699038480053
outer loop
vertex 53.034332275390625 295.5 94.89486694335938
vertex 55.95947265625 295.3999938964844 93.62271118164062
vertex 55.84210205078125 295.5 93.40194702148438
endloop
endfacet
facet normal 0.17435725181234504 0.9284759444403399 0.32792067537144587
outer loop
vertex 53.034332275390625 295.5 94.89486694335938
vertex 54.67962646484375 294.6999969482422 96.28518676757812
vertex 55.95947265625 295.3999938964844 93.62271118164062
endloop
endfacet
facet normal 0.0 -1.0 0.0
outer loop
vertex 52.6763916015625 288.5 84.89205932617188
vertex 61.528289794921875 288.5 90.37857055664062
vertex 56.901641845703125 288.5 92.83859252929688
endloop
endfacet
facet normal -0.0 1.0 0.0
outer loop
vertex 52.6763916015625 295.5 84.89205932617188
vertex 56.901641845703125 295.5 92.83859252929688
vertex 57.30303955078125 295.5 82.43203735351562
endloop
endfacet
facet normal 0.0 -1.0 0.0
outer loop
vertex 52.6763916015625 288.5 84.89205932617188
vertex 57.30303955078125 288.5 82.43203735351562
vertex 61.528289794921875 288.5 90.37857055664062
endloop
endfacet
facet normal -0.8829474252302117 7.114405985487179e-05 0.46947187265890855
outer loop
vertex 57.30303955078125 288.5 82.43203735351562
vertex 58.241973876953125 288.1499938964844 84.19796752929688
vertex 61.528289794921875 288.5 90.37857055664062
endloop
endfacet
facet normal -0.8829474252302117 -7.114405985487179e-05 0.46947187265890855
outer loop
vertex 57.30303955078125 295.5 82.43203735351562
vertex 61.528289794921875 295.5 90.37857055664062
vertex 58.241973876953125 295.8500061035156 84.19796752929688
endloop
endfacet
facet normal -0.0 1.0 -0.0
outer loop
vertex 57.30303955078125 295.5 82.43203735351562
vertex 56.901641845703125 295.5 92.83859252929688
vertex 61.528289794921875 295.5 90.37857055664062
endloop
endfacet
facet normal 0.0 -1.0 0.0
outer loop
vertex 53.6153564453125 288.1499938964844 86.65798950195312
vertex 56.432159423828125 288.1499938964844 91.95565795898438
vertex 55.37261962890625 288.1499938964844 92.51901245117188
endloop
endfacet
facet normal 0.8829487836649614 -0.00010427485611158768 -0.46946931161825645
outer loop
vertex 53.6153564453125 288.1499938964844 86.65798950195312
vertex 57.371124267578125 288.5 93.72152709960938
vertex 56.432159423828125 288.1499938964844 91.95565795898438
endloop
endfacet
facet normal 0.8829401779889557 0.0003128251234851931 -0.46948540364240615
outer loop
vertex 53.6153564453125 288.1499938964844 86.65798950195312
vertex 56.901641845703125 288.5 92.83859252929688
vertex 57.371124267578125 288.5 93.72152709960938
endloop
endfacet
facet normal 0.08092598522615724 -0.9850305580831029 0.15220310298304188
outer loop
vertex 55.37261962890625 288.1499938964844 92.51901245117188
vertex 56.432159423828125 288.1499938964844 91.95565795898438
vertex 56.31158447265625 288.5 94.28494262695312
endloop
endfacet
facet normal 0.8829402141634679 -0.00012616868821666277 -0.4694854228774641
outer loop
vertex 56.901641845703125 288.5 92.83859252929688
vertex 57.01904296875 288.6000061035156 93.05935668945312
vertex 57.371124267578125 288.5 93.72152709960938
endloop
endfacet
facet normal -0.8829536710841003 -7.162955838630588e-05 0.46946012566384876
outer loop
vertex 55.84210205078125 288.5 93.40194702148438
vertex 56.31158447265625 288.5 94.28494262695312
vertex 55.95947265625 288.6000061035156 93.62271118164062
endloop
endfacet
facet normal -0.0 1.0 0.0
outer loop
vertex 55.95947265625 288.6000061035156 93.62271118164062
vertex 56.31158447265625 288.6000061035156 94.28494262695312
vertex 57.01904296875 288.6000061035156 93.05935668945312
endloop
endfacet
facet normal -0.882949189538135 0.0 0.46946855985672814
outer loop
vertex 55.95947265625 288.6000061035156 93.62271118164062
vertex 56.31158447265625 288.5 94.28494262695312
vertex 56.31158447265625 288.6000061035156 94.28494262695312
endloop
endfacet
facet normal 0.08093493630737733 -0.9850297693758172 0.15220344782016212
outer loop
vertex 56.432159423828125 288.1499938964844 91.95565795898438
vertex 57.371124267578125 288.5 93.72152709960938
vertex 56.31158447265625 288.5 94.28494262695312
endloop
endfacet
facet normal 0.0 0.9999999999999999 0.0
outer loop
vertex 56.31158447265625 288.6000061035156 94.28494262695312
vertex 57.371124267578125 288.6000061035156 93.72152709960938
vertex 57.01904296875 288.6000061035156 93.05935668945312
endloop
endfacet
facet normal 0.46950289195826916 -0.0 0.8829309341295173
outer loop
vertex 56.31158447265625 288.5 94.28494262695312
vertex 57.371124267578125 288.5 93.72152709960938
vertex 57.371124267578125 288.6000061035156 93.72152709960938
endloop
endfacet
facet normal 0.46950289195826916 0.0 0.8829309341295173
outer loop
vertex 56.31158447265625 288.5 94.28494262695312
vertex 57.371124267578125 288.6000061035156 93.72152709960938
vertex 56.31158447265625 288.6000061035156 94.28494262695312
endloop
endfacet
facet normal -0.0 1.0 0.0
outer loop
vertex 53.6153564453125 295.8500061035156 86.65798950195312
vertex 55.37261962890625 295.8500061035156 92.51901245117188
vertex 56.432159423828125 295.8500061035156 91.95565795898438
endloop
endfacet
facet normal 0.8829401779889557 -0.0003128251234851931 -0.46948540364240615
outer loop
vertex 53.6153564453125 295.8500061035156 86.65798950195312
vertex 57.371124267578125 295.5 93.72152709960938
vertex 56.901641845703125 295.5 92.83859252929688
endloop
endfacet
facet normal 0.8829487836649614 0.00010427485611158768 -0.46946931161825645
outer loop
vertex 53.6153564453125 295.8500061035156 86.65798950195312
vertex 56.432159423828125 295.8500061035156 91.95565795898438
vertex 57.371124267578125 295.5 93.72152709960938
endloop
endfacet
facet normal 0.08092598522615724 0.9850305580831029 0.15220310298304188
outer loop
vertex 55.37261962890625 295.8500061035156 92.51901245117188
vertex 56.31158447265625 295.5 94.28494262695312
vertex 56.432159423828125 295.8500061035156 91.95565795898438
endloop
endfacet
facet normal 0.8829402141634679 0.00012616868821666277 -0.4694854228774641
outer loop
vertex 56.901641845703125 295.5 92.83859252929688
vertex 57.371124267578125 295.5 93.72152709960938
vertex 57.01904296875 295.3999938964844 93.05935668945312
endloop
endfacet
facet normal -0.8829536710841003 7.162955838630588e-05 0.46946012566384876
outer loop
vertex 55.84210205078125 295.5 93.40194702148438
vertex 55.95947265625 295.3999938964844 93.62271118164062
vertex 56.31158447265625 295.5 94.28494262695312
endloop
endfacet
facet normal 0.17434747877751958 0.9284791419383202 0.3279168181557681
outer loop
vertex 54.67962646484375 294.6999969482422 96.28518676757812
vertex 57.01904296875 295.3999938964844 93.05935668945312
vertex 55.95947265625 295.3999938964844 93.62271118164062
endloop
endfacet
facet normal 0.0 -0.9999999999999999 0.0
outer loop
vertex 55.95947265625 295.3999938964844 93.62271118164062
vertex 57.371124267578125 295.3999938964844 93.72152709960938
vertex 56.31158447265625 295.3999938964844 94.28494262695312
endloop
endfacet
facet normal -0.882949189538135 0.0 0.46946855985672814
outer loop
vertex 55.95947265625 295.3999938964844 93.62271118164062
vertex 56.31158447265625 295.3999938964844 94.28494262695312
vertex 56.31158447265625 295.5 94.28494262695312
endloop
endfacet
facet normal 0.08093493630737733 0.9850297693758172 0.15220344782016212
outer loop
vertex 56.432159423828125 295.8500061035156 91.95565795898438
vertex 56.31158447265625 295.5 94.28494262695312
vertex 57.371124267578125 295.5 93.72152709960938
endloop
endfacet
facet normal 0.0 -1.0 0.0
outer loop
vertex 55.95947265625 295.3999938964844 93.62271118164062
vertex 57.01904296875 295.3999938964844 93.05935668945312
vertex 57.371124267578125 295.3999938964844 93.72152709960938
endloop
endfacet
facet normal 0.46950289195826916 -0.0 0.8829309341295173
outer loop
vertex 56.31158447265625 295.5 94.28494262695312
vertex 57.371124267578125 295.3999938964844 93.72152709960938
vertex 57.371124267578125 295.5 93.72152709960938
endloop
endfacet
facet normal 0.46950289195826916 0.0 0.8829309341295173
outer loop
vertex 56.31158447265625 295.3999938964844 94.28494262695312
vertex 57.371124267578125 295.3999938964844 93.72152709960938
vertex 56.31158447265625 295.5 94.28494262695312
endloop
endfacet
facet normal 0.17434211152877815 -0.9284891947735966 0.3278912065554142
outer loop
vertex 56.901641845703125 288.5 92.83859252929688
vertex 61.64569091796875 288.6000061035156 90.59933471679688
vertex 57.01904296875 288.6000061035156 93.05935668945312
endloop
endfacet
facet normal 0.8829481199481272 0.0 -0.4694705714739397
outer loop
vertex 57.01904296875 288.6000061035156 93.05935668945312
vertex 57.371124267578125 288.6000061035156 93.72152709960938
vertex 57.371124267578125 288.5 93.72152709960938
endloop
endfacet
facet normal 0.17435810231732993 -0.9284750697498684 0.32792269974687116
outer loop
vertex 53.034332275390625 288.5 94.89486694335938
vertex 55.95947265625 288.6000061035156 93.62271118164062
vertex 65.628173828125 289.3000030517578 90.46377563476562
endloop
endfacet
facet normal 0.17434211152877815 0.9284891947735966 0.3278912065554142
outer loop
vertex 56.901641845703125 295.5 92.83859252929688
vertex 57.01904296875 295.3999938964844 93.05935668945312
vertex 61.528289794921875 295.5 90.37857055664062
endloop
endfacet
facet normal 0.17435739373918283 -0.9284759715894082 0.32792052303810476
outer loop
vertex 53.034332275390625 288.5 94.89486694335938
vertex 65.628173828125 289.3000030517578 90.46377563476562
vertex 54.67962646484375 289.3000030517578 96.28518676757812
endloop
endfacet
facet normal 0.8829481199481272 0.0 -0.4694705714739397
outer loop
vertex 57.01904296875 295.3999938964844 93.05935668945312
vertex 57.371124267578125 295.5 93.72152709960938
vertex 57.371124267578125 295.3999938964844 93.72152709960938
endloop
endfacet
facet normal 0.17435994249343004 0.9284740029355163 0.3279247418640237
outer loop
vertex 54.67962646484375 294.6999969482422 96.28518676757812
vertex 61.64569091796875 295.3999938964844 90.59933471679688
vertex 57.01904296875 295.3999938964844 93.05935668945312
endloop
endfacet
facet normal 0.46946937719264276 0.0 0.8829487549560009
outer loop
vertex 54.67962646484375 289.3000030517578 96.28518676757812
vertex 65.628173828125 289.3000030517578 90.46377563476562
vertex 54.67962646484375 294.6999969482422 96.28518676757812
endloop
endfacet
facet normal 0.0 -0.9999999999999999 0.0
outer loop
vertex 58.362579345703125 288.5 81.86868286132812
vertex 60.700897216796875 288.5 79.49282836914062
vertex 65.39559936523438 288.5 88.32229614257812
endloop
endfacet
facet normal 0.8829479718640536 0.0 -0.46947084998022476
outer loop
vertex 65.39559936523438 295.5 88.32229614257812
vertex 60.700897216796875 288.5 79.49282836914062
vertex 60.700897216796875 295.5 79.49282836914062
endloop
endfacet
facet normal -0.0 0.9999999999999999 0.0
outer loop
vertex 58.362579345703125 295.5 81.86868286132812
vertex 65.39559936523438 295.5 88.32229614257812
vertex 60.700897216796875 295.5 79.49282836914062
endloop
endfacet
facet normal 0.8829474274139505 1.0723909943890686e-05 -0.469471873820024
outer loop
vertex 58.362579345703125 288.5 81.86868286132812
vertex 62.58782958984375 288.5 89.81521606445312
vertex 59.301513671875 288.1499938964844 83.63455200195312
endloop
endfacet
facet normal 0.0 -1.0 0.0
outer loop
vertex 58.241973876953125 288.1499938964844 84.19796752929688
vertex 59.301513671875 288.1499938964844 83.63455200195312
vertex 61.058807373046875 288.1499938964844 89.49563598632812
endloop
endfacet
facet normal 0.0 -1.0 0.0
outer loop
vertex 59.301513671875 288.1499938964844 83.63455200195312
vertex 62.11834716796875 288.1499938964844 88.93228149414062
vertex 61.058807373046875 288.1499938964844 89.49563598632812
endloop
endfacet
facet normal -0.8829466773790489 7.861307032558871e-05 0.46947327796721644
outer loop
vertex 58.241973876953125 288.1499938964844 84.19796752929688
vertex 61.058807373046875 288.1499938964844 89.49563598632812
vertex 61.997772216796875 288.5 91.26150512695312
endloop
endfacet
facet normal -0.8829401966361946 -0.00023584019708673627 0.4694854135576945
outer loop
vertex 58.241973876953125 288.1499938964844 84.19796752929688
vertex 61.997772216796875 288.5 91.26150512695312
vertex 61.528289794921875 288.5 90.37857055664062
endloop
endfacet
facet normal 0.8829474274139505 -1.0723909943890686e-05 -0.469471873820024
outer loop
vertex 58.362579345703125 295.5 81.86868286132812
vertex 59.301513671875 295.8500061035156 83.63455200195312
vertex 62.58782958984375 295.5 89.81521606445312
endloop
endfacet
facet normal -0.0 1.0 0.0
outer loop
vertex 58.241973876953125 295.8500061035156 84.19796752929688
vertex 61.058807373046875 295.8500061035156 89.49563598632812
vertex 59.301513671875 295.8500061035156 83.63455200195312
endloop
endfacet
facet normal -0.8829401966361946 0.00023584019708673627 0.4694854135576945
outer loop
vertex 58.241973876953125 295.8500061035156 84.19796752929688
vertex 61.528289794921875 295.5 90.37857055664062
vertex 61.997772216796875 295.5 91.26150512695312
endloop
endfacet
facet normal -0.0 1.0 0.0
outer loop
vertex 59.301513671875 295.8500061035156 83.63455200195312
vertex 61.058807373046875 295.8500061035156 89.49563598632812
vertex 62.11834716796875 295.8500061035156 88.93228149414062
endloop
endfacet
facet normal -0.8829466773790489 -7.861307032558871e-05 0.46947327796721644
outer loop
vertex 58.241973876953125 295.8500061035156 84.19796752929688
vertex 61.997772216796875 295.5 91.26150512695312
vertex 61.058807373046875 295.8500061035156 89.49563598632812
endloop
endfacet
facet normal 0.0 -1.0 0.0
outer loop
vertex 58.362579345703125 288.5 81.86868286132812
vertex 65.39559936523438 288.5 88.32229614257812
vertex 62.58782958984375 288.5 89.81521606445312
endloop
endfacet
facet normal 0.8829489217901609 -2.8916421900559413e-05 -0.46946906253067716
outer loop
vertex 59.301513671875 288.1499938964844 83.63455200195312
vertex 63.057281494140625 288.5 90.69815063476562
vertex 62.11834716796875 288.1499938964844 88.93228149414062
endloop
endfacet
facet normal 0.8829528499093247 -0.0002211978163464584 -0.46946162346727294
outer loop
vertex 59.301513671875 288.1499938964844 83.63455200195312
vertex 62.58782958984375 288.5 89.81521606445312
vertex 63.057281494140625 288.5 90.69815063476562
endloop
endfacet
facet normal 0.08092810103695451 -0.9850297693723034 0.1522070823348875
outer loop
vertex 61.058807373046875 288.1499938964844 89.49563598632812
vertex 62.11834716796875 288.1499938964844 88.93228149414062
vertex 61.997772216796875 288.5 91.26150512695312
endloop
endfacet
facet normal 0.8829528689668495 7.589973035042765e-05 -0.4694616336000638
outer loop
vertex 62.58782958984375 288.5 89.81521606445312
vertex 62.7052001953125 288.6000061035156 90.03598022460938
vertex 63.057281494140625 288.5 90.69815063476562
endloop
endfacet
facet normal -0.0 1.0 0.0
outer loop
vertex 58.362579345703125 295.5 81.86868286132812
vertex 62.58782958984375 295.5 89.81521606445312
vertex 65.39559936523438 295.5 88.32229614257812
endloop
endfacet
facet normal 0.8829528499093247 0.0002211978163464584 -0.46946162346727294
outer loop
vertex 59.301513671875 295.8500061035156 83.63455200195312
vertex 63.057281494140625 295.5 90.69815063476562
vertex 62.58782958984375 295.5 89.81521606445312
endloop
endfacet
facet normal 0.8829489217901609 2.8916421900559413e-05 -0.46946906253067716
outer loop
vertex 59.301513671875 295.8500061035156 83.63455200195312
vertex 62.11834716796875 295.8500061035156 88.93228149414062
vertex 63.057281494140625 295.5 90.69815063476562
endloop
endfacet
facet normal 0.08092810103695451 0.9850297693723034 0.1522070823348875
outer loop
vertex 61.058807373046875 295.8500061035156 89.49563598632812
vertex 61.997772216796875 295.5 91.26150512695312
vertex 62.11834716796875 295.8500061035156 88.93228149414062
endloop
endfacet
facet normal 0.8829528689668495 -7.589973035042765e-05 -0.4694616336000638
outer loop
vertex 62.7052001953125 295.3999938964844 90.03598022460938
vertex 62.58782958984375 295.5 89.81521606445312
vertex 63.057281494140625 295.5 90.69815063476562
endloop
endfacet
facet normal 0.17434211152877815 -0.9284891947735966 0.3278912065554142
outer loop
vertex 56.901641845703125 288.5 92.83859252929688
vertex 61.528289794921875 288.5 90.37857055664062
vertex 61.64569091796875 288.6000061035156 90.59933471679688
endloop
endfacet
facet normal 0.17436759706705637 -0.928461999209365 0.3279546571055361
outer loop
vertex 55.95947265625 288.6000061035156 93.62271118164062
vertex 57.01904296875 288.6000061035156 93.05935668945312
vertex 65.628173828125 289.3000030517578 90.46377563476562
endloop
endfacet
facet normal 0.17434211152877815 0.9284891947735966 0.3278912065554142
outer loop
vertex 57.01904296875 295.3999938964844 93.05935668945312
vertex 61.64569091796875 295.3999938964844 90.59933471679688
vertex 61.528289794921875 295.5 90.37857055664062
endloop
endfacet
facet normal 0.17436456980340798 0.9284712512978106 0.32793007228790455
outer loop
vertex 54.67962646484375 294.6999969482422 96.28518676757812
vertex 62.7052001953125 295.3999938964844 90.03598022460938
vertex 61.64569091796875 295.3999938964844 90.59933471679688
endloop
endfacet
facet normal 0.17437456197074935 0.9284650861946818 0.32794221420093433
outer loop
vertex 54.67962646484375 294.6999969482422 96.28518676757812
vertex 65.39559936523438 295.5 88.32229614257812
vertex 62.7052001953125 295.3999938964844 90.03598022460938
endloop
endfacet
facet normal -0.8829402141634679 0.00012616868821666277 0.4694854228774641
outer loop
vertex 61.528289794921875 288.5 90.37857055664062
vertex 61.997772216796875 288.5 91.26150512695312
vertex 61.64569091796875 288.6000061035156 90.59933471679688
endloop
endfacet
facet normal -0.8829481199481272 0.0 0.4694705714739397
outer loop
vertex 61.64569091796875 288.6000061035156 90.59933471679688
vertex 61.997772216796875 288.5 91.26150512695312
vertex 61.997772216796875 288.6000061035156 91.26150512695312
endloop
endfacet
facet normal -0.0 1.0 0.0
outer loop
vertex 61.64569091796875 288.6000061035156 90.59933471679688
vertex 61.997772216796875 288.6000061035156 91.26150512695312
vertex 62.7052001953125 288.6000061035156 90.03598022460938
endloop
endfacet
facet normal 0.08093048079826229 -0.9850295596861633 0.15220717401701356
outer loop
vertex 62.11834716796875 288.1499938964844 88.93228149414062
vertex 63.057281494140625 288.5 90.69815063476562
vertex 61.997772216796875 288.5 91.26150512695312
endloop
endfacet
facet normal 0.4694737824099616 0.0 0.882946412660295
outer loop
vertex 61.997772216796875 288.5 91.26150512695312
vertex 63.057281494140625 288.6000061035156 90.69815063476562
vertex 61.997772216796875 288.6000061035156 91.26150512695312
endloop
endfacet
facet normal 0.0 1.0 0.0
outer loop
vertex 61.997772216796875 288.6000061035156 91.26150512695312
vertex 63.057281494140625 288.6000061035156 90.69815063476562
vertex 62.7052001953125 288.6000061035156 90.03598022460938
endloop
endfacet
facet normal 0.8829481199481272 0.0 -0.4694705714739397
outer loop
vertex 62.7052001953125 288.6000061035156 90.03598022460938
vertex 63.057281494140625 288.6000061035156 90.69815063476562
vertex 63.057281494140625 288.5 90.69815063476562
endloop
endfacet
facet normal 0.4694737824099616 -0.0 0.882946412660295
outer loop
vertex 61.997772216796875 288.5 91.26150512695312
vertex 63.057281494140625 288.5 90.69815063476562
vertex 63.057281494140625 288.6000061035156 90.69815063476562
endloop
endfacet
facet normal 0.1743591687494399 -0.9284746621965619 0.32792328665708453
outer loop
vertex 57.01904296875 288.6000061035156 93.05935668945312
vertex 61.64569091796875 288.6000061035156 90.59933471679688
vertex 65.628173828125 289.3000030517578 90.46377563476562
endloop
endfacet
facet normal 0.46946937719264276 -0.0 0.8829487549560009
outer loop
vertex 54.67962646484375 294.6999969482422 96.28518676757812
vertex 65.628173828125 289.3000030517578 90.46377563476562
vertex 65.628173828125 294.6999969482422 90.46377563476562
endloop
endfacet
facet normal -0.8829402141634679 -0.00012616868821666277 0.4694854228774641
outer loop
vertex 61.64569091796875 295.3999938964844 90.59933471679688
vertex 61.997772216796875 295.5 91.26150512695312
vertex 61.528289794921875 295.5 90.37857055664062
endloop
endfacet
facet normal -0.8829481199481272 0.0 0.4694705714739397
outer loop
vertex 61.64569091796875 295.3999938964844 90.59933471679688
vertex 61.997772216796875 295.3999938964844 91.26150512695312
vertex 61.997772216796875 295.5 91.26150512695312
endloop
endfacet
facet normal 0.17435687942904157 0.9284764097966054 0.32791955575563453
outer loop
vertex 54.67962646484375 294.6999969482422 96.28518676757812
vertex 65.628173828125 294.6999969482422 90.46377563476562
vertex 65.39559936523438 295.5 88.32229614257812
endloop
endfacet
facet normal 0.08093048079826229 0.9850295596861633 0.15220717401701356
outer loop
vertex 62.11834716796875 295.8500061035156 88.93228149414062
vertex 61.997772216796875 295.5 91.26150512695312
vertex 63.057281494140625 295.5 90.69815063476562
endloop
endfacet
facet normal 0.0 -1.0 0.0
outer loop
vertex 61.64569091796875 295.3999938964844 90.59933471679688
vertex 63.057281494140625 295.3999938964844 90.69815063476562
vertex 61.997772216796875 295.3999938964844 91.26150512695312
endloop
endfacet
facet normal 0.4694737824099616 0.0 0.882946412660295
outer loop
vertex 61.997772216796875 295.3999938964844 91.26150512695312
vertex 63.057281494140625 295.3999938964844 90.69815063476562
vertex 61.997772216796875 295.5 91.26150512695312
endloop
endfacet
facet normal 0.17435925583831866 -0.9284757790027098 0.3279200782337349
outer loop
vertex 61.64569091796875 288.6000061035156 90.59933471679688
vertex 62.7052001953125 288.6000061035156 90.03598022460938
vertex 65.628173828125 289.3000030517578 90.46377563476562
endloop
endfacet
facet normal 0.0 -1.0 0.0
outer loop
vertex 61.64569091796875 295.3999938964844 90.59933471679688
vertex 62.7052001953125 295.3999938964844 90.03598022460938
vertex 63.057281494140625 295.3999938964844 90.69815063476562
endloop
endfacet
facet normal 0.8829481199481272 0.0 -0.4694705714739397
outer loop
vertex 62.7052001953125 295.3999938964844 90.03598022460938
vertex 63.057281494140625 295.5 90.69815063476562
vertex 63.057281494140625 295.3999938964844 90.69815063476562
endloop
endfacet
facet normal 0.4694737824099616 -0.0 0.882946412660295
outer loop
vertex 61.997772216796875 295.5 91.26150512695312
vertex 63.057281494140625 295.3999938964844 90.69815063476562
vertex 63.057281494140625 295.5 90.69815063476562
endloop
endfacet
facet normal 0.17435150230557514 -0.928481857281321 0.32790699038480053
outer loop
vertex 62.58782958984375 288.5 89.81521606445312
vertex 65.39559936523438 288.5 88.32229614257812
vertex 62.7052001953125 288.6000061035156 90.03598022460938
endloop
endfacet
facet normal 0.8829479718640536 0.0 -0.46947084998022476
outer loop
vertex 65.39559936523438 288.5 88.32229614257812
vertex 60.700897216796875 288.5 79.49282836914062
vertex 65.39559936523438 295.5 88.32229614257812
endloop
endfacet
facet normal 0.17435150230557514 0.928481857281321 0.32790699038480053
outer loop
vertex 62.7052001953125 295.3999938964844 90.03598022460938
vertex 65.39559936523438 295.5 88.32229614257812
vertex 62.58782958984375 295.5 89.81521606445312
endloop
endfacet
facet normal 0.17435946141698191 -0.9284760689362581 0.3279191480030599
outer loop
vertex 62.7052001953125 288.6000061035156 90.03598022460938
vertex 65.39559936523438 288.5 88.32229614257812
vertex 65.628173828125 289.3000030517578 90.46377563476562
endloop
endfacet
facet normal 0.9941541863023332 0.0 -0.1079696895315807
outer loop
vertex 65.39559936523438 288.5 88.32229614257812
vertex 65.39559936523438 295.5 88.32229614257812
vertex 65.628173828125 289.3000030517578 90.46377563476562
endloop
endfacet
facet normal 0.9941541863023332 0.0 -0.1079696895315807
outer loop
vertex 65.628173828125 289.3000030517578 90.46377563476562
vertex 65.39559936523438 295.5 88.32229614257812
vertex 65.628173828125 294.6999969482422 90.46377563476562
endloop
endfacet

endsolid
