solid 
facet normal 0.0 0.0 -1.0
outer loop
vertex 464.0104064941406 -148.6569061279297 621.0
vertex 463.5389099121094 -148.14230346679688 621.0
vertex 466.1051025390625 -145.98899841308594 621.0
endloop
endfacet
facet normal 0.0 -0.0 -1.0
outer loop
vertex 464.0104064941406 -148.6569061279297 621.0
vertex 466.6783142089844 -146.56210327148438 621.0
vertex 464.52490234375 -149.12840270996094 621.0
endloop
endfacet
facet normal -0.7933402656962169 -0.608778467773833 0.0
outer loop
vertex 463.114013671875 -147.58859252929688 621.0
vertex 463.5389099121094 -148.14230346679688 621.0
vertex 463.114013671875 -147.58859252929688 630.0
endloop
endfacet
facet normal -0.7373129323674716 -0.6755513598266827 -0.0
outer loop
vertex 464.0104064941406 -148.6569061279297 621.0
vertex 463.5389099121094 -148.14230346679688 630.0
vertex 463.5389099121094 -148.14230346679688 621.0
endloop
endfacet
facet normal -0.675627591699573 -0.7372430788649257 0.0
outer loop
vertex 464.0104064941406 -148.6569061279297 621.0
vertex 464.52490234375 -149.12840270996094 621.0
vertex 464.0104064941406 -148.6569061279297 630.0
endloop
endfacet
facet normal -0.6086958984494646 -0.7934036193582676 0.0
outer loop
vertex 464.52490234375 -149.12840270996094 621.0
vertex 465.07861328125 -149.55320739746094 621.0
vertex 464.52490234375 -149.12840270996094 630.0
endloop
endfacet
facet normal 0.0 0.0 -1.0
outer loop
vertex 461.7887878417969 -144.3892059326172 621.0
vertex 461.69769287109375 -143.69720458984375 621.0
vertex 465.087890625 -143.8074951171875 621.0
endloop
endfacet
facet normal 0.0 0.0 -1.0
outer loop
vertex 461.69769287109375 -143.69720458984375 621.0
vertex 461.6890869140625 -143.5 621.0
vertex 465.087890625 -143.8074951171875 621.0
endloop
endfacet
facet normal 0.0 0.0 -1.0
outer loop
vertex 463.114013671875 -147.58859252929688 621.0
vertex 462.739013671875 -147.0 621.0
vertex 465.64019775390625 -145.3249969482422 621.0
endloop
endfacet
facet normal 0.0 0.0 -0.9999999999999999
outer loop
vertex 462.41680908203125 -146.3809051513672 621.0
vertex 462.1496887207031 -145.7362060546875 621.0
vertex 465.4529113769531 -144.96519470214844 621.0
endloop
endfacet
facet normal 0.0 0.0 -1.0
outer loop
vertex 462.739013671875 -147.0 621.0
vertex 462.41680908203125 -146.3809051513672 621.0
vertex 465.64019775390625 -145.3249969482422 621.0
endloop
endfacet
facet normal 0.0 -0.0 -1.0
outer loop
vertex 463.114013671875 -147.58859252929688 621.0
vertex 466.1051025390625 -145.98899841308594 621.0
vertex 463.5389099121094 -148.14230346679688 621.0
endloop
endfacet
facet normal 0.0 0.0 -0.9999999999999999
outer loop
vertex 463.114013671875 -147.58859252929688 621.0
vertex 465.8581848144531 -145.66709899902344 621.0
vertex 466.1051025390625 -145.98899841308594 621.0
endloop
endfacet
facet normal 0.0 0.0 -1.0
outer loop
vertex 462.41680908203125 -146.3809051513672 621.0
vertex 465.4529113769531 -144.96519470214844 621.0
vertex 465.64019775390625 -145.3249969482422 621.0
endloop
endfacet
facet normal 0.0 0.0 -1.0
outer loop
vertex 463.114013671875 -147.58859252929688 621.0
vertex 465.64019775390625 -145.3249969482422 621.0
vertex 465.8581848144531 -145.66709899902344 621.0
endloop
endfacet
facet normal 0.0 0.0 -1.0
outer loop
vertex 462.1496887207031 -145.7362060546875 621.0
vertex 461.9397888183594 -145.0706024169922 621.0
vertex 465.1756896972656 -144.20350646972656 621.0
endloop
endfacet
facet normal 0.0 -0.0 -1.0
outer loop
vertex 461.7887878417969 -144.3892059326172 621.0
vertex 465.1756896972656 -144.20350646972656 621.0
vertex 461.9397888183594 -145.0706024169922 621.0
endloop
endfacet
facet normal 0.0 0.0 -1.0
outer loop
vertex 461.7887878417969 -144.3892059326172 621.0
vertex 465.087890625 -143.8074951171875 621.0
vertex 465.1756896972656 -144.20350646972656 621.0
endloop
endfacet
facet normal 0.0 0.0 -1.0
outer loop
vertex 461.6890869140625 -143.5 621.0
vertex 465.0473937988281 -143.5 621.0
vertex 465.087890625 -143.8074951171875 621.0
endloop
endfacet
facet normal -0.0 1.0 0.0
outer loop
vertex 461.6890869140625 -143.5 621.0
vertex 465.0473937988281 -143.5 621.5516967773438
vertex 465.0473937988281 -143.5 621.0
endloop
endfacet
facet normal -0.0 1.0 0.0
outer loop
vertex 461.6890869140625 -143.5 621.0
vertex 465.0473937988281 -143.5 622.4791870117188
vertex 465.0473937988281 -143.5 621.5516967773438
endloop
endfacet
facet normal 0.0 0.0 -1.0
outer loop
vertex 462.1496887207031 -145.7362060546875 621.0
vertex 465.2976989746094 -144.59039306640625 621.0
vertex 465.4529113769531 -144.96519470214844 621.0
endloop
endfacet
facet normal 0.0 0.0 -1.0
outer loop
vertex 462.1496887207031 -145.7362060546875 621.0
vertex 465.1756896972656 -144.20350646972656 621.0
vertex 465.2976989746094 -144.59039306640625 621.0
endloop
endfacet
facet normal 0.9914388828442754 0.13057159562667264 -0.0
outer loop
vertex 465.087890625 -143.8074951171875 621.0
vertex 465.0473937988281 -143.5 621.0
vertex 465.0473937988281 -143.5 621.5516967773438
endloop
endfacet
facet normal 0.9762931579615659 0.21645246526069628 -0.0
outer loop
vertex 465.087890625 -143.8074951171875 621.0
vertex 465.087890625 -143.8074951171875 622.4718017578125
vertex 465.1756896972656 -144.20350646972656 621.0
endloop
endfacet
facet normal 0.9914332042599275 0.13061470397085034 -2.4443807797557364e-05
outer loop
vertex 465.087890625 -143.8074951171875 621.0
vertex 465.0473937988281 -143.5 621.5516967773438
vertex 465.0846862792969 -143.78289794921875 622.4669189453125
endloop
endfacet
facet normal -0.0 1.0 0.0
outer loop
vertex 461.6890869140625 -143.5 621.0
vertex 465.0085144042969 -143.5 622.55322265625
vertex 465.0473937988281 -143.5 622.4791870117188
endloop
endfacet
facet normal -0.0 1.0 0.0
outer loop
vertex 461.6890869140625 -143.5 621.0
vertex 464.78228759765625 -143.5 623.0336303710938
vertex 465.0085144042969 -143.5 622.55322265625
endloop
endfacet
facet normal -0.0 1.0 0.0
outer loop
vertex 461.6890869140625 -143.5 621.0
vertex 464.7119140625 -143.5 623.22900390625
vertex 464.78228759765625 -143.5 623.0336303710938
endloop
endfacet
facet normal -0.0 1.0 0.0
outer loop
vertex 461.6890869140625 -143.5 621.0
vertex 464.55218505859375 -143.5 623.7517700195312
vertex 464.7119140625 -143.5 623.22900390625
endloop
endfacet
facet normal 0.8397850306245606 0.21129024454336393 0.5001175210885052
outer loop
vertex 465.0950927734375 -144.3773956298828 622.7003784179688
vertex 465.2069091796875 -144.30259704589844 622.4810180664062
vertex 465.1756896972656 -144.20350646972656 622.4915771484375
endloop
endfacet
facet normal 0.839855826401141 0.21117375327038337 0.5000478345016162
outer loop
vertex 465.0950927734375 -144.3773956298828 622.7003784179688
vertex 465.1756896972656 -144.20350646972656 622.4915771484375
vertex 465.087890625 -143.8074951171875 622.4718017578125
endloop
endfacet
facet normal 0.9762931579615659 0.21645246526069625 0.0
outer loop
vertex 465.087890625 -143.8074951171875 622.4718017578125
vertex 465.1756896972656 -144.20350646972656 622.4915771484375
vertex 465.1756896972656 -144.20350646972656 621.0
endloop
endfacet
facet normal 0.9916209798417874 0.12918139315556784 0.0
outer loop
vertex 465.087890625 -143.8074951171875 621.0
vertex 465.0846862792969 -143.78289794921875 622.4669189453125
vertex 465.087890625 -143.8074951171875 622.4718017578125
endloop
endfacet
facet normal 0.9913256878430855 0.13142803013368612 0.0002313387394137966
outer loop
vertex 465.0473937988281 -143.5 621.5516967773438
vertex 465.0730895996094 -143.69540405273438 622.4536743164062
vertex 465.0846862792969 -143.78289794921875 622.4669189453125
endloop
endfacet
facet normal 0.9916497216123319 0.12896019523650848 -0.00031252319320001777
outer loop
vertex 465.0473937988281 -143.5 621.5516967773438
vertex 465.0679016113281 -143.65550231933594 622.4570922851562
vertex 465.0730895996094 -143.69540405273438 622.4536743164062
endloop
endfacet
facet normal 0.9914155106316316 0.13074893987723607 -0.0
outer loop
vertex 465.0473937988281 -143.5 621.5516967773438
vertex 465.0473937988281 -143.5 622.4791870117188
vertex 465.0679016113281 -143.65550231933594 622.4570922851562
endloop
endfacet
facet normal 0.8459028299477097 0.20771231076003133 0.4912270333004734
outer loop
vertex 465.0950927734375 -144.3773956298828 622.7003784179688
vertex 465.087890625 -143.8074951171875 622.4718017578125
vertex 465.0846862792969 -143.78289794921875 622.4669189453125
endloop
endfacet
facet normal 0.8896156595438599 0.18136292542849988 0.4191556603153051
outer loop
vertex 465.0846862792969 -143.78289794921875 622.4669189453125
vertex 465.0730895996094 -143.69540405273438 622.4536743164062
vertex 464.7684020996094 -143.6977996826172 623.1013793945312
endloop
endfacet
facet normal 0.9018001926469026 0.08088739279637479 0.4245157738277983
outer loop
vertex 465.0730895996094 -143.69540405273438 622.4536743164062
vertex 465.0679016113281 -143.65550231933594 622.4570922851562
vertex 464.7684020996094 -143.6977996826172 623.1013793945312
endloop
endfacet
facet normal 0.9016976757565075 0.08191852965829467 0.42453581242803906
outer loop
vertex 465.0679016113281 -143.65550231933594 622.4570922851562
vertex 465.0085144042969 -143.5 622.55322265625
vertex 464.7684020996094 -143.6977996826172 623.1013793945312
endloop
endfacet
facet normal 0.8842096497106721 0.05063456765487239 0.46433763138144935
outer loop
vertex 465.0679016113281 -143.65550231933594 622.4570922851562
vertex 465.0473937988281 -143.5 622.4791870117188
vertex 465.0085144042969 -143.5 622.55322265625
endloop
endfacet
facet normal -0.8433750803223049 -0.5373252961580589 -0.0
outer loop
vertex 463.114013671875 -147.58859252929688 621.0
vertex 462.739013671875 -147.0 630.0
vertex 462.739013671875 -147.0 621.0
endloop
endfacet
facet normal -0.8870553062380715 -0.4616631712351346 -0.0
outer loop
vertex 462.739013671875 -147.0 621.0
vertex 462.41680908203125 -146.3809051513672 630.0
vertex 462.41680908203125 -146.3809051513672 621.0
endloop
endfacet
facet normal -0.9238403892236081 -0.38277791895454505 -0.0
outer loop
vertex 462.41680908203125 -146.3809051513672 621.0
vertex 462.1496887207031 -145.7362060546875 630.0
vertex 462.1496887207031 -145.7362060546875 621.0
endloop
endfacet
facet normal -0.9537022051354943 -0.3007525626153426 -0.0
outer loop
vertex 462.1496887207031 -145.7362060546875 621.0
vertex 461.9397888183594 -145.0706024169922 630.0
vertex 461.9397888183594 -145.0706024169922 621.0
endloop
endfacet
facet normal -0.9914464807267925 -0.13051389142331926 -0.0
outer loop
vertex 461.7887878417969 -144.3892059326172 621.0
vertex 461.69769287109375 -143.69720458984375 630.0
vertex 461.69769287109375 -143.69720458984375 621.0
endloop
endfacet
facet normal -0.9990491444563858 -0.04359824492985156 0.0
outer loop
vertex 461.69769287109375 -143.69720458984375 621.0
vertex 461.69769287109375 -143.69720458984375 630.0
vertex 461.6890869140625 -143.5 621.0
endloop
endfacet
facet normal -0.9763144684501711 -0.21635632344551445 0.0
outer loop
vertex 461.7887878417969 -144.3892059326172 621.0
vertex 461.9397888183594 -145.0706024169922 621.0
vertex 461.7887878417969 -144.3892059326172 630.0
endloop
endfacet
facet normal -0.0 1.0 0.0
outer loop
vertex 461.6890869140625 -143.5 621.0
vertex 461.6890869140625 -143.5 626.0
vertex 464.4283142089844 -143.5 625.5217895507812
endloop
endfacet
facet normal 0.8843577173541993 0.43784602137680967 0.1618712121427657
outer loop
vertex 464.94488525390625 -145.0467987060547 623.7349853515625
vertex 464.8283996582031 -145.11790466308594 624.563720703125
vertex 465.21429443359375 -145.75210571289062 624.1708984375
endloop
endfacet
facet normal -0.0 1.0 0.0
outer loop
vertex 461.6890869140625 -143.5 621.0
vertex 464.5085144042969 -143.5 623.95947265625
vertex 464.55218505859375 -143.5 623.7517700195312
endloop
endfacet
facet normal -0.0 1.0 0.0
outer loop
vertex 461.6890869140625 -143.5 621.0
vertex 464.4283142089844 -143.5 624.4782104492188
vertex 464.5085144042969 -143.5 623.95947265625
endloop
endfacet
facet normal -0.0 1.0 0.0
outer loop
vertex 461.6890869140625 -143.5 621.0
vertex 464.41351318359375 -143.5 624.6909790039062
vertex 464.4283142089844 -143.5 624.4782104492188
endloop
endfacet
facet normal 0.8791268892008502 0.3067452022004824 0.364751002207014
outer loop
vertex 465.0950927734375 -144.3773956298828 622.7003784179688
vertex 464.8111877441406 -144.39959716796875 623.4033203125
vertex 465.1944885253906 -145.033203125 623.0123291015625
endloop
endfacet
facet normal 0.90318544020347 0.21492653291370697 0.3715678216075195
outer loop
vertex 465.0950927734375 -144.3773956298828 622.7003784179688
vertex 464.7684020996094 -143.6977996826172 623.1013793945312
vertex 464.8111877441406 -144.39959716796875 623.4033203125
endloop
endfacet
facet normal 0.8858240236801942 0.34309221667685375 0.31241563649534826
outer loop
vertex 464.8111877441406 -144.39959716796875 623.4033203125
vertex 464.94488525390625 -145.0467987060547 623.7349853515625
vertex 465.1944885253906 -145.033203125 623.0123291015625
endloop
endfacet
facet normal 0.9016512983098726 0.08213297027893982 0.42459287729456774
outer loop
vertex 465.0085144042969 -143.5 622.55322265625
vertex 464.78228759765625 -143.5 623.0336303710938
vertex 464.7684020996094 -143.6977996826172 623.1013793945312
endloop
endfacet
facet normal 0.8897407390228567 0.18025981205652264 0.41936597081833926
outer loop
vertex 465.0950927734375 -144.3773956298828 622.7003784179688
vertex 465.0846862792969 -143.78289794921875 622.4669189453125
vertex 464.7684020996094 -143.6977996826172 623.1013793945312
endloop
endfacet
facet normal 0.939652345650531 0.04996457805729363 0.3384627161933965
outer loop
vertex 464.7684020996094 -143.6977996826172 623.1013793945312
vertex 464.78228759765625 -143.5 623.0336303710938
vertex 464.7119140625 -143.5 623.22900390625
endloop
endfacet
facet normal 0.9529007216877156 0.08490627088467086 0.29115483813855825
outer loop
vertex 464.7119140625 -143.5 623.22900390625
vertex 464.55218505859375 -143.5 623.7517700195312
vertex 464.54541015625 -143.70379638671875 623.8333740234375
endloop
endfacet
facet normal 0.9529914570659941 0.08439346806404857 0.291006916253473
outer loop
vertex 464.7684020996094 -143.6977996826172 623.1013793945312
vertex 464.7119140625 -143.5 623.22900390625
vertex 464.54541015625 -143.70379638671875 623.8333740234375
endloop
endfacet
facet normal 0.9403443066630878 0.18121512342162072 0.2879473284640845
outer loop
vertex 464.8111877441406 -144.39959716796875 623.4033203125
vertex 464.7684020996094 -143.6977996826172 623.1013793945312
vertex 464.54541015625 -143.70379638671875 623.8333740234375
endloop
endfacet
facet normal -0.0 1.0 0.0
outer loop
vertex 461.6890869140625 -143.5 621.0
vertex 464.41351318359375 -143.5 625.3090209960938
vertex 464.41351318359375 -143.5 624.6909790039062
endloop
endfacet
facet normal -0.0 1.0 0.0
outer loop
vertex 461.6890869140625 -143.5 621.0
vertex 464.4283142089844 -143.5 625.5217895507812
vertex 464.41351318359375 -143.5 625.3090209960938
endloop
endfacet
facet normal 0.9233699637628618 0.30811480549307146 0.22902658504317402
outer loop
vertex 464.8111877441406 -144.39959716796875 623.4033203125
vertex 464.6265869140625 -144.39320373535156 624.1389770507812
vertex 464.94488525390625 -145.0467987060547 623.7349853515625
endloop
endfacet
facet normal 0.9474488989912087 0.21611737060216069 0.2358683232745652
outer loop
vertex 464.8111877441406 -144.39959716796875 623.4033203125
vertex 464.54541015625 -143.70379638671875 623.8333740234375
vertex 464.6265869140625 -144.39320373535156 624.1389770507812
endloop
endfacet
facet normal 0.9227834323663938 0.35062559461768017 0.1597887021947901
outer loop
vertex 464.94488525390625 -145.0467987060547 623.7349853515625
vertex 464.6265869140625 -144.39320373535156 624.1389770507812
vertex 464.8283996582031 -145.11790466308594 624.563720703125
endloop
endfacet
facet normal 0.9773891513312978 0.049794980725721076 0.20550159793639244
outer loop
vertex 464.54541015625 -143.70379638671875 623.8333740234375
vertex 464.55218505859375 -143.5 623.7517700195312
vertex 464.5085144042969 -143.5 623.95947265625
endloop
endfacet
facet normal 0.9718591047459758 0.18117285360892926 0.15055323854885366
outer loop
vertex 464.6265869140625 -144.39320373535156 624.1389770507812
vertex 464.54541015625 -143.70379638671875 623.8333740234375
vertex 464.4324951171875 -143.70530700683594 624.5640869140625
endloop
endfacet
facet normal 0.9847497600112587 0.08401851165695091 0.15234434632344956
outer loop
vertex 464.54541015625 -143.70379638671875 623.8333740234375
vertex 464.5085144042969 -143.5 623.95947265625
vertex 464.4324951171875 -143.70530700683594 624.5640869140625
endloop
endfacet
facet normal 0.9847873961515415 0.08373986147679434 0.15225445800013246
outer loop
vertex 464.5085144042969 -143.5 623.95947265625
vertex 464.4283142089844 -143.5 624.4782104492188
vertex 464.4324951171875 -143.70530700683594 624.5640869140625
endloop
endfacet
facet normal 0.0 -0.0 -1.0
outer loop
vertex 465.07861328125 -149.55320739746094 621.0
vertex 467.3421936035156 -147.02699279785156 621.0
vertex 465.6672058105469 -149.92820739746094 621.0
endloop
endfacet
facet normal 0.0 -0.0 -1.0
outer loop
vertex 464.52490234375 -149.12840270996094 621.0
vertex 466.6783142089844 -146.56210327148438 621.0
vertex 465.07861328125 -149.55320739746094 621.0
endloop
endfacet
facet normal 0.0 0.0 -0.9999999999999999
outer loop
vertex 465.07861328125 -149.55320739746094 621.0
vertex 466.6783142089844 -146.56210327148438 621.0
vertex 467.0000915527344 -146.80909729003906 621.0
endloop
endfacet
facet normal 0.0 -0.0 -1.0
outer loop
vertex 465.6672058105469 -149.92820739746094 621.0
vertex 467.3421936035156 -147.02699279785156 621.0
vertex 466.2862854003906 -150.25050354003906 621.0
endloop
endfacet
facet normal 0.0 -0.0 -1.0
outer loop
vertex 466.2862854003906 -150.25050354003906 621.0
vertex 468.076904296875 -147.36959838867188 621.0
vertex 466.93109130859375 -150.5175018310547 621.0
endloop
endfacet
facet normal 0.0 0.0 -1.0
outer loop
vertex 465.07861328125 -149.55320739746094 621.0
vertex 467.0000915527344 -146.80909729003906 621.0
vertex 467.3421936035156 -147.02699279785156 621.0
endloop
endfacet
facet normal 0.0 0.0 -1.0
outer loop
vertex 466.2862854003906 -150.25050354003906 621.0
vertex 467.3421936035156 -147.02699279785156 621.0
vertex 467.70208740234375 -147.21429443359375 621.0
endloop
endfacet
facet normal 0.0 0.0 -1.0
outer loop
vertex 466.2862854003906 -150.25050354003906 621.0
vertex 467.70208740234375 -147.21429443359375 621.0
vertex 468.076904296875 -147.36959838867188 621.0
endloop
endfacet
facet normal 0.0 0.0 -1.0
outer loop
vertex 468.2781066894531 -150.8784942626953 621.0
vertex 468.85980224609375 -147.57940673828125 621.0
vertex 468.9700012207031 -150.9696044921875 621.0
endloop
endfacet
facet normal 0.0 0.0 -1.0
outer loop
vertex 468.9700012207031 -150.9696044921875 621.0
vertex 468.85980224609375 -147.57940673828125 621.0
vertex 469.1672058105469 -150.9781951904297 621.0
endloop
endfacet
facet normal -0.04352108962322297 -0.9990525085089409 0.0
outer loop
vertex 468.9700012207031 -150.9696044921875 621.0
vertex 469.1672058105469 -150.9781951904297 621.0
vertex 469.1672058105469 -150.9781951904297 626.0
endloop
endfacet
facet normal 0.0 -0.0 -1.0
outer loop
vertex 466.93109130859375 -150.5175018310547 621.0
vertex 468.076904296875 -147.36959838867188 621.0
vertex 467.5967102050781 -150.72740173339844 621.0
endloop
endfacet
facet normal 0.0 0.0 -1.0
outer loop
vertex 468.2781066894531 -150.8784942626953 621.0
vertex 467.5967102050781 -150.72740173339844 621.0
vertex 468.85980224609375 -147.57940673828125 621.0
endloop
endfacet
facet normal 0.0 0.0 -0.9999999999999999
outer loop
vertex 467.5967102050781 -150.72740173339844 621.0
vertex 468.076904296875 -147.36959838867188 621.0
vertex 468.4637145996094 -147.49159240722656 621.0
endloop
endfacet
facet normal 0.0 0.0 -1.0
outer loop
vertex 467.5967102050781 -150.72740173339844 621.0
vertex 468.4637145996094 -147.49159240722656 621.0
vertex 468.85980224609375 -147.57940673828125 621.0
endloop
endfacet
facet normal 0.0 0.0 -1.0
outer loop
vertex 468.85980224609375 -147.57940673828125 621.0
vertex 469.1672058105469 -147.6197967529297 621.0
vertex 469.1672058105469 -150.9781951904297 621.0
endloop
endfacet
facet normal 0.2164485741872041 0.976294020634482 2.384147409609772e-06
outer loop
vertex 468.85980224609375 -147.57940673828125 621.0
vertex 468.4637145996094 -147.49159240722656 621.0
vertex 468.69329833984375 -147.54249572753906 622.4822998046875
endloop
endfacet
facet normal 0.13027118652392786 0.9914783995886101 -3.33295133430136e-05
outer loop
vertex 468.85980224609375 -147.57940673828125 621.0
vertex 468.9833984375 -147.59559631347656 622.482421875
vertex 469.1672058105469 -147.6197967529297 621.0
endloop
endfacet
facet normal 0.21646324611344517 0.9762907676927146 -0.0
outer loop
vertex 468.69329833984375 -147.54249572753906 622.4822998046875
vertex 468.4637145996094 -147.49159240722656 621.0
vertex 468.4637145996094 -147.49159240722656 622.5040283203125
endloop
endfacet
facet normal 0.23325122468425 0.851651938527976 0.46934298949152126
outer loop
vertex 468.4023132324219 -147.72230529785156 622.9531860351562
vertex 468.4637145996094 -147.49159240722656 622.5040283203125
vertex 468.10809326171875 -147.37939453125 622.4771728515625
endloop
endfacet
facet normal 0.2332485525682248 0.8516526658011574 0.4693429977730682
outer loop
vertex 468.69329833984375 -147.54249572753906 622.4822998046875
vertex 468.4637145996094 -147.49159240722656 622.5040283203125
vertex 468.4023132324219 -147.72230529785156 622.9531860351562
endloop
endfacet
facet normal 0.21642834357771312 0.9762985056304282 0.0
outer loop
vertex 468.85980224609375 -147.57940673828125 621.0
vertex 468.69329833984375 -147.54249572753906 622.4822998046875
vertex 468.85980224609375 -147.57940673828125 622.4953002929688
endloop
endfacet
facet normal 0.12987818337886825 0.9915299579348095 -0.0
outer loop
vertex 468.85980224609375 -147.57940673828125 621.0
vertex 468.85980224609375 -147.57940673828125 622.4953002929688
vertex 468.9833984375 -147.59559631347656 622.482421875
endloop
endfacet
facet normal 0.13053541624483747 0.9914436469642575 0.0
outer loop
vertex 468.9833984375 -147.59559631347656 622.482421875
vertex 469.1672058105469 -147.6197967529297 622.4962768554688
vertex 469.1672058105469 -147.6197967529297 621.0
endloop
endfacet
facet normal 0.16187841337490352 0.8844056557807377 0.43774651946790744
outer loop
vertex 468.69329833984375 -147.54249572753906 622.4822998046875
vertex 468.4023132324219 -147.72230529785156 622.9531860351562
vertex 468.85980224609375 -147.57940673828125 622.4953002929688
endloop
endfacet
facet normal 0.16147836154029613 0.8843472401387216 0.4380122117170796
outer loop
vertex 468.85980224609375 -147.57940673828125 622.4953002929688
vertex 469.1672058105469 -147.7761993408203 622.779296875
vertex 468.9833984375 -147.59559631347656 622.482421875
endloop
endfacet
facet normal 0.1607072889292521 0.8841438306613054 0.4387058855184904
outer loop
vertex 468.85980224609375 -147.57940673828125 622.4953002929688
vertex 469.1672058105469 -147.82989501953125 622.8875122070312
vertex 469.1672058105469 -147.7761993408203 622.779296875
endloop
endfacet
facet normal 0.07853467479984032 0.8725424418514831 0.4821846036757441
outer loop
vertex 468.9833984375 -147.59559631347656 622.482421875
vertex 469.1672058105469 -147.7761993408203 622.779296875
vertex 469.1672058105469 -147.6197967529297 622.4962768554688
endloop
endfacet
facet normal -0.46177533691996914 -0.8869969211967137 0.0
outer loop
vertex 465.6672058105469 -149.92820739746094 621.0
vertex 466.2862854003906 -150.25050354003906 621.0
vertex 465.6672058105469 -149.92820739746094 630.0
endloop
endfacet
facet normal -0.3825745048299076 -0.9239246442508994 0.0
outer loop
vertex 466.2862854003906 -150.25050354003906 621.0
vertex 466.93109130859375 -150.5175018310547 621.0
vertex 466.2862854003906 -150.25050354003906 630.0
endloop
endfacet
facet normal -0.30074629170361483 -0.9537041826617538 0.0
outer loop
vertex 466.93109130859375 -150.5175018310547 621.0
vertex 467.5967102050781 -150.72740173339844 621.0
vertex 466.93109130859375 -150.5175018310547 630.0
endloop
endfacet
facet normal -0.5373252961580589 -0.8433750803223049 0.0
outer loop
vertex 465.07861328125 -149.55320739746094 621.0
vertex 465.6672058105469 -149.92820739746094 621.0
vertex 465.07861328125 -149.55320739746094 630.0
endloop
endfacet
facet normal 0.4192741292785203 0.889761510281274 0.18037089382637422
outer loop
vertex 467.36761474609375 -147.5720977783203 623.6226196289062
vertex 467.0997009277344 -147.5841064453125 624.3046264648438
vertex 467.7685852050781 -147.8988037109375 624.3021850585938
endloop
endfacet
facet normal -0.13055518857484888 -0.9914410434999076 0.0
outer loop
vertex 468.2781066894531 -150.8784942626953 621.0
vertex 468.9700012207031 -150.9696044921875 621.0
vertex 468.2781066894531 -150.8784942626953 630.0
endloop
endfacet
facet normal -0.21648135571533744 -0.9762867522545051 -0.0
outer loop
vertex 468.2781066894531 -150.8784942626953 621.0
vertex 467.5967102050781 -150.72740173339844 630.0
vertex 467.5967102050781 -150.72740173339844 621.0
endloop
endfacet
facet normal 0.30232478855655226 0.8521949650536087 0.4270403537858158
outer loop
vertex 468.4023132324219 -147.72230529785156 622.9531860351562
vertex 468.10809326171875 -147.37939453125 622.4771728515625
vertex 467.67950439453125 -147.4727020263672 622.966796875
endloop
endfacet
facet normal 0.31235203814666207 0.8858038723927247 0.3432021327434893
outer loop
vertex 468.4023132324219 -147.72230529785156 622.9531860351562
vertex 467.67950439453125 -147.4727020263672 622.966796875
vertex 468.0705871582031 -147.85609436035156 623.6004028320312
endloop
endfacet
facet normal 0.3648415307109612 0.8790905574377783 0.30674166539976117
outer loop
vertex 467.36761474609375 -147.5720977783203 623.6226196289062
vertex 468.0705871582031 -147.85609436035156 623.6004028320312
vertex 467.67950439453125 -147.4727020263672 622.966796875
endloop
endfacet
facet normal 0.22891376168826577 0.923368935819901 0.30820171653083245
outer loop
vertex 468.4023132324219 -147.72230529785156 622.9531860351562
vertex 468.0705871582031 -147.85609436035156 623.6004028320312
vertex 468.80621337890625 -148.0406036376953 623.6068115234375
endloop
endfacet
facet normal 0.1619841008451647 0.8843436158199403 0.43783275372212305
outer loop
vertex 468.85980224609375 -147.57940673828125 622.4953002929688
vertex 468.4023132324219 -147.72230529785156 622.9531860351562
vertex 469.1672058105469 -147.82989501953125 622.8875122070312
endloop
endfacet
facet normal 0.15989067480388408 0.9228858652763803 0.3503093658237324
outer loop
vertex 468.4023132324219 -147.72230529785156 622.9531860351562
vertex 469.1672058105469 -147.8690948486328 622.9907836914062
vertex 469.1672058105469 -147.82989501953125 622.8875122070312
endloop
endfacet
facet normal 0.1598575459497742 0.9227850829902331 0.3505898680989294
outer loop
vertex 468.4023132324219 -147.72230529785156 622.9531860351562
vertex 468.80621337890625 -148.0406036376953 623.6068115234375
vertex 469.1672058105469 -147.8690948486328 622.9907836914062
endloop
endfacet
facet normal 0.08159995455458284 0.9467664784127999 0.311407583033097
outer loop
vertex 468.80621337890625 -148.0406036376953 623.6068115234375
vertex 469.1672058105469 -148.06910705566406 623.598876953125
vertex 469.1672058105469 -147.8690948486328 622.9907836914062
endloop
endfacet
facet normal 0.37166014942100645 0.9031530293305371 0.21490309198201282
outer loop
vertex 467.36761474609375 -147.5720977783203 623.6226196289062
vertex 467.7685852050781 -147.8988037109375 624.3021850585938
vertex 468.0705871582031 -147.85609436035156 623.6004028320312
endloop
endfacet
facet normal 0.2357547401156954 0.9474492770541454 0.21623961228821678
outer loop
vertex 468.0705871582031 -147.85609436035156 623.6004028320312
vertex 468.5006103515625 -148.1219024658203 624.2962036132812
vertex 468.80621337890625 -148.0406036376953 623.6068115234375
endloop
endfacet
facet normal 0.28805962259765644 0.9403150586907666 0.1811884218935526
outer loop
vertex 468.0705871582031 -147.85609436035156 623.6004028320312
vertex 467.7685852050781 -147.8988037109375 624.3021850585938
vertex 468.5006103515625 -148.1219024658203 624.2962036132812
endloop
endfacet
facet normal 0.08160434762221334 0.9712278140715351 0.2237348064628763
outer loop
vertex 468.80621337890625 -148.0406036376953 623.6068115234375
vertex 469.1672058105469 -148.20550537109375 624.1909790039062
vertex 469.1672058105469 -148.06910705566406 623.598876953125
endloop
endfacet
facet normal 0.15050875029687605 0.9718373109223982 0.18132665877690066
outer loop
vertex 468.80621337890625 -148.0406036376953 623.6068115234375
vertex 468.5006103515625 -148.1219024658203 624.2962036132812
vertex 469.1672058105469 -148.20550537109375 624.1909790039062
endloop
endfacet
facet normal 0.1503819840532355 0.9720356832921134 0.1803659870348255
outer loop
vertex 468.5006103515625 -148.1219024658203 624.2962036132812
vertex 469.1672058105469 -148.22479248046875 624.294921875
vertex 469.1672058105469 -148.20550537109375 624.1909790039062
endloop
endfacet
facet normal 0.15215941864343718 0.9847468242823721 0.08438722287096545
outer loop
vertex 468.5006103515625 -148.1219024658203 624.2962036132812
vertex 469.1672058105469 -148.23789978027344 624.4478759765625
vertex 469.1672058105469 -148.22479248046875 624.294921875
endloop
endfacet
facet normal 0.0 0.0 -1.0
outer loop
vertex 464.0104064941406 -148.6569061279297 621.0
vertex 466.1051025390625 -145.98899841308594 621.0
vertex 466.37921142578125 -146.28799438476562 621.0
endloop
endfacet
facet normal 0.0 0.0 -1.0
outer loop
vertex 464.0104064941406 -148.6569061279297 621.0
vertex 466.37921142578125 -146.28799438476562 621.0
vertex 466.6783142089844 -146.56210327148438 621.0
endloop
endfacet
facet normal 0.7371182249295712 0.6757638067177759 2.641633564961187e-06
outer loop
vertex 466.1051025390625 -145.98899841308594 621.0
vertex 466.15478515625 -146.04319763183594 622.4793090820312
vertex 466.37921142578125 -146.28799438476562 621.0
endloop
endfacet
facet normal 0.8433422696965691 0.5373767914756997 -1.123929435167053e-05
outer loop
vertex 465.64019775390625 -145.3249969482422 621.0
vertex 465.8504943847656 -145.65499877929688 622.4869995117188
vertex 465.8581848144531 -145.66709899902344 621.0
endloop
endfacet
facet normal 0.7934537844305382 0.608630505292708 -0.0
outer loop
vertex 466.1051025390625 -145.98899841308594 621.0
vertex 465.8581848144531 -145.66709899902344 621.0
vertex 465.8581848144531 -145.66709899902344 622.4896240234375
endloop
endfacet
facet normal 0.6756326552636084 0.7372384384589875 0.0
outer loop
vertex 466.6783142089844 -146.56210327148438 621.0
vertex 466.37921142578125 -146.28799438476562 621.0
vertex 466.6783142089844 -146.56210327148438 622.4915161132812
endloop
endfacet
facet normal 0.5372162428054674 0.843444549278612 -2.7535000750092208e-05
outer loop
vertex 467.3421936035156 -147.02699279785156 621.0
vertex 467.0000915527344 -146.80909729003906 621.0
vertex 467.2944030761719 -146.9965057373047 622.4635009765625
endloop
endfacet
facet normal 0.608894206933716 0.7932514385505778 0.0
outer loop
vertex 466.6783142089844 -146.56210327148438 621.0
vertex 467.0000915527344 -146.80909729003906 622.4984741210938
vertex 467.0000915527344 -146.80909729003906 621.0
endloop
endfacet
facet normal 0.8434856881745634 0.5371516488336262 -0.0
outer loop
vertex 465.64019775390625 -145.3249969482422 621.0
vertex 465.64019775390625 -145.3249969482422 622.4810791015625
vertex 465.715087890625 -145.44259643554688 622.4692993164062
endloop
endfacet
facet normal 0.8870631736146325 0.4616480542759128 0.0
outer loop
vertex 465.64019775390625 -145.3249969482422 621.0
vertex 465.6018981933594 -145.25140380859375 622.4763793945312
vertex 465.64019775390625 -145.3249969482422 622.4810791015625
endloop
endfacet
facet normal 0.7371541402007414 0.6757246285173463 -0.0
outer loop
vertex 466.1051025390625 -145.98899841308594 621.0
vertex 466.1051025390625 -145.98899841308594 622.49169921875
vertex 466.15478515625 -146.04319763183594 622.4793090820312
endloop
endfacet
facet normal 0.7934537844305383 0.6086305052927081 0.0
outer loop
vertex 466.1051025390625 -145.98899841308594 621.0
vertex 465.8581848144531 -145.66709899902344 622.4896240234375
vertex 466.1051025390625 -145.98899841308594 622.49169921875
endloop
endfacet
facet normal 0.8439681109177289 0.5363933517055931 0.0
outer loop
vertex 465.8581848144531 -145.66709899902344 621.0
vertex 465.8504943847656 -145.65499877929688 622.4869995117188
vertex 465.8581848144531 -145.66709899902344 622.4896240234375
endloop
endfacet
facet normal 0.8432254613849839 0.5375600609796823 4.595216106125974e-05
outer loop
vertex 465.64019775390625 -145.3249969482422 621.0
vertex 465.715087890625 -145.44259643554688 622.4692993164062
vertex 465.8504943847656 -145.65499877929688 622.4869995117188
endloop
endfacet
facet normal 0.7422264878601089 0.4203900896677495 0.5218927219534577
outer loop
vertex 465.715087890625 -145.44259643554688 622.4692993164062
vertex 465.64019775390625 -145.3249969482422 622.4810791015625
vertex 465.65020751953125 -145.48269653320312 622.5938720703125
endloop
endfacet
facet normal 0.7429671933255272 0.41994134956513857 0.5211995899532145
outer loop
vertex 465.6018981933594 -145.25140380859375 622.4763793945312
vertex 465.65020751953125 -145.48269653320312 622.5938720703125
vertex 465.64019775390625 -145.3249969482422 622.4810791015625
endloop
endfacet
facet normal 0.8016543386673474 0.3952535495933019 0.44846956733953874
outer loop
vertex 465.6018981933594 -145.25140380859375 622.4763793945312
vertex 465.1944885253906 -145.033203125 623.0123291015625
vertex 465.65020751953125 -145.48269653320312 622.5938720703125
endloop
endfacet
facet normal 0.7079254071554338 0.5468739056313665 0.4469569881356686
outer loop
vertex 465.8504943847656 -145.65499877929688 622.4869995117188
vertex 465.9195861816406 -146.18800354003906 623.0297241210938
vertex 465.8581848144531 -145.66709899902344 622.4896240234375
endloop
endfacet
facet normal 0.7085999379799945 0.5464201936833998 0.44644271729948026
outer loop
vertex 466.1051025390625 -145.98899841308594 622.49169921875
vertex 465.8581848144531 -145.66709899902344 622.4896240234375
vertex 465.9195861816406 -146.18800354003906 623.0297241210938
endloop
endfacet
facet normal 0.6485324823450538 0.6208120616365883 0.44045204446101915
outer loop
vertex 466.15478515625 -146.04319763183594 622.4793090820312
vertex 465.9195861816406 -146.18800354003906 623.0297241210938
vertex 466.37921142578125 -146.28799438476562 622.493896484375
endloop
endfacet
facet normal 0.6538892287905662 0.610438589560866 0.44698277913877094
outer loop
vertex 466.38330078125 -146.2917938232422 622.4931030273438
vertex 466.37921142578125 -146.28799438476562 622.493896484375
vertex 465.9195861816406 -146.18800354003906 623.0297241210938
endloop
endfacet
facet normal 0.7081020116238225 0.5470233454616896 0.4464941216345374
outer loop
vertex 466.1051025390625 -145.98899841308594 622.49169921875
vertex 465.9195861816406 -146.18800354003906 623.0297241210938
vertex 466.15478515625 -146.04319763183594 622.4793090820312
endloop
endfacet
facet normal 0.6990910983086236 0.4891335248419764 0.5215553960427464
outer loop
vertex 465.715087890625 -145.44259643554688 622.4692993164062
vertex 465.65020751953125 -145.48269653320312 622.5938720703125
vertex 465.8504943847656 -145.65499877929688 622.4869995117188
endloop
endfacet
facet normal 0.70844632715084 0.5465296168915863 0.4465525494349134
outer loop
vertex 465.65020751953125 -145.48269653320312 622.5938720703125
vertex 465.9195861816406 -146.18800354003906 623.0297241210938
vertex 465.8504943847656 -145.65499877929688 622.4869995117188
endloop
endfacet
facet normal 0.675562361974816 0.7373028512154511 2.5934032451014345e-05
outer loop
vertex 466.37921142578125 -146.28799438476562 621.0
vertex 466.38330078125 -146.2917938232422 622.4931030273438
vertex 466.6783142089844 -146.56210327148438 622.4915161132812
endloop
endfacet
facet normal 0.6118851169718744 0.7909466503047569 -0.0
outer loop
vertex 466.6783142089844 -146.56210327148438 621.0
vertex 466.6783142089844 -146.56210327148438 622.4915161132812
vertex 466.6893005371094 -146.5706024169922 622.4893188476562
endloop
endfacet
facet normal 0.608787324600839 0.7933334683946625 3.64725644771007e-05
outer loop
vertex 466.6783142089844 -146.56210327148438 621.0
vertex 466.6893005371094 -146.5706024169922 622.4893188476562
vertex 467.0000915527344 -146.80909729003906 622.4984741210938
endloop
endfacet
facet normal 0.5378156947595385 0.8430624404338712 0.0
outer loop
vertex 467.3421936035156 -147.02699279785156 621.0
vertex 467.2944030761719 -146.9965057373047 622.4635009765625
vertex 467.3421936035156 -147.02699279785156 622.4727783203125
endloop
endfacet
facet normal 0.46190639768873587 0.8869286779523003 -0.0
outer loop
vertex 467.3421936035156 -147.02699279785156 621.0
vertex 467.3421936035156 -147.02699279785156 622.4727783203125
vertex 467.4530029296875 -147.08470153808594 622.4755249023438
endloop
endfacet
facet normal 0.53702572069917 0.843565868979736 -0.0
outer loop
vertex 467.0000915527344 -146.80909729003906 621.0
vertex 467.0000915527344 -146.80909729003906 622.4984741210938
vertex 467.2273864746094 -146.95379638671875 622.462890625
endloop
endfacet
facet normal 0.5374350374531813 0.8433051479315585 -8.938584850237417e-05
outer loop
vertex 467.0000915527344 -146.80909729003906 621.0
vertex 467.2273864746094 -146.95379638671875 622.462890625
vertex 467.2944030761719 -146.9965057373047 622.4635009765625
endloop
endfacet
facet normal 0.5850307140758567 0.6355397798684772 0.5038137074282723
outer loop
vertex 466.6783142089844 -146.56210327148438 622.4915161132812
vertex 466.38330078125 -146.2917938232422 622.4931030273438
vertex 466.552001953125 -146.64739990234375 622.7457885742188
endloop
endfacet
facet normal 0.5220088874345112 0.6990106086848514 0.48876465746350484
outer loop
vertex 466.6893005371094 -146.5706024169922 622.4893188476562
vertex 466.552001953125 -146.64739990234375 622.7457885742188
vertex 467.0000915527344 -146.80909729003906 622.4984741210938
endloop
endfacet
facet normal 0.5891883883705599 0.6312004754898588 0.5044234359649427
outer loop
vertex 466.6783142089844 -146.56210327148438 622.4915161132812
vertex 466.552001953125 -146.64739990234375 622.7457885742188
vertex 466.6893005371094 -146.5706024169922 622.4893188476562
endloop
endfacet
facet normal 0.4461851107957746 0.7079471370697323 0.5474757510784672
outer loop
vertex 467.2273864746094 -146.95379638671875 622.462890625
vertex 467.2611083984375 -147.01710510253906 622.5172729492188
vertex 467.2944030761719 -146.9965057373047 622.4635009765625
endloop
endfacet
facet normal 0.3818809408204652 0.7590664570992232 0.5272428859120903
outer loop
vertex 467.2611083984375 -147.01710510253906 622.5172729492188
vertex 467.3421936035156 -147.02699279785156 622.4727783203125
vertex 467.2944030761719 -146.9965057373047 622.4635009765625
endloop
endfacet
facet normal 0.3820519608625566 0.7587084815093025 0.5276340960238676
outer loop
vertex 467.2611083984375 -147.01710510253906 622.5172729492188
vertex 467.4530029296875 -147.08470153808594 622.4755249023438
vertex 467.3421936035156 -147.02699279785156 622.4727783203125
endloop
endfacet
facet normal 0.5218262889305528 0.6996865219084302 0.4879919007941127
outer loop
vertex 466.552001953125 -146.64739990234375 622.7457885742188
vertex 467.2273864746094 -146.95379638671875 622.462890625
vertex 467.0000915527344 -146.80909729003906 622.4984741210938
endloop
endfacet
facet normal 0.5219431080351306 0.6985243341194421 0.4895295155734924
outer loop
vertex 466.552001953125 -146.64739990234375 622.7457885742188
vertex 467.2611083984375 -147.01710510253906 622.5172729492188
vertex 467.2273864746094 -146.95379638671875 622.462890625
endloop
endfacet
facet normal 0.6806607705938721 0.732598741040794 -0.0
outer loop
vertex 466.37921142578125 -146.28799438476562 621.0
vertex 466.37921142578125 -146.28799438476562 622.493896484375
vertex 466.38330078125 -146.2917938232422 622.4931030273438
endloop
endfacet
facet normal 0.7371102733047036 0.6757724801948252 0.0
outer loop
vertex 466.37921142578125 -146.28799438476562 621.0
vertex 466.15478515625 -146.04319763183594 622.4793090820312
vertex 466.37921142578125 -146.28799438476562 622.493896484375
endloop
endfacet
facet normal 0.9239104845195993 0.382608697982061 -2.8692006349112668e-05
outer loop
vertex 465.4529113769531 -144.96519470214844 621.0
vertex 465.2976989746094 -144.59039306640625 621.0
vertex 465.422607421875 -144.89190673828125 622.480224609375
endloop
endfacet
facet normal 0.8870257940079812 0.4617198725892265 -4.549614884934009e-06
outer loop
vertex 465.64019775390625 -145.3249969482422 621.0
vertex 465.4529113769531 -144.96519470214844 621.0
vertex 465.6018981933594 -145.25140380859375 622.4763793945312
endloop
endfacet
facet normal 0.9536996981785357 0.30076051219229233 0.0
outer loop
vertex 465.2976989746094 -144.59039306640625 621.0
vertex 465.1756896972656 -144.20350646972656 621.0
vertex 465.2976989746094 -144.59039306640625 622.486083984375
endloop
endfacet
facet normal 0.9241152500097577 0.38211386352683296 0.0
outer loop
vertex 465.4529113769531 -144.96519470214844 621.0
vertex 465.422607421875 -144.89190673828125 622.480224609375
vertex 465.4529113769531 -144.96519470214844 622.490478515625
endloop
endfacet
facet normal 0.9238018957388316 0.3828708088673254 3.386179181380186e-05
outer loop
vertex 465.2976989746094 -144.59039306640625 621.0
vertex 465.30340576171875 -144.6042938232422 622.4840698242188
vertex 465.422607421875 -144.89190673828125 622.480224609375
endloop
endfacet
facet normal 0.8870161821456253 0.46173833781894147 -0.0
outer loop
vertex 465.6018981933594 -145.25140380859375 622.4763793945312
vertex 465.4529113769531 -144.96519470214844 621.0
vertex 465.4529113769531 -144.96519470214844 622.490478515625
endloop
endfacet
facet normal 0.9250771608129142 0.37977920762242584 -0.0
outer loop
vertex 465.2976989746094 -144.59039306640625 621.0
vertex 465.2976989746094 -144.59039306640625 622.486083984375
vertex 465.30340576171875 -144.6042938232422 622.4840698242188
endloop
endfacet
facet normal 0.9536711372877281 0.300851061544685 2.5918470847853516e-05
outer loop
vertex 465.1756896972656 -144.20350646972656 621.0
vertex 465.2069091796875 -144.30259704589844 622.4810180664062
vertex 465.2976989746094 -144.59039306640625 622.486083984375
endloop
endfacet
facet normal 0.9537822298558606 0.30049868221205583 -0.0
outer loop
vertex 465.1756896972656 -144.20350646972656 621.0
vertex 465.1756896972656 -144.20350646972656 622.4915771484375
vertex 465.2069091796875 -144.30259704589844 622.4810180664062
endloop
endfacet
facet normal 0.8016617928361458 0.3952134969337659 0.448491540330607
outer loop
vertex 465.6018981933594 -145.25140380859375 622.4763793945312
vertex 465.4529113769531 -144.96519470214844 622.490478515625
vertex 465.1944885253906 -145.033203125 623.0123291015625
endloop
endfacet
facet normal 0.8292859762482551 0.33774678470314795 0.4452099269116358
outer loop
vertex 465.422607421875 -144.89190673828125 622.480224609375
vertex 465.30340576171875 -144.6042938232422 622.4840698242188
vertex 465.1944885253906 -145.033203125 623.0123291015625
endloop
endfacet
facet normal 0.8020259602105266 0.39439079952974243 0.44856466244530824
outer loop
vertex 465.422607421875 -144.89190673828125 622.480224609375
vertex 465.1944885253906 -145.033203125 623.0123291015625
vertex 465.4529113769531 -144.96519470214844 622.490478515625
endloop
endfacet
facet normal 0.8175095291609592 0.2612508053490006 0.5132506078277213
outer loop
vertex 465.0950927734375 -144.3773956298828 622.7003784179688
vertex 465.30340576171875 -144.6042938232422 622.4840698242188
vertex 465.2976989746094 -144.59039306640625 622.486083984375
endloop
endfacet
facet normal 0.8186223172410139 0.267196295453521 0.5083931956771918
outer loop
vertex 465.0950927734375 -144.3773956298828 622.7003784179688
vertex 465.2976989746094 -144.59039306640625 622.486083984375
vertex 465.2069091796875 -144.30259704589844 622.4810180664062
endloop
endfacet
facet normal 0.8295536546177057 0.3373939974390424 0.4449786788178864
outer loop
vertex 465.0950927734375 -144.3773956298828 622.7003784179688
vertex 465.1944885253906 -145.033203125 623.0123291015625
vertex 465.30340576171875 -144.6042938232422 622.4840698242188
endloop
endfacet
facet normal 0.46165704345357633 0.8870584950628148 2.380329646012572e-05
outer loop
vertex 467.3421936035156 -147.02699279785156 621.0
vertex 467.4530029296875 -147.08470153808594 622.4755249023438
vertex 467.70208740234375 -147.21429443359375 621.0
endloop
endfacet
facet normal 0.3827880186254587 0.923836204511276 -5.567349412217303e-06
outer loop
vertex 467.70208740234375 -147.21429443359375 621.0
vertex 467.9635009765625 -147.32260131835938 622.4661865234375
vertex 468.076904296875 -147.36959838867188 621.0
endloop
endfacet
facet normal 0.30078024926455693 0.9536934732778635 -2.60682965495211e-05
outer loop
vertex 468.076904296875 -147.36959838867188 621.0
vertex 468.10809326171875 -147.37939453125 622.4771728515625
vertex 468.4637145996094 -147.49159240722656 621.0
endloop
endfacet
facet normal 0.46154607912097223 0.8871162363794597 0.0
outer loop
vertex 467.70208740234375 -147.21429443359375 621.0
vertex 467.4530029296875 -147.08470153808594 622.4755249023438
vertex 467.70208740234375 -147.21429443359375 622.4948120117188
endloop
endfacet
facet normal 0.3827613680118484 0.9238472466580708 -0.0
outer loop
vertex 467.70208740234375 -147.21429443359375 621.0
vertex 467.70208740234375 -147.21429443359375 622.4948120117188
vertex 467.9635009765625 -147.32260131835938 622.4661865234375
endloop
endfacet
facet normal 0.38284944911550867 0.9238107486449547 0.0
outer loop
vertex 468.076904296875 -147.36959838867188 621.0
vertex 467.9635009765625 -147.32260131835938 622.4661865234375
vertex 468.076904296875 -147.36959838867188 622.4796142578125
endloop
endfacet
facet normal 0.2996566737658539 0.9540471046377031 -0.0
outer loop
vertex 468.076904296875 -147.36959838867188 621.0
vertex 468.076904296875 -147.36959838867188 622.4796142578125
vertex 468.10809326171875 -147.37939453125 622.4771728515625
endloop
endfacet
facet normal 0.3008787303920231 0.953662408610974 0.0
outer loop
vertex 468.4637145996094 -147.49159240722656 621.0
vertex 468.10809326171875 -147.37939453125 622.4771728515625
vertex 468.4637145996094 -147.49159240722656 622.5040283203125
endloop
endfacet
facet normal 0.38219425743024477 0.8027274495860693 0.4577730783569393
outer loop
vertex 467.4530029296875 -147.08470153808594 622.4755249023438
vertex 467.67950439453125 -147.4727020263672 622.966796875
vertex 467.70208740234375 -147.21429443359375 622.4948120117188
endloop
endfacet
facet normal 0.38233437998900577 0.8027068413898371 0.4576921986055403
outer loop
vertex 467.2611083984375 -147.01710510253906 622.5172729492188
vertex 467.67950439453125 -147.4727020263672 622.966796875
vertex 467.4530029296875 -147.08470153808594 622.4755249023438
endloop
endfacet
facet normal 0.3025474778725626 0.852076909016793 0.42711820934413336
outer loop
vertex 467.9635009765625 -147.32260131835938 622.4661865234375
vertex 467.67950439453125 -147.4727020263672 622.966796875
vertex 468.076904296875 -147.36959838867188 622.4796142578125
endloop
endfacet
facet normal 0.3826302284409066 0.8025600925481807 0.457702311696495
outer loop
vertex 467.9635009765625 -147.32260131835938 622.4661865234375
vertex 467.70208740234375 -147.21429443359375 622.4948120117188
vertex 467.67950439453125 -147.4727020263672 622.966796875
endloop
endfacet
facet normal 0.3012720574171737 0.8529561665831684 0.4262639150894306
outer loop
vertex 468.076904296875 -147.36959838867188 622.4796142578125
vertex 467.67950439453125 -147.4727020263672 622.966796875
vertex 468.10809326171875 -147.37939453125 622.4771728515625
endloop
endfacet
facet normal 0.6486370222403404 0.6206972008684256 0.4404599848037111
outer loop
vertex 466.552001953125 -146.64739990234375 622.7457885742188
vertex 466.38330078125 -146.2917938232422 622.4931030273438
vertex 465.9195861816406 -146.18800354003906 623.0297241210938
endloop
endfacet
facet normal 0.6490464700022317 0.6637751244252783 0.37167359870166816
outer loop
vertex 466.552001953125 -146.64739990234375 622.7457885742188
vertex 465.9195861816406 -146.18800354003906 623.0297241210938
vertex 466.2359924316406 -146.72219848632812 623.4312133789062
endloop
endfacet
facet normal 0.707499413375229 0.6416564541169953 0.2961782823971245
outer loop
vertex 466.2359924316406 -146.72219848632812 623.4312133789062
vertex 465.9195861816406 -146.18800354003906 623.0297241210938
vertex 465.6463928222656 -146.21620178222656 623.743408203125
endloop
endfacet
facet normal 0.8026405656476219 0.45768825570334537 0.3824782124096677
outer loop
vertex 465.65020751953125 -145.48269653320312 622.5938720703125
vertex 465.1944885253906 -145.033203125 623.0123291015625
vertex 465.3794860839844 -145.64999389648438 623.3621826171875
endloop
endfacet
facet normal 0.7595446716986661 0.5262984860401442 0.3822326455001167
outer loop
vertex 465.65020751953125 -145.48269653320312 622.5938720703125
vertex 465.3794860839844 -145.64999389648438 623.3621826171875
vertex 465.9195861816406 -146.18800354003906 623.0297241210938
endloop
endfacet
facet normal 0.7600343449296204 0.5693062720853989 0.31342967806452027
outer loop
vertex 465.9195861816406 -146.18800354003906 623.0297241210938
vertex 465.3794860839844 -145.64999389648438 623.3621826171875
vertex 465.6463928222656 -146.21620178222656 623.743408203125
endloop
endfacet
facet normal 0.5856235475347255 0.7312246722585746 0.3497935666263512
outer loop
vertex 466.552001953125 -146.64739990234375 622.7457885742188
vertex 466.2359924316406 -146.72219848632812 623.4312133789062
vertex 466.9317932128906 -147.1522979736328 623.1654052734375
endloop
endfacet
facet normal 0.5222939667595687 0.7420719829192137 0.4201644730970253
outer loop
vertex 466.552001953125 -146.64739990234375 622.7457885742188
vertex 466.9317932128906 -147.1522979736328 623.1654052734375
vertex 467.2611083984375 -147.01710510253906 622.5172729492188
endloop
endfacet
facet normal 0.4484936308553121 0.801713087080083 0.39510706028460496
outer loop
vertex 467.2611083984375 -147.01710510253906 622.5172729492188
vertex 466.9317932128906 -147.1522979736328 623.1654052734375
vertex 467.67950439453125 -147.4727020263672 622.966796875
endloop
endfacet
facet normal 0.5812168345672499 0.7591265795856964 0.29311060605537154
outer loop
vertex 466.2359924316406 -146.72219848632812 623.4312133789062
vertex 466.63958740234375 -147.2010040283203 623.8709716796875
vertex 466.9317932128906 -147.1522979736328 623.1654052734375
endloop
endfacet
facet normal 0.4450714187758836 0.8295087666774428 0.3373820359682625
outer loop
vertex 467.36761474609375 -147.5720977783203 623.6226196289062
vertex 467.67950439453125 -147.4727020263672 622.966796875
vertex 466.9317932128906 -147.1522979736328 623.1654052734375
endloop
endfacet
facet normal 0.5083965292863536 0.8186639142773312 0.2670624729716028
outer loop
vertex 467.36761474609375 -147.5720977783203 623.6226196289062
vertex 466.9317932128906 -147.1522979736328 623.1654052734375
vertex 466.63958740234375 -147.2010040283203 623.8709716796875
endloop
endfacet
facet normal 0.7021863999403867 0.670595169984116 0.23924125424502785
outer loop
vertex 466.2359924316406 -146.72219848632812 623.4312133789062
vertex 465.6463928222656 -146.21620178222656 623.743408203125
vertex 465.9902038574219 -146.72079467773438 624.148681640625
endloop
endfacet
facet normal 0.6387516159012557 0.7380672204470967 0.2173778997162121
outer loop
vertex 466.2359924316406 -146.72219848632812 623.4312133789062
vertex 465.9902038574219 -146.72079467773438 624.148681640625
vertex 466.63958740234375 -147.2010040283203 623.8709716796875
endloop
endfacet
facet normal 0.7518318531719822 0.6399151150163624 0.15892611531645276
outer loop
vertex 465.9902038574219 -146.72079467773438 624.148681640625
vertex 465.6463928222656 -146.21620178222656 623.743408203125
vertex 465.5321960449219 -146.28729248046875 624.5698852539062
endloop
endfacet
facet normal 0.8095101193440943 0.538729041593285 0.23337606223323454
outer loop
vertex 465.3794860839844 -145.64999389648438 623.3621826171875
vertex 465.21429443359375 -145.75210571289062 624.1708984375
vertex 465.6463928222656 -146.21620178222656 623.743408203125
endloop
endfacet
facet normal 0.8516072262196605 0.4694367183144241 0.23322585566064472
outer loop
vertex 464.94488525390625 -145.0467987060547 623.7349853515625
vertex 465.21429443359375 -145.75210571289062 624.1708984375
vertex 465.3794860839844 -145.64999389648438 623.3621826171875
endloop
endfacet
facet normal 0.7916633786466102 0.5896069121800035 0.16010241728154986
outer loop
vertex 465.6463928222656 -146.21620178222656 623.743408203125
vertex 465.21429443359375 -145.75210571289062 624.1708984375
vertex 465.5321960449219 -146.28729248046875 624.5698852539062
endloop
endfacet
facet normal 0.50012618231718 0.8397894354660984 0.2112522327464844
outer loop
vertex 467.36761474609375 -147.5720977783203 623.6226196289062
vertex 466.63958740234375 -147.2010040283203 623.8709716796875
vertex 467.0997009277344 -147.5841064453125 624.3046264648438
endloop
endfacet
facet normal 0.6305018857584244 0.7591854087580696 0.16157006896053944
outer loop
vertex 465.9902038574219 -146.72079467773438 624.148681640625
vertex 466.404296875 -147.15440368652344 624.5701904296875
vertex 466.63958740234375 -147.2010040283203 623.8709716796875
endloop
endfacet
facet normal 0.5572274978188366 0.819658303428241 0.13288258462152175
outer loop
vertex 467.0997009277344 -147.5841064453125 624.3046264648438
vertex 466.63958740234375 -147.2010040283203 623.8709716796875
vertex 466.404296875 -147.15440368652344 624.5701904296875
endloop
endfacet
facet normal 0.8521518285453455 0.42709740741272306 0.3023657812784945
outer loop
vertex 464.94488525390625 -145.0467987060547 623.7349853515625
vertex 465.3794860839844 -145.64999389648438 623.3621826171875
vertex 465.1944885253906 -145.033203125 623.0123291015625
endloop
endfacet
facet normal -0.7933402656962169 -0.608778467773833 0.0
outer loop
vertex 463.5389099121094 -148.14230346679688 621.0
vertex 463.5389099121094 -148.14230346679688 630.0
vertex 463.114013671875 -147.58859252929688 630.0
endloop
endfacet
facet normal -0.7373129323674716 -0.6755513598266827 0.0
outer loop
vertex 464.0104064941406 -148.6569061279297 621.0
vertex 464.0104064941406 -148.6569061279297 630.0
vertex 463.5389099121094 -148.14230346679688 630.0
endloop
endfacet
facet normal -0.675627591699573 -0.7372430788649257 0.0
outer loop
vertex 464.52490234375 -149.12840270996094 621.0
vertex 464.52490234375 -149.12840270996094 630.0
vertex 464.0104064941406 -148.6569061279297 630.0
endloop
endfacet
facet normal -0.6086958984494646 -0.7934036193582676 0.0
outer loop
vertex 465.07861328125 -149.55320739746094 621.0
vertex 465.07861328125 -149.55320739746094 630.0
vertex 464.52490234375 -149.12840270996094 630.0
endloop
endfacet
facet normal -0.999049144456386 -0.04359824492985157 0.0
outer loop
vertex 461.6890869140625 -143.5 621.0
vertex 461.69769287109375 -143.69720458984375 630.0
vertex 461.6890869140625 -143.5 626.0
endloop
endfacet
facet normal 0.0 0.0 -1.0
outer loop
vertex 461.6890869140625 -143.5 626.0
vertex 461.6672058105469 -143.0 626.0
vertex 464.4744873046875 -143.0 626.0
endloop
endfacet
facet normal 0.8724679942981066 0.4823511435510144 0.07833883609339289
outer loop
vertex 465.21429443359375 -145.75210571289062 624.1708984375
vertex 464.8283996582031 -145.11790466308594 624.563720703125
vertex 465.1588134765625 -145.78640747070312 625.0
endloop
endfacet
facet normal 0.8964762285652262 0.44309183203650704 -0.0
outer loop
vertex 465.1588134765625 -145.78640747070312 625.0
vertex 464.8283996582031 -145.11790466308594 624.563720703125
vertex 464.8283996582031 -145.11790466308594 625.436279296875
endloop
endfacet
facet normal 0.8724679942981066 0.4823511435510144 -0.07833883609339289
outer loop
vertex 465.1588134765625 -145.78640747070312 625.0
vertex 464.8283996582031 -145.11790466308594 625.436279296875
vertex 465.21429443359375 -145.75210571289062 625.8291015625
endloop
endfacet
facet normal 0.8843577173541993 0.43784602137680967 -0.1618712121427657
outer loop
vertex 464.8283996582031 -145.11790466308594 625.436279296875
vertex 464.94488525390625 -145.0467987060547 626.2650146484375
vertex 465.21429443359375 -145.75210571289062 625.8291015625
endloop
endfacet
facet normal 0.9712401377208725 0.22378700654578235 0.08131402450511624
outer loop
vertex 464.6265869140625 -144.39320373535156 624.1389770507812
vertex 464.4324951171875 -143.70530700683594 624.5640869140625
vertex 464.5588073730469 -144.41189575195312 625.0
endloop
endfacet
facet normal 0.9468237960763696 0.31131381810418046 0.08129210195911346
outer loop
vertex 464.6265869140625 -144.39320373535156 624.1389770507812
vertex 464.5588073730469 -144.41189575195312 625.0
vertex 464.8283996582031 -145.11790466308594 624.563720703125
endloop
endfacet
facet normal 0.9342072534154645 0.35673072150563934 0.0
outer loop
vertex 464.8283996582031 -145.11790466308594 624.563720703125
vertex 464.5588073730469 -144.41189575195312 625.0
vertex 464.8283996582031 -145.11790466308594 625.436279296875
endloop
endfacet
facet normal 0.996376986257704 0.04928241446492037 0.06931193894649834
outer loop
vertex 464.4283142089844 -143.5 624.4782104492188
vertex 464.41351318359375 -143.5 624.6909790039062
vertex 464.4324951171875 -143.70530700683594 624.5640869140625
endloop
endfacet
facet normal 0.9957531209558691 0.09206368505901903 0.0
outer loop
vertex 464.4324951171875 -143.70530700683594 624.5640869140625
vertex 464.41351318359375 -143.5 624.6909790039062
vertex 464.4324951171875 -143.70530700683594 625.4359130859375
endloop
endfacet
facet normal 0.9843948437183564 0.1759738380007462 -0.0
outer loop
vertex 464.5588073730469 -144.41189575195312 625.0
vertex 464.4324951171875 -143.70530700683594 624.5640869140625
vertex 464.4324951171875 -143.70530700683594 625.4359130859375
endloop
endfacet
facet normal 0.9957531209558691 0.09206368505901905 -0.0
outer loop
vertex 464.41351318359375 -143.5 624.6909790039062
vertex 464.41351318359375 -143.5 625.3090209960938
vertex 464.4324951171875 -143.70530700683594 625.4359130859375
endloop
endfacet
facet normal -0.0 1.0 0.0
outer loop
vertex 461.6890869140625 -143.5 626.0
vertex 464.502197265625 -143.5 626.0
vertex 464.4283142089844 -143.5 625.5217895507812
endloop
endfacet
facet normal 0.0 0.0 -1.0
outer loop
vertex 461.6890869140625 -143.5 626.0
vertex 464.4966125488281 -143.4344940185547 626.0
vertex 464.502197265625 -143.5 626.0
endloop
endfacet
facet normal 0.0 0.0 -1.0
outer loop
vertex 461.6890869140625 -143.5 626.0
vertex 464.4744873046875 -143.0 626.0
vertex 464.4966125488281 -143.4344940185547 626.0
endloop
endfacet
facet normal 0.9712401377208725 0.22378700654578235 -0.08131402450511624
outer loop
vertex 464.5588073730469 -144.41189575195312 625.0
vertex 464.4324951171875 -143.70530700683594 625.4359130859375
vertex 464.6265869140625 -144.39320373535156 625.8610229492188
endloop
endfacet
facet normal 0.9468237960763696 0.31131381810418046 -0.08129210195911346
outer loop
vertex 464.5588073730469 -144.41189575195312 625.0
vertex 464.6265869140625 -144.39320373535156 625.8610229492188
vertex 464.8283996582031 -145.11790466308594 625.436279296875
endloop
endfacet
facet normal 0.9227834323663938 0.35062559461768017 -0.1597887021947901
outer loop
vertex 464.8283996582031 -145.11790466308594 625.436279296875
vertex 464.6265869140625 -144.39320373535156 625.8610229492188
vertex 464.94488525390625 -145.0467987060547 626.2650146484375
endloop
endfacet
facet normal 0.9233699637628618 0.30811480549307146 -0.22902658504317402
outer loop
vertex 464.6265869140625 -144.39320373535156 625.8610229492188
vertex 464.8111877441406 -144.39959716796875 626.5966796875
vertex 464.94488525390625 -145.0467987060547 626.2650146484375
endloop
endfacet
facet normal 0.9474488989912087 0.21611737060216069 -0.2358683232745652
outer loop
vertex 464.6265869140625 -144.39320373535156 625.8610229492188
vertex 464.54541015625 -143.70379638671875 626.1666259765625
vertex 464.8111877441406 -144.39959716796875 626.5966796875
endloop
endfacet
facet normal 0.996376986257704 0.04928241446492037 -0.06931193894649834
outer loop
vertex 464.41351318359375 -143.5 625.3090209960938
vertex 464.4283142089844 -143.5 625.5217895507812
vertex 464.4324951171875 -143.70530700683594 625.4359130859375
endloop
endfacet
facet normal 0.9848068936132577 0.08369728593923477 -0.1521517223636054
outer loop
vertex 464.4324951171875 -143.70530700683594 625.4359130859375
vertex 464.4283142089844 -143.5 625.5217895507812
vertex 464.502197265625 -143.5 626.0
endloop
endfacet
facet normal 0.9718591047459758 0.18117285360892926 -0.15055323854885366
outer loop
vertex 464.6265869140625 -144.39320373535156 625.8610229492188
vertex 464.4324951171875 -143.70530700683594 625.4359130859375
vertex 464.54541015625 -143.70379638671875 626.1666259765625
endloop
endfacet
facet normal 0.984730741029226 0.08424559476209055 -0.15234187682713246
outer loop
vertex 464.4324951171875 -143.70530700683594 625.4359130859375
vertex 464.502197265625 -143.5 626.0
vertex 464.54541015625 -143.70379638671875 626.1666259765625
endloop
endfacet
facet normal 0.9847012538894825 0.08395077077184966 -0.15269482203170243
outer loop
vertex 464.54541015625 -143.70379638671875 626.1666259765625
vertex 464.502197265625 -143.5 626.0
vertex 464.4966125488281 -143.4344940185547 626.0
endloop
endfacet
facet normal 0.977303285986942 0.049665209601493204 -0.20594089966387244
outer loop
vertex 464.54541015625 -143.70379638671875 626.1666259765625
vertex 464.4966125488281 -143.4344940185547 626.0
vertex 464.5690002441406 -143.0 626.4483032226562
endloop
endfacet
facet normal 0.9772786992861241 0.049764850358731516 -0.20603350113608757
outer loop
vertex 464.4966125488281 -143.4344940185547 626.0
vertex 464.4744873046875 -143.0 626.0
vertex 464.5690002441406 -143.0 626.4483032226562
endloop
endfacet
facet normal -0.8870553062380715 -0.4616631712351346 0.0
outer loop
vertex 462.739013671875 -147.0 621.0
vertex 462.739013671875 -147.0 630.0
vertex 462.41680908203125 -146.3809051513672 630.0
endloop
endfacet
facet normal -0.9238403892236081 -0.38277791895454505 0.0
outer loop
vertex 462.41680908203125 -146.3809051513672 621.0
vertex 462.41680908203125 -146.3809051513672 630.0
vertex 462.1496887207031 -145.7362060546875 630.0
endloop
endfacet
facet normal -0.9537022051354943 -0.3007525626153426 0.0
outer loop
vertex 462.1496887207031 -145.7362060546875 621.0
vertex 462.1496887207031 -145.7362060546875 630.0
vertex 461.9397888183594 -145.0706024169922 630.0
endloop
endfacet
facet normal -0.9914464807267925 -0.13051389142331926 0.0
outer loop
vertex 461.7887878417969 -144.3892059326172 621.0
vertex 461.7887878417969 -144.3892059326172 630.0
vertex 461.69769287109375 -143.69720458984375 630.0
endloop
endfacet
facet normal -0.9763144684501711 -0.21635632344551445 0.0
outer loop
vertex 461.9397888183594 -145.0706024169922 621.0
vertex 461.9397888183594 -145.0706024169922 630.0
vertex 461.7887878417969 -144.3892059326172 630.0
endloop
endfacet
facet normal -0.999043807823686 -0.04372036195126849 -0.0
outer loop
vertex 461.6890869140625 -143.5 626.0
vertex 461.6672058105469 -143.0 630.0
vertex 461.6672058105469 -143.0 626.0
endloop
endfacet
facet normal -0.8433750803223049 -0.5373252961580589 0.0
outer loop
vertex 463.114013671875 -147.58859252929688 621.0
vertex 463.114013671875 -147.58859252929688 630.0
vertex 462.739013671875 -147.0 630.0
endloop
endfacet
facet normal 0.8858240236801942 0.34309221667685375 -0.31241563649534826
outer loop
vertex 464.94488525390625 -145.0467987060547 626.2650146484375
vertex 464.8111877441406 -144.39959716796875 626.5966796875
vertex 465.1944885253906 -145.033203125 626.9876708984375
endloop
endfacet
facet normal 0.8791268892008502 0.3067452022004824 -0.364751002207014
outer loop
vertex 464.8111877441406 -144.39959716796875 626.5966796875
vertex 465.0950927734375 -144.3773956298828 627.2996215820312
vertex 465.1944885253906 -145.033203125 626.9876708984375
endloop
endfacet
facet normal 0.90318544020347 0.21492653291370697 -0.3715678216075195
outer loop
vertex 464.8111877441406 -144.39959716796875 626.5966796875
vertex 464.7684020996094 -143.6977996826172 626.8986206054688
vertex 465.0950927734375 -144.3773956298828 627.2996215820312
endloop
endfacet
facet normal 0.9403443066630878 0.18121512342162072 -0.2879473284640845
outer loop
vertex 464.54541015625 -143.70379638671875 626.1666259765625
vertex 464.7684020996094 -143.6977996826172 626.8986206054688
vertex 464.8111877441406 -144.39959716796875 626.5966796875
endloop
endfacet
facet normal 0.9529804784643533 0.08452515023631017 -0.29100465055284186
outer loop
vertex 464.54541015625 -143.70379638671875 626.1666259765625
vertex 464.5690002441406 -143.0 626.4483032226562
vertex 464.7684020996094 -143.6977996826172 626.8986206054688
endloop
endfacet
facet normal 0.9395908897758345 0.04996211680680835 -0.33863364678430646
outer loop
vertex 464.7684020996094 -143.6977996826172 626.8986206054688
vertex 464.5690002441406 -143.0 626.4483032226562
vertex 464.8175048828125 -143.0 627.1378173828125
endloop
endfacet
facet normal 0.8897725128214743 0.18033358607321828 -0.41926682811943566
outer loop
vertex 464.7684020996094 -143.6977996826172 626.8986206054688
vertex 465.0830993652344 -143.69540405273438 627.5675048828125
vertex 465.0950927734375 -144.3773956298828 627.2996215820312
endloop
endfacet
facet normal 0.9016903514129164 0.08207053193767394 -0.4245220111564514
outer loop
vertex 464.7684020996094 -143.6977996826172 626.8986206054688
vertex 464.8175048828125 -143.0 627.1378173828125
vertex 465.0830993652344 -143.69540405273438 627.5675048828125
endloop
endfacet
facet normal 0.8838258054035225 0.05016286682979526 -0.4651189444585449
outer loop
vertex 465.0830993652344 -143.69540405273438 627.5675048828125
vertex 464.8175048828125 -143.0 627.1378173828125
vertex 465.1588134765625 -143.0 627.786376953125
endloop
endfacet
facet normal 0.4650692713110102 0.8838540968788136 0.050124927060126674
outer loop
vertex 467.0997009277344 -147.5841064453125 624.3046264648438
vertex 466.8808898925781 -147.50840759277344 625.0
vertex 467.5295104980469 -147.84970092773438 625.0
endloop
endfacet
facet normal 0.4650692713110102 0.8838540968788136 -0.050124927060126674
outer loop
vertex 466.8808898925781 -147.50840759277344 625.0
vertex 467.0997009277344 -147.5841064453125 625.6953735351562
vertex 467.5295104980469 -147.84970092773438 625.0
endloop
endfacet
facet normal 0.4192741292785203 0.889761510281274 -0.18037089382637422
outer loop
vertex 467.0997009277344 -147.5841064453125 625.6953735351562
vertex 467.36761474609375 -147.5720977783203 626.3773803710938
vertex 467.7685852050781 -147.8988037109375 625.6978149414062
endloop
endfacet
facet normal -0.04352108962322298 -0.999052508508941 0.0
outer loop
vertex 468.9700012207031 -150.9696044921875 621.0
vertex 469.1672058105469 -150.9781951904297 626.0
vertex 468.9700012207031 -150.9696044921875 630.0
endloop
endfacet
facet normal 0.42452897841890413 0.9016937955227853 0.0819966194322371
outer loop
vertex 467.0997009277344 -147.5841064453125 624.3046264648438
vertex 467.5295104980469 -147.84970092773438 625.0
vertex 467.7685852050781 -147.8988037109375 624.3021850585938
endloop
endfacet
facet normal 0.33879713784613463 0.9395319597279869 0.04996194588840583
outer loop
vertex 467.7685852050781 -147.8988037109375 624.3021850585938
vertex 467.5295104980469 -147.84970092773438 625.0
vertex 468.2189025878906 -148.09829711914062 625.0
endloop
endfacet
facet normal 0.2911184805648652 0.9529422691772907 0.08456395147366388
outer loop
vertex 467.7685852050781 -147.8988037109375 624.3021850585938
vertex 468.2189025878906 -148.09829711914062 625.0
vertex 468.5006103515625 -148.1219024658203 624.2962036132812
endloop
endfacet
facet normal 0.33879713784613463 0.9395319597279869 -0.04996194588840583
outer loop
vertex 467.5295104980469 -147.84970092773438 625.0
vertex 467.7685852050781 -147.8988037109375 625.6978149414062
vertex 468.2189025878906 -148.09829711914062 625.0
endloop
endfacet
facet normal 0.15223804501055296 0.9847631577418271 0.08405415400627293
outer loop
vertex 468.5006103515625 -148.1219024658203 624.2962036132812
vertex 468.93609619140625 -148.24929809570312 625.0
vertex 469.1672058105469 -148.23789978027344 624.4478759765625
endloop
endfacet
facet normal 0.20577383872905408 0.9773425594121867 0.04958476435706234
outer loop
vertex 468.5006103515625 -148.1219024658203 624.2962036132812
vertex 468.2189025878906 -148.09829711914062 625.0
vertex 468.93609619140625 -148.24929809570312 625.0
endloop
endfacet
facet normal 0.0690091432991378 0.9963894036308305 0.04945598521227536
outer loop
vertex 468.93609619140625 -148.24929809570312 625.0
vertex 469.1672058105469 -148.2653045654297 625.0
vertex 469.1672058105469 -148.23789978027344 624.4478759765625
endloop
endfacet
facet normal 0.20577383872905408 0.9773425594121867 -0.04958476435706234
outer loop
vertex 468.2189025878906 -148.09829711914062 625.0
vertex 468.5006103515625 -148.1219024658203 625.7037963867188
vertex 468.93609619140625 -148.24929809570312 625.0
endloop
endfacet
facet normal 0.0690091432991378 0.9963894036308305 -0.04945598521227536
outer loop
vertex 468.93609619140625 -148.24929809570312 625.0
vertex 469.1672058105469 -148.23789978027344 625.5521240234375
vertex 469.1672058105469 -148.2653045654297 625.0
endloop
endfacet
facet normal 0.42452897841890413 0.9016937955227853 -0.0819966194322371
outer loop
vertex 467.0997009277344 -147.5841064453125 625.6953735351562
vertex 467.7685852050781 -147.8988037109375 625.6978149414062
vertex 467.5295104980469 -147.84970092773438 625.0
endloop
endfacet
facet normal 0.2911184805648652 0.9529422691772907 -0.08456395147366388
outer loop
vertex 468.2189025878906 -148.09829711914062 625.0
vertex 467.7685852050781 -147.8988037109375 625.6978149414062
vertex 468.5006103515625 -148.1219024658203 625.7037963867188
endloop
endfacet
facet normal 0.37166014942100645 0.9031530293305371 -0.21490309198201282
outer loop
vertex 467.7685852050781 -147.8988037109375 625.6978149414062
vertex 467.36761474609375 -147.5720977783203 626.3773803710938
vertex 468.0705871582031 -147.85609436035156 626.3995971679688
endloop
endfacet
facet normal 0.28805962259765644 0.9403150586907666 -0.1811884218935526
outer loop
vertex 467.7685852050781 -147.8988037109375 625.6978149414062
vertex 468.0705871582031 -147.85609436035156 626.3995971679688
vertex 468.5006103515625 -148.1219024658203 625.7037963867188
endloop
endfacet
facet normal 0.2357547401156954 0.9474492770541454 -0.21623961228821678
outer loop
vertex 468.5006103515625 -148.1219024658203 625.7037963867188
vertex 468.0705871582031 -147.85609436035156 626.3995971679688
vertex 468.80621337890625 -148.0406036376953 626.3931884765625
endloop
endfacet
facet normal 0.15223804501055296 0.9847631577418271 -0.08405415400627293
outer loop
vertex 468.93609619140625 -148.24929809570312 625.0
vertex 468.5006103515625 -148.1219024658203 625.7037963867188
vertex 469.1672058105469 -148.23789978027344 625.5521240234375
endloop
endfacet
facet normal 0.15215941864343718 0.9847468242823721 -0.08438722287096545
outer loop
vertex 468.5006103515625 -148.1219024658203 625.7037963867188
vertex 469.1672058105469 -148.22479248046875 625.705078125
vertex 469.1672058105469 -148.23789978027344 625.5521240234375
endloop
endfacet
facet normal 0.1503819840532355 0.9720356832921134 -0.1803659870348255
outer loop
vertex 468.5006103515625 -148.1219024658203 625.7037963867188
vertex 469.1672058105469 -148.20550537109375 625.8090209960938
vertex 469.1672058105469 -148.22479248046875 625.705078125
endloop
endfacet
facet normal 0.15050875029687605 0.9718373109223982 -0.18132665877690066
outer loop
vertex 468.5006103515625 -148.1219024658203 625.7037963867188
vertex 468.80621337890625 -148.0406036376953 626.3931884765625
vertex 469.1672058105469 -148.20550537109375 625.8090209960938
endloop
endfacet
facet normal 0.08150612737397282 0.9712224280198943 -0.2237939822954119
outer loop
vertex 468.80621337890625 -148.0406036376953 626.3931884765625
vertex 469.1672058105469 -148.1614990234375 626.0
vertex 469.1672058105469 -148.20550537109375 625.8090209960938
endloop
endfacet
facet normal 0.08133037035343735 0.971265356176383 -0.2236715868181217
outer loop
vertex 469.6672058105469 -148.10850524902344 626.4119262695312
vertex 469.4132080078125 -148.18209838867188 626.0
vertex 469.1672058105469 -148.1614990234375 626.0
endloop
endfacet
facet normal -0.5373252961580589 -0.8433750803223049 0.0
outer loop
vertex 465.6672058105469 -149.92820739746094 621.0
vertex 465.6672058105469 -149.92820739746094 630.0
vertex 465.07861328125 -149.55320739746094 630.0
endloop
endfacet
facet normal -0.46177533691996914 -0.8869969211967137 0.0
outer loop
vertex 466.2862854003906 -150.25050354003906 621.0
vertex 466.2862854003906 -150.25050354003906 630.0
vertex 465.6672058105469 -149.92820739746094 630.0
endloop
endfacet
facet normal -0.3825745048299076 -0.9239246442508994 0.0
outer loop
vertex 466.93109130859375 -150.5175018310547 621.0
vertex 466.93109130859375 -150.5175018310547 630.0
vertex 466.2862854003906 -150.25050354003906 630.0
endloop
endfacet
facet normal -0.30074629170361483 -0.9537041826617538 0.0
outer loop
vertex 467.5967102050781 -150.72740173339844 621.0
vertex 467.5967102050781 -150.72740173339844 630.0
vertex 466.93109130859375 -150.5175018310547 630.0
endloop
endfacet
facet normal -0.21648135571533744 -0.9762867522545051 0.0
outer loop
vertex 468.2781066894531 -150.8784942626953 621.0
vertex 468.2781066894531 -150.8784942626953 630.0
vertex 467.5967102050781 -150.72740173339844 630.0
endloop
endfacet
facet normal -0.13055518857484888 -0.9914410434999076 0.0
outer loop
vertex 468.9700012207031 -150.9696044921875 621.0
vertex 468.9700012207031 -150.9696044921875 630.0
vertex 468.2781066894531 -150.8784942626953 630.0
endloop
endfacet
facet normal -0.04356820983283236 -0.999050454725158 -2.327491261525995e-06
outer loop
vertex 468.9700012207031 -150.9696044921875 630.0
vertex 469.1672058105469 -150.9781951904297 626.0
vertex 469.6672058105469 -151.0 626.0
endloop
endfacet
facet normal 0.3648415307109612 0.8790905574377783 -0.30674166539976117
outer loop
vertex 467.36761474609375 -147.5720977783203 626.3773803710938
vertex 467.67950439453125 -147.4727020263672 627.033203125
vertex 468.0705871582031 -147.85609436035156 626.3995971679688
endloop
endfacet
facet normal 0.22891376168826577 0.923368935819901 -0.30820171653083245
outer loop
vertex 468.0705871582031 -147.85609436035156 626.3995971679688
vertex 468.4023132324219 -147.72230529785156 627.0468139648438
vertex 468.80621337890625 -148.0406036376953 626.3931884765625
endloop
endfacet
facet normal 0.31235203814666207 0.8858038723927247 -0.3432021327434893
outer loop
vertex 468.0705871582031 -147.85609436035156 626.3995971679688
vertex 467.67950439453125 -147.4727020263672 627.033203125
vertex 468.4023132324219 -147.72230529785156 627.0468139648438
endloop
endfacet
facet normal 0.08146565678242013 0.9712176028799856 -0.22382965536555538
outer loop
vertex 468.80621337890625 -148.0406036376953 626.3931884765625
vertex 469.6672058105469 -148.10850524902344 626.4119262695312
vertex 469.1672058105469 -148.1614990234375 626.0
endloop
endfacet
facet normal 0.08144456601543738 0.946796895448897 -0.311355779510976
outer loop
vertex 468.80621337890625 -148.0406036376953 626.3931884765625
vertex 469.23089599609375 -147.83880615234375 627.117919921875
vertex 469.6672058105469 -148.10850524902344 626.4119262695312
endloop
endfacet
facet normal 0.1598333420344415 0.9227838257362656 -0.3506042123729301
outer loop
vertex 468.4023132324219 -147.72230529785156 627.0468139648438
vertex 469.23089599609375 -147.83880615234375 627.117919921875
vertex 468.80621337890625 -148.0406036376953 626.3931884765625
endloop
endfacet
facet normal 0.16191648566634784 0.8843389323170319 -0.4378672224063265
outer loop
vertex 468.4023132324219 -147.72230529785156 627.0468139648438
vertex 468.8381042480469 -147.45289611816406 627.7520751953125
vertex 469.23089599609375 -147.83880615234375 627.117919921875
endloop
endfacet
facet normal 0.0783708809769577 0.8724494036597464 -0.48237956327838794
outer loop
vertex 469.23089599609375 -147.83880615234375 627.117919921875
vertex 468.8381042480469 -147.45289611816406 627.7520751953125
vertex 469.6672058105469 -147.50840759277344 627.786376953125
endloop
endfacet
facet normal 0.723273630078973 0.6858410889972044 0.08060556231125472
outer loop
vertex 465.9902038574219 -146.72079467773438 624.148681640625
vertex 465.5321960449219 -146.28729248046875 624.5698852539062
vertex 465.9418029785156 -146.76980590820312 625.0
endloop
endfacet
facet normal 0.6805314168901261 0.7282703469212258 0.08061818914336208
outer loop
vertex 465.9902038574219 -146.72079467773438 624.148681640625
vertex 465.9418029785156 -146.76980590820312 625.0
vertex 466.404296875 -147.15440368652344 624.5701904296875
endloop
endfacet
facet normal 0.7623519778793761 0.6471626239388393 -0.0
outer loop
vertex 465.9418029785156 -146.76980590820312 625.0
vertex 465.5321960449219 -146.28729248046875 624.5698852539062
vertex 465.5321960449219 -146.28729248046875 625.4301147460938
endloop
endfacet
facet normal 0.6393856042161158 0.768886239388632 0.0
outer loop
vertex 465.9418029785156 -146.76980590820312 625.0
vertex 466.404296875 -147.15440368652344 625.4298095703125
vertex 466.404296875 -147.15440368652344 624.5701904296875
endloop
endfacet
facet normal 0.8303651394905699 0.5516781647754716 0.07838965256189216
outer loop
vertex 465.21429443359375 -145.75210571289062 624.1708984375
vertex 465.1588134765625 -145.78640747070312 625.0
vertex 465.5321960449219 -146.28729248046875 624.5698852539062
endloop
endfacet
facet normal 0.8017492684179574 0.5976605312309576 0.0
outer loop
vertex 465.1588134765625 -145.78640747070312 625.0
vertex 465.5321960449219 -146.28729248046875 625.4301147460938
vertex 465.5321960449219 -146.28729248046875 624.5698852539062
endloop
endfacet
facet normal 0.5461570712755482 0.8337481825756874 0.0810951388645084
outer loop
vertex 467.0997009277344 -147.5841064453125 624.3046264648438
vertex 466.404296875 -147.15440368652344 624.5701904296875
vertex 466.8808898925781 -147.50840759277344 625.0
endloop
endfacet
facet normal 0.596284251207419 0.8027733750953675 -0.0
outer loop
vertex 466.8808898925781 -147.50840759277344 625.0
vertex 466.404296875 -147.15440368652344 624.5701904296875
vertex 466.404296875 -147.15440368652344 625.4298095703125
endloop
endfacet
facet normal 0.723273630078973 0.6858410889972044 -0.08060556231125472
outer loop
vertex 465.9418029785156 -146.76980590820312 625.0
vertex 465.5321960449219 -146.28729248046875 625.4301147460938
vertex 465.9902038574219 -146.72079467773438 625.851318359375
endloop
endfacet
facet normal 0.6805314168901261 0.7282703469212258 -0.08061818914336208
outer loop
vertex 465.9418029785156 -146.76980590820312 625.0
vertex 465.9902038574219 -146.72079467773438 625.851318359375
vertex 466.404296875 -147.15440368652344 625.4298095703125
endloop
endfacet
facet normal 0.7518318531719822 0.6399151150163624 -0.15892611531645276
outer loop
vertex 465.9902038574219 -146.72079467773438 625.851318359375
vertex 465.5321960449219 -146.28729248046875 625.4301147460938
vertex 465.6463928222656 -146.21620178222656 626.256591796875
endloop
endfacet
facet normal 0.7021863999403867 0.670595169984116 -0.23924125424502785
outer loop
vertex 465.9902038574219 -146.72079467773438 625.851318359375
vertex 465.6463928222656 -146.21620178222656 626.256591796875
vertex 466.2359924316406 -146.72219848632812 626.5687866210938
endloop
endfacet
facet normal 0.6387516159012557 0.7380672204470967 -0.2173778997162121
outer loop
vertex 465.9902038574219 -146.72079467773438 625.851318359375
vertex 466.2359924316406 -146.72219848632812 626.5687866210938
vertex 466.63958740234375 -147.2010040283203 626.1290283203125
endloop
endfacet
facet normal 0.8303651394905699 0.5516781647754716 -0.07838965256189216
outer loop
vertex 465.1588134765625 -145.78640747070312 625.0
vertex 465.21429443359375 -145.75210571289062 625.8291015625
vertex 465.5321960449219 -146.28729248046875 625.4301147460938
endloop
endfacet
facet normal 0.7916633786466102 0.5896069121800035 -0.16010241728154986
outer loop
vertex 465.5321960449219 -146.28729248046875 625.4301147460938
vertex 465.21429443359375 -145.75210571289062 625.8291015625
vertex 465.6463928222656 -146.21620178222656 626.256591796875
endloop
endfacet
facet normal 0.8095101193440943 0.538729041593285 -0.23337606223323454
outer loop
vertex 465.21429443359375 -145.75210571289062 625.8291015625
vertex 465.3794860839844 -145.64999389648438 626.6378173828125
vertex 465.6463928222656 -146.21620178222656 626.256591796875
endloop
endfacet
facet normal 0.8516072262196605 0.4694367183144241 -0.23322585566064472
outer loop
vertex 464.94488525390625 -145.0467987060547 626.2650146484375
vertex 465.3794860839844 -145.64999389648438 626.6378173828125
vertex 465.21429443359375 -145.75210571289062 625.8291015625
endloop
endfacet
facet normal 0.5461570712755482 0.8337481825756874 -0.0810951388645084
outer loop
vertex 466.8808898925781 -147.50840759277344 625.0
vertex 466.404296875 -147.15440368652344 625.4298095703125
vertex 467.0997009277344 -147.5841064453125 625.6953735351562
endloop
endfacet
facet normal 0.6305018857584244 0.7591854087580696 -0.16157006896053944
outer loop
vertex 465.9902038574219 -146.72079467773438 625.851318359375
vertex 466.63958740234375 -147.2010040283203 626.1290283203125
vertex 466.404296875 -147.15440368652344 625.4298095703125
endloop
endfacet
facet normal 0.5572274978188366 0.819658303428241 -0.13288258462152175
outer loop
vertex 467.0997009277344 -147.5841064453125 625.6953735351562
vertex 466.404296875 -147.15440368652344 625.4298095703125
vertex 466.63958740234375 -147.2010040283203 626.1290283203125
endloop
endfacet
facet normal 0.50012618231718 0.8397894354660984 -0.2112522327464844
outer loop
vertex 467.0997009277344 -147.5841064453125 625.6953735351562
vertex 466.63958740234375 -147.2010040283203 626.1290283203125
vertex 467.36761474609375 -147.5720977783203 626.3773803710938
endloop
endfacet
facet normal 0.707499413375229 0.6416564541169953 -0.2961782823971245
outer loop
vertex 466.2359924316406 -146.72219848632812 626.5687866210938
vertex 465.6463928222656 -146.21620178222656 626.256591796875
vertex 465.9195861816406 -146.18800354003906 626.9702758789062
endloop
endfacet
facet normal 0.6490464700022317 0.6637751244252783 -0.37167359870166816
outer loop
vertex 466.2359924316406 -146.72219848632812 626.5687866210938
vertex 465.9195861816406 -146.18800354003906 626.9702758789062
vertex 466.552001953125 -146.64739990234375 627.2542114257812
endloop
endfacet
facet normal 0.7600343449296204 0.5693062720853989 -0.31342967806452027
outer loop
vertex 465.6463928222656 -146.21620178222656 626.256591796875
vertex 465.3794860839844 -145.64999389648438 626.6378173828125
vertex 465.9195861816406 -146.18800354003906 626.9702758789062
endloop
endfacet
facet normal 0.8026405656476219 0.45768825570334537 -0.3824782124096677
outer loop
vertex 465.3794860839844 -145.64999389648438 626.6378173828125
vertex 465.1944885253906 -145.033203125 626.9876708984375
vertex 465.65020751953125 -145.48269653320312 627.4061279296875
endloop
endfacet
facet normal 0.7595446716986661 0.5262984860401442 -0.3822326455001167
outer loop
vertex 465.3794860839844 -145.64999389648438 626.6378173828125
vertex 465.65020751953125 -145.48269653320312 627.4061279296875
vertex 465.9195861816406 -146.18800354003906 626.9702758789062
endloop
endfacet
facet normal 0.5812168345672499 0.7591265795856964 -0.29311060605537154
outer loop
vertex 466.63958740234375 -147.2010040283203 626.1290283203125
vertex 466.2359924316406 -146.72219848632812 626.5687866210938
vertex 466.9317932128906 -147.1522979736328 626.8345947265625
endloop
endfacet
facet normal 0.5083965292863536 0.8186639142773312 -0.2670624729716028
outer loop
vertex 467.36761474609375 -147.5720977783203 626.3773803710938
vertex 466.63958740234375 -147.2010040283203 626.1290283203125
vertex 466.9317932128906 -147.1522979736328 626.8345947265625
endloop
endfacet
facet normal 0.5856235475347255 0.7312246722585746 -0.3497935666263512
outer loop
vertex 466.2359924316406 -146.72219848632812 626.5687866210938
vertex 466.552001953125 -146.64739990234375 627.2542114257812
vertex 466.9317932128906 -147.1522979736328 626.8345947265625
endloop
endfacet
facet normal 0.4450714187758836 0.8295087666774428 -0.3373820359682625
outer loop
vertex 467.36761474609375 -147.5720977783203 626.3773803710938
vertex 466.9317932128906 -147.1522979736328 626.8345947265625
vertex 467.67950439453125 -147.4727020263672 627.033203125
endloop
endfacet
facet normal 0.4484936308553121 0.801713087080083 -0.39510706028460496
outer loop
vertex 466.9317932128906 -147.1522979736328 626.8345947265625
vertex 467.2611083984375 -147.01710510253906 627.4827270507812
vertex 467.67950439453125 -147.4727020263672 627.033203125
endloop
endfacet
facet normal 0.6486343504041446 0.6206498854022472 -0.4405305882977603
outer loop
vertex 465.9195861816406 -146.18800354003906 626.9702758789062
vertex 466.2403869628906 -145.99049377441406 627.7208862304688
vertex 466.552001953125 -146.64739990234375 627.2542114257812
endloop
endfacet
facet normal 0.7084214829703362 0.5465380817565547 -0.4465816024602617
outer loop
vertex 465.9195861816406 -146.18800354003906 626.9702758789062
vertex 465.65020751953125 -145.48269653320312 627.4061279296875
vertex 466.2403869628906 -145.99049377441406 627.7208862304688
endloop
endfacet
facet normal 0.6990071504466948 0.488944098387016 -0.5218454486501722
outer loop
vertex 465.65020751953125 -145.48269653320312 627.4061279296875
vertex 466.0198059082031 -145.2541961669922 628.1152954101562
vertex 466.2403869628906 -145.99049377441406 627.7208862304688
endloop
endfacet
facet normal 0.5222939667595687 0.7420719829192137 -0.4201644730970253
outer loop
vertex 466.9317932128906 -147.1522979736328 626.8345947265625
vertex 466.552001953125 -146.64739990234375 627.2542114257812
vertex 467.2611083984375 -147.01710510253906 627.4827270507812
endloop
endfacet
facet normal 0.5219615420990947 0.6989296838881839 -0.4889309210404863
outer loop
vertex 466.552001953125 -146.64739990234375 627.2542114257812
vertex 466.9464111328125 -146.42689514160156 627.990478515625
vertex 467.2611083984375 -147.01710510253906 627.4827270507812
endloop
endfacet
facet normal 0.44659227852803884 0.7083614291138884 -0.5466071921433746
outer loop
vertex 467.2611083984375 -147.01710510253906 627.4827270507812
vertex 466.9464111328125 -146.42689514160156 627.990478515625
vertex 467.6969909667969 -146.74769592285156 628.18798828125
endloop
endfacet
facet normal 0.5851499092976733 0.6354627631771239 -0.5037724290433324
outer loop
vertex 466.2403869628906 -145.99049377441406 627.7208862304688
vertex 466.9464111328125 -146.42689514160156 627.990478515625
vertex 466.552001953125 -146.64739990234375 627.2542114257812
endloop
endfacet
facet normal 0.8521518285453455 0.42709740741272306 -0.3023657812784945
outer loop
vertex 464.94488525390625 -145.0467987060547 626.2650146484375
vertex 465.1944885253906 -145.033203125 626.9876708984375
vertex 465.3794860839844 -145.64999389648438 626.6378173828125
endloop
endfacet
facet normal 0.8294200357263218 0.33746617240286797 -0.44517298527595395
outer loop
vertex 465.0950927734375 -144.3773956298828 627.2996215820312
vertex 465.5150146484375 -144.8345947265625 627.7354125976562
vertex 465.1944885253906 -145.033203125 626.9876708984375
endloop
endfacet
facet normal 0.8016465473163175 0.39513747688633355 -0.44858576385762555
outer loop
vertex 465.65020751953125 -145.48269653320312 627.4061279296875
vertex 465.1944885253906 -145.033203125 626.9876708984375
vertex 465.5150146484375 -144.8345947265625 627.7354125976562
endloop
endfacet
facet normal 0.7421827197683131 0.4201207021050292 -0.5221718166849748
outer loop
vertex 465.65020751953125 -145.48269653320312 627.4061279296875
vertex 465.5150146484375 -144.8345947265625 627.7354125976562
vertex 466.0198059082031 -145.2541961669922 628.1152954101562
endloop
endfacet
facet normal 0.818583448609243 0.2671907392622118 -0.5084586969612295
outer loop
vertex 465.0950927734375 -144.3773956298828 627.2996215820312
vertex 465.4661865234375 -144.12899780273438 628.027587890625
vertex 465.5150146484375 -144.8345947265625 627.7354125976562
endloop
endfacet
facet normal 0.8397717081177817 0.21123073665689632 -0.5001650269024496
outer loop
vertex 465.0950927734375 -144.3773956298828 627.2996215820312
vertex 465.0830993652344 -143.69540405273438 627.5675048828125
vertex 465.4661865234375 -144.12899780273438 628.027587890625
endloop
endfacet
facet normal 0.8196138074984719 0.13277593516345734 -0.5573183628764868
outer loop
vertex 465.0830993652344 -143.69540405273438 627.5675048828125
vertex 465.5129089355469 -143.42979431152344 628.2628784179688
vertex 465.4661865234375 -144.12899780273438 628.027587890625
endloop
endfacet
facet normal 0.8336557583993004 0.08117208684009702 -0.546286709343831
outer loop
vertex 465.0830993652344 -143.69540405273438 627.5675048828125
vertex 465.1588134765625 -143.0 627.786376953125
vertex 465.5129089355469 -143.42979431152344 628.2628784179688
endloop
endfacet
facet normal 0.38241096126940577 0.802709477283161 -0.45762359180969164
outer loop
vertex 467.2611083984375 -147.01710510253906 627.4827270507812
vertex 468.0295104980469 -147.2877960205078 627.6500244140625
vertex 467.67950439453125 -147.4727020263672 627.033203125
endloop
endfacet
facet normal 0.30232774206228963 0.8522046902473576 -0.4270188547358569
outer loop
vertex 468.4023132324219 -147.72230529785156 627.0468139648438
vertex 467.67950439453125 -147.4727020263672 627.033203125
vertex 468.0295104980469 -147.2877960205078 627.6500244140625
endloop
endfacet
facet normal 0.23313371308667535 0.8516584981960925 -0.4693894697080411
outer loop
vertex 468.4023132324219 -147.72230529785156 627.0468139648438
vertex 468.0295104980469 -147.2877960205078 627.6500244140625
vertex 468.8381042480469 -147.45289611816406 627.7520751953125
endloop
endfacet
facet normal 0.38216734917621337 0.7595469761059908 -0.5263425769514297
outer loop
vertex 467.2611083984375 -147.01710510253906 627.4827270507812
vertex 467.6969909667969 -146.74769592285156 628.18798828125
vertex 468.0295104980469 -147.2877960205078 627.6500244140625
endloop
endfacet
facet normal 0.2332846467125741 0.8095567136250926 -0.5386986179977906
outer loop
vertex 468.0295104980469 -147.2877960205078 627.6500244140625
vertex 468.41070556640625 -147.02090454101562 628.2161865234375
vertex 468.8381042480469 -147.45289611816406 627.7520751953125
endloop
endfacet
facet normal 0.07842037438114195 0.8304375567757363 -0.55156478239484
outer loop
vertex 468.8381042480469 -147.45289611816406 627.7520751953125
vertex 469.2372131347656 -147.13510131835938 628.2872924804688
vertex 469.6672058105469 -147.50840759277344 627.786376953125
endloop
endfacet
facet normal 0.0 0.0 -1.0
outer loop
vertex 455.8783874511719 -154.57020568847656 630.0
vertex 454.9224853515625 -153.32440185546875 630.0
vertex 463.5389099121094 -148.14230346679688 630.0
endloop
endfacet
facet normal 0.0 -0.0 -1.0
outer loop
vertex 455.8783874511719 -154.57020568847656 630.0
vertex 463.5389099121094 -148.14230346679688 630.0
vertex 456.9393005371094 -155.7279052734375 630.0
endloop
endfacet
facet normal 0.0 0.0 -1.0
outer loop
vertex 458.09710693359375 -156.78880310058594 630.0
vertex 456.9393005371094 -155.7279052734375 630.0
vertex 464.52490234375 -149.12840270996094 630.0
endloop
endfacet
facet normal -0.8434053176287986 -0.537277833337153 -0.0
outer loop
vertex 454.9224853515625 -153.32440185546875 630.0
vertex 454.07879638671875 -152.0 635.0
vertex 454.07879638671875 -152.0 630.0
endloop
endfacet
facet normal -0.7933646595272438 -0.6087466772091825 -0.0
outer loop
vertex 455.8783874511719 -154.57020568847656 630.0
vertex 454.9224853515625 -153.32440185546875 635.0
vertex 454.9224853515625 -153.32440185546875 630.0
endloop
endfacet
facet normal -0.8434053176287986 -0.537277833337153 0.0
outer loop
vertex 454.9224853515625 -153.32440185546875 630.0
vertex 454.9224853515625 -153.32440185546875 635.0
vertex 454.07879638671875 -152.0 635.0
endloop
endfacet
facet normal -0.7933646595272438 -0.6087466772091825 0.0
outer loop
vertex 455.8783874511719 -154.57020568847656 630.0
vertex 455.8783874511719 -154.57020568847656 635.0
vertex 454.9224853515625 -153.32440185546875 635.0
endloop
endfacet
facet normal -0.6087513702580304 -0.7933610585407948 0.0
outer loop
vertex 458.09710693359375 -156.78880310058594 630.0
vertex 459.3428955078125 -157.7447052001953 630.0
vertex 458.09710693359375 -156.78880310058594 635.0
endloop
endfacet
facet normal -0.5373526361991052 -0.8433576610014709 0.0
outer loop
vertex 459.3428955078125 -157.7447052001953 630.0
vertex 460.6672058105469 -158.5885009765625 630.0
vertex 459.3428955078125 -157.7447052001953 635.0
endloop
endfacet
facet normal -0.6087513702580304 -0.7933610585407948 0.0
outer loop
vertex 459.3428955078125 -157.7447052001953 630.0
vertex 459.3428955078125 -157.7447052001953 635.0
vertex 458.09710693359375 -156.78880310058594 635.0
endloop
endfacet
facet normal -0.5373526361991052 -0.8433576610014709 0.0
outer loop
vertex 459.3428955078125 -157.7447052001953 635.0
vertex 460.6672058105469 -158.5885009765625 630.0
vertex 460.6672058105469 -158.5885009765625 635.0
endloop
endfacet
facet normal -0.7372529543107927 -0.6756168154804971 0.0
outer loop
vertex 455.8783874511719 -154.57020568847656 630.0
vertex 456.9393005371094 -155.7279052734375 630.0
vertex 455.8783874511719 -154.57020568847656 635.0
endloop
endfacet
facet normal -0.6755776535724889 -0.7372888402746173 -0.0
outer loop
vertex 458.09710693359375 -156.78880310058594 630.0
vertex 456.9393005371094 -155.7279052734375 635.0
vertex 456.9393005371094 -155.7279052734375 630.0
endloop
endfacet
facet normal -0.7372529543107927 -0.6756168154804971 0.0
outer loop
vertex 456.9393005371094 -155.7279052734375 630.0
vertex 456.9393005371094 -155.7279052734375 635.0
vertex 455.8783874511719 -154.57020568847656 635.0
endloop
endfacet
facet normal -0.6755776535724889 -0.7372888402746173 0.0
outer loop
vertex 458.09710693359375 -156.78880310058594 630.0
vertex 458.09710693359375 -156.78880310058594 635.0
vertex 456.9393005371094 -155.7279052734375 635.0
endloop
endfacet
facet normal 0.0 0.0 -1.0
outer loop
vertex 452.7528076171875 -149.15640258789062 630.0
vertex 452.2806091308594 -147.65870666503906 630.0
vertex 462.1496887207031 -145.7362060546875 630.0
endloop
endfacet
facet normal 0.0 0.0 -1.0
outer loop
vertex 452.2806091308594 -147.65870666503906 630.0
vertex 451.9407043457031 -146.12570190429688 630.0
vertex 461.9397888183594 -145.0706024169922 630.0
endloop
endfacet
facet normal 0.0 0.0 -1.0
outer loop
vertex 451.7356872558594 -144.5688018798828 630.0
vertex 451.6672058105469 -143.0 630.0
vertex 461.69769287109375 -143.69720458984375 630.0
endloop
endfacet
facet normal 0.0 0.0 -1.0
outer loop
vertex 451.9407043457031 -146.12570190429688 630.0
vertex 451.7356872558594 -144.5688018798828 630.0
vertex 461.69769287109375 -143.69720458984375 630.0
endloop
endfacet
facet normal 0.0 -0.0 -0.9999999999999999
outer loop
vertex 453.35369873046875 -150.6071014404297 630.0
vertex 462.739013671875 -147.0 630.0
vertex 454.07879638671875 -152.0 630.0
endloop
endfacet
facet normal 0.0 0.0 -1.0
outer loop
vertex 454.9224853515625 -153.32440185546875 630.0
vertex 454.07879638671875 -152.0 630.0
vertex 463.114013671875 -147.58859252929688 630.0
endloop
endfacet
facet normal 0.0 0.0 -1.0
outer loop
vertex 453.35369873046875 -150.6071014404297 630.0
vertex 452.7528076171875 -149.15640258789062 630.0
vertex 462.41680908203125 -146.3809051513672 630.0
endloop
endfacet
facet normal 0.0 0.0 -0.9999999999999999
outer loop
vertex 453.35369873046875 -150.6071014404297 630.0
vertex 462.41680908203125 -146.3809051513672 630.0
vertex 462.739013671875 -147.0 630.0
endloop
endfacet
facet normal 0.0 0.0 -1.0
outer loop
vertex 454.07879638671875 -152.0 630.0
vertex 462.739013671875 -147.0 630.0
vertex 463.114013671875 -147.58859252929688 630.0
endloop
endfacet
facet normal 0.0 0.0 -1.0
outer loop
vertex 454.9224853515625 -153.32440185546875 630.0
vertex 463.114013671875 -147.58859252929688 630.0
vertex 463.5389099121094 -148.14230346679688 630.0
endloop
endfacet
facet normal 0.0 0.0 -0.9999999999999999
outer loop
vertex 461.69769287109375 -143.69720458984375 630.0
vertex 451.6672058105469 -143.0 630.0
vertex 461.6672058105469 -143.0 630.0
endloop
endfacet
facet normal 0.0 0.0 -1.0
outer loop
vertex 452.7528076171875 -149.15640258789062 630.0
vertex 462.1496887207031 -145.7362060546875 630.0
vertex 462.41680908203125 -146.3809051513672 630.0
endloop
endfacet
facet normal 0.0 0.0 -1.0
outer loop
vertex 452.2806091308594 -147.65870666503906 630.0
vertex 461.9397888183594 -145.0706024169922 630.0
vertex 462.1496887207031 -145.7362060546875 630.0
endloop
endfacet
facet normal 0.0 0.0 -1.0
outer loop
vertex 451.9407043457031 -146.12570190429688 630.0
vertex 461.7887878417969 -144.3892059326172 630.0
vertex 461.9397888183594 -145.0706024169922 630.0
endloop
endfacet
facet normal 0.0 0.0 -1.0
outer loop
vertex 451.9407043457031 -146.12570190429688 630.0
vertex 461.69769287109375 -143.69720458984375 630.0
vertex 461.7887878417969 -144.3892059326172 630.0
endloop
endfacet
facet normal -0.8870106867588944 -0.46174889450383594 0.0
outer loop
vertex 453.35369873046875 -150.6071014404297 630.0
vertex 454.07879638671875 -152.0 630.0
vertex 453.35369873046875 -150.6071014404297 635.0
endloop
endfacet
facet normal -0.9537211919719945 -0.30069234773023074 -0.0
outer loop
vertex 452.7528076171875 -149.15640258789062 630.0
vertex 452.2806091308594 -147.65870666503906 635.0
vertex 452.2806091308594 -147.65870666503906 630.0
endloop
endfacet
facet normal -0.9238813397273055 -0.38267906933052803 -0.0
outer loop
vertex 453.35369873046875 -150.6071014404297 630.0
vertex 452.7528076171875 -149.15640258789062 635.0
vertex 452.7528076171875 -149.15640258789062 630.0
endloop
endfacet
facet normal -0.8870106867588944 -0.46174889450383594 0.0
outer loop
vertex 454.07879638671875 -152.0 630.0
vertex 454.07879638671875 -152.0 635.0
vertex 453.35369873046875 -150.6071014404297 635.0
endloop
endfacet
facet normal -0.9238813397273055 -0.38267906933052803 0.0
outer loop
vertex 453.35369873046875 -150.6071014404297 630.0
vertex 453.35369873046875 -150.6071014404297 635.0
vertex 452.7528076171875 -149.15640258789062 635.0
endloop
endfacet
facet normal -0.9537211919719945 -0.30069234773023074 0.0
outer loop
vertex 452.7528076171875 -149.15640258789062 630.0
vertex 452.7528076171875 -149.15640258789062 635.0
vertex 452.2806091308594 -147.65870666503906 635.0
endloop
endfacet
facet normal -0.976289841742457 -0.2164674222844812 -0.0
outer loop
vertex 452.2806091308594 -147.65870666503906 630.0
vertex 451.9407043457031 -146.12570190429688 635.0
vertex 451.9407043457031 -146.12570190429688 630.0
endloop
endfacet
facet normal -0.99144096192371 -0.13055580806608613 -0.0
outer loop
vertex 451.9407043457031 -146.12570190429688 630.0
vertex 451.7356872558594 -144.5688018798828 635.0
vertex 451.7356872558594 -144.5688018798828 630.0
endloop
endfacet
facet normal -0.9990486079528197 -0.04361053711585359 -0.0
outer loop
vertex 451.7356872558594 -144.5688018798828 630.0
vertex 451.6672058105469 -143.0 635.0
vertex 451.6672058105469 -143.0 630.0
endloop
endfacet
facet normal -0.976289841742457 -0.2164674222844812 0.0
outer loop
vertex 452.2806091308594 -147.65870666503906 630.0
vertex 452.2806091308594 -147.65870666503906 635.0
vertex 451.9407043457031 -146.12570190429688 635.0
endloop
endfacet
facet normal -0.99144096192371 -0.13055580806608613 0.0
outer loop
vertex 451.9407043457031 -146.12570190429688 630.0
vertex 451.9407043457031 -146.12570190429688 635.0
vertex 451.7356872558594 -144.5688018798828 635.0
endloop
endfacet
facet normal -0.9990486079528197 -0.04361053711585359 0.0
outer loop
vertex 451.7356872558594 -144.5688018798828 630.0
vertex 451.7356872558594 -144.5688018798828 635.0
vertex 451.6672058105469 -143.0 635.0
endloop
endfacet
facet normal 0.0 -0.0 1.0
outer loop
vertex 455.8783874511719 -154.57020568847656 635.0
vertex 469.6672058105469 -143.0 635.0
vertex 454.9224853515625 -153.32440185546875 635.0
endloop
endfacet
facet normal 0.0 -0.0 1.0
outer loop
vertex 453.35369873046875 -150.6071014404297 635.0
vertex 469.6672058105469 -143.0 635.0
vertex 452.7528076171875 -149.15640258789062 635.0
endloop
endfacet
facet normal -0.0 0.0 1.0
outer loop
vertex 453.35369873046875 -150.6071014404297 635.0
vertex 454.07879638671875 -152.0 635.0
vertex 469.6672058105469 -143.0 635.0
endloop
endfacet
facet normal 0.0 -0.0 1.0
outer loop
vertex 454.9224853515625 -153.32440185546875 635.0
vertex 469.6672058105469 -143.0 635.0
vertex 454.07879638671875 -152.0 635.0
endloop
endfacet
facet normal 0.0 -0.0 1.0
outer loop
vertex 452.7528076171875 -149.15640258789062 635.0
vertex 469.6672058105469 -143.0 635.0
vertex 452.2806091308594 -147.65870666503906 635.0
endloop
endfacet
facet normal 0.0 -0.0 0.9999999999999999
outer loop
vertex 452.2806091308594 -147.65870666503906 635.0
vertex 469.6672058105469 -143.0 635.0
vertex 451.9407043457031 -146.12570190429688 635.0
endloop
endfacet
facet normal 0.0 -0.0 0.9999999999999999
outer loop
vertex 451.9407043457031 -146.12570190429688 635.0
vertex 469.6672058105469 -143.0 635.0
vertex 451.7356872558594 -144.5688018798828 635.0
endloop
endfacet
facet normal 0.0 -0.0 0.9999999999999999
outer loop
vertex 451.7356872558594 -144.5688018798828 635.0
vertex 469.6672058105469 -143.0 635.0
vertex 451.6672058105469 -143.0 635.0
endloop
endfacet
facet normal 0.0 -0.0 -1.0
outer loop
vertex 458.09710693359375 -156.78880310058594 630.0
vertex 465.07861328125 -149.55320739746094 630.0
vertex 459.3428955078125 -157.7447052001953 630.0
endloop
endfacet
facet normal 0.0 -0.0 -1.0
outer loop
vertex 459.3428955078125 -157.7447052001953 630.0
vertex 465.07861328125 -149.55320739746094 630.0
vertex 460.6672058105469 -158.5885009765625 630.0
endloop
endfacet
facet normal 0.0 0.0 -1.0
outer loop
vertex 462.0600891113281 -159.31350708007812 630.0
vertex 460.6672058105469 -158.5885009765625 630.0
vertex 466.2862854003906 -150.25050354003906 630.0
endloop
endfacet
facet normal 0.0 -0.0 -1.0
outer loop
vertex 462.0600891113281 -159.31350708007812 630.0
vertex 466.2862854003906 -150.25050354003906 630.0
vertex 463.5108947753906 -159.9145050048828 630.0
endloop
endfacet
facet normal 0.0 0.0 -1.0
outer loop
vertex 460.6672058105469 -158.5885009765625 630.0
vertex 465.07861328125 -149.55320739746094 630.0
vertex 465.6672058105469 -149.92820739746094 630.0
endloop
endfacet
facet normal 0.0 0.0 -0.9999999999999999
outer loop
vertex 460.6672058105469 -158.5885009765625 630.0
vertex 465.6672058105469 -149.92820739746094 630.0
vertex 466.2862854003906 -150.25050354003906 630.0
endloop
endfacet
facet normal 0.0 -0.0 -0.9999999999999999
outer loop
vertex 463.5108947753906 -159.9145050048828 630.0
vertex 467.5967102050781 -150.72740173339844 630.0
vertex 465.0085144042969 -160.38670349121094 630.0
endloop
endfacet
facet normal 0.0 -0.0 -0.9999999999999999
outer loop
vertex 465.0085144042969 -160.38670349121094 630.0
vertex 468.2781066894531 -150.8784942626953 630.0
vertex 466.5415954589844 -160.72650146484375 630.0
endloop
endfacet
facet normal 0.0 -0.0 -1.0
outer loop
vertex 466.5415954589844 -160.72650146484375 630.0
vertex 468.9700012207031 -150.9696044921875 630.0
vertex 468.098388671875 -160.93150329589844 630.0
endloop
endfacet
facet normal 0.0 0.0 -1.0
outer loop
vertex 468.098388671875 -160.93150329589844 630.0
vertex 469.6672058105469 -151.0 630.0
vertex 469.6672058105469 -161.0 630.0
endloop
endfacet
facet normal 0.0 0.0 -1.0
outer loop
vertex 463.5108947753906 -159.9145050048828 630.0
vertex 466.2862854003906 -150.25050354003906 630.0
vertex 466.93109130859375 -150.5175018310547 630.0
endloop
endfacet
facet normal 0.0 0.0 -0.9999999999999999
outer loop
vertex 463.5108947753906 -159.9145050048828 630.0
vertex 466.93109130859375 -150.5175018310547 630.0
vertex 467.5967102050781 -150.72740173339844 630.0
endloop
endfacet
facet normal 0.0 0.0 -1.0
outer loop
vertex 465.0085144042969 -160.38670349121094 630.0
vertex 467.5967102050781 -150.72740173339844 630.0
vertex 468.2781066894531 -150.8784942626953 630.0
endloop
endfacet
facet normal 0.0 0.0 -1.0
outer loop
vertex 468.098388671875 -160.93150329589844 630.0
vertex 468.9700012207031 -150.9696044921875 630.0
vertex 469.6672058105469 -151.0 630.0
endloop
endfacet
facet normal 0.0 0.0 -1.0
outer loop
vertex 466.5415954589844 -160.72650146484375 630.0
vertex 468.2781066894531 -150.8784942626953 630.0
vertex 468.9700012207031 -150.9696044921875 630.0
endloop
endfacet
facet normal -0.46170700130768916 -0.8870324937359746 -0.0
outer loop
vertex 462.0600891113281 -159.31350708007812 630.0
vertex 460.6672058105469 -158.5885009765625 635.0
vertex 460.6672058105469 -158.5885009765625 630.0
endloop
endfacet
facet normal -0.3827130781012722 -0.9238672522880382 0.0
outer loop
vertex 462.0600891113281 -159.31350708007812 630.0
vertex 463.5108947753906 -159.9145050048828 630.0
vertex 462.0600891113281 -159.31350708007812 635.0
endloop
endfacet
facet normal -0.3007062809276671 -0.9537167989558804 0.0
outer loop
vertex 463.5108947753906 -159.9145050048828 630.0
vertex 465.0085144042969 -160.38670349121094 630.0
vertex 463.5108947753906 -159.9145050048828 635.0
endloop
endfacet
facet normal -0.46170700130768916 -0.8870324937359746 0.0
outer loop
vertex 462.0600891113281 -159.31350708007812 630.0
vertex 462.0600891113281 -159.31350708007812 635.0
vertex 460.6672058105469 -158.5885009765625 635.0
endloop
endfacet
facet normal -0.3827130781012722 -0.9238672522880382 0.0
outer loop
vertex 463.5108947753906 -159.9145050048828 630.0
vertex 463.5108947753906 -159.9145050048828 635.0
vertex 462.0600891113281 -159.31350708007812 635.0
endloop
endfacet
facet normal -0.3007062809276671 -0.9537167989558804 0.0
outer loop
vertex 465.0085144042969 -160.38670349121094 630.0
vertex 465.0085144042969 -160.38670349121094 635.0
vertex 463.5108947753906 -159.9145050048828 635.0
endloop
endfacet
facet normal -0.0 0.0 1.0
outer loop
vertex 458.09710693359375 -156.78880310058594 635.0
vertex 459.3428955078125 -157.7447052001953 635.0
vertex 469.6672058105469 -143.0 635.0
endloop
endfacet
facet normal -0.0 0.0 0.9999999999999999
outer loop
vertex 459.3428955078125 -157.7447052001953 635.0
vertex 460.6672058105469 -158.5885009765625 635.0
vertex 469.6672058105469 -143.0 635.0
endloop
endfacet
facet normal 0.0 -0.0 1.0
outer loop
vertex 462.0600891113281 -159.31350708007812 635.0
vertex 469.6672058105469 -143.0 635.0
vertex 460.6672058105469 -158.5885009765625 635.0
endloop
endfacet
facet normal -0.0 0.0 1.0
outer loop
vertex 462.0600891113281 -159.31350708007812 635.0
vertex 463.5108947753906 -159.9145050048828 635.0
vertex 469.6672058105469 -143.0 635.0
endloop
endfacet
facet normal -0.2163923206362544 -0.9763064905907654 0.0
outer loop
vertex 465.0085144042969 -160.38670349121094 630.0
vertex 466.5415954589844 -160.72650146484375 630.0
vertex 465.0085144042969 -160.38670349121094 635.0
endloop
endfacet
facet normal -0.1305550609184386 -0.9914410603099827 0.0
outer loop
vertex 466.5415954589844 -160.72650146484375 630.0
vertex 468.098388671875 -160.93150329589844 630.0
vertex 466.5415954589844 -160.72650146484375 635.0
endloop
endfacet
facet normal -0.04361981231537443 -0.9990482030280478 0.0
outer loop
vertex 468.098388671875 -160.93150329589844 630.0
vertex 469.6672058105469 -161.0 630.0
vertex 468.098388671875 -160.93150329589844 635.0
endloop
endfacet
facet normal -0.2163923206362544 -0.9763064905907654 0.0
outer loop
vertex 466.5415954589844 -160.72650146484375 630.0
vertex 466.5415954589844 -160.72650146484375 635.0
vertex 465.0085144042969 -160.38670349121094 635.0
endloop
endfacet
facet normal -0.1305550609184386 -0.9914410603099827 0.0
outer loop
vertex 468.098388671875 -160.93150329589844 630.0
vertex 468.098388671875 -160.93150329589844 635.0
vertex 466.5415954589844 -160.72650146484375 635.0
endloop
endfacet
facet normal -0.04361981231537443 -0.9990482030280478 0.0
outer loop
vertex 469.6672058105469 -161.0 630.0
vertex 469.6672058105469 -161.0 635.0
vertex 468.098388671875 -160.93150329589844 635.0
endloop
endfacet
facet normal -0.0 0.0 0.9999999999999999
outer loop
vertex 463.5108947753906 -159.9145050048828 635.0
vertex 465.0085144042969 -160.38670349121094 635.0
vertex 469.6672058105469 -143.0 635.0
endloop
endfacet
facet normal -0.0 0.0 1.0
outer loop
vertex 465.0085144042969 -160.38670349121094 635.0
vertex 466.5415954589844 -160.72650146484375 635.0
vertex 469.6672058105469 -143.0 635.0
endloop
endfacet
facet normal -0.0 0.0 1.0
outer loop
vertex 466.5415954589844 -160.72650146484375 635.0
vertex 468.098388671875 -160.93150329589844 635.0
vertex 469.6672058105469 -143.0 635.0
endloop
endfacet
facet normal -0.0 0.0 1.0
outer loop
vertex 468.098388671875 -160.93150329589844 635.0
vertex 469.6672058105469 -161.0 635.0
vertex 469.6672058105469 -143.0 635.0
endloop
endfacet
facet normal 0.0 0.0 -0.9999999999999999
outer loop
vertex 456.9393005371094 -155.7279052734375 630.0
vertex 463.5389099121094 -148.14230346679688 630.0
vertex 464.0104064941406 -148.6569061279297 630.0
endloop
endfacet
facet normal 0.0 0.0 -1.0
outer loop
vertex 456.9393005371094 -155.7279052734375 630.0
vertex 464.0104064941406 -148.6569061279297 630.0
vertex 464.52490234375 -149.12840270996094 630.0
endloop
endfacet
facet normal 0.0 0.0 -0.9999999999999999
outer loop
vertex 458.09710693359375 -156.78880310058594 630.0
vertex 464.52490234375 -149.12840270996094 630.0
vertex 465.07861328125 -149.55320739746094 630.0
endloop
endfacet
facet normal -0.9990453187911101 -0.043685821302298825 -4.3258465298612104e-06
outer loop
vertex 461.6890869140625 -143.5 626.0
vertex 461.69769287109375 -143.69720458984375 630.0
vertex 461.6672058105469 -143.0 630.0
endloop
endfacet
facet normal -0.043554881892748365 -0.9990510358651898 0.0
outer loop
vertex 468.9700012207031 -150.9696044921875 630.0
vertex 469.6672058105469 -151.0 626.0
vertex 469.6672058105469 -151.0 630.0
endloop
endfacet
facet normal 0.4405509198122027 0.6486751565221632 -0.6205928039895157
outer loop
vertex 466.9464111328125 -146.42689514160156 627.990478515625
vertex 467.4129943847656 -146.11529541015625 628.6473999023438
vertex 467.6969909667969 -146.74769592285156 628.18798828125
endloop
endfacet
facet normal 0.5773429383798343 0.5774130290992846 -0.5772948339707604
outer loop
vertex 466.2403869628906 -145.99049377441406 627.7208862304688
vertex 466.67669677734375 -145.7209014892578 628.4268798828125
vertex 466.9464111328125 -146.42689514160156 627.990478515625
endloop
endfacet
facet normal 0.6354756496549417 0.5038007136707804 -0.5851115616704581
outer loop
vertex 466.2403869628906 -145.99049377441406 627.7208862304688
vertex 466.0198059082031 -145.2541961669922 628.1152954101562
vertex 466.67669677734375 -145.7209014892578 628.4268798828125
endloop
endfacet
facet normal 0.6206345707279173 0.4404610301858291 -0.648696239009455
outer loop
vertex 466.0198059082031 -145.2541961669922 628.1152954101562
vertex 466.47930908203125 -144.97030639648438 628.7476806640625
vertex 466.67669677734375 -145.7209014892578 628.4268798828125
endloop
endfacet
facet normal 0.5037714515668407 0.5852216020639469 -0.635397514209763
outer loop
vertex 466.9464111328125 -146.42689514160156 627.990478515625
vertex 466.67669677734375 -145.7209014892578 628.4268798828125
vertex 467.4129943847656 -146.11529541015625 628.6473999023438
endloop
endfacet
facet normal 0.546522959496599 0.4465195285249906 -0.7084722756670857
outer loop
vertex 466.67669677734375 -145.7209014892578 628.4268798828125
vertex 466.47930908203125 -144.97030639648438 628.7476806640625
vertex 467.1846008300781 -145.40609741210938 629.01708984375
endloop
endfacet
facet normal 0.4888866148157908 0.5218429925467171 -0.6990491892448225
outer loop
vertex 466.67669677734375 -145.7209014892578 628.4268798828125
vertex 467.1846008300781 -145.40609741210938 629.01708984375
vertex 467.4129943847656 -146.11529541015625 628.6473999023438
endloop
endfacet
facet normal 0.7591933340027259 0.2931619164613144 -0.5811037535092635
outer loop
vertex 465.5150146484375 -144.8345947265625 627.7354125976562
vertex 465.4661865234375 -144.12899780273438 628.027587890625
vertex 465.94500732421875 -144.5688018798828 628.4312744140625
endloop
endfacet
facet normal 0.7313435575497483 0.34974183773229456 -0.5855059758620021
outer loop
vertex 465.5150146484375 -144.8345947265625 627.7354125976562
vertex 465.94500732421875 -144.5688018798828 628.4312744140625
vertex 466.0198059082031 -145.2541961669922 628.1152954101562
endloop
endfacet
facet normal 0.6637019648556388 0.37168479758499545 -0.6491148689492218
outer loop
vertex 466.0198059082031 -145.2541961669922 628.1152954101562
vertex 465.94500732421875 -144.5688018798828 628.4312744140625
vertex 466.47930908203125 -144.97030639648438 628.7476806640625
endloop
endfacet
facet normal 0.7381051544303636 0.2173074418742437 -0.638731756459158
outer loop
vertex 465.4661865234375 -144.12899780273438 628.027587890625
vertex 465.9464111328125 -143.85130310058594 628.677001953125
vertex 465.94500732421875 -144.5688018798828 628.4312744140625
endloop
endfacet
facet normal 0.6415830866548172 0.2961922767321084 -0.7075600879944596
outer loop
vertex 465.94500732421875 -144.5688018798828 628.4312744140625
vertex 466.45111083984375 -144.25660705566406 629.0208740234375
vertex 466.47930908203125 -144.97030639648438 628.7476806640625
endloop
endfacet
facet normal 0.6705521315716362 0.2391913302397569 -0.7022445061250894
outer loop
vertex 465.94500732421875 -144.5688018798828 628.4312744140625
vertex 465.9464111328125 -143.85130310058594 628.677001953125
vertex 466.45111083984375 -144.25660705566406 629.0208740234375
endloop
endfacet
facet normal 0.7592442015423103 0.16142574068641097 -0.6304680584044076
outer loop
vertex 465.4661865234375 -144.12899780273438 628.027587890625
vertex 465.5129089355469 -143.42979431152344 628.2628784179688
vertex 465.9464111328125 -143.85130310058594 628.677001953125
endloop
endfacet
facet normal 0.7283502044479279 0.08054155841336089 -0.6804550220617152
outer loop
vertex 465.5129089355469 -143.42979431152344 628.2628784179688
vertex 465.8974914550781 -143.0 628.7254028320312
vertex 465.9464111328125 -143.85130310058594 628.677001953125
endloop
endfacet
facet normal 0.6858586691506039 0.0805337659822755 -0.7232649573203962
outer loop
vertex 465.9464111328125 -143.85130310058594 628.677001953125
vertex 465.8974914550781 -143.0 628.7254028320312
vertex 466.3800048828125 -143.4300994873047 629.1350708007812
endloop
endfacet
facet normal 0.6398956858590865 0.15893248832228868 -0.7518470425389826
outer loop
vertex 465.9464111328125 -143.85130310058594 628.677001953125
vertex 466.3800048828125 -143.4300994873047 629.1350708007812
vertex 466.45111083984375 -144.25660705566406 629.0208740234375
endloop
endfacet
facet normal 0.5693665608634532 0.3134110170166894 -0.7599968774824594
outer loop
vertex 466.47930908203125 -144.97030639648438 628.7476806640625
vertex 466.45111083984375 -144.25660705566406 629.0208740234375
vertex 467.0172119140625 -144.63780212402344 629.2877807617188
endloop
endfacet
facet normal 0.5387395226146134 0.2332359726586115 -0.8095435181822963
outer loop
vertex 466.45111083984375 -144.25660705566406 629.0208740234375
vertex 466.9151916503906 -143.8291015625 629.452880859375
vertex 467.0172119140625 -144.63780212402344 629.2877807617188
endloop
endfacet
facet normal 0.5263186435673007 0.38226628758730213 -0.7595137726254205
outer loop
vertex 467.1846008300781 -145.40609741210938 629.01708984375
vertex 466.47930908203125 -144.97030639648438 628.7476806640625
vertex 467.0172119140625 -144.63780212402344 629.2877807617188
endloop
endfacet
facet normal 0.4575955616180436 0.38250276886615153 -0.802681713879913
outer loop
vertex 467.1846008300781 -145.40609741210938 629.01708984375
vertex 467.0172119140625 -144.63780212402344 629.2877807617188
vertex 467.63409423828125 -144.98770141601562 629.4727172851562
endloop
endfacet
facet normal 0.46936546292054093 0.23308746500153374 -0.8516843874796256
outer loop
vertex 467.0172119140625 -144.63780212402344 629.2877807617188
vertex 466.9151916503906 -143.8291015625 629.452880859375
vertex 467.6205139160156 -144.26499938964844 629.7222900390625
endloop
endfacet
facet normal 0.5895188992414583 0.16010869924822763 -0.7917276500553583
outer loop
vertex 466.45111083984375 -144.25660705566406 629.0208740234375
vertex 466.3800048828125 -143.4300994873047 629.1350708007812
vertex 466.9151916503906 -143.8291015625 629.452880859375
endloop
endfacet
facet normal 0.551608044557573 0.078450614615602 -0.8304059647219577
outer loop
vertex 466.3800048828125 -143.4300994873047 629.1350708007812
vertex 466.8808898925781 -143.0 629.5084228515625
vertex 466.9151916503906 -143.8291015625 629.452880859375
endloop
endfacet
facet normal 0.43788166494600156 0.16197221799058728 -0.8843215750524961
outer loop
vertex 466.9151916503906 -143.8291015625 629.452880859375
vertex 467.5492858886719 -143.43629455566406 629.8388061523438
vertex 467.6205139160156 -144.26499938964844 629.7222900390625
endloop
endfacet
facet normal 0.4824124284299975 0.07840294346609823 -0.8724283508415602
outer loop
vertex 466.9151916503906 -143.8291015625 629.452880859375
vertex 466.8808898925781 -143.0 629.5084228515625
vertex 467.5492858886719 -143.43629455566406 629.8388061523438
endloop
endfacet
facet normal 0.31343069493232656 0.760028866373955 -0.5693130261574555
outer loop
vertex 468.0295104980469 -147.2877960205078 627.6500244140625
vertex 467.6969909667969 -146.74769592285156 628.18798828125
vertex 468.41070556640625 -147.02090454101562 628.2161865234375
endloop
endfacet
facet normal 0.2962002238594009 0.7075580164744376 -0.6415817022861552
outer loop
vertex 467.6969909667969 -146.74769592285156 628.18798828125
vertex 468.098388671875 -146.43130493164062 628.7222290039062
vertex 468.41070556640625 -147.02090454101562 628.2161865234375
endloop
endfacet
facet normal 0.3717307031886903 0.6490873730714444 -0.6637031463132094
outer loop
vertex 467.4129943847656 -146.11529541015625 628.6473999023438
vertex 468.098388671875 -146.43130493164062 628.7222290039062
vertex 467.6969909667969 -146.74769592285156 628.18798828125
endloop
endfacet
facet normal 0.23911397918247224 0.7022249200092102 -0.6706002286590592
outer loop
vertex 468.41070556640625 -147.02090454101562 628.2161865234375
vertex 468.098388671875 -146.43130493164062 628.7222290039062
vertex 468.8160095214844 -146.677001953125 628.7208251953125
endloop
endfacet
facet normal 0.34980308482275196 0.585521529602482 -0.7313018119904097
outer loop
vertex 467.4129943847656 -146.11529541015625 628.6473999023438
vertex 467.8326110839844 -145.7353973388672 629.1522827148438
vertex 468.098388671875 -146.43130493164062 628.7222290039062
endloop
endfacet
facet normal 0.1601089726810005 0.7917400184036922 -0.5895022138424548
outer loop
vertex 468.8381042480469 -147.45289611816406 627.7520751953125
vertex 468.41070556640625 -147.02090454101562 628.2161865234375
vertex 469.2372131347656 -147.13510131835938 628.2872924804688
endloop
endfacet
facet normal 0.15893013298137498 0.7517821909799509 -0.6399724604667821
outer loop
vertex 468.41070556640625 -147.02090454101562 628.2161865234375
vertex 468.8160095214844 -146.677001953125 628.7208251953125
vertex 469.2372131347656 -147.13510131835938 628.2872924804688
endloop
endfacet
facet normal 0.08056843817267022 0.7232091304248098 -0.6859134642508536
outer loop
vertex 469.2372131347656 -147.13510131835938 628.2872924804688
vertex 468.8160095214844 -146.677001953125 628.7208251953125
vertex 469.6672058105469 -146.72540283203125 628.769775390625
endloop
endfacet
facet normal 0.21723622592590028 0.6387112742939611 -0.7381438411551339
outer loop
vertex 468.098388671875 -146.43130493164062 628.7222290039062
vertex 468.5382080078125 -146.02760314941406 629.2009887695312
vertex 468.8160095214844 -146.677001953125 628.7208251953125
endloop
endfacet
facet normal 0.4201875916335192 0.5221805007572555 -0.7421387420598152
outer loop
vertex 467.4129943847656 -146.11529541015625 628.6473999023438
vertex 467.1846008300781 -145.40609741210938 629.01708984375
vertex 467.8326110839844 -145.7353973388672 629.1522827148438
endloop
endfacet
facet normal 0.39516399614177816 0.4484908770445943 -0.8016865655360775
outer loop
vertex 467.1846008300781 -145.40609741210938 629.01708984375
vertex 467.63409423828125 -144.98770141601562 629.4727172851562
vertex 467.8326110839844 -145.7353973388672 629.1522827148438
endloop
endfacet
facet normal 0.2930602216172149 0.5811087480555234 -0.7592287727944793
outer loop
vertex 468.098388671875 -146.43130493164062 628.7222290039062
vertex 467.8326110839844 -145.7353973388672 629.1522827148438
vertex 468.5382080078125 -146.02760314941406 629.2009887695312
endloop
endfacet
facet normal 0.26706326716608697 0.5084298289499307 -0.8186429749069613
outer loop
vertex 467.8326110839844 -145.7353973388672 629.1522827148438
vertex 468.289794921875 -145.2996063232422 629.5720825195312
vertex 468.5382080078125 -146.02760314941406 629.2009887695312
endloop
endfacet
facet normal 0.3374160170627724 0.4450752621183978 -0.8294928827179496
outer loop
vertex 467.8326110839844 -145.7353973388672 629.1522827148438
vertex 467.63409423828125 -144.98770141601562 629.4727172851562
vertex 468.289794921875 -145.2996063232422 629.5720825195312
endloop
endfacet
facet normal 0.08057778676124715 0.6805313328306866 -0.7282748968050103
outer loop
vertex 468.8160095214844 -146.677001953125 628.7208251953125
vertex 469.23748779296875 -146.2628936767578 629.1544189453125
vertex 469.6672058105469 -146.72540283203125 628.769775390625
endloop
endfacet
facet normal 0.16157873321884644 0.6304751152994307 -0.7592057968427022
outer loop
vertex 468.8160095214844 -146.677001953125 628.7208251953125
vertex 468.5382080078125 -146.02760314941406 629.2009887695312
vertex 469.23748779296875 -146.2628936767578 629.1544189453125
endloop
endfacet
facet normal 0.13290906891273008 0.5572328039683618 -0.819650402050965
outer loop
vertex 468.5382080078125 -146.02760314941406 629.2009887695312
vertex 468.9718933105469 -145.5675048828125 629.5841064453125
vertex 469.23748779296875 -146.2628936767578 629.1544189453125
endloop
endfacet
facet normal 0.21124223782373372 0.50015421861931 -0.839775252407767
outer loop
vertex 468.5382080078125 -146.02760314941406 629.2009887695312
vertex 468.289794921875 -145.2996063232422 629.5720825195312
vertex 468.9718933105469 -145.5675048828125 629.5841064453125
endloop
endfacet
facet normal 0.18034970778614756 0.4192544207610212 -0.8897750915674093
outer loop
vertex 468.289794921875 -145.2996063232422 629.5720825195312
vertex 468.9695129394531 -144.8986053466797 629.8988037109375
vertex 468.9718933105469 -145.5675048828125 629.5841064453125
endloop
endfacet
facet normal 0.08120232774794377 0.5461796663203223 -0.8337229480268232
outer loop
vertex 469.23748779296875 -146.2628936767578 629.1544189453125
vertex 468.9718933105469 -145.5675048828125 629.5841064453125
vertex 469.6672058105469 -145.78640747070312 629.5084228515625
endloop
endfacet
facet normal 0.050194792991485 0.46502735126415845 -0.8838721883466993
outer loop
vertex 468.9718933105469 -145.5675048828125 629.5841064453125
vertex 469.6672058105469 -145.13780212402344 629.8496704101562
vertex 469.6672058105469 -145.78640747070312 629.5084228515625
endloop
endfacet
facet normal 0.42697248537230187 0.3023257967482556 -0.8522286133165983
outer loop
vertex 467.0172119140625 -144.63780212402344 629.2877807617188
vertex 467.6205139160156 -144.26499938964844 629.7222900390625
vertex 467.63409423828125 -144.98770141601562 629.4727172851562
endloop
endfacet
facet normal 0.34324458311506684 0.31234257469292864 -0.8857907609567601
outer loop
vertex 467.63409423828125 -144.98770141601562 629.4727172851562
vertex 467.6205139160156 -144.26499938964844 629.7222900390625
vertex 468.2676086425781 -144.59669494628906 629.8560791015625
endloop
endfacet
facet normal 0.3067702229407156 0.36485458009498284 -0.8790751763646938
outer loop
vertex 468.289794921875 -145.2996063232422 629.5720825195312
vertex 467.63409423828125 -144.98770141601562 629.4727172851562
vertex 468.2676086425781 -144.59669494628906 629.8560791015625
endloop
endfacet
facet normal 0.21484691551129195 0.37168293027134774 -0.9031570197037656
outer loop
vertex 468.289794921875 -145.2996063232422 629.5720825195312
vertex 468.2676086425781 -144.59669494628906 629.8560791015625
vertex 468.9695129394531 -144.8986053466797 629.8988037109375
endloop
endfacet
facet normal 0.30822008573877946 0.22885370300637664 -0.9233776916124024
outer loop
vertex 467.6205139160156 -144.26499938964844 629.7222900390625
vertex 468.27410888671875 -143.86099243164062 630.0405883789062
vertex 468.2676086425781 -144.59669494628906 629.8560791015625
endloop
endfacet
facet normal 0.21624788388113506 0.23570588438449097 -0.9474595446685078
outer loop
vertex 468.2676086425781 -144.59669494628906 629.8560791015625
vertex 468.27410888671875 -143.86099243164062 630.0405883789062
vertex 468.9634094238281 -144.16659545898438 630.1218872070312
endloop
endfacet
facet normal 0.35057052360418467 0.159876291988475 -0.9227891846136385
outer loop
vertex 467.6205139160156 -144.26499938964844 629.7222900390625
vertex 467.5492858886719 -143.43629455566406 629.8388061523438
vertex 468.27410888671875 -143.86099243164062 630.0405883789062
endloop
endfacet
facet normal 0.31133155997773687 0.08149992045333776 -0.9468000964976336
outer loop
vertex 467.5492858886719 -143.43629455566406 629.8388061523438
vertex 468.25531005859375 -143.0 630.1085205078125
vertex 468.27410888671875 -143.86099243164062 630.0405883789062
endloop
endfacet
facet normal 0.2236676034770505 0.08151502886356637 -0.9712507931652898
outer loop
vertex 468.27410888671875 -143.86099243164062 630.0405883789062
vertex 468.25531005859375 -143.0 630.1085205078125
vertex 468.9620056152344 -143.43589782714844 630.2346801757812
endloop
endfacet
facet normal 0.18114729595072504 0.2880767172157604 -0.9403177453222561
outer loop
vertex 468.2676086425781 -144.59669494628906 629.8560791015625
vertex 468.9634094238281 -144.16659545898438 630.1218872070312
vertex 468.9695129394531 -144.8986053466797 629.8988037109375
endloop
endfacet
facet normal 0.08204027028107871 0.4245135229182238 -0.9016971015323084
outer loop
vertex 468.9718933105469 -145.5675048828125 629.5841064453125
vertex 468.9695129394531 -144.8986053466797 629.8988037109375
vertex 469.6672058105469 -145.13780212402344 629.8496704101562
endloop
endfacet
facet normal 0.0499987750341971 0.3388236659312056 -0.9395204339981216
outer loop
vertex 468.9695129394531 -144.8986053466797 629.8988037109375
vertex 469.6672058105469 -144.44830322265625 630.0983276367188
vertex 469.6672058105469 -145.13780212402344 629.8496704101562
endloop
endfacet
facet normal 0.08462579688740982 0.29111770175322504 -0.9529370169256156
outer loop
vertex 468.9695129394531 -144.8986053466797 629.8988037109375
vertex 468.9634094238281 -144.16659545898438 630.1218872070312
vertex 469.6672058105469 -144.44830322265625 630.0983276367188
endloop
endfacet
facet normal 0.18129199137522028 0.15036874874143452 -0.9718654501859517
outer loop
vertex 468.27410888671875 -143.86099243164062 630.0405883789062
vertex 468.9620056152344 -143.43589782714844 630.2346801757812
vertex 468.9634094238281 -144.16659545898438 630.1218872070312
endloop
endfacet
facet normal 0.04964647285503974 0.20576901510548046 -0.977340442300212
outer loop
vertex 468.9634094238281 -144.16659545898438 630.1218872070312
vertex 469.6672058105469 -143.73109436035156 630.2493286132812
vertex 469.6672058105469 -144.44830322265625 630.0983276367188
endloop
endfacet
facet normal 0.08415523144420069 0.15217327727627133 -0.9847645356650351
outer loop
vertex 468.9634094238281 -144.16659545898438 630.1218872070312
vertex 468.9620056152344 -143.43589782714844 630.2346801757812
vertex 469.6672058105469 -143.73109436035156 630.2493286132812
endloop
endfacet
facet normal 0.0495975512471009 0.06904142993079232 -0.996380130203028
outer loop
vertex 468.9620056152344 -143.43589782714844 630.2346801757812
vertex 469.6672058105469 -143.0 630.2999877929688
vertex 469.6672058105469 -143.73109436035156 630.2493286132812
endloop
endfacet
facet normal -0.0 0.0 1.0
outer loop
vertex 455.8783874511719 -154.57020568847656 635.0
vertex 456.9393005371094 -155.7279052734375 635.0
vertex 469.6672058105469 -143.0 635.0
endloop
endfacet
facet normal 0.0 -0.0 1.0
outer loop
vertex 458.09710693359375 -156.78880310058594 635.0
vertex 469.6672058105469 -143.0 635.0
vertex 456.9393005371094 -155.7279052734375 635.0
endloop
endfacet
facet normal 0.0 0.0 -1.0
outer loop
vertex 461.6890869140625 -142.5 621.0
vertex 461.69769287109375 -142.30279541015625 621.0
vertex 465.087890625 -142.1925048828125 621.0
endloop
endfacet
facet normal 0.0 0.0 -1.0
outer loop
vertex 461.69769287109375 -142.30279541015625 621.0
vertex 461.7887878417969 -141.6107940673828 621.0
vertex 465.087890625 -142.1925048828125 621.0
endloop
endfacet
facet normal -0.999049144456386 0.04359824492985157 0.0
outer loop
vertex 461.6890869140625 -142.5 621.0
vertex 461.6890869140625 -142.5 626.0
vertex 461.69769287109375 -142.30279541015625 621.0
endloop
endfacet
facet normal 0.0 -0.0 -1.0
outer loop
vertex 461.6890869140625 -142.5 621.0
vertex 465.087890625 -142.1925048828125 621.0
vertex 465.0473937988281 -142.5 621.0
endloop
endfacet
facet normal 0.0 -0.9999999999999999 0.0
outer loop
vertex 461.6890869140625 -142.5 621.0
vertex 465.0473937988281 -142.5 621.0
vertex 465.0473937988281 -142.5 622.4791870117188
endloop
endfacet
facet normal 0.0 0.0 -1.0
outer loop
vertex 461.7887878417969 -141.6107940673828 621.0
vertex 461.9397888183594 -140.9293975830078 621.0
vertex 465.087890625 -142.1925048828125 621.0
endloop
endfacet
facet normal 0.0 0.0 -1.0
outer loop
vertex 461.9397888183594 -140.9293975830078 621.0
vertex 462.1496887207031 -140.2637939453125 621.0
vertex 465.1756896972656 -141.79649353027344 621.0
endloop
endfacet
facet normal 0.9914388826604791 -0.13057159560246684 -1.9255304223856025e-05
outer loop
vertex 465.0473937988281 -142.5 621.0
vertex 465.087890625 -142.1925048828125 621.0
vertex 465.0679016113281 -142.34449768066406 622.4570922851562
endloop
endfacet
facet normal 0.9762931579615659 -0.21645246526069625 0.0
outer loop
vertex 465.087890625 -142.1925048828125 621.0
vertex 465.1756896972656 -141.79649353027344 621.0
vertex 465.1756896972656 -141.79649353027344 622.4915771484375
endloop
endfacet
facet normal 0.0 -0.0 -1.0
outer loop
vertex 461.9397888183594 -140.9293975830078 621.0
vertex 465.1756896972656 -141.79649353027344 621.0
vertex 465.087890625 -142.1925048828125 621.0
endloop
endfacet
facet normal 0.0 -0.0 -1.0
outer loop
vertex 462.1496887207031 -140.2637939453125 621.0
vertex 465.2976989746094 -141.40960693359375 621.0
vertex 465.1756896972656 -141.79649353027344 621.0
endloop
endfacet
facet normal 0.0 -0.0 -1.0
outer loop
vertex 462.1496887207031 -140.2637939453125 621.0
vertex 465.4529113769531 -141.03480529785156 621.0
vertex 465.2976989746094 -141.40960693359375 621.0
endloop
endfacet
facet normal 0.0 -1.0 0.0
outer loop
vertex 461.6890869140625 -142.5 621.0
vertex 465.0473937988281 -142.5 622.4791870117188
vertex 465.0085144042969 -142.5 622.55322265625
endloop
endfacet
facet normal 0.0 -1.0 0.0
outer loop
vertex 461.6890869140625 -142.5 621.0
vertex 465.0085144042969 -142.5 622.55322265625
vertex 464.78228759765625 -142.5 623.0336303710938
endloop
endfacet
facet normal 0.0 -1.0 0.0
outer loop
vertex 461.6890869140625 -142.5 621.0
vertex 464.78228759765625 -142.5 623.0336303710938
vertex 464.7119140625 -142.5 623.22900390625
endloop
endfacet
facet normal 0.0 -1.0 0.0
outer loop
vertex 461.6890869140625 -142.5 621.0
vertex 464.7119140625 -142.5 623.22900390625
vertex 464.55218505859375 -142.5 623.7517700195312
endloop
endfacet
facet normal 0.9914155106316317 -0.1307489398772361 0.0
outer loop
vertex 465.0473937988281 -142.5 621.0
vertex 465.0679016113281 -142.34449768066406 622.4570922851562
vertex 465.0473937988281 -142.5 622.4791870117188
endloop
endfacet
facet normal 0.9916548886731984 -0.12892074100709205 0.00015591256848998913
outer loop
vertex 465.087890625 -142.1925048828125 621.0
vertex 465.0730895996094 -142.30459594726562 622.4536743164062
vertex 465.0679016113281 -142.34449768066406 622.4570922851562
endloop
endfacet
facet normal 0.9913310177524634 -0.13138802009906891 -3.7633921441309895e-05
outer loop
vertex 465.087890625 -142.1925048828125 621.0
vertex 465.0846862792969 -142.21710205078125 622.4669189453125
vertex 465.0730895996094 -142.30459594726562 622.4536743164062
endloop
endfacet
facet normal 0.9916209798417874 -0.12918139315556784 0.0
outer loop
vertex 465.087890625 -142.1925048828125 621.0
vertex 465.087890625 -142.1925048828125 622.4718017578125
vertex 465.0846862792969 -142.21710205078125 622.4669189453125
endloop
endfacet
facet normal 0.9762931579615659 -0.21645246526069628 0.0
outer loop
vertex 465.087890625 -142.1925048828125 621.0
vertex 465.1756896972656 -141.79649353027344 622.4915771484375
vertex 465.087890625 -142.1925048828125 622.4718017578125
endloop
endfacet
facet normal 0.8842096497106721 -0.05063456765487239 0.46433763138144935
outer loop
vertex 465.0473937988281 -142.5 622.4791870117188
vertex 465.0679016113281 -142.34449768066406 622.4570922851562
vertex 465.0085144042969 -142.5 622.55322265625
endloop
endfacet
facet normal 0.9018001926469026 -0.08088739279637479 0.4245157738277983
outer loop
vertex 465.0679016113281 -142.34449768066406 622.4570922851562
vertex 465.0730895996094 -142.30459594726562 622.4536743164062
vertex 464.7684020996094 -142.3022003173828 623.1013793945312
endloop
endfacet
facet normal 0.9016976757565075 -0.08191852965829467 0.42453581242803906
outer loop
vertex 465.0085144042969 -142.5 622.55322265625
vertex 465.0679016113281 -142.34449768066406 622.4570922851562
vertex 464.7684020996094 -142.3022003173828 623.1013793945312
endloop
endfacet
facet normal 0.8896156595438599 -0.18136292542849988 0.4191556603153051
outer loop
vertex 465.0730895996094 -142.30459594726562 622.4536743164062
vertex 465.0846862792969 -142.21710205078125 622.4669189453125
vertex 464.7684020996094 -142.3022003173828 623.1013793945312
endloop
endfacet
facet normal 0.8459028299477097 -0.20771231076003133 0.4912270333004734
outer loop
vertex 465.0846862792969 -142.21710205078125 622.4669189453125
vertex 465.087890625 -142.1925048828125 622.4718017578125
vertex 465.0950927734375 -141.6226043701172 622.7003784179688
endloop
endfacet
facet normal 0.839855826401141 -0.21117375327038337 0.5000478345016162
outer loop
vertex 465.087890625 -142.1925048828125 622.4718017578125
vertex 465.1756896972656 -141.79649353027344 622.4915771484375
vertex 465.0950927734375 -141.6226043701172 622.7003784179688
endloop
endfacet
facet normal 0.8397850306245606 -0.21129024454336393 0.5001175210885052
outer loop
vertex 465.0950927734375 -141.6226043701172 622.7003784179688
vertex 465.1756896972656 -141.79649353027344 622.4915771484375
vertex 465.2069091796875 -141.69740295410156 622.4810180664062
endloop
endfacet
facet normal 0.0 0.0 -0.9999999999999999
outer loop
vertex 462.1496887207031 -140.2637939453125 621.0
vertex 462.41680908203125 -139.6190948486328 621.0
vertex 465.4529113769531 -141.03480529785156 621.0
endloop
endfacet
facet normal 0.0 0.0 -1.0
outer loop
vertex 462.41680908203125 -139.6190948486328 621.0
vertex 462.739013671875 -139.0 621.0
vertex 465.64019775390625 -140.6750030517578 621.0
endloop
endfacet
facet normal 0.0 0.0 -1.0
outer loop
vertex 462.739013671875 -139.0 621.0
vertex 463.114013671875 -138.41140747070312 621.0
vertex 465.64019775390625 -140.6750030517578 621.0
endloop
endfacet
facet normal 0.0 -0.0 -1.0
outer loop
vertex 462.41680908203125 -139.6190948486328 621.0
vertex 465.64019775390625 -140.6750030517578 621.0
vertex 465.4529113769531 -141.03480529785156 621.0
endloop
endfacet
facet normal 0.0 -0.0 -1.0
outer loop
vertex 463.114013671875 -138.41140747070312 621.0
vertex 465.8581848144531 -140.33290100097656 621.0
vertex 465.64019775390625 -140.6750030517578 621.0
endloop
endfacet
facet normal 0.0 0.0 -0.9999999999999999
outer loop
vertex 463.114013671875 -138.41140747070312 621.0
vertex 463.5389099121094 -137.85769653320312 621.0
vertex 465.8581848144531 -140.33290100097656 621.0
endloop
endfacet
facet normal 0.0 -1.0 0.0
outer loop
vertex 461.6890869140625 -142.5 621.0
vertex 464.55218505859375 -142.5 623.7517700195312
vertex 461.6890869140625 -142.5 626.0
endloop
endfacet
facet normal -0.9914464807267925 0.13051389142331926 0.0
outer loop
vertex 461.69769287109375 -142.30279541015625 621.0
vertex 461.7887878417969 -141.6107940673828 630.0
vertex 461.7887878417969 -141.6107940673828 621.0
endloop
endfacet
facet normal -0.9763144684501711 0.21635632344551445 0.0
outer loop
vertex 461.7887878417969 -141.6107940673828 621.0
vertex 461.9397888183594 -140.9293975830078 630.0
vertex 461.9397888183594 -140.9293975830078 621.0
endloop
endfacet
facet normal -0.9537022051354943 0.3007525626153426 0.0
outer loop
vertex 461.9397888183594 -140.9293975830078 621.0
vertex 462.1496887207031 -140.2637939453125 630.0
vertex 462.1496887207031 -140.2637939453125 621.0
endloop
endfacet
facet normal -0.9238403892236081 0.38277791895454505 0.0
outer loop
vertex 462.1496887207031 -140.2637939453125 621.0
vertex 462.41680908203125 -139.6190948486328 630.0
vertex 462.41680908203125 -139.6190948486328 621.0
endloop
endfacet
facet normal -0.8870553062380715 0.4616631712351346 0.0
outer loop
vertex 462.41680908203125 -139.6190948486328 621.0
vertex 462.739013671875 -139.0 630.0
vertex 462.739013671875 -139.0 621.0
endloop
endfacet
facet normal 0.9016512983098726 -0.08213297027893982 0.42459287729456774
outer loop
vertex 465.0085144042969 -142.5 622.55322265625
vertex 464.7684020996094 -142.3022003173828 623.1013793945312
vertex 464.78228759765625 -142.5 623.0336303710938
endloop
endfacet
facet normal 0.8897407390228567 -0.18025981205652264 0.41936597081833926
outer loop
vertex 465.0846862792969 -142.21710205078125 622.4669189453125
vertex 465.0950927734375 -141.6226043701172 622.7003784179688
vertex 464.7684020996094 -142.3022003173828 623.1013793945312
endloop
endfacet
facet normal 0.939652345650531 -0.04996457805729363 0.3384627161933965
outer loop
vertex 464.78228759765625 -142.5 623.0336303710938
vertex 464.7684020996094 -142.3022003173828 623.1013793945312
vertex 464.7119140625 -142.5 623.22900390625
endloop
endfacet
facet normal 0.9529007216877156 -0.08490627088467086 0.29115483813855825
outer loop
vertex 464.7119140625 -142.5 623.22900390625
vertex 464.54541015625 -142.29620361328125 623.8333740234375
vertex 464.55218505859375 -142.5 623.7517700195312
endloop
endfacet
facet normal 0.9529914570659941 -0.08439346806404857 0.291006916253473
outer loop
vertex 464.7684020996094 -142.3022003173828 623.1013793945312
vertex 464.54541015625 -142.29620361328125 623.8333740234375
vertex 464.7119140625 -142.5 623.22900390625
endloop
endfacet
facet normal 0.9403443066630878 -0.18121512342162072 0.2879473284640845
outer loop
vertex 464.7684020996094 -142.3022003173828 623.1013793945312
vertex 464.8111877441406 -141.60040283203125 623.4033203125
vertex 464.54541015625 -142.29620361328125 623.8333740234375
endloop
endfacet
facet normal 0.90318544020347 -0.21492653291370697 0.3715678216075195
outer loop
vertex 465.0950927734375 -141.6226043701172 622.7003784179688
vertex 464.8111877441406 -141.60040283203125 623.4033203125
vertex 464.7684020996094 -142.3022003173828 623.1013793945312
endloop
endfacet
facet normal 0.8791268892008502 -0.3067452022004824 0.364751002207014
outer loop
vertex 465.0950927734375 -141.6226043701172 622.7003784179688
vertex 465.1944885253906 -140.966796875 623.0123291015625
vertex 464.8111877441406 -141.60040283203125 623.4033203125
endloop
endfacet
facet normal 0.8858240236801942 -0.34309221667685375 0.31241563649534826
outer loop
vertex 464.8111877441406 -141.60040283203125 623.4033203125
vertex 465.1944885253906 -140.966796875 623.0123291015625
vertex 464.94488525390625 -140.9532012939453 623.7349853515625
endloop
endfacet
facet normal 0.9773891513312978 -0.049794980725721076 0.20550159793639244
outer loop
vertex 464.55218505859375 -142.5 623.7517700195312
vertex 464.54541015625 -142.29620361328125 623.8333740234375
vertex 464.5085144042969 -142.5 623.95947265625
endloop
endfacet
facet normal 0.9847497600112587 -0.08401851165695091 0.15234434632344956
outer loop
vertex 464.5085144042969 -142.5 623.95947265625
vertex 464.54541015625 -142.29620361328125 623.8333740234375
vertex 464.4324951171875 -142.29469299316406 624.5640869140625
endloop
endfacet
facet normal 0.9718591047459758 -0.18117285360892926 0.15055323854885366
outer loop
vertex 464.54541015625 -142.29620361328125 623.8333740234375
vertex 464.6265869140625 -141.60679626464844 624.1389770507812
vertex 464.4324951171875 -142.29469299316406 624.5640869140625
endloop
endfacet
facet normal 0.9847873961515415 -0.08373986147679434 0.15225445800013246
outer loop
vertex 464.5085144042969 -142.5 623.95947265625
vertex 464.4324951171875 -142.29469299316406 624.5640869140625
vertex 464.4283142089844 -142.5 624.4782104492188
endloop
endfacet
facet normal 0.9474488989912087 -0.21611737060216069 0.2358683232745652
outer loop
vertex 464.8111877441406 -141.60040283203125 623.4033203125
vertex 464.6265869140625 -141.60679626464844 624.1389770507812
vertex 464.54541015625 -142.29620361328125 623.8333740234375
endloop
endfacet
facet normal 0.9233699637628618 -0.30811480549307146 0.22902658504317402
outer loop
vertex 464.8111877441406 -141.60040283203125 623.4033203125
vertex 464.94488525390625 -140.9532012939453 623.7349853515625
vertex 464.6265869140625 -141.60679626464844 624.1389770507812
endloop
endfacet
facet normal 0.9227834323663938 -0.35062559461768017 0.1597887021947901
outer loop
vertex 464.94488525390625 -140.9532012939453 623.7349853515625
vertex 464.8283996582031 -140.88209533691406 624.563720703125
vertex 464.6265869140625 -141.60679626464844 624.1389770507812
endloop
endfacet
facet normal -0.8433750803223049 0.5373252961580589 0.0
outer loop
vertex 462.739013671875 -139.0 621.0
vertex 463.114013671875 -138.41140747070312 630.0
vertex 463.114013671875 -138.41140747070312 621.0
endloop
endfacet
facet normal 0.8843577173541993 -0.43784602137680967 0.1618712121427657
outer loop
vertex 464.94488525390625 -140.9532012939453 623.7349853515625
vertex 465.21429443359375 -140.24789428710938 624.1708984375
vertex 464.8283996582031 -140.88209533691406 624.563720703125
endloop
endfacet
facet normal 0.0 0.0 -1.0
outer loop
vertex 463.5389099121094 -137.85769653320312 621.0
vertex 464.0104064941406 -137.3430938720703 621.0
vertex 466.1051025390625 -140.01100158691406 621.0
endloop
endfacet
facet normal 0.0 0.0 -0.9999999999999999
outer loop
vertex 464.0104064941406 -137.3430938720703 621.0
vertex 464.52490234375 -136.87159729003906 621.0
vertex 466.37921142578125 -139.71200561523438 621.0
endloop
endfacet
facet normal -0.7933402656962169 0.608778467773833 0.0
outer loop
vertex 463.114013671875 -138.41140747070312 621.0
vertex 463.5389099121094 -137.85769653320312 630.0
vertex 463.5389099121094 -137.85769653320312 621.0
endloop
endfacet
facet normal -0.7373129323674716 0.6755513598266827 0.0
outer loop
vertex 463.5389099121094 -137.85769653320312 621.0
vertex 464.0104064941406 -137.3430938720703 630.0
vertex 464.0104064941406 -137.3430938720703 621.0
endloop
endfacet
facet normal -0.675627591699573 0.7372430788649257 0.0
outer loop
vertex 464.0104064941406 -137.3430938720703 621.0
vertex 464.52490234375 -136.87159729003906 630.0
vertex 464.52490234375 -136.87159729003906 621.0
endloop
endfacet
facet normal -0.6086958984494646 0.7934036193582676 0.0
outer loop
vertex 464.52490234375 -136.87159729003906 621.0
vertex 465.07861328125 -136.44679260253906 630.0
vertex 465.07861328125 -136.44679260253906 621.0
endloop
endfacet
facet normal 0.9536996980016856 -0.30076051213652055 1.9258022904549653e-05
outer loop
vertex 465.1756896972656 -141.79649353027344 621.0
vertex 465.2976989746094 -141.40960693359375 621.0
vertex 465.2069091796875 -141.69740295410156 622.4810180664062
endloop
endfacet
facet normal 0.9239104844562677 -0.3826086979558342 3.098912863582995e-05
outer loop
vertex 465.2976989746094 -141.40960693359375 621.0
vertex 465.4529113769531 -141.03480529785156 621.0
vertex 465.30340576171875 -141.3957061767578 622.4840698242188
endloop
endfacet
facet normal 0.8870257940079812 -0.4617198725892265 -4.549614884934009e-06
outer loop
vertex 465.4529113769531 -141.03480529785156 621.0
vertex 465.64019775390625 -140.6750030517578 621.0
vertex 465.6018981933594 -140.74859619140625 622.4763793945312
endloop
endfacet
facet normal 0.9537822298558606 -0.30049868221205583 0.0
outer loop
vertex 465.1756896972656 -141.79649353027344 621.0
vertex 465.2069091796875 -141.69740295410156 622.4810180664062
vertex 465.1756896972656 -141.79649353027344 622.4915771484375
endloop
endfacet
facet normal 0.9536712685059545 -0.30085064671069556 0.0
outer loop
vertex 465.2976989746094 -141.40960693359375 621.0
vertex 465.2976989746094 -141.40960693359375 622.486083984375
vertex 465.2069091796875 -141.69740295410156 622.4810180664062
endloop
endfacet
facet normal 0.9250771608129142 -0.37977920762242584 0.0
outer loop
vertex 465.2976989746094 -141.40960693359375 621.0
vertex 465.30340576171875 -141.3957061767578 622.4840698242188
vertex 465.2976989746094 -141.40960693359375 622.486083984375
endloop
endfacet
facet normal 0.923801527454307 -0.3828716964493584 -4.394405123304086e-05
outer loop
vertex 465.4529113769531 -141.03480529785156 621.0
vertex 465.422607421875 -141.10809326171875 622.480224609375
vertex 465.30340576171875 -141.3957061767578 622.4840698242188
endloop
endfacet
facet normal 0.9241152500097577 -0.38211386352683296 0.0
outer loop
vertex 465.4529113769531 -141.03480529785156 621.0
vertex 465.4529113769531 -141.03480529785156 622.490478515625
vertex 465.422607421875 -141.10809326171875 622.480224609375
endloop
endfacet
facet normal 0.8870161821456253 -0.46173833781894147 0.0
outer loop
vertex 465.4529113769531 -141.03480529785156 621.0
vertex 465.6018981933594 -140.74859619140625 622.4763793945312
vertex 465.4529113769531 -141.03480529785156 622.490478515625
endloop
endfacet
facet normal 0.8186223172410139 -0.267196295453521 0.5083931956771918
outer loop
vertex 465.0950927734375 -141.6226043701172 622.7003784179688
vertex 465.2069091796875 -141.69740295410156 622.4810180664062
vertex 465.2976989746094 -141.40960693359375 622.486083984375
endloop
endfacet
facet normal 0.8175095291609592 -0.2612508053490006 0.5132506078277213
outer loop
vertex 465.0950927734375 -141.6226043701172 622.7003784179688
vertex 465.2976989746094 -141.40960693359375 622.486083984375
vertex 465.30340576171875 -141.3957061767578 622.4840698242188
endloop
endfacet
facet normal 0.8295536546177057 -0.3373939974390424 0.4449786788178864
outer loop
vertex 465.0950927734375 -141.6226043701172 622.7003784179688
vertex 465.30340576171875 -141.3957061767578 622.4840698242188
vertex 465.1944885253906 -140.966796875 623.0123291015625
endloop
endfacet
facet normal 0.8292859762482551 -0.33774678470314795 0.4452099269116358
outer loop
vertex 465.30340576171875 -141.3957061767578 622.4840698242188
vertex 465.422607421875 -141.10809326171875 622.480224609375
vertex 465.1944885253906 -140.966796875 623.0123291015625
endloop
endfacet
facet normal 0.8020259602105266 -0.39439079952974243 0.44856466244530824
outer loop
vertex 465.422607421875 -141.10809326171875 622.480224609375
vertex 465.4529113769531 -141.03480529785156 622.490478515625
vertex 465.1944885253906 -140.966796875 623.0123291015625
endloop
endfacet
facet normal 0.8016617928361458 -0.3952134969337659 0.448491540330607
outer loop
vertex 465.4529113769531 -141.03480529785156 622.490478515625
vertex 465.6018981933594 -140.74859619140625 622.4763793945312
vertex 465.1944885253906 -140.966796875 623.0123291015625
endloop
endfacet
facet normal 0.8433422694792884 -0.5373767913372486 2.5329957128605228e-05
outer loop
vertex 465.64019775390625 -140.6750030517578 621.0
vertex 465.8581848144531 -140.33290100097656 621.0
vertex 465.715087890625 -140.55740356445312 622.4692993164062
endloop
endfacet
facet normal 0.7934537844305383 -0.6086305052927081 0.0
outer loop
vertex 465.8581848144531 -140.33290100097656 621.0
vertex 466.1051025390625 -140.01100158691406 621.0
vertex 466.1051025390625 -140.01100158691406 622.49169921875
endloop
endfacet
facet normal 0.7371182249295712 -0.6757638067177759 2.641633564961187e-06
outer loop
vertex 466.1051025390625 -140.01100158691406 621.0
vertex 466.37921142578125 -139.71200561523438 621.0
vertex 466.15478515625 -139.95680236816406 622.4793090820312
endloop
endfacet
facet normal 0.0 -0.0 -1.0
outer loop
vertex 463.5389099121094 -137.85769653320312 621.0
vertex 466.1051025390625 -140.01100158691406 621.0
vertex 465.8581848144531 -140.33290100097656 621.0
endloop
endfacet
facet normal 0.0 -0.0 -1.0
outer loop
vertex 464.0104064941406 -137.3430938720703 621.0
vertex 466.37921142578125 -139.71200561523438 621.0
vertex 466.1051025390625 -140.01100158691406 621.0
endloop
endfacet
facet normal 0.0 -0.0 -0.9999999999999999
outer loop
vertex 464.52490234375 -136.87159729003906 621.0
vertex 466.6783142089844 -139.43789672851562 621.0
vertex 466.37921142578125 -139.71200561523438 621.0
endloop
endfacet
facet normal 0.6756326550426042 -0.7372384382178316 2.5577602551017375e-05
outer loop
vertex 466.37921142578125 -139.71200561523438 621.0
vertex 466.6783142089844 -139.43789672851562 621.0
vertex 466.38330078125 -139.7082061767578 622.4931030273438
endloop
endfacet
facet normal 0.6088942065561508 -0.7932514380586958 3.521599809705499e-05
outer loop
vertex 466.6783142089844 -139.43789672851562 621.0
vertex 467.0000915527344 -139.19090270996094 621.0
vertex 466.6893005371094 -139.4293975830078 622.4893188476562
endloop
endfacet
facet normal 0.5372162425442267 -0.8434445488684568 -4.160226154899673e-05
outer loop
vertex 467.0000915527344 -139.19090270996094 621.0
vertex 467.3421936035156 -138.97300720214844 621.0
vertex 467.2273864746094 -139.04620361328125 622.462890625
endloop
endfacet
facet normal 0.8434856881745634 -0.5371516488336262 0.0
outer loop
vertex 465.64019775390625 -140.6750030517578 621.0
vertex 465.715087890625 -140.55740356445312 622.4692993164062
vertex 465.64019775390625 -140.6750030517578 622.4810791015625
endloop
endfacet
facet normal 0.8870631736146325 -0.4616480542759128 0.0
outer loop
vertex 465.64019775390625 -140.6750030517578 621.0
vertex 465.64019775390625 -140.6750030517578 622.4810791015625
vertex 465.6018981933594 -140.74859619140625 622.4763793945312
endloop
endfacet
facet normal 0.8432277001665722 -0.5375565509739859 -1.3294586446849822e-05
outer loop
vertex 465.8581848144531 -140.33290100097656 621.0
vertex 465.8504943847656 -140.34500122070312 622.4869995117188
vertex 465.715087890625 -140.55740356445312 622.4692993164062
endloop
endfacet
facet normal 0.8439681109177289 -0.5363933517055931 0.0
outer loop
vertex 465.8581848144531 -140.33290100097656 621.0
vertex 465.8581848144531 -140.33290100097656 622.4896240234375
vertex 465.8504943847656 -140.34500122070312 622.4869995117188
endloop
endfacet
facet normal 0.7934537844305382 -0.608630505292708 0.0
outer loop
vertex 465.8581848144531 -140.33290100097656 621.0
vertex 466.1051025390625 -140.01100158691406 622.49169921875
vertex 465.8581848144531 -140.33290100097656 622.4896240234375
endloop
endfacet
facet normal 0.7371541402007414 -0.6757246285173463 0.0
outer loop
vertex 466.1051025390625 -140.01100158691406 621.0
vertex 466.15478515625 -139.95680236816406 622.4793090820312
vertex 466.1051025390625 -140.01100158691406 622.49169921875
endloop
endfacet
facet normal 0.7429671933255272 -0.41994134956513857 0.5211995899532145
outer loop
vertex 465.6018981933594 -140.74859619140625 622.4763793945312
vertex 465.64019775390625 -140.6750030517578 622.4810791015625
vertex 465.65020751953125 -140.51730346679688 622.5938720703125
endloop
endfacet
facet normal 0.7422264878601089 -0.4203900896677495 0.5218927219534577
outer loop
vertex 465.64019775390625 -140.6750030517578 622.4810791015625
vertex 465.715087890625 -140.55740356445312 622.4692993164062
vertex 465.65020751953125 -140.51730346679688 622.5938720703125
endloop
endfacet
facet normal 0.8016543386673474 -0.3952535495933019 0.44846956733953874
outer loop
vertex 465.6018981933594 -140.74859619140625 622.4763793945312
vertex 465.65020751953125 -140.51730346679688 622.5938720703125
vertex 465.1944885253906 -140.966796875 623.0123291015625
endloop
endfacet
facet normal 0.6990910983086236 -0.4891335248419764 0.5215553960427464
outer loop
vertex 465.715087890625 -140.55740356445312 622.4692993164062
vertex 465.8504943847656 -140.34500122070312 622.4869995117188
vertex 465.65020751953125 -140.51730346679688 622.5938720703125
endloop
endfacet
facet normal 0.7084995807613995 -0.5470061242199296 0.445884115131737
outer loop
vertex 465.65020751953125 -140.51730346679688 622.5938720703125
vertex 465.8504943847656 -140.34500122070312 622.4869995117188
vertex 465.8581848144531 -140.33290100097656 622.4896240234375
endloop
endfacet
facet normal 0.7084282209740974 -0.546535786115271 0.4465737231665542
outer loop
vertex 465.65020751953125 -140.51730346679688 622.5938720703125
vertex 465.8581848144531 -140.33290100097656 622.4896240234375
vertex 465.9195861816406 -139.81199645996094 623.0297241210938
endloop
endfacet
facet normal 0.7085999379799945 -0.5464201936833998 0.44644271729948026
outer loop
vertex 465.8581848144531 -140.33290100097656 622.4896240234375
vertex 466.1051025390625 -140.01100158691406 622.49169921875
vertex 465.9195861816406 -139.81199645996094 623.0297241210938
endloop
endfacet
facet normal 0.7081020116238225 -0.5470233454616896 0.4464941216345374
outer loop
vertex 466.1051025390625 -140.01100158691406 622.49169921875
vertex 466.15478515625 -139.95680236816406 622.4793090820312
vertex 465.9195861816406 -139.81199645996094 623.0297241210938
endloop
endfacet
facet normal 0.6485324823450538 -0.6208120616365883 0.44045204446101915
outer loop
vertex 466.15478515625 -139.95680236816406 622.4793090820312
vertex 466.37921142578125 -139.71200561523438 622.493896484375
vertex 465.9195861816406 -139.81199645996094 623.0297241210938
endloop
endfacet
facet normal 0.6538892287905662 -0.610438589560866 0.44698277913877094
outer loop
vertex 466.38330078125 -139.7082061767578 622.4931030273438
vertex 465.9195861816406 -139.81199645996094 623.0297241210938
vertex 466.37921142578125 -139.71200561523438 622.493896484375
endloop
endfacet
facet normal 0.7371102733047036 -0.6757724801948252 0.0
outer loop
vertex 466.37921142578125 -139.71200561523438 621.0
vertex 466.37921142578125 -139.71200561523438 622.493896484375
vertex 466.15478515625 -139.95680236816406 622.4793090820312
endloop
endfacet
facet normal 0.6806607705938721 -0.732598741040794 0.0
outer loop
vertex 466.37921142578125 -139.71200561523438 621.0
vertex 466.38330078125 -139.7082061767578 622.4931030273438
vertex 466.37921142578125 -139.71200561523438 622.493896484375
endloop
endfacet
facet normal 0.6755622863663225 -0.7373029209487147 0.0
outer loop
vertex 466.6783142089844 -139.43789672851562 621.0
vertex 466.6783142089844 -139.43789672851562 622.4915161132812
vertex 466.38330078125 -139.7082061767578 622.4931030273438
endloop
endfacet
facet normal 0.6118851169718744 -0.7909466503047569 0.0
outer loop
vertex 466.6783142089844 -139.43789672851562 621.0
vertex 466.6893005371094 -139.4293975830078 622.4893188476562
vertex 466.6783142089844 -139.43789672851562 622.4915161132812
endloop
endfacet
facet normal 0.6087880012137387 -0.793332950014167 0.0
outer loop
vertex 467.0000915527344 -139.19090270996094 621.0
vertex 467.0000915527344 -139.19090270996094 622.4984741210938
vertex 466.6893005371094 -139.4293975830078 622.4893188476562
endloop
endfacet
facet normal 0.53702572069917 -0.843565868979736 0.0
outer loop
vertex 467.0000915527344 -139.19090270996094 621.0
vertex 467.2273864746094 -139.04620361328125 622.462890625
vertex 467.0000915527344 -139.19090270996094 622.4984741210938
endloop
endfacet
facet normal 0.5374345739700237 -0.8433054478628367 -1.7507706604319524e-05
outer loop
vertex 467.3421936035156 -138.97300720214844 621.0
vertex 467.2944030761719 -139.0034942626953 622.4635009765625
vertex 467.2273864746094 -139.04620361328125 622.462890625
endloop
endfacet
facet normal 0.5378156947595385 -0.8430624404338712 0.0
outer loop
vertex 467.3421936035156 -138.97300720214844 621.0
vertex 467.3421936035156 -138.97300720214844 622.4727783203125
vertex 467.2944030761719 -139.0034942626953 622.4635009765625
endloop
endfacet
facet normal 0.5850307140758567 -0.6355397798684772 0.5038137074282723
outer loop
vertex 466.38330078125 -139.7082061767578 622.4931030273438
vertex 466.6783142089844 -139.43789672851562 622.4915161132812
vertex 466.552001953125 -139.35260009765625 622.7457885742188
endloop
endfacet
facet normal 0.5891883883705599 -0.6312004754898588 0.5044234359649427
outer loop
vertex 466.6783142089844 -139.43789672851562 622.4915161132812
vertex 466.6893005371094 -139.4293975830078 622.4893188476562
vertex 466.552001953125 -139.35260009765625 622.7457885742188
endloop
endfacet
facet normal 0.5220088874345112 -0.6990106086848514 0.48876465746350484
outer loop
vertex 466.6893005371094 -139.4293975830078 622.4893188476562
vertex 467.0000915527344 -139.19090270996094 622.4984741210938
vertex 466.552001953125 -139.35260009765625 622.7457885742188
endloop
endfacet
facet normal 0.5214454744681597 -0.6986098492200054 0.4899376447360184
outer loop
vertex 467.0000915527344 -139.19090270996094 622.4984741210938
vertex 467.2273864746094 -139.04620361328125 622.462890625
vertex 467.2611083984375 -138.98289489746094 622.5172729492188
endloop
endfacet
facet normal 0.5219714310126385 -0.6991494922018383 0.4886059892802482
outer loop
vertex 466.552001953125 -139.35260009765625 622.7457885742188
vertex 467.0000915527344 -139.19090270996094 622.4984741210938
vertex 467.2611083984375 -138.98289489746094 622.5172729492188
endloop
endfacet
facet normal 0.4461851107957746 -0.7079471370697323 0.5474757510784672
outer loop
vertex 467.2273864746094 -139.04620361328125 622.462890625
vertex 467.2944030761719 -139.0034942626953 622.4635009765625
vertex 467.2611083984375 -138.98289489746094 622.5172729492188
endloop
endfacet
facet normal 0.3818809408204652 -0.7590664570992232 0.5272428859120903
outer loop
vertex 467.2611083984375 -138.98289489746094 622.5172729492188
vertex 467.2944030761719 -139.0034942626953 622.4635009765625
vertex 467.3421936035156 -138.97300720214844 622.4727783203125
endloop
endfacet
facet normal 0.3820519608625566 -0.7587084815093025 0.5276340960238676
outer loop
vertex 467.2611083984375 -138.98289489746094 622.5172729492188
vertex 467.3421936035156 -138.97300720214844 622.4727783203125
vertex 467.4530029296875 -138.91529846191406 622.4755249023438
endloop
endfacet
facet normal 0.4616570435843631 -0.8870584953141172 0.0
outer loop
vertex 467.3421936035156 -138.97300720214844 621.0
vertex 467.70208740234375 -138.78570556640625 621.0
vertex 467.3421936035156 -138.97300720214844 622.4727783203125
endloop
endfacet
facet normal 0.3827880186254587 -0.923836204511276 -5.567349412217303e-06
outer loop
vertex 467.70208740234375 -138.78570556640625 621.0
vertex 468.076904296875 -138.63040161132812 621.0
vertex 467.9635009765625 -138.67739868164062 622.4661865234375
endloop
endfacet
facet normal 0.30078024926455693 -0.9536934732778635 -2.60682965495211e-05
outer loop
vertex 468.076904296875 -138.63040161132812 621.0
vertex 468.4637145996094 -138.50840759277344 621.0
vertex 468.10809326171875 -138.62060546875 622.4771728515625
endloop
endfacet
facet normal 0.4619048954179519 -0.8869294569826496 7.697657341265089e-05
outer loop
vertex 467.3421936035156 -138.97300720214844 622.4727783203125
vertex 467.70208740234375 -138.78570556640625 621.0
vertex 467.4530029296875 -138.91529846191406 622.4755249023438
endloop
endfacet
facet normal 0.46154607912097223 -0.8871162363794597 0.0
outer loop
vertex 467.70208740234375 -138.78570556640625 621.0
vertex 467.70208740234375 -138.78570556640625 622.4948120117188
vertex 467.4530029296875 -138.91529846191406 622.4755249023438
endloop
endfacet
facet normal 0.3827613680118484 -0.9238472466580708 0.0
outer loop
vertex 467.70208740234375 -138.78570556640625 621.0
vertex 467.9635009765625 -138.67739868164062 622.4661865234375
vertex 467.70208740234375 -138.78570556640625 622.4948120117188
endloop
endfacet
facet normal 0.38284944911550867 -0.9238107486449547 0.0
outer loop
vertex 468.076904296875 -138.63040161132812 621.0
vertex 468.076904296875 -138.63040161132812 622.4796142578125
vertex 467.9635009765625 -138.67739868164062 622.4661865234375
endloop
endfacet
facet normal 0.2996566737658539 -0.9540471046377031 0.0
outer loop
vertex 468.076904296875 -138.63040161132812 621.0
vertex 468.10809326171875 -138.62060546875 622.4771728515625
vertex 468.076904296875 -138.63040161132812 622.4796142578125
endloop
endfacet
facet normal 0.3008787303920231 -0.953662408610974 0.0
outer loop
vertex 468.4637145996094 -138.50840759277344 621.0
vertex 468.4637145996094 -138.50840759277344 622.5040283203125
vertex 468.10809326171875 -138.62060546875 622.4771728515625
endloop
endfacet
facet normal 0.38233437998900577 -0.8027068413898371 0.4576921986055403
outer loop
vertex 467.2611083984375 -138.98289489746094 622.5172729492188
vertex 467.4530029296875 -138.91529846191406 622.4755249023438
vertex 467.67950439453125 -138.5272979736328 622.966796875
endloop
endfacet
facet normal 0.38219425743024477 -0.8027274495860693 0.4577730783569393
outer loop
vertex 467.4530029296875 -138.91529846191406 622.4755249023438
vertex 467.70208740234375 -138.78570556640625 622.4948120117188
vertex 467.67950439453125 -138.5272979736328 622.966796875
endloop
endfacet
facet normal 0.3025474778725626 -0.852076909016793 0.42711820934413336
outer loop
vertex 467.9635009765625 -138.67739868164062 622.4661865234375
vertex 468.076904296875 -138.63040161132812 622.4796142578125
vertex 467.67950439453125 -138.5272979736328 622.966796875
endloop
endfacet
facet normal 0.3826302284409066 -0.8025600925481807 0.457702311696495
outer loop
vertex 467.70208740234375 -138.78570556640625 622.4948120117188
vertex 467.9635009765625 -138.67739868164062 622.4661865234375
vertex 467.67950439453125 -138.5272979736328 622.966796875
endloop
endfacet
facet normal 0.3012720574171737 -0.8529561665831684 0.4262639150894306
outer loop
vertex 468.076904296875 -138.63040161132812 622.4796142578125
vertex 468.10809326171875 -138.62060546875 622.4771728515625
vertex 467.67950439453125 -138.5272979736328 622.966796875
endloop
endfacet
facet normal 0.8521518285453455 -0.42709740741272306 0.3023657812784945
outer loop
vertex 464.94488525390625 -140.9532012939453 623.7349853515625
vertex 465.1944885253906 -140.966796875 623.0123291015625
vertex 465.3794860839844 -140.35000610351562 623.3621826171875
endloop
endfacet
facet normal 0.8026405656476219 -0.45768825570334537 0.3824782124096677
outer loop
vertex 465.65020751953125 -140.51730346679688 622.5938720703125
vertex 465.3794860839844 -140.35000610351562 623.3621826171875
vertex 465.1944885253906 -140.966796875 623.0123291015625
endloop
endfacet
facet normal 0.7595446716986661 -0.5262984860401442 0.3822326455001167
outer loop
vertex 465.65020751953125 -140.51730346679688 622.5938720703125
vertex 465.9195861816406 -139.81199645996094 623.0297241210938
vertex 465.3794860839844 -140.35000610351562 623.3621826171875
endloop
endfacet
facet normal 0.7600343449296204 -0.5693062720853989 0.31342967806452027
outer loop
vertex 465.9195861816406 -139.81199645996094 623.0297241210938
vertex 465.6463928222656 -139.78379821777344 623.743408203125
vertex 465.3794860839844 -140.35000610351562 623.3621826171875
endloop
endfacet
facet normal 0.6486370222403404 -0.6206972008684256 0.4404599848037111
outer loop
vertex 466.38330078125 -139.7082061767578 622.4931030273438
vertex 466.552001953125 -139.35260009765625 622.7457885742188
vertex 465.9195861816406 -139.81199645996094 623.0297241210938
endloop
endfacet
facet normal 0.6490464700022317 -0.6637751244252783 0.37167359870166816
outer loop
vertex 466.552001953125 -139.35260009765625 622.7457885742188
vertex 466.2359924316406 -139.27780151367188 623.4312133789062
vertex 465.9195861816406 -139.81199645996094 623.0297241210938
endloop
endfacet
facet normal 0.707499413375229 -0.6416564541169953 0.2961782823971245
outer loop
vertex 465.9195861816406 -139.81199645996094 623.0297241210938
vertex 466.2359924316406 -139.27780151367188 623.4312133789062
vertex 465.6463928222656 -139.78379821777344 623.743408203125
endloop
endfacet
facet normal 0.5856235475347255 -0.7312246722585746 0.3497935666263512
outer loop
vertex 466.552001953125 -139.35260009765625 622.7457885742188
vertex 466.9317932128906 -138.8477020263672 623.1654052734375
vertex 466.2359924316406 -139.27780151367188 623.4312133789062
endloop
endfacet
facet normal 0.5222939667595687 -0.7420719829192137 0.4201644730970253
outer loop
vertex 466.552001953125 -139.35260009765625 622.7457885742188
vertex 467.2611083984375 -138.98289489746094 622.5172729492188
vertex 466.9317932128906 -138.8477020263672 623.1654052734375
endloop
endfacet
facet normal 0.4484936308553121 -0.801713087080083 0.39510706028460496
outer loop
vertex 467.2611083984375 -138.98289489746094 622.5172729492188
vertex 467.67950439453125 -138.5272979736328 622.966796875
vertex 466.9317932128906 -138.8477020263672 623.1654052734375
endloop
endfacet
facet normal 0.5812168345672499 -0.7591265795856964 0.29311060605537154
outer loop
vertex 466.2359924316406 -139.27780151367188 623.4312133789062
vertex 466.9317932128906 -138.8477020263672 623.1654052734375
vertex 466.63958740234375 -138.7989959716797 623.8709716796875
endloop
endfacet
facet normal 0.4450714187758836 -0.8295087666774428 0.3373820359682625
outer loop
vertex 466.9317932128906 -138.8477020263672 623.1654052734375
vertex 467.67950439453125 -138.5272979736328 622.966796875
vertex 467.36761474609375 -138.4279022216797 623.6226196289062
endloop
endfacet
facet normal 0.5083965292863536 -0.8186639142773312 0.2670624729716028
outer loop
vertex 466.9317932128906 -138.8477020263672 623.1654052734375
vertex 467.36761474609375 -138.4279022216797 623.6226196289062
vertex 466.63958740234375 -138.7989959716797 623.8709716796875
endloop
endfacet
facet normal 0.8516072262196605 -0.4694367183144241 0.23322585566064472
outer loop
vertex 464.94488525390625 -140.9532012939453 623.7349853515625
vertex 465.3794860839844 -140.35000610351562 623.3621826171875
vertex 465.21429443359375 -140.24789428710938 624.1708984375
endloop
endfacet
facet normal 0.8095101193440943 -0.538729041593285 0.23337606223323454
outer loop
vertex 465.3794860839844 -140.35000610351562 623.3621826171875
vertex 465.6463928222656 -139.78379821777344 623.743408203125
vertex 465.21429443359375 -140.24789428710938 624.1708984375
endloop
endfacet
facet normal 0.7916633786466102 -0.5896069121800035 0.16010241728154986
outer loop
vertex 465.6463928222656 -139.78379821777344 623.743408203125
vertex 465.5321960449219 -139.71270751953125 624.5698852539062
vertex 465.21429443359375 -140.24789428710938 624.1708984375
endloop
endfacet
facet normal 0.7021863999403867 -0.670595169984116 0.23924125424502785
outer loop
vertex 466.2359924316406 -139.27780151367188 623.4312133789062
vertex 465.9902038574219 -139.27920532226562 624.148681640625
vertex 465.6463928222656 -139.78379821777344 623.743408203125
endloop
endfacet
facet normal 0.6387516159012557 -0.7380672204470967 0.2173778997162121
outer loop
vertex 466.2359924316406 -139.27780151367188 623.4312133789062
vertex 466.63958740234375 -138.7989959716797 623.8709716796875
vertex 465.9902038574219 -139.27920532226562 624.148681640625
endloop
endfacet
facet normal 0.7518318531719822 -0.6399151150163624 0.15892611531645276
outer loop
vertex 465.6463928222656 -139.78379821777344 623.743408203125
vertex 465.9902038574219 -139.27920532226562 624.148681640625
vertex 465.5321960449219 -139.71270751953125 624.5698852539062
endloop
endfacet
facet normal 0.50012618231718 -0.8397894354660984 0.2112522327464844
outer loop
vertex 466.63958740234375 -138.7989959716797 623.8709716796875
vertex 467.36761474609375 -138.4279022216797 623.6226196289062
vertex 467.0997009277344 -138.4158935546875 624.3046264648438
endloop
endfacet
facet normal 0.6305018857584244 -0.7591854087580696 0.16157006896053944
outer loop
vertex 465.9902038574219 -139.27920532226562 624.148681640625
vertex 466.63958740234375 -138.7989959716797 623.8709716796875
vertex 466.404296875 -138.84559631347656 624.5701904296875
endloop
endfacet
facet normal 0.5572274978188366 -0.819658303428241 0.13288258462152175
outer loop
vertex 466.63958740234375 -138.7989959716797 623.8709716796875
vertex 467.0997009277344 -138.4158935546875 624.3046264648438
vertex 466.404296875 -138.84559631347656 624.5701904296875
endloop
endfacet
facet normal 0.0 0.0 -1.0
outer loop
vertex 464.52490234375 -136.87159729003906 621.0
vertex 465.07861328125 -136.44679260253906 621.0
vertex 466.6783142089844 -139.43789672851562 621.0
endloop
endfacet
facet normal 0.0 -0.0 -0.9999999999999999
outer loop
vertex 465.07861328125 -136.44679260253906 621.0
vertex 467.0000915527344 -139.19090270996094 621.0
vertex 466.6783142089844 -139.43789672851562 621.0
endloop
endfacet
facet normal 0.0 0.0 -1.0
outer loop
vertex 465.07861328125 -136.44679260253906 621.0
vertex 465.6672058105469 -136.07179260253906 621.0
vertex 467.3421936035156 -138.97300720214844 621.0
endloop
endfacet
facet normal 0.0 -0.0 -1.0
outer loop
vertex 465.07861328125 -136.44679260253906 621.0
vertex 467.3421936035156 -138.97300720214844 621.0
vertex 467.0000915527344 -139.19090270996094 621.0
endloop
endfacet
facet normal 0.0 0.0 -1.0
outer loop
vertex 467.3421936035156 -138.97300720214844 621.0
vertex 466.2862854003906 -135.74949645996094 621.0
vertex 467.70208740234375 -138.78570556640625 621.0
endloop
endfacet
facet normal 0.0 0.0 -1.0
outer loop
vertex 467.70208740234375 -138.78570556640625 621.0
vertex 466.2862854003906 -135.74949645996094 621.0
vertex 468.076904296875 -138.63040161132812 621.0
endloop
endfacet
facet normal 0.0 0.0 -1.0
outer loop
vertex 467.3421936035156 -138.97300720214844 621.0
vertex 465.6672058105469 -136.07179260253906 621.0
vertex 466.2862854003906 -135.74949645996094 621.0
endloop
endfacet
facet normal 0.0 0.0 -1.0
outer loop
vertex 468.076904296875 -138.63040161132812 621.0
vertex 466.2862854003906 -135.74949645996094 621.0
vertex 466.93109130859375 -135.4824981689453 621.0
endloop
endfacet
facet normal 0.0 0.0 -0.9999999999999999
outer loop
vertex 468.076904296875 -138.63040161132812 621.0
vertex 467.5967102050781 -135.27259826660156 621.0
vertex 468.4637145996094 -138.50840759277344 621.0
endloop
endfacet
facet normal 0.0 0.0 -1.0
outer loop
vertex 468.4637145996094 -138.50840759277344 621.0
vertex 467.5967102050781 -135.27259826660156 621.0
vertex 468.85980224609375 -138.42059326171875 621.0
endloop
endfacet
facet normal 0.0 0.0 -1.0
outer loop
vertex 468.076904296875 -138.63040161132812 621.0
vertex 466.93109130859375 -135.4824981689453 621.0
vertex 467.5967102050781 -135.27259826660156 621.0
endloop
endfacet
facet normal 0.0 0.0 -1.0
outer loop
vertex 468.85980224609375 -138.42059326171875 621.0
vertex 467.5967102050781 -135.27259826660156 621.0
vertex 468.2781066894531 -135.1215057373047 621.0
endloop
endfacet
facet normal 0.2164485741872041 -0.976294020634482 2.384147409609772e-06
outer loop
vertex 468.4637145996094 -138.50840759277344 621.0
vertex 468.85980224609375 -138.42059326171875 621.0
vertex 468.69329833984375 -138.45750427246094 622.4822998046875
endloop
endfacet
facet normal 0.13027118659628417 -0.9914784001393051 0.0
outer loop
vertex 468.85980224609375 -138.42059326171875 621.0
vertex 469.1672058105469 -138.3802032470703 621.0
vertex 469.1672058105469 -138.3802032470703 622.4962768554688
endloop
endfacet
facet normal 0.0 0.0 -1.0
outer loop
vertex 468.85980224609375 -138.42059326171875 621.0
vertex 468.9700012207031 -135.0303955078125 621.0
vertex 469.1672058105469 -138.3802032470703 621.0
endloop
endfacet
facet normal 0.21646324611344517 -0.9762907676927146 0.0
outer loop
vertex 468.4637145996094 -138.50840759277344 621.0
vertex 468.69329833984375 -138.45750427246094 622.4822998046875
vertex 468.4637145996094 -138.50840759277344 622.5040283203125
endloop
endfacet
facet normal 0.23325122468425 -0.851651938527976 0.46934298949152126
outer loop
vertex 468.10809326171875 -138.62060546875 622.4771728515625
vertex 468.4637145996094 -138.50840759277344 622.5040283203125
vertex 468.4023132324219 -138.27769470214844 622.9531860351562
endloop
endfacet
facet normal 0.2332485525682248 -0.8516526658011574 0.4693429977730682
outer loop
vertex 468.4637145996094 -138.50840759277344 622.5040283203125
vertex 468.69329833984375 -138.45750427246094 622.4822998046875
vertex 468.4023132324219 -138.27769470214844 622.9531860351562
endloop
endfacet
facet normal 0.21642834357771312 -0.9762985056304282 0.0
outer loop
vertex 468.85980224609375 -138.42059326171875 621.0
vertex 468.85980224609375 -138.42059326171875 622.4953002929688
vertex 468.69329833984375 -138.45750427246094 622.4822998046875
endloop
endfacet
facet normal 0.12987818337886825 -0.9915299579348095 0.0
outer loop
vertex 468.85980224609375 -138.42059326171875 621.0
vertex 468.9833984375 -138.40440368652344 622.482421875
vertex 468.85980224609375 -138.42059326171875 622.4953002929688
endloop
endfacet
facet normal 0.1305395720476253 -0.9914430982075375 -5.60915512554314e-05
outer loop
vertex 468.85980224609375 -138.42059326171875 621.0
vertex 469.1672058105469 -138.3802032470703 622.4962768554688
vertex 468.9833984375 -138.40440368652344 622.482421875
endloop
endfacet
facet normal 0.16187841337490352 -0.8844056557807377 0.43774651946790744
outer loop
vertex 468.69329833984375 -138.45750427246094 622.4822998046875
vertex 468.85980224609375 -138.42059326171875 622.4953002929688
vertex 468.4023132324219 -138.27769470214844 622.9531860351562
endloop
endfacet
facet normal 0.1614845911312341 -0.8842657054329414 0.4381744960884424
outer loop
vertex 468.85980224609375 -138.42059326171875 622.4953002929688
vertex 468.9833984375 -138.40440368652344 622.482421875
vertex 469.1672058105469 -138.17010498046875 622.8875122070312
endloop
endfacet
facet normal 0.07853467479984032 -0.8725424418514831 0.4821846036757441
outer loop
vertex 468.9833984375 -138.40440368652344 622.482421875
vertex 469.1672058105469 -138.3802032470703 622.4962768554688
vertex 469.1672058105469 -138.2238006591797 622.779296875
endloop
endfacet
facet normal 0.1601722291065132 -0.8842217386452594 0.4387445429064676
outer loop
vertex 468.9833984375 -138.40440368652344 622.482421875
vertex 469.1672058105469 -138.2238006591797 622.779296875
vertex 469.1672058105469 -138.17010498046875 622.8875122070312
endloop
endfacet
facet normal 0.0 0.0 -1.0
outer loop
vertex 468.85980224609375 -138.42059326171875 621.0
vertex 468.2781066894531 -135.1215057373047 621.0
vertex 468.9700012207031 -135.0303955078125 621.0
endloop
endfacet
facet normal 0.0 0.0 -1.0
outer loop
vertex 468.9700012207031 -135.0303955078125 621.0
vertex 469.1672058105469 -135.0218048095703 621.0
vertex 469.1672058105469 -138.3802032470703 621.0
endloop
endfacet
facet normal 0.4192741292785203 -0.889761510281274 0.18037089382637422
outer loop
vertex 467.36761474609375 -138.4279022216797 623.6226196289062
vertex 467.7685852050781 -138.1011962890625 624.3021850585938
vertex 467.0997009277344 -138.4158935546875 624.3046264648438
endloop
endfacet
facet normal -0.5373252961580589 0.8433750803223049 0.0
outer loop
vertex 465.07861328125 -136.44679260253906 621.0
vertex 465.6672058105469 -136.07179260253906 630.0
vertex 465.6672058105469 -136.07179260253906 621.0
endloop
endfacet
facet normal -0.46177533691996914 0.8869969211967137 0.0
outer loop
vertex 465.6672058105469 -136.07179260253906 621.0
vertex 466.2862854003906 -135.74949645996094 630.0
vertex 466.2862854003906 -135.74949645996094 621.0
endloop
endfacet
facet normal -0.3825745048299076 0.9239246442508994 0.0
outer loop
vertex 466.2862854003906 -135.74949645996094 621.0
vertex 466.93109130859375 -135.4824981689453 630.0
vertex 466.93109130859375 -135.4824981689453 621.0
endloop
endfacet
facet normal -0.30074629170361483 0.9537041826617538 0.0
outer loop
vertex 466.93109130859375 -135.4824981689453 621.0
vertex 467.5967102050781 -135.27259826660156 630.0
vertex 467.5967102050781 -135.27259826660156 621.0
endloop
endfacet
facet normal 0.30232478855655226 -0.8521949650536087 0.4270403537858158
outer loop
vertex 468.10809326171875 -138.62060546875 622.4771728515625
vertex 468.4023132324219 -138.27769470214844 622.9531860351562
vertex 467.67950439453125 -138.5272979736328 622.966796875
endloop
endfacet
facet normal 0.31235203814666207 -0.8858038723927247 0.3432021327434893
outer loop
vertex 467.67950439453125 -138.5272979736328 622.966796875
vertex 468.4023132324219 -138.27769470214844 622.9531860351562
vertex 468.0705871582031 -138.14390563964844 623.6004028320312
endloop
endfacet
facet normal 0.3648415307109612 -0.8790905574377783 0.30674166539976117
outer loop
vertex 467.67950439453125 -138.5272979736328 622.966796875
vertex 468.0705871582031 -138.14390563964844 623.6004028320312
vertex 467.36761474609375 -138.4279022216797 623.6226196289062
endloop
endfacet
facet normal 0.22891376168826577 -0.923368935819901 0.30820171653083245
outer loop
vertex 468.4023132324219 -138.27769470214844 622.9531860351562
vertex 468.80621337890625 -137.9593963623047 623.6068115234375
vertex 468.0705871582031 -138.14390563964844 623.6004028320312
endloop
endfacet
facet normal 0.1619841008451647 -0.8843436158199403 0.43783275372212305
outer loop
vertex 468.85980224609375 -138.42059326171875 622.4953002929688
vertex 469.1672058105469 -138.17010498046875 622.8875122070312
vertex 468.4023132324219 -138.27769470214844 622.9531860351562
endloop
endfacet
facet normal 0.15989067480388408 -0.9228858652763803 0.3503093658237324
outer loop
vertex 468.4023132324219 -138.27769470214844 622.9531860351562
vertex 469.1672058105469 -138.17010498046875 622.8875122070312
vertex 469.1672058105469 -138.1309051513672 622.9907836914062
endloop
endfacet
facet normal 0.1598575459497742 -0.9227850829902331 0.3505898680989294
outer loop
vertex 468.4023132324219 -138.27769470214844 622.9531860351562
vertex 469.1672058105469 -138.1309051513672 622.9907836914062
vertex 468.80621337890625 -137.9593963623047 623.6068115234375
endloop
endfacet
facet normal 0.08159995455458284 -0.9467664784127999 0.311407583033097
outer loop
vertex 468.80621337890625 -137.9593963623047 623.6068115234375
vertex 469.1672058105469 -138.1309051513672 622.9907836914062
vertex 469.1672058105469 -137.93089294433594 623.598876953125
endloop
endfacet
facet normal 0.37166014942100645 -0.9031530293305371 0.21490309198201282
outer loop
vertex 467.36761474609375 -138.4279022216797 623.6226196289062
vertex 468.0705871582031 -138.14390563964844 623.6004028320312
vertex 467.7685852050781 -138.1011962890625 624.3021850585938
endloop
endfacet
facet normal 0.2357547401156954 -0.9474492770541454 0.21623961228821678
outer loop
vertex 468.0705871582031 -138.14390563964844 623.6004028320312
vertex 468.80621337890625 -137.9593963623047 623.6068115234375
vertex 468.5006103515625 -137.8780975341797 624.2962036132812
endloop
endfacet
facet normal 0.28805962259765644 -0.9403150586907666 0.1811884218935526
outer loop
vertex 468.0705871582031 -138.14390563964844 623.6004028320312
vertex 468.5006103515625 -137.8780975341797 624.2962036132812
vertex 467.7685852050781 -138.1011962890625 624.3021850585938
endloop
endfacet
facet normal 0.08160434762221334 -0.9712278140715351 0.2237348064628763
outer loop
vertex 468.80621337890625 -137.9593963623047 623.6068115234375
vertex 469.1672058105469 -137.93089294433594 623.598876953125
vertex 469.1672058105469 -137.79449462890625 624.1909790039062
endloop
endfacet
facet normal 0.15050875029687605 -0.9718373109223982 0.18132665877690066
outer loop
vertex 468.80621337890625 -137.9593963623047 623.6068115234375
vertex 469.1672058105469 -137.79449462890625 624.1909790039062
vertex 468.5006103515625 -137.8780975341797 624.2962036132812
endloop
endfacet
facet normal 0.1503819840532355 -0.9720356832921134 0.1803659870348255
outer loop
vertex 468.5006103515625 -137.8780975341797 624.2962036132812
vertex 469.1672058105469 -137.79449462890625 624.1909790039062
vertex 469.1672058105469 -137.77520751953125 624.294921875
endloop
endfacet
facet normal 0.15215941864343718 -0.9847468242823721 0.08438722287096545
outer loop
vertex 468.5006103515625 -137.8780975341797 624.2962036132812
vertex 469.1672058105469 -137.77520751953125 624.294921875
vertex 469.1672058105469 -137.76210021972656 624.4478759765625
endloop
endfacet
facet normal -0.21648135571533744 0.9762867522545051 0.0
outer loop
vertex 467.5967102050781 -135.27259826660156 621.0
vertex 468.2781066894531 -135.1215057373047 630.0
vertex 468.2781066894531 -135.1215057373047 621.0
endloop
endfacet
facet normal -0.13055518857484888 0.9914410434999076 0.0
outer loop
vertex 468.2781066894531 -135.1215057373047 621.0
vertex 468.9700012207031 -135.0303955078125 630.0
vertex 468.9700012207031 -135.0303955078125 621.0
endloop
endfacet
facet normal -0.04352108962322298 0.999052508508941 0.0
outer loop
vertex 468.9700012207031 -135.0303955078125 621.0
vertex 468.9700012207031 -135.0303955078125 630.0
vertex 469.1672058105469 -135.0218048095703 621.0
endloop
endfacet
facet normal -0.9990491444563858 0.04359824492985156 0.0
outer loop
vertex 461.69769287109375 -142.30279541015625 621.0
vertex 461.6890869140625 -142.5 626.0
vertex 461.69769287109375 -142.30279541015625 630.0
endloop
endfacet
facet normal 0.0 0.0 -1.0
outer loop
vertex 461.6672058105469 -143.0 626.0
vertex 461.6890869140625 -142.5 626.0
vertex 464.4966125488281 -142.5655059814453 626.0
endloop
endfacet
facet normal 0.0 -1.0 0.0
outer loop
vertex 464.55218505859375 -142.5 623.7517700195312
vertex 464.5085144042969 -142.5 623.95947265625
vertex 461.6890869140625 -142.5 626.0
endloop
endfacet
facet normal 0.0 -1.0 0.0
outer loop
vertex 464.5085144042969 -142.5 623.95947265625
vertex 464.4283142089844 -142.5 624.4782104492188
vertex 461.6890869140625 -142.5 626.0
endloop
endfacet
facet normal 0.0 -1.0 0.0
outer loop
vertex 464.4283142089844 -142.5 624.4782104492188
vertex 464.41351318359375 -142.5 624.6909790039062
vertex 461.6890869140625 -142.5 626.0
endloop
endfacet
facet normal 0.0 -1.0 0.0
outer loop
vertex 461.6890869140625 -142.5 626.0
vertex 464.41351318359375 -142.5 624.6909790039062
vertex 464.41351318359375 -142.5 625.3090209960938
endloop
endfacet
facet normal 0.996376986257704 -0.04928241446492037 0.06931193894649834
outer loop
vertex 464.4283142089844 -142.5 624.4782104492188
vertex 464.4324951171875 -142.29469299316406 624.5640869140625
vertex 464.41351318359375 -142.5 624.6909790039062
endloop
endfacet
facet normal 0.9957531209558691 -0.09206368505901905 0.0
outer loop
vertex 464.41351318359375 -142.5 624.6909790039062
vertex 464.4324951171875 -142.29469299316406 624.5640869140625
vertex 464.41351318359375 -142.5 625.3090209960938
endloop
endfacet
facet normal 0.9957531209558691 -0.09206368505901903 0.0
outer loop
vertex 464.4324951171875 -142.29469299316406 624.5640869140625
vertex 464.4324951171875 -142.29469299316406 625.4359130859375
vertex 464.41351318359375 -142.5 625.3090209960938
endloop
endfacet
facet normal 0.9843948437183564 -0.1759738380007462 0.0
outer loop
vertex 464.4324951171875 -142.29469299316406 624.5640869140625
vertex 464.5588073730469 -141.58810424804688 625.0
vertex 464.4324951171875 -142.29469299316406 625.4359130859375
endloop
endfacet
facet normal 0.9712401377208725 -0.22378700654578235 0.08131402450511624
outer loop
vertex 464.6265869140625 -141.60679626464844 624.1389770507812
vertex 464.5588073730469 -141.58810424804688 625.0
vertex 464.4324951171875 -142.29469299316406 624.5640869140625
endloop
endfacet
facet normal 0.9468237960763696 -0.31131381810418046 0.08129210195911346
outer loop
vertex 464.6265869140625 -141.60679626464844 624.1389770507812
vertex 464.8283996582031 -140.88209533691406 624.563720703125
vertex 464.5588073730469 -141.58810424804688 625.0
endloop
endfacet
facet normal 0.9342072534154645 -0.35673072150563934 0.0
outer loop
vertex 464.8283996582031 -140.88209533691406 624.563720703125
vertex 464.8283996582031 -140.88209533691406 625.436279296875
vertex 464.5588073730469 -141.58810424804688 625.0
endloop
endfacet
facet normal 0.0 -1.0 0.0
outer loop
vertex 461.6890869140625 -142.5 626.0
vertex 464.41351318359375 -142.5 625.3090209960938
vertex 464.4283142089844 -142.5 625.5217895507812
endloop
endfacet
facet normal 0.0 -0.0 -1.0
outer loop
vertex 461.6672058105469 -143.0 626.0
vertex 464.4966125488281 -142.5655059814453 626.0
vertex 464.4744873046875 -143.0 626.0
endloop
endfacet
facet normal 0.0 -1.0 0.0
outer loop
vertex 461.6890869140625 -142.5 626.0
vertex 464.4283142089844 -142.5 625.5217895507812
vertex 464.502197265625 -142.5 626.0
endloop
endfacet
facet normal 0.0 -0.0 -1.0
outer loop
vertex 461.6890869140625 -142.5 626.0
vertex 464.502197265625 -142.5 626.0
vertex 464.4966125488281 -142.5655059814453 626.0
endloop
endfacet
facet normal 0.996376986257704 -0.04928241446492037 -0.06931193894649834
outer loop
vertex 464.41351318359375 -142.5 625.3090209960938
vertex 464.4324951171875 -142.29469299316406 625.4359130859375
vertex 464.4283142089844 -142.5 625.5217895507812
endloop
endfacet
facet normal 0.9848068936132577 -0.08369728593923477 -0.1521517223636054
outer loop
vertex 464.4283142089844 -142.5 625.5217895507812
vertex 464.4324951171875 -142.29469299316406 625.4359130859375
vertex 464.502197265625 -142.5 626.0
endloop
endfacet
facet normal 0.9772786992861241 -0.049764850358731516 -0.20603350113608757
outer loop
vertex 464.4744873046875 -143.0 626.0
vertex 464.4966125488281 -142.5655059814453 626.0
vertex 464.5690002441406 -143.0 626.4483032226562
endloop
endfacet
facet normal 0.9847012538894825 -0.08395077077184966 -0.15269482203170243
outer loop
vertex 464.4966125488281 -142.5655059814453 626.0
vertex 464.502197265625 -142.5 626.0
vertex 464.54541015625 -142.29620361328125 626.1666259765625
endloop
endfacet
facet normal 0.977303285986942 -0.049665209601493204 -0.20594089966387244
outer loop
vertex 464.4966125488281 -142.5655059814453 626.0
vertex 464.54541015625 -142.29620361328125 626.1666259765625
vertex 464.5690002441406 -143.0 626.4483032226562
endloop
endfacet
facet normal 0.984730741029226 -0.08424559476209055 -0.15234187682713246
outer loop
vertex 464.4324951171875 -142.29469299316406 625.4359130859375
vertex 464.54541015625 -142.29620361328125 626.1666259765625
vertex 464.502197265625 -142.5 626.0
endloop
endfacet
facet normal 0.9718591047459758 -0.18117285360892926 -0.15055323854885366
outer loop
vertex 464.4324951171875 -142.29469299316406 625.4359130859375
vertex 464.6265869140625 -141.60679626464844 625.8610229492188
vertex 464.54541015625 -142.29620361328125 626.1666259765625
endloop
endfacet
facet normal 0.9712401377208725 -0.22378700654578235 -0.08131402450511624
outer loop
vertex 464.5588073730469 -141.58810424804688 625.0
vertex 464.6265869140625 -141.60679626464844 625.8610229492188
vertex 464.4324951171875 -142.29469299316406 625.4359130859375
endloop
endfacet
facet normal 0.9468237960763696 -0.31131381810418046 -0.08129210195911346
outer loop
vertex 464.5588073730469 -141.58810424804688 625.0
vertex 464.8283996582031 -140.88209533691406 625.436279296875
vertex 464.6265869140625 -141.60679626464844 625.8610229492188
endloop
endfacet
facet normal 0.9474488989912087 -0.21611737060216069 -0.2358683232745652
outer loop
vertex 464.54541015625 -142.29620361328125 626.1666259765625
vertex 464.6265869140625 -141.60679626464844 625.8610229492188
vertex 464.8111877441406 -141.60040283203125 626.5966796875
endloop
endfacet
facet normal 0.9233699637628618 -0.30811480549307146 -0.22902658504317402
outer loop
vertex 464.6265869140625 -141.60679626464844 625.8610229492188
vertex 464.94488525390625 -140.9532012939453 626.2650146484375
vertex 464.8111877441406 -141.60040283203125 626.5966796875
endloop
endfacet
facet normal 0.9227834323663938 -0.35062559461768017 -0.1597887021947901
outer loop
vertex 464.8283996582031 -140.88209533691406 625.436279296875
vertex 464.94488525390625 -140.9532012939453 626.2650146484375
vertex 464.6265869140625 -141.60679626464844 625.8610229492188
endloop
endfacet
facet normal 0.8724679942981066 -0.4823511435510144 0.07833883609339289
outer loop
vertex 465.21429443359375 -140.24789428710938 624.1708984375
vertex 465.1588134765625 -140.21359252929688 625.0
vertex 464.8283996582031 -140.88209533691406 624.563720703125
endloop
endfacet
facet normal 0.8964762285652262 -0.44309183203650704 0.0
outer loop
vertex 464.8283996582031 -140.88209533691406 624.563720703125
vertex 465.1588134765625 -140.21359252929688 625.0
vertex 464.8283996582031 -140.88209533691406 625.436279296875
endloop
endfacet
facet normal 0.8724679942981066 -0.4823511435510144 -0.07833883609339289
outer loop
vertex 464.8283996582031 -140.88209533691406 625.436279296875
vertex 465.1588134765625 -140.21359252929688 625.0
vertex 465.21429443359375 -140.24789428710938 625.8291015625
endloop
endfacet
facet normal 0.8843577173541993 -0.43784602137680967 -0.1618712121427657
outer loop
vertex 464.8283996582031 -140.88209533691406 625.436279296875
vertex 465.21429443359375 -140.24789428710938 625.8291015625
vertex 464.94488525390625 -140.9532012939453 626.2650146484375
endloop
endfacet
facet normal -0.9914464807267925 0.13051389142331926 0.0
outer loop
vertex 461.69769287109375 -142.30279541015625 621.0
vertex 461.69769287109375 -142.30279541015625 630.0
vertex 461.7887878417969 -141.6107940673828 630.0
endloop
endfacet
facet normal -0.9763144684501711 0.21635632344551445 0.0
outer loop
vertex 461.7887878417969 -141.6107940673828 621.0
vertex 461.7887878417969 -141.6107940673828 630.0
vertex 461.9397888183594 -140.9293975830078 630.0
endloop
endfacet
facet normal -0.9990438078055109 0.0437203619504731 -6.031990988182954e-06
outer loop
vertex 461.6672058105469 -143.0 626.0
vertex 461.69769287109375 -142.30279541015625 630.0
vertex 461.6890869140625 -142.5 626.0
endloop
endfacet
facet normal -0.9537022051354943 0.3007525626153426 0.0
outer loop
vertex 461.9397888183594 -140.9293975830078 621.0
vertex 461.9397888183594 -140.9293975830078 630.0
vertex 462.1496887207031 -140.2637939453125 630.0
endloop
endfacet
facet normal -0.9238403892236081 0.38277791895454505 0.0
outer loop
vertex 462.1496887207031 -140.2637939453125 621.0
vertex 462.1496887207031 -140.2637939453125 630.0
vertex 462.41680908203125 -139.6190948486328 630.0
endloop
endfacet
facet normal -0.8870553062380715 0.4616631712351346 0.0
outer loop
vertex 462.41680908203125 -139.6190948486328 621.0
vertex 462.41680908203125 -139.6190948486328 630.0
vertex 462.739013671875 -139.0 630.0
endloop
endfacet
facet normal -0.8433750803223049 0.5373252961580589 0.0
outer loop
vertex 462.739013671875 -139.0 621.0
vertex 462.739013671875 -139.0 630.0
vertex 463.114013671875 -138.41140747070312 630.0
endloop
endfacet
facet normal 0.9529804784643533 -0.08452515023631017 -0.29100465055284186
outer loop
vertex 464.54541015625 -142.29620361328125 626.1666259765625
vertex 464.7684020996094 -142.3022003173828 626.8986206054688
vertex 464.5690002441406 -143.0 626.4483032226562
endloop
endfacet
facet normal 0.9403443066630878 -0.18121512342162072 -0.2879473284640845
outer loop
vertex 464.54541015625 -142.29620361328125 626.1666259765625
vertex 464.8111877441406 -141.60040283203125 626.5966796875
vertex 464.7684020996094 -142.3022003173828 626.8986206054688
endloop
endfacet
facet normal 0.9395908897758345 -0.04996211680680835 -0.33863364678430646
outer loop
vertex 464.5690002441406 -143.0 626.4483032226562
vertex 464.7684020996094 -142.3022003173828 626.8986206054688
vertex 464.8175048828125 -143.0 627.1378173828125
endloop
endfacet
facet normal 0.8858240236801942 -0.34309221667685375 -0.31241563649534826
outer loop
vertex 464.8111877441406 -141.60040283203125 626.5966796875
vertex 464.94488525390625 -140.9532012939453 626.2650146484375
vertex 465.1944885253906 -140.966796875 626.9876708984375
endloop
endfacet
facet normal 0.90318544020347 -0.21492653291370697 -0.3715678216075195
outer loop
vertex 464.7684020996094 -142.3022003173828 626.8986206054688
vertex 464.8111877441406 -141.60040283203125 626.5966796875
vertex 465.0950927734375 -141.6226043701172 627.2996215820312
endloop
endfacet
facet normal 0.8791268892008502 -0.3067452022004824 -0.364751002207014
outer loop
vertex 464.8111877441406 -141.60040283203125 626.5966796875
vertex 465.1944885253906 -140.966796875 626.9876708984375
vertex 465.0950927734375 -141.6226043701172 627.2996215820312
endloop
endfacet
facet normal 0.9016903514129164 -0.08207053193767394 -0.4245220111564514
outer loop
vertex 464.7684020996094 -142.3022003173828 626.8986206054688
vertex 465.0830993652344 -142.30459594726562 627.5675048828125
vertex 464.8175048828125 -143.0 627.1378173828125
endloop
endfacet
facet normal 0.8838258054035225 -0.05016286682979526 -0.4651189444585449
outer loop
vertex 464.8175048828125 -143.0 627.1378173828125
vertex 465.0830993652344 -142.30459594726562 627.5675048828125
vertex 465.1588134765625 -143.0 627.786376953125
endloop
endfacet
facet normal 0.8897725128214743 -0.18033358607321828 -0.41926682811943566
outer loop
vertex 464.7684020996094 -142.3022003173828 626.8986206054688
vertex 465.0950927734375 -141.6226043701172 627.2996215820312
vertex 465.0830993652344 -142.30459594726562 627.5675048828125
endloop
endfacet
facet normal -0.7933402656962169 0.608778467773833 0.0
outer loop
vertex 463.114013671875 -138.41140747070312 621.0
vertex 463.114013671875 -138.41140747070312 630.0
vertex 463.5389099121094 -137.85769653320312 630.0
endloop
endfacet
facet normal -0.7373129323674716 0.6755513598266827 0.0
outer loop
vertex 463.5389099121094 -137.85769653320312 621.0
vertex 463.5389099121094 -137.85769653320312 630.0
vertex 464.0104064941406 -137.3430938720703 630.0
endloop
endfacet
facet normal -0.675627591699573 0.7372430788649257 0.0
outer loop
vertex 464.0104064941406 -137.3430938720703 621.0
vertex 464.0104064941406 -137.3430938720703 630.0
vertex 464.52490234375 -136.87159729003906 630.0
endloop
endfacet
facet normal -0.6086958984494646 0.7934036193582676 0.0
outer loop
vertex 464.52490234375 -136.87159729003906 621.0
vertex 464.52490234375 -136.87159729003906 630.0
vertex 465.07861328125 -136.44679260253906 630.0
endloop
endfacet
facet normal 0.8303651394905699 -0.5516781647754716 0.07838965256189216
outer loop
vertex 465.21429443359375 -140.24789428710938 624.1708984375
vertex 465.5321960449219 -139.71270751953125 624.5698852539062
vertex 465.1588134765625 -140.21359252929688 625.0
endloop
endfacet
facet normal 0.8017492684179574 -0.5976605312309576 0.0
outer loop
vertex 465.1588134765625 -140.21359252929688 625.0
vertex 465.5321960449219 -139.71270751953125 624.5698852539062
vertex 465.5321960449219 -139.71270751953125 625.4301147460938
endloop
endfacet
facet normal 0.723273630078973 -0.6858410889972044 0.08060556231125472
outer loop
vertex 465.9902038574219 -139.27920532226562 624.148681640625
vertex 465.9418029785156 -139.23019409179688 625.0
vertex 465.5321960449219 -139.71270751953125 624.5698852539062
endloop
endfacet
facet normal 0.6805314168901261 -0.7282703469212258 0.08061818914336208
outer loop
vertex 465.9902038574219 -139.27920532226562 624.148681640625
vertex 466.404296875 -138.84559631347656 624.5701904296875
vertex 465.9418029785156 -139.23019409179688 625.0
endloop
endfacet
facet normal 0.7623519778793761 -0.6471626239388393 0.0
outer loop
vertex 465.5321960449219 -139.71270751953125 624.5698852539062
vertex 465.9418029785156 -139.23019409179688 625.0
vertex 465.5321960449219 -139.71270751953125 625.4301147460938
endloop
endfacet
facet normal 0.6393856042161158 -0.768886239388632 0.0
outer loop
vertex 465.9418029785156 -139.23019409179688 625.0
vertex 466.404296875 -138.84559631347656 624.5701904296875
vertex 466.404296875 -138.84559631347656 625.4298095703125
endloop
endfacet
facet normal 0.5461570712755482 -0.8337481825756874 0.0810951388645084
outer loop
vertex 467.0997009277344 -138.4158935546875 624.3046264648438
vertex 466.8808898925781 -138.49159240722656 625.0
vertex 466.404296875 -138.84559631347656 624.5701904296875
endloop
endfacet
facet normal 0.596284251207419 -0.8027733750953675 0.0
outer loop
vertex 466.404296875 -138.84559631347656 624.5701904296875
vertex 466.8808898925781 -138.49159240722656 625.0
vertex 466.404296875 -138.84559631347656 625.4298095703125
endloop
endfacet
facet normal 0.8303651394905699 -0.5516781647754716 -0.07838965256189216
outer loop
vertex 465.1588134765625 -140.21359252929688 625.0
vertex 465.5321960449219 -139.71270751953125 625.4301147460938
vertex 465.21429443359375 -140.24789428710938 625.8291015625
endloop
endfacet
facet normal 0.8516072262196605 -0.4694367183144241 -0.23322585566064472
outer loop
vertex 464.94488525390625 -140.9532012939453 626.2650146484375
vertex 465.21429443359375 -140.24789428710938 625.8291015625
vertex 465.3794860839844 -140.35000610351562 626.6378173828125
endloop
endfacet
facet normal 0.7916633786466102 -0.5896069121800035 -0.16010241728154986
outer loop
vertex 465.5321960449219 -139.71270751953125 625.4301147460938
vertex 465.6463928222656 -139.78379821777344 626.256591796875
vertex 465.21429443359375 -140.24789428710938 625.8291015625
endloop
endfacet
facet normal 0.8095101193440943 -0.538729041593285 -0.23337606223323454
outer loop
vertex 465.21429443359375 -140.24789428710938 625.8291015625
vertex 465.6463928222656 -139.78379821777344 626.256591796875
vertex 465.3794860839844 -140.35000610351562 626.6378173828125
endloop
endfacet
facet normal 0.723273630078973 -0.6858410889972044 -0.08060556231125472
outer loop
vertex 465.9418029785156 -139.23019409179688 625.0
vertex 465.9902038574219 -139.27920532226562 625.851318359375
vertex 465.5321960449219 -139.71270751953125 625.4301147460938
endloop
endfacet
facet normal 0.6805314168901261 -0.7282703469212258 -0.08061818914336208
outer loop
vertex 465.9418029785156 -139.23019409179688 625.0
vertex 466.404296875 -138.84559631347656 625.4298095703125
vertex 465.9902038574219 -139.27920532226562 625.851318359375
endloop
endfacet
facet normal 0.7518318531719822 -0.6399151150163624 -0.15892611531645276
outer loop
vertex 465.5321960449219 -139.71270751953125 625.4301147460938
vertex 465.9902038574219 -139.27920532226562 625.851318359375
vertex 465.6463928222656 -139.78379821777344 626.256591796875
endloop
endfacet
facet normal 0.7021863999403867 -0.670595169984116 -0.23924125424502785
outer loop
vertex 465.9902038574219 -139.27920532226562 625.851318359375
vertex 466.2359924316406 -139.27780151367188 626.5687866210938
vertex 465.6463928222656 -139.78379821777344 626.256591796875
endloop
endfacet
facet normal 0.6387516159012557 -0.7380672204470967 -0.2173778997162121
outer loop
vertex 465.9902038574219 -139.27920532226562 625.851318359375
vertex 466.63958740234375 -138.7989959716797 626.1290283203125
vertex 466.2359924316406 -139.27780151367188 626.5687866210938
endloop
endfacet
facet normal 0.5461570712755482 -0.8337481825756874 -0.0810951388645084
outer loop
vertex 466.404296875 -138.84559631347656 625.4298095703125
vertex 466.8808898925781 -138.49159240722656 625.0
vertex 467.0997009277344 -138.4158935546875 625.6953735351562
endloop
endfacet
facet normal 0.6305018857584244 -0.7591854087580696 -0.16157006896053944
outer loop
vertex 465.9902038574219 -139.27920532226562 625.851318359375
vertex 466.404296875 -138.84559631347656 625.4298095703125
vertex 466.63958740234375 -138.7989959716797 626.1290283203125
endloop
endfacet
facet normal 0.5572274978188366 -0.819658303428241 -0.13288258462152175
outer loop
vertex 466.404296875 -138.84559631347656 625.4298095703125
vertex 467.0997009277344 -138.4158935546875 625.6953735351562
vertex 466.63958740234375 -138.7989959716797 626.1290283203125
endloop
endfacet
facet normal 0.50012618231718 -0.8397894354660984 -0.2112522327464844
outer loop
vertex 466.63958740234375 -138.7989959716797 626.1290283203125
vertex 467.0997009277344 -138.4158935546875 625.6953735351562
vertex 467.36761474609375 -138.4279022216797 626.3773803710938
endloop
endfacet
facet normal 0.8521518285453455 -0.42709740741272306 -0.3023657812784945
outer loop
vertex 464.94488525390625 -140.9532012939453 626.2650146484375
vertex 465.3794860839844 -140.35000610351562 626.6378173828125
vertex 465.1944885253906 -140.966796875 626.9876708984375
endloop
endfacet
facet normal 0.8336557583993004 -0.08117208684009702 -0.546286709343831
outer loop
vertex 465.1588134765625 -143.0 627.786376953125
vertex 465.0830993652344 -142.30459594726562 627.5675048828125
vertex 465.5129089355469 -142.57020568847656 628.2628784179688
endloop
endfacet
facet normal 0.8397717081177817 -0.21123073665689632 -0.5001650269024496
outer loop
vertex 465.0830993652344 -142.30459594726562 627.5675048828125
vertex 465.0950927734375 -141.6226043701172 627.2996215820312
vertex 465.4661865234375 -141.87100219726562 628.027587890625
endloop
endfacet
facet normal 0.8196138074984719 -0.13277593516345734 -0.5573183628764868
outer loop
vertex 465.0830993652344 -142.30459594726562 627.5675048828125
vertex 465.4661865234375 -141.87100219726562 628.027587890625
vertex 465.5129089355469 -142.57020568847656 628.2628784179688
endloop
endfacet
facet normal 0.8294200357263218 -0.33746617240286797 -0.44517298527595395
outer loop
vertex 465.0950927734375 -141.6226043701172 627.2996215820312
vertex 465.1944885253906 -140.966796875 626.9876708984375
vertex 465.5150146484375 -141.1654052734375 627.7354125976562
endloop
endfacet
facet normal 0.8016465473163175 -0.39513747688633355 -0.44858576385762555
outer loop
vertex 465.1944885253906 -140.966796875 626.9876708984375
vertex 465.65020751953125 -140.51730346679688 627.4061279296875
vertex 465.5150146484375 -141.1654052734375 627.7354125976562
endloop
endfacet
facet normal 0.818583448609243 -0.2671907392622118 -0.5084586969612295
outer loop
vertex 465.0950927734375 -141.6226043701172 627.2996215820312
vertex 465.5150146484375 -141.1654052734375 627.7354125976562
vertex 465.4661865234375 -141.87100219726562 628.027587890625
endloop
endfacet
facet normal 0.7421827197683131 -0.4201207021050292 -0.5221718166849748
outer loop
vertex 465.5150146484375 -141.1654052734375 627.7354125976562
vertex 465.65020751953125 -140.51730346679688 627.4061279296875
vertex 466.0198059082031 -140.7458038330078 628.1152954101562
endloop
endfacet
facet normal 0.7600343449296204 -0.5693062720853989 -0.31342967806452027
outer loop
vertex 465.3794860839844 -140.35000610351562 626.6378173828125
vertex 465.6463928222656 -139.78379821777344 626.256591796875
vertex 465.9195861816406 -139.81199645996094 626.9702758789062
endloop
endfacet
facet normal 0.8026405656476219 -0.45768825570334537 -0.3824782124096677
outer loop
vertex 465.1944885253906 -140.966796875 626.9876708984375
vertex 465.3794860839844 -140.35000610351562 626.6378173828125
vertex 465.65020751953125 -140.51730346679688 627.4061279296875
endloop
endfacet
facet normal 0.7595446716986661 -0.5262984860401442 -0.3822326455001167
outer loop
vertex 465.3794860839844 -140.35000610351562 626.6378173828125
vertex 465.9195861816406 -139.81199645996094 626.9702758789062
vertex 465.65020751953125 -140.51730346679688 627.4061279296875
endloop
endfacet
facet normal 0.707499413375229 -0.6416564541169953 -0.2961782823971245
outer loop
vertex 465.6463928222656 -139.78379821777344 626.256591796875
vertex 466.2359924316406 -139.27780151367188 626.5687866210938
vertex 465.9195861816406 -139.81199645996094 626.9702758789062
endloop
endfacet
facet normal 0.6490464700022317 -0.6637751244252783 -0.37167359870166816
outer loop
vertex 465.9195861816406 -139.81199645996094 626.9702758789062
vertex 466.2359924316406 -139.27780151367188 626.5687866210938
vertex 466.552001953125 -139.35260009765625 627.2542114257812
endloop
endfacet
facet normal 0.5812168345672499 -0.7591265795856964 -0.29311060605537154
outer loop
vertex 466.63958740234375 -138.7989959716797 626.1290283203125
vertex 466.9317932128906 -138.8477020263672 626.8345947265625
vertex 466.2359924316406 -139.27780151367188 626.5687866210938
endloop
endfacet
facet normal 0.5083965292863536 -0.8186639142773312 -0.2670624729716028
outer loop
vertex 466.63958740234375 -138.7989959716797 626.1290283203125
vertex 467.36761474609375 -138.4279022216797 626.3773803710938
vertex 466.9317932128906 -138.8477020263672 626.8345947265625
endloop
endfacet
facet normal 0.5856235475347255 -0.7312246722585746 -0.3497935666263512
outer loop
vertex 466.2359924316406 -139.27780151367188 626.5687866210938
vertex 466.9317932128906 -138.8477020263672 626.8345947265625
vertex 466.552001953125 -139.35260009765625 627.2542114257812
endloop
endfacet
facet normal 0.4450714187758836 -0.8295087666774428 -0.3373820359682625
outer loop
vertex 466.9317932128906 -138.8477020263672 626.8345947265625
vertex 467.36761474609375 -138.4279022216797 626.3773803710938
vertex 467.67950439453125 -138.5272979736328 627.033203125
endloop
endfacet
facet normal 0.4484936308553121 -0.801713087080083 -0.39510706028460496
outer loop
vertex 466.9317932128906 -138.8477020263672 626.8345947265625
vertex 467.67950439453125 -138.5272979736328 627.033203125
vertex 467.2611083984375 -138.98289489746094 627.4827270507812
endloop
endfacet
facet normal 0.6486343504041446 -0.6206498854022472 -0.4405305882977603
outer loop
vertex 465.9195861816406 -139.81199645996094 626.9702758789062
vertex 466.552001953125 -139.35260009765625 627.2542114257812
vertex 466.2403869628906 -140.00950622558594 627.7208862304688
endloop
endfacet
facet normal 0.7084214829703362 -0.5465380817565547 -0.4465816024602617
outer loop
vertex 465.9195861816406 -139.81199645996094 626.9702758789062
vertex 466.2403869628906 -140.00950622558594 627.7208862304688
vertex 465.65020751953125 -140.51730346679688 627.4061279296875
endloop
endfacet
facet normal 0.6990071504466948 -0.488944098387016 -0.5218454486501722
outer loop
vertex 465.65020751953125 -140.51730346679688 627.4061279296875
vertex 466.2403869628906 -140.00950622558594 627.7208862304688
vertex 466.0198059082031 -140.7458038330078 628.1152954101562
endloop
endfacet
facet normal 0.5851499092976733 -0.6354627631771239 -0.5037724290433324
outer loop
vertex 466.2403869628906 -140.00950622558594 627.7208862304688
vertex 466.552001953125 -139.35260009765625 627.2542114257812
vertex 466.9464111328125 -139.57310485839844 627.990478515625
endloop
endfacet
facet normal 0.5222939667595687 -0.7420719829192137 -0.4201644730970253
outer loop
vertex 466.9317932128906 -138.8477020263672 626.8345947265625
vertex 467.2611083984375 -138.98289489746094 627.4827270507812
vertex 466.552001953125 -139.35260009765625 627.2542114257812
endloop
endfacet
facet normal 0.5219615420990947 -0.6989296838881839 -0.4889309210404863
outer loop
vertex 466.552001953125 -139.35260009765625 627.2542114257812
vertex 467.2611083984375 -138.98289489746094 627.4827270507812
vertex 466.9464111328125 -139.57310485839844 627.990478515625
endloop
endfacet
facet normal 0.44659227852803884 -0.7083614291138884 -0.5466071921433746
outer loop
vertex 467.2611083984375 -138.98289489746094 627.4827270507812
vertex 467.6969909667969 -139.25230407714844 628.18798828125
vertex 466.9464111328125 -139.57310485839844 627.990478515625
endloop
endfacet
facet normal 0.38241096126940577 -0.802709477283161 -0.45762359180969164
outer loop
vertex 467.2611083984375 -138.98289489746094 627.4827270507812
vertex 467.67950439453125 -138.5272979736328 627.033203125
vertex 468.0295104980469 -138.7122039794922 627.6500244140625
endloop
endfacet
facet normal 0.30232774206228963 -0.8522046902473576 -0.4270188547358569
outer loop
vertex 467.67950439453125 -138.5272979736328 627.033203125
vertex 468.4023132324219 -138.27769470214844 627.0468139648438
vertex 468.0295104980469 -138.7122039794922 627.6500244140625
endloop
endfacet
facet normal 0.23313371308667535 -0.8516584981960925 -0.4693894697080411
outer loop
vertex 468.0295104980469 -138.7122039794922 627.6500244140625
vertex 468.4023132324219 -138.27769470214844 627.0468139648438
vertex 468.8381042480469 -138.54710388183594 627.7520751953125
endloop
endfacet
facet normal 0.38216734917621337 -0.7595469761059908 -0.5263425769514297
outer loop
vertex 467.2611083984375 -138.98289489746094 627.4827270507812
vertex 468.0295104980469 -138.7122039794922 627.6500244140625
vertex 467.6969909667969 -139.25230407714844 628.18798828125
endloop
endfacet
facet normal 0.2332846467125741 -0.8095567136250926 -0.5386986179977906
outer loop
vertex 468.0295104980469 -138.7122039794922 627.6500244140625
vertex 468.8381042480469 -138.54710388183594 627.7520751953125
vertex 468.41070556640625 -138.97909545898438 628.2161865234375
endloop
endfacet
facet normal 0.07842037438114195 -0.8304375567757363 -0.55156478239484
outer loop
vertex 468.8381042480469 -138.54710388183594 627.7520751953125
vertex 469.6672058105469 -138.49159240722656 627.786376953125
vertex 469.2372131347656 -138.86489868164062 628.2872924804688
endloop
endfacet
facet normal 0.4650692713110102 -0.8838540968788136 0.050124927060126674
outer loop
vertex 467.0997009277344 -138.4158935546875 624.3046264648438
vertex 467.5295104980469 -138.15029907226562 625.0
vertex 466.8808898925781 -138.49159240722656 625.0
endloop
endfacet
facet normal 0.4650692713110102 -0.8838540968788136 -0.050124927060126674
outer loop
vertex 466.8808898925781 -138.49159240722656 625.0
vertex 467.5295104980469 -138.15029907226562 625.0
vertex 467.0997009277344 -138.4158935546875 625.6953735351562
endloop
endfacet
facet normal 0.4192741292785203 -0.889761510281274 -0.18037089382637422
outer loop
vertex 467.0997009277344 -138.4158935546875 625.6953735351562
vertex 467.7685852050781 -138.1011962890625 625.6978149414062
vertex 467.36761474609375 -138.4279022216797 626.3773803710938
endloop
endfacet
facet normal 0.42452897841890413 -0.9016937955227853 0.0819966194322371
outer loop
vertex 467.0997009277344 -138.4158935546875 624.3046264648438
vertex 467.7685852050781 -138.1011962890625 624.3021850585938
vertex 467.5295104980469 -138.15029907226562 625.0
endloop
endfacet
facet normal 0.33879713784613463 -0.9395319597279869 0.04996194588840583
outer loop
vertex 467.7685852050781 -138.1011962890625 624.3021850585938
vertex 468.2189025878906 -137.90170288085938 625.0
vertex 467.5295104980469 -138.15029907226562 625.0
endloop
endfacet
facet normal 0.2911184805648652 -0.9529422691772907 0.08456395147366388
outer loop
vertex 467.7685852050781 -138.1011962890625 624.3021850585938
vertex 468.5006103515625 -137.8780975341797 624.2962036132812
vertex 468.2189025878906 -137.90170288085938 625.0
endloop
endfacet
facet normal 0.33879713784613463 -0.9395319597279869 -0.04996194588840583
outer loop
vertex 467.5295104980469 -138.15029907226562 625.0
vertex 468.2189025878906 -137.90170288085938 625.0
vertex 467.7685852050781 -138.1011962890625 625.6978149414062
endloop
endfacet
facet normal 0.15223804501055296 -0.9847631577418271 0.08405415400627293
outer loop
vertex 468.5006103515625 -137.8780975341797 624.2962036132812
vertex 469.1672058105469 -137.76210021972656 624.4478759765625
vertex 468.93609619140625 -137.75070190429688 625.0
endloop
endfacet
facet normal 0.20577383872905408 -0.9773425594121867 0.04958476435706234
outer loop
vertex 468.5006103515625 -137.8780975341797 624.2962036132812
vertex 468.93609619140625 -137.75070190429688 625.0
vertex 468.2189025878906 -137.90170288085938 625.0
endloop
endfacet
facet normal 0.0690091432991378 -0.9963894036308305 0.04945598521227536
outer loop
vertex 468.93609619140625 -137.75070190429688 625.0
vertex 469.1672058105469 -137.76210021972656 624.4478759765625
vertex 469.1672058105469 -137.7346954345703 625.0
endloop
endfacet
facet normal 0.20577383872905408 -0.9773425594121867 -0.04958476435706234
outer loop
vertex 468.2189025878906 -137.90170288085938 625.0
vertex 468.93609619140625 -137.75070190429688 625.0
vertex 468.5006103515625 -137.8780975341797 625.7037963867188
endloop
endfacet
facet normal 0.0690091432991378 -0.9963894036308305 -0.04945598521227536
outer loop
vertex 468.93609619140625 -137.75070190429688 625.0
vertex 469.1672058105469 -137.7346954345703 625.0
vertex 469.1672058105469 -137.76210021972656 625.5521240234375
endloop
endfacet
facet normal 0.42452897841890413 -0.9016937955227853 -0.0819966194322371
outer loop
vertex 467.0997009277344 -138.4158935546875 625.6953735351562
vertex 467.5295104980469 -138.15029907226562 625.0
vertex 467.7685852050781 -138.1011962890625 625.6978149414062
endloop
endfacet
facet normal 0.2911184805648652 -0.9529422691772907 -0.08456395147366388
outer loop
vertex 468.2189025878906 -137.90170288085938 625.0
vertex 468.5006103515625 -137.8780975341797 625.7037963867188
vertex 467.7685852050781 -138.1011962890625 625.6978149414062
endloop
endfacet
facet normal 0.37166014942100645 -0.9031530293305371 -0.21490309198201282
outer loop
vertex 467.7685852050781 -138.1011962890625 625.6978149414062
vertex 468.0705871582031 -138.14390563964844 626.3995971679688
vertex 467.36761474609375 -138.4279022216797 626.3773803710938
endloop
endfacet
facet normal 0.28805962259765644 -0.9403150586907666 -0.1811884218935526
outer loop
vertex 467.7685852050781 -138.1011962890625 625.6978149414062
vertex 468.5006103515625 -137.8780975341797 625.7037963867188
vertex 468.0705871582031 -138.14390563964844 626.3995971679688
endloop
endfacet
facet normal 0.2357547401156954 -0.9474492770541454 -0.21623961228821678
outer loop
vertex 468.5006103515625 -137.8780975341797 625.7037963867188
vertex 468.80621337890625 -137.9593963623047 626.3931884765625
vertex 468.0705871582031 -138.14390563964844 626.3995971679688
endloop
endfacet
facet normal 0.15223804501055296 -0.9847631577418271 -0.08405415400627293
outer loop
vertex 468.93609619140625 -137.75070190429688 625.0
vertex 469.1672058105469 -137.76210021972656 625.5521240234375
vertex 468.5006103515625 -137.8780975341797 625.7037963867188
endloop
endfacet
facet normal 0.15215941864343718 -0.9847468242823721 -0.08438722287096545
outer loop
vertex 468.5006103515625 -137.8780975341797 625.7037963867188
vertex 469.1672058105469 -137.76210021972656 625.5521240234375
vertex 469.1672058105469 -137.77520751953125 625.705078125
endloop
endfacet
facet normal 0.1503819840532355 -0.9720356832921134 -0.1803659870348255
outer loop
vertex 468.5006103515625 -137.8780975341797 625.7037963867188
vertex 469.1672058105469 -137.77520751953125 625.705078125
vertex 469.1672058105469 -137.79449462890625 625.8090209960938
endloop
endfacet
facet normal 0.15050875029687605 -0.9718373109223982 -0.18132665877690066
outer loop
vertex 468.5006103515625 -137.8780975341797 625.7037963867188
vertex 469.1672058105469 -137.79449462890625 625.8090209960938
vertex 468.80621337890625 -137.9593963623047 626.3931884765625
endloop
endfacet
facet normal 0.08150612737397282 -0.9712224280198943 -0.2237939822954119
outer loop
vertex 468.80621337890625 -137.9593963623047 626.3931884765625
vertex 469.1672058105469 -137.79449462890625 625.8090209960938
vertex 469.1672058105469 -137.8385009765625 626.0
endloop
endfacet
facet normal 0.08133037035343735 -0.971265356176383 -0.2236715868181217
outer loop
vertex 469.6672058105469 -137.89149475097656 626.4119262695312
vertex 469.1672058105469 -137.8385009765625 626.0
vertex 469.4132080078125 -137.81790161132812 626.0
endloop
endfacet
facet normal -0.04352108962322297 0.9990525085089409 0.0
outer loop
vertex 468.9700012207031 -135.0303955078125 630.0
vertex 469.1672058105469 -135.0218048095703 626.0
vertex 469.1672058105469 -135.0218048095703 621.0
endloop
endfacet
facet normal -0.5373252961580589 0.8433750803223049 0.0
outer loop
vertex 465.07861328125 -136.44679260253906 621.0
vertex 465.07861328125 -136.44679260253906 630.0
vertex 465.6672058105469 -136.07179260253906 630.0
endloop
endfacet
facet normal -0.46177533691996914 0.8869969211967137 0.0
outer loop
vertex 465.6672058105469 -136.07179260253906 621.0
vertex 465.6672058105469 -136.07179260253906 630.0
vertex 466.2862854003906 -135.74949645996094 630.0
endloop
endfacet
facet normal -0.3825745048299076 0.9239246442508994 0.0
outer loop
vertex 466.2862854003906 -135.74949645996094 621.0
vertex 466.2862854003906 -135.74949645996094 630.0
vertex 466.93109130859375 -135.4824981689453 630.0
endloop
endfacet
facet normal -0.30074629170361483 0.9537041826617538 0.0
outer loop
vertex 466.93109130859375 -135.4824981689453 621.0
vertex 466.93109130859375 -135.4824981689453 630.0
vertex 467.5967102050781 -135.27259826660156 630.0
endloop
endfacet
facet normal 0.3648415307109612 -0.8790905574377783 -0.30674166539976117
outer loop
vertex 467.67950439453125 -138.5272979736328 627.033203125
vertex 467.36761474609375 -138.4279022216797 626.3773803710938
vertex 468.0705871582031 -138.14390563964844 626.3995971679688
endloop
endfacet
facet normal 0.22891376168826577 -0.923368935819901 -0.30820171653083245
outer loop
vertex 468.0705871582031 -138.14390563964844 626.3995971679688
vertex 468.80621337890625 -137.9593963623047 626.3931884765625
vertex 468.4023132324219 -138.27769470214844 627.0468139648438
endloop
endfacet
facet normal 0.31235203814666207 -0.8858038723927247 -0.3432021327434893
outer loop
vertex 467.67950439453125 -138.5272979736328 627.033203125
vertex 468.0705871582031 -138.14390563964844 626.3995971679688
vertex 468.4023132324219 -138.27769470214844 627.0468139648438
endloop
endfacet
facet normal 0.08144456601543738 -0.946796895448897 -0.311355779510976
outer loop
vertex 468.80621337890625 -137.9593963623047 626.3931884765625
vertex 469.6672058105469 -137.89149475097656 626.4119262695312
vertex 469.23089599609375 -138.16119384765625 627.117919921875
endloop
endfacet
facet normal 0.08146565678242013 -0.9712176028799856 -0.22382965536555538
outer loop
vertex 468.80621337890625 -137.9593963623047 626.3931884765625
vertex 469.1672058105469 -137.8385009765625 626.0
vertex 469.6672058105469 -137.89149475097656 626.4119262695312
endloop
endfacet
facet normal 0.1598333420344415 -0.9227838257362656 -0.3506042123729301
outer loop
vertex 468.4023132324219 -138.27769470214844 627.0468139648438
vertex 468.80621337890625 -137.9593963623047 626.3931884765625
vertex 469.23089599609375 -138.16119384765625 627.117919921875
endloop
endfacet
facet normal 0.16191648566634784 -0.8843389323170319 -0.4378672224063265
outer loop
vertex 468.8381042480469 -138.54710388183594 627.7520751953125
vertex 468.4023132324219 -138.27769470214844 627.0468139648438
vertex 469.23089599609375 -138.16119384765625 627.117919921875
endloop
endfacet
facet normal 0.0783708809769577 -0.8724494036597464 -0.48237956327838794
outer loop
vertex 468.8381042480469 -138.54710388183594 627.7520751953125
vertex 469.23089599609375 -138.16119384765625 627.117919921875
vertex 469.6672058105469 -138.49159240722656 627.786376953125
endloop
endfacet
facet normal -0.21648135571533744 0.9762867522545051 0.0
outer loop
vertex 467.5967102050781 -135.27259826660156 621.0
vertex 467.5967102050781 -135.27259826660156 630.0
vertex 468.2781066894531 -135.1215057373047 630.0
endloop
endfacet
facet normal -0.13055518857484888 0.9914410434999076 0.0
outer loop
vertex 468.2781066894531 -135.1215057373047 621.0
vertex 468.2781066894531 -135.1215057373047 630.0
vertex 468.9700012207031 -135.0303955078125 630.0
endloop
endfacet
facet normal -0.04356820983295037 0.999050454727864 0.0
outer loop
vertex 469.6672058105469 -135.0 630.0
vertex 469.6672058105469 -135.0 626.0
vertex 469.1672058105469 -135.0218048095703 626.0
endloop
endfacet
facet normal 0.0 0.0 -1.0
outer loop
vertex 451.6672058105469 -143.0 630.0
vertex 451.7356872558594 -141.4311981201172 630.0
vertex 461.6672058105469 -143.0 630.0
endloop
endfacet
facet normal 0.0 0.0 -1.0
outer loop
vertex 451.7356872558594 -141.4311981201172 630.0
vertex 451.9407043457031 -139.87429809570312 630.0
vertex 461.69769287109375 -142.30279541015625 630.0
endloop
endfacet
facet normal 0.0 0.0 -1.0
outer loop
vertex 451.9407043457031 -139.87429809570312 630.0
vertex 452.2806091308594 -138.34129333496094 630.0
vertex 461.7887878417969 -141.6107940673828 630.0
endloop
endfacet
facet normal 0.0 0.0 -1.0
outer loop
vertex 452.2806091308594 -138.34129333496094 630.0
vertex 452.7528076171875 -136.84359741210938 630.0
vertex 461.9397888183594 -140.9293975830078 630.0
endloop
endfacet
facet normal 0.0 -0.0 -0.9999999999999999
outer loop
vertex 451.7356872558594 -141.4311981201172 630.0
vertex 461.69769287109375 -142.30279541015625 630.0
vertex 461.6672058105469 -143.0 630.0
endloop
endfacet
facet normal 0.0 -0.0 -1.0
outer loop
vertex 451.9407043457031 -139.87429809570312 630.0
vertex 461.7887878417969 -141.6107940673828 630.0
vertex 461.69769287109375 -142.30279541015625 630.0
endloop
endfacet
facet normal 0.0 -0.0 -1.0
outer loop
vertex 452.2806091308594 -138.34129333496094 630.0
vertex 461.9397888183594 -140.9293975830078 630.0
vertex 461.7887878417969 -141.6107940673828 630.0
endloop
endfacet
facet normal 0.0 -0.0 -0.9999999999999999
outer loop
vertex 452.7528076171875 -136.84359741210938 630.0
vertex 462.1496887207031 -140.2637939453125 630.0
vertex 461.9397888183594 -140.9293975830078 630.0
endloop
endfacet
facet normal 0.0 -0.0 -1.0
outer loop
vertex 452.7528076171875 -136.84359741210938 630.0
vertex 462.41680908203125 -139.6190948486328 630.0
vertex 462.1496887207031 -140.2637939453125 630.0
endloop
endfacet
facet normal 0.0 0.0 -1.0
outer loop
vertex 452.7528076171875 -136.84359741210938 630.0
vertex 453.35369873046875 -135.3928985595703 630.0
vertex 462.41680908203125 -139.6190948486328 630.0
endloop
endfacet
facet normal 0.0 0.0 -1.0
outer loop
vertex 453.35369873046875 -135.3928985595703 630.0
vertex 454.07879638671875 -134.0 630.0
vertex 462.41680908203125 -139.6190948486328 630.0
endloop
endfacet
facet normal 0.0 0.0 -1.0
outer loop
vertex 454.07879638671875 -134.0 630.0
vertex 454.9224853515625 -132.67559814453125 630.0
vertex 463.114013671875 -138.41140747070312 630.0
endloop
endfacet
facet normal 0.0 0.0 -0.9999999999999999
outer loop
vertex 454.9224853515625 -132.67559814453125 630.0
vertex 455.8783874511719 -131.42979431152344 630.0
vertex 463.114013671875 -138.41140747070312 630.0
endloop
endfacet
facet normal 0.0 -0.0 -1.0
outer loop
vertex 454.07879638671875 -134.0 630.0
vertex 462.739013671875 -139.0 630.0
vertex 462.41680908203125 -139.6190948486328 630.0
endloop
endfacet
facet normal 0.0 -0.0 -1.0
outer loop
vertex 454.07879638671875 -134.0 630.0
vertex 463.114013671875 -138.41140747070312 630.0
vertex 462.739013671875 -139.0 630.0
endloop
endfacet
facet normal -0.9990486079528197 0.04361053711585359 0.0
outer loop
vertex 451.6672058105469 -143.0 630.0
vertex 451.7356872558594 -141.4311981201172 635.0
vertex 451.7356872558594 -141.4311981201172 630.0
endloop
endfacet
facet normal -0.99144096192371 0.13055580806608613 0.0
outer loop
vertex 451.7356872558594 -141.4311981201172 630.0
vertex 451.9407043457031 -139.87429809570312 635.0
vertex 451.9407043457031 -139.87429809570312 630.0
endloop
endfacet
facet normal -0.976289841742457 0.2164674222844812 0.0
outer loop
vertex 451.9407043457031 -139.87429809570312 630.0
vertex 452.2806091308594 -138.34129333496094 635.0
vertex 452.2806091308594 -138.34129333496094 630.0
endloop
endfacet
facet normal -0.9990486079528197 0.04361053711585359 0.0
outer loop
vertex 451.6672058105469 -143.0 630.0
vertex 451.6672058105469 -143.0 635.0
vertex 451.7356872558594 -141.4311981201172 635.0
endloop
endfacet
facet normal -0.99144096192371 0.13055580806608613 0.0
outer loop
vertex 451.7356872558594 -141.4311981201172 630.0
vertex 451.7356872558594 -141.4311981201172 635.0
vertex 451.9407043457031 -139.87429809570312 635.0
endloop
endfacet
facet normal -0.976289841742457 0.2164674222844812 0.0
outer loop
vertex 451.9407043457031 -139.87429809570312 630.0
vertex 451.9407043457031 -139.87429809570312 635.0
vertex 452.2806091308594 -138.34129333496094 635.0
endloop
endfacet
facet normal -0.9537211919719945 0.30069234773023074 0.0
outer loop
vertex 452.2806091308594 -138.34129333496094 630.0
vertex 452.7528076171875 -136.84359741210938 635.0
vertex 452.7528076171875 -136.84359741210938 630.0
endloop
endfacet
facet normal -0.9238813397273055 0.38267906933052803 0.0
outer loop
vertex 452.7528076171875 -136.84359741210938 630.0
vertex 453.35369873046875 -135.3928985595703 635.0
vertex 453.35369873046875 -135.3928985595703 630.0
endloop
endfacet
facet normal -0.8870106867588944 0.46174889450383594 0.0
outer loop
vertex 453.35369873046875 -135.3928985595703 630.0
vertex 454.07879638671875 -134.0 635.0
vertex 454.07879638671875 -134.0 630.0
endloop
endfacet
facet normal -0.9537211919719945 0.30069234773023074 0.0
outer loop
vertex 452.2806091308594 -138.34129333496094 630.0
vertex 452.2806091308594 -138.34129333496094 635.0
vertex 452.7528076171875 -136.84359741210938 635.0
endloop
endfacet
facet normal -0.9238813397273055 0.38267906933052803 0.0
outer loop
vertex 452.7528076171875 -136.84359741210938 630.0
vertex 452.7528076171875 -136.84359741210938 635.0
vertex 453.35369873046875 -135.3928985595703 635.0
endloop
endfacet
facet normal -0.8870106867588944 0.46174889450383594 0.0
outer loop
vertex 453.35369873046875 -135.3928985595703 630.0
vertex 453.35369873046875 -135.3928985595703 635.0
vertex 454.07879638671875 -134.0 635.0
endloop
endfacet
facet normal 0.0 -0.0 0.9999999999999999
outer loop
vertex 451.6672058105469 -143.0 635.0
vertex 469.6672058105469 -143.0 635.0
vertex 451.7356872558594 -141.4311981201172 635.0
endloop
endfacet
facet normal -0.0 -0.0 0.9999999999999999
outer loop
vertex 451.7356872558594 -141.4311981201172 635.0
vertex 469.6672058105469 -143.0 635.0
vertex 451.9407043457031 -139.87429809570312 635.0
endloop
endfacet
facet normal -0.0 -0.0 0.9999999999999999
outer loop
vertex 451.9407043457031 -139.87429809570312 635.0
vertex 469.6672058105469 -143.0 635.0
vertex 452.2806091308594 -138.34129333496094 635.0
endloop
endfacet
facet normal -0.0 -0.0 1.0
outer loop
vertex 452.2806091308594 -138.34129333496094 635.0
vertex 469.6672058105469 -143.0 635.0
vertex 452.7528076171875 -136.84359741210938 635.0
endloop
endfacet
facet normal -0.0 -0.0 1.0
outer loop
vertex 452.7528076171875 -136.84359741210938 635.0
vertex 469.6672058105469 -143.0 635.0
vertex 453.35369873046875 -135.3928985595703 635.0
endloop
endfacet
facet normal -0.0 -0.0 1.0
outer loop
vertex 453.35369873046875 -135.3928985595703 635.0
vertex 469.6672058105469 -143.0 635.0
vertex 454.07879638671875 -134.0 635.0
endloop
endfacet
facet normal -0.0 -0.0 1.0
outer loop
vertex 454.07879638671875 -134.0 635.0
vertex 469.6672058105469 -143.0 635.0
vertex 454.9224853515625 -132.67559814453125 635.0
endloop
endfacet
facet normal -0.0 -0.0 1.0
outer loop
vertex 454.9224853515625 -132.67559814453125 635.0
vertex 469.6672058105469 -143.0 635.0
vertex 455.8783874511719 -131.42979431152344 635.0
endloop
endfacet
facet normal 0.0 0.0 -1.0
outer loop
vertex 455.8783874511719 -131.42979431152344 630.0
vertex 456.9393005371094 -130.2720947265625 630.0
vertex 463.5389099121094 -137.85769653320312 630.0
endloop
endfacet
facet normal 0.0 0.0 -1.0
outer loop
vertex 456.9393005371094 -130.2720947265625 630.0
vertex 458.09710693359375 -129.21119689941406 630.0
vertex 464.52490234375 -136.87159729003906 630.0
endloop
endfacet
facet normal 0.0 0.0 -1.0
outer loop
vertex 458.09710693359375 -129.21119689941406 630.0
vertex 459.3428955078125 -128.2552947998047 630.0
vertex 464.52490234375 -136.87159729003906 630.0
endloop
endfacet
facet normal -0.8434053176287986 0.537277833337153 0.0
outer loop
vertex 454.07879638671875 -134.0 630.0
vertex 454.9224853515625 -132.67559814453125 635.0
vertex 454.9224853515625 -132.67559814453125 630.0
endloop
endfacet
facet normal -0.7933646595272438 0.6087466772091825 0.0
outer loop
vertex 454.9224853515625 -132.67559814453125 630.0
vertex 455.8783874511719 -131.42979431152344 635.0
vertex 455.8783874511719 -131.42979431152344 630.0
endloop
endfacet
facet normal -0.8434053176287986 0.537277833337153 0.0
outer loop
vertex 454.07879638671875 -134.0 630.0
vertex 454.07879638671875 -134.0 635.0
vertex 454.9224853515625 -132.67559814453125 635.0
endloop
endfacet
facet normal -0.7933646595272438 0.6087466772091825 0.0
outer loop
vertex 454.9224853515625 -132.67559814453125 630.0
vertex 454.9224853515625 -132.67559814453125 635.0
vertex 455.8783874511719 -131.42979431152344 635.0
endloop
endfacet
facet normal -0.7372529543107927 0.6756168154804971 0.0
outer loop
vertex 455.8783874511719 -131.42979431152344 630.0
vertex 456.9393005371094 -130.2720947265625 635.0
vertex 456.9393005371094 -130.2720947265625 630.0
endloop
endfacet
facet normal -0.6755776535724889 0.7372888402746173 0.0
outer loop
vertex 456.9393005371094 -130.2720947265625 630.0
vertex 458.09710693359375 -129.21119689941406 635.0
vertex 458.09710693359375 -129.21119689941406 630.0
endloop
endfacet
facet normal -0.7372529543107927 0.6756168154804971 0.0
outer loop
vertex 455.8783874511719 -131.42979431152344 630.0
vertex 455.8783874511719 -131.42979431152344 635.0
vertex 456.9393005371094 -130.2720947265625 635.0
endloop
endfacet
facet normal -0.6755776535724889 0.7372888402746173 0.0
outer loop
vertex 456.9393005371094 -130.2720947265625 630.0
vertex 456.9393005371094 -130.2720947265625 635.0
vertex 458.09710693359375 -129.21119689941406 635.0
endloop
endfacet
facet normal -0.6087513702580304 0.7933610585407948 0.0
outer loop
vertex 458.09710693359375 -129.21119689941406 630.0
vertex 459.3428955078125 -128.2552947998047 635.0
vertex 459.3428955078125 -128.2552947998047 630.0
endloop
endfacet
facet normal -0.5373526361991052 0.8433576610014709 0.0
outer loop
vertex 459.3428955078125 -128.2552947998047 630.0
vertex 460.6672058105469 -127.4114990234375 635.0
vertex 460.6672058105469 -127.4114990234375 630.0
endloop
endfacet
facet normal -0.6087513702580304 0.7933610585407948 0.0
outer loop
vertex 458.09710693359375 -129.21119689941406 630.0
vertex 458.09710693359375 -129.21119689941406 635.0
vertex 459.3428955078125 -128.2552947998047 635.0
endloop
endfacet
facet normal -0.5373526361991052 0.8433576610014709 0.0
outer loop
vertex 459.3428955078125 -128.2552947998047 630.0
vertex 459.3428955078125 -128.2552947998047 635.0
vertex 460.6672058105469 -127.4114990234375 635.0
endloop
endfacet
facet normal -0.9990453188004575 0.04368582130270757 0.0
outer loop
vertex 461.6672058105469 -143.0 626.0
vertex 461.6672058105469 -143.0 630.0
vertex 461.69769287109375 -142.30279541015625 630.0
endloop
endfacet
facet normal 0.0 -0.0 -1.0
outer loop
vertex 455.8783874511719 -131.42979431152344 630.0
vertex 463.5389099121094 -137.85769653320312 630.0
vertex 463.114013671875 -138.41140747070312 630.0
endloop
endfacet
facet normal 0.0 -0.0 -0.9999999999999999
outer loop
vertex 456.9393005371094 -130.2720947265625 630.0
vertex 464.0104064941406 -137.3430938720703 630.0
vertex 463.5389099121094 -137.85769653320312 630.0
endloop
endfacet
facet normal 0.0 -0.0 -1.0
outer loop
vertex 456.9393005371094 -130.2720947265625 630.0
vertex 464.52490234375 -136.87159729003906 630.0
vertex 464.0104064941406 -137.3430938720703 630.0
endloop
endfacet
facet normal 0.8026447035736733 0.0 -0.5964574417551769
outer loop
vertex 465.5129089355469 -143.42979431152344 628.2628784179688
vertex 465.1588134765625 -143.0 627.786376953125
vertex 465.5129089355469 -142.57020568847656 628.2628784179688
endloop
endfacet
facet normal 0.7689194496925167 0.0 -0.6393456654146935
outer loop
vertex 465.5129089355469 -143.42979431152344 628.2628784179688
vertex 465.5129089355469 -142.57020568847656 628.2628784179688
vertex 465.8974914550781 -143.0 628.7254028320312
endloop
endfacet
facet normal 0.7592442015423103 -0.16142574068641097 -0.6304680584044076
outer loop
vertex 465.5129089355469 -142.57020568847656 628.2628784179688
vertex 465.4661865234375 -141.87100219726562 628.027587890625
vertex 465.9464111328125 -142.14869689941406 628.677001953125
endloop
endfacet
facet normal 0.7283502044479279 -0.08054155841336089 -0.6804550220617152
outer loop
vertex 465.5129089355469 -142.57020568847656 628.2628784179688
vertex 465.9464111328125 -142.14869689941406 628.677001953125
vertex 465.8974914550781 -143.0 628.7254028320312
endloop
endfacet
facet normal 0.6858586691506039 -0.0805337659822755 -0.7232649573203962
outer loop
vertex 465.8974914550781 -143.0 628.7254028320312
vertex 465.9464111328125 -142.14869689941406 628.677001953125
vertex 466.3800048828125 -142.5699005126953 629.1350708007812
endloop
endfacet
facet normal 0.7591933340027259 -0.2931619164613144 -0.5811037535092635
outer loop
vertex 465.5150146484375 -141.1654052734375 627.7354125976562
vertex 465.94500732421875 -141.4311981201172 628.4312744140625
vertex 465.4661865234375 -141.87100219726562 628.027587890625
endloop
endfacet
facet normal 0.7381051544303636 -0.2173074418742437 -0.638731756459158
outer loop
vertex 465.9464111328125 -142.14869689941406 628.677001953125
vertex 465.4661865234375 -141.87100219726562 628.027587890625
vertex 465.94500732421875 -141.4311981201172 628.4312744140625
endloop
endfacet
facet normal 0.7313435575497483 -0.34974183773229456 -0.5855059758620021
outer loop
vertex 465.5150146484375 -141.1654052734375 627.7354125976562
vertex 466.0198059082031 -140.7458038330078 628.1152954101562
vertex 465.94500732421875 -141.4311981201172 628.4312744140625
endloop
endfacet
facet normal 0.6637019648556388 -0.37168479758499545 -0.6491148689492218
outer loop
vertex 465.94500732421875 -141.4311981201172 628.4312744140625
vertex 466.0198059082031 -140.7458038330078 628.1152954101562
vertex 466.47930908203125 -141.02969360351562 628.7476806640625
endloop
endfacet
facet normal 0.6705521315716362 -0.2391913302397569 -0.7022445061250894
outer loop
vertex 465.9464111328125 -142.14869689941406 628.677001953125
vertex 465.94500732421875 -141.4311981201172 628.4312744140625
vertex 466.45111083984375 -141.74339294433594 629.0208740234375
endloop
endfacet
facet normal 0.6415830866548172 -0.2961922767321084 -0.7075600879944596
outer loop
vertex 465.94500732421875 -141.4311981201172 628.4312744140625
vertex 466.47930908203125 -141.02969360351562 628.7476806640625
vertex 466.45111083984375 -141.74339294433594 629.0208740234375
endloop
endfacet
facet normal 0.6472186637413793 0.0 -0.7623044019975378
outer loop
vertex 466.3800048828125 -143.4300994873047 629.1350708007812
vertex 465.8974914550781 -143.0 628.7254028320312
vertex 466.3800048828125 -142.5699005126953 629.1350708007812
endloop
endfacet
facet normal 0.6398956858590865 -0.15893248832228868 -0.7518470425389826
outer loop
vertex 465.9464111328125 -142.14869689941406 628.677001953125
vertex 466.45111083984375 -141.74339294433594 629.0208740234375
vertex 466.3800048828125 -142.5699005126953 629.1350708007812
endloop
endfacet
facet normal 0.5976291299932773 0.0 -0.8017726753784258
outer loop
vertex 466.3800048828125 -143.4300994873047 629.1350708007812
vertex 466.3800048828125 -142.5699005126953 629.1350708007812
vertex 466.8808898925781 -143.0 629.5084228515625
endloop
endfacet
facet normal 0.5895188992414583 -0.16010869924822763 -0.7917276500553583
outer loop
vertex 466.3800048828125 -142.5699005126953 629.1350708007812
vertex 466.45111083984375 -141.74339294433594 629.0208740234375
vertex 466.9151916503906 -142.1708984375 629.452880859375
endloop
endfacet
facet normal 0.551608044557573 -0.078450614615602 -0.8304059647219577
outer loop
vertex 466.3800048828125 -142.5699005126953 629.1350708007812
vertex 466.9151916503906 -142.1708984375 629.452880859375
vertex 466.8808898925781 -143.0 629.5084228515625
endloop
endfacet
facet normal 0.4824124284299975 -0.07840294346609823 -0.8724283508415602
outer loop
vertex 466.8808898925781 -143.0 629.5084228515625
vertex 466.9151916503906 -142.1708984375 629.452880859375
vertex 467.5492858886719 -142.56370544433594 629.8388061523438
endloop
endfacet
facet normal 0.4431158420314066 0.0 -0.8964643609986945
outer loop
vertex 467.5492858886719 -143.43629455566406 629.8388061523438
vertex 466.8808898925781 -143.0 629.5084228515625
vertex 467.5492858886719 -142.56370544433594 629.8388061523438
endloop
endfacet
facet normal 0.43788166494600156 -0.16197221799058728 -0.8843215750524961
outer loop
vertex 466.9151916503906 -142.1708984375 629.452880859375
vertex 467.6205139160156 -141.73500061035156 629.7222900390625
vertex 467.5492858886719 -142.56370544433594 629.8388061523438
endloop
endfacet
facet normal 0.5693665608634532 -0.3134110170166894 -0.7599968774824594
outer loop
vertex 466.47930908203125 -141.02969360351562 628.7476806640625
vertex 467.0172119140625 -141.36219787597656 629.2877807617188
vertex 466.45111083984375 -141.74339294433594 629.0208740234375
endloop
endfacet
facet normal 0.5387395226146134 -0.2332359726586115 -0.8095435181822963
outer loop
vertex 466.9151916503906 -142.1708984375 629.452880859375
vertex 466.45111083984375 -141.74339294433594 629.0208740234375
vertex 467.0172119140625 -141.36219787597656 629.2877807617188
endloop
endfacet
facet normal 0.5263186435673007 -0.38226628758730213 -0.7595137726254205
outer loop
vertex 466.47930908203125 -141.02969360351562 628.7476806640625
vertex 467.1846008300781 -140.59390258789062 629.01708984375
vertex 467.0172119140625 -141.36219787597656 629.2877807617188
endloop
endfacet
facet normal 0.4575955616180436 -0.38250276886615153 -0.802681713879913
outer loop
vertex 467.0172119140625 -141.36219787597656 629.2877807617188
vertex 467.1846008300781 -140.59390258789062 629.01708984375
vertex 467.63409423828125 -141.01229858398438 629.4727172851562
endloop
endfacet
facet normal 0.46936546292054093 -0.23308746500153374 -0.8516843874796256
outer loop
vertex 466.9151916503906 -142.1708984375 629.452880859375
vertex 467.0172119140625 -141.36219787597656 629.2877807617188
vertex 467.6205139160156 -141.73500061035156 629.7222900390625
endloop
endfacet
facet normal 0.6354756496549417 -0.5038007136707804 -0.5851115616704581
outer loop
vertex 466.2403869628906 -140.00950622558594 627.7208862304688
vertex 466.67669677734375 -140.2790985107422 628.4268798828125
vertex 466.0198059082031 -140.7458038330078 628.1152954101562
endloop
endfacet
facet normal 0.6206345707279173 -0.4404610301858291 -0.648696239009455
outer loop
vertex 466.47930908203125 -141.02969360351562 628.7476806640625
vertex 466.0198059082031 -140.7458038330078 628.1152954101562
vertex 466.67669677734375 -140.2790985107422 628.4268798828125
endloop
endfacet
facet normal 0.5773429383798343 -0.5774130290992846 -0.5772948339707604
outer loop
vertex 466.2403869628906 -140.00950622558594 627.7208862304688
vertex 466.9464111328125 -139.57310485839844 627.990478515625
vertex 466.67669677734375 -140.2790985107422 628.4268798828125
endloop
endfacet
facet normal 0.5037714515668407 -0.5852216020639469 -0.635397514209763
outer loop
vertex 466.9464111328125 -139.57310485839844 627.990478515625
vertex 467.4129943847656 -139.88470458984375 628.6473999023438
vertex 466.67669677734375 -140.2790985107422 628.4268798828125
endloop
endfacet
facet normal 0.546522959496599 -0.4465195285249906 -0.7084722756670857
outer loop
vertex 466.47930908203125 -141.02969360351562 628.7476806640625
vertex 466.67669677734375 -140.2790985107422 628.4268798828125
vertex 467.1846008300781 -140.59390258789062 629.01708984375
endloop
endfacet
facet normal 0.4888866148157908 -0.5218429925467171 -0.6990491892448225
outer loop
vertex 466.67669677734375 -140.2790985107422 628.4268798828125
vertex 467.4129943847656 -139.88470458984375 628.6473999023438
vertex 467.1846008300781 -140.59390258789062 629.01708984375
endloop
endfacet
facet normal 0.4405509198122027 -0.6486751565221632 -0.6205928039895157
outer loop
vertex 466.9464111328125 -139.57310485839844 627.990478515625
vertex 467.6969909667969 -139.25230407714844 628.18798828125
vertex 467.4129943847656 -139.88470458984375 628.6473999023438
endloop
endfacet
facet normal 0.42697248537230187 -0.3023257967482556 -0.8522286133165983
outer loop
vertex 467.0172119140625 -141.36219787597656 629.2877807617188
vertex 467.63409423828125 -141.01229858398438 629.4727172851562
vertex 467.6205139160156 -141.73500061035156 629.7222900390625
endloop
endfacet
facet normal 0.34324458311506684 -0.31234257469292864 -0.8857907609567601
outer loop
vertex 467.6205139160156 -141.73500061035156 629.7222900390625
vertex 467.63409423828125 -141.01229858398438 629.4727172851562
vertex 468.2676086425781 -141.40330505371094 629.8560791015625
endloop
endfacet
facet normal 0.3067702229407156 -0.36485458009498284 -0.8790751763646938
outer loop
vertex 467.63409423828125 -141.01229858398438 629.4727172851562
vertex 468.289794921875 -140.7003936767578 629.5720825195312
vertex 468.2676086425781 -141.40330505371094 629.8560791015625
endloop
endfacet
facet normal 0.34980308482275196 -0.585521529602482 -0.7313018119904097
outer loop
vertex 467.4129943847656 -139.88470458984375 628.6473999023438
vertex 468.098388671875 -139.56869506835938 628.7222290039062
vertex 467.8326110839844 -140.2646026611328 629.1522827148438
endloop
endfacet
facet normal 0.2962002238594009 -0.7075580164744376 -0.6415817022861552
outer loop
vertex 467.6969909667969 -139.25230407714844 628.18798828125
vertex 468.41070556640625 -138.97909545898438 628.2161865234375
vertex 468.098388671875 -139.56869506835938 628.7222290039062
endloop
endfacet
facet normal 0.31343069493232656 -0.760028866373955 -0.5693130261574555
outer loop
vertex 468.0295104980469 -138.7122039794922 627.6500244140625
vertex 468.41070556640625 -138.97909545898438 628.2161865234375
vertex 467.6969909667969 -139.25230407714844 628.18798828125
endloop
endfacet
facet normal 0.3717307031886903 -0.6490873730714444 -0.6637031463132094
outer loop
vertex 467.4129943847656 -139.88470458984375 628.6473999023438
vertex 467.6969909667969 -139.25230407714844 628.18798828125
vertex 468.098388671875 -139.56869506835938 628.7222290039062
endloop
endfacet
facet normal 0.23911397918247224 -0.7022249200092102 -0.6706002286590592
outer loop
vertex 468.41070556640625 -138.97909545898438 628.2161865234375
vertex 468.8160095214844 -139.322998046875 628.7208251953125
vertex 468.098388671875 -139.56869506835938 628.7222290039062
endloop
endfacet
facet normal 0.1601089726810005 -0.7917400184036922 -0.5895022138424548
outer loop
vertex 468.8381042480469 -138.54710388183594 627.7520751953125
vertex 469.2372131347656 -138.86489868164062 628.2872924804688
vertex 468.41070556640625 -138.97909545898438 628.2161865234375
endloop
endfacet
facet normal 0.15893013298137498 -0.7517821909799509 -0.6399724604667821
outer loop
vertex 468.41070556640625 -138.97909545898438 628.2161865234375
vertex 469.2372131347656 -138.86489868164062 628.2872924804688
vertex 468.8160095214844 -139.322998046875 628.7208251953125
endloop
endfacet
facet normal 0.08056843817267022 -0.7232091304248098 -0.6859134642508536
outer loop
vertex 469.2372131347656 -138.86489868164062 628.2872924804688
vertex 469.6672058105469 -139.27459716796875 628.769775390625
vertex 468.8160095214844 -139.322998046875 628.7208251953125
endloop
endfacet
facet normal 0.4201875916335192 -0.5221805007572555 -0.7421387420598152
outer loop
vertex 467.4129943847656 -139.88470458984375 628.6473999023438
vertex 467.8326110839844 -140.2646026611328 629.1522827148438
vertex 467.1846008300781 -140.59390258789062 629.01708984375
endloop
endfacet
facet normal 0.39516399614177816 -0.4484908770445943 -0.8016865655360775
outer loop
vertex 467.1846008300781 -140.59390258789062 629.01708984375
vertex 467.8326110839844 -140.2646026611328 629.1522827148438
vertex 467.63409423828125 -141.01229858398438 629.4727172851562
endloop
endfacet
facet normal 0.26706326716608697 -0.5084298289499307 -0.8186429749069613
outer loop
vertex 467.8326110839844 -140.2646026611328 629.1522827148438
vertex 468.5382080078125 -139.97239685058594 629.2009887695312
vertex 468.289794921875 -140.7003936767578 629.5720825195312
endloop
endfacet
facet normal 0.2930602216172149 -0.5811087480555234 -0.7592287727944793
outer loop
vertex 468.098388671875 -139.56869506835938 628.7222290039062
vertex 468.5382080078125 -139.97239685058594 629.2009887695312
vertex 467.8326110839844 -140.2646026611328 629.1522827148438
endloop
endfacet
facet normal 0.3374160170627724 -0.4450752621183978 -0.8294928827179496
outer loop
vertex 467.63409423828125 -141.01229858398438 629.4727172851562
vertex 467.8326110839844 -140.2646026611328 629.1522827148438
vertex 468.289794921875 -140.7003936767578 629.5720825195312
endloop
endfacet
facet normal 0.21723622592590028 -0.6387112742939611 -0.7381438411551339
outer loop
vertex 468.098388671875 -139.56869506835938 628.7222290039062
vertex 468.8160095214844 -139.322998046875 628.7208251953125
vertex 468.5382080078125 -139.97239685058594 629.2009887695312
endloop
endfacet
facet normal 0.16157873321884644 -0.6304751152994307 -0.7592057968427022
outer loop
vertex 468.8160095214844 -139.322998046875 628.7208251953125
vertex 469.23748779296875 -139.7371063232422 629.1544189453125
vertex 468.5382080078125 -139.97239685058594 629.2009887695312
endloop
endfacet
facet normal 0.21124223782373372 -0.50015421861931 -0.839775252407767
outer loop
vertex 468.5382080078125 -139.97239685058594 629.2009887695312
vertex 468.9718933105469 -140.4324951171875 629.5841064453125
vertex 468.289794921875 -140.7003936767578 629.5720825195312
endloop
endfacet
facet normal 0.18034970778614756 -0.4192544207610212 -0.8897750915674093
outer loop
vertex 468.289794921875 -140.7003936767578 629.5720825195312
vertex 468.9718933105469 -140.4324951171875 629.5841064453125
vertex 468.9695129394531 -141.1013946533203 629.8988037109375
endloop
endfacet
facet normal 0.13290906891273008 -0.5572328039683618 -0.819650402050965
outer loop
vertex 468.5382080078125 -139.97239685058594 629.2009887695312
vertex 469.23748779296875 -139.7371063232422 629.1544189453125
vertex 468.9718933105469 -140.4324951171875 629.5841064453125
endloop
endfacet
facet normal 0.050194792991485 -0.46502735126415845 -0.8838721883466993
outer loop
vertex 468.9718933105469 -140.4324951171875 629.5841064453125
vertex 469.6672058105469 -140.21359252929688 629.5084228515625
vertex 469.6672058105469 -140.86219787597656 629.8496704101562
endloop
endfacet
facet normal 0.08120232774794377 -0.5461796663203223 -0.8337229480268232
outer loop
vertex 469.23748779296875 -139.7371063232422 629.1544189453125
vertex 469.6672058105469 -140.21359252929688 629.5084228515625
vertex 468.9718933105469 -140.4324951171875 629.5841064453125
endloop
endfacet
facet normal 0.08057778676124715 -0.6805313328306866 -0.7282748968050103
outer loop
vertex 468.8160095214844 -139.322998046875 628.7208251953125
vertex 469.6672058105469 -139.27459716796875 628.769775390625
vertex 469.23748779296875 -139.7371063232422 629.1544189453125
endloop
endfacet
facet normal 0.35686494970132826 0.0 -0.934155986800207
outer loop
vertex 467.5492858886719 -143.43629455566406 629.8388061523438
vertex 467.5492858886719 -142.56370544433594 629.8388061523438
vertex 468.25531005859375 -143.0 630.1085205078125
endloop
endfacet
facet normal 0.35057052360418467 -0.159876291988475 -0.9227891846136385
outer loop
vertex 467.6205139160156 -141.73500061035156 629.7222900390625
vertex 468.27410888671875 -142.13900756835938 630.0405883789062
vertex 467.5492858886719 -142.56370544433594 629.8388061523438
endloop
endfacet
facet normal 0.31133155997773687 -0.08149992045333776 -0.9468000964976336
outer loop
vertex 467.5492858886719 -142.56370544433594 629.8388061523438
vertex 468.27410888671875 -142.13900756835938 630.0405883789062
vertex 468.25531005859375 -143.0 630.1085205078125
endloop
endfacet
facet normal 0.2236676034770505 -0.08151502886356637 -0.9712507931652898
outer loop
vertex 468.25531005859375 -143.0 630.1085205078125
vertex 468.27410888671875 -142.13900756835938 630.0405883789062
vertex 468.9620056152344 -142.56410217285156 630.2346801757812
endloop
endfacet
facet normal 0.30822008573877946 -0.22885370300637664 -0.9233776916124024
outer loop
vertex 467.6205139160156 -141.73500061035156 629.7222900390625
vertex 468.2676086425781 -141.40330505371094 629.8560791015625
vertex 468.27410888671875 -142.13900756835938 630.0405883789062
endloop
endfacet
facet normal 0.21624788388113506 -0.23570588438449097 -0.9474595446685078
outer loop
vertex 468.27410888671875 -142.13900756835938 630.0405883789062
vertex 468.2676086425781 -141.40330505371094 629.8560791015625
vertex 468.9634094238281 -141.83340454101562 630.1218872070312
endloop
endfacet
facet normal 0.21484691551129195 -0.37168293027134774 -0.9031570197037656
outer loop
vertex 468.289794921875 -140.7003936767578 629.5720825195312
vertex 468.9695129394531 -141.1013946533203 629.8988037109375
vertex 468.2676086425781 -141.40330505371094 629.8560791015625
endloop
endfacet
facet normal 0.18129199137522028 -0.15036874874143452 -0.9718654501859517
outer loop
vertex 468.27410888671875 -142.13900756835938 630.0405883789062
vertex 468.9634094238281 -141.83340454101562 630.1218872070312
vertex 468.9620056152344 -142.56410217285156 630.2346801757812
endloop
endfacet
facet normal 0.04964647285503974 -0.20576901510548046 -0.977340442300212
outer loop
vertex 468.9634094238281 -141.83340454101562 630.1218872070312
vertex 469.6672058105469 -141.55169677734375 630.0983276367188
vertex 469.6672058105469 -142.26890563964844 630.2493286132812
endloop
endfacet
facet normal 0.17574208385225434 0.0 -0.9844362447427802
outer loop
vertex 468.9620056152344 -143.43589782714844 630.2346801757812
vertex 468.25531005859375 -143.0 630.1085205078125
vertex 468.9620056152344 -142.56410217285156 630.2346801757812
endloop
endfacet
facet normal 0.09221403439265054 0.0 -0.995739208759518
outer loop
vertex 468.9620056152344 -143.43589782714844 630.2346801757812
vertex 468.9620056152344 -142.56410217285156 630.2346801757812
vertex 469.6672058105469 -143.0 630.2999877929688
endloop
endfacet
facet normal 0.0495975512471009 -0.06904142993079232 -0.996380130203028
outer loop
vertex 468.9620056152344 -142.56410217285156 630.2346801757812
vertex 469.6672058105469 -142.26890563964844 630.2493286132812
vertex 469.6672058105469 -143.0 630.2999877929688
endloop
endfacet
facet normal 0.08415523144420069 -0.15217327727627133 -0.9847645356650351
outer loop
vertex 468.9620056152344 -142.56410217285156 630.2346801757812
vertex 468.9634094238281 -141.83340454101562 630.1218872070312
vertex 469.6672058105469 -142.26890563964844 630.2493286132812
endloop
endfacet
facet normal 0.18114729595072504 -0.2880767172157604 -0.9403177453222561
outer loop
vertex 468.2676086425781 -141.40330505371094 629.8560791015625
vertex 468.9695129394531 -141.1013946533203 629.8988037109375
vertex 468.9634094238281 -141.83340454101562 630.1218872070312
endloop
endfacet
facet normal 0.08462579688740982 -0.29111770175322504 -0.9529370169256156
outer loop
vertex 468.9634094238281 -141.83340454101562 630.1218872070312
vertex 468.9695129394531 -141.1013946533203 629.8988037109375
vertex 469.6672058105469 -141.55169677734375 630.0983276367188
endloop
endfacet
facet normal 0.08204027028107871 -0.4245135229182238 -0.9016971015323084
outer loop
vertex 468.9718933105469 -140.4324951171875 629.5841064453125
vertex 469.6672058105469 -140.86219787597656 629.8496704101562
vertex 468.9695129394531 -141.1013946533203 629.8988037109375
endloop
endfacet
facet normal 0.0499987750341971 -0.3388236659312056 -0.9395204339981216
outer loop
vertex 468.9695129394531 -141.1013946533203 629.8988037109375
vertex 469.6672058105469 -140.86219787597656 629.8496704101562
vertex 469.6672058105469 -141.55169677734375 630.0983276367188
endloop
endfacet
facet normal -0.04355488189268769 0.9990510358637981 -1.669160422429437e-06
outer loop
vertex 468.9700012207031 -135.0303955078125 630.0
vertex 469.6672058105469 -135.0 630.0
vertex 469.1672058105469 -135.0218048095703 626.0
endloop
endfacet
facet normal -0.0 -0.0 1.0
outer loop
vertex 455.8783874511719 -131.42979431152344 635.0
vertex 469.6672058105469 -143.0 635.0
vertex 456.9393005371094 -130.2720947265625 635.0
endloop
endfacet
facet normal -0.0 -0.0 1.0
outer loop
vertex 456.9393005371094 -130.2720947265625 635.0
vertex 469.6672058105469 -143.0 635.0
vertex 458.09710693359375 -129.21119689941406 635.0
endloop
endfacet
facet normal 0.0 0.0 -1.0
outer loop
vertex 459.3428955078125 -128.2552947998047 630.0
vertex 460.6672058105469 -127.4114990234375 630.0
vertex 465.07861328125 -136.44679260253906 630.0
endloop
endfacet
facet normal 0.0 0.0 -1.0
outer loop
vertex 465.6672058105469 -136.07179260253906 630.0
vertex 460.6672058105469 -127.4114990234375 630.0
vertex 462.0600891113281 -126.6865005493164 630.0
endloop
endfacet
facet normal 0.0 -0.0 -1.0
outer loop
vertex 459.3428955078125 -128.2552947998047 630.0
vertex 465.07861328125 -136.44679260253906 630.0
vertex 464.52490234375 -136.87159729003906 630.0
endloop
endfacet
facet normal 0.0 0.0 -1.0
outer loop
vertex 465.07861328125 -136.44679260253906 630.0
vertex 460.6672058105469 -127.4114990234375 630.0
vertex 465.6672058105469 -136.07179260253906 630.0
endloop
endfacet
facet normal 0.0 0.0 -1.0
outer loop
vertex 465.6672058105469 -136.07179260253906 630.0
vertex 462.0600891113281 -126.6865005493164 630.0
vertex 466.2862854003906 -135.74949645996094 630.0
endloop
endfacet
facet normal 0.0 0.0 -0.9999999999999999
outer loop
vertex 466.2862854003906 -135.74949645996094 630.0
vertex 462.0600891113281 -126.6865005493164 630.0
vertex 463.5108947753906 -126.08550262451172 630.0
endloop
endfacet
facet normal 0.0 0.0 -1.0
outer loop
vertex 466.93109130859375 -135.4824981689453 630.0
vertex 463.5108947753906 -126.08550262451172 630.0
vertex 465.0085144042969 -125.61329650878906 630.0
endloop
endfacet
facet normal 0.0 0.0 -1.0
outer loop
vertex 466.2862854003906 -135.74949645996094 630.0
vertex 463.5108947753906 -126.08550262451172 630.0
vertex 466.93109130859375 -135.4824981689453 630.0
endloop
endfacet
facet normal 0.0 0.0 -1.0
outer loop
vertex 466.93109130859375 -135.4824981689453 630.0
vertex 465.0085144042969 -125.61329650878906 630.0
vertex 467.5967102050781 -135.27259826660156 630.0
endloop
endfacet
facet normal 0.0 0.0 -1.0
outer loop
vertex 467.5967102050781 -135.27259826660156 630.0
vertex 466.5415954589844 -125.27349853515625 630.0
vertex 468.2781066894531 -135.1215057373047 630.0
endloop
endfacet
facet normal 0.0 0.0 -1.0
outer loop
vertex 468.2781066894531 -135.1215057373047 630.0
vertex 466.5415954589844 -125.27349853515625 630.0
vertex 468.9700012207031 -135.0303955078125 630.0
endloop
endfacet
facet normal 0.0 0.0 -0.9999999999999999
outer loop
vertex 468.9700012207031 -135.0303955078125 630.0
vertex 469.6672058105469 -125.0 630.0
vertex 469.6672058105469 -135.0 630.0
endloop
endfacet
facet normal 0.0 0.0 -1.0
outer loop
vertex 467.5967102050781 -135.27259826660156 630.0
vertex 465.0085144042969 -125.61329650878906 630.0
vertex 466.5415954589844 -125.27349853515625 630.0
endloop
endfacet
facet normal 0.0 0.0 -1.0
outer loop
vertex 468.9700012207031 -135.0303955078125 630.0
vertex 466.5415954589844 -125.27349853515625 630.0
vertex 468.098388671875 -125.06849670410156 630.0
endloop
endfacet
facet normal 0.0 0.0 -1.0
outer loop
vertex 468.9700012207031 -135.0303955078125 630.0
vertex 468.098388671875 -125.06849670410156 630.0
vertex 469.6672058105469 -125.0 630.0
endloop
endfacet
facet normal -0.0 -0.0 1.0
outer loop
vertex 458.09710693359375 -129.21119689941406 635.0
vertex 469.6672058105469 -143.0 635.0
vertex 459.3428955078125 -128.2552947998047 635.0
endloop
endfacet
facet normal -0.0 -0.0 0.9999999999999999
outer loop
vertex 459.3428955078125 -128.2552947998047 635.0
vertex 469.6672058105469 -143.0 635.0
vertex 460.6672058105469 -127.4114990234375 635.0
endloop
endfacet
facet normal -0.0 -0.0 1.0
outer loop
vertex 460.6672058105469 -127.4114990234375 635.0
vertex 469.6672058105469 -143.0 635.0
vertex 462.0600891113281 -126.6865005493164 635.0
endloop
endfacet
facet normal -0.0 -0.0 1.0
outer loop
vertex 462.0600891113281 -126.6865005493164 635.0
vertex 469.6672058105469 -143.0 635.0
vertex 463.5108947753906 -126.08550262451172 635.0
endloop
endfacet
facet normal -0.4617031783860955 0.8870344835845884 0.0
outer loop
vertex 460.6672058105469 -127.4114990234375 630.0
vertex 462.0600891113281 -126.6865005493164 635.0
vertex 462.0600891113281 -126.6865005493164 630.0
endloop
endfacet
facet normal -0.3827130781012722 0.9238672522880382 0.0
outer loop
vertex 462.0600891113281 -126.6865005493164 630.0
vertex 463.5108947753906 -126.08550262451172 635.0
vertex 463.5108947753906 -126.08550262451172 630.0
endloop
endfacet
facet normal -0.30071070015044815 0.9537154055665805 0.0
outer loop
vertex 463.5108947753906 -126.08550262451172 630.0
vertex 465.0085144042969 -125.61329650878906 635.0
vertex 465.0085144042969 -125.61329650878906 630.0
endloop
endfacet
facet normal -0.4617031783860955 0.8870344835845884 0.0
outer loop
vertex 460.6672058105469 -127.4114990234375 630.0
vertex 460.6672058105469 -127.4114990234375 635.0
vertex 462.0600891113281 -126.6865005493164 635.0
endloop
endfacet
facet normal -0.3827130781012722 0.9238672522880382 0.0
outer loop
vertex 462.0600891113281 -126.6865005493164 630.0
vertex 462.0600891113281 -126.6865005493164 635.0
vertex 463.5108947753906 -126.08550262451172 635.0
endloop
endfacet
facet normal -0.30071070015044815 0.9537154055665805 0.0
outer loop
vertex 463.5108947753906 -126.08550262451172 630.0
vertex 463.5108947753906 -126.08550262451172 635.0
vertex 465.0085144042969 -125.61329650878906 635.0
endloop
endfacet
facet normal -0.0 -0.0 1.0
outer loop
vertex 463.5108947753906 -126.08550262451172 635.0
vertex 469.6672058105469 -143.0 635.0
vertex 465.0085144042969 -125.61329650878906 635.0
endloop
endfacet
facet normal -0.0 -0.0 1.0
outer loop
vertex 465.0085144042969 -125.61329650878906 635.0
vertex 469.6672058105469 -143.0 635.0
vertex 466.5415954589844 -125.27349853515625 635.0
endloop
endfacet
facet normal -0.0 -0.0 1.0
outer loop
vertex 466.5415954589844 -125.27349853515625 635.0
vertex 469.6672058105469 -143.0 635.0
vertex 468.098388671875 -125.06849670410156 635.0
endloop
endfacet
facet normal -0.0 0.0 1.0
outer loop
vertex 468.098388671875 -125.06849670410156 635.0
vertex 469.6672058105469 -143.0 635.0
vertex 469.6672058105469 -125.0 635.0
endloop
endfacet
facet normal -0.2163923206362544 0.9763064905907654 0.0
outer loop
vertex 465.0085144042969 -125.61329650878906 630.0
vertex 466.5415954589844 -125.27349853515625 635.0
vertex 466.5415954589844 -125.27349853515625 630.0
endloop
endfacet
facet normal -0.1305550609184386 0.9914410603099827 0.0
outer loop
vertex 466.5415954589844 -125.27349853515625 630.0
vertex 468.098388671875 -125.06849670410156 635.0
vertex 468.098388671875 -125.06849670410156 630.0
endloop
endfacet
facet normal -0.04361981231537443 0.9990482030280478 0.0
outer loop
vertex 468.098388671875 -125.06849670410156 630.0
vertex 469.6672058105469 -125.0 635.0
vertex 469.6672058105469 -125.0 630.0
endloop
endfacet
facet normal -0.2163923206362544 0.9763064905907654 0.0
outer loop
vertex 465.0085144042969 -125.61329650878906 630.0
vertex 465.0085144042969 -125.61329650878906 635.0
vertex 466.5415954589844 -125.27349853515625 635.0
endloop
endfacet
facet normal -0.1305550609184386 0.9914410603099827 0.0
outer loop
vertex 466.5415954589844 -125.27349853515625 630.0
vertex 466.5415954589844 -125.27349853515625 635.0
vertex 468.098388671875 -125.06849670410156 635.0
endloop
endfacet
facet normal -0.04361981231537443 0.9990482030280478 0.0
outer loop
vertex 468.098388671875 -125.06849670410156 630.0
vertex 468.098388671875 -125.06849670410156 635.0
vertex 469.6672058105469 -125.0 635.0
endloop
endfacet
facet normal -0.0 0.0 -1.0
outer loop
vertex 470.364501953125 -150.9696044921875 621.0
vertex 470.1672058105469 -150.9781951904297 621.0
vertex 470.1672058105469 -147.6197967529297 621.0
endloop
endfacet
facet normal 0.0 0.0 -1.0
outer loop
vertex 470.364501953125 -150.9696044921875 621.0
vertex 470.4747009277344 -147.57940673828125 621.0
vertex 471.056396484375 -150.8784942626953 621.0
endloop
endfacet
facet normal 0.0 0.0 -1.0
outer loop
vertex 470.364501953125 -150.9696044921875 621.0
vertex 470.1672058105469 -147.6197967529297 621.0
vertex 470.4747009277344 -147.57940673828125 621.0
endloop
endfacet
facet normal -0.13023305796014778 0.9914834091472982 0.0
outer loop
vertex 470.4747009277344 -147.57940673828125 621.0
vertex 470.1672058105469 -147.6197967529297 621.0
vertex 470.1672058105469 -147.6197967529297 622.4962768554688
endloop
endfacet
facet normal -0.2164485741872041 0.976294020634482 2.384147409609772e-06
outer loop
vertex 470.4747009277344 -147.57940673828125 621.0
vertex 470.6412048339844 -147.54249572753906 622.4822998046875
vertex 470.87078857421875 -147.49159240722656 621.0
endloop
endfacet
facet normal 0.0 0.0 -1.0
outer loop
vertex 471.056396484375 -150.8784942626953 621.0
vertex 470.4747009277344 -147.57940673828125 621.0
vertex 471.73779296875 -150.72740173339844 621.0
endloop
endfacet
facet normal 0.0 0.0 -1.0
outer loop
vertex 471.73779296875 -150.72740173339844 621.0
vertex 471.2575988769531 -147.36959838867188 621.0
vertex 472.4034118652344 -150.5175018310547 621.0
endloop
endfacet
facet normal 0.0 0.0 -1.0
outer loop
vertex 471.73779296875 -150.72740173339844 621.0
vertex 470.4747009277344 -147.57940673828125 621.0
vertex 470.87078857421875 -147.49159240722656 621.0
endloop
endfacet
facet normal 0.0 0.0 -0.9999999999999999
outer loop
vertex 471.73779296875 -150.72740173339844 621.0
vertex 470.87078857421875 -147.49159240722656 621.0
vertex 471.2575988769531 -147.36959838867188 621.0
endloop
endfacet
facet normal -0.13047528672782557 0.9914515605862676 -5.063937657852806e-05
outer loop
vertex 470.4747009277344 -147.57940673828125 621.0
vertex 470.1672058105469 -147.6197967529297 622.4962768554688
vertex 470.3511047363281 -147.59559631347656 622.482421875
endloop
endfacet
facet normal -0.12987818337886825 0.9915299579348095 0.0
outer loop
vertex 470.4747009277344 -147.57940673828125 621.0
vertex 470.3511047363281 -147.59559631347656 622.482421875
vertex 470.4747009277344 -147.57940673828125 622.4953002929688
endloop
endfacet
facet normal -0.21642834357771312 0.9762985056304282 0.0
outer loop
vertex 470.4747009277344 -147.57940673828125 621.0
vertex 470.4747009277344 -147.57940673828125 622.4953002929688
vertex 470.6412048339844 -147.54249572753906 622.4822998046875
endloop
endfacet
facet normal -0.07849581785180124 0.8725451203750321 0.48218608388204004
outer loop
vertex 470.3511047363281 -147.59559631347656 622.482421875
vertex 470.1672058105469 -147.6197967529297 622.4962768554688
vertex 470.1672058105469 -147.7761993408203 622.779296875
endloop
endfacet
facet normal -0.16009453280192837 0.8842330295294872 0.43875014536298157
outer loop
vertex 470.3511047363281 -147.59559631347656 622.482421875
vertex 470.1672058105469 -147.7761993408203 622.779296875
vertex 470.1672058105469 -147.82989501953125 622.8875122070312
endloop
endfacet
facet normal -0.16148352043694073 0.8842797260397945 0.43814659503672726
outer loop
vertex 470.3511047363281 -147.59559631347656 622.482421875
vertex 470.1672058105469 -147.82989501953125 622.8875122070312
vertex 470.4747009277344 -147.57940673828125 622.4953002929688
endloop
endfacet
facet normal -0.16187841337490352 0.8844056557807377 0.43774651946790744
outer loop
vertex 470.4747009277344 -147.57940673828125 622.4953002929688
vertex 470.93218994140625 -147.72230529785156 622.9531860351562
vertex 470.6412048339844 -147.54249572753906 622.4822998046875
endloop
endfacet
facet normal -0.21646324611344517 0.9762907676927146 0.0
outer loop
vertex 470.6412048339844 -147.54249572753906 622.4822998046875
vertex 470.87078857421875 -147.49159240722656 622.5040283203125
vertex 470.87078857421875 -147.49159240722656 621.0
endloop
endfacet
facet normal -0.2332485525682248 0.8516526658011574 0.4693429977730682
outer loop
vertex 470.6412048339844 -147.54249572753906 622.4822998046875
vertex 470.93218994140625 -147.72230529785156 622.9531860351562
vertex 470.87078857421875 -147.49159240722656 622.5040283203125
endloop
endfacet
facet normal -0.23325122468425 0.851651938527976 0.46934298949152126
outer loop
vertex 470.93218994140625 -147.72230529785156 622.9531860351562
vertex 471.2264099121094 -147.37939453125 622.4771728515625
vertex 470.87078857421875 -147.49159240722656 622.5040283203125
endloop
endfacet
facet normal 0.0 0.0 -1.0
outer loop
vertex 472.4034118652344 -150.5175018310547 621.0
vertex 471.2575988769531 -147.36959838867188 621.0
vertex 473.0481872558594 -150.25050354003906 621.0
endloop
endfacet
facet normal 0.0 0.0 -1.0
outer loop
vertex 473.0481872558594 -150.25050354003906 621.0
vertex 471.9921875 -147.02699279785156 621.0
vertex 473.6672058105469 -149.92820739746094 621.0
endloop
endfacet
facet normal 0.0 0.0 -1.0
outer loop
vertex 473.0481872558594 -150.25050354003906 621.0
vertex 471.2575988769531 -147.36959838867188 621.0
vertex 471.63238525390625 -147.21429443359375 621.0
endloop
endfacet
facet normal 0.0 0.0 -1.0
outer loop
vertex 473.0481872558594 -150.25050354003906 621.0
vertex 471.63238525390625 -147.21429443359375 621.0
vertex 471.9921875 -147.02699279785156 621.0
endloop
endfacet
facet normal 0.0 0.0 -1.0
outer loop
vertex 471.9921875 -147.02699279785156 621.0
vertex 472.33441162109375 -146.80909729003906 621.0
vertex 474.2558898925781 -149.55320739746094 621.0
endloop
endfacet
facet normal 0.0 0.0 -1.0
outer loop
vertex 473.6672058105469 -149.92820739746094 621.0
vertex 471.9921875 -147.02699279785156 621.0
vertex 474.2558898925781 -149.55320739746094 621.0
endloop
endfacet
facet normal 0.0 0.0 -0.9999999999999999
outer loop
vertex 472.33441162109375 -146.80909729003906 621.0
vertex 472.65618896484375 -146.56210327148438 621.0
vertex 474.2558898925781 -149.55320739746094 621.0
endloop
endfacet
facet normal 0.0 -0.0 -1.0
outer loop
vertex 472.65618896484375 -146.56210327148438 621.0
vertex 474.80950927734375 -149.12840270996094 621.0
vertex 474.2558898925781 -149.55320739746094 621.0
endloop
endfacet
facet normal 0.04350093244724621 -0.9990533863994556 0.0
outer loop
vertex 470.364501953125 -150.9696044921875 621.0
vertex 470.364501953125 -150.9696044921875 630.0
vertex 470.1672058105469 -150.9781951904297 621.0
endloop
endfacet
facet normal 0.13055518857484888 -0.9914410434999076 0.0
outer loop
vertex 470.364501953125 -150.9696044921875 621.0
vertex 471.056396484375 -150.8784942626953 621.0
vertex 470.364501953125 -150.9696044921875 630.0
endloop
endfacet
facet normal 0.21648135571533744 -0.9762867522545051 0.0
outer loop
vertex 471.056396484375 -150.8784942626953 621.0
vertex 471.73779296875 -150.72740173339844 621.0
vertex 471.056396484375 -150.8784942626953 630.0
endloop
endfacet
facet normal -0.15987202832282188 0.9228886887852947 0.3503104375723141
outer loop
vertex 470.93218994140625 -147.72230529785156 622.9531860351562
vertex 470.1672058105469 -147.82989501953125 622.8875122070312
vertex 470.1672058105469 -147.8690948486328 622.9907836914062
endloop
endfacet
facet normal -0.1619649545262548 0.8843548565968856 0.4378171320526528
outer loop
vertex 470.4747009277344 -147.57940673828125 622.4953002929688
vertex 470.1672058105469 -147.82989501953125 622.8875122070312
vertex 470.93218994140625 -147.72230529785156 622.9531860351562
endloop
endfacet
facet normal -0.15983763594984238 0.9227840488333595 0.3506016676410391
outer loop
vertex 470.5282897949219 -148.0406036376953 623.6068115234375
vertex 470.93218994140625 -147.72230529785156 622.9531860351562
vertex 470.1672058105469 -147.8690948486328 622.9907836914062
endloop
endfacet
facet normal -0.0815794026219717 0.9467680766154218 0.3114081087090974
outer loop
vertex 470.5282897949219 -148.0406036376953 623.6068115234375
vertex 470.1672058105469 -147.8690948486328 622.9907836914062
vertex 470.1672058105469 -148.06910705566406 623.598876953125
endloop
endfacet
facet normal -0.30232478855655226 0.8521949650536087 0.4270403537858158
outer loop
vertex 470.93218994140625 -147.72230529785156 622.9531860351562
vertex 471.6549987792969 -147.4727020263672 622.966796875
vertex 471.2264099121094 -147.37939453125 622.4771728515625
endloop
endfacet
facet normal -0.3123533796346421 0.8858084709081226 0.34318904280036466
outer loop
vertex 470.93218994140625 -147.72230529785156 622.9531860351562
vertex 471.2638854980469 -147.85609436035156 623.6004028320312
vertex 471.6549987792969 -147.4727020263672 622.966796875
endloop
endfacet
facet normal -0.22892322592236553 0.9233685966378543 0.30819570304651756
outer loop
vertex 470.5282897949219 -148.0406036376953 623.6068115234375
vertex 471.2638854980469 -147.85609436035156 623.6004028320312
vertex 470.93218994140625 -147.72230529785156 622.9531860351562
endloop
endfacet
facet normal -0.36482844713284723 0.879097776590147 0.3067365373686276
outer loop
vertex 471.2638854980469 -147.85609436035156 623.6004028320312
vertex 471.9668884277344 -147.5720977783203 623.6226196289062
vertex 471.6549987792969 -147.4727020263672 622.966796875
endloop
endfacet
facet normal -0.08158379459798419 0.9712294537429976 0.22373518418226615
outer loop
vertex 470.5282897949219 -148.0406036376953 623.6068115234375
vertex 470.1672058105469 -148.06910705566406 623.598876953125
vertex 470.1672058105469 -148.20550537109375 624.1909790039062
endloop
endfacet
facet normal -0.15048729894294238 0.971842297339955 0.18131773757097233
outer loop
vertex 470.5282897949219 -148.0406036376953 623.6068115234375
vertex 470.1672058105469 -148.20550537109375 624.1909790039062
vertex 470.8338928222656 -148.1219024658203 624.2962036132812
endloop
endfacet
facet normal -0.1503617997880507 0.9720387018211398 0.18036654713768654
outer loop
vertex 470.8338928222656 -148.1219024658203 624.2962036132812
vertex 470.1672058105469 -148.20550537109375 624.1909790039062
vertex 470.1672058105469 -148.22479248046875 624.294921875
endloop
endfacet
facet normal -0.15213900704521388 0.9847499549996154 0.0843874911556933
outer loop
vertex 470.8338928222656 -148.1219024658203 624.2962036132812
vertex 470.1672058105469 -148.22479248046875 624.294921875
vertex 470.1672058105469 -148.23789978027344 624.4478759765625
endloop
endfacet
facet normal -0.23576372146906677 0.9474462158699509 0.2162432326635141
outer loop
vertex 470.5282897949219 -148.0406036376953 623.6068115234375
vertex 470.8338928222656 -148.1219024658203 624.2962036132812
vertex 471.2638854980469 -147.85609436035156 623.6004028320312
endloop
endfacet
facet normal -0.3716466144521782 0.9031598856740014 0.21489768466774745
outer loop
vertex 471.2638854980469 -147.85609436035156 623.6004028320312
vertex 471.5658874511719 -147.8988037109375 624.3021850585938
vertex 471.9668884277344 -147.5720977783203 623.6226196289062
endloop
endfacet
facet normal -0.2880704036620943 0.9403109105656557 0.18119280892227868
outer loop
vertex 471.2638854980469 -147.85609436035156 623.6004028320312
vertex 470.8338928222656 -148.1219024658203 624.2962036132812
vertex 471.5658874511719 -147.8988037109375 624.3021850585938
endloop
endfacet
facet normal 0.30074629170361483 -0.9537041826617538 0.0
outer loop
vertex 471.73779296875 -150.72740173339844 621.0
vertex 472.4034118652344 -150.5175018310547 621.0
vertex 471.73779296875 -150.72740173339844 630.0
endloop
endfacet
facet normal 0.38258996186619626 -0.9239182437203103 0.0
outer loop
vertex 472.4034118652344 -150.5175018310547 621.0
vertex 473.0481872558594 -150.25050354003906 621.0
vertex 472.4034118652344 -150.5175018310547 630.0
endloop
endfacet
facet normal 0.4618111579158362 -0.8869782716754874 0.0
outer loop
vertex 473.0481872558594 -150.25050354003906 621.0
vertex 473.6672058105469 -149.92820739746094 621.0
vertex 473.0481872558594 -150.25050354003906 630.0
endloop
endfacet
facet normal 0.5372658536543654 -0.8434129489740161 0.0
outer loop
vertex 473.6672058105469 -149.92820739746094 621.0
vertex 474.2558898925781 -149.55320739746094 621.0
vertex 473.6672058105469 -149.92820739746094 630.0
endloop
endfacet
facet normal -0.4192589097504348 0.8897698640266922 0.18036506220662119
outer loop
vertex 471.5658874511719 -147.8988037109375 624.3021850585938
vertex 472.23480224609375 -147.5841064453125 624.3046264648438
vertex 471.9668884277344 -147.5720977783203 623.6226196289062
endloop
endfacet
facet normal -0.30078024926455693 0.9536934732778635 -2.60682965495211e-05
outer loop
vertex 470.87078857421875 -147.49159240722656 621.0
vertex 471.2264099121094 -147.37939453125 622.4771728515625
vertex 471.2575988769531 -147.36959838867188 621.0
endloop
endfacet
facet normal -0.38281462017000295 0.9238251818250749 -3.1565119241612444e-06
outer loop
vertex 471.2575988769531 -147.36959838867188 621.0
vertex 471.3710021972656 -147.32260131835938 622.4661865234375
vertex 471.63238525390625 -147.21429443359375 621.0
endloop
endfacet
facet normal -0.4617494699987282 0.8870103871747463 0.0
outer loop
vertex 471.63238525390625 -147.21429443359375 621.0
vertex 471.9921875 -147.02699279785156 622.4727783203125
vertex 471.9921875 -147.02699279785156 621.0
endloop
endfacet
facet normal -0.3008787303920231 0.953662408610974 0.0
outer loop
vertex 470.87078857421875 -147.49159240722656 621.0
vertex 470.87078857421875 -147.49159240722656 622.5040283203125
vertex 471.2264099121094 -147.37939453125 622.4771728515625
endloop
endfacet
facet normal -0.38284944911550867 0.9238107486449547 0.0
outer loop
vertex 471.2575988769531 -147.36959838867188 621.0
vertex 471.2575988769531 -147.36959838867188 622.4796142578125
vertex 471.3710021972656 -147.32260131835938 622.4661865234375
endloop
endfacet
facet normal -0.2996566737658539 0.9540471046377031 0.0
outer loop
vertex 471.2575988769531 -147.36959838867188 621.0
vertex 471.2264099121094 -147.37939453125 622.4771728515625
vertex 471.2575988769531 -147.36959838867188 622.4796142578125
endloop
endfacet
facet normal -0.38279950882300484 0.9238314435246651 0.0
outer loop
vertex 471.63238525390625 -147.21429443359375 621.0
vertex 471.3710021972656 -147.32260131835938 622.4661865234375
vertex 471.63238525390625 -147.21429443359375 622.4948120117188
endloop
endfacet
facet normal -0.4623036143290541 0.8867216804396084 0.00017209488689289205
outer loop
vertex 471.63238525390625 -147.21429443359375 621.0
vertex 471.8815002441406 -147.08470153808594 622.4755249023438
vertex 471.9921875 -147.02699279785156 622.4727783203125
endloop
endfacet
facet normal -0.4615015808306327 0.8871393863936077 0.0
outer loop
vertex 471.63238525390625 -147.21429443359375 621.0
vertex 471.63238525390625 -147.21429443359375 622.4948120117188
vertex 471.8815002441406 -147.08470153808594 622.4755249023438
endloop
endfacet
facet normal -0.3025474778725626 0.852076909016793 0.42711820934413336
outer loop
vertex 471.2575988769531 -147.36959838867188 622.4796142578125
vertex 471.6549987792969 -147.4727020263672 622.966796875
vertex 471.3710021972656 -147.32260131835938 622.4661865234375
endloop
endfacet
facet normal -0.3012720574171737 0.8529561665831684 0.4262639150894306
outer loop
vertex 471.2264099121094 -147.37939453125 622.4771728515625
vertex 471.6549987792969 -147.4727020263672 622.966796875
vertex 471.2575988769531 -147.36959838867188 622.4796142578125
endloop
endfacet
facet normal -0.3826661538127607 0.8025355389490201 0.45771533014522714
outer loop
vertex 471.3710021972656 -147.32260131835938 622.4661865234375
vertex 471.6549987792969 -147.4727020263672 622.966796875
vertex 471.63238525390625 -147.21429443359375 622.4948120117188
endloop
endfacet
facet normal -0.38214887882431686 0.802734118640415 0.45779926734750637
outer loop
vertex 471.63238525390625 -147.21429443359375 622.4948120117188
vertex 471.6549987792969 -147.4727020263672 622.966796875
vertex 471.8815002441406 -147.08470153808594 622.4755249023438
endloop
endfacet
facet normal -0.38233437998900577 0.8027068413898371 0.4576921986055403
outer loop
vertex 471.8815002441406 -147.08470153808594 622.4755249023438
vertex 471.6549987792969 -147.4727020263672 622.966796875
vertex 472.0733947753906 -147.01710510253906 622.5172729492188
endloop
endfacet
facet normal -0.5370799011659397 0.8435313741841525 -2.303431848561513e-05
outer loop
vertex 471.9921875 -147.02699279785156 621.0
vertex 472.1070861816406 -146.95379638671875 622.462890625
vertex 472.33441162109375 -146.80909729003906 621.0
endloop
endfacet
facet normal -0.6088942065561508 0.7932514380586958 3.521599809705499e-05
outer loop
vertex 472.33441162109375 -146.80909729003906 621.0
vertex 472.64520263671875 -146.5706024169922 622.4893188476562
vertex 472.65618896484375 -146.56210327148438 621.0
endloop
endfacet
facet normal -0.6756326550426042 0.7372384382178316 2.5577602551017375e-05
outer loop
vertex 472.65618896484375 -146.56210327148438 621.0
vertex 472.9512023925781 -146.2917938232422 622.4931030273438
vertex 472.9552917480469 -146.28799438476562 621.0
endloop
endfacet
facet normal 0.0 0.0 -1.0
outer loop
vertex 472.65618896484375 -146.56210327148438 621.0
vertex 472.9552917480469 -146.28799438476562 621.0
vertex 474.80950927734375 -149.12840270996094 621.0
endloop
endfacet
facet normal 0.0 0.0 -1.0
outer loop
vertex 472.9552917480469 -146.28799438476562 621.0
vertex 473.2294006347656 -145.98899841308594 621.0
vertex 475.3240966796875 -148.6569061279297 621.0
endloop
endfacet
facet normal 0.0 0.0 -1.0
outer loop
vertex 473.2294006347656 -145.98899841308594 621.0
vertex 473.4762878417969 -145.66709899902344 621.0
vertex 475.79559326171875 -148.14230346679688 621.0
endloop
endfacet
facet normal -0.7371182248739571 0.6757638066667907 -1.256483226999401e-05
outer loop
vertex 472.9552917480469 -146.28799438476562 621.0
vertex 473.1796875 -146.04319763183594 622.4793090820312
vertex 473.2294006347656 -145.98899841308594 621.0
endloop
endfacet
facet normal -0.7934901114571487 0.6085831438839905 0.0
outer loop
vertex 473.2294006347656 -145.98899841308594 621.0
vertex 473.2294006347656 -145.98899841308594 622.49169921875
vertex 473.4762878417969 -145.66709899902344 621.0
endloop
endfacet
facet normal -0.8433081751089728 0.5374302946457182 1.3834389663670647e-05
outer loop
vertex 473.4762878417969 -145.66709899902344 621.0
vertex 473.619384765625 -145.44259643554688 622.4692993164062
vertex 473.6943054199219 -145.3249969482422 621.0
endloop
endfacet
facet normal -0.5368407202131618 0.843683614349013 0.0
outer loop
vertex 471.9921875 -147.02699279785156 621.0
vertex 471.9921875 -147.02699279785156 622.4727783203125
vertex 472.04010009765625 -146.9965057373047 622.4635009765625
endloop
endfacet
facet normal -0.5376083220753684 0.8431946932874734 3.531501927063229e-05
outer loop
vertex 471.9921875 -147.02699279785156 621.0
vertex 472.04010009765625 -146.9965057373047 622.4635009765625
vertex 472.1070861816406 -146.95379638671875 622.462890625
endloop
endfacet
facet normal -0.5369744156234628 0.8435985283094326 0.0
outer loop
vertex 472.33441162109375 -146.80909729003906 621.0
vertex 472.1070861816406 -146.95379638671875 622.462890625
vertex 472.33441162109375 -146.80909729003906 622.4984741210938
endloop
endfacet
facet normal -0.6087880012137387 0.793332950014167 0.0
outer loop
vertex 472.33441162109375 -146.80909729003906 621.0
vertex 472.33441162109375 -146.80909729003906 622.4984741210938
vertex 472.64520263671875 -146.5706024169922 622.4893188476562
endloop
endfacet
facet normal -0.6118851169718744 0.7909466503047569 0.0
outer loop
vertex 472.65618896484375 -146.56210327148438 621.0
vertex 472.64520263671875 -146.5706024169922 622.4893188476562
vertex 472.65618896484375 -146.56210327148438 622.4915161132812
endloop
endfacet
facet normal -0.6755622863663225 0.7373029209487147 0.0
outer loop
vertex 472.65618896484375 -146.56210327148438 621.0
vertex 472.65618896484375 -146.56210327148438 622.4915161132812
vertex 472.9512023925781 -146.2917938232422 622.4931030273438
endloop
endfacet
facet normal -0.38202416609820083 0.7579030125487185 0.5288105143494702
outer loop
vertex 471.8815002441406 -147.08470153808594 622.4755249023438
vertex 472.0733947753906 -147.01710510253906 622.5172729492188
vertex 471.9921875 -147.02699279785156 622.4727783203125
endloop
endfacet
facet normal -0.3812466470448807 0.7595336175267926 0.5270291054236946
outer loop
vertex 471.9921875 -147.02699279785156 622.4727783203125
vertex 472.0733947753906 -147.01710510253906 622.5172729492188
vertex 472.04010009765625 -146.9965057373047 622.4635009765625
endloop
endfacet
facet normal -0.4463164022482812 0.7078347860086255 0.5475140042047089
outer loop
vertex 472.04010009765625 -146.9965057373047 622.4635009765625
vertex 472.0733947753906 -147.01710510253906 622.5172729492188
vertex 472.1070861816406 -146.95379638671875 622.462890625
endloop
endfacet
facet normal -0.5213511586546588 0.6985130386864724 0.4901759930417192
outer loop
vertex 472.1070861816406 -146.95379638671875 622.462890625
vertex 472.0733947753906 -147.01710510253906 622.5172729492188
vertex 472.33441162109375 -146.80909729003906 622.4984741210938
endloop
endfacet
facet normal -0.5219714310126385 0.6991494922018383 0.4886059892802482
outer loop
vertex 472.0733947753906 -147.01710510253906 622.5172729492188
vertex 472.7825012207031 -146.64739990234375 622.7457885742188
vertex 472.33441162109375 -146.80909729003906 622.4984741210938
endloop
endfacet
facet normal -0.5220088874345112 0.6990106086848514 0.48876465746350484
outer loop
vertex 472.33441162109375 -146.80909729003906 622.4984741210938
vertex 472.7825012207031 -146.64739990234375 622.7457885742188
vertex 472.64520263671875 -146.5706024169922 622.4893188476562
endloop
endfacet
facet normal -0.5891883883705599 0.6312004754898588 0.5044234359649427
outer loop
vertex 472.64520263671875 -146.5706024169922 622.4893188476562
vertex 472.7825012207031 -146.64739990234375 622.7457885742188
vertex 472.65618896484375 -146.56210327148438 622.4915161132812
endloop
endfacet
facet normal -0.5850307140758567 0.6355397798684772 0.5038137074282723
outer loop
vertex 472.65618896484375 -146.56210327148438 622.4915161132812
vertex 472.7825012207031 -146.64739990234375 622.7457885742188
vertex 472.9512023925781 -146.2917938232422 622.4931030273438
endloop
endfacet
facet normal -0.6806607705938721 0.732598741040794 0.0
outer loop
vertex 472.9552917480469 -146.28799438476562 621.0
vertex 472.9512023925781 -146.2917938232422 622.4931030273438
vertex 472.9552917480469 -146.28799438476562 622.493896484375
endloop
endfacet
facet normal -0.7371560475050588 0.6757225478158321 0.0
outer loop
vertex 472.9552917480469 -146.28799438476562 621.0
vertex 472.9552917480469 -146.28799438476562 622.493896484375
vertex 473.1796875 -146.04319763183594 622.4793090820312
endloop
endfacet
facet normal -0.7369474147017872 0.6759500780119433 0.0
outer loop
vertex 473.2294006347656 -145.98899841308594 621.0
vertex 473.1796875 -146.04319763183594 622.4793090820312
vertex 473.2294006347656 -145.98899841308594 622.49169921875
endloop
endfacet
facet normal -0.7934901114571487 0.6085831438839906 0.0
outer loop
vertex 473.4762878417969 -145.66709899902344 621.0
vertex 473.2294006347656 -145.98899841308594 622.49169921875
vertex 473.4762878417969 -145.66709899902344 622.4896240234375
endloop
endfacet
facet normal -0.8430042627188474 0.5379068813817615 0.0
outer loop
vertex 473.4762878417969 -145.66709899902344 621.0
vertex 473.4762878417969 -145.66709899902344 622.4896240234375
vertex 473.4840087890625 -145.65499877929688 622.4869995117188
endloop
endfacet
facet normal -0.843281925692781 0.5374714818248757 4.984703376234165e-06
outer loop
vertex 473.4762878417969 -145.66709899902344 621.0
vertex 473.4840087890625 -145.65499877929688 622.4869995117188
vertex 473.619384765625 -145.44259643554688 622.4692993164062
endloop
endfacet
facet normal -0.8433865116551439 0.5373073533445901 0.0
outer loop
vertex 473.6943054199219 -145.3249969482422 621.0
vertex 473.619384765625 -145.44259643554688 622.4692993164062
vertex 473.6943054199219 -145.3249969482422 622.4810791015625
endloop
endfacet
facet normal -0.8870631736146325 0.4616480542759128 0.0
outer loop
vertex 473.6943054199219 -145.3249969482422 621.0
vertex 473.6943054199219 -145.3249969482422 622.4810791015625
vertex 473.73260498046875 -145.25140380859375 622.4763793945312
endloop
endfacet
facet normal -0.6538973244155944 0.6104542400933352 0.4469495607719011
outer loop
vertex 472.9512023925781 -146.2917938232422 622.4931030273438
vertex 473.4148864746094 -146.18800354003906 623.0297241210938
vertex 472.9552917480469 -146.28799438476562 622.493896484375
endloop
endfacet
facet normal -0.6485717258392903 0.6207674858093006 0.44045708644979725
outer loop
vertex 472.9552917480469 -146.28799438476562 622.493896484375
vertex 473.4148864746094 -146.18800354003906 623.0297241210938
vertex 473.1796875 -146.04319763183594 622.4793090820312
endloop
endfacet
facet normal -0.7079250654785446 0.5472626443292625 0.4464814663442833
outer loop
vertex 473.1796875 -146.04319763183594 622.4793090820312
vertex 473.4148864746094 -146.18800354003906 623.0297241210938
vertex 473.2294006347656 -145.98899841308594 622.49169921875
endloop
endfacet
facet normal -0.7086467381691337 0.5463886791759911 0.44640700235386455
outer loop
vertex 473.2294006347656 -145.98899841308594 622.49169921875
vertex 473.4148864746094 -146.18800354003906 623.0297241210938
vertex 473.4762878417969 -145.66709899902344 622.4896240234375
endloop
endfacet
facet normal -0.708658602102415 0.5484531202971632 0.44384925425481625
outer loop
vertex 473.4762878417969 -145.66709899902344 622.4896240234375
vertex 473.6842956542969 -145.48269653320312 622.5938720703125
vertex 473.4840087890625 -145.65499877929688 622.4869995117188
endloop
endfacet
facet normal -0.6990693164186637 0.4890297398570538 0.5216818996067286
outer loop
vertex 473.4840087890625 -145.65499877929688 622.4869995117188
vertex 473.6842956542969 -145.48269653320312 622.5938720703125
vertex 473.619384765625 -145.44259643554688 622.4692993164062
endloop
endfacet
facet normal -0.7083756961517694 0.5465711312811711 0.4466137834320798
outer loop
vertex 473.4762878417969 -145.66709899902344 622.4896240234375
vertex 473.4148864746094 -146.18800354003906 623.0297241210938
vertex 473.6842956542969 -145.48269653320312 622.5938720703125
endloop
endfacet
facet normal -0.7420822815599692 0.42047732948690486 0.52202749236253
outer loop
vertex 473.619384765625 -145.44259643554688 622.4692993164062
vertex 473.6842956542969 -145.48269653320312 622.5938720703125
vertex 473.6943054199219 -145.3249969482422 622.4810791015625
endloop
endfacet
facet normal -0.7429671933255272 0.41994134956513857 0.5211995899532145
outer loop
vertex 473.73260498046875 -145.25140380859375 622.4763793945312
vertex 473.6943054199219 -145.3249969482422 622.4810791015625
vertex 473.6842956542969 -145.48269653320312 622.5938720703125
endloop
endfacet
facet normal -0.8016543386673474 0.3952535495933019 0.44846956733953874
outer loop
vertex 473.73260498046875 -145.25140380859375 622.4763793945312
vertex 473.6842956542969 -145.48269653320312 622.5938720703125
vertex 474.1400146484375 -145.033203125 623.0123291015625
endloop
endfacet
facet normal -0.8870257940079812 0.4617198725892265 -4.549614884934009e-06
outer loop
vertex 473.6943054199219 -145.3249969482422 621.0
vertex 473.73260498046875 -145.25140380859375 622.4763793945312
vertex 473.881591796875 -144.96519470214844 621.0
endloop
endfacet
facet normal -0.9239104844562677 0.3826086979558342 3.098912863582995e-05
outer loop
vertex 473.881591796875 -144.96519470214844 621.0
vertex 474.0310974121094 -144.6042938232422 622.4840698242188
vertex 474.03680419921875 -144.59039306640625 621.0
endloop
endfacet
facet normal -0.9536996980016856 0.30076051213652055 1.9258022904549653e-05
outer loop
vertex 474.03680419921875 -144.59039306640625 621.0
vertex 474.1275939941406 -144.30259704589844 622.4810180664062
vertex 474.1588134765625 -144.20350646972656 621.0
endloop
endfacet
facet normal -0.8870161821456253 0.46173833781894147 0.0
outer loop
vertex 473.73260498046875 -145.25140380859375 622.4763793945312
vertex 473.881591796875 -144.96519470214844 622.490478515625
vertex 473.881591796875 -144.96519470214844 621.0
endloop
endfacet
facet normal -0.9241152500097577 0.38211386352683296 0.0
outer loop
vertex 473.881591796875 -144.96519470214844 621.0
vertex 473.881591796875 -144.96519470214844 622.490478515625
vertex 473.9118957519531 -144.89190673828125 622.480224609375
endloop
endfacet
facet normal -0.923801527454307 0.3828716964493584 -4.394405123304086e-05
outer loop
vertex 473.881591796875 -144.96519470214844 621.0
vertex 473.9118957519531 -144.89190673828125 622.480224609375
vertex 474.0310974121094 -144.6042938232422 622.4840698242188
endloop
endfacet
facet normal -0.9250771608129142 0.37977920762242584 0.0
outer loop
vertex 474.03680419921875 -144.59039306640625 621.0
vertex 474.0310974121094 -144.6042938232422 622.4840698242188
vertex 474.03680419921875 -144.59039306640625 622.486083984375
endloop
endfacet
facet normal -0.9536712685059545 0.30085064671069556 0.0
outer loop
vertex 474.03680419921875 -144.59039306640625 621.0
vertex 474.03680419921875 -144.59039306640625 622.486083984375
vertex 474.1275939941406 -144.30259704589844 622.4810180664062
endloop
endfacet
facet normal -0.9537822298558606 0.30049868221205583 0.0
outer loop
vertex 474.1588134765625 -144.20350646972656 621.0
vertex 474.1275939941406 -144.30259704589844 622.4810180664062
vertex 474.1588134765625 -144.20350646972656 622.4915771484375
endloop
endfacet
facet normal -0.8016617928361458 0.3952134969337659 0.448491540330607
outer loop
vertex 473.73260498046875 -145.25140380859375 622.4763793945312
vertex 474.1400146484375 -145.033203125 623.0123291015625
vertex 473.881591796875 -144.96519470214844 622.490478515625
endloop
endfacet
facet normal -0.8020259602105266 0.39439079952974243 0.44856466244530824
outer loop
vertex 473.881591796875 -144.96519470214844 622.490478515625
vertex 474.1400146484375 -145.033203125 623.0123291015625
vertex 473.9118957519531 -144.89190673828125 622.480224609375
endloop
endfacet
facet normal -0.8292859762482551 0.33774678470314795 0.4452099269116358
outer loop
vertex 473.9118957519531 -144.89190673828125 622.480224609375
vertex 474.1400146484375 -145.033203125 623.0123291015625
vertex 474.0310974121094 -144.6042938232422 622.4840698242188
endloop
endfacet
facet normal -0.8175095291609592 0.2612508053490006 0.5132506078277213
outer loop
vertex 474.0310974121094 -144.6042938232422 622.4840698242188
vertex 474.2394104003906 -144.3773956298828 622.7003784179688
vertex 474.03680419921875 -144.59039306640625 622.486083984375
endloop
endfacet
facet normal -0.8186223172410139 0.267196295453521 0.5083931956771918
outer loop
vertex 474.03680419921875 -144.59039306640625 622.486083984375
vertex 474.2394104003906 -144.3773956298828 622.7003784179688
vertex 474.1275939941406 -144.30259704589844 622.4810180664062
endloop
endfacet
facet normal -0.8295536546177057 0.3373939974390424 0.4449786788178864
outer loop
vertex 474.0310974121094 -144.6042938232422 622.4840698242188
vertex 474.1400146484375 -145.033203125 623.0123291015625
vertex 474.2394104003906 -144.3773956298828 622.7003784179688
endloop
endfacet
facet normal -0.4484936308553121 0.801713087080083 0.39510706028460496
outer loop
vertex 472.0733947753906 -147.01710510253906 622.5172729492188
vertex 471.6549987792969 -147.4727020263672 622.966796875
vertex 472.4027099609375 -147.1522979736328 623.1654052734375
endloop
endfacet
facet normal -0.5222939667595687 0.7420719829192137 0.4201644730970253
outer loop
vertex 472.0733947753906 -147.01710510253906 622.5172729492188
vertex 472.4027099609375 -147.1522979736328 623.1654052734375
vertex 472.7825012207031 -146.64739990234375 622.7457885742188
endloop
endfacet
facet normal -0.5856235475347255 0.7312246722585746 0.3497935666263512
outer loop
vertex 472.7825012207031 -146.64739990234375 622.7457885742188
vertex 472.4027099609375 -147.1522979736328 623.1654052734375
vertex 473.0985107421875 -146.72219848632812 623.4312133789062
endloop
endfacet
facet normal -0.4450714187758836 0.8295087666774428 0.3373820359682625
outer loop
vertex 471.9668884277344 -147.5720977783203 623.6226196289062
vertex 472.4027099609375 -147.1522979736328 623.1654052734375
vertex 471.6549987792969 -147.4727020263672 622.966796875
endloop
endfacet
facet normal -0.5084105360268053 0.8186605721785182 0.26704605298951334
outer loop
vertex 471.9668884277344 -147.5720977783203 623.6226196289062
vertex 472.69488525390625 -147.2010040283203 623.8709716796875
vertex 472.4027099609375 -147.1522979736328 623.1654052734375
endloop
endfacet
facet normal -0.5812143674045762 0.7591382578405177 0.29308525142927677
outer loop
vertex 472.4027099609375 -147.1522979736328 623.1654052734375
vertex 472.69488525390625 -147.2010040283203 623.8709716796875
vertex 473.0985107421875 -146.72219848632812 623.4312133789062
endloop
endfacet
facet normal -0.6486555658506297 0.6206919005037084 0.4404401452412054
outer loop
vertex 472.7825012207031 -146.64739990234375 622.7457885742188
vertex 473.4148864746094 -146.18800354003906 623.0297241210938
vertex 472.9512023925781 -146.2917938232422 622.4931030273438
endloop
endfacet
facet normal -0.6490649351464005 0.6637536157775393 0.3716797647244758
outer loop
vertex 472.7825012207031 -146.64739990234375 622.7457885742188
vertex 473.0985107421875 -146.72219848632812 623.4312133789062
vertex 473.4148864746094 -146.18800354003906 623.0297241210938
endloop
endfacet
facet normal -0.7075014965197076 0.6416401216786934 0.2962086877094011
outer loop
vertex 473.0985107421875 -146.72219848632812 623.4312133789062
vertex 473.6881103515625 -146.21620178222656 623.743408203125
vertex 473.4148864746094 -146.18800354003906 623.0297241210938
endloop
endfacet
facet normal -0.7595458228004787 0.5263157156031898 0.38220663334830524
outer loop
vertex 473.6842956542969 -145.48269653320312 622.5938720703125
vertex 473.4148864746094 -146.18800354003906 623.0297241210938
vertex 473.9549865722656 -145.64999389648438 623.3621826171875
endloop
endfacet
facet normal -0.8026396373144954 0.457712403759024 0.38245126232866794
outer loop
vertex 473.6842956542969 -145.48269653320312 622.5938720703125
vertex 473.9549865722656 -145.64999389648438 623.3621826171875
vertex 474.1400146484375 -145.033203125 623.0123291015625
endloop
endfacet
facet normal -0.7600352695418182 0.5692873604708836 0.31346178437026406
outer loop
vertex 473.4148864746094 -146.18800354003906 623.0297241210938
vertex 473.6881103515625 -146.21620178222656 623.743408203125
vertex 473.9549865722656 -145.64999389648438 623.3621826171875
endloop
endfacet
facet normal -0.5001433313442872 0.839777580165118 0.21125876067954502
outer loop
vertex 471.9668884277344 -147.5720977783203 623.6226196289062
vertex 472.23480224609375 -147.5841064453125 624.3046264648438
vertex 472.69488525390625 -147.2010040283203 623.8709716796875
endloop
endfacet
facet normal -0.5572327792977001 0.8196503960380814 0.13290920942800344
outer loop
vertex 472.23480224609375 -147.5841064453125 624.3046264648438
vertex 472.9302062988281 -147.15440368652344 624.5701904296875
vertex 472.69488525390625 -147.2010040283203 623.8709716796875
endloop
endfacet
facet normal -0.6304872276106285 0.7591928812097235 0.1615921561844583
outer loop
vertex 472.69488525390625 -147.2010040283203 623.8709716796875
vertex 472.9302062988281 -147.15440368652344 624.5701904296875
vertex 473.34429931640625 -146.72079467773438 624.148681640625
endloop
endfacet
facet normal -0.6387324683525903 0.7380857335580819 0.21737130397142027
outer loop
vertex 473.0985107421875 -146.72219848632812 623.4312133789062
vertex 472.69488525390625 -147.2010040283203 623.8709716796875
vertex 473.34429931640625 -146.72079467773438 624.148681640625
endloop
endfacet
facet normal -0.7021863999403867 0.670595169984116 0.23924125424502785
outer loop
vertex 473.0985107421875 -146.72219848632812 623.4312133789062
vertex 473.34429931640625 -146.72079467773438 624.148681640625
vertex 473.6881103515625 -146.21620178222656 623.743408203125
endloop
endfacet
facet normal -0.7518318531719822 0.6399151150163624 0.15892611531645276
outer loop
vertex 473.34429931640625 -146.72079467773438 624.148681640625
vertex 473.80230712890625 -146.28729248046875 624.5698852539062
vertex 473.6881103515625 -146.21620178222656 623.743408203125
endloop
endfacet
facet normal -0.8095159417694348 0.5387077097770376 0.23340510587372407
outer loop
vertex 473.9549865722656 -145.64999389648438 623.3621826171875
vertex 473.6881103515625 -146.21620178222656 623.743408203125
vertex 474.1202087402344 -145.75210571289062 624.1708984375
endloop
endfacet
facet normal -0.851608670380622 0.4694190904825544 0.23325606106397415
outer loop
vertex 473.9549865722656 -145.64999389648438 623.3621826171875
vertex 474.1202087402344 -145.75210571289062 624.1708984375
vertex 474.38958740234375 -145.0467987060547 623.7349853515625
endloop
endfacet
facet normal -0.7916633786466102 0.5896069121800035 0.16010241728154986
outer loop
vertex 473.6881103515625 -146.21620178222656 623.743408203125
vertex 473.80230712890625 -146.28729248046875 624.5698852539062
vertex 474.1202087402344 -145.75210571289062 624.1708984375
endloop
endfacet
facet normal -0.852152991819444 0.4271199759498038 0.3023306214689633
outer loop
vertex 473.9549865722656 -145.64999389648438 623.3621826171875
vertex 474.38958740234375 -145.0467987060547 623.7349853515625
vertex 474.1400146484375 -145.033203125 623.0123291015625
endloop
endfacet
facet normal 0.0 -0.0 -1.0
outer loop
vertex 472.9552917480469 -146.28799438476562 621.0
vertex 475.3240966796875 -148.6569061279297 621.0
vertex 474.80950927734375 -149.12840270996094 621.0
endloop
endfacet
facet normal 0.0 -0.0 -1.0
outer loop
vertex 473.2294006347656 -145.98899841308594 621.0
vertex 475.79559326171875 -148.14230346679688 621.0
vertex 475.3240966796875 -148.6569061279297 621.0
endloop
endfacet
facet normal 0.6087592575271192 -0.7933550065229504 0.0
outer loop
vertex 474.2558898925781 -149.55320739746094 621.0
vertex 474.80950927734375 -149.12840270996094 621.0
vertex 474.2558898925781 -149.55320739746094 630.0
endloop
endfacet
facet normal 0.6755622494831435 -0.7373029547433505 0.0
outer loop
vertex 474.80950927734375 -149.12840270996094 621.0
vertex 475.3240966796875 -148.6569061279297 621.0
vertex 474.80950927734375 -149.12840270996094 630.0
endloop
endfacet
facet normal 0.7373129323674716 -0.6755513598266827 0.0
outer loop
vertex 475.3240966796875 -148.6569061279297 621.0
vertex 475.79559326171875 -148.14230346679688 621.0
vertex 475.3240966796875 -148.6569061279297 630.0
endloop
endfacet
facet normal 0.7933402656962169 -0.608778467773833 0.0
outer loop
vertex 475.79559326171875 -148.14230346679688 621.0
vertex 476.2204895019531 -147.58859252929688 621.0
vertex 475.79559326171875 -148.14230346679688 630.0
endloop
endfacet
facet normal 0.0 -0.0 -1.0
outer loop
vertex 473.4762878417969 -145.66709899902344 621.0
vertex 476.2204895019531 -147.58859252929688 621.0
vertex 475.79559326171875 -148.14230346679688 621.0
endloop
endfacet
facet normal 0.0 0.0 -1.0
outer loop
vertex 473.4762878417969 -145.66709899902344 621.0
vertex 473.6943054199219 -145.3249969482422 621.0
vertex 476.2204895019531 -147.58859252929688 621.0
endloop
endfacet
facet normal 0.0 0.0 -1.0
outer loop
vertex 473.6943054199219 -145.3249969482422 621.0
vertex 473.881591796875 -144.96519470214844 621.0
vertex 476.9176940917969 -146.3809051513672 621.0
endloop
endfacet
facet normal 0.0 -0.0 -1.0
outer loop
vertex 473.6943054199219 -145.3249969482422 621.0
vertex 476.5954895019531 -147.0 621.0
vertex 476.2204895019531 -147.58859252929688 621.0
endloop
endfacet
facet normal 0.0 -0.0 -1.0
outer loop
vertex 473.6943054199219 -145.3249969482422 621.0
vertex 476.9176940917969 -146.3809051513672 621.0
vertex 476.5954895019531 -147.0 621.0
endloop
endfacet
facet normal 0.0 -0.0 -0.9999999999999999
outer loop
vertex 473.881591796875 -144.96519470214844 621.0
vertex 477.184814453125 -145.7362060546875 621.0
vertex 476.9176940917969 -146.3809051513672 621.0
endloop
endfacet
facet normal 0.0 0.0 -1.0
outer loop
vertex 473.881591796875 -144.96519470214844 621.0
vertex 474.03680419921875 -144.59039306640625 621.0
vertex 477.184814453125 -145.7362060546875 621.0
endloop
endfacet
facet normal 0.0 0.0 -1.0
outer loop
vertex 474.03680419921875 -144.59039306640625 621.0
vertex 474.1588134765625 -144.20350646972656 621.0
vertex 477.184814453125 -145.7362060546875 621.0
endloop
endfacet
facet normal 0.0 0.0 -1.0
outer loop
vertex 474.1588134765625 -144.20350646972656 621.0
vertex 474.2466125488281 -143.8074951171875 621.0
vertex 477.39471435546875 -145.0706024169922 621.0
endloop
endfacet
facet normal -0.9762931579615659 0.21645246526069625 0.0
outer loop
vertex 474.1588134765625 -144.20350646972656 621.0
vertex 474.1588134765625 -144.20350646972656 622.4915771484375
vertex 474.2466125488281 -143.8074951171875 621.0
endloop
endfacet
facet normal -0.9914388826604791 0.13057159560246684 -1.9255304223856025e-05
outer loop
vertex 474.2466125488281 -143.8074951171875 621.0
vertex 474.2666015625 -143.65550231933594 622.4570922851562
vertex 474.287109375 -143.5 621.0
endloop
endfacet
facet normal 0.0 -0.0 -1.0
outer loop
vertex 474.1588134765625 -144.20350646972656 621.0
vertex 477.39471435546875 -145.0706024169922 621.0
vertex 477.184814453125 -145.7362060546875 621.0
endloop
endfacet
facet normal 0.0 -0.0 -1.0
outer loop
vertex 474.2466125488281 -143.8074951171875 621.0
vertex 477.5456848144531 -144.3892059326172 621.0
vertex 477.39471435546875 -145.0706024169922 621.0
endloop
endfacet
facet normal 0.0 0.0 -1.0
outer loop
vertex 474.2466125488281 -143.8074951171875 621.0
vertex 474.287109375 -143.5 621.0
vertex 477.6453857421875 -143.5 621.0
endloop
endfacet
facet normal -0.0 1.0 0.0
outer loop
vertex 474.287109375 -143.5 621.0
vertex 474.287109375 -143.5 622.4791870117188
vertex 477.6453857421875 -143.5 621.0
endloop
endfacet
facet normal -0.8397850306245606 0.21129024454336393 0.5001175210885052
outer loop
vertex 474.1275939941406 -144.30259704589844 622.4810180664062
vertex 474.2394104003906 -144.3773956298828 622.7003784179688
vertex 474.1588134765625 -144.20350646972656 622.4915771484375
endloop
endfacet
facet normal -0.839855826401141 0.21117375327038337 0.5000478345016162
outer loop
vertex 474.1588134765625 -144.20350646972656 622.4915771484375
vertex 474.2394104003906 -144.3773956298828 622.7003784179688
vertex 474.2466125488281 -143.8074951171875 622.4718017578125
endloop
endfacet
facet normal -0.9762931579615659 0.21645246526069628 0.0
outer loop
vertex 474.1588134765625 -144.20350646972656 622.4915771484375
vertex 474.2466125488281 -143.8074951171875 622.4718017578125
vertex 474.2466125488281 -143.8074951171875 621.0
endloop
endfacet
facet normal -0.9917778666340251 0.1279713376301968 0.0
outer loop
vertex 474.2466125488281 -143.8074951171875 621.0
vertex 474.2466125488281 -143.8074951171875 622.4718017578125
vertex 474.2497863769531 -143.78289794921875 622.4669189453125
endloop
endfacet
facet normal -0.9912864445699642 0.13172388058999918 -6.398555213994872e-05
outer loop
vertex 474.2466125488281 -143.8074951171875 621.0
vertex 474.2497863769531 -143.78289794921875 622.4669189453125
vertex 474.26141357421875 -143.69540405273438 622.4536743164062
endloop
endfacet
facet normal -0.9916548886731984 0.12892074100709205 0.00015591256848998913
outer loop
vertex 474.2466125488281 -143.8074951171875 621.0
vertex 474.26141357421875 -143.69540405273438 622.4536743164062
vertex 474.2666015625 -143.65550231933594 622.4570922851562
endloop
endfacet
facet normal -0.9914155106316317 0.1307489398772361 0.0
outer loop
vertex 474.287109375 -143.5 621.0
vertex 474.2666015625 -143.65550231933594 622.4570922851562
vertex 474.287109375 -143.5 622.4791870117188
endloop
endfacet
facet normal -0.848418782753716 0.206245941901678 0.48749172353978754
outer loop
vertex 474.2394104003906 -144.3773956298828 622.7003784179688
vertex 474.2497863769531 -143.78289794921875 622.4669189453125
vertex 474.2466125488281 -143.8074951171875 622.4718017578125
endloop
endfacet
facet normal -0.8895651007276202 0.18166306932187734 0.41913298702442175
outer loop
vertex 474.2497863769531 -143.78289794921875 622.4669189453125
vertex 474.56610107421875 -143.6977996826172 623.1013793945312
vertex 474.26141357421875 -143.69540405273438 622.4536743164062
endloop
endfacet
facet normal -0.9018001926469026 0.08088739279637479 0.4245157738277983
outer loop
vertex 474.26141357421875 -143.69540405273438 622.4536743164062
vertex 474.56610107421875 -143.6977996826172 623.1013793945312
vertex 474.2666015625 -143.65550231933594 622.4570922851562
endloop
endfacet
facet normal -0.9016976757565075 0.08191852965829467 0.42453581242803906
outer loop
vertex 474.2666015625 -143.65550231933594 622.4570922851562
vertex 474.56610107421875 -143.6977996826172 623.1013793945312
vertex 474.32598876953125 -143.5 622.55322265625
endloop
endfacet
facet normal -0.8842096497106721 0.05063456765487239 0.46433763138144935
outer loop
vertex 474.2666015625 -143.65550231933594 622.4570922851562
vertex 474.32598876953125 -143.5 622.55322265625
vertex 474.287109375 -143.5 622.4791870117188
endloop
endfacet
facet normal -0.0 1.0 0.0
outer loop
vertex 474.287109375 -143.5 622.4791870117188
vertex 474.32598876953125 -143.5 622.55322265625
vertex 477.6453857421875 -143.5 621.0
endloop
endfacet
facet normal -0.0 1.0 0.0
outer loop
vertex 474.32598876953125 -143.5 622.55322265625
vertex 474.55218505859375 -143.5 623.0336303710938
vertex 477.6453857421875 -143.5 621.0
endloop
endfacet
facet normal 0.0 1.0 -0.0
outer loop
vertex 477.6453857421875 -143.5 621.0
vertex 474.55218505859375 -143.5 623.0336303710938
vertex 474.6225891113281 -143.5 623.22900390625
endloop
endfacet
facet normal 0.0 0.9999999999999999 -0.0
outer loop
vertex 477.6453857421875 -143.5 621.0
vertex 474.6225891113281 -143.5 623.22900390625
vertex 474.78228759765625 -143.5 623.7517700195312
endloop
endfacet
facet normal 0.0 -0.0 -1.0
outer loop
vertex 474.2466125488281 -143.8074951171875 621.0
vertex 477.6368103027344 -143.69720458984375 621.0
vertex 477.5456848144531 -144.3892059326172 621.0
endloop
endfacet
facet normal 0.0 -0.0 -1.0
outer loop
vertex 474.2466125488281 -143.8074951171875 621.0
vertex 477.6453857421875 -143.5 621.0
vertex 477.6368103027344 -143.69720458984375 621.0
endloop
endfacet
facet normal 0.999055866625464 -0.0434439335378761 0.0
outer loop
vertex 477.6368103027344 -143.69720458984375 621.0
vertex 477.6453857421875 -143.5 621.0
vertex 477.6453857421875 -143.5 626.0
endloop
endfacet
facet normal -0.8843607065613572 0.43782834798406833 0.1619026818549912
outer loop
vertex 474.1202087402344 -145.75210571289062 624.1708984375
vertex 474.506103515625 -145.11790466308594 624.563720703125
vertex 474.38958740234375 -145.0467987060547 623.7349853515625
endloop
endfacet
facet normal 0.8433750803223049 -0.5373252961580589 0.0
outer loop
vertex 476.2204895019531 -147.58859252929688 621.0
vertex 476.5954895019531 -147.0 621.0
vertex 476.2204895019531 -147.58859252929688 630.0
endloop
endfacet
facet normal -0.879144284582387 0.30673283971443116 0.36471947017789413
outer loop
vertex 474.1400146484375 -145.033203125 623.0123291015625
vertex 474.5232849121094 -144.39959716796875 623.4033203125
vertex 474.2394104003906 -144.3773956298828 622.7003784179688
endloop
endfacet
facet normal -0.9031939485640206 0.21495127126912175 0.3715328279669534
outer loop
vertex 474.2394104003906 -144.3773956298828 622.7003784179688
vertex 474.5232849121094 -144.39959716796875 623.4033203125
vertex 474.56610107421875 -143.6977996826172 623.1013793945312
endloop
endfacet
facet normal -0.8858403595349288 0.343079186640109 0.31238362491236554
outer loop
vertex 474.1400146484375 -145.033203125 623.0123291015625
vertex 474.38958740234375 -145.0467987060547 623.7349853515625
vertex 474.5232849121094 -144.39959716796875 623.4033203125
endloop
endfacet
facet normal -0.8897277952299177 0.18022976729870901 0.4194063439848796
outer loop
vertex 474.2394104003906 -144.3773956298828 622.7003784179688
vertex 474.56610107421875 -143.6977996826172 623.1013793945312
vertex 474.2497863769531 -143.78289794921875 622.4669189453125
endloop
endfacet
facet normal -0.9016849696705102 0.08197730195215677 0.4245514544020976
outer loop
vertex 474.32598876953125 -143.5 622.55322265625
vertex 474.56610107421875 -143.6977996826172 623.1013793945312
vertex 474.55218505859375 -143.5 623.0336303710938
endloop
endfacet
facet normal -0.9396101005066572 0.04986763380104942 0.3385942677083502
outer loop
vertex 474.56610107421875 -143.6977996826172 623.1013793945312
vertex 474.6225891113281 -143.5 623.22900390625
vertex 474.55218505859375 -143.5 623.0336303710938
endloop
endfacet
facet normal -0.9529914570659941 0.08439346806404857 0.291006916253473
outer loop
vertex 474.56610107421875 -143.6977996826172 623.1013793945312
vertex 474.7890930175781 -143.70379638671875 623.8333740234375
vertex 474.6225891113281 -143.5 623.22900390625
endloop
endfacet
facet normal -0.9403372223057711 0.18125479326823926 0.2879454952999866
outer loop
vertex 474.5232849121094 -144.39959716796875 623.4033203125
vertex 474.7890930175781 -143.70379638671875 623.8333740234375
vertex 474.56610107421875 -143.6977996826172 623.1013793945312
endloop
endfacet
facet normal -0.9529294889793648 0.08474386226183006 0.2911079985889677
outer loop
vertex 474.6225891113281 -143.5 623.22900390625
vertex 474.7890930175781 -143.70379638671875 623.8333740234375
vertex 474.78228759765625 -143.5 623.7517700195312
endloop
endfacet
facet normal -0.9234108324007821 0.30806981255815225 0.2289223125762962
outer loop
vertex 474.5232849121094 -144.39959716796875 623.4033203125
vertex 474.38958740234375 -145.0467987060547 623.7349853515625
vertex 474.7077941894531 -144.39320373535156 624.1389770507812
endloop
endfacet
facet normal -0.9474519016988802 0.21623310553044853 0.23575016021168174
outer loop
vertex 474.5232849121094 -144.39959716796875 623.4033203125
vertex 474.7077941894531 -144.39320373535156 624.1389770507812
vertex 474.7890930175781 -143.70379638671875 623.8333740234375
endloop
endfacet
facet normal -0.922826389917863 0.35049921478360246 0.15981787918515963
outer loop
vertex 474.38958740234375 -145.0467987060547 623.7349853515625
vertex 474.506103515625 -145.11790466308594 624.563720703125
vertex 474.7077941894531 -144.39320373535156 624.1389770507812
endloop
endfacet
facet normal -0.9773646186984195 0.049704876539403024 0.20564004319367277
outer loop
vertex 474.7890930175781 -143.70379638671875 623.8333740234375
vertex 474.82598876953125 -143.5 623.95947265625
vertex 474.78228759765625 -143.5 623.7517700195312
endloop
endfacet
facet normal -0.9718287124732921 0.18133942317004387 0.15054888646834688
outer loop
vertex 474.7077941894531 -144.39320373535156 624.1389770507812
vertex 474.9020080566406 -143.70530700683594 624.5640869140625
vertex 474.7890930175781 -143.70379638671875 623.8333740234375
endloop
endfacet
facet normal -0.9847497600112587 0.08401851165695091 0.15234434632344956
outer loop
vertex 474.7890930175781 -143.70379638671875 623.8333740234375
vertex 474.9020080566406 -143.70530700683594 624.5640869140625
vertex 474.82598876953125 -143.5 623.95947265625
endloop
endfacet
facet normal -0.9847873961515415 0.08373986147679434 0.15225445800013246
outer loop
vertex 474.82598876953125 -143.5 623.95947265625
vertex 474.9020080566406 -143.70530700683594 624.5640869140625
vertex 474.90618896484375 -143.5 624.4782104492188
endloop
endfacet
facet normal 0.8870553062380715 -0.4616631712351346 0.0
outer loop
vertex 476.5954895019531 -147.0 621.0
vertex 476.9176940917969 -146.3809051513672 621.0
vertex 476.5954895019531 -147.0 630.0
endloop
endfacet
facet normal 0.9238403892236081 -0.38277791895454505 0.0
outer loop
vertex 476.9176940917969 -146.3809051513672 621.0
vertex 477.184814453125 -145.7362060546875 621.0
vertex 476.9176940917969 -146.3809051513672 630.0
endloop
endfacet
facet normal 0.9537022051354943 -0.3007525626153426 0.0
outer loop
vertex 477.184814453125 -145.7362060546875 621.0
vertex 477.39471435546875 -145.0706024169922 621.0
vertex 477.184814453125 -145.7362060546875 630.0
endloop
endfacet
facet normal 0.0 1.0 -0.0
outer loop
vertex 477.6453857421875 -143.5 621.0
vertex 474.78228759765625 -143.5 623.7517700195312
vertex 477.6453857421875 -143.5 626.0
endloop
endfacet
facet normal 0.976323703973174 -0.2163146436561847 0.0
outer loop
vertex 477.39471435546875 -145.0706024169922 621.0
vertex 477.5456848144531 -144.3892059326172 621.0
vertex 477.39471435546875 -145.0706024169922 630.0
endloop
endfacet
facet normal 0.9914408221470592 -0.13055686952574888 0.0
outer loop
vertex 477.5456848144531 -144.3892059326172 621.0
vertex 477.6368103027344 -143.69720458984375 621.0
vertex 477.5456848144531 -144.3892059326172 630.0
endloop
endfacet
facet normal 0.04350093244724621 -0.9990533863994556 0.0
outer loop
vertex 470.364501953125 -150.9696044921875 630.0
vertex 470.1672058105469 -150.9781951904297 626.0
vertex 470.1672058105469 -150.9781951904297 621.0
endloop
endfacet
facet normal -0.15221408496057262 0.9847655588592356 0.0840694143209829
outer loop
vertex 470.8338928222656 -148.1219024658203 624.2962036132812
vertex 470.1672058105469 -148.23789978027344 624.4478759765625
vertex 470.3984069824219 -148.24929809570312 625.0
endloop
endfacet
facet normal -0.06898194661304788 0.996391282250621 0.049456078457940394
outer loop
vertex 470.3984069824219 -148.24929809570312 625.0
vertex 470.1672058105469 -148.23789978027344 624.4478759765625
vertex 470.1672058105469 -148.2653045654297 625.0
endloop
endfacet
facet normal -0.20577383872905408 0.9773425594121867 0.04958476435706234
outer loop
vertex 470.8338928222656 -148.1219024658203 624.2962036132812
vertex 470.3984069824219 -148.24929809570312 625.0
vertex 471.1156005859375 -148.09829711914062 625.0
endloop
endfacet
facet normal -0.06898194661304788 0.996391282250621 -0.049456078457940394
outer loop
vertex 470.3984069824219 -148.24929809570312 625.0
vertex 470.1672058105469 -148.2653045654297 625.0
vertex 470.1672058105469 -148.23789978027344 625.5521240234375
endloop
endfacet
facet normal -0.20577383872905408 0.9773425594121867 -0.04958476435706234
outer loop
vertex 470.3984069824219 -148.24929809570312 625.0
vertex 470.8338928222656 -148.1219024658203 625.7037963867188
vertex 471.1156005859375 -148.09829711914062 625.0
endloop
endfacet
facet normal -0.2911295053665284 0.9529384982583817 0.08456849083494775
outer loop
vertex 470.8338928222656 -148.1219024658203 624.2962036132812
vertex 471.1156005859375 -148.09829711914062 625.0
vertex 471.5658874511719 -147.8988037109375 624.3021850585938
endloop
endfacet
facet normal -0.42451272068375884 0.9017003095579404 0.08200915632286034
outer loop
vertex 471.5658874511719 -147.8988037109375 624.3021850585938
vertex 471.80499267578125 -147.84970092773438 625.0
vertex 472.23480224609375 -147.5841064453125 624.3046264648438
endloop
endfacet
facet normal -0.3387968870086016 0.9395312641203425 0.04997672552010682
outer loop
vertex 471.5658874511719 -147.8988037109375 624.3021850585938
vertex 471.1156005859375 -148.09829711914062 625.0
vertex 471.80499267578125 -147.84970092773438 625.0
endloop
endfacet
facet normal -0.3387968870086016 0.9395312641203425 -0.04997672552010682
outer loop
vertex 471.1156005859375 -148.09829711914062 625.0
vertex 471.5658874511719 -147.8988037109375 625.6978149414062
vertex 471.80499267578125 -147.84970092773438 625.0
endloop
endfacet
facet normal -0.15221408496057262 0.9847655588592356 -0.0840694143209829
outer loop
vertex 470.3984069824219 -148.24929809570312 625.0
vertex 470.1672058105469 -148.23789978027344 625.5521240234375
vertex 470.8338928222656 -148.1219024658203 625.7037963867188
endloop
endfacet
facet normal -0.15213900704521388 0.9847499549996154 -0.0843874911556933
outer loop
vertex 470.8338928222656 -148.1219024658203 625.7037963867188
vertex 470.1672058105469 -148.23789978027344 625.5521240234375
vertex 470.1672058105469 -148.22479248046875 625.705078125
endloop
endfacet
facet normal -0.1503617997880507 0.9720387018211398 -0.18036654713768654
outer loop
vertex 470.8338928222656 -148.1219024658203 625.7037963867188
vertex 470.1672058105469 -148.22479248046875 625.705078125
vertex 470.1672058105469 -148.20550537109375 625.8090209960938
endloop
endfacet
facet normal 0.0 0.9844131484029855 -0.1758714111256334
outer loop
vertex 469.6672058105469 -148.10850524902344 626.4119262695312
vertex 469.9212951660156 -148.18209838867188 626.0
vertex 469.4132080078125 -148.18209838867188 626.0
endloop
endfacet
facet normal -0.08135978043691182 0.9712549789046451 -0.22370595003306262
outer loop
vertex 469.6672058105469 -148.10850524902344 626.4119262695312
vertex 470.1672058105469 -148.1614990234375 626.0
vertex 469.9212951660156 -148.18209838867188 626.0
endloop
endfacet
facet normal -0.15048729894294238 0.971842297339955 -0.18131773757097233
outer loop
vertex 470.8338928222656 -148.1219024658203 625.7037963867188
vertex 470.1672058105469 -148.20550537109375 625.8090209960938
vertex 470.5282897949219 -148.0406036376953 626.3931884765625
endloop
endfacet
facet normal -0.08148559875672155 0.9712240637375834 -0.22379435920575189
outer loop
vertex 470.5282897949219 -148.0406036376953 626.3931884765625
vertex 470.1672058105469 -148.20550537109375 625.8090209960938
vertex 470.1672058105469 -148.1614990234375 626.0
endloop
endfacet
facet normal -0.2911295053665284 0.9529384982583817 -0.08456849083494775
outer loop
vertex 471.1156005859375 -148.09829711914062 625.0
vertex 470.8338928222656 -148.1219024658203 625.7037963867188
vertex 471.5658874511719 -147.8988037109375 625.6978149414062
endloop
endfacet
facet normal -0.42451272068375884 0.9017003095579404 -0.08200915632286034
outer loop
vertex 471.80499267578125 -147.84970092773438 625.0
vertex 471.5658874511719 -147.8988037109375 625.6978149414062
vertex 472.23480224609375 -147.5841064453125 625.6953735351562
endloop
endfacet
facet normal -0.2880704036620943 0.9403109105656557 -0.18119280892227868
outer loop
vertex 470.8338928222656 -148.1219024658203 625.7037963867188
vertex 471.2638854980469 -147.85609436035156 626.3995971679688
vertex 471.5658874511719 -147.8988037109375 625.6978149414062
endloop
endfacet
facet normal -0.23576372146906677 0.9474462158699509 -0.2162432326635141
outer loop
vertex 470.8338928222656 -148.1219024658203 625.7037963867188
vertex 470.5282897949219 -148.0406036376953 626.3931884765625
vertex 471.2638854980469 -147.85609436035156 626.3995971679688
endloop
endfacet
facet normal -0.3716466144521782 0.9031598856740014 -0.21489768466774745
outer loop
vertex 471.5658874511719 -147.8988037109375 625.6978149414062
vertex 471.2638854980469 -147.85609436035156 626.3995971679688
vertex 471.9668884277344 -147.5720977783203 626.3773803710938
endloop
endfacet
facet normal -0.4650692713110102 0.8838540968788136 0.050124927060126674
outer loop
vertex 472.23480224609375 -147.5841064453125 624.3046264648438
vertex 471.80499267578125 -147.84970092773438 625.0
vertex 472.45361328125 -147.50840759277344 625.0
endloop
endfacet
facet normal -0.4650692713110102 0.8838540968788136 -0.050124927060126674
outer loop
vertex 471.80499267578125 -147.84970092773438 625.0
vertex 472.23480224609375 -147.5841064453125 625.6953735351562
vertex 472.45361328125 -147.50840759277344 625.0
endloop
endfacet
facet normal -0.4192589097504348 0.8897698640266922 -0.18036506220662119
outer loop
vertex 471.5658874511719 -147.8988037109375 625.6978149414062
vertex 471.9668884277344 -147.5720977783203 626.3773803710938
vertex 472.23480224609375 -147.5841064453125 625.6953735351562
endloop
endfacet
facet normal 0.13055518857484888 -0.9914410434999076 0.0
outer loop
vertex 471.056396484375 -150.8784942626953 621.0
vertex 471.056396484375 -150.8784942626953 630.0
vertex 470.364501953125 -150.9696044921875 630.0
endloop
endfacet
facet normal 0.21648135571533744 -0.9762867522545051 0.0
outer loop
vertex 471.73779296875 -150.72740173339844 621.0
vertex 471.73779296875 -150.72740173339844 630.0
vertex 471.056396484375 -150.8784942626953 630.0
endloop
endfacet
facet normal 0.04356820983295037 -0.999050454727864 0.0
outer loop
vertex 469.6672058105469 -151.0 630.0
vertex 469.6672058105469 -151.0 626.0
vertex 470.1672058105469 -150.9781951904297 626.0
endloop
endfacet
facet normal -0.08145701606716894 0.9712206542350605 -0.22381955973652976
outer loop
vertex 469.6672058105469 -148.10850524902344 626.4119262695312
vertex 470.5282897949219 -148.0406036376953 626.3931884765625
vertex 470.1672058105469 -148.1614990234375 626.0
endloop
endfacet
facet normal -0.08143598326149369 0.9467990869455815 -0.31135136034590716
outer loop
vertex 469.6672058105469 -148.10850524902344 626.4119262695312
vertex 470.1036071777344 -147.83880615234375 627.117919921875
vertex 470.5282897949219 -148.0406036376953 626.3931884765625
endloop
endfacet
facet normal 0.0 0.9341575749950076 -0.35686079229784645
outer loop
vertex 469.23089599609375 -147.83880615234375 627.117919921875
vertex 470.1036071777344 -147.83880615234375 627.117919921875
vertex 469.6672058105469 -148.10850524902344 626.4119262695312
endloop
endfacet
facet normal -0.1598333420344415 0.9227838257362656 -0.3506042123729301
outer loop
vertex 470.5282897949219 -148.0406036376953 626.3931884765625
vertex 470.1036071777344 -147.83880615234375 627.117919921875
vertex 470.93218994140625 -147.72230529785156 627.0468139648438
endloop
endfacet
facet normal -0.22892322592236553 0.9233685966378543 -0.30819570304651756
outer loop
vertex 470.5282897949219 -148.0406036376953 626.3931884765625
vertex 470.93218994140625 -147.72230529785156 627.0468139648438
vertex 471.2638854980469 -147.85609436035156 626.3995971679688
endloop
endfacet
facet normal -0.36482844713284723 0.879097776590147 -0.3067365373686276
outer loop
vertex 471.2638854980469 -147.85609436035156 626.3995971679688
vertex 471.6549987792969 -147.4727020263672 627.033203125
vertex 471.9668884277344 -147.5720977783203 626.3773803710938
endloop
endfacet
facet normal -0.3123533796346421 0.8858084709081226 -0.34318904280036466
outer loop
vertex 471.2638854980469 -147.85609436035156 626.3995971679688
vertex 470.93218994140625 -147.72230529785156 627.0468139648438
vertex 471.6549987792969 -147.4727020263672 627.033203125
endloop
endfacet
facet normal 0.0 0.8964723042164081 -0.4430997718041884
outer loop
vertex 469.23089599609375 -147.83880615234375 627.117919921875
vertex 469.6672058105469 -147.50840759277344 627.786376953125
vertex 470.1036071777344 -147.83880615234375 627.117919921875
endloop
endfacet
facet normal -0.07836229835572071 0.8724477812208051 -0.4823838919774403
outer loop
vertex 470.1036071777344 -147.83880615234375 627.117919921875
vertex 469.6672058105469 -147.50840759277344 627.786376953125
vertex 470.49639892578125 -147.45289611816406 627.7520751953125
endloop
endfacet
facet normal -0.16191648566634784 0.8843389323170319 -0.4378672224063265
outer loop
vertex 470.1036071777344 -147.83880615234375 627.117919921875
vertex 470.49639892578125 -147.45289611816406 627.7520751953125
vertex 470.93218994140625 -147.72230529785156 627.0468139648438
endloop
endfacet
facet normal 0.30074629170361483 -0.9537041826617538 0.0
outer loop
vertex 472.4034118652344 -150.5175018310547 621.0
vertex 472.4034118652344 -150.5175018310547 630.0
vertex 471.73779296875 -150.72740173339844 630.0
endloop
endfacet
facet normal 0.38258996186619626 -0.9239182437203103 0.0
outer loop
vertex 473.0481872558594 -150.25050354003906 621.0
vertex 473.0481872558594 -150.25050354003906 630.0
vertex 472.4034118652344 -150.5175018310547 630.0
endloop
endfacet
facet normal 0.4618111579158362 -0.8869782716754874 0.0
outer loop
vertex 473.6672058105469 -149.92820739746094 621.0
vertex 473.6672058105469 -149.92820739746094 630.0
vertex 473.0481872558594 -150.25050354003906 630.0
endloop
endfacet
facet normal 0.5372658536543654 -0.8434129489740161 0.0
outer loop
vertex 474.2558898925781 -149.55320739746094 621.0
vertex 474.2558898925781 -149.55320739746094 630.0
vertex 473.6672058105469 -149.92820739746094 630.0
endloop
endfacet
facet normal -0.5461570712755482 0.8337481825756874 0.0810951388645084
outer loop
vertex 472.23480224609375 -147.5841064453125 624.3046264648438
vertex 472.45361328125 -147.50840759277344 625.0
vertex 472.9302062988281 -147.15440368652344 624.5701904296875
endloop
endfacet
facet normal -0.596284251207419 0.8027733750953675 0.0
outer loop
vertex 472.45361328125 -147.50840759277344 625.0
vertex 472.9302062988281 -147.15440368652344 625.4298095703125
vertex 472.9302062988281 -147.15440368652344 624.5701904296875
endloop
endfacet
facet normal -0.6805314168901261 0.7282703469212258 0.08061818914336208
outer loop
vertex 473.34429931640625 -146.72079467773438 624.148681640625
vertex 472.9302062988281 -147.15440368652344 624.5701904296875
vertex 473.3927001953125 -146.76980590820312 625.0
endloop
endfacet
facet normal -0.723273630078973 0.6858410889972044 0.08060556231125472
outer loop
vertex 473.34429931640625 -146.72079467773438 624.148681640625
vertex 473.3927001953125 -146.76980590820312 625.0
vertex 473.80230712890625 -146.28729248046875 624.5698852539062
endloop
endfacet
facet normal -0.6393856042161158 0.768886239388632 0.0
outer loop
vertex 472.9302062988281 -147.15440368652344 624.5701904296875
vertex 472.9302062988281 -147.15440368652344 625.4298095703125
vertex 473.3927001953125 -146.76980590820312 625.0
endloop
endfacet
facet normal -0.7623519778793761 0.6471626239388393 0.0
outer loop
vertex 473.3927001953125 -146.76980590820312 625.0
vertex 473.80230712890625 -146.28729248046875 625.4301147460938
vertex 473.80230712890625 -146.28729248046875 624.5698852539062
endloop
endfacet
facet normal -0.8303651394905699 0.5516781647754716 0.07838965256189216
outer loop
vertex 474.1202087402344 -145.75210571289062 624.1708984375
vertex 473.80230712890625 -146.28729248046875 624.5698852539062
vertex 474.1756896972656 -145.78640747070312 625.0
endloop
endfacet
facet normal -0.8017492684179574 0.5976605312309576 0.0
outer loop
vertex 473.80230712890625 -146.28729248046875 624.5698852539062
vertex 473.80230712890625 -146.28729248046875 625.4301147460938
vertex 474.1756896972656 -145.78640747070312 625.0
endloop
endfacet
facet normal -0.5461570712755482 0.8337481825756874 -0.0810951388645084
outer loop
vertex 472.45361328125 -147.50840759277344 625.0
vertex 472.23480224609375 -147.5841064453125 625.6953735351562
vertex 472.9302062988281 -147.15440368652344 625.4298095703125
endloop
endfacet
facet normal -0.5572327792977001 0.8196503960380814 -0.13290920942800344
outer loop
vertex 472.23480224609375 -147.5841064453125 625.6953735351562
vertex 472.69488525390625 -147.2010040283203 626.1290283203125
vertex 472.9302062988281 -147.15440368652344 625.4298095703125
endloop
endfacet
facet normal -0.6304872276106285 0.7591928812097235 -0.1615921561844583
outer loop
vertex 472.9302062988281 -147.15440368652344 625.4298095703125
vertex 472.69488525390625 -147.2010040283203 626.1290283203125
vertex 473.34429931640625 -146.72079467773438 625.851318359375
endloop
endfacet
facet normal -0.5001433313442872 0.839777580165118 -0.21125876067954502
outer loop
vertex 472.23480224609375 -147.5841064453125 625.6953735351562
vertex 471.9668884277344 -147.5720977783203 626.3773803710938
vertex 472.69488525390625 -147.2010040283203 626.1290283203125
endloop
endfacet
facet normal -0.6805314168901261 0.7282703469212258 -0.08061818914336208
outer loop
vertex 473.3927001953125 -146.76980590820312 625.0
vertex 472.9302062988281 -147.15440368652344 625.4298095703125
vertex 473.34429931640625 -146.72079467773438 625.851318359375
endloop
endfacet
facet normal -0.723273630078973 0.6858410889972044 -0.08060556231125472
outer loop
vertex 473.3927001953125 -146.76980590820312 625.0
vertex 473.34429931640625 -146.72079467773438 625.851318359375
vertex 473.80230712890625 -146.28729248046875 625.4301147460938
endloop
endfacet
facet normal -0.6387324683525903 0.7380857335580819 -0.21737130397142027
outer loop
vertex 472.69488525390625 -147.2010040283203 626.1290283203125
vertex 473.0985107421875 -146.72219848632812 626.5687866210938
vertex 473.34429931640625 -146.72079467773438 625.851318359375
endloop
endfacet
facet normal -0.7021863999403867 0.670595169984116 -0.23924125424502785
outer loop
vertex 473.34429931640625 -146.72079467773438 625.851318359375
vertex 473.0985107421875 -146.72219848632812 626.5687866210938
vertex 473.6881103515625 -146.21620178222656 626.256591796875
endloop
endfacet
facet normal -0.7518318531719822 0.6399151150163624 -0.15892611531645276
outer loop
vertex 473.34429931640625 -146.72079467773438 625.851318359375
vertex 473.6881103515625 -146.21620178222656 626.256591796875
vertex 473.80230712890625 -146.28729248046875 625.4301147460938
endloop
endfacet
facet normal -0.8303651394905699 0.5516781647754716 -0.07838965256189216
outer loop
vertex 473.80230712890625 -146.28729248046875 625.4301147460938
vertex 474.1202087402344 -145.75210571289062 625.8291015625
vertex 474.1756896972656 -145.78640747070312 625.0
endloop
endfacet
facet normal -0.7916633786466102 0.5896069121800035 -0.16010241728154986
outer loop
vertex 473.80230712890625 -146.28729248046875 625.4301147460938
vertex 473.6881103515625 -146.21620178222656 626.256591796875
vertex 474.1202087402344 -145.75210571289062 625.8291015625
endloop
endfacet
facet normal -0.8095159417694348 0.5387077097770376 -0.23340510587372407
outer loop
vertex 474.1202087402344 -145.75210571289062 625.8291015625
vertex 473.6881103515625 -146.21620178222656 626.256591796875
vertex 473.9549865722656 -145.64999389648438 626.6378173828125
endloop
endfacet
facet normal -0.851608670380622 0.4694190904825544 -0.23325606106397415
outer loop
vertex 474.1202087402344 -145.75210571289062 625.8291015625
vertex 473.9549865722656 -145.64999389648438 626.6378173828125
vertex 474.38958740234375 -145.0467987060547 626.2650146484375
endloop
endfacet
facet normal -0.07841178331132313 0.8304411900949843 -0.5515605334245411
outer loop
vertex 469.6672058105469 -147.50840759277344 627.786376953125
vertex 470.0972900390625 -147.13510131835938 628.2872924804688
vertex 470.49639892578125 -147.45289611816406 627.7520751953125
endloop
endfacet
facet normal -0.30232774206228963 0.8522046902473576 -0.4270188547358569
outer loop
vertex 470.93218994140625 -147.72230529785156 627.0468139648438
vertex 471.30499267578125 -147.2877960205078 627.6500244140625
vertex 471.6549987792969 -147.4727020263672 627.033203125
endloop
endfacet
facet normal -0.23313371308667535 0.8516584981960925 -0.4693894697080411
outer loop
vertex 470.93218994140625 -147.72230529785156 627.0468139648438
vertex 470.49639892578125 -147.45289611816406 627.7520751953125
vertex 471.30499267578125 -147.2877960205078 627.6500244140625
endloop
endfacet
facet normal -0.38241096126940577 0.802709477283161 -0.45762359180969164
outer loop
vertex 471.6549987792969 -147.4727020263672 627.033203125
vertex 471.30499267578125 -147.2877960205078 627.6500244140625
vertex 472.0733947753906 -147.01710510253906 627.4827270507812
endloop
endfacet
facet normal -0.2332846467125741 0.8095567136250926 -0.5386986179977906
outer loop
vertex 470.49639892578125 -147.45289611816406 627.7520751953125
vertex 470.9237976074219 -147.02090454101562 628.2161865234375
vertex 471.30499267578125 -147.2877960205078 627.6500244140625
endloop
endfacet
facet normal -0.38216734917621337 0.7595469761059908 -0.5263425769514297
outer loop
vertex 471.30499267578125 -147.2877960205078 627.6500244140625
vertex 471.63751220703125 -146.74769592285156 628.18798828125
vertex 472.0733947753906 -147.01710510253906 627.4827270507812
endloop
endfacet
facet normal -0.5084105360268053 0.8186605721785182 -0.26704605298951334
outer loop
vertex 471.9668884277344 -147.5720977783203 626.3773803710938
vertex 472.4027099609375 -147.1522979736328 626.8345947265625
vertex 472.69488525390625 -147.2010040283203 626.1290283203125
endloop
endfacet
facet normal -0.5812143674045762 0.7591382578405177 -0.29308525142927677
outer loop
vertex 472.69488525390625 -147.2010040283203 626.1290283203125
vertex 472.4027099609375 -147.1522979736328 626.8345947265625
vertex 473.0985107421875 -146.72219848632812 626.5687866210938
endloop
endfacet
facet normal -0.4450714187758836 0.8295087666774428 -0.3373820359682625
outer loop
vertex 471.9668884277344 -147.5720977783203 626.3773803710938
vertex 471.6549987792969 -147.4727020263672 627.033203125
vertex 472.4027099609375 -147.1522979736328 626.8345947265625
endloop
endfacet
facet normal -0.4484936308553121 0.801713087080083 -0.39510706028460496
outer loop
vertex 471.6549987792969 -147.4727020263672 627.033203125
vertex 472.0733947753906 -147.01710510253906 627.4827270507812
vertex 472.4027099609375 -147.1522979736328 626.8345947265625
endloop
endfacet
facet normal -0.5856235475347255 0.7312246722585746 -0.3497935666263512
outer loop
vertex 472.4027099609375 -147.1522979736328 626.8345947265625
vertex 472.7825012207031 -146.64739990234375 627.2542114257812
vertex 473.0985107421875 -146.72219848632812 626.5687866210938
endloop
endfacet
facet normal -0.7075014965197076 0.6416401216786934 -0.2962086877094011
outer loop
vertex 473.0985107421875 -146.72219848632812 626.5687866210938
vertex 473.4148864746094 -146.18800354003906 626.9702758789062
vertex 473.6881103515625 -146.21620178222656 626.256591796875
endloop
endfacet
facet normal -0.6490649351464005 0.6637536157775393 -0.3716797647244758
outer loop
vertex 473.0985107421875 -146.72219848632812 626.5687866210938
vertex 472.7825012207031 -146.64739990234375 627.2542114257812
vertex 473.4148864746094 -146.18800354003906 626.9702758789062
endloop
endfacet
facet normal -0.7600352695418182 0.5692873604708836 -0.31346178437026406
outer loop
vertex 473.6881103515625 -146.21620178222656 626.256591796875
vertex 473.4148864746094 -146.18800354003906 626.9702758789062
vertex 473.9549865722656 -145.64999389648438 626.6378173828125
endloop
endfacet
facet normal -0.7595458228004787 0.5263157156031898 -0.38220663334830524
outer loop
vertex 473.9549865722656 -145.64999389648438 626.6378173828125
vertex 473.4148864746094 -146.18800354003906 626.9702758789062
vertex 473.6842956542969 -145.48269653320312 627.4061279296875
endloop
endfacet
facet normal -0.8026396373144954 0.457712403759024 -0.38245126232866794
outer loop
vertex 473.9549865722656 -145.64999389648438 626.6378173828125
vertex 473.6842956542969 -145.48269653320312 627.4061279296875
vertex 474.1400146484375 -145.033203125 626.9876708984375
endloop
endfacet
facet normal -0.5222939667595687 0.7420719829192137 -0.4201644730970253
outer loop
vertex 472.4027099609375 -147.1522979736328 626.8345947265625
vertex 472.0733947753906 -147.01710510253906 627.4827270507812
vertex 472.7825012207031 -146.64739990234375 627.2542114257812
endloop
endfacet
facet normal -0.5219615420990947 0.6989296838881839 -0.4889309210404863
outer loop
vertex 472.0733947753906 -147.01710510253906 627.4827270507812
vertex 472.3880920410156 -146.42689514160156 627.990478515625
vertex 472.7825012207031 -146.64739990234375 627.2542114257812
endloop
endfacet
facet normal -0.44659227852803884 0.7083614291138884 -0.5466071921433746
outer loop
vertex 472.0733947753906 -147.01710510253906 627.4827270507812
vertex 471.63751220703125 -146.74769592285156 628.18798828125
vertex 472.3880920410156 -146.42689514160156 627.990478515625
endloop
endfacet
facet normal -0.5851657981028149 0.6354454863230111 -0.5037757662317706
outer loop
vertex 472.7825012207031 -146.64739990234375 627.2542114257812
vertex 472.3880920410156 -146.42689514160156 627.990478515625
vertex 473.0940856933594 -145.99049377441406 627.7208862304688
endloop
endfacet
facet normal -0.6486520571540314 0.6206297659486772 -0.4405328618483907
outer loop
vertex 473.4148864746094 -146.18800354003906 626.9702758789062
vertex 472.7825012207031 -146.64739990234375 627.2542114257812
vertex 473.0940856933594 -145.99049377441406 627.7208862304688
endloop
endfacet
facet normal -0.7084042634265026 0.5465614006209064 -0.4465803790030046
outer loop
vertex 473.4148864746094 -146.18800354003906 626.9702758789062
vertex 473.0940856933594 -145.99049377441406 627.7208862304688
vertex 473.6842956542969 -145.48269653320312 627.4061279296875
endloop
endfacet
facet normal -0.6989910675774001 0.4889678634211492 -0.521844724020817
outer loop
vertex 473.6842956542969 -145.48269653320312 627.4061279296875
vertex 473.0940856933594 -145.99049377441406 627.7208862304688
vertex 473.314697265625 -145.2541961669922 628.1152954101562
endloop
endfacet
facet normal -0.852152991819444 0.4271199759498038 -0.3023306214689633
outer loop
vertex 473.9549865722656 -145.64999389648438 626.6378173828125
vertex 474.1400146484375 -145.033203125 626.9876708984375
vertex 474.38958740234375 -145.0467987060547 626.2650146484375
endloop
endfacet
facet normal -0.8294200357263218 0.33746617240286797 -0.44517298527595395
outer loop
vertex 474.1400146484375 -145.033203125 626.9876708984375
vertex 473.8194885253906 -144.8345947265625 627.7354125976562
vertex 474.2394104003906 -144.3773956298828 627.2996215820312
endloop
endfacet
facet normal -0.8016465473163175 0.39513747688633355 -0.44858576385762555
outer loop
vertex 473.6842956542969 -145.48269653320312 627.4061279296875
vertex 473.8194885253906 -144.8345947265625 627.7354125976562
vertex 474.1400146484375 -145.033203125 626.9876708984375
endloop
endfacet
facet normal -0.7421827197683131 0.4201207021050292 -0.5221718166849748
outer loop
vertex 473.6842956542969 -145.48269653320312 627.4061279296875
vertex 473.314697265625 -145.2541961669922 628.1152954101562
vertex 473.8194885253906 -144.8345947265625 627.7354125976562
endloop
endfacet
facet normal -0.8185780688539093 0.26716430152814663 -0.5084812495858447
outer loop
vertex 473.8194885253906 -144.8345947265625 627.7354125976562
vertex 473.8682861328125 -144.12899780273438 628.027587890625
vertex 474.2394104003906 -144.3773956298828 627.2996215820312
endloop
endfacet
facet normal -0.8397518000034009 0.21124169721501548 -0.5001938221817296
outer loop
vertex 474.2394104003906 -144.3773956298828 627.2996215820312
vertex 473.8682861328125 -144.12899780273438 628.027587890625
vertex 474.25140380859375 -143.69540405273438 627.5675048828125
endloop
endfacet
facet normal -0.8196021775799067 0.1328150999328594 -0.5573261340867659
outer loop
vertex 474.25140380859375 -143.69540405273438 627.5675048828125
vertex 473.8682861328125 -144.12899780273438 628.027587890625
vertex 473.82159423828125 -143.42979431152344 628.2628784179688
endloop
endfacet
facet normal -0.8336557583993004 0.08117208684009702 -0.546286709343831
outer loop
vertex 474.25140380859375 -143.69540405273438 627.5675048828125
vertex 473.82159423828125 -143.42979431152344 628.2628784179688
vertex 474.1756896972656 -143.0 627.786376953125
endloop
endfacet
facet normal 0.6087592575271192 -0.7933550065229504 0.0
outer loop
vertex 474.80950927734375 -149.12840270996094 621.0
vertex 474.80950927734375 -149.12840270996094 630.0
vertex 474.2558898925781 -149.55320739746094 630.0
endloop
endfacet
facet normal 0.6755622494831435 -0.7373029547433505 0.0
outer loop
vertex 475.3240966796875 -148.6569061279297 621.0
vertex 475.3240966796875 -148.6569061279297 630.0
vertex 474.80950927734375 -149.12840270996094 630.0
endloop
endfacet
facet normal 0.7373129323674716 -0.6755513598266827 0.0
outer loop
vertex 475.79559326171875 -148.14230346679688 621.0
vertex 475.79559326171875 -148.14230346679688 630.0
vertex 475.3240966796875 -148.6569061279297 630.0
endloop
endfacet
facet normal 0.7933402656962169 -0.608778467773833 0.0
outer loop
vertex 476.2204895019531 -147.58859252929688 621.0
vertex 476.2204895019531 -147.58859252929688 630.0
vertex 475.79559326171875 -148.14230346679688 630.0
endloop
endfacet
facet normal -0.8724679942981066 0.4823511435510144 0.07833883609339289
outer loop
vertex 474.1202087402344 -145.75210571289062 624.1708984375
vertex 474.1756896972656 -145.78640747070312 625.0
vertex 474.506103515625 -145.11790466308594 624.563720703125
endloop
endfacet
facet normal -0.8964762285652262 0.44309183203650704 0.0
outer loop
vertex 474.1756896972656 -145.78640747070312 625.0
vertex 474.506103515625 -145.11790466308594 625.436279296875
vertex 474.506103515625 -145.11790466308594 624.563720703125
endloop
endfacet
facet normal -0.8724679942981066 0.4823511435510144 -0.07833883609339289
outer loop
vertex 474.1202087402344 -145.75210571289062 625.8291015625
vertex 474.506103515625 -145.11790466308594 625.436279296875
vertex 474.1756896972656 -145.78640747070312 625.0
endloop
endfacet
facet normal -0.8843607065613572 0.43782834798406833 -0.1619026818549912
outer loop
vertex 474.1202087402344 -145.75210571289062 625.8291015625
vertex 474.38958740234375 -145.0467987060547 626.2650146484375
vertex 474.506103515625 -145.11790466308594 625.436279296875
endloop
endfacet
facet normal -0.9468377164964776 0.3112365414887461 0.08142575674723612
outer loop
vertex 474.7077941894531 -144.39320373535156 624.1389770507812
vertex 474.506103515625 -145.11790466308594 624.563720703125
vertex 474.77569580078125 -144.41189575195312 625.0
endloop
endfacet
facet normal -0.9712103895415601 0.2238662510586554 0.0814510950415892
outer loop
vertex 474.7077941894531 -144.39320373535156 624.1389770507812
vertex 474.77569580078125 -144.41189575195312 625.0
vertex 474.9020080566406 -143.70530700683594 624.5640869140625
endloop
endfacet
facet normal -0.9342072534154645 0.35673072150563934 0.0
outer loop
vertex 474.506103515625 -145.11790466308594 624.563720703125
vertex 474.506103515625 -145.11790466308594 625.436279296875
vertex 474.77569580078125 -144.41189575195312 625.0
endloop
endfacet
facet normal -0.996376986257704 0.04928241446492037 0.06931193894649834
outer loop
vertex 474.90618896484375 -143.5 624.4782104492188
vertex 474.9020080566406 -143.70530700683594 624.5640869140625
vertex 474.9209899902344 -143.5 624.6909790039062
endloop
endfacet
facet normal -0.9957531209558691 0.09206368505901905 0.0
outer loop
vertex 474.9020080566406 -143.70530700683594 624.5640869140625
vertex 474.9209899902344 -143.5 625.3090209960938
vertex 474.9209899902344 -143.5 624.6909790039062
endloop
endfacet
facet normal -0.9843948437183564 0.1759738380007462 0.0
outer loop
vertex 474.77569580078125 -144.41189575195312 625.0
vertex 474.9020080566406 -143.70530700683594 625.4359130859375
vertex 474.9020080566406 -143.70530700683594 624.5640869140625
endloop
endfacet
facet normal -0.9957531209558691 0.09206368505901903 0.0
outer loop
vertex 474.9020080566406 -143.70530700683594 624.5640869140625
vertex 474.9020080566406 -143.70530700683594 625.4359130859375
vertex 474.9209899902344 -143.5 625.3090209960938
endloop
endfacet
facet normal 0.0 1.0 0.0
outer loop
vertex 474.78228759765625 -143.5 623.7517700195312
vertex 474.82598876953125 -143.5 623.95947265625
vertex 477.6453857421875 -143.5 626.0
endloop
endfacet
facet normal 0.0 1.0 0.0
outer loop
vertex 474.82598876953125 -143.5 623.95947265625
vertex 474.90618896484375 -143.5 624.4782104492188
vertex 477.6453857421875 -143.5 626.0
endloop
endfacet
facet normal 0.0 1.0 0.0
outer loop
vertex 474.90618896484375 -143.5 624.4782104492188
vertex 474.9209899902344 -143.5 624.6909790039062
vertex 477.6453857421875 -143.5 626.0
endloop
endfacet
facet normal 0.0 1.0 0.0
outer loop
vertex 474.9209899902344 -143.5 624.6909790039062
vertex 474.9209899902344 -143.5 625.3090209960938
vertex 477.6453857421875 -143.5 626.0
endloop
endfacet
facet normal -0.9468377164964776 0.3112365414887461 -0.08142575674723612
outer loop
vertex 474.77569580078125 -144.41189575195312 625.0
vertex 474.506103515625 -145.11790466308594 625.436279296875
vertex 474.7077941894531 -144.39320373535156 625.8610229492188
endloop
endfacet
facet normal -0.9712103895415601 0.2238662510586554 -0.0814510950415892
outer loop
vertex 474.77569580078125 -144.41189575195312 625.0
vertex 474.7077941894531 -144.39320373535156 625.8610229492188
vertex 474.9020080566406 -143.70530700683594 625.4359130859375
endloop
endfacet
facet normal -0.922826389917863 0.35049921478360246 -0.15981787918515963
outer loop
vertex 474.506103515625 -145.11790466308594 625.436279296875
vertex 474.38958740234375 -145.0467987060547 626.2650146484375
vertex 474.7077941894531 -144.39320373535156 625.8610229492188
endloop
endfacet
facet normal -0.9234108324007821 0.30806981255815225 -0.2289223125762962
outer loop
vertex 474.7077941894531 -144.39320373535156 625.8610229492188
vertex 474.38958740234375 -145.0467987060547 626.2650146484375
vertex 474.5232849121094 -144.39959716796875 626.5966796875
endloop
endfacet
facet normal -0.9474519016988802 0.21623310553044853 -0.23575016021168174
outer loop
vertex 474.7077941894531 -144.39320373535156 625.8610229492188
vertex 474.5232849121094 -144.39959716796875 626.5966796875
vertex 474.7890930175781 -143.70379638671875 626.1666259765625
endloop
endfacet
facet normal -0.996376986257704 0.04928241446492037 -0.06931193894649834
outer loop
vertex 474.9209899902344 -143.5 625.3090209960938
vertex 474.9020080566406 -143.70530700683594 625.4359130859375
vertex 474.90618896484375 -143.5 625.5217895507812
endloop
endfacet
facet normal -0.9848068936132577 0.08369728593923477 -0.1521517223636054
outer loop
vertex 474.9020080566406 -143.70530700683594 625.4359130859375
vertex 474.8323059082031 -143.5 626.0
vertex 474.90618896484375 -143.5 625.5217895507812
endloop
endfacet
facet normal -0.9718287124732921 0.18133942317004387 -0.15054888646834688
outer loop
vertex 474.7077941894531 -144.39320373535156 625.8610229492188
vertex 474.7890930175781 -143.70379638671875 626.1666259765625
vertex 474.9020080566406 -143.70530700683594 625.4359130859375
endloop
endfacet
facet normal -0.984730741029226 0.08424559476209055 -0.15234187682713246
outer loop
vertex 474.9020080566406 -143.70530700683594 625.4359130859375
vertex 474.7890930175781 -143.70379638671875 626.1666259765625
vertex 474.8323059082031 -143.5 626.0
endloop
endfacet
facet normal -0.9847012538894825 0.08395077077184966 -0.15269482203170243
outer loop
vertex 474.7890930175781 -143.70379638671875 626.1666259765625
vertex 474.837890625 -143.4344940185547 626.0
vertex 474.8323059082031 -143.5 626.0
endloop
endfacet
facet normal -0.977303285986942 0.049665209601493204 -0.20594089966387244
outer loop
vertex 474.7890930175781 -143.70379638671875 626.1666259765625
vertex 474.7655029296875 -143.0 626.4483032226562
vertex 474.837890625 -143.4344940185547 626.0
endloop
endfacet
facet normal -0.9773455691825254 0.04949367201970857 -0.2057814734841083
outer loop
vertex 474.837890625 -143.4344940185547 626.0
vertex 474.7655029296875 -143.0 626.4483032226562
vertex 474.8598937988281 -143.0 626.0
endloop
endfacet
facet normal 0.0 1.0 -0.0
outer loop
vertex 474.9209899902344 -143.5 625.3090209960938
vertex 474.90618896484375 -143.5 625.5217895507812
vertex 477.6453857421875 -143.5 626.0
endloop
endfacet
facet normal 0.0 0.9999999999999999 -0.0
outer loop
vertex 474.90618896484375 -143.5 625.5217895507812
vertex 474.8323059082031 -143.5 626.0
vertex 477.6453857421875 -143.5 626.0
endloop
endfacet
facet normal 0.0 0.0 -1.0
outer loop
vertex 474.8323059082031 -143.5 626.0
vertex 474.837890625 -143.4344940185547 626.0
vertex 477.6453857421875 -143.5 626.0
endloop
endfacet
facet normal 0.0 0.0 -1.0
outer loop
vertex 474.837890625 -143.4344940185547 626.0
vertex 474.8598937988281 -143.0 626.0
vertex 477.6672058105469 -143.0 626.0
endloop
endfacet
facet normal 0.0 -0.0 -1.0
outer loop
vertex 474.837890625 -143.4344940185547 626.0
vertex 477.6672058105469 -143.0 626.0
vertex 477.6453857421875 -143.5 626.0
endloop
endfacet
facet normal 0.9990558666254639 -0.0434439335378761 0.0
outer loop
vertex 477.6368103027344 -143.69720458984375 621.0
vertex 477.6453857421875 -143.5 626.0
vertex 477.6368103027344 -143.69720458984375 630.0
endloop
endfacet
facet normal -0.8858403595349288 0.343079186640109 -0.31238362491236554
outer loop
vertex 474.1400146484375 -145.033203125 626.9876708984375
vertex 474.5232849121094 -144.39959716796875 626.5966796875
vertex 474.38958740234375 -145.0467987060547 626.2650146484375
endloop
endfacet
facet normal -0.879144284582387 0.30673283971443116 -0.36471947017789413
outer loop
vertex 474.1400146484375 -145.033203125 626.9876708984375
vertex 474.2394104003906 -144.3773956298828 627.2996215820312
vertex 474.5232849121094 -144.39959716796875 626.5966796875
endloop
endfacet
facet normal -0.9031939485640206 0.21495127126912175 -0.3715328279669534
outer loop
vertex 474.5232849121094 -144.39959716796875 626.5966796875
vertex 474.2394104003906 -144.3773956298828 627.2996215820312
vertex 474.56610107421875 -143.6977996826172 626.8986206054688
endloop
endfacet
facet normal -0.9403372223057711 0.18125479326823926 -0.2879454952999866
outer loop
vertex 474.7890930175781 -143.70379638671875 626.1666259765625
vertex 474.5232849121094 -144.39959716796875 626.5966796875
vertex 474.56610107421875 -143.6977996826172 626.8986206054688
endloop
endfacet
facet normal -0.9529804784643533 0.08452515023631017 -0.29100465055284186
outer loop
vertex 474.7890930175781 -143.70379638671875 626.1666259765625
vertex 474.56610107421875 -143.6977996826172 626.8986206054688
vertex 474.7655029296875 -143.0 626.4483032226562
endloop
endfacet
facet normal -0.9395908897758345 0.04996211680680835 -0.33863364678430646
outer loop
vertex 474.56610107421875 -143.6977996826172 626.8986206054688
vertex 474.5169982910156 -143.0 627.1378173828125
vertex 474.7655029296875 -143.0 626.4483032226562
endloop
endfacet
facet normal -0.8897725128214743 0.18033358607321828 -0.41926682811943566
outer loop
vertex 474.56610107421875 -143.6977996826172 626.8986206054688
vertex 474.2394104003906 -144.3773956298828 627.2996215820312
vertex 474.25140380859375 -143.69540405273438 627.5675048828125
endloop
endfacet
facet normal -0.9016903514129164 0.08207053193767394 -0.4245220111564514
outer loop
vertex 474.56610107421875 -143.6977996826172 626.8986206054688
vertex 474.25140380859375 -143.69540405273438 627.5675048828125
vertex 474.5169982910156 -143.0 627.1378173828125
endloop
endfacet
facet normal -0.8838258054035225 0.05016286682979526 -0.4651189444585449
outer loop
vertex 474.25140380859375 -143.69540405273438 627.5675048828125
vertex 474.1756896972656 -143.0 627.786376953125
vertex 474.5169982910156 -143.0 627.1378173828125
endloop
endfacet
facet normal 0.8433750803223049 -0.5373252961580589 0.0
outer loop
vertex 476.5954895019531 -147.0 621.0
vertex 476.5954895019531 -147.0 630.0
vertex 476.2204895019531 -147.58859252929688 630.0
endloop
endfacet
facet normal 0.8870553062380715 -0.4616631712351346 0.0
outer loop
vertex 476.9176940917969 -146.3809051513672 621.0
vertex 476.9176940917969 -146.3809051513672 630.0
vertex 476.5954895019531 -147.0 630.0
endloop
endfacet
facet normal 0.9238403892236081 -0.38277791895454505 0.0
outer loop
vertex 477.184814453125 -145.7362060546875 621.0
vertex 477.184814453125 -145.7362060546875 630.0
vertex 476.9176940917969 -146.3809051513672 630.0
endloop
endfacet
facet normal 0.9537022051354943 -0.3007525626153426 0.0
outer loop
vertex 477.39471435546875 -145.0706024169922 621.0
vertex 477.39471435546875 -145.0706024169922 630.0
vertex 477.184814453125 -145.7362060546875 630.0
endloop
endfacet
facet normal 0.976323703973174 -0.2163146436561847 0.0
outer loop
vertex 477.5456848144531 -144.3892059326172 621.0
vertex 477.5456848144531 -144.3892059326172 630.0
vertex 477.39471435546875 -145.0706024169922 630.0
endloop
endfacet
facet normal 0.9914408221470592 -0.13055686952574888 0.0
outer loop
vertex 477.6368103027344 -143.69720458984375 621.0
vertex 477.6368103027344 -143.69720458984375 630.0
vertex 477.5456848144531 -144.3892059326172 630.0
endloop
endfacet
facet normal 0.9990491271645818 -0.0435986404982102 -7.64167912435039e-06
outer loop
vertex 477.6453857421875 -143.5 626.0
vertex 477.6672058105469 -143.0 626.0
vertex 477.6368103027344 -143.69720458984375 630.0
endloop
endfacet
facet normal 0.0 0.0 -1.0
outer loop
vertex 469.6672058105469 -161.0 630.0
vertex 470.364501953125 -150.9696044921875 630.0
vertex 471.2361145019531 -160.93150329589844 630.0
endloop
endfacet
facet normal 0.0 0.0 -1.0
outer loop
vertex 471.2361145019531 -160.93150329589844 630.0
vertex 470.364501953125 -150.9696044921875 630.0
vertex 472.79290771484375 -160.72650146484375 630.0
endloop
endfacet
facet normal 0.0 0.0 -1.0
outer loop
vertex 472.79290771484375 -160.72650146484375 630.0
vertex 471.73779296875 -150.72740173339844 630.0
vertex 474.32598876953125 -160.38670349121094 630.0
endloop
endfacet
facet normal 0.0 0.0 -1.0
outer loop
vertex 469.6672058105469 -161.0 630.0
vertex 469.6672058105469 -151.0 630.0
vertex 470.364501953125 -150.9696044921875 630.0
endloop
endfacet
facet normal 0.0 0.0 -1.0
outer loop
vertex 472.79290771484375 -160.72650146484375 630.0
vertex 470.364501953125 -150.9696044921875 630.0
vertex 471.056396484375 -150.8784942626953 630.0
endloop
endfacet
facet normal 0.0 0.0 -1.0
outer loop
vertex 472.79290771484375 -160.72650146484375 630.0
vertex 471.056396484375 -150.8784942626953 630.0
vertex 471.73779296875 -150.72740173339844 630.0
endloop
endfacet
facet normal 0.0 0.0 -1.0
outer loop
vertex 474.32598876953125 -160.38670349121094 630.0
vertex 471.73779296875 -150.72740173339844 630.0
vertex 472.4034118652344 -150.5175018310547 630.0
endloop
endfacet
facet normal 0.0 0.0 -1.0
outer loop
vertex 475.8236083984375 -159.9145050048828 630.0
vertex 472.4034118652344 -150.5175018310547 630.0
vertex 473.0481872558594 -150.25050354003906 630.0
endloop
endfacet
facet normal 0.0 0.0 -1.0
outer loop
vertex 474.32598876953125 -160.38670349121094 630.0
vertex 472.4034118652344 -150.5175018310547 630.0
vertex 475.8236083984375 -159.9145050048828 630.0
endloop
endfacet
facet normal 0.0 0.0 -1.0
outer loop
vertex 475.8236083984375 -159.9145050048828 630.0
vertex 473.0481872558594 -150.25050354003906 630.0
vertex 477.2744140625 -159.31350708007812 630.0
endloop
endfacet
facet normal 0.0 0.0 -1.0
outer loop
vertex 477.2744140625 -159.31350708007812 630.0
vertex 473.0481872558594 -150.25050354003906 630.0
vertex 473.6672058105469 -149.92820739746094 630.0
endloop
endfacet
facet normal 0.0 0.0 -1.0
outer loop
vertex 473.6672058105469 -149.92820739746094 630.0
vertex 474.2558898925781 -149.55320739746094 630.0
vertex 478.6672058105469 -158.5885009765625 630.0
endloop
endfacet
facet normal 0.0 0.0 -1.0
outer loop
vertex 474.2558898925781 -149.55320739746094 630.0
vertex 474.80950927734375 -149.12840270996094 630.0
vertex 479.9916076660156 -157.7447052001953 630.0
endloop
endfacet
facet normal 0.0 0.0 -1.0
outer loop
vertex 477.2744140625 -159.31350708007812 630.0
vertex 473.6672058105469 -149.92820739746094 630.0
vertex 478.6672058105469 -158.5885009765625 630.0
endloop
endfacet
facet normal 0.0 -0.0 -0.9999999999999999
outer loop
vertex 474.2558898925781 -149.55320739746094 630.0
vertex 479.9916076660156 -157.7447052001953 630.0
vertex 478.6672058105469 -158.5885009765625 630.0
endloop
endfacet
facet normal 0.043617271749842146 -0.9990483139493807 0.0
outer loop
vertex 469.6672058105469 -161.0 630.0
vertex 471.2361145019531 -160.93150329589844 630.0
vertex 469.6672058105469 -161.0 635.0
endloop
endfacet
facet normal 0.1305550609184386 -0.9914410603099827 0.0
outer loop
vertex 471.2361145019531 -160.93150329589844 630.0
vertex 472.79290771484375 -160.72650146484375 630.0
vertex 471.2361145019531 -160.93150329589844 635.0
endloop
endfacet
facet normal 0.2163923206362544 -0.9763064905907654 0.0
outer loop
vertex 472.79290771484375 -160.72650146484375 630.0
vertex 474.32598876953125 -160.38670349121094 630.0
vertex 472.79290771484375 -160.72650146484375 635.0
endloop
endfacet
facet normal 0.043617271749842146 -0.9990483139493807 0.0
outer loop
vertex 469.6672058105469 -161.0 635.0
vertex 471.2361145019531 -160.93150329589844 630.0
vertex 471.2361145019531 -160.93150329589844 635.0
endloop
endfacet
facet normal 0.1305550609184386 -0.9914410603099827 0.0
outer loop
vertex 472.79290771484375 -160.72650146484375 630.0
vertex 472.79290771484375 -160.72650146484375 635.0
vertex 471.2361145019531 -160.93150329589844 635.0
endloop
endfacet
facet normal 0.2163923206362544 -0.9763064905907654 0.0
outer loop
vertex 474.32598876953125 -160.38670349121094 630.0
vertex 474.32598876953125 -160.38670349121094 635.0
vertex 472.79290771484375 -160.72650146484375 635.0
endloop
endfacet
facet normal 0.0 -0.0 0.9999999999999999
outer loop
vertex 469.6672058105469 -161.0 635.0
vertex 471.2361145019531 -160.93150329589844 635.0
vertex 469.6672058105469 -143.0 635.0
endloop
endfacet
facet normal 0.0 -0.0 1.0
outer loop
vertex 471.2361145019531 -160.93150329589844 635.0
vertex 472.79290771484375 -160.72650146484375 635.0
vertex 469.6672058105469 -143.0 635.0
endloop
endfacet
facet normal 0.0 -0.0 1.0
outer loop
vertex 472.79290771484375 -160.72650146484375 635.0
vertex 474.32598876953125 -160.38670349121094 635.0
vertex 469.6672058105469 -143.0 635.0
endloop
endfacet
facet normal 0.0 -0.0 1.0
outer loop
vertex 474.32598876953125 -160.38670349121094 635.0
vertex 475.8236083984375 -159.9145050048828 635.0
vertex 469.6672058105469 -143.0 635.0
endloop
endfacet
facet normal 0.3007062809276671 -0.9537167989558804 0.0
outer loop
vertex 474.32598876953125 -160.38670349121094 630.0
vertex 475.8236083984375 -159.9145050048828 630.0
vertex 474.32598876953125 -160.38670349121094 635.0
endloop
endfacet
facet normal 0.3827130781012722 -0.9238672522880382 0.0
outer loop
vertex 475.8236083984375 -159.9145050048828 630.0
vertex 477.2744140625 -159.31350708007812 630.0
vertex 475.8236083984375 -159.9145050048828 635.0
endloop
endfacet
facet normal 0.461730880604014 -0.8870200639763689 0.0
outer loop
vertex 477.2744140625 -159.31350708007812 630.0
vertex 478.6672058105469 -158.5885009765625 630.0
vertex 477.2744140625 -159.31350708007812 635.0
endloop
endfacet
facet normal 0.3007062809276671 -0.9537167989558804 0.0
outer loop
vertex 475.8236083984375 -159.9145050048828 630.0
vertex 475.8236083984375 -159.9145050048828 635.0
vertex 474.32598876953125 -160.38670349121094 635.0
endloop
endfacet
facet normal 0.3827130781012722 -0.9238672522880382 0.0
outer loop
vertex 477.2744140625 -159.31350708007812 630.0
vertex 477.2744140625 -159.31350708007812 635.0
vertex 475.8236083984375 -159.9145050048828 635.0
endloop
endfacet
facet normal 0.461730880604014 -0.8870200639763689 0.0
outer loop
vertex 477.2744140625 -159.31350708007812 635.0
vertex 478.6672058105469 -158.5885009765625 630.0
vertex 478.6672058105469 -158.5885009765625 635.0
endloop
endfacet
facet normal 0.0 -0.0 1.0
outer loop
vertex 475.8236083984375 -159.9145050048828 635.0
vertex 477.2744140625 -159.31350708007812 635.0
vertex 469.6672058105469 -143.0 635.0
endloop
endfacet
facet normal 0.0 -0.0 1.0
outer loop
vertex 477.2744140625 -159.31350708007812 635.0
vertex 478.6672058105469 -158.5885009765625 635.0
vertex 469.6672058105469 -143.0 635.0
endloop
endfacet
facet normal 0.0 -0.0 1.0
outer loop
vertex 478.6672058105469 -158.5885009765625 635.0
vertex 479.9916076660156 -157.7447052001953 635.0
vertex 469.6672058105469 -143.0 635.0
endloop
endfacet
facet normal 0.0 -0.0 1.0
outer loop
vertex 479.9916076660156 -157.7447052001953 635.0
vertex 481.2373962402344 -156.78880310058594 635.0
vertex 469.6672058105469 -143.0 635.0
endloop
endfacet
facet normal 0.043549174123359256 -0.9990512846833691 -2.383987954324216e-06
outer loop
vertex 469.6672058105469 -151.0 630.0
vertex 470.1672058105469 -150.9781951904297 626.0
vertex 470.364501953125 -150.9696044921875 630.0
endloop
endfacet
facet normal 0.0 0.8018252303065967 -0.5975586164082761
outer loop
vertex 469.2372131347656 -147.13510131835938 628.2872924804688
vertex 470.0972900390625 -147.13510131835938 628.2872924804688
vertex 469.6672058105469 -147.50840759277344 627.786376953125
endloop
endfacet
facet normal -0.1601089726810005 0.7917400184036922 -0.5895022138424548
outer loop
vertex 470.49639892578125 -147.45289611816406 627.7520751953125
vertex 470.0972900390625 -147.13510131835938 628.2872924804688
vertex 470.9237976074219 -147.02090454101562 628.2161865234375
endloop
endfacet
facet normal -0.15893013298137498 0.7517821909799509 -0.6399724604667821
outer loop
vertex 470.0972900390625 -147.13510131835938 628.2872924804688
vertex 470.51849365234375 -146.677001953125 628.7208251953125
vertex 470.9237976074219 -147.02090454101562 628.2161865234375
endloop
endfacet
facet normal 0.0 0.7622604162377606 -0.6472704672986678
outer loop
vertex 469.2372131347656 -147.13510131835938 628.2872924804688
vertex 469.6672058105469 -146.72540283203125 628.769775390625
vertex 470.0972900390625 -147.13510131835938 628.2872924804688
endloop
endfacet
facet normal -0.08055984450014637 0.7232056534974255 -0.685918139578969
outer loop
vertex 470.0972900390625 -147.13510131835938 628.2872924804688
vertex 469.6672058105469 -146.72540283203125 628.769775390625
vertex 470.51849365234375 -146.677001953125 628.7208251953125
endloop
endfacet
facet normal -0.31343069493232656 0.760028866373955 -0.5693130261574555
outer loop
vertex 471.30499267578125 -147.2877960205078 627.6500244140625
vertex 470.9237976074219 -147.02090454101562 628.2161865234375
vertex 471.63751220703125 -146.74769592285156 628.18798828125
endloop
endfacet
facet normal -0.2962002238594009 0.7075580164744376 -0.6415817022861552
outer loop
vertex 470.9237976074219 -147.02090454101562 628.2161865234375
vertex 471.2361145019531 -146.43130493164062 628.7222290039062
vertex 471.63751220703125 -146.74769592285156 628.18798828125
endloop
endfacet
facet normal -0.23911397918247224 0.7022249200092102 -0.6706002286590592
outer loop
vertex 470.51849365234375 -146.677001953125 628.7208251953125
vertex 471.2361145019531 -146.43130493164062 628.7222290039062
vertex 470.9237976074219 -147.02090454101562 628.2161865234375
endloop
endfacet
facet normal -0.3717307031886903 0.6490873730714444 -0.6637031463132094
outer loop
vertex 471.63751220703125 -146.74769592285156 628.18798828125
vertex 471.2361145019531 -146.43130493164062 628.7222290039062
vertex 471.9215087890625 -146.11529541015625 628.6473999023438
endloop
endfacet
facet normal -0.34980308482275196 0.585521529602482 -0.7313018119904097
outer loop
vertex 471.2361145019531 -146.43130493164062 628.7222290039062
vertex 471.50189208984375 -145.7353973388672 629.1522827148438
vertex 471.9215087890625 -146.11529541015625 628.6473999023438
endloop
endfacet
facet normal 0.0 0.6394181210122628 -0.7688591981118176
outer loop
vertex 469.23748779296875 -146.2628936767578 629.1544189453125
vertex 470.09698486328125 -146.2628936767578 629.1544189453125
vertex 469.6672058105469 -146.72540283203125 628.769775390625
endloop
endfacet
facet normal -0.080569181701597 0.6805332624131875 -0.7282740457473399
outer loop
vertex 469.6672058105469 -146.72540283203125 628.769775390625
vertex 470.09698486328125 -146.2628936767578 629.1544189453125
vertex 470.51849365234375 -146.677001953125 628.7208251953125
endloop
endfacet
facet normal 0.0 0.596370381339716 -0.8027093921592806
outer loop
vertex 469.23748779296875 -146.2628936767578 629.1544189453125
vertex 469.6672058105469 -145.78640747070312 629.5084228515625
vertex 470.09698486328125 -146.2628936767578 629.1544189453125
endloop
endfacet
facet normal -0.1615710704221644 0.6304738314259984 -0.7592084938208066
outer loop
vertex 470.51849365234375 -146.677001953125 628.7208251953125
vertex 470.09698486328125 -146.2628936767578 629.1544189453125
vertex 470.7962951660156 -146.02760314941406 629.2009887695312
endloop
endfacet
facet normal -0.0811915489939534 0.5461797339402635 -0.833723953479151
outer loop
vertex 470.09698486328125 -146.2628936767578 629.1544189453125
vertex 469.6672058105469 -145.78640747070312 629.5084228515625
vertex 470.36260986328125 -145.5675048828125 629.5841064453125
endloop
endfacet
facet normal -0.0501882012921052 0.46502750550577254 -0.883872481511978
outer loop
vertex 469.6672058105469 -145.78640747070312 629.5084228515625
vertex 469.6672058105469 -145.13780212402344 629.8496704101562
vertex 470.36260986328125 -145.5675048828125 629.5841064453125
endloop
endfacet
facet normal -0.13290443576695415 0.5572359919821126 -0.8196489859648325
outer loop
vertex 470.09698486328125 -146.2628936767578 629.1544189453125
vertex 470.36260986328125 -145.5675048828125 629.5841064453125
vertex 470.7962951660156 -146.02760314941406 629.2009887695312
endloop
endfacet
facet normal -0.21124223782373372 0.50015421861931 -0.839775252407767
outer loop
vertex 470.36260986328125 -145.5675048828125 629.5841064453125
vertex 471.0447082519531 -145.2996063232422 629.5720825195312
vertex 470.7962951660156 -146.02760314941406 629.2009887695312
endloop
endfacet
facet normal -0.18034970778614756 0.4192544207610212 -0.8897750915674093
outer loop
vertex 470.36260986328125 -145.5675048828125 629.5841064453125
vertex 470.364990234375 -144.8986053466797 629.8988037109375
vertex 471.0447082519531 -145.2996063232422 629.5720825195312
endloop
endfacet
facet normal -0.21723622592590028 0.6387112742939611 -0.7381438411551339
outer loop
vertex 470.51849365234375 -146.677001953125 628.7208251953125
vertex 470.7962951660156 -146.02760314941406 629.2009887695312
vertex 471.2361145019531 -146.43130493164062 628.7222290039062
endloop
endfacet
facet normal -0.2930602216172149 0.5811087480555234 -0.7592287727944793
outer loop
vertex 471.2361145019531 -146.43130493164062 628.7222290039062
vertex 470.7962951660156 -146.02760314941406 629.2009887695312
vertex 471.50189208984375 -145.7353973388672 629.1522827148438
endloop
endfacet
facet normal -0.26706326716608697 0.5084298289499307 -0.8186429749069613
outer loop
vertex 470.7962951660156 -146.02760314941406 629.2009887695312
vertex 471.0447082519531 -145.2996063232422 629.5720825195312
vertex 471.50189208984375 -145.7353973388672 629.1522827148438
endloop
endfacet
facet normal -0.4201875916335192 0.5221805007572555 -0.7421387420598152
outer loop
vertex 471.50189208984375 -145.7353973388672 629.1522827148438
vertex 472.14990234375 -145.40609741210938 629.01708984375
vertex 471.9215087890625 -146.11529541015625 628.6473999023438
endloop
endfacet
facet normal -0.39516399614177816 0.4484908770445943 -0.8016865655360775
outer loop
vertex 471.50189208984375 -145.7353973388672 629.1522827148438
vertex 471.7004089355469 -144.98770141601562 629.4727172851562
vertex 472.14990234375 -145.40609741210938 629.01708984375
endloop
endfacet
facet normal -0.3374160170627724 0.4450752621183978 -0.8294928827179496
outer loop
vertex 471.50189208984375 -145.7353973388672 629.1522827148438
vertex 471.0447082519531 -145.2996063232422 629.5720825195312
vertex 471.7004089355469 -144.98770141601562 629.4727172851562
endloop
endfacet
facet normal -0.3067702229407156 0.36485458009498284 -0.8790751763646938
outer loop
vertex 471.0447082519531 -145.2996063232422 629.5720825195312
vertex 471.06689453125 -144.59669494628906 629.8560791015625
vertex 471.7004089355469 -144.98770141601562 629.4727172851562
endloop
endfacet
facet normal -0.42702470943490395 0.30231862098679985 -0.852204992320906
outer loop
vertex 471.7004089355469 -144.98770141601562 629.4727172851562
vertex 471.7139892578125 -144.26499938964844 629.7222900390625
vertex 472.31719970703125 -144.63780212402344 629.2877807617188
endloop
endfacet
facet normal -0.34324458311506684 0.31234257469292864 -0.8857907609567601
outer loop
vertex 471.7004089355469 -144.98770141601562 629.4727172851562
vertex 471.06689453125 -144.59669494628906 629.8560791015625
vertex 471.7139892578125 -144.26499938964844 629.7222900390625
endloop
endfacet
facet normal -0.4405509198122027 0.6486751565221632 -0.6205928039895157
outer loop
vertex 472.3880920410156 -146.42689514160156 627.990478515625
vertex 471.63751220703125 -146.74769592285156 628.18798828125
vertex 471.9215087890625 -146.11529541015625 628.6473999023438
endloop
endfacet
facet normal -0.5037714515668407 0.5852216020639469 -0.635397514209763
outer loop
vertex 472.3880920410156 -146.42689514160156 627.990478515625
vertex 471.9215087890625 -146.11529541015625 628.6473999023438
vertex 472.6578063964844 -145.7209014892578 628.4268798828125
endloop
endfacet
facet normal -0.5773605583374496 0.5774104576292903 -0.577279784070603
outer loop
vertex 472.3880920410156 -146.42689514160156 627.990478515625
vertex 472.6578063964844 -145.7209014892578 628.4268798828125
vertex 473.0940856933594 -145.99049377441406 627.7208862304688
endloop
endfacet
facet normal -0.6354791097054437 0.5038180704782697 -0.5850928584314886
outer loop
vertex 473.0940856933594 -145.99049377441406 627.7208862304688
vertex 472.6578063964844 -145.7209014892578 628.4268798828125
vertex 473.314697265625 -145.2541961669922 628.1152954101562
endloop
endfacet
facet normal -0.6206345707279173 0.4404610301858291 -0.648696239009455
outer loop
vertex 472.6578063964844 -145.7209014892578 628.4268798828125
vertex 472.8551940917969 -144.97030639648438 628.7476806640625
vertex 473.314697265625 -145.2541961669922 628.1152954101562
endloop
endfacet
facet normal -0.4888866148157908 0.5218429925467171 -0.6990491892448225
outer loop
vertex 472.6578063964844 -145.7209014892578 628.4268798828125
vertex 471.9215087890625 -146.11529541015625 628.6473999023438
vertex 472.14990234375 -145.40609741210938 629.01708984375
endloop
endfacet
facet normal -0.546522959496599 0.4465195285249906 -0.7084722756670857
outer loop
vertex 472.6578063964844 -145.7209014892578 628.4268798828125
vertex 472.14990234375 -145.40609741210938 629.01708984375
vertex 472.8551940917969 -144.97030639648438 628.7476806640625
endloop
endfacet
facet normal -0.7313435575497483 0.34974183773229456 -0.5855059758620021
outer loop
vertex 473.8194885253906 -144.8345947265625 627.7354125976562
vertex 473.314697265625 -145.2541961669922 628.1152954101562
vertex 473.3894958496094 -144.5688018798828 628.4312744140625
endloop
endfacet
facet normal -0.6637019648556388 0.37168479758499545 -0.6491148689492218
outer loop
vertex 473.314697265625 -145.2541961669922 628.1152954101562
vertex 472.8551940917969 -144.97030639648438 628.7476806640625
vertex 473.3894958496094 -144.5688018798828 628.4312744140625
endloop
endfacet
facet normal -0.7381265450260325 0.2172998220406195 -0.6387096295415056
outer loop
vertex 473.3894958496094 -144.5688018798828 628.4312744140625
vertex 473.3880920410156 -143.85130310058594 628.677001953125
vertex 473.8682861328125 -144.12899780273438 628.027587890625
endloop
endfacet
facet normal -0.7592085876785382 0.2931288010619024 -0.5811005303587072
outer loop
vertex 473.8194885253906 -144.8345947265625 627.7354125976562
vertex 473.3894958496094 -144.5688018798828 628.4312744140625
vertex 473.8682861328125 -144.12899780273438 628.027587890625
endloop
endfacet
facet normal -0.6415830866548172 0.2961922767321084 -0.7075600879944596
outer loop
vertex 472.8551940917969 -144.97030639648438 628.7476806640625
vertex 472.8833923339844 -144.25660705566406 629.0208740234375
vertex 473.3894958496094 -144.5688018798828 628.4312744140625
endloop
endfacet
facet normal -0.6705521315716362 0.2391913302397569 -0.7022445061250894
outer loop
vertex 473.3894958496094 -144.5688018798828 628.4312744140625
vertex 472.8833923339844 -144.25660705566406 629.0208740234375
vertex 473.3880920410156 -143.85130310058594 628.677001953125
endloop
endfacet
facet normal -0.759253202226166 0.16145233829510017 -0.6304504083338809
outer loop
vertex 473.8682861328125 -144.12899780273438 628.027587890625
vertex 473.3880920410156 -143.85130310058594 628.677001953125
vertex 473.82159423828125 -143.42979431152344 628.2628784179688
endloop
endfacet
facet normal -0.7283502044479279 0.08054155841336089 -0.6804550220617152
outer loop
vertex 473.82159423828125 -143.42979431152344 628.2628784179688
vertex 473.3880920410156 -143.85130310058594 628.677001953125
vertex 473.43701171875 -143.0 628.7254028320312
endloop
endfacet
facet normal -0.6858586691506039 0.0805337659822755 -0.7232649573203962
outer loop
vertex 473.3880920410156 -143.85130310058594 628.677001953125
vertex 472.9544982910156 -143.4300994873047 629.1350708007812
vertex 473.43701171875 -143.0 628.7254028320312
endloop
endfacet
facet normal -0.5263008481695521 0.38221341424238464 -0.7595527125810225
outer loop
vertex 472.14990234375 -145.40609741210938 629.01708984375
vertex 472.31719970703125 -144.63780212402344 629.2877807617188
vertex 472.8551940917969 -144.97030639648438 628.7476806640625
endloop
endfacet
facet normal -0.45763686187152225 0.38245667590783416 -0.8026801316277332
outer loop
vertex 471.7004089355469 -144.98770141601562 629.4727172851562
vertex 472.31719970703125 -144.63780212402344 629.2877807617188
vertex 472.14990234375 -145.40609741210938 629.01708984375
endloop
endfacet
facet normal -0.5693033020432211 0.3134245247028134 -0.7600386948027714
outer loop
vertex 472.8551940917969 -144.97030639648438 628.7476806640625
vertex 472.31719970703125 -144.63780212402344 629.2877807617188
vertex 472.8833923339844 -144.25660705566406 629.0208740234375
endloop
endfacet
facet normal -0.5386969334836715 0.23329396042400136 -0.8095551506135784
outer loop
vertex 472.31719970703125 -144.63780212402344 629.2877807617188
vertex 472.4193115234375 -143.8291015625 629.452880859375
vertex 472.8833923339844 -144.25660705566406 629.0208740234375
endloop
endfacet
facet normal -0.4693869277425145 0.23313806916020885 -0.8516587067439003
outer loop
vertex 471.7139892578125 -144.26499938964844 629.7222900390625
vertex 472.4193115234375 -143.8291015625 629.452880859375
vertex 472.31719970703125 -144.63780212402344 629.2877807617188
endloop
endfacet
facet normal -0.5895188992414583 0.16010869924822763 -0.7917276500553583
outer loop
vertex 472.8833923339844 -144.25660705566406 629.0208740234375
vertex 472.4193115234375 -143.8291015625 629.452880859375
vertex 472.9544982910156 -143.4300994873047 629.1350708007812
endloop
endfacet
facet normal -0.4378743661623806 0.16195638158931275 -0.8843280895235605
outer loop
vertex 471.7139892578125 -144.26499938964844 629.7222900390625
vertex 471.7851867675781 -143.43629455566406 629.8388061523438
vertex 472.4193115234375 -143.8291015625 629.452880859375
endloop
endfacet
facet normal -0.4823950952824157 0.07840286885600611 -0.8724379417486477
outer loop
vertex 472.4193115234375 -143.8291015625 629.452880859375
vertex 471.7851867675781 -143.43629455566406 629.8388061523438
vertex 472.45361328125 -143.0 629.5084228515625
endloop
endfacet
facet normal -0.551608044557573 0.078450614615602 -0.8304059647219577
outer loop
vertex 472.9544982910156 -143.4300994873047 629.1350708007812
vertex 472.4193115234375 -143.8291015625 629.452880859375
vertex 472.45361328125 -143.0 629.5084228515625
endloop
endfacet
facet normal -0.6398956858590865 0.15893248832228868 -0.7518470425389826
outer loop
vertex 473.3880920410156 -143.85130310058594 628.677001953125
vertex 472.8833923339844 -144.25660705566406 629.0208740234375
vertex 472.9544982910156 -143.4300994873047 629.1350708007812
endloop
endfacet
facet normal -0.04999223134619039 0.3388237770568357 -0.9395207421371646
outer loop
vertex 469.6672058105469 -145.13780212402344 629.8496704101562
vertex 469.6672058105469 -144.44830322265625 630.0983276367188
vertex 470.364990234375 -144.8986053466797 629.8988037109375
endloop
endfacet
facet normal -0.08202956690744424 0.4245138667941837 -0.901697913412484
outer loop
vertex 470.36260986328125 -145.5675048828125 629.5841064453125
vertex 469.6672058105469 -145.13780212402344 629.8496704101562
vertex 470.364990234375 -144.8986053466797 629.8988037109375
endloop
endfacet
facet normal -0.08462183843150431 0.2911080872933138 -0.9529403055663563
outer loop
vertex 469.6672058105469 -144.44830322265625 630.0983276367188
vertex 470.3710021972656 -144.16659545898438 630.1218872070312
vertex 470.364990234375 -144.8986053466797 629.8988037109375
endloop
endfacet
facet normal -0.18113902358270875 0.2880563776958363 -0.9403255698981374
outer loop
vertex 470.364990234375 -144.8986053466797 629.8988037109375
vertex 470.3710021972656 -144.16659545898438 630.1218872070312
vertex 471.06689453125 -144.59669494628906 629.8560791015625
endloop
endfacet
facet normal -0.04964647285503974 0.20576901510548046 -0.977340442300212
outer loop
vertex 469.6672058105469 -144.44830322265625 630.0983276367188
vertex 469.6672058105469 -143.73109436035156 630.2493286132812
vertex 470.3710021972656 -144.16659545898438 630.1218872070312
endloop
endfacet
facet normal -0.18127781436918178 0.1503913041724661 -0.9718646045858637
outer loop
vertex 470.3710021972656 -144.16659545898438 630.1218872070312
vertex 470.37249755859375 -143.43589782714844 630.2346801757812
vertex 471.0603942871094 -143.86099243164062 630.0405883789062
endloop
endfacet
facet normal -0.08414862633994259 0.15218364773419962 -0.9847634975197921
outer loop
vertex 470.3710021972656 -144.16659545898438 630.1218872070312
vertex 469.6672058105469 -143.73109436035156 630.2493286132812
vertex 470.37249755859375 -143.43589782714844 630.2346801757812
endloop
endfacet
facet normal -0.049591128906776395 0.0690414519755223 -0.9963804483443375
outer loop
vertex 469.6672058105469 -143.73109436035156 630.2493286132812
vertex 469.6672058105469 -143.0 630.2999877929688
vertex 470.37249755859375 -143.43589782714844 630.2346801757812
endloop
endfacet
facet normal -0.21484691551129195 0.37168293027134774 -0.9031570197037656
outer loop
vertex 471.0447082519531 -145.2996063232422 629.5720825195312
vertex 470.364990234375 -144.8986053466797 629.8988037109375
vertex 471.06689453125 -144.59669494628906 629.8560791015625
endloop
endfacet
facet normal -0.30822008573877946 0.22885370300637664 -0.9233776916124024
outer loop
vertex 471.7139892578125 -144.26499938964844 629.7222900390625
vertex 471.06689453125 -144.59669494628906 629.8560791015625
vertex 471.0603942871094 -143.86099243164062 630.0405883789062
endloop
endfacet
facet normal -0.21622060232261955 0.2357075810888 -0.9474653488906655
outer loop
vertex 470.3710021972656 -144.16659545898438 630.1218872070312
vertex 471.0603942871094 -143.86099243164062 630.0405883789062
vertex 471.06689453125 -144.59669494628906 629.8560791015625
endloop
endfacet
facet normal -0.2236676034770505 0.08151502886356637 -0.9712507931652898
outer loop
vertex 470.37249755859375 -143.43589782714844 630.2346801757812
vertex 471.0791931152344 -143.0 630.1085205078125
vertex 471.0603942871094 -143.86099243164062 630.0405883789062
endloop
endfacet
facet normal -0.31134354406941644 0.08149987152057524 -0.9467961599565268
outer loop
vertex 471.0603942871094 -143.86099243164062 630.0405883789062
vertex 471.0791931152344 -143.0 630.1085205078125
vertex 471.7851867675781 -143.43629455566406 629.8388061523438
endloop
endfacet
facet normal -0.35057785699588345 0.15986392165976035 -0.9227885417232573
outer loop
vertex 471.7139892578125 -144.26499938964844 629.7222900390625
vertex 471.0603942871094 -143.86099243164062 630.0405883789062
vertex 471.7851867675781 -143.43629455566406 629.8388061523438
endloop
endfacet
facet normal 0.0 0.0 -1.0
outer loop
vertex 474.80950927734375 -149.12840270996094 630.0
vertex 475.3240966796875 -148.6569061279297 630.0
vertex 482.39520263671875 -155.7279052734375 630.0
endloop
endfacet
facet normal 0.0 0.0 -0.9999999999999999
outer loop
vertex 475.3240966796875 -148.6569061279297 630.0
vertex 475.79559326171875 -148.14230346679688 630.0
vertex 482.39520263671875 -155.7279052734375 630.0
endloop
endfacet
facet normal 0.0 0.0 -1.0
outer loop
vertex 475.79559326171875 -148.14230346679688 630.0
vertex 476.2204895019531 -147.58859252929688 630.0
vertex 483.45599365234375 -154.57020568847656 630.0
endloop
endfacet
facet normal 0.9990510358651898 -0.043554881892748365 0.0
outer loop
vertex 477.6368103027344 -143.69720458984375 630.0
vertex 477.6672058105469 -143.0 626.0
vertex 477.6672058105469 -143.0 630.0
endloop
endfacet
facet normal 0.0 -0.0 1.0
outer loop
vertex 481.2373962402344 -156.78880310058594 635.0
vertex 482.39520263671875 -155.7279052734375 635.0
vertex 469.6672058105469 -143.0 635.0
endloop
endfacet
facet normal 0.0 -0.0 1.0
outer loop
vertex 482.39520263671875 -155.7279052734375 635.0
vertex 483.45599365234375 -154.57020568847656 635.0
vertex 469.6672058105469 -143.0 635.0
endloop
endfacet
facet normal 0.0 -0.0 -1.0
outer loop
vertex 474.80950927734375 -149.12840270996094 630.0
vertex 481.2373962402344 -156.78880310058594 630.0
vertex 479.9916076660156 -157.7447052001953 630.0
endloop
endfacet
facet normal 0.0 -0.0 -1.0
outer loop
vertex 474.80950927734375 -149.12840270996094 630.0
vertex 482.39520263671875 -155.7279052734375 630.0
vertex 481.2373962402344 -156.78880310058594 630.0
endloop
endfacet
facet normal 0.0 -0.0 -1.0
outer loop
vertex 475.79559326171875 -148.14230346679688 630.0
vertex 483.45599365234375 -154.57020568847656 630.0
vertex 482.39520263671875 -155.7279052734375 630.0
endloop
endfacet
facet normal 0.5373262153047309 -0.8433744947212323 0.0
outer loop
vertex 478.6672058105469 -158.5885009765625 630.0
vertex 479.9916076660156 -157.7447052001953 630.0
vertex 478.6672058105469 -158.5885009765625 635.0
endloop
endfacet
facet normal 0.6087513702580304 -0.7933610585407948 0.0
outer loop
vertex 479.9916076660156 -157.7447052001953 630.0
vertex 481.2373962402344 -156.78880310058594 630.0
vertex 479.9916076660156 -157.7447052001953 635.0
endloop
endfacet
facet normal 0.5373262153047309 -0.8433744947212323 0.0
outer loop
vertex 479.9916076660156 -157.7447052001953 630.0
vertex 479.9916076660156 -157.7447052001953 635.0
vertex 478.6672058105469 -158.5885009765625 635.0
endloop
endfacet
facet normal 0.6087513702580304 -0.7933610585407948 0.0
outer loop
vertex 481.2373962402344 -156.78880310058594 630.0
vertex 481.2373962402344 -156.78880310058594 635.0
vertex 479.9916076660156 -157.7447052001953 635.0
endloop
endfacet
facet normal 0.6755776535724889 -0.7372888402746173 0.0
outer loop
vertex 481.2373962402344 -156.78880310058594 630.0
vertex 482.39520263671875 -155.7279052734375 630.0
vertex 481.2373962402344 -156.78880310058594 635.0
endloop
endfacet
facet normal 0.7372916762322702 -0.6755745585489505 0.0
outer loop
vertex 482.39520263671875 -155.7279052734375 630.0
vertex 483.45599365234375 -154.57020568847656 630.0
vertex 482.39520263671875 -155.7279052734375 635.0
endloop
endfacet
facet normal 0.6755776535724889 -0.7372888402746173 0.0
outer loop
vertex 482.39520263671875 -155.7279052734375 630.0
vertex 482.39520263671875 -155.7279052734375 635.0
vertex 481.2373962402344 -156.78880310058594 635.0
endloop
endfacet
facet normal 0.7372916762322702 -0.6755745585489505 0.0
outer loop
vertex 483.45599365234375 -154.57020568847656 630.0
vertex 483.45599365234375 -154.57020568847656 635.0
vertex 482.39520263671875 -155.7279052734375 635.0
endloop
endfacet
facet normal 0.793336501538034 -0.6087833730707441 0.0
outer loop
vertex 483.45599365234375 -154.57020568847656 630.0
vertex 484.4119873046875 -153.32440185546875 630.0
vertex 483.45599365234375 -154.57020568847656 635.0
endloop
endfacet
facet normal 0.8433965111371057 -0.5372916572977455 0.0
outer loop
vertex 484.4119873046875 -153.32440185546875 630.0
vertex 485.2557067871094 -152.0 630.0
vertex 484.4119873046875 -153.32440185546875 635.0
endloop
endfacet
facet normal 0.793336501538034 -0.6087833730707441 0.0
outer loop
vertex 484.4119873046875 -153.32440185546875 630.0
vertex 484.4119873046875 -153.32440185546875 635.0
vertex 483.45599365234375 -154.57020568847656 635.0
endloop
endfacet
facet normal 0.8433965111371057 -0.5372916572977455 0.0
outer loop
vertex 484.4119873046875 -153.32440185546875 635.0
vertex 485.2557067871094 -152.0 630.0
vertex 485.2557067871094 -152.0 635.0
endloop
endfacet
facet normal 0.0 0.0 -1.0
outer loop
vertex 476.2204895019531 -147.58859252929688 630.0
vertex 476.5954895019531 -147.0 630.0
vertex 485.2557067871094 -152.0 630.0
endloop
endfacet
facet normal 0.0 0.0 -1.0
outer loop
vertex 476.5954895019531 -147.0 630.0
vertex 476.9176940917969 -146.3809051513672 630.0
vertex 485.2557067871094 -152.0 630.0
endloop
endfacet
facet normal 0.0 -0.0 -0.9999999999999999
outer loop
vertex 476.2204895019531 -147.58859252929688 630.0
vertex 484.4119873046875 -153.32440185546875 630.0
vertex 483.45599365234375 -154.57020568847656 630.0
endloop
endfacet
facet normal 0.0 -0.0 -1.0
outer loop
vertex 476.2204895019531 -147.58859252929688 630.0
vertex 485.2557067871094 -152.0 630.0
vertex 484.4119873046875 -153.32440185546875 630.0
endloop
endfacet
facet normal 0.0 -0.0 -1.0
outer loop
vertex 476.9176940917969 -146.3809051513672 630.0
vertex 485.9808044433594 -150.6071014404297 630.0
vertex 485.2557067871094 -152.0 630.0
endloop
endfacet
facet normal 0.0 -0.0 -1.0
outer loop
vertex 476.9176940917969 -146.3809051513672 630.0
vertex 486.5816955566406 -149.15640258789062 630.0
vertex 485.9808044433594 -150.6071014404297 630.0
endloop
endfacet
facet normal 0.0 0.0 -1.0
outer loop
vertex 476.9176940917969 -146.3809051513672 630.0
vertex 477.184814453125 -145.7362060546875 630.0
vertex 486.5816955566406 -149.15640258789062 630.0
endloop
endfacet
facet normal 0.0 0.0 -0.9999999999999999
outer loop
vertex 477.184814453125 -145.7362060546875 630.0
vertex 477.39471435546875 -145.0706024169922 630.0
vertex 486.5816955566406 -149.15640258789062 630.0
endloop
endfacet
facet normal 0.0 0.0 -1.0
outer loop
vertex 477.39471435546875 -145.0706024169922 630.0
vertex 477.5456848144531 -144.3892059326172 630.0
vertex 487.05389404296875 -147.65870666503906 630.0
endloop
endfacet
facet normal 0.0 0.0 -1.0
outer loop
vertex 477.5456848144531 -144.3892059326172 630.0
vertex 477.6368103027344 -143.69720458984375 630.0
vertex 487.393798828125 -146.12570190429688 630.0
endloop
endfacet
facet normal 0.0 0.0 -0.9999999999999999
outer loop
vertex 477.6368103027344 -143.69720458984375 630.0
vertex 477.6672058105469 -143.0 630.0
vertex 487.5987854003906 -144.5688018798828 630.0
endloop
endfacet
facet normal 0.0 -0.0 -1.0
outer loop
vertex 477.39471435546875 -145.0706024169922 630.0
vertex 487.05389404296875 -147.65870666503906 630.0
vertex 486.5816955566406 -149.15640258789062 630.0
endloop
endfacet
facet normal 0.0 -0.0 -1.0
outer loop
vertex 477.5456848144531 -144.3892059326172 630.0
vertex 487.393798828125 -146.12570190429688 630.0
vertex 487.05389404296875 -147.65870666503906 630.0
endloop
endfacet
facet normal 0.0 -0.0 -0.9999999999999999
outer loop
vertex 477.6368103027344 -143.69720458984375 630.0
vertex 487.5987854003906 -144.5688018798828 630.0
vertex 487.393798828125 -146.12570190429688 630.0
endloop
endfacet
facet normal 0.0 0.0 -1.0
outer loop
vertex 487.5987854003906 -144.5688018798828 630.0
vertex 477.6672058105469 -143.0 630.0
vertex 487.6672058105469 -143.0 630.0
endloop
endfacet
facet normal 0.0 -0.0 1.0
outer loop
vertex 483.45599365234375 -154.57020568847656 635.0
vertex 484.4119873046875 -153.32440185546875 635.0
vertex 469.6672058105469 -143.0 635.0
endloop
endfacet
facet normal 0.0 -0.0 1.0
outer loop
vertex 484.4119873046875 -153.32440185546875 635.0
vertex 485.2557067871094 -152.0 635.0
vertex 469.6672058105469 -143.0 635.0
endloop
endfacet
facet normal 0.0 -0.0 1.0
outer loop
vertex 485.2557067871094 -152.0 635.0
vertex 485.9808044433594 -150.6071014404297 635.0
vertex 469.6672058105469 -143.0 635.0
endloop
endfacet
facet normal 0.0 -0.0 1.0
outer loop
vertex 485.9808044433594 -150.6071014404297 635.0
vertex 486.5816955566406 -149.15640258789062 635.0
vertex 469.6672058105469 -143.0 635.0
endloop
endfacet
facet normal 0.0 -0.0 1.0
outer loop
vertex 486.5816955566406 -149.15640258789062 635.0
vertex 487.05389404296875 -147.65870666503906 635.0
vertex 469.6672058105469 -143.0 635.0
endloop
endfacet
facet normal 0.0 -0.0 1.0
outer loop
vertex 487.05389404296875 -147.65870666503906 635.0
vertex 487.393798828125 -146.12570190429688 635.0
vertex 469.6672058105469 -143.0 635.0
endloop
endfacet
facet normal 0.0 -0.0 1.0
outer loop
vertex 487.393798828125 -146.12570190429688 635.0
vertex 487.5987854003906 -144.5688018798828 635.0
vertex 469.6672058105469 -143.0 635.0
endloop
endfacet
facet normal 0.0 -0.0 0.9999999999999999
outer loop
vertex 487.5987854003906 -144.5688018798828 635.0
vertex 487.6672058105469 -143.0 635.0
vertex 469.6672058105469 -143.0 635.0
endloop
endfacet
facet normal 0.8870106867588944 -0.46174889450383594 0.0
outer loop
vertex 485.2557067871094 -152.0 630.0
vertex 485.9808044433594 -150.6071014404297 630.0
vertex 485.2557067871094 -152.0 635.0
endloop
endfacet
facet normal 0.9238813397273055 -0.38267906933052803 0.0
outer loop
vertex 485.9808044433594 -150.6071014404297 630.0
vertex 486.5816955566406 -149.15640258789062 630.0
vertex 485.9808044433594 -150.6071014404297 635.0
endloop
endfacet
facet normal 0.9537211919719945 -0.30069234773023074 0.0
outer loop
vertex 486.5816955566406 -149.15640258789062 630.0
vertex 487.05389404296875 -147.65870666503906 630.0
vertex 486.5816955566406 -149.15640258789062 635.0
endloop
endfacet
facet normal 0.8870106867588944 -0.46174889450383594 0.0
outer loop
vertex 485.9808044433594 -150.6071014404297 630.0
vertex 485.9808044433594 -150.6071014404297 635.0
vertex 485.2557067871094 -152.0 635.0
endloop
endfacet
facet normal 0.9238813397273055 -0.38267906933052803 0.0
outer loop
vertex 486.5816955566406 -149.15640258789062 630.0
vertex 486.5816955566406 -149.15640258789062 635.0
vertex 485.9808044433594 -150.6071014404297 635.0
endloop
endfacet
facet normal 0.9537211919719945 -0.30069234773023074 0.0
outer loop
vertex 487.05389404296875 -147.65870666503906 630.0
vertex 487.05389404296875 -147.65870666503906 635.0
vertex 486.5816955566406 -149.15640258789062 635.0
endloop
endfacet
facet normal 0.976289841742457 -0.2164674222844812 0.0
outer loop
vertex 487.05389404296875 -147.65870666503906 630.0
vertex 487.393798828125 -146.12570190429688 630.0
vertex 487.05389404296875 -147.65870666503906 635.0
endloop
endfacet
facet normal 0.991443477216704 -0.13053670550634797 0.0
outer loop
vertex 487.393798828125 -146.12570190429688 630.0
vertex 487.5987854003906 -144.5688018798828 630.0
vertex 487.393798828125 -146.12570190429688 635.0
endloop
endfacet
facet normal 0.9990503006690483 -0.04357174236915577 0.0
outer loop
vertex 487.5987854003906 -144.5688018798828 630.0
vertex 487.6672058105469 -143.0 630.0
vertex 487.5987854003906 -144.5688018798828 635.0
endloop
endfacet
facet normal 0.976289841742457 -0.2164674222844812 0.0
outer loop
vertex 487.393798828125 -146.12570190429688 630.0
vertex 487.393798828125 -146.12570190429688 635.0
vertex 487.05389404296875 -147.65870666503906 635.0
endloop
endfacet
facet normal 0.991443477216704 -0.13053670550634797 0.0
outer loop
vertex 487.5987854003906 -144.5688018798828 630.0
vertex 487.5987854003906 -144.5688018798828 635.0
vertex 487.393798828125 -146.12570190429688 635.0
endloop
endfacet
facet normal 0.9990503006690483 -0.04357174236915577 0.0
outer loop
vertex 487.5987854003906 -144.5688018798828 635.0
vertex 487.6672058105469 -143.0 630.0
vertex 487.6672058105469 -143.0 635.0
endloop
endfacet
facet normal -0.30078024926455693 -0.9536934732778635 -2.60682965495211e-05
outer loop
vertex 470.87078857421875 -138.50840759277344 621.0
vertex 471.2575988769531 -138.63040161132812 621.0
vertex 471.2264099121094 -138.62060546875 622.4771728515625
endloop
endfacet
facet normal -0.38281462017000295 -0.9238251818250749 -3.1565119241612444e-06
outer loop
vertex 471.2575988769531 -138.63040161132812 621.0
vertex 471.63238525390625 -138.78570556640625 621.0
vertex 471.3710021972656 -138.67739868164062 622.4661865234375
endloop
endfacet
facet normal -0.46174946934575734 -0.8870103859204039 5.318127111524166e-05
outer loop
vertex 471.63238525390625 -138.78570556640625 621.0
vertex 471.9921875 -138.97300720214844 621.0
vertex 471.8815002441406 -138.91529846191406 622.4755249023438
endloop
endfacet
facet normal -0.3008787303920231 -0.953662408610974 0.0
outer loop
vertex 470.87078857421875 -138.50840759277344 621.0
vertex 471.2264099121094 -138.62060546875 622.4771728515625
vertex 470.87078857421875 -138.50840759277344 622.5040283203125
endloop
endfacet
facet normal -0.38284944911550867 -0.9238107486449547 0.0
outer loop
vertex 471.2575988769531 -138.63040161132812 621.0
vertex 471.3710021972656 -138.67739868164062 622.4661865234375
vertex 471.2575988769531 -138.63040161132812 622.4796142578125
endloop
endfacet
facet normal -0.2996566737658539 -0.9540471046377031 0.0
outer loop
vertex 471.2575988769531 -138.63040161132812 621.0
vertex 471.2575988769531 -138.63040161132812 622.4796142578125
vertex 471.2264099121094 -138.62060546875 622.4771728515625
endloop
endfacet
facet normal -0.38279950882300484 -0.9238314435246651 0.0
outer loop
vertex 471.63238525390625 -138.78570556640625 621.0
vertex 471.63238525390625 -138.78570556640625 622.4948120117188
vertex 471.3710021972656 -138.67739868164062 622.4661865234375
endloop
endfacet
facet normal -0.4615015808306327 -0.8871393863936077 0.0
outer loop
vertex 471.63238525390625 -138.78570556640625 621.0
vertex 471.8815002441406 -138.91529846191406 622.4755249023438
vertex 471.63238525390625 -138.78570556640625 622.4948120117188
endloop
endfacet
facet normal -0.3025474778725626 -0.852076909016793 0.42711820934413336
outer loop
vertex 471.2575988769531 -138.63040161132812 622.4796142578125
vertex 471.3710021972656 -138.67739868164062 622.4661865234375
vertex 471.6549987792969 -138.5272979736328 622.966796875
endloop
endfacet
facet normal -0.3012720574171737 -0.8529561665831684 0.4262639150894306
outer loop
vertex 471.2264099121094 -138.62060546875 622.4771728515625
vertex 471.2575988769531 -138.63040161132812 622.4796142578125
vertex 471.6549987792969 -138.5272979736328 622.966796875
endloop
endfacet
facet normal -0.3826661538127607 -0.8025355389490201 0.45771533014522714
outer loop
vertex 471.63238525390625 -138.78570556640625 622.4948120117188
vertex 471.6549987792969 -138.5272979736328 622.966796875
vertex 471.3710021972656 -138.67739868164062 622.4661865234375
endloop
endfacet
facet normal -0.38233437998900577 -0.8027068413898371 0.4576921986055403
outer loop
vertex 471.8815002441406 -138.91529846191406 622.4755249023438
vertex 472.0733947753906 -138.98289489746094 622.5172729492188
vertex 471.6549987792969 -138.5272979736328 622.966796875
endloop
endfacet
facet normal -0.38214887882431686 -0.802734118640415 0.45779926734750637
outer loop
vertex 471.63238525390625 -138.78570556640625 622.4948120117188
vertex 471.8815002441406 -138.91529846191406 622.4755249023438
vertex 471.6549987792969 -138.5272979736328 622.966796875
endloop
endfacet
facet normal -0.9536996981785357 -0.30076051219229233 -0.0
outer loop
vertex 474.1588134765625 -141.79649353027344 621.0
vertex 474.03680419921875 -141.40960693359375 622.486083984375
vertex 474.03680419921875 -141.40960693359375 621.0
endloop
endfacet
facet normal -0.8870257940079812 -0.4617198725892265 -4.549614884934009e-06
outer loop
vertex 473.881591796875 -141.03480529785156 621.0
vertex 473.73260498046875 -140.74859619140625 622.4763793945312
vertex 473.6943054199219 -140.6750030517578 621.0
endloop
endfacet
facet normal -0.9239104845195993 -0.382608697982061 -2.8692006349112668e-05
outer loop
vertex 474.03680419921875 -141.40960693359375 621.0
vertex 473.9118957519531 -141.10809326171875 622.480224609375
vertex 473.881591796875 -141.03480529785156 621.0
endloop
endfacet
facet normal -0.9537822298558606 -0.30049868221205583 0.0
outer loop
vertex 474.1588134765625 -141.79649353027344 621.0
vertex 474.1588134765625 -141.79649353027344 622.4915771484375
vertex 474.1275939941406 -141.69740295410156 622.4810180664062
endloop
endfacet
facet normal -0.9536711372877281 -0.300851061544685 2.5918470847853516e-05
outer loop
vertex 474.1588134765625 -141.79649353027344 621.0
vertex 474.1275939941406 -141.69740295410156 622.4810180664062
vertex 474.03680419921875 -141.40960693359375 622.486083984375
endloop
endfacet
facet normal -0.9250771608129142 -0.37977920762242584 0.0
outer loop
vertex 474.03680419921875 -141.40960693359375 621.0
vertex 474.03680419921875 -141.40960693359375 622.486083984375
vertex 474.0310974121094 -141.3957061767578 622.4840698242188
endloop
endfacet
facet normal -0.8870161821456253 -0.46173833781894147 0.0
outer loop
vertex 473.881591796875 -141.03480529785156 621.0
vertex 473.881591796875 -141.03480529785156 622.490478515625
vertex 473.73260498046875 -140.74859619140625 622.4763793945312
endloop
endfacet
facet normal -0.9238018957388316 -0.3828708088673254 3.386179181380186e-05
outer loop
vertex 474.03680419921875 -141.40960693359375 621.0
vertex 474.0310974121094 -141.3957061767578 622.4840698242188
vertex 473.9118957519531 -141.10809326171875 622.480224609375
endloop
endfacet
facet normal -0.9241152500097577 -0.38211386352683296 0.0
outer loop
vertex 473.881591796875 -141.03480529785156 621.0
vertex 473.9118957519531 -141.10809326171875 622.480224609375
vertex 473.881591796875 -141.03480529785156 622.490478515625
endloop
endfacet
facet normal -0.8186223172410139 -0.267196295453521 0.5083931956771918
outer loop
vertex 474.1275939941406 -141.69740295410156 622.4810180664062
vertex 474.2394104003906 -141.6226043701172 622.7003784179688
vertex 474.03680419921875 -141.40960693359375 622.486083984375
endloop
endfacet
facet normal -0.8175095291609592 -0.2612508053490006 0.5132506078277213
outer loop
vertex 474.0310974121094 -141.3957061767578 622.4840698242188
vertex 474.03680419921875 -141.40960693359375 622.486083984375
vertex 474.2394104003906 -141.6226043701172 622.7003784179688
endloop
endfacet
facet normal -0.8295536546177057 -0.3373939974390424 0.4449786788178864
outer loop
vertex 474.0310974121094 -141.3957061767578 622.4840698242188
vertex 474.2394104003906 -141.6226043701172 622.7003784179688
vertex 474.1400146484375 -140.966796875 623.0123291015625
endloop
endfacet
facet normal -0.8020259602105266 -0.39439079952974243 0.44856466244530824
outer loop
vertex 473.881591796875 -141.03480529785156 622.490478515625
vertex 473.9118957519531 -141.10809326171875 622.480224609375
vertex 474.1400146484375 -140.966796875 623.0123291015625
endloop
endfacet
facet normal -0.8292859762482551 -0.33774678470314795 0.4452099269116358
outer loop
vertex 474.0310974121094 -141.3957061767578 622.4840698242188
vertex 474.1400146484375 -140.966796875 623.0123291015625
vertex 473.9118957519531 -141.10809326171875 622.480224609375
endloop
endfacet
facet normal -0.8016617928361458 -0.3952134969337659 0.448491540330607
outer loop
vertex 473.881591796875 -141.03480529785156 622.490478515625
vertex 474.1400146484375 -140.966796875 623.0123291015625
vertex 473.73260498046875 -140.74859619140625 622.4763793945312
endloop
endfacet
facet normal -0.608894206933716 -0.7932514385505778 0.0
outer loop
vertex 472.33441162109375 -139.19090270996094 621.0
vertex 472.65618896484375 -139.43789672851562 621.0
vertex 472.33441162109375 -139.19090270996094 622.4984741210938
endloop
endfacet
facet normal -0.5370799012759176 -0.8435313743568824 1.1001793741453961e-05
outer loop
vertex 472.33441162109375 -139.19090270996094 621.0
vertex 472.04010009765625 -139.0034942626953 622.4635009765625
vertex 471.9921875 -138.97300720214844 621.0
endloop
endfacet
facet normal -0.6756326552636084 -0.7372384384589875 -0.0
outer loop
vertex 472.9552917480469 -139.71200561523438 621.0
vertex 472.65618896484375 -139.43789672851562 622.4915161132812
vertex 472.65618896484375 -139.43789672851562 621.0
endloop
endfacet
facet normal -0.7934901114571487 -0.6085831438839906 0.0
outer loop
vertex 473.4762878417969 -140.33290100097656 621.0
vertex 473.4762878417969 -140.33290100097656 622.4896240234375
vertex 473.2294006347656 -140.01100158691406 621.0
endloop
endfacet
facet normal -0.8433081751771211 -0.5374302946891483 5.456152271155291e-06
outer loop
vertex 473.4762878417969 -140.33290100097656 621.0
vertex 473.6943054199219 -140.6750030517578 621.0
vertex 473.4840087890625 -140.34500122070312 622.4869995117188
endloop
endfacet
facet normal -0.7371182248739571 -0.6757638066667907 -1.256483226999401e-05
outer loop
vertex 472.9552917480469 -139.71200561523438 621.0
vertex 473.2294006347656 -140.01100158691406 621.0
vertex 473.1796875 -139.95680236816406 622.4793090820312
endloop
endfacet
facet normal 0.0 0.0 -1.0
outer loop
vertex 472.9552917480469 -139.71200561523438 621.0
vertex 472.65618896484375 -139.43789672851562 621.0
vertex 475.3240966796875 -137.3430938720703 621.0
endloop
endfacet
facet normal 0.0 -0.0 -1.0
outer loop
vertex 472.9552917480469 -139.71200561523438 621.0
vertex 475.3240966796875 -137.3430938720703 621.0
vertex 473.2294006347656 -140.01100158691406 621.0
endloop
endfacet
facet normal -0.7371560475050588 -0.6757225478158321 0.0
outer loop
vertex 472.9552917480469 -139.71200561523438 621.0
vertex 473.1796875 -139.95680236816406 622.4793090820312
vertex 472.9552917480469 -139.71200561523438 622.493896484375
endloop
endfacet
facet normal -0.6806607705938721 -0.732598741040794 0.0
outer loop
vertex 472.9552917480469 -139.71200561523438 621.0
vertex 472.9552917480469 -139.71200561523438 622.493896484375
vertex 472.9512023925781 -139.7082061767578 622.4931030273438
endloop
endfacet
facet normal -0.5376094445125812 -0.8431939669697247 -0.00013869654930047712
outer loop
vertex 472.33441162109375 -139.19090270996094 621.0
vertex 472.1070861816406 -139.04620361328125 622.462890625
vertex 472.04010009765625 -139.0034942626953 622.4635009765625
endloop
endfacet
facet normal -0.5369744156234628 -0.8435985283094326 0.0
outer loop
vertex 472.33441162109375 -139.19090270996094 621.0
vertex 472.33441162109375 -139.19090270996094 622.4984741210938
vertex 472.1070861816406 -139.04620361328125 622.462890625
endloop
endfacet
facet normal -0.4623069788318392 -0.886719943005331 0.0
outer loop
vertex 471.8815002441406 -138.91529846191406 622.4755249023438
vertex 471.9921875 -138.97300720214844 621.0
vertex 471.9921875 -138.97300720214844 622.4727783203125
endloop
endfacet
facet normal -0.5368407202131618 -0.843683614349013 0.0
outer loop
vertex 471.9921875 -138.97300720214844 621.0
vertex 472.04010009765625 -139.0034942626953 622.4635009765625
vertex 471.9921875 -138.97300720214844 622.4727783203125
endloop
endfacet
facet normal -0.608787324600839 -0.7933334683946625 3.64725644771007e-05
outer loop
vertex 472.65618896484375 -139.43789672851562 621.0
vertex 472.64520263671875 -139.4293975830078 622.4893188476562
vertex 472.33441162109375 -139.19090270996094 622.4984741210938
endloop
endfacet
facet normal -0.6118851169718744 -0.7909466503047569 0.0
outer loop
vertex 472.65618896484375 -139.43789672851562 621.0
vertex 472.65618896484375 -139.43789672851562 622.4915161132812
vertex 472.64520263671875 -139.4293975830078 622.4893188476562
endloop
endfacet
facet normal -0.675562361974816 -0.7373028512154511 2.5934032451014345e-05
outer loop
vertex 472.9552917480469 -139.71200561523438 621.0
vertex 472.9512023925781 -139.7082061767578 622.4931030273438
vertex 472.65618896484375 -139.43789672851562 622.4915161132812
endloop
endfacet
facet normal -0.5219379616549535 -0.6984121645305783 0.4896950200065185
outer loop
vertex 472.1070861816406 -139.04620361328125 622.462890625
vertex 472.7825012207031 -139.35260009765625 622.7457885742188
vertex 472.0733947753906 -138.98289489746094 622.5172729492188
endloop
endfacet
facet normal -0.5218002370136482 -0.6997827238654929 0.48788180129196473
outer loop
vertex 472.33441162109375 -139.19090270996094 622.4984741210938
vertex 472.7825012207031 -139.35260009765625 622.7457885742188
vertex 472.1070861816406 -139.04620361328125 622.462890625
endloop
endfacet
facet normal -0.38202416609820083 -0.7579030125487185 0.5288105143494702
outer loop
vertex 471.8815002441406 -138.91529846191406 622.4755249023438
vertex 471.9921875 -138.97300720214844 622.4727783203125
vertex 472.0733947753906 -138.98289489746094 622.5172729492188
endloop
endfacet
facet normal -0.3812466470448807 -0.7595336175267926 0.5270291054236946
outer loop
vertex 472.04010009765625 -139.0034942626953 622.4635009765625
vertex 472.0733947753906 -138.98289489746094 622.5172729492188
vertex 471.9921875 -138.97300720214844 622.4727783203125
endloop
endfacet
facet normal -0.4463164022482812 -0.7078347860086255 0.5475140042047089
outer loop
vertex 472.04010009765625 -139.0034942626953 622.4635009765625
vertex 472.1070861816406 -139.04620361328125 622.462890625
vertex 472.0733947753906 -138.98289489746094 622.5172729492188
endloop
endfacet
facet normal -0.5891883883705599 -0.6312004754898588 0.5044234359649427
outer loop
vertex 472.64520263671875 -139.4293975830078 622.4893188476562
vertex 472.65618896484375 -139.43789672851562 622.4915161132812
vertex 472.7825012207031 -139.35260009765625 622.7457885742188
endloop
endfacet
facet normal -0.5220088874345112 -0.6990106086848514 0.48876465746350484
outer loop
vertex 472.33441162109375 -139.19090270996094 622.4984741210938
vertex 472.64520263671875 -139.4293975830078 622.4893188476562
vertex 472.7825012207031 -139.35260009765625 622.7457885742188
endloop
endfacet
facet normal -0.5850307140758567 -0.6355397798684772 0.5038137074282723
outer loop
vertex 472.9512023925781 -139.7082061767578 622.4931030273438
vertex 472.7825012207031 -139.35260009765625 622.7457885742188
vertex 472.65618896484375 -139.43789672851562 622.4915161132812
endloop
endfacet
facet normal -0.8432814128211816 -0.5374722862118945 1.8559931074944008e-05
outer loop
vertex 473.6943054199219 -140.6750030517578 621.0
vertex 473.619384765625 -140.55740356445312 622.4692993164062
vertex 473.4840087890625 -140.34500122070312 622.4869995117188
endloop
endfacet
facet normal -0.8430042627188474 -0.5379068813817615 0.0
outer loop
vertex 473.4762878417969 -140.33290100097656 621.0
vertex 473.4840087890625 -140.34500122070312 622.4869995117188
vertex 473.4762878417969 -140.33290100097656 622.4896240234375
endloop
endfacet
facet normal -0.7934901114571487 -0.6085831438839905 0.0
outer loop
vertex 473.2294006347656 -140.01100158691406 621.0
vertex 473.4762878417969 -140.33290100097656 622.4896240234375
vertex 473.2294006347656 -140.01100158691406 622.49169921875
endloop
endfacet
facet normal -0.7369474147017872 -0.6759500780119433 0.0
outer loop
vertex 473.2294006347656 -140.01100158691406 621.0
vertex 473.2294006347656 -140.01100158691406 622.49169921875
vertex 473.1796875 -139.95680236816406 622.4793090820312
endloop
endfacet
facet normal -0.8433865116551439 -0.5373073533445901 0.0
outer loop
vertex 473.6943054199219 -140.6750030517578 621.0
vertex 473.6943054199219 -140.6750030517578 622.4810791015625
vertex 473.619384765625 -140.55740356445312 622.4692993164062
endloop
endfacet
facet normal -0.8870631736146325 -0.4616480542759128 0.0
outer loop
vertex 473.6943054199219 -140.6750030517578 621.0
vertex 473.73260498046875 -140.74859619140625 622.4763793945312
vertex 473.6943054199219 -140.6750030517578 622.4810791015625
endloop
endfacet
facet normal -0.6990693164186637 -0.4890297398570538 0.5216818996067286
outer loop
vertex 473.4840087890625 -140.34500122070312 622.4869995117188
vertex 473.619384765625 -140.55740356445312 622.4692993164062
vertex 473.6842956542969 -140.51730346679688 622.5938720703125
endloop
endfacet
facet normal -0.7084482132911287 -0.5465464271842466 0.44652898228081717
outer loop
vertex 473.4840087890625 -140.34500122070312 622.4869995117188
vertex 473.6842956542969 -140.51730346679688 622.5938720703125
vertex 473.4148864746094 -139.81199645996094 623.0297241210938
endloop
endfacet
facet normal -0.7079250654785446 -0.5472626443292625 0.4464814663442833
outer loop
vertex 473.1796875 -139.95680236816406 622.4793090820312
vertex 473.2294006347656 -140.01100158691406 622.49169921875
vertex 473.4148864746094 -139.81199645996094 623.0297241210938
endloop
endfacet
facet normal -0.6538973244155944 -0.6104542400933352 0.4469495607719011
outer loop
vertex 472.9512023925781 -139.7082061767578 622.4931030273438
vertex 472.9552917480469 -139.71200561523438 622.493896484375
vertex 473.4148864746094 -139.81199645996094 623.0297241210938
endloop
endfacet
facet normal -0.6485717258392903 -0.6207674858093006 0.44045708644979725
outer loop
vertex 472.9552917480469 -139.71200561523438 622.493896484375
vertex 473.1796875 -139.95680236816406 622.4793090820312
vertex 473.4148864746094 -139.81199645996094 623.0297241210938
endloop
endfacet
facet normal -0.7086467381691337 -0.5463886791759911 0.44640700235386455
outer loop
vertex 473.4762878417969 -140.33290100097656 622.4896240234375
vertex 473.4148864746094 -139.81199645996094 623.0297241210938
vertex 473.2294006347656 -140.01100158691406 622.49169921875
endloop
endfacet
facet normal -0.7063640514451273 -0.547920503819428 0.44814389242774444
outer loop
vertex 473.4762878417969 -140.33290100097656 622.4896240234375
vertex 473.4840087890625 -140.34500122070312 622.4869995117188
vertex 473.4148864746094 -139.81199645996094 623.0297241210938
endloop
endfacet
facet normal -0.7429671933255272 -0.41994134956513857 0.5211995899532145
outer loop
vertex 473.73260498046875 -140.74859619140625 622.4763793945312
vertex 473.6842956542969 -140.51730346679688 622.5938720703125
vertex 473.6943054199219 -140.6750030517578 622.4810791015625
endloop
endfacet
facet normal -0.7420822815599692 -0.42047732948690486 0.52202749236253
outer loop
vertex 473.6943054199219 -140.6750030517578 622.4810791015625
vertex 473.6842956542969 -140.51730346679688 622.5938720703125
vertex 473.619384765625 -140.55740356445312 622.4692993164062
endloop
endfacet
facet normal -0.8016543386673474 -0.3952535495933019 0.44846956733953874
outer loop
vertex 473.73260498046875 -140.74859619140625 622.4763793945312
vertex 474.1400146484375 -140.966796875 623.0123291015625
vertex 473.6842956542969 -140.51730346679688 622.5938720703125
endloop
endfacet
facet normal -0.852152991819444 -0.4271199759498038 0.3023306214689633
outer loop
vertex 474.1400146484375 -140.966796875 623.0123291015625
vertex 474.38958740234375 -140.9532012939453 623.7349853515625
vertex 473.9549865722656 -140.35000610351562 623.3621826171875
endloop
endfacet
facet normal -0.4484936308553121 -0.801713087080083 0.39510706028460496
outer loop
vertex 472.0733947753906 -138.98289489746094 622.5172729492188
vertex 472.4027099609375 -138.8477020263672 623.1654052734375
vertex 471.6549987792969 -138.5272979736328 622.966796875
endloop
endfacet
facet normal -0.5222939667595687 -0.7420719829192137 0.4201644730970253
outer loop
vertex 472.0733947753906 -138.98289489746094 622.5172729492188
vertex 472.7825012207031 -139.35260009765625 622.7457885742188
vertex 472.4027099609375 -138.8477020263672 623.1654052734375
endloop
endfacet
facet normal -0.5856235475347255 -0.7312246722585746 0.3497935666263512
outer loop
vertex 472.7825012207031 -139.35260009765625 622.7457885742188
vertex 473.0985107421875 -139.27780151367188 623.4312133789062
vertex 472.4027099609375 -138.8477020263672 623.1654052734375
endloop
endfacet
facet normal -0.4450714187758836 -0.8295087666774428 0.3373820359682625
outer loop
vertex 471.6549987792969 -138.5272979736328 622.966796875
vertex 472.4027099609375 -138.8477020263672 623.1654052734375
vertex 471.9668884277344 -138.4279022216797 623.6226196289062
endloop
endfacet
facet normal -0.5084105360268053 -0.8186605721785182 0.26704605298951334
outer loop
vertex 472.4027099609375 -138.8477020263672 623.1654052734375
vertex 472.69488525390625 -138.7989959716797 623.8709716796875
vertex 471.9668884277344 -138.4279022216797 623.6226196289062
endloop
endfacet
facet normal -0.5812143674045762 -0.7591382578405177 0.29308525142927677
outer loop
vertex 472.4027099609375 -138.8477020263672 623.1654052734375
vertex 473.0985107421875 -139.27780151367188 623.4312133789062
vertex 472.69488525390625 -138.7989959716797 623.8709716796875
endloop
endfacet
facet normal -0.7595458228004787 -0.5263157156031898 0.38220663334830524
outer loop
vertex 473.6842956542969 -140.51730346679688 622.5938720703125
vertex 473.9549865722656 -140.35000610351562 623.3621826171875
vertex 473.4148864746094 -139.81199645996094 623.0297241210938
endloop
endfacet
facet normal -0.8026396373144954 -0.457712403759024 0.38245126232866794
outer loop
vertex 473.6842956542969 -140.51730346679688 622.5938720703125
vertex 474.1400146484375 -140.966796875 623.0123291015625
vertex 473.9549865722656 -140.35000610351562 623.3621826171875
endloop
endfacet
facet normal -0.7600352695418182 -0.5692873604708836 0.31346178437026406
outer loop
vertex 473.4148864746094 -139.81199645996094 623.0297241210938
vertex 473.9549865722656 -140.35000610351562 623.3621826171875
vertex 473.6881103515625 -139.78379821777344 623.743408203125
endloop
endfacet
facet normal -0.6486555658506297 -0.6206919005037084 0.4404401452412054
outer loop
vertex 472.9512023925781 -139.7082061767578 622.4931030273438
vertex 473.4148864746094 -139.81199645996094 623.0297241210938
vertex 472.7825012207031 -139.35260009765625 622.7457885742188
endloop
endfacet
facet normal -0.6490649351464005 -0.6637536157775393 0.3716797647244758
outer loop
vertex 472.7825012207031 -139.35260009765625 622.7457885742188
vertex 473.4148864746094 -139.81199645996094 623.0297241210938
vertex 473.0985107421875 -139.27780151367188 623.4312133789062
endloop
endfacet
facet normal -0.7075014965197076 -0.6416401216786934 0.2962086877094011
outer loop
vertex 473.4148864746094 -139.81199645996094 623.0297241210938
vertex 473.6881103515625 -139.78379821777344 623.743408203125
vertex 473.0985107421875 -139.27780151367188 623.4312133789062
endloop
endfacet
facet normal -0.5001433313442872 -0.839777580165118 0.21125876067954502
outer loop
vertex 472.69488525390625 -138.7989959716797 623.8709716796875
vertex 472.23480224609375 -138.4158935546875 624.3046264648438
vertex 471.9668884277344 -138.4279022216797 623.6226196289062
endloop
endfacet
facet normal -0.5572327792977001 -0.8196503960380814 0.13290920942800344
outer loop
vertex 472.69488525390625 -138.7989959716797 623.8709716796875
vertex 472.9302062988281 -138.84559631347656 624.5701904296875
vertex 472.23480224609375 -138.4158935546875 624.3046264648438
endloop
endfacet
facet normal -0.6304872276106285 -0.7591928812097235 0.1615921561844583
outer loop
vertex 472.69488525390625 -138.7989959716797 623.8709716796875
vertex 473.34429931640625 -139.27920532226562 624.148681640625
vertex 472.9302062988281 -138.84559631347656 624.5701904296875
endloop
endfacet
facet normal -0.851608670380622 -0.4694190904825544 0.23325606106397415
outer loop
vertex 473.9549865722656 -140.35000610351562 623.3621826171875
vertex 474.38958740234375 -140.9532012939453 623.7349853515625
vertex 474.1202087402344 -140.24789428710938 624.1708984375
endloop
endfacet
facet normal -0.8095159417694348 -0.5387077097770376 0.23340510587372407
outer loop
vertex 473.9549865722656 -140.35000610351562 623.3621826171875
vertex 474.1202087402344 -140.24789428710938 624.1708984375
vertex 473.6881103515625 -139.78379821777344 623.743408203125
endloop
endfacet
facet normal -0.7916633786466102 -0.5896069121800035 0.16010241728154986
outer loop
vertex 473.6881103515625 -139.78379821777344 623.743408203125
vertex 474.1202087402344 -140.24789428710938 624.1708984375
vertex 473.80230712890625 -139.71270751953125 624.5698852539062
endloop
endfacet
facet normal -0.6387324683525903 -0.7380857335580819 0.21737130397142027
outer loop
vertex 473.0985107421875 -139.27780151367188 623.4312133789062
vertex 473.34429931640625 -139.27920532226562 624.148681640625
vertex 472.69488525390625 -138.7989959716797 623.8709716796875
endloop
endfacet
facet normal -0.7021863999403867 -0.670595169984116 0.23924125424502785
outer loop
vertex 473.0985107421875 -139.27780151367188 623.4312133789062
vertex 473.6881103515625 -139.78379821777344 623.743408203125
vertex 473.34429931640625 -139.27920532226562 624.148681640625
endloop
endfacet
facet normal -0.7518318531719822 -0.6399151150163624 0.15892611531645276
outer loop
vertex 473.6881103515625 -139.78379821777344 623.743408203125
vertex 473.80230712890625 -139.71270751953125 624.5698852539062
vertex 473.34429931640625 -139.27920532226562 624.148681640625
endloop
endfacet
facet normal -0.13023305790116782 -0.991483408698275 -3.0095853616905194e-05
outer loop
vertex 470.4747009277344 -138.42059326171875 621.0
vertex 470.3511047363281 -138.40440368652344 622.482421875
vertex 470.1672058105469 -138.3802032470703 621.0
endloop
endfacet
facet normal -0.2164485741872041 -0.976294020634482 2.384147409609772e-06
outer loop
vertex 470.87078857421875 -138.50840759277344 621.0
vertex 470.6412048339844 -138.45750427246094 622.4822998046875
vertex 470.4747009277344 -138.42059326171875 621.0
endloop
endfacet
facet normal 0.0 0.0 -1.0
outer loop
vertex 470.4747009277344 -138.42059326171875 621.0
vertex 470.1672058105469 -138.3802032470703 621.0
vertex 470.1672058105469 -135.0218048095703 621.0
endloop
endfacet
facet normal 0.0 0.0 -1.0
outer loop
vertex 470.87078857421875 -138.50840759277344 621.0
vertex 470.4747009277344 -138.42059326171875 621.0
vertex 471.73779296875 -135.27259826660156 621.0
endloop
endfacet
facet normal 0.0 -0.0 -0.9999999999999999
outer loop
vertex 470.87078857421875 -138.50840759277344 621.0
vertex 471.73779296875 -135.27259826660156 621.0
vertex 471.2575988769531 -138.63040161132812 621.0
endloop
endfacet
facet normal 0.0 0.0 -1.0
outer loop
vertex 470.4747009277344 -138.42059326171875 621.0
vertex 471.056396484375 -135.1215057373047 621.0
vertex 471.73779296875 -135.27259826660156 621.0
endloop
endfacet
facet normal 0.0 0.0 -1.0
outer loop
vertex 471.2575988769531 -138.63040161132812 621.0
vertex 471.73779296875 -135.27259826660156 621.0
vertex 472.4034118652344 -135.4824981689453 621.0
endloop
endfacet
facet normal -0.1304715366608026 -0.9914520553820889 -0.0
outer loop
vertex 470.3511047363281 -138.40440368652344 622.482421875
vertex 470.1672058105469 -138.3802032470703 622.4962768554688
vertex 470.1672058105469 -138.3802032470703 621.0
endloop
endfacet
facet normal -0.12987818337886825 -0.9915299579348095 0.0
outer loop
vertex 470.4747009277344 -138.42059326171875 621.0
vertex 470.4747009277344 -138.42059326171875 622.4953002929688
vertex 470.3511047363281 -138.40440368652344 622.482421875
endloop
endfacet
facet normal -0.21642834357771312 -0.9762985056304282 0.0
outer loop
vertex 470.4747009277344 -138.42059326171875 621.0
vertex 470.6412048339844 -138.45750427246094 622.4822998046875
vertex 470.4747009277344 -138.42059326171875 622.4953002929688
endloop
endfacet
facet normal -0.07849581785180124 -0.8725451203750321 0.48218608388204004
outer loop
vertex 470.3511047363281 -138.40440368652344 622.482421875
vertex 470.1672058105469 -138.2238006591797 622.779296875
vertex 470.1672058105469 -138.3802032470703 622.4962768554688
endloop
endfacet
facet normal -0.16147692287364923 -0.884366055765664 0.4379747513142053
outer loop
vertex 470.3511047363281 -138.40440368652344 622.482421875
vertex 470.4747009277344 -138.42059326171875 622.4953002929688
vertex 470.1672058105469 -138.2238006591797 622.779296875
endloop
endfacet
facet normal -0.16066067563003736 -0.8841506284477563 0.43870925853181814
outer loop
vertex 470.4747009277344 -138.42059326171875 622.4953002929688
vertex 470.1672058105469 -138.17010498046875 622.8875122070312
vertex 470.1672058105469 -138.2238006591797 622.779296875
endloop
endfacet
facet normal -0.16187841337490352 -0.8844056557807377 0.43774651946790744
outer loop
vertex 470.4747009277344 -138.42059326171875 622.4953002929688
vertex 470.6412048339844 -138.45750427246094 622.4822998046875
vertex 470.93218994140625 -138.27769470214844 622.9531860351562
endloop
endfacet
facet normal -0.21646324611344517 -0.9762907676927146 0.0
outer loop
vertex 470.87078857421875 -138.50840759277344 621.0
vertex 470.87078857421875 -138.50840759277344 622.5040283203125
vertex 470.6412048339844 -138.45750427246094 622.4822998046875
endloop
endfacet
facet normal -0.2332485525682248 -0.8516526658011574 0.4693429977730682
outer loop
vertex 470.87078857421875 -138.50840759277344 622.5040283203125
vertex 470.93218994140625 -138.27769470214844 622.9531860351562
vertex 470.6412048339844 -138.45750427246094 622.4822998046875
endloop
endfacet
facet normal -0.23325122468425 -0.851651938527976 0.46934298949152126
outer loop
vertex 470.87078857421875 -138.50840759277344 622.5040283203125
vertex 471.2264099121094 -138.62060546875 622.4771728515625
vertex 470.93218994140625 -138.27769470214844 622.9531860351562
endloop
endfacet
facet normal 0.0 0.0 -1.0
outer loop
vertex 470.4747009277344 -138.42059326171875 621.0
vertex 470.1672058105469 -135.0218048095703 621.0
vertex 470.364501953125 -135.0303955078125 621.0
endloop
endfacet
facet normal 0.0 0.0 -1.0
outer loop
vertex 470.4747009277344 -138.42059326171875 621.0
vertex 470.364501953125 -135.0303955078125 621.0
vertex 471.056396484375 -135.1215057373047 621.0
endloop
endfacet
facet normal 0.04350093244724621 0.9990533863994556 -0.0
outer loop
vertex 470.364501953125 -135.0303955078125 621.0
vertex 470.1672058105469 -135.0218048095703 621.0
vertex 470.1672058105469 -135.0218048095703 626.0
endloop
endfacet
facet normal 0.0 -0.0 -1.0
outer loop
vertex 471.2575988769531 -138.63040161132812 621.0
vertex 473.0481872558594 -135.74949645996094 621.0
vertex 471.63238525390625 -138.78570556640625 621.0
endloop
endfacet
facet normal 0.0 -0.0 -1.0
outer loop
vertex 471.63238525390625 -138.78570556640625 621.0
vertex 473.0481872558594 -135.74949645996094 621.0
vertex 471.9921875 -138.97300720214844 621.0
endloop
endfacet
facet normal 0.0 0.0 -1.0
outer loop
vertex 472.33441162109375 -139.19090270996094 621.0
vertex 471.9921875 -138.97300720214844 621.0
vertex 474.2558898925781 -136.44679260253906 621.0
endloop
endfacet
facet normal 0.0 0.0 -1.0
outer loop
vertex 471.2575988769531 -138.63040161132812 621.0
vertex 472.4034118652344 -135.4824981689453 621.0
vertex 473.0481872558594 -135.74949645996094 621.0
endloop
endfacet
facet normal 0.0 0.0 -1.0
outer loop
vertex 471.9921875 -138.97300720214844 621.0
vertex 473.0481872558594 -135.74949645996094 621.0
vertex 473.6672058105469 -136.07179260253906 621.0
endloop
endfacet
facet normal 0.0 -0.0 -0.9999999999999999
outer loop
vertex 472.33441162109375 -139.19090270996094 621.0
vertex 474.2558898925781 -136.44679260253906 621.0
vertex 472.65618896484375 -139.43789672851562 621.0
endloop
endfacet
facet normal 0.0 0.0 -1.0
outer loop
vertex 472.65618896484375 -139.43789672851562 621.0
vertex 474.2558898925781 -136.44679260253906 621.0
vertex 474.80950927734375 -136.87159729003906 621.0
endloop
endfacet
facet normal 0.0 0.0 -1.0
outer loop
vertex 471.9921875 -138.97300720214844 621.0
vertex 473.6672058105469 -136.07179260253906 621.0
vertex 474.2558898925781 -136.44679260253906 621.0
endloop
endfacet
facet normal -0.15987202832282188 -0.9228886887852947 0.3503104375723141
outer loop
vertex 470.93218994140625 -138.27769470214844 622.9531860351562
vertex 470.1672058105469 -138.1309051513672 622.9907836914062
vertex 470.1672058105469 -138.17010498046875 622.8875122070312
endloop
endfacet
facet normal -0.1619649545262548 -0.8843548565968856 0.4378171320526528
outer loop
vertex 470.4747009277344 -138.42059326171875 622.4953002929688
vertex 470.93218994140625 -138.27769470214844 622.9531860351562
vertex 470.1672058105469 -138.17010498046875 622.8875122070312
endloop
endfacet
facet normal -0.15983763594984238 -0.9227840488333595 0.3506016676410391
outer loop
vertex 470.5282897949219 -137.9593963623047 623.6068115234375
vertex 470.1672058105469 -138.1309051513672 622.9907836914062
vertex 470.93218994140625 -138.27769470214844 622.9531860351562
endloop
endfacet
facet normal -0.0815794026219717 -0.9467680766154218 0.3114081087090974
outer loop
vertex 470.5282897949219 -137.9593963623047 623.6068115234375
vertex 470.1672058105469 -137.93089294433594 623.598876953125
vertex 470.1672058105469 -138.1309051513672 622.9907836914062
endloop
endfacet
facet normal -0.30232478855655226 -0.8521949650536087 0.4270403537858158
outer loop
vertex 471.2264099121094 -138.62060546875 622.4771728515625
vertex 471.6549987792969 -138.5272979736328 622.966796875
vertex 470.93218994140625 -138.27769470214844 622.9531860351562
endloop
endfacet
facet normal -0.3123533796346421 -0.8858084709081226 0.34318904280036466
outer loop
vertex 471.6549987792969 -138.5272979736328 622.966796875
vertex 471.2638854980469 -138.14390563964844 623.6004028320312
vertex 470.93218994140625 -138.27769470214844 622.9531860351562
endloop
endfacet
facet normal -0.22892322592236553 -0.9233685966378543 0.30819570304651756
outer loop
vertex 470.5282897949219 -137.9593963623047 623.6068115234375
vertex 470.93218994140625 -138.27769470214844 622.9531860351562
vertex 471.2638854980469 -138.14390563964844 623.6004028320312
endloop
endfacet
facet normal -0.36482844713284723 -0.879097776590147 0.3067365373686276
outer loop
vertex 471.6549987792969 -138.5272979736328 622.966796875
vertex 471.9668884277344 -138.4279022216797 623.6226196289062
vertex 471.2638854980469 -138.14390563964844 623.6004028320312
endloop
endfacet
facet normal -0.08158379459798419 -0.9712294537429976 0.22373518418226615
outer loop
vertex 470.5282897949219 -137.9593963623047 623.6068115234375
vertex 470.1672058105469 -137.79449462890625 624.1909790039062
vertex 470.1672058105469 -137.93089294433594 623.598876953125
endloop
endfacet
facet normal -0.15048729894294238 -0.971842297339955 0.18131773757097233
outer loop
vertex 470.5282897949219 -137.9593963623047 623.6068115234375
vertex 470.8338928222656 -137.8780975341797 624.2962036132812
vertex 470.1672058105469 -137.79449462890625 624.1909790039062
endloop
endfacet
facet normal -0.1503617997880507 -0.9720387018211398 0.18036654713768654
outer loop
vertex 470.8338928222656 -137.8780975341797 624.2962036132812
vertex 470.1672058105469 -137.77520751953125 624.294921875
vertex 470.1672058105469 -137.79449462890625 624.1909790039062
endloop
endfacet
facet normal -0.15213900704521388 -0.9847499549996154 0.0843874911556933
outer loop
vertex 470.8338928222656 -137.8780975341797 624.2962036132812
vertex 470.1672058105469 -137.76210021972656 624.4478759765625
vertex 470.1672058105469 -137.77520751953125 624.294921875
endloop
endfacet
facet normal -0.23576372146906677 -0.9474462158699509 0.2162432326635141
outer loop
vertex 470.5282897949219 -137.9593963623047 623.6068115234375
vertex 471.2638854980469 -138.14390563964844 623.6004028320312
vertex 470.8338928222656 -137.8780975341797 624.2962036132812
endloop
endfacet
facet normal -0.3716466144521782 -0.9031598856740014 0.21489768466774745
outer loop
vertex 471.2638854980469 -138.14390563964844 623.6004028320312
vertex 471.9668884277344 -138.4279022216797 623.6226196289062
vertex 471.5658874511719 -138.1011962890625 624.3021850585938
endloop
endfacet
facet normal -0.2880704036620943 -0.9403109105656557 0.18119280892227868
outer loop
vertex 471.2638854980469 -138.14390563964844 623.6004028320312
vertex 471.5658874511719 -138.1011962890625 624.3021850585938
vertex 470.8338928222656 -137.8780975341797 624.2962036132812
endloop
endfacet
facet normal 0.21648135571533744 0.9762867522545051 0.0
outer loop
vertex 471.73779296875 -135.27259826660156 621.0
vertex 471.056396484375 -135.1215057373047 621.0
vertex 471.73779296875 -135.27259826660156 630.0
endloop
endfacet
facet normal 0.13055518857484888 0.9914410434999076 0.0
outer loop
vertex 470.364501953125 -135.0303955078125 621.0
vertex 471.056396484375 -135.1215057373047 630.0
vertex 471.056396484375 -135.1215057373047 621.0
endloop
endfacet
facet normal -0.4192589097504348 -0.8897698640266922 0.18036506220662119
outer loop
vertex 471.5658874511719 -138.1011962890625 624.3021850585938
vertex 471.9668884277344 -138.4279022216797 623.6226196289062
vertex 472.23480224609375 -138.4158935546875 624.3046264648438
endloop
endfacet
facet normal 0.5372658536543654 0.8434129489740161 0.0
outer loop
vertex 473.6672058105469 -136.07179260253906 621.0
vertex 474.2558898925781 -136.44679260253906 630.0
vertex 474.2558898925781 -136.44679260253906 621.0
endloop
endfacet
facet normal 0.30074629170361483 0.9537041826617538 0.0
outer loop
vertex 471.73779296875 -135.27259826660156 621.0
vertex 472.4034118652344 -135.4824981689453 630.0
vertex 472.4034118652344 -135.4824981689453 621.0
endloop
endfacet
facet normal 0.38258996186619626 0.9239182437203103 0.0
outer loop
vertex 472.4034118652344 -135.4824981689453 621.0
vertex 473.0481872558594 -135.74949645996094 630.0
vertex 473.0481872558594 -135.74949645996094 621.0
endloop
endfacet
facet normal 0.4618111579158362 0.8869782716754874 0.0
outer loop
vertex 473.0481872558594 -135.74949645996094 621.0
vertex 473.6672058105469 -136.07179260253906 630.0
vertex 473.6672058105469 -136.07179260253906 621.0
endloop
endfacet
facet normal -0.9914388828442754 -0.13057159562667264 0.0
outer loop
vertex 474.287109375 -142.5 621.0
vertex 474.287109375 -142.5 621.5516967773438
vertex 474.2466125488281 -142.1925048828125 621.0
endloop
endfacet
facet normal -0.9762931579615659 -0.21645246526069628 0.0
outer loop
vertex 474.1588134765625 -141.79649353027344 621.0
vertex 474.2466125488281 -142.1925048828125 621.0
vertex 474.2466125488281 -142.1925048828125 622.4718017578125
endloop
endfacet
facet normal -0.9914282621047112 -0.1306522062987148 -4.5708975157571896e-05
outer loop
vertex 474.2466125488281 -142.1925048828125 621.0
vertex 474.287109375 -142.5 621.5516967773438
vertex 474.2497863769531 -142.21710205078125 622.4669189453125
endloop
endfacet
facet normal 0.0 0.0 -1.0
outer loop
vertex 474.1588134765625 -141.79649353027344 621.0
vertex 474.03680419921875 -141.40960693359375 621.0
vertex 477.184814453125 -140.2637939453125 621.0
endloop
endfacet
facet normal 0.0 0.0 -1.0
outer loop
vertex 474.03680419921875 -141.40960693359375 621.0
vertex 473.881591796875 -141.03480529785156 621.0
vertex 477.184814453125 -140.2637939453125 621.0
endloop
endfacet
facet normal 0.0 -1.0 0.0
outer loop
vertex 474.287109375 -142.5 621.0
vertex 477.6453857421875 -142.5 621.0
vertex 474.287109375 -142.5 621.5516967773438
endloop
endfacet
facet normal 0.0 0.0 -1.0
outer loop
vertex 474.287109375 -142.5 621.0
vertex 474.2466125488281 -142.1925048828125 621.0
vertex 477.6453857421875 -142.5 621.0
endloop
endfacet
facet normal 0.0 -1.0 0.0
outer loop
vertex 474.287109375 -142.5 621.5516967773438
vertex 477.6453857421875 -142.5 621.0
vertex 474.287109375 -142.5 622.4791870117188
endloop
endfacet
facet normal 0.0 -0.0 -1.0
outer loop
vertex 474.1588134765625 -141.79649353027344 621.0
vertex 477.5456848144531 -141.6107940673828 621.0
vertex 474.2466125488281 -142.1925048828125 621.0
endloop
endfacet
facet normal 0.0 0.0 -1.0
outer loop
vertex 474.1588134765625 -141.79649353027344 621.0
vertex 477.39471435546875 -140.9293975830078 621.0
vertex 477.5456848144531 -141.6107940673828 621.0
endloop
endfacet
facet normal 0.0 0.0 -1.0
outer loop
vertex 474.1588134765625 -141.79649353027344 621.0
vertex 477.184814453125 -140.2637939453125 621.0
vertex 477.39471435546875 -140.9293975830078 621.0
endloop
endfacet
facet normal -0.9914155106316316 -0.13074893987723607 0.0
outer loop
vertex 474.287109375 -142.5 621.5516967773438
vertex 474.287109375 -142.5 622.4791870117188
vertex 474.2666015625 -142.34449768066406 622.4570922851562
endloop
endfacet
facet normal -0.9917778666340251 -0.1279713376301968 0.0
outer loop
vertex 474.2466125488281 -142.1925048828125 621.0
vertex 474.2497863769531 -142.21710205078125 622.4669189453125
vertex 474.2466125488281 -142.1925048828125 622.4718017578125
endloop
endfacet
facet normal -0.9762931579615659 -0.21645246526069625 0.0
outer loop
vertex 474.1588134765625 -141.79649353027344 621.0
vertex 474.2466125488281 -142.1925048828125 622.4718017578125
vertex 474.1588134765625 -141.79649353027344 622.4915771484375
endloop
endfacet
facet normal -0.9916497216123319 -0.12896019523650848 -0.00031252319320001777
outer loop
vertex 474.287109375 -142.5 621.5516967773438
vertex 474.2666015625 -142.34449768066406 622.4570922851562
vertex 474.26141357421875 -142.30459594726562 622.4536743164062
endloop
endfacet
facet normal -0.9912790297646275 -0.13177932238745946 0.0003087717615741836
outer loop
vertex 474.287109375 -142.5 621.5516967773438
vertex 474.26141357421875 -142.30459594726562 622.4536743164062
vertex 474.2497863769531 -142.21710205078125 622.4669189453125
endloop
endfacet
facet normal -0.8842096497106721 -0.05063456765487239 0.46433763138144935
outer loop
vertex 474.287109375 -142.5 622.4791870117188
vertex 474.32598876953125 -142.5 622.55322265625
vertex 474.2666015625 -142.34449768066406 622.4570922851562
endloop
endfacet
facet normal -0.9018001926469026 -0.08088739279637479 0.4245157738277983
outer loop
vertex 474.2666015625 -142.34449768066406 622.4570922851562
vertex 474.56610107421875 -142.3022003173828 623.1013793945312
vertex 474.26141357421875 -142.30459594726562 622.4536743164062
endloop
endfacet
facet normal -0.9016976757565075 -0.08191852965829467 0.42453581242803906
outer loop
vertex 474.32598876953125 -142.5 622.55322265625
vertex 474.56610107421875 -142.3022003173828 623.1013793945312
vertex 474.2666015625 -142.34449768066406 622.4570922851562
endloop
endfacet
facet normal -0.8895651007276202 -0.18166306932187734 0.41913298702442175
outer loop
vertex 474.26141357421875 -142.30459594726562 622.4536743164062
vertex 474.56610107421875 -142.3022003173828 623.1013793945312
vertex 474.2497863769531 -142.21710205078125 622.4669189453125
endloop
endfacet
facet normal -0.848418782753716 -0.206245941901678 0.48749172353978754
outer loop
vertex 474.2497863769531 -142.21710205078125 622.4669189453125
vertex 474.2394104003906 -141.6226043701172 622.7003784179688
vertex 474.2466125488281 -142.1925048828125 622.4718017578125
endloop
endfacet
facet normal -0.839855826401141 -0.21117375327038337 0.5000478345016162
outer loop
vertex 474.1588134765625 -141.79649353027344 622.4915771484375
vertex 474.2466125488281 -142.1925048828125 622.4718017578125
vertex 474.2394104003906 -141.6226043701172 622.7003784179688
endloop
endfacet
facet normal -0.8397850306245606 -0.21129024454336393 0.5001175210885052
outer loop
vertex 474.1588134765625 -141.79649353027344 622.4915771484375
vertex 474.2394104003906 -141.6226043701172 622.7003784179688
vertex 474.1275939941406 -141.69740295410156 622.4810180664062
endloop
endfacet
facet normal 0.0 -1.0 0.0
outer loop
vertex 474.287109375 -142.5 622.4791870117188
vertex 477.6453857421875 -142.5 621.0
vertex 474.32598876953125 -142.5 622.55322265625
endloop
endfacet
facet normal 0.0 -1.0 0.0
outer loop
vertex 474.32598876953125 -142.5 622.55322265625
vertex 477.6453857421875 -142.5 621.0
vertex 474.55218505859375 -142.5 623.0336303710938
endloop
endfacet
facet normal -0.0 -1.0 0.0
outer loop
vertex 477.6453857421875 -142.5 621.0
vertex 474.6225891113281 -142.5 623.22900390625
vertex 474.55218505859375 -142.5 623.0336303710938
endloop
endfacet
facet normal -0.0 -0.9999999999999999 0.0
outer loop
vertex 477.6453857421875 -142.5 621.0
vertex 474.78228759765625 -142.5 623.7517700195312
vertex 474.6225891113281 -142.5 623.22900390625
endloop
endfacet
facet normal 0.0 -0.0 -1.0
outer loop
vertex 473.4762878417969 -140.33290100097656 621.0
vertex 476.2204895019531 -138.41140747070312 621.0
vertex 473.6943054199219 -140.6750030517578 621.0
endloop
endfacet
facet normal 0.0 0.0 -1.0
outer loop
vertex 473.881591796875 -141.03480529785156 621.0
vertex 473.6943054199219 -140.6750030517578 621.0
vertex 476.9176940917969 -139.6190948486328 621.0
endloop
endfacet
facet normal 0.0 0.0 -1.0
outer loop
vertex 473.4762878417969 -140.33290100097656 621.0
vertex 473.2294006347656 -140.01100158691406 621.0
vertex 476.2204895019531 -138.41140747070312 621.0
endloop
endfacet
facet normal 0.0 0.0 -1.0
outer loop
vertex 473.2294006347656 -140.01100158691406 621.0
vertex 475.79559326171875 -137.85769653320312 621.0
vertex 476.2204895019531 -138.41140747070312 621.0
endloop
endfacet
facet normal 0.0 0.0 -1.0
outer loop
vertex 473.6943054199219 -140.6750030517578 621.0
vertex 476.5954895019531 -139.0 621.0
vertex 476.9176940917969 -139.6190948486328 621.0
endloop
endfacet
facet normal 0.0 0.0 -0.9999999999999999
outer loop
vertex 473.881591796875 -141.03480529785156 621.0
vertex 476.9176940917969 -139.6190948486328 621.0
vertex 477.184814453125 -140.2637939453125 621.0
endloop
endfacet
facet normal 0.0 0.0 -1.0
outer loop
vertex 473.6943054199219 -140.6750030517578 621.0
vertex 476.2204895019531 -138.41140747070312 621.0
vertex 476.5954895019531 -139.0 621.0
endloop
endfacet
facet normal 0.0 0.0 -1.0
outer loop
vertex 474.2466125488281 -142.1925048828125 621.0
vertex 477.6368103027344 -142.30279541015625 621.0
vertex 477.6453857421875 -142.5 621.0
endloop
endfacet
facet normal 0.0 0.0 -1.0
outer loop
vertex 474.2466125488281 -142.1925048828125 621.0
vertex 477.5456848144531 -141.6107940673828 621.0
vertex 477.6368103027344 -142.30279541015625 621.0
endloop
endfacet
facet normal -0.8897277952299177 -0.18022976729870901 0.4194063439848796
outer loop
vertex 474.2497863769531 -142.21710205078125 622.4669189453125
vertex 474.56610107421875 -142.3022003173828 623.1013793945312
vertex 474.2394104003906 -141.6226043701172 622.7003784179688
endloop
endfacet
facet normal -0.9016849696705102 -0.08197730195215677 0.4245514544020976
outer loop
vertex 474.32598876953125 -142.5 622.55322265625
vertex 474.55218505859375 -142.5 623.0336303710938
vertex 474.56610107421875 -142.3022003173828 623.1013793945312
endloop
endfacet
facet normal -0.9396101005066572 -0.04986763380104942 0.3385942677083502
outer loop
vertex 474.55218505859375 -142.5 623.0336303710938
vertex 474.6225891113281 -142.5 623.22900390625
vertex 474.56610107421875 -142.3022003173828 623.1013793945312
endloop
endfacet
facet normal -0.9529914570659941 -0.08439346806404857 0.291006916253473
outer loop
vertex 474.56610107421875 -142.3022003173828 623.1013793945312
vertex 474.6225891113281 -142.5 623.22900390625
vertex 474.7890930175781 -142.29620361328125 623.8333740234375
endloop
endfacet
facet normal -0.9403372223057711 -0.18125479326823926 0.2879454952999866
outer loop
vertex 474.56610107421875 -142.3022003173828 623.1013793945312
vertex 474.7890930175781 -142.29620361328125 623.8333740234375
vertex 474.5232849121094 -141.60040283203125 623.4033203125
endloop
endfacet
facet normal -0.9529294889793648 -0.08474386226183006 0.2911079985889677
outer loop
vertex 474.6225891113281 -142.5 623.22900390625
vertex 474.78228759765625 -142.5 623.7517700195312
vertex 474.7890930175781 -142.29620361328125 623.8333740234375
endloop
endfacet
facet normal -0.9031939485640206 -0.21495127126912175 0.3715328279669534
outer loop
vertex 474.2394104003906 -141.6226043701172 622.7003784179688
vertex 474.56610107421875 -142.3022003173828 623.1013793945312
vertex 474.5232849121094 -141.60040283203125 623.4033203125
endloop
endfacet
facet normal -0.879144284582387 -0.30673283971443116 0.36471947017789413
outer loop
vertex 474.1400146484375 -140.966796875 623.0123291015625
vertex 474.2394104003906 -141.6226043701172 622.7003784179688
vertex 474.5232849121094 -141.60040283203125 623.4033203125
endloop
endfacet
facet normal -0.8858403595349288 -0.343079186640109 0.31238362491236554
outer loop
vertex 474.1400146484375 -140.966796875 623.0123291015625
vertex 474.5232849121094 -141.60040283203125 623.4033203125
vertex 474.38958740234375 -140.9532012939453 623.7349853515625
endloop
endfacet
facet normal -0.0 -1.0 0.0
outer loop
vertex 477.6453857421875 -142.5 621.0
vertex 474.82598876953125 -142.5 623.95947265625
vertex 474.78228759765625 -142.5 623.7517700195312
endloop
endfacet
facet normal -0.0 -0.9999999999999999 0.0
outer loop
vertex 477.6453857421875 -142.5 621.0
vertex 474.90618896484375 -142.5 624.4782104492188
vertex 474.82598876953125 -142.5 623.95947265625
endloop
endfacet
facet normal -0.0 -1.0 0.0
outer loop
vertex 477.6453857421875 -142.5 621.0
vertex 474.9209899902344 -142.5 624.6909790039062
vertex 474.90618896484375 -142.5 624.4782104492188
endloop
endfacet
facet normal -0.9773646186984195 -0.049704876539403024 0.20564004319367277
outer loop
vertex 474.78228759765625 -142.5 623.7517700195312
vertex 474.82598876953125 -142.5 623.95947265625
vertex 474.7890930175781 -142.29620361328125 623.8333740234375
endloop
endfacet
facet normal -0.9847497600112587 -0.08401851165695091 0.15234434632344956
outer loop
vertex 474.82598876953125 -142.5 623.95947265625
vertex 474.9020080566406 -142.29469299316406 624.5640869140625
vertex 474.7890930175781 -142.29620361328125 623.8333740234375
endloop
endfacet
facet normal -0.9718287124732921 -0.18133942317004387 0.15054888646834688
outer loop
vertex 474.7890930175781 -142.29620361328125 623.8333740234375
vertex 474.9020080566406 -142.29469299316406 624.5640869140625
vertex 474.7077941894531 -141.60679626464844 624.1389770507812
endloop
endfacet
facet normal -0.9847873961515415 -0.08373986147679434 0.15225445800013246
outer loop
vertex 474.82598876953125 -142.5 623.95947265625
vertex 474.90618896484375 -142.5 624.4782104492188
vertex 474.9020080566406 -142.29469299316406 624.5640869140625
endloop
endfacet
facet normal -0.9474519016988802 -0.21623310553044853 0.23575016021168174
outer loop
vertex 474.5232849121094 -141.60040283203125 623.4033203125
vertex 474.7890930175781 -142.29620361328125 623.8333740234375
vertex 474.7077941894531 -141.60679626464844 624.1389770507812
endloop
endfacet
facet normal -0.9234108324007821 -0.30806981255815225 0.2289223125762962
outer loop
vertex 474.5232849121094 -141.60040283203125 623.4033203125
vertex 474.7077941894531 -141.60679626464844 624.1389770507812
vertex 474.38958740234375 -140.9532012939453 623.7349853515625
endloop
endfacet
facet normal -0.922826389917863 -0.35049921478360246 0.15981787918515963
outer loop
vertex 474.38958740234375 -140.9532012939453 623.7349853515625
vertex 474.7077941894531 -141.60679626464844 624.1389770507812
vertex 474.506103515625 -140.88209533691406 624.563720703125
endloop
endfacet
facet normal -0.0 -1.0 -0.0
outer loop
vertex 477.6453857421875 -142.5 621.0
vertex 474.9209899902344 -142.5 625.3090209960938
vertex 474.9209899902344 -142.5 624.6909790039062
endloop
endfacet
facet normal -0.0 -1.0 -0.0
outer loop
vertex 477.6453857421875 -142.5 621.0
vertex 474.90618896484375 -142.5 625.5217895507812
vertex 474.9209899902344 -142.5 625.3090209960938
endloop
endfacet
facet normal -0.8843607065613572 -0.43782834798406833 0.1619026818549912
outer loop
vertex 474.1202087402344 -140.24789428710938 624.1708984375
vertex 474.38958740234375 -140.9532012939453 623.7349853515625
vertex 474.506103515625 -140.88209533691406 624.563720703125
endloop
endfacet
facet normal -0.0 -1.0 0.0
outer loop
vertex 477.6453857421875 -142.5 621.0
vertex 477.6453857421875 -142.5 626.0
vertex 474.90618896484375 -142.5 625.5217895507812
endloop
endfacet
facet normal 0.976323703973174 0.2163146436561847 0.0
outer loop
vertex 477.39471435546875 -140.9293975830078 621.0
vertex 477.5456848144531 -141.6107940673828 630.0
vertex 477.5456848144531 -141.6107940673828 621.0
endloop
endfacet
facet normal 0.9990558666254639 0.0434439335378761 -0.0
outer loop
vertex 477.6453857421875 -142.5 621.0
vertex 477.6368103027344 -142.30279541015625 621.0
vertex 477.6368103027344 -142.30279541015625 630.0
endloop
endfacet
facet normal 0.9914408221470592 0.13055686952574888 0.0
outer loop
vertex 477.6368103027344 -142.30279541015625 621.0
vertex 477.5456848144531 -141.6107940673828 621.0
vertex 477.6368103027344 -142.30279541015625 630.0
endloop
endfacet
facet normal 0.9537022051354943 0.3007525626153426 0.0
outer loop
vertex 477.39471435546875 -140.9293975830078 621.0
vertex 477.184814453125 -140.2637939453125 621.0
vertex 477.39471435546875 -140.9293975830078 630.0
endloop
endfacet
facet normal 0.9238403892236081 0.38277791895454505 0.0
outer loop
vertex 477.184814453125 -140.2637939453125 621.0
vertex 476.9176940917969 -139.6190948486328 621.0
vertex 477.184814453125 -140.2637939453125 630.0
endloop
endfacet
facet normal 0.8870553062380715 0.4616631712351346 0.0
outer loop
vertex 476.9176940917969 -139.6190948486328 621.0
vertex 476.5954895019531 -139.0 621.0
vertex 476.9176940917969 -139.6190948486328 630.0
endloop
endfacet
facet normal 0.8433750803223049 0.5373252961580589 0.0
outer loop
vertex 476.5954895019531 -139.0 621.0
vertex 476.2204895019531 -138.41140747070312 621.0
vertex 476.5954895019531 -139.0 630.0
endloop
endfacet
facet normal 0.0 0.0 -1.0
outer loop
vertex 472.65618896484375 -139.43789672851562 621.0
vertex 474.80950927734375 -136.87159729003906 621.0
vertex 475.3240966796875 -137.3430938720703 621.0
endloop
endfacet
facet normal 0.0 0.0 -1.0
outer loop
vertex 473.2294006347656 -140.01100158691406 621.0
vertex 475.3240966796875 -137.3430938720703 621.0
vertex 475.79559326171875 -137.85769653320312 621.0
endloop
endfacet
facet normal 0.6087592575271192 0.7933550065229504 0.0
outer loop
vertex 474.2558898925781 -136.44679260253906 621.0
vertex 474.80950927734375 -136.87159729003906 630.0
vertex 474.80950927734375 -136.87159729003906 621.0
endloop
endfacet
facet normal 0.6755622494831435 0.7373029547433505 0.0
outer loop
vertex 474.80950927734375 -136.87159729003906 621.0
vertex 475.3240966796875 -137.3430938720703 630.0
vertex 475.3240966796875 -137.3430938720703 621.0
endloop
endfacet
facet normal 0.7373129323674716 0.6755513598266827 0.0
outer loop
vertex 475.79559326171875 -137.85769653320312 621.0
vertex 475.3240966796875 -137.3430938720703 621.0
vertex 475.79559326171875 -137.85769653320312 630.0
endloop
endfacet
facet normal 0.7933402656962169 0.608778467773833 0.0
outer loop
vertex 475.79559326171875 -137.85769653320312 621.0
vertex 476.2204895019531 -138.41140747070312 630.0
vertex 476.2204895019531 -138.41140747070312 621.0
endloop
endfacet
facet normal -0.5461570712755482 -0.8337481825756874 0.0810951388645084
outer loop
vertex 472.23480224609375 -138.4158935546875 624.3046264648438
vertex 472.9302062988281 -138.84559631347656 624.5701904296875
vertex 472.45361328125 -138.49159240722656 625.0
endloop
endfacet
facet normal -0.596284251207419 -0.8027733750953675 0.0
outer loop
vertex 472.9302062988281 -138.84559631347656 624.5701904296875
vertex 472.9302062988281 -138.84559631347656 625.4298095703125
vertex 472.45361328125 -138.49159240722656 625.0
endloop
endfacet
facet normal -0.8303651394905699 -0.5516781647754716 0.07838965256189216
outer loop
vertex 474.1202087402344 -140.24789428710938 624.1708984375
vertex 474.1756896972656 -140.21359252929688 625.0
vertex 473.80230712890625 -139.71270751953125 624.5698852539062
endloop
endfacet
facet normal -0.8017492684179574 -0.5976605312309576 0.0
outer loop
vertex 473.80230712890625 -139.71270751953125 624.5698852539062
vertex 474.1756896972656 -140.21359252929688 625.0
vertex 473.80230712890625 -139.71270751953125 625.4301147460938
endloop
endfacet
facet normal -0.6805314168901261 -0.7282703469212258 0.08061818914336208
outer loop
vertex 473.34429931640625 -139.27920532226562 624.148681640625
vertex 473.3927001953125 -139.23019409179688 625.0
vertex 472.9302062988281 -138.84559631347656 624.5701904296875
endloop
endfacet
facet normal -0.723273630078973 -0.6858410889972044 0.08060556231125472
outer loop
vertex 473.34429931640625 -139.27920532226562 624.148681640625
vertex 473.80230712890625 -139.71270751953125 624.5698852539062
vertex 473.3927001953125 -139.23019409179688 625.0
endloop
endfacet
facet normal -0.6393856042161158 -0.768886239388632 0.0
outer loop
vertex 472.9302062988281 -138.84559631347656 624.5701904296875
vertex 473.3927001953125 -139.23019409179688 625.0
vertex 472.9302062988281 -138.84559631347656 625.4298095703125
endloop
endfacet
facet normal -0.7623519778793761 -0.6471626239388393 0.0
outer loop
vertex 473.80230712890625 -139.71270751953125 624.5698852539062
vertex 473.80230712890625 -139.71270751953125 625.4301147460938
vertex 473.3927001953125 -139.23019409179688 625.0
endloop
endfacet
facet normal -0.5461570712755482 -0.8337481825756874 -0.0810951388645084
outer loop
vertex 472.9302062988281 -138.84559631347656 625.4298095703125
vertex 472.23480224609375 -138.4158935546875 625.6953735351562
vertex 472.45361328125 -138.49159240722656 625.0
endloop
endfacet
facet normal -0.5572327792977001 -0.8196503960380814 -0.13290920942800344
outer loop
vertex 472.9302062988281 -138.84559631347656 625.4298095703125
vertex 472.69488525390625 -138.7989959716797 626.1290283203125
vertex 472.23480224609375 -138.4158935546875 625.6953735351562
endloop
endfacet
facet normal -0.6304872276106285 -0.7591928812097235 -0.1615921561844583
outer loop
vertex 472.9302062988281 -138.84559631347656 625.4298095703125
vertex 473.34429931640625 -139.27920532226562 625.851318359375
vertex 472.69488525390625 -138.7989959716797 626.1290283203125
endloop
endfacet
facet normal -0.5001433313442872 -0.839777580165118 -0.21125876067954502
outer loop
vertex 472.69488525390625 -138.7989959716797 626.1290283203125
vertex 471.9668884277344 -138.4279022216797 626.3773803710938
vertex 472.23480224609375 -138.4158935546875 625.6953735351562
endloop
endfacet
facet normal -0.8303651394905699 -0.5516781647754716 -0.07838965256189216
outer loop
vertex 473.80230712890625 -139.71270751953125 625.4301147460938
vertex 474.1756896972656 -140.21359252929688 625.0
vertex 474.1202087402344 -140.24789428710938 625.8291015625
endloop
endfacet
facet normal -0.851608670380622 -0.4694190904825544 -0.23325606106397415
outer loop
vertex 474.1202087402344 -140.24789428710938 625.8291015625
vertex 474.38958740234375 -140.9532012939453 626.2650146484375
vertex 473.9549865722656 -140.35000610351562 626.6378173828125
endloop
endfacet
facet normal -0.7916633786466102 -0.5896069121800035 -0.16010241728154986
outer loop
vertex 473.80230712890625 -139.71270751953125 625.4301147460938
vertex 474.1202087402344 -140.24789428710938 625.8291015625
vertex 473.6881103515625 -139.78379821777344 626.256591796875
endloop
endfacet
facet normal -0.8095159417694348 -0.5387077097770376 -0.23340510587372407
outer loop
vertex 474.1202087402344 -140.24789428710938 625.8291015625
vertex 473.9549865722656 -140.35000610351562 626.6378173828125
vertex 473.6881103515625 -139.78379821777344 626.256591796875
endloop
endfacet
facet normal -0.6805314168901261 -0.7282703469212258 -0.08061818914336208
outer loop
vertex 473.3927001953125 -139.23019409179688 625.0
vertex 473.34429931640625 -139.27920532226562 625.851318359375
vertex 472.9302062988281 -138.84559631347656 625.4298095703125
endloop
endfacet
facet normal -0.723273630078973 -0.6858410889972044 -0.08060556231125472
outer loop
vertex 473.3927001953125 -139.23019409179688 625.0
vertex 473.80230712890625 -139.71270751953125 625.4301147460938
vertex 473.34429931640625 -139.27920532226562 625.851318359375
endloop
endfacet
facet normal -0.6387324683525903 -0.7380857335580819 -0.21737130397142027
outer loop
vertex 472.69488525390625 -138.7989959716797 626.1290283203125
vertex 473.34429931640625 -139.27920532226562 625.851318359375
vertex 473.0985107421875 -139.27780151367188 626.5687866210938
endloop
endfacet
facet normal -0.7021863999403867 -0.670595169984116 -0.23924125424502785
outer loop
vertex 473.34429931640625 -139.27920532226562 625.851318359375
vertex 473.6881103515625 -139.78379821777344 626.256591796875
vertex 473.0985107421875 -139.27780151367188 626.5687866210938
endloop
endfacet
facet normal -0.7518318531719822 -0.6399151150163624 -0.15892611531645276
outer loop
vertex 473.80230712890625 -139.71270751953125 625.4301147460938
vertex 473.6881103515625 -139.78379821777344 626.256591796875
vertex 473.34429931640625 -139.27920532226562 625.851318359375
endloop
endfacet
facet normal -0.07841178331132313 -0.8304411900949843 -0.5515605334245411
outer loop
vertex 470.49639892578125 -138.54710388183594 627.7520751953125
vertex 470.0972900390625 -138.86489868164062 628.2872924804688
vertex 469.6672058105469 -138.49159240722656 627.786376953125
endloop
endfacet
facet normal -0.30232774206228963 -0.8522046902473576 -0.4270188547358569
outer loop
vertex 471.6549987792969 -138.5272979736328 627.033203125
vertex 471.30499267578125 -138.7122039794922 627.6500244140625
vertex 470.93218994140625 -138.27769470214844 627.0468139648438
endloop
endfacet
facet normal -0.23313371308667535 -0.8516584981960925 -0.4693894697080411
outer loop
vertex 470.49639892578125 -138.54710388183594 627.7520751953125
vertex 470.93218994140625 -138.27769470214844 627.0468139648438
vertex 471.30499267578125 -138.7122039794922 627.6500244140625
endloop
endfacet
facet normal -0.38241096126940577 -0.802709477283161 -0.45762359180969164
outer loop
vertex 471.6549987792969 -138.5272979736328 627.033203125
vertex 472.0733947753906 -138.98289489746094 627.4827270507812
vertex 471.30499267578125 -138.7122039794922 627.6500244140625
endloop
endfacet
facet normal -0.2332846467125741 -0.8095567136250926 -0.5386986179977906
outer loop
vertex 470.49639892578125 -138.54710388183594 627.7520751953125
vertex 471.30499267578125 -138.7122039794922 627.6500244140625
vertex 470.9237976074219 -138.97909545898438 628.2161865234375
endloop
endfacet
facet normal -0.38216734917621337 -0.7595469761059908 -0.5263425769514297
outer loop
vertex 471.30499267578125 -138.7122039794922 627.6500244140625
vertex 472.0733947753906 -138.98289489746094 627.4827270507812
vertex 471.63751220703125 -139.25230407714844 628.18798828125
endloop
endfacet
facet normal -0.852152991819444 -0.4271199759498038 -0.3023306214689633
outer loop
vertex 474.1400146484375 -140.966796875 626.9876708984375
vertex 473.9549865722656 -140.35000610351562 626.6378173828125
vertex 474.38958740234375 -140.9532012939453 626.2650146484375
endloop
endfacet
facet normal -0.8336557583993004 -0.08117208684009702 -0.546286709343831
outer loop
vertex 474.1756896972656 -143.0 627.786376953125
vertex 473.82159423828125 -142.57020568847656 628.2628784179688
vertex 474.25140380859375 -142.30459594726562 627.5675048828125
endloop
endfacet
facet normal -0.8397518000034009 -0.21124169721501548 -0.5001938221817296
outer loop
vertex 474.25140380859375 -142.30459594726562 627.5675048828125
vertex 473.8682861328125 -141.87100219726562 628.027587890625
vertex 474.2394104003906 -141.6226043701172 627.2996215820312
endloop
endfacet
facet normal -0.8196021775799067 -0.1328150999328594 -0.5573261340867659
outer loop
vertex 474.25140380859375 -142.30459594726562 627.5675048828125
vertex 473.82159423828125 -142.57020568847656 628.2628784179688
vertex 473.8682861328125 -141.87100219726562 628.027587890625
endloop
endfacet
facet normal -0.8294200357263218 -0.33746617240286797 -0.44517298527595395
outer loop
vertex 474.1400146484375 -140.966796875 626.9876708984375
vertex 474.2394104003906 -141.6226043701172 627.2996215820312
vertex 473.8194885253906 -141.1654052734375 627.7354125976562
endloop
endfacet
facet normal -0.8016465473163175 -0.39513747688633355 -0.44858576385762555
outer loop
vertex 474.1400146484375 -140.966796875 626.9876708984375
vertex 473.8194885253906 -141.1654052734375 627.7354125976562
vertex 473.6842956542969 -140.51730346679688 627.4061279296875
endloop
endfacet
facet normal -0.8185780688539093 -0.26716430152814663 -0.5084812495858447
outer loop
vertex 473.8194885253906 -141.1654052734375 627.7354125976562
vertex 474.2394104003906 -141.6226043701172 627.2996215820312
vertex 473.8682861328125 -141.87100219726562 628.027587890625
endloop
endfacet
facet normal -0.7421827197683131 -0.4201207021050292 -0.5221718166849748
outer loop
vertex 473.8194885253906 -141.1654052734375 627.7354125976562
vertex 473.314697265625 -140.7458038330078 628.1152954101562
vertex 473.6842956542969 -140.51730346679688 627.4061279296875
endloop
endfacet
facet normal -0.5084105360268053 -0.8186605721785182 -0.26704605298951334
outer loop
vertex 472.69488525390625 -138.7989959716797 626.1290283203125
vertex 472.4027099609375 -138.8477020263672 626.8345947265625
vertex 471.9668884277344 -138.4279022216797 626.3773803710938
endloop
endfacet
facet normal -0.5812143674045762 -0.7591382578405177 -0.29308525142927677
outer loop
vertex 472.69488525390625 -138.7989959716797 626.1290283203125
vertex 473.0985107421875 -139.27780151367188 626.5687866210938
vertex 472.4027099609375 -138.8477020263672 626.8345947265625
endloop
endfacet
facet normal -0.4450714187758836 -0.8295087666774428 -0.3373820359682625
outer loop
vertex 471.6549987792969 -138.5272979736328 627.033203125
vertex 471.9668884277344 -138.4279022216797 626.3773803710938
vertex 472.4027099609375 -138.8477020263672 626.8345947265625
endloop
endfacet
facet normal -0.4484936308553121 -0.801713087080083 -0.39510706028460496
outer loop
vertex 471.6549987792969 -138.5272979736328 627.033203125
vertex 472.4027099609375 -138.8477020263672 626.8345947265625
vertex 472.0733947753906 -138.98289489746094 627.4827270507812
endloop
endfacet
facet normal -0.5856235475347255 -0.7312246722585746 -0.3497935666263512
outer loop
vertex 472.4027099609375 -138.8477020263672 626.8345947265625
vertex 473.0985107421875 -139.27780151367188 626.5687866210938
vertex 472.7825012207031 -139.35260009765625 627.2542114257812
endloop
endfacet
facet normal -0.7600352695418182 -0.5692873604708836 -0.31346178437026406
outer loop
vertex 473.9549865722656 -140.35000610351562 626.6378173828125
vertex 473.4148864746094 -139.81199645996094 626.9702758789062
vertex 473.6881103515625 -139.78379821777344 626.256591796875
endloop
endfacet
facet normal -0.7595458228004787 -0.5263157156031898 -0.38220663334830524
outer loop
vertex 473.9549865722656 -140.35000610351562 626.6378173828125
vertex 473.6842956542969 -140.51730346679688 627.4061279296875
vertex 473.4148864746094 -139.81199645996094 626.9702758789062
endloop
endfacet
facet normal -0.8026396373144954 -0.457712403759024 -0.38245126232866794
outer loop
vertex 474.1400146484375 -140.966796875 626.9876708984375
vertex 473.6842956542969 -140.51730346679688 627.4061279296875
vertex 473.9549865722656 -140.35000610351562 626.6378173828125
endloop
endfacet
facet normal -0.7075014965197076 -0.6416401216786934 -0.2962086877094011
outer loop
vertex 473.6881103515625 -139.78379821777344 626.256591796875
vertex 473.4148864746094 -139.81199645996094 626.9702758789062
vertex 473.0985107421875 -139.27780151367188 626.5687866210938
endloop
endfacet
facet normal -0.6490649351464005 -0.6637536157775393 -0.3716797647244758
outer loop
vertex 473.4148864746094 -139.81199645996094 626.9702758789062
vertex 472.7825012207031 -139.35260009765625 627.2542114257812
vertex 473.0985107421875 -139.27780151367188 626.5687866210938
endloop
endfacet
facet normal -0.5851657981028149 -0.6354454863230111 -0.5037757662317706
outer loop
vertex 472.7825012207031 -139.35260009765625 627.2542114257812
vertex 473.0940856933594 -140.00950622558594 627.7208862304688
vertex 472.3880920410156 -139.57310485839844 627.990478515625
endloop
endfacet
facet normal -0.5222939667595687 -0.7420719829192137 -0.4201644730970253
outer loop
vertex 472.4027099609375 -138.8477020263672 626.8345947265625
vertex 472.7825012207031 -139.35260009765625 627.2542114257812
vertex 472.0733947753906 -138.98289489746094 627.4827270507812
endloop
endfacet
facet normal -0.5219615420990947 -0.6989296838881839 -0.4889309210404863
outer loop
vertex 472.0733947753906 -138.98289489746094 627.4827270507812
vertex 472.7825012207031 -139.35260009765625 627.2542114257812
vertex 472.3880920410156 -139.57310485839844 627.990478515625
endloop
endfacet
facet normal -0.44659227852803884 -0.7083614291138884 -0.5466071921433746
outer loop
vertex 472.0733947753906 -138.98289489746094 627.4827270507812
vertex 472.3880920410156 -139.57310485839844 627.990478515625
vertex 471.63751220703125 -139.25230407714844 628.18798828125
endloop
endfacet
facet normal -0.6486520571540314 -0.6206297659486772 -0.4405328618483907
outer loop
vertex 473.4148864746094 -139.81199645996094 626.9702758789062
vertex 473.0940856933594 -140.00950622558594 627.7208862304688
vertex 472.7825012207031 -139.35260009765625 627.2542114257812
endloop
endfacet
facet normal -0.7084042634265026 -0.5465614006209064 -0.4465803790030046
outer loop
vertex 473.4148864746094 -139.81199645996094 626.9702758789062
vertex 473.6842956542969 -140.51730346679688 627.4061279296875
vertex 473.0940856933594 -140.00950622558594 627.7208862304688
endloop
endfacet
facet normal -0.6989910675774001 -0.4889678634211492 -0.521844724020817
outer loop
vertex 473.6842956542969 -140.51730346679688 627.4061279296875
vertex 473.314697265625 -140.7458038330078 628.1152954101562
vertex 473.0940856933594 -140.00950622558594 627.7208862304688
endloop
endfacet
facet normal -0.15221408496057262 -0.9847655588592356 0.0840694143209829
outer loop
vertex 470.8338928222656 -137.8780975341797 624.2962036132812
vertex 470.3984069824219 -137.75070190429688 625.0
vertex 470.1672058105469 -137.76210021972656 624.4478759765625
endloop
endfacet
facet normal -0.06898194661304788 -0.996391282250621 0.049456078457940394
outer loop
vertex 470.3984069824219 -137.75070190429688 625.0
vertex 470.1672058105469 -137.7346954345703 625.0
vertex 470.1672058105469 -137.76210021972656 624.4478759765625
endloop
endfacet
facet normal -0.20577383872905408 -0.9773425594121867 0.04958476435706234
outer loop
vertex 470.8338928222656 -137.8780975341797 624.2962036132812
vertex 471.1156005859375 -137.90170288085938 625.0
vertex 470.3984069824219 -137.75070190429688 625.0
endloop
endfacet
facet normal -0.06898194661304788 -0.996391282250621 -0.049456078457940394
outer loop
vertex 470.3984069824219 -137.75070190429688 625.0
vertex 470.1672058105469 -137.76210021972656 625.5521240234375
vertex 470.1672058105469 -137.7346954345703 625.0
endloop
endfacet
facet normal -0.20577383872905408 -0.9773425594121867 -0.04958476435706234
outer loop
vertex 470.3984069824219 -137.75070190429688 625.0
vertex 471.1156005859375 -137.90170288085938 625.0
vertex 470.8338928222656 -137.8780975341797 625.7037963867188
endloop
endfacet
facet normal -0.2911295053665284 -0.9529384982583817 0.08456849083494775
outer loop
vertex 470.8338928222656 -137.8780975341797 624.2962036132812
vertex 471.5658874511719 -138.1011962890625 624.3021850585938
vertex 471.1156005859375 -137.90170288085938 625.0
endloop
endfacet
facet normal -0.42451272068375884 -0.9017003095579404 0.08200915632286034
outer loop
vertex 471.5658874511719 -138.1011962890625 624.3021850585938
vertex 472.23480224609375 -138.4158935546875 624.3046264648438
vertex 471.80499267578125 -138.15029907226562 625.0
endloop
endfacet
facet normal -0.3387968870086016 -0.9395312641203425 0.04997672552010682
outer loop
vertex 471.5658874511719 -138.1011962890625 624.3021850585938
vertex 471.80499267578125 -138.15029907226562 625.0
vertex 471.1156005859375 -137.90170288085938 625.0
endloop
endfacet
facet normal -0.3387968870086016 -0.9395312641203425 -0.04997672552010682
outer loop
vertex 471.1156005859375 -137.90170288085938 625.0
vertex 471.80499267578125 -138.15029907226562 625.0
vertex 471.5658874511719 -138.1011962890625 625.6978149414062
endloop
endfacet
facet normal -0.15221408496057262 -0.9847655588592356 -0.0840694143209829
outer loop
vertex 470.3984069824219 -137.75070190429688 625.0
vertex 470.8338928222656 -137.8780975341797 625.7037963867188
vertex 470.1672058105469 -137.76210021972656 625.5521240234375
endloop
endfacet
facet normal -0.15213900704521388 -0.9847499549996154 -0.0843874911556933
outer loop
vertex 470.8338928222656 -137.8780975341797 625.7037963867188
vertex 470.1672058105469 -137.77520751953125 625.705078125
vertex 470.1672058105469 -137.76210021972656 625.5521240234375
endloop
endfacet
facet normal -0.1503617997880507 -0.9720387018211398 -0.18036654713768654
outer loop
vertex 470.8338928222656 -137.8780975341797 625.7037963867188
vertex 470.1672058105469 -137.79449462890625 625.8090209960938
vertex 470.1672058105469 -137.77520751953125 625.705078125
endloop
endfacet
facet normal 0.0 -0.9844131484029855 -0.1758714111256334
outer loop
vertex 469.6672058105469 -137.89149475097656 626.4119262695312
vertex 469.4132080078125 -137.81790161132812 626.0
vertex 469.9212951660156 -137.81790161132812 626.0
endloop
endfacet
facet normal -0.08135978043691182 -0.9712549789046451 -0.22370595003306262
outer loop
vertex 469.6672058105469 -137.89149475097656 626.4119262695312
vertex 469.9212951660156 -137.81790161132812 626.0
vertex 470.1672058105469 -137.8385009765625 626.0
endloop
endfacet
facet normal -0.15048729894294238 -0.971842297339955 -0.18131773757097233
outer loop
vertex 470.8338928222656 -137.8780975341797 625.7037963867188
vertex 470.5282897949219 -137.9593963623047 626.3931884765625
vertex 470.1672058105469 -137.79449462890625 625.8090209960938
endloop
endfacet
facet normal -0.08148559875672155 -0.9712240637375834 -0.22379435920575189
outer loop
vertex 470.5282897949219 -137.9593963623047 626.3931884765625
vertex 470.1672058105469 -137.8385009765625 626.0
vertex 470.1672058105469 -137.79449462890625 625.8090209960938
endloop
endfacet
facet normal -0.2911295053665284 -0.9529384982583817 -0.08456849083494775
outer loop
vertex 471.1156005859375 -137.90170288085938 625.0
vertex 471.5658874511719 -138.1011962890625 625.6978149414062
vertex 470.8338928222656 -137.8780975341797 625.7037963867188
endloop
endfacet
facet normal -0.42451272068375884 -0.9017003095579404 -0.08200915632286034
outer loop
vertex 471.80499267578125 -138.15029907226562 625.0
vertex 472.23480224609375 -138.4158935546875 625.6953735351562
vertex 471.5658874511719 -138.1011962890625 625.6978149414062
endloop
endfacet
facet normal -0.2880704036620943 -0.9403109105656557 -0.18119280892227868
outer loop
vertex 470.8338928222656 -137.8780975341797 625.7037963867188
vertex 471.5658874511719 -138.1011962890625 625.6978149414062
vertex 471.2638854980469 -138.14390563964844 626.3995971679688
endloop
endfacet
facet normal -0.23576372146906677 -0.9474462158699509 -0.2162432326635141
outer loop
vertex 470.8338928222656 -137.8780975341797 625.7037963867188
vertex 471.2638854980469 -138.14390563964844 626.3995971679688
vertex 470.5282897949219 -137.9593963623047 626.3931884765625
endloop
endfacet
facet normal -0.3716466144521782 -0.9031598856740014 -0.21489768466774745
outer loop
vertex 471.5658874511719 -138.1011962890625 625.6978149414062
vertex 471.9668884277344 -138.4279022216797 626.3773803710938
vertex 471.2638854980469 -138.14390563964844 626.3995971679688
endloop
endfacet
facet normal 0.04350093244724621 0.9990533863994556 0.0
outer loop
vertex 470.364501953125 -135.0303955078125 621.0
vertex 470.1672058105469 -135.0218048095703 626.0
vertex 470.364501953125 -135.0303955078125 630.0
endloop
endfacet
facet normal -0.4650692713110102 -0.8838540968788136 0.050124927060126674
outer loop
vertex 472.23480224609375 -138.4158935546875 624.3046264648438
vertex 472.45361328125 -138.49159240722656 625.0
vertex 471.80499267578125 -138.15029907226562 625.0
endloop
endfacet
facet normal -0.4650692713110102 -0.8838540968788136 -0.050124927060126674
outer loop
vertex 471.80499267578125 -138.15029907226562 625.0
vertex 472.45361328125 -138.49159240722656 625.0
vertex 472.23480224609375 -138.4158935546875 625.6953735351562
endloop
endfacet
facet normal -0.4192589097504348 -0.8897698640266922 -0.18036506220662119
outer loop
vertex 471.5658874511719 -138.1011962890625 625.6978149414062
vertex 472.23480224609375 -138.4158935546875 625.6953735351562
vertex 471.9668884277344 -138.4279022216797 626.3773803710938
endloop
endfacet
facet normal -0.08143598326149369 -0.9467990869455815 -0.31135136034590716
outer loop
vertex 469.6672058105469 -137.89149475097656 626.4119262695312
vertex 470.5282897949219 -137.9593963623047 626.3931884765625
vertex 470.1036071777344 -138.16119384765625 627.117919921875
endloop
endfacet
facet normal -0.08145701606716894 -0.9712206542350605 -0.22381955973652976
outer loop
vertex 469.6672058105469 -137.89149475097656 626.4119262695312
vertex 470.1672058105469 -137.8385009765625 626.0
vertex 470.5282897949219 -137.9593963623047 626.3931884765625
endloop
endfacet
facet normal 0.0 -0.9341575749950076 -0.35686079229784645
outer loop
vertex 469.23089599609375 -138.16119384765625 627.117919921875
vertex 469.6672058105469 -137.89149475097656 626.4119262695312
vertex 470.1036071777344 -138.16119384765625 627.117919921875
endloop
endfacet
facet normal -0.1598333420344415 -0.9227838257362656 -0.3506042123729301
outer loop
vertex 470.5282897949219 -137.9593963623047 626.3931884765625
vertex 470.93218994140625 -138.27769470214844 627.0468139648438
vertex 470.1036071777344 -138.16119384765625 627.117919921875
endloop
endfacet
facet normal -0.22892322592236553 -0.9233685966378543 -0.30819570304651756
outer loop
vertex 470.5282897949219 -137.9593963623047 626.3931884765625
vertex 471.2638854980469 -138.14390563964844 626.3995971679688
vertex 470.93218994140625 -138.27769470214844 627.0468139648438
endloop
endfacet
facet normal -0.36482844713284723 -0.879097776590147 -0.3067365373686276
outer loop
vertex 471.6549987792969 -138.5272979736328 627.033203125
vertex 471.2638854980469 -138.14390563964844 626.3995971679688
vertex 471.9668884277344 -138.4279022216797 626.3773803710938
endloop
endfacet
facet normal -0.3123533796346421 -0.8858084709081226 -0.34318904280036466
outer loop
vertex 471.6549987792969 -138.5272979736328 627.033203125
vertex 470.93218994140625 -138.27769470214844 627.0468139648438
vertex 471.2638854980469 -138.14390563964844 626.3995971679688
endloop
endfacet
facet normal 0.0 -0.8964723042164081 -0.4430997718041884
outer loop
vertex 469.23089599609375 -138.16119384765625 627.117919921875
vertex 470.1036071777344 -138.16119384765625 627.117919921875
vertex 469.6672058105469 -138.49159240722656 627.786376953125
endloop
endfacet
facet normal -0.07836229835572071 -0.8724477812208051 -0.4823838919774403
outer loop
vertex 470.49639892578125 -138.54710388183594 627.7520751953125
vertex 469.6672058105469 -138.49159240722656 627.786376953125
vertex 470.1036071777344 -138.16119384765625 627.117919921875
endloop
endfacet
facet normal -0.16191648566634784 -0.8843389323170319 -0.4378672224063265
outer loop
vertex 470.49639892578125 -138.54710388183594 627.7520751953125
vertex 470.1036071777344 -138.16119384765625 627.117919921875
vertex 470.93218994140625 -138.27769470214844 627.0468139648438
endloop
endfacet
facet normal 0.13055518857484888 0.9914410434999076 -0.0
outer loop
vertex 470.364501953125 -135.0303955078125 621.0
vertex 470.364501953125 -135.0303955078125 630.0
vertex 471.056396484375 -135.1215057373047 630.0
endloop
endfacet
facet normal 0.21648135571533744 0.9762867522545051 -0.0
outer loop
vertex 471.056396484375 -135.1215057373047 621.0
vertex 471.056396484375 -135.1215057373047 630.0
vertex 471.73779296875 -135.27259826660156 630.0
endloop
endfacet
facet normal 0.04356820983270958 0.9990504547223426 -3.3246884470215166e-06
outer loop
vertex 470.364501953125 -135.0303955078125 630.0
vertex 470.1672058105469 -135.0218048095703 626.0
vertex 469.6672058105469 -135.0 626.0
endloop
endfacet
facet normal 0.30074629170361483 0.9537041826617538 -0.0
outer loop
vertex 471.73779296875 -135.27259826660156 621.0
vertex 471.73779296875 -135.27259826660156 630.0
vertex 472.4034118652344 -135.4824981689453 630.0
endloop
endfacet
facet normal 0.38258996186619626 0.9239182437203103 -0.0
outer loop
vertex 472.4034118652344 -135.4824981689453 621.0
vertex 472.4034118652344 -135.4824981689453 630.0
vertex 473.0481872558594 -135.74949645996094 630.0
endloop
endfacet
facet normal 0.4618111579158362 0.8869782716754874 -0.0
outer loop
vertex 473.0481872558594 -135.74949645996094 621.0
vertex 473.0481872558594 -135.74949645996094 630.0
vertex 473.6672058105469 -136.07179260253906 630.0
endloop
endfacet
facet normal 0.5372658536543654 0.8434129489740161 -0.0
outer loop
vertex 473.6672058105469 -136.07179260253906 621.0
vertex 473.6672058105469 -136.07179260253906 630.0
vertex 474.2558898925781 -136.44679260253906 630.0
endloop
endfacet
facet normal -0.996376986257704 -0.04928241446492037 0.06931193894649834
outer loop
vertex 474.90618896484375 -142.5 624.4782104492188
vertex 474.9209899902344 -142.5 624.6909790039062
vertex 474.9020080566406 -142.29469299316406 624.5640869140625
endloop
endfacet
facet normal -0.9957531209558691 -0.09206368505901903 -0.0
outer loop
vertex 474.9209899902344 -142.5 624.6909790039062
vertex 474.9020080566406 -142.29469299316406 625.4359130859375
vertex 474.9020080566406 -142.29469299316406 624.5640869140625
endloop
endfacet
facet normal -0.9957531209558691 -0.09206368505901905 0.0
outer loop
vertex 474.9209899902344 -142.5 624.6909790039062
vertex 474.9209899902344 -142.5 625.3090209960938
vertex 474.9020080566406 -142.29469299316406 625.4359130859375
endloop
endfacet
facet normal -0.9843948437183564 -0.1759738380007462 0.0
outer loop
vertex 474.9020080566406 -142.29469299316406 624.5640869140625
vertex 474.9020080566406 -142.29469299316406 625.4359130859375
vertex 474.77569580078125 -141.58810424804688 625.0
endloop
endfacet
facet normal -0.9468377164964776 -0.3112365414887461 0.08142575674723612
outer loop
vertex 474.7077941894531 -141.60679626464844 624.1389770507812
vertex 474.77569580078125 -141.58810424804688 625.0
vertex 474.506103515625 -140.88209533691406 624.563720703125
endloop
endfacet
facet normal -0.9712103895415601 -0.2238662510586554 0.0814510950415892
outer loop
vertex 474.7077941894531 -141.60679626464844 624.1389770507812
vertex 474.9020080566406 -142.29469299316406 624.5640869140625
vertex 474.77569580078125 -141.58810424804688 625.0
endloop
endfacet
facet normal -0.9342072534154645 -0.35673072150563934 0.0
outer loop
vertex 474.506103515625 -140.88209533691406 624.563720703125
vertex 474.77569580078125 -141.58810424804688 625.0
vertex 474.506103515625 -140.88209533691406 625.436279296875
endloop
endfacet
facet normal -0.996376986257704 -0.04928241446492037 -0.06931193894649834
outer loop
vertex 474.9209899902344 -142.5 625.3090209960938
vertex 474.90618896484375 -142.5 625.5217895507812
vertex 474.9020080566406 -142.29469299316406 625.4359130859375
endloop
endfacet
facet normal -0.9848068936132577 -0.08369728593923477 -0.1521517223636054
outer loop
vertex 474.90618896484375 -142.5 625.5217895507812
vertex 474.8323059082031 -142.5 626.0
vertex 474.9020080566406 -142.29469299316406 625.4359130859375
endloop
endfacet
facet normal -0.9773455691825254 -0.04949367201970857 -0.2057814734841083
outer loop
vertex 474.8598937988281 -143.0 626.0
vertex 474.7655029296875 -143.0 626.4483032226562
vertex 474.837890625 -142.5655059814453 626.0
endloop
endfacet
facet normal -0.9847012538894825 -0.08395077077184966 -0.15269482203170243
outer loop
vertex 474.837890625 -142.5655059814453 626.0
vertex 474.7890930175781 -142.29620361328125 626.1666259765625
vertex 474.8323059082031 -142.5 626.0
endloop
endfacet
facet normal -0.977303285986942 -0.049665209601493204 -0.20594089966387244
outer loop
vertex 474.837890625 -142.5655059814453 626.0
vertex 474.7655029296875 -143.0 626.4483032226562
vertex 474.7890930175781 -142.29620361328125 626.1666259765625
endloop
endfacet
facet normal -0.984730741029226 -0.08424559476209055 -0.15234187682713246
outer loop
vertex 474.9020080566406 -142.29469299316406 625.4359130859375
vertex 474.8323059082031 -142.5 626.0
vertex 474.7890930175781 -142.29620361328125 626.1666259765625
endloop
endfacet
facet normal -0.9718287124732921 -0.18133942317004387 -0.15054888646834688
outer loop
vertex 474.9020080566406 -142.29469299316406 625.4359130859375
vertex 474.7890930175781 -142.29620361328125 626.1666259765625
vertex 474.7077941894531 -141.60679626464844 625.8610229492188
endloop
endfacet
facet normal -0.9468377164964776 -0.3112365414887461 -0.08142575674723612
outer loop
vertex 474.77569580078125 -141.58810424804688 625.0
vertex 474.7077941894531 -141.60679626464844 625.8610229492188
vertex 474.506103515625 -140.88209533691406 625.436279296875
endloop
endfacet
facet normal -0.9712103895415601 -0.2238662510586554 -0.0814510950415892
outer loop
vertex 474.77569580078125 -141.58810424804688 625.0
vertex 474.9020080566406 -142.29469299316406 625.4359130859375
vertex 474.7077941894531 -141.60679626464844 625.8610229492188
endloop
endfacet
facet normal -0.9474519016988802 -0.21623310553044853 -0.23575016021168174
outer loop
vertex 474.7890930175781 -142.29620361328125 626.1666259765625
vertex 474.5232849121094 -141.60040283203125 626.5966796875
vertex 474.7077941894531 -141.60679626464844 625.8610229492188
endloop
endfacet
facet normal -0.9234108324007821 -0.30806981255815225 -0.2289223125762962
outer loop
vertex 474.7077941894531 -141.60679626464844 625.8610229492188
vertex 474.5232849121094 -141.60040283203125 626.5966796875
vertex 474.38958740234375 -140.9532012939453 626.2650146484375
endloop
endfacet
facet normal -0.922826389917863 -0.35049921478360246 -0.15981787918515963
outer loop
vertex 474.506103515625 -140.88209533691406 625.436279296875
vertex 474.7077941894531 -141.60679626464844 625.8610229492188
vertex 474.38958740234375 -140.9532012939453 626.2650146484375
endloop
endfacet
facet normal 0.0 -0.9999999999999999 0.0
outer loop
vertex 474.90618896484375 -142.5 625.5217895507812
vertex 477.6453857421875 -142.5 626.0
vertex 474.8323059082031 -142.5 626.0
endloop
endfacet
facet normal 0.0 0.0 -1.0
outer loop
vertex 474.8598937988281 -143.0 626.0
vertex 474.837890625 -142.5655059814453 626.0
vertex 477.6453857421875 -142.5 626.0
endloop
endfacet
facet normal 0.0 0.0 -1.0
outer loop
vertex 474.837890625 -142.5655059814453 626.0
vertex 474.8323059082031 -142.5 626.0
vertex 477.6453857421875 -142.5 626.0
endloop
endfacet
facet normal -0.8724679942981066 -0.4823511435510144 0.07833883609339289
outer loop
vertex 474.1202087402344 -140.24789428710938 624.1708984375
vertex 474.506103515625 -140.88209533691406 624.563720703125
vertex 474.1756896972656 -140.21359252929688 625.0
endloop
endfacet
facet normal -0.8964762285652262 -0.44309183203650704 0.0
outer loop
vertex 474.506103515625 -140.88209533691406 624.563720703125
vertex 474.506103515625 -140.88209533691406 625.436279296875
vertex 474.1756896972656 -140.21359252929688 625.0
endloop
endfacet
facet normal -0.8724679942981066 -0.4823511435510144 -0.07833883609339289
outer loop
vertex 474.1202087402344 -140.24789428710938 625.8291015625
vertex 474.1756896972656 -140.21359252929688 625.0
vertex 474.506103515625 -140.88209533691406 625.436279296875
endloop
endfacet
facet normal -0.8843607065613572 -0.43782834798406833 -0.1619026818549912
outer loop
vertex 474.1202087402344 -140.24789428710938 625.8291015625
vertex 474.506103515625 -140.88209533691406 625.436279296875
vertex 474.38958740234375 -140.9532012939453 626.2650146484375
endloop
endfacet
facet normal 0.0 0.0 -1.0
outer loop
vertex 474.8598937988281 -143.0 626.0
vertex 477.6453857421875 -142.5 626.0
vertex 477.6672058105469 -143.0 626.0
endloop
endfacet
facet normal 0.999055866625464 0.0434439335378761 0.0
outer loop
vertex 477.6453857421875 -142.5 621.0
vertex 477.6368103027344 -142.30279541015625 630.0
vertex 477.6453857421875 -142.5 626.0
endloop
endfacet
facet normal -0.9529804784643533 -0.08452515023631017 -0.29100465055284186
outer loop
vertex 474.7890930175781 -142.29620361328125 626.1666259765625
vertex 474.7655029296875 -143.0 626.4483032226562
vertex 474.56610107421875 -142.3022003173828 626.8986206054688
endloop
endfacet
facet normal -0.9403372223057711 -0.18125479326823926 -0.2879454952999866
outer loop
vertex 474.7890930175781 -142.29620361328125 626.1666259765625
vertex 474.56610107421875 -142.3022003173828 626.8986206054688
vertex 474.5232849121094 -141.60040283203125 626.5966796875
endloop
endfacet
facet normal -0.9395908897758345 -0.04996211680680835 -0.33863364678430646
outer loop
vertex 474.7655029296875 -143.0 626.4483032226562
vertex 474.5169982910156 -143.0 627.1378173828125
vertex 474.56610107421875 -142.3022003173828 626.8986206054688
endloop
endfacet
facet normal -0.8858403595349288 -0.343079186640109 -0.31238362491236554
outer loop
vertex 474.1400146484375 -140.966796875 626.9876708984375
vertex 474.38958740234375 -140.9532012939453 626.2650146484375
vertex 474.5232849121094 -141.60040283203125 626.5966796875
endloop
endfacet
facet normal -0.9031939485640206 -0.21495127126912175 -0.3715328279669534
outer loop
vertex 474.56610107421875 -142.3022003173828 626.8986206054688
vertex 474.2394104003906 -141.6226043701172 627.2996215820312
vertex 474.5232849121094 -141.60040283203125 626.5966796875
endloop
endfacet
facet normal -0.879144284582387 -0.30673283971443116 -0.36471947017789413
outer loop
vertex 474.1400146484375 -140.966796875 626.9876708984375
vertex 474.5232849121094 -141.60040283203125 626.5966796875
vertex 474.2394104003906 -141.6226043701172 627.2996215820312
endloop
endfacet
facet normal -0.9016903514129164 -0.08207053193767394 -0.4245220111564514
outer loop
vertex 474.56610107421875 -142.3022003173828 626.8986206054688
vertex 474.5169982910156 -143.0 627.1378173828125
vertex 474.25140380859375 -142.30459594726562 627.5675048828125
endloop
endfacet
facet normal -0.8838258054035225 -0.05016286682979526 -0.4651189444585449
outer loop
vertex 474.5169982910156 -143.0 627.1378173828125
vertex 474.1756896972656 -143.0 627.786376953125
vertex 474.25140380859375 -142.30459594726562 627.5675048828125
endloop
endfacet
facet normal -0.8897725128214743 -0.18033358607321828 -0.41926682811943566
outer loop
vertex 474.56610107421875 -142.3022003173828 626.8986206054688
vertex 474.25140380859375 -142.30459594726562 627.5675048828125
vertex 474.2394104003906 -141.6226043701172 627.2996215820312
endloop
endfacet
facet normal 0.8433750803223049 0.5373252961580589 -0.0
outer loop
vertex 476.2204895019531 -138.41140747070312 621.0
vertex 476.2204895019531 -138.41140747070312 630.0
vertex 476.5954895019531 -139.0 630.0
endloop
endfacet
facet normal 0.976323703973174 0.2163146436561847 -0.0
outer loop
vertex 477.39471435546875 -140.9293975830078 621.0
vertex 477.39471435546875 -140.9293975830078 630.0
vertex 477.5456848144531 -141.6107940673828 630.0
endloop
endfacet
facet normal 0.9914408221470592 0.13055686952574888 -0.0
outer loop
vertex 477.5456848144531 -141.6107940673828 621.0
vertex 477.5456848144531 -141.6107940673828 630.0
vertex 477.6368103027344 -142.30279541015625 630.0
endloop
endfacet
facet normal 0.9990491271937515 0.04359864049948317 0.0
outer loop
vertex 477.6672058105469 -143.0 626.0
vertex 477.6453857421875 -142.5 626.0
vertex 477.6672058105469 -143.0 630.0
endloop
endfacet
facet normal 0.9537022051354943 0.3007525626153426 -0.0
outer loop
vertex 477.184814453125 -140.2637939453125 621.0
vertex 477.184814453125 -140.2637939453125 630.0
vertex 477.39471435546875 -140.9293975830078 630.0
endloop
endfacet
facet normal 0.9238403892236081 0.38277791895454505 -0.0
outer loop
vertex 476.9176940917969 -139.6190948486328 621.0
vertex 476.9176940917969 -139.6190948486328 630.0
vertex 477.184814453125 -140.2637939453125 630.0
endloop
endfacet
facet normal 0.8870553062380715 0.4616631712351346 -0.0
outer loop
vertex 476.5954895019531 -139.0 621.0
vertex 476.5954895019531 -139.0 630.0
vertex 476.9176940917969 -139.6190948486328 630.0
endloop
endfacet
facet normal 0.6087592575271192 0.7933550065229504 -0.0
outer loop
vertex 474.2558898925781 -136.44679260253906 621.0
vertex 474.2558898925781 -136.44679260253906 630.0
vertex 474.80950927734375 -136.87159729003906 630.0
endloop
endfacet
facet normal 0.6755622494831435 0.7373029547433505 -0.0
outer loop
vertex 474.80950927734375 -136.87159729003906 621.0
vertex 474.80950927734375 -136.87159729003906 630.0
vertex 475.3240966796875 -137.3430938720703 630.0
endloop
endfacet
facet normal 0.7373129323674716 0.6755513598266827 -0.0
outer loop
vertex 475.3240966796875 -137.3430938720703 621.0
vertex 475.3240966796875 -137.3430938720703 630.0
vertex 475.79559326171875 -137.85769653320312 630.0
endloop
endfacet
facet normal 0.7933402656962169 0.608778467773833 -0.0
outer loop
vertex 475.79559326171875 -137.85769653320312 621.0
vertex 475.79559326171875 -137.85769653320312 630.0
vertex 476.2204895019531 -138.41140747070312 630.0
endloop
endfacet
facet normal -0.3067702229407156 -0.36485458009498284 -0.8790751763646938
outer loop
vertex 471.7004089355469 -141.01229858398438 629.4727172851562
vertex 471.06689453125 -141.40330505371094 629.8560791015625
vertex 471.0447082519531 -140.7003936767578 629.5720825195312
endloop
endfacet
facet normal -0.42702470943490395 -0.30231862098679985 -0.852204992320906
outer loop
vertex 471.7139892578125 -141.73500061035156 629.7222900390625
vertex 471.7004089355469 -141.01229858398438 629.4727172851562
vertex 472.31719970703125 -141.36219787597656 629.2877807617188
endloop
endfacet
facet normal -0.34324458311506684 -0.31234257469292864 -0.8857907609567601
outer loop
vertex 471.7139892578125 -141.73500061035156 629.7222900390625
vertex 471.06689453125 -141.40330505371094 629.8560791015625
vertex 471.7004089355469 -141.01229858398438 629.4727172851562
endloop
endfacet
facet normal 0.0 -0.8018252303065967 -0.5975586164082761
outer loop
vertex 469.2372131347656 -138.86489868164062 628.2872924804688
vertex 469.6672058105469 -138.49159240722656 627.786376953125
vertex 470.0972900390625 -138.86489868164062 628.2872924804688
endloop
endfacet
facet normal -0.1601089726810005 -0.7917400184036922 -0.5895022138424548
outer loop
vertex 470.49639892578125 -138.54710388183594 627.7520751953125
vertex 470.9237976074219 -138.97909545898438 628.2161865234375
vertex 470.0972900390625 -138.86489868164062 628.2872924804688
endloop
endfacet
facet normal -0.15893013298137498 -0.7517821909799509 -0.6399724604667821
outer loop
vertex 470.0972900390625 -138.86489868164062 628.2872924804688
vertex 470.9237976074219 -138.97909545898438 628.2161865234375
vertex 470.51849365234375 -139.322998046875 628.7208251953125
endloop
endfacet
facet normal -0.08055984450014637 -0.7232056534974255 -0.685918139578969
outer loop
vertex 470.0972900390625 -138.86489868164062 628.2872924804688
vertex 470.51849365234375 -139.322998046875 628.7208251953125
vertex 469.6672058105469 -139.27459716796875 628.769775390625
endloop
endfacet
facet normal 0.0 -0.7622604162377606 -0.6472704672986678
outer loop
vertex 469.2372131347656 -138.86489868164062 628.2872924804688
vertex 470.0972900390625 -138.86489868164062 628.2872924804688
vertex 469.6672058105469 -139.27459716796875 628.769775390625
endloop
endfacet
facet normal -0.34980308482275196 -0.585521529602482 -0.7313018119904097
outer loop
vertex 471.2361145019531 -139.56869506835938 628.7222290039062
vertex 471.9215087890625 -139.88470458984375 628.6473999023438
vertex 471.50189208984375 -140.2646026611328 629.1522827148438
endloop
endfacet
facet normal -0.2962002238594009 -0.7075580164744376 -0.6415817022861552
outer loop
vertex 470.9237976074219 -138.97909545898438 628.2161865234375
vertex 471.63751220703125 -139.25230407714844 628.18798828125
vertex 471.2361145019531 -139.56869506835938 628.7222290039062
endloop
endfacet
facet normal -0.31343069493232656 -0.760028866373955 -0.5693130261574555
outer loop
vertex 471.30499267578125 -138.7122039794922 627.6500244140625
vertex 471.63751220703125 -139.25230407714844 628.18798828125
vertex 470.9237976074219 -138.97909545898438 628.2161865234375
endloop
endfacet
facet normal -0.23911397918247224 -0.7022249200092102 -0.6706002286590592
outer loop
vertex 470.51849365234375 -139.322998046875 628.7208251953125
vertex 470.9237976074219 -138.97909545898438 628.2161865234375
vertex 471.2361145019531 -139.56869506835938 628.7222290039062
endloop
endfacet
facet normal -0.3717307031886903 -0.6490873730714444 -0.6637031463132094
outer loop
vertex 471.63751220703125 -139.25230407714844 628.18798828125
vertex 471.9215087890625 -139.88470458984375 628.6473999023438
vertex 471.2361145019531 -139.56869506835938 628.7222290039062
endloop
endfacet
facet normal 0.0 -0.596370381339716 -0.8027093921592806
outer loop
vertex 469.23748779296875 -139.7371063232422 629.1544189453125
vertex 470.09698486328125 -139.7371063232422 629.1544189453125
vertex 469.6672058105469 -140.21359252929688 629.5084228515625
endloop
endfacet
facet normal -0.1615710704221644 -0.6304738314259984 -0.7592084938208066
outer loop
vertex 470.51849365234375 -139.322998046875 628.7208251953125
vertex 470.7962951660156 -139.97239685058594 629.2009887695312
vertex 470.09698486328125 -139.7371063232422 629.1544189453125
endloop
endfacet
facet normal -0.0501882012921052 -0.46502750550577254 -0.883872481511978
outer loop
vertex 469.6672058105469 -140.21359252929688 629.5084228515625
vertex 470.36260986328125 -140.4324951171875 629.5841064453125
vertex 469.6672058105469 -140.86219787597656 629.8496704101562
endloop
endfacet
facet normal -0.0811915489939534 -0.5461797339402635 -0.833723953479151
outer loop
vertex 470.09698486328125 -139.7371063232422 629.1544189453125
vertex 470.36260986328125 -140.4324951171875 629.5841064453125
vertex 469.6672058105469 -140.21359252929688 629.5084228515625
endloop
endfacet
facet normal -0.21124223782373372 -0.50015421861931 -0.839775252407767
outer loop
vertex 470.36260986328125 -140.4324951171875 629.5841064453125
vertex 470.7962951660156 -139.97239685058594 629.2009887695312
vertex 471.0447082519531 -140.7003936767578 629.5720825195312
endloop
endfacet
facet normal -0.18034970778614756 -0.4192544207610212 -0.8897750915674093
outer loop
vertex 470.36260986328125 -140.4324951171875 629.5841064453125
vertex 471.0447082519531 -140.7003936767578 629.5720825195312
vertex 470.364990234375 -141.1013946533203 629.8988037109375
endloop
endfacet
facet normal -0.13290443576695415 -0.5572359919821126 -0.8196489859648325
outer loop
vertex 470.09698486328125 -139.7371063232422 629.1544189453125
vertex 470.7962951660156 -139.97239685058594 629.2009887695312
vertex 470.36260986328125 -140.4324951171875 629.5841064453125
endloop
endfacet
facet normal 0.0 -0.6394181210122628 -0.7688591981118176
outer loop
vertex 469.23748779296875 -139.7371063232422 629.1544189453125
vertex 469.6672058105469 -139.27459716796875 628.769775390625
vertex 470.09698486328125 -139.7371063232422 629.1544189453125
endloop
endfacet
facet normal -0.080569181701597 -0.6805332624131875 -0.7282740457473399
outer loop
vertex 469.6672058105469 -139.27459716796875 628.769775390625
vertex 470.51849365234375 -139.322998046875 628.7208251953125
vertex 470.09698486328125 -139.7371063232422 629.1544189453125
endloop
endfacet
facet normal -0.26706326716608697 -0.5084298289499307 -0.8186429749069613
outer loop
vertex 470.7962951660156 -139.97239685058594 629.2009887695312
vertex 471.50189208984375 -140.2646026611328 629.1522827148438
vertex 471.0447082519531 -140.7003936767578 629.5720825195312
endloop
endfacet
facet normal -0.2930602216172149 -0.5811087480555234 -0.7592287727944793
outer loop
vertex 471.2361145019531 -139.56869506835938 628.7222290039062
vertex 471.50189208984375 -140.2646026611328 629.1522827148438
vertex 470.7962951660156 -139.97239685058594 629.2009887695312
endloop
endfacet
facet normal -0.4201875916335192 -0.5221805007572555 -0.7421387420598152
outer loop
vertex 471.50189208984375 -140.2646026611328 629.1522827148438
vertex 471.9215087890625 -139.88470458984375 628.6473999023438
vertex 472.14990234375 -140.59390258789062 629.01708984375
endloop
endfacet
facet normal -0.39516399614177816 -0.4484908770445943 -0.8016865655360775
outer loop
vertex 471.7004089355469 -141.01229858398438 629.4727172851562
vertex 471.50189208984375 -140.2646026611328 629.1522827148438
vertex 472.14990234375 -140.59390258789062 629.01708984375
endloop
endfacet
facet normal -0.3374160170627724 -0.4450752621183978 -0.8294928827179496
outer loop
vertex 471.7004089355469 -141.01229858398438 629.4727172851562
vertex 471.0447082519531 -140.7003936767578 629.5720825195312
vertex 471.50189208984375 -140.2646026611328 629.1522827148438
endloop
endfacet
facet normal -0.21723622592590028 -0.6387112742939611 -0.7381438411551339
outer loop
vertex 470.51849365234375 -139.322998046875 628.7208251953125
vertex 471.2361145019531 -139.56869506835938 628.7222290039062
vertex 470.7962951660156 -139.97239685058594 629.2009887695312
endloop
endfacet
facet normal -0.8026447035736733 0.0 -0.5964574417551769
outer loop
vertex 473.82159423828125 -143.42979431152344 628.2628784179688
vertex 473.82159423828125 -142.57020568847656 628.2628784179688
vertex 474.1756896972656 -143.0 627.786376953125
endloop
endfacet
facet normal -0.7689194496925167 0.0 -0.6393456654146935
outer loop
vertex 473.82159423828125 -143.42979431152344 628.2628784179688
vertex 473.43701171875 -143.0 628.7254028320312
vertex 473.82159423828125 -142.57020568847656 628.2628784179688
endloop
endfacet
facet normal -0.759253202226166 -0.16145233829510017 -0.6304504083338809
outer loop
vertex 473.82159423828125 -142.57020568847656 628.2628784179688
vertex 473.3880920410156 -142.14869689941406 628.677001953125
vertex 473.8682861328125 -141.87100219726562 628.027587890625
endloop
endfacet
facet normal -0.7283502044479279 -0.08054155841336089 -0.6804550220617152
outer loop
vertex 473.82159423828125 -142.57020568847656 628.2628784179688
vertex 473.43701171875 -143.0 628.7254028320312
vertex 473.3880920410156 -142.14869689941406 628.677001953125
endloop
endfacet
facet normal -0.6858586691506039 -0.0805337659822755 -0.7232649573203962
outer loop
vertex 473.43701171875 -143.0 628.7254028320312
vertex 472.9544982910156 -142.5699005126953 629.1350708007812
vertex 473.3880920410156 -142.14869689941406 628.677001953125
endloop
endfacet
facet normal -0.7381265450260325 -0.2172998220406195 -0.6387096295415056
outer loop
vertex 473.3880920410156 -142.14869689941406 628.677001953125
vertex 473.3894958496094 -141.4311981201172 628.4312744140625
vertex 473.8682861328125 -141.87100219726562 628.027587890625
endloop
endfacet
facet normal -0.7313435575497483 -0.34974183773229456 -0.5855059758620021
outer loop
vertex 473.8194885253906 -141.1654052734375 627.7354125976562
vertex 473.3894958496094 -141.4311981201172 628.4312744140625
vertex 473.314697265625 -140.7458038330078 628.1152954101562
endloop
endfacet
facet normal -0.6637019648556388 -0.37168479758499545 -0.6491148689492218
outer loop
vertex 472.8551940917969 -141.02969360351562 628.7476806640625
vertex 473.314697265625 -140.7458038330078 628.1152954101562
vertex 473.3894958496094 -141.4311981201172 628.4312744140625
endloop
endfacet
facet normal -0.7592085876785382 -0.2931288010619024 -0.5811005303587072
outer loop
vertex 473.8194885253906 -141.1654052734375 627.7354125976562
vertex 473.8682861328125 -141.87100219726562 628.027587890625
vertex 473.3894958496094 -141.4311981201172 628.4312744140625
endloop
endfacet
facet normal -0.6705521315716362 -0.2391913302397569 -0.7022445061250894
outer loop
vertex 473.3880920410156 -142.14869689941406 628.677001953125
vertex 472.8833923339844 -141.74339294433594 629.0208740234375
vertex 473.3894958496094 -141.4311981201172 628.4312744140625
endloop
endfacet
facet normal -0.6415830866548172 -0.2961922767321084 -0.7075600879944596
outer loop
vertex 472.8551940917969 -141.02969360351562 628.7476806640625
vertex 473.3894958496094 -141.4311981201172 628.4312744140625
vertex 472.8833923339844 -141.74339294433594 629.0208740234375
endloop
endfacet
facet normal -0.5976291299932773 0.0 -0.8017726753784258
outer loop
vertex 472.9544982910156 -143.4300994873047 629.1350708007812
vertex 472.45361328125 -143.0 629.5084228515625
vertex 472.9544982910156 -142.5699005126953 629.1350708007812
endloop
endfacet
facet normal -0.5895188992414583 -0.16010869924822763 -0.7917276500553583
outer loop
vertex 472.9544982910156 -142.5699005126953 629.1350708007812
vertex 472.4193115234375 -142.1708984375 629.452880859375
vertex 472.8833923339844 -141.74339294433594 629.0208740234375
endloop
endfacet
facet normal -0.44309958334062843 0.0 -0.8964723973683526
outer loop
vertex 471.7851867675781 -143.43629455566406 629.8388061523438
vertex 471.7851867675781 -142.56370544433594 629.8388061523438
vertex 472.45361328125 -143.0 629.5084228515625
endloop
endfacet
facet normal -0.4823950952824157 -0.07840286885600611 -0.8724379417486477
outer loop
vertex 472.45361328125 -143.0 629.5084228515625
vertex 471.7851867675781 -142.56370544433594 629.8388061523438
vertex 472.4193115234375 -142.1708984375 629.452880859375
endloop
endfacet
facet normal -0.4378743661623806 -0.16195638158931275 -0.8843280895235605
outer loop
vertex 471.7139892578125 -141.73500061035156 629.7222900390625
vertex 472.4193115234375 -142.1708984375 629.452880859375
vertex 471.7851867675781 -142.56370544433594 629.8388061523438
endloop
endfacet
facet normal -0.551608044557573 -0.078450614615602 -0.8304059647219577
outer loop
vertex 472.9544982910156 -142.5699005126953 629.1350708007812
vertex 472.45361328125 -143.0 629.5084228515625
vertex 472.4193115234375 -142.1708984375 629.452880859375
endloop
endfacet
facet normal -0.5263008481695521 -0.38221341424238464 -0.7595527125810225
outer loop
vertex 472.8551940917969 -141.02969360351562 628.7476806640625
vertex 472.31719970703125 -141.36219787597656 629.2877807617188
vertex 472.14990234375 -140.59390258789062 629.01708984375
endloop
endfacet
facet normal -0.45763686187152225 -0.38245667590783416 -0.8026801316277332
outer loop
vertex 471.7004089355469 -141.01229858398438 629.4727172851562
vertex 472.14990234375 -140.59390258789062 629.01708984375
vertex 472.31719970703125 -141.36219787597656 629.2877807617188
endloop
endfacet
facet normal -0.5693033020432211 -0.3134245247028134 -0.7600386948027714
outer loop
vertex 472.8551940917969 -141.02969360351562 628.7476806640625
vertex 472.8833923339844 -141.74339294433594 629.0208740234375
vertex 472.31719970703125 -141.36219787597656 629.2877807617188
endloop
endfacet
facet normal -0.5386969334836715 -0.23329396042400136 -0.8095551506135784
outer loop
vertex 472.4193115234375 -142.1708984375 629.452880859375
vertex 472.31719970703125 -141.36219787597656 629.2877807617188
vertex 472.8833923339844 -141.74339294433594 629.0208740234375
endloop
endfacet
facet normal -0.4693869277425145 -0.23313806916020885 -0.8516587067439003
outer loop
vertex 471.7139892578125 -141.73500061035156 629.7222900390625
vertex 472.31719970703125 -141.36219787597656 629.2877807617188
vertex 472.4193115234375 -142.1708984375 629.452880859375
endloop
endfacet
facet normal -0.6472186637413793 0.0 -0.7623044019975378
outer loop
vertex 472.9544982910156 -143.4300994873047 629.1350708007812
vertex 472.9544982910156 -142.5699005126953 629.1350708007812
vertex 473.43701171875 -143.0 628.7254028320312
endloop
endfacet
facet normal -0.6398956858590865 -0.15893248832228868 -0.7518470425389826
outer loop
vertex 473.3880920410156 -142.14869689941406 628.677001953125
vertex 472.9544982910156 -142.5699005126953 629.1350708007812
vertex 472.8833923339844 -141.74339294433594 629.0208740234375
endloop
endfacet
facet normal -0.5037714515668407 -0.5852216020639469 -0.635397514209763
outer loop
vertex 472.3880920410156 -139.57310485839844 627.990478515625
vertex 472.6578063964844 -140.2790985107422 628.4268798828125
vertex 471.9215087890625 -139.88470458984375 628.6473999023438
endloop
endfacet
facet normal -0.6354791097054437 -0.5038180704782697 -0.5850928584314886
outer loop
vertex 473.0940856933594 -140.00950622558594 627.7208862304688
vertex 473.314697265625 -140.7458038330078 628.1152954101562
vertex 472.6578063964844 -140.2790985107422 628.4268798828125
endloop
endfacet
facet normal -0.6206345707279173 -0.4404610301858291 -0.648696239009455
outer loop
vertex 472.8551940917969 -141.02969360351562 628.7476806640625
vertex 472.6578063964844 -140.2790985107422 628.4268798828125
vertex 473.314697265625 -140.7458038330078 628.1152954101562
endloop
endfacet
facet normal -0.5773605583374496 -0.5774104576292903 -0.577279784070603
outer loop
vertex 472.3880920410156 -139.57310485839844 627.990478515625
vertex 473.0940856933594 -140.00950622558594 627.7208862304688
vertex 472.6578063964844 -140.2790985107422 628.4268798828125
endloop
endfacet
facet normal -0.4888866148157908 -0.5218429925467171 -0.6990491892448225
outer loop
vertex 472.6578063964844 -140.2790985107422 628.4268798828125
vertex 472.14990234375 -140.59390258789062 629.01708984375
vertex 471.9215087890625 -139.88470458984375 628.6473999023438
endloop
endfacet
facet normal -0.546522959496599 -0.4465195285249906 -0.7084722756670857
outer loop
vertex 472.8551940917969 -141.02969360351562 628.7476806640625
vertex 472.14990234375 -140.59390258789062 629.01708984375
vertex 472.6578063964844 -140.2790985107422 628.4268798828125
endloop
endfacet
facet normal -0.4405509198122027 -0.6486751565221632 -0.6205928039895157
outer loop
vertex 472.3880920410156 -139.57310485839844 627.990478515625
vertex 471.9215087890625 -139.88470458984375 628.6473999023438
vertex 471.63751220703125 -139.25230407714844 628.18798828125
endloop
endfacet
facet normal -0.04964647285503974 -0.20576901510548046 -0.977340442300212
outer loop
vertex 469.6672058105469 -142.26890563964844 630.2493286132812
vertex 469.6672058105469 -141.55169677734375 630.0983276367188
vertex 470.3710021972656 -141.83340454101562 630.1218872070312
endloop
endfacet
facet normal -0.18127781436918178 -0.1503913041724661 -0.9718646045858637
outer loop
vertex 470.37249755859375 -142.56410217285156 630.2346801757812
vertex 470.3710021972656 -141.83340454101562 630.1218872070312
vertex 471.0603942871094 -142.13900756835938 630.0405883789062
endloop
endfacet
facet normal -0.049591128906776395 -0.0690414519755223 -0.9963804483443375
outer loop
vertex 469.6672058105469 -143.0 630.2999877929688
vertex 469.6672058105469 -142.26890563964844 630.2493286132812
vertex 470.37249755859375 -142.56410217285156 630.2346801757812
endloop
endfacet
facet normal -0.09220216601174697 0.0 -0.9957403078025627
outer loop
vertex 470.37249755859375 -143.43589782714844 630.2346801757812
vertex 469.6672058105469 -143.0 630.2999877929688
vertex 470.37249755859375 -142.56410217285156 630.2346801757812
endloop
endfacet
facet normal -0.08414862633994259 -0.15218364773419962 -0.9847634975197921
outer loop
vertex 469.6672058105469 -142.26890563964844 630.2493286132812
vertex 470.3710021972656 -141.83340454101562 630.1218872070312
vertex 470.37249755859375 -142.56410217285156 630.2346801757812
endloop
endfacet
facet normal -0.17574208385225434 0.0 -0.9844362447427802
outer loop
vertex 470.37249755859375 -143.43589782714844 630.2346801757812
vertex 470.37249755859375 -142.56410217285156 630.2346801757812
vertex 471.0791931152344 -143.0 630.1085205078125
endloop
endfacet
facet normal -0.08462183843150431 -0.2911080872933138 -0.9529403055663563
outer loop
vertex 469.6672058105469 -141.55169677734375 630.0983276367188
vertex 470.364990234375 -141.1013946533203 629.8988037109375
vertex 470.3710021972656 -141.83340454101562 630.1218872070312
endloop
endfacet
facet normal -0.04999223134619039 -0.3388237770568357 -0.9395207421371646
outer loop
vertex 469.6672058105469 -141.55169677734375 630.0983276367188
vertex 469.6672058105469 -140.86219787597656 629.8496704101562
vertex 470.364990234375 -141.1013946533203 629.8988037109375
endloop
endfacet
facet normal -0.08202956690744424 -0.4245138667941837 -0.901697913412484
outer loop
vertex 470.36260986328125 -140.4324951171875 629.5841064453125
vertex 470.364990234375 -141.1013946533203 629.8988037109375
vertex 469.6672058105469 -140.86219787597656 629.8496704101562
endloop
endfacet
facet normal -0.18113902358270875 -0.2880563776958363 -0.9403255698981374
outer loop
vertex 470.3710021972656 -141.83340454101562 630.1218872070312
vertex 470.364990234375 -141.1013946533203 629.8988037109375
vertex 471.06689453125 -141.40330505371094 629.8560791015625
endloop
endfacet
facet normal -0.2236676034770505 -0.08151502886356637 -0.9712507931652898
outer loop
vertex 470.37249755859375 -142.56410217285156 630.2346801757812
vertex 471.0603942871094 -142.13900756835938 630.0405883789062
vertex 471.0791931152344 -143.0 630.1085205078125
endloop
endfacet
facet normal -0.31134354406941644 -0.08149987152057524 -0.9467961599565268
outer loop
vertex 471.0791931152344 -143.0 630.1085205078125
vertex 471.0603942871094 -142.13900756835938 630.0405883789062
vertex 471.7851867675781 -142.56370544433594 629.8388061523438
endloop
endfacet
facet normal -0.35687841104401463 0.0 -0.9341508442059554
outer loop
vertex 471.7851867675781 -143.43629455566406 629.8388061523438
vertex 471.0791931152344 -143.0 630.1085205078125
vertex 471.7851867675781 -142.56370544433594 629.8388061523438
endloop
endfacet
facet normal -0.35057785699588345 -0.15986392165976035 -0.9227885417232573
outer loop
vertex 471.7139892578125 -141.73500061035156 629.7222900390625
vertex 471.7851867675781 -142.56370544433594 629.8388061523438
vertex 471.0603942871094 -142.13900756835938 630.0405883789062
endloop
endfacet
facet normal -0.30822008573877946 -0.22885370300637664 -0.9233776916124024
outer loop
vertex 471.7139892578125 -141.73500061035156 629.7222900390625
vertex 471.0603942871094 -142.13900756835938 630.0405883789062
vertex 471.06689453125 -141.40330505371094 629.8560791015625
endloop
endfacet
facet normal -0.21622060232261955 -0.2357075810888 -0.9474653488906655
outer loop
vertex 470.3710021972656 -141.83340454101562 630.1218872070312
vertex 471.06689453125 -141.40330505371094 629.8560791015625
vertex 471.0603942871094 -142.13900756835938 630.0405883789062
endloop
endfacet
facet normal -0.21484691551129195 -0.37168293027134774 -0.9031570197037656
outer loop
vertex 471.0447082519531 -140.7003936767578 629.5720825195312
vertex 471.06689453125 -141.40330505371094 629.8560791015625
vertex 470.364990234375 -141.1013946533203 629.8988037109375
endloop
endfacet
facet normal 0.043549174123483005 0.999051284686208 0.0
outer loop
vertex 469.6672058105469 -135.0 630.0
vertex 470.364501953125 -135.0303955078125 630.0
vertex 469.6672058105469 -135.0 626.0
endloop
endfacet
facet normal 0.9990510358501875 0.04355488189209432 -5.480237677084231e-06
outer loop
vertex 477.6453857421875 -142.5 626.0
vertex 477.6368103027344 -142.30279541015625 630.0
vertex 477.6672058105469 -143.0 630.0
endloop
endfacet
facet normal 0.0 -0.0 -1.0
outer loop
vertex 474.2558898925781 -136.44679260253906 630.0
vertex 481.2373962402344 -129.21119689941406 630.0
vertex 474.80950927734375 -136.87159729003906 630.0
endloop
endfacet
facet normal 0.0 -0.0 -1.0
outer loop
vertex 474.80950927734375 -136.87159729003906 630.0
vertex 482.39520263671875 -130.2720947265625 630.0
vertex 475.3240966796875 -137.3430938720703 630.0
endloop
endfacet
facet normal 0.0 0.0 -0.9999999999999999
outer loop
vertex 475.79559326171875 -137.85769653320312 630.0
vertex 475.3240966796875 -137.3430938720703 630.0
vertex 482.39520263671875 -130.2720947265625 630.0
endloop
endfacet
facet normal 0.0 -0.0 1.0
outer loop
vertex 469.6672058105469 -143.0 635.0
vertex 482.39520263671875 -130.2720947265625 635.0
vertex 481.2373962402344 -129.21119689941406 635.0
endloop
endfacet
facet normal 0.0 -0.0 1.0
outer loop
vertex 469.6672058105469 -143.0 635.0
vertex 483.45599365234375 -131.42979431152344 635.0
vertex 482.39520263671875 -130.2720947265625 635.0
endloop
endfacet
facet normal 0.0 -0.0 -1.0
outer loop
vertex 470.364501953125 -135.0303955078125 630.0
vertex 472.79290771484375 -125.27349853515625 630.0
vertex 471.056396484375 -135.1215057373047 630.0
endloop
endfacet
facet normal 0.0 -0.0 -1.0
outer loop
vertex 469.6672058105469 -135.0 630.0
vertex 471.2361145019531 -125.06849670410156 630.0
vertex 470.364501953125 -135.0303955078125 630.0
endloop
endfacet
facet normal 0.0 0.0 -1.0
outer loop
vertex 471.73779296875 -135.27259826660156 630.0
vertex 471.056396484375 -135.1215057373047 630.0
vertex 474.32598876953125 -125.61329650878906 630.0
endloop
endfacet
facet normal 0.0 -0.0 -1.0
outer loop
vertex 471.73779296875 -135.27259826660156 630.0
vertex 475.8236083984375 -126.08550262451172 630.0
vertex 472.4034118652344 -135.4824981689453 630.0
endloop
endfacet
facet normal 0.0 -0.0 -1.0
outer loop
vertex 472.4034118652344 -135.4824981689453 630.0
vertex 475.8236083984375 -126.08550262451172 630.0
vertex 473.0481872558594 -135.74949645996094 630.0
endloop
endfacet
facet normal 0.0 0.0 -0.9999999999999999
outer loop
vertex 469.6672058105469 -135.0 630.0
vertex 469.6672058105469 -125.0 630.0
vertex 471.2361145019531 -125.06849670410156 630.0
endloop
endfacet
facet normal 0.0 0.0 -1.0
outer loop
vertex 470.364501953125 -135.0303955078125 630.0
vertex 471.2361145019531 -125.06849670410156 630.0
vertex 472.79290771484375 -125.27349853515625 630.0
endloop
endfacet
facet normal 0.0 0.0 -0.9999999999999999
outer loop
vertex 471.056396484375 -135.1215057373047 630.0
vertex 472.79290771484375 -125.27349853515625 630.0
vertex 474.32598876953125 -125.61329650878906 630.0
endloop
endfacet
facet normal 0.0 0.0 -1.0
outer loop
vertex 471.73779296875 -135.27259826660156 630.0
vertex 474.32598876953125 -125.61329650878906 630.0
vertex 475.8236083984375 -126.08550262451172 630.0
endloop
endfacet
facet normal 0.0 -0.0 -1.0
outer loop
vertex 473.0481872558594 -135.74949645996094 630.0
vertex 478.6672058105469 -127.4114990234375 630.0
vertex 473.6672058105469 -136.07179260253906 630.0
endloop
endfacet
facet normal 0.0 -0.0 -1.0
outer loop
vertex 473.6672058105469 -136.07179260253906 630.0
vertex 478.6672058105469 -127.4114990234375 630.0
vertex 474.2558898925781 -136.44679260253906 630.0
endloop
endfacet
facet normal 0.0 0.0 -1.0
outer loop
vertex 473.0481872558594 -135.74949645996094 630.0
vertex 475.8236083984375 -126.08550262451172 630.0
vertex 477.2744140625 -126.6865005493164 630.0
endloop
endfacet
facet normal 0.0 0.0 -1.0
outer loop
vertex 473.0481872558594 -135.74949645996094 630.0
vertex 477.2744140625 -126.6865005493164 630.0
vertex 478.6672058105469 -127.4114990234375 630.0
endloop
endfacet
facet normal 0.0 0.0 -0.9999999999999999
outer loop
vertex 474.2558898925781 -136.44679260253906 630.0
vertex 478.6672058105469 -127.4114990234375 630.0
vertex 479.9916076660156 -128.2552947998047 630.0
endloop
endfacet
facet normal 0.0 0.0 -1.0
outer loop
vertex 474.2558898925781 -136.44679260253906 630.0
vertex 479.9916076660156 -128.2552947998047 630.0
vertex 481.2373962402344 -129.21119689941406 630.0
endloop
endfacet
facet normal 0.0 -0.0 0.9999999999999999
outer loop
vertex 469.6672058105469 -143.0 635.0
vertex 471.2361145019531 -125.06849670410156 635.0
vertex 469.6672058105469 -125.0 635.0
endloop
endfacet
facet normal 0.0 -0.0 1.0
outer loop
vertex 469.6672058105469 -143.0 635.0
vertex 472.79290771484375 -125.27349853515625 635.0
vertex 471.2361145019531 -125.06849670410156 635.0
endloop
endfacet
facet normal 0.0 -0.0 1.0
outer loop
vertex 469.6672058105469 -143.0 635.0
vertex 474.32598876953125 -125.61329650878906 635.0
vertex 472.79290771484375 -125.27349853515625 635.0
endloop
endfacet
facet normal 0.0 -0.0 1.0
outer loop
vertex 469.6672058105469 -143.0 635.0
vertex 475.8236083984375 -126.08550262451172 635.0
vertex 474.32598876953125 -125.61329650878906 635.0
endloop
endfacet
facet normal 0.043617271749842146 0.9990483139493807 0.0
outer loop
vertex 469.6672058105469 -125.0 630.0
vertex 471.2361145019531 -125.06849670410156 635.0
vertex 471.2361145019531 -125.06849670410156 630.0
endloop
endfacet
facet normal 0.1305550609184386 0.9914410603099827 0.0
outer loop
vertex 471.2361145019531 -125.06849670410156 630.0
vertex 472.79290771484375 -125.27349853515625 635.0
vertex 472.79290771484375 -125.27349853515625 630.0
endloop
endfacet
facet normal 0.2163923206362544 0.9763064905907654 0.0
outer loop
vertex 472.79290771484375 -125.27349853515625 630.0
vertex 474.32598876953125 -125.61329650878906 635.0
vertex 474.32598876953125 -125.61329650878906 630.0
endloop
endfacet
facet normal 0.043617271749842146 0.9990483139493807 -0.0
outer loop
vertex 469.6672058105469 -125.0 630.0
vertex 469.6672058105469 -125.0 635.0
vertex 471.2361145019531 -125.06849670410156 635.0
endloop
endfacet
facet normal 0.1305550609184386 0.9914410603099827 -0.0
outer loop
vertex 471.2361145019531 -125.06849670410156 630.0
vertex 471.2361145019531 -125.06849670410156 635.0
vertex 472.79290771484375 -125.27349853515625 635.0
endloop
endfacet
facet normal 0.2163923206362544 0.9763064905907654 -0.0
outer loop
vertex 472.79290771484375 -125.27349853515625 630.0
vertex 472.79290771484375 -125.27349853515625 635.0
vertex 474.32598876953125 -125.61329650878906 635.0
endloop
endfacet
facet normal 0.0 -0.0 1.0
outer loop
vertex 469.6672058105469 -143.0 635.0
vertex 477.2744140625 -126.6865005493164 635.0
vertex 475.8236083984375 -126.08550262451172 635.0
endloop
endfacet
facet normal 0.0 -0.0 0.9999999999999999
outer loop
vertex 469.6672058105469 -143.0 635.0
vertex 478.6672058105469 -127.4114990234375 635.0
vertex 477.2744140625 -126.6865005493164 635.0
endloop
endfacet
facet normal 0.0 -0.0 1.0
outer loop
vertex 469.6672058105469 -143.0 635.0
vertex 479.9916076660156 -128.2552947998047 635.0
vertex 478.6672058105469 -127.4114990234375 635.0
endloop
endfacet
facet normal 0.0 -0.0 1.0
outer loop
vertex 469.6672058105469 -143.0 635.0
vertex 481.2373962402344 -129.21119689941406 635.0
vertex 479.9916076660156 -128.2552947998047 635.0
endloop
endfacet
facet normal 0.30071070015044815 0.9537154055665805 0.0
outer loop
vertex 474.32598876953125 -125.61329650878906 630.0
vertex 475.8236083984375 -126.08550262451172 635.0
vertex 475.8236083984375 -126.08550262451172 630.0
endloop
endfacet
facet normal 0.3827130781012722 0.9238672522880382 0.0
outer loop
vertex 475.8236083984375 -126.08550262451172 630.0
vertex 477.2744140625 -126.6865005493164 635.0
vertex 477.2744140625 -126.6865005493164 630.0
endloop
endfacet
facet normal 0.4617270575918432 0.887022054002931 0.0
outer loop
vertex 477.2744140625 -126.6865005493164 630.0
vertex 478.6672058105469 -127.4114990234375 635.0
vertex 478.6672058105469 -127.4114990234375 630.0
endloop
endfacet
facet normal 0.30071070015044815 0.9537154055665805 -0.0
outer loop
vertex 474.32598876953125 -125.61329650878906 630.0
vertex 474.32598876953125 -125.61329650878906 635.0
vertex 475.8236083984375 -126.08550262451172 635.0
endloop
endfacet
facet normal 0.3827130781012722 0.9238672522880382 -0.0
outer loop
vertex 475.8236083984375 -126.08550262451172 630.0
vertex 475.8236083984375 -126.08550262451172 635.0
vertex 477.2744140625 -126.6865005493164 635.0
endloop
endfacet
facet normal 0.4617270575918432 0.887022054002931 -0.0
outer loop
vertex 477.2744140625 -126.6865005493164 630.0
vertex 477.2744140625 -126.6865005493164 635.0
vertex 478.6672058105469 -127.4114990234375 635.0
endloop
endfacet
facet normal 0.0 0.0 -1.0
outer loop
vertex 477.6368103027344 -142.30279541015625 630.0
vertex 477.5456848144531 -141.6107940673828 630.0
vertex 487.393798828125 -139.87429809570312 630.0
endloop
endfacet
facet normal 0.0 -0.0 -1.0
outer loop
vertex 477.39471435546875 -140.9293975830078 630.0
vertex 487.393798828125 -139.87429809570312 630.0
vertex 477.5456848144531 -141.6107940673828 630.0
endloop
endfacet
facet normal 0.0 0.0 -1.0
outer loop
vertex 477.39471435546875 -140.9293975830078 630.0
vertex 477.184814453125 -140.2637939453125 630.0
vertex 487.05389404296875 -138.34129333496094 630.0
endloop
endfacet
facet normal 0.0 0.0 -1.0
outer loop
vertex 477.184814453125 -140.2637939453125 630.0
vertex 476.9176940917969 -139.6190948486328 630.0
vertex 486.5816955566406 -136.84359741210938 630.0
endloop
endfacet
facet normal 0.0 0.0 -0.9999999999999999
outer loop
vertex 477.6672058105469 -143.0 630.0
vertex 477.6368103027344 -142.30279541015625 630.0
vertex 487.6672058105469 -143.0 630.0
endloop
endfacet
facet normal 0.0 -0.0 -1.0
outer loop
vertex 475.79559326171875 -137.85769653320312 630.0
vertex 484.4119873046875 -132.67559814453125 630.0
vertex 476.2204895019531 -138.41140747070312 630.0
endloop
endfacet
facet normal 0.0 0.0 -1.0
outer loop
vertex 476.5954895019531 -139.0 630.0
vertex 476.2204895019531 -138.41140747070312 630.0
vertex 485.2557067871094 -134.0 630.0
endloop
endfacet
facet normal 0.0 0.0 -0.9999999999999999
outer loop
vertex 476.9176940917969 -139.6190948486328 630.0
vertex 476.5954895019531 -139.0 630.0
vertex 485.9808044433594 -135.3928985595703 630.0
endloop
endfacet
facet normal 0.0 0.0 -1.0
outer loop
vertex 476.9176940917969 -139.6190948486328 630.0
vertex 485.9808044433594 -135.3928985595703 630.0
vertex 486.5816955566406 -136.84359741210938 630.0
endloop
endfacet
facet normal 0.0 0.0 -1.0
outer loop
vertex 476.2204895019531 -138.41140747070312 630.0
vertex 484.4119873046875 -132.67559814453125 630.0
vertex 485.2557067871094 -134.0 630.0
endloop
endfacet
facet normal 0.0 0.0 -0.9999999999999999
outer loop
vertex 476.5954895019531 -139.0 630.0
vertex 485.2557067871094 -134.0 630.0
vertex 485.9808044433594 -135.3928985595703 630.0
endloop
endfacet
facet normal 0.0 0.0 -0.9999999999999999
outer loop
vertex 477.6368103027344 -142.30279541015625 630.0
vertex 487.393798828125 -139.87429809570312 630.0
vertex 487.5987854003906 -141.4311981201172 630.0
endloop
endfacet
facet normal 0.0 0.0 -1.0
outer loop
vertex 477.6368103027344 -142.30279541015625 630.0
vertex 487.5987854003906 -141.4311981201172 630.0
vertex 487.6672058105469 -143.0 630.0
endloop
endfacet
facet normal 0.0 0.0 -1.0
outer loop
vertex 477.39471435546875 -140.9293975830078 630.0
vertex 487.05389404296875 -138.34129333496094 630.0
vertex 487.393798828125 -139.87429809570312 630.0
endloop
endfacet
facet normal 0.0 0.0 -1.0
outer loop
vertex 477.184814453125 -140.2637939453125 630.0
vertex 486.5816955566406 -136.84359741210938 630.0
vertex 487.05389404296875 -138.34129333496094 630.0
endloop
endfacet
facet normal 0.0 -0.0 0.9999999999999999
outer loop
vertex 469.6672058105469 -143.0 635.0
vertex 487.6672058105469 -143.0 635.0
vertex 487.5987854003906 -141.4311981201172 635.0
endloop
endfacet
facet normal 0.0 -0.0 1.0
outer loop
vertex 469.6672058105469 -143.0 635.0
vertex 487.5987854003906 -141.4311981201172 635.0
vertex 487.393798828125 -139.87429809570312 635.0
endloop
endfacet
facet normal 0.0 -0.0 1.0
outer loop
vertex 469.6672058105469 -143.0 635.0
vertex 487.393798828125 -139.87429809570312 635.0
vertex 487.05389404296875 -138.34129333496094 635.0
endloop
endfacet
facet normal 0.0 -0.0 1.0
outer loop
vertex 469.6672058105469 -143.0 635.0
vertex 487.05389404296875 -138.34129333496094 635.0
vertex 486.5816955566406 -136.84359741210938 635.0
endloop
endfacet
facet normal 0.0 -0.0 1.0
outer loop
vertex 469.6672058105469 -143.0 635.0
vertex 485.2557067871094 -134.0 635.0
vertex 484.4119873046875 -132.67559814453125 635.0
endloop
endfacet
facet normal 0.0 -0.0 1.0
outer loop
vertex 469.6672058105469 -143.0 635.0
vertex 485.9808044433594 -135.3928985595703 635.0
vertex 485.2557067871094 -134.0 635.0
endloop
endfacet
facet normal 0.0 -0.0 1.0
outer loop
vertex 469.6672058105469 -143.0 635.0
vertex 486.5816955566406 -136.84359741210938 635.0
vertex 485.9808044433594 -135.3928985595703 635.0
endloop
endfacet
facet normal 0.0 -0.0 1.0
outer loop
vertex 469.6672058105469 -143.0 635.0
vertex 484.4119873046875 -132.67559814453125 635.0
vertex 483.45599365234375 -131.42979431152344 635.0
endloop
endfacet
facet normal 0.9990503006690483 0.04357174236915577 0.0
outer loop
vertex 487.6672058105469 -143.0 630.0
vertex 487.5987854003906 -141.4311981201172 630.0
vertex 487.6672058105469 -143.0 635.0
endloop
endfacet
facet normal 0.991443477216704 0.13053670550634797 0.0
outer loop
vertex 487.5987854003906 -141.4311981201172 630.0
vertex 487.393798828125 -139.87429809570312 630.0
vertex 487.5987854003906 -141.4311981201172 635.0
endloop
endfacet
facet normal 0.976289841742457 0.2164674222844812 0.0
outer loop
vertex 487.393798828125 -139.87429809570312 630.0
vertex 487.05389404296875 -138.34129333496094 630.0
vertex 487.393798828125 -139.87429809570312 635.0
endloop
endfacet
facet normal 0.9990503006690483 0.04357174236915577 -0.0
outer loop
vertex 487.5987854003906 -141.4311981201172 630.0
vertex 487.5987854003906 -141.4311981201172 635.0
vertex 487.6672058105469 -143.0 635.0
endloop
endfacet
facet normal 0.991443477216704 0.13053670550634797 -0.0
outer loop
vertex 487.393798828125 -139.87429809570312 630.0
vertex 487.393798828125 -139.87429809570312 635.0
vertex 487.5987854003906 -141.4311981201172 635.0
endloop
endfacet
facet normal 0.976289841742457 0.2164674222844812 -0.0
outer loop
vertex 487.05389404296875 -138.34129333496094 630.0
vertex 487.05389404296875 -138.34129333496094 635.0
vertex 487.393798828125 -139.87429809570312 635.0
endloop
endfacet
facet normal 0.9238813397273055 0.38267906933052803 0.0
outer loop
vertex 486.5816955566406 -136.84359741210938 630.0
vertex 485.9808044433594 -135.3928985595703 630.0
vertex 486.5816955566406 -136.84359741210938 635.0
endloop
endfacet
facet normal 0.9537211919719945 0.30069234773023074 0.0
outer loop
vertex 487.05389404296875 -138.34129333496094 630.0
vertex 486.5816955566406 -136.84359741210938 630.0
vertex 487.05389404296875 -138.34129333496094 635.0
endloop
endfacet
facet normal 0.8870106867588944 0.46174889450383594 0.0
outer loop
vertex 485.9808044433594 -135.3928985595703 630.0
vertex 485.2557067871094 -134.0 630.0
vertex 485.9808044433594 -135.3928985595703 635.0
endloop
endfacet
facet normal 0.9537211919719945 0.30069234773023074 -0.0
outer loop
vertex 486.5816955566406 -136.84359741210938 630.0
vertex 486.5816955566406 -136.84359741210938 635.0
vertex 487.05389404296875 -138.34129333496094 635.0
endloop
endfacet
facet normal 0.9238813397273055 0.38267906933052803 -0.0
outer loop
vertex 485.9808044433594 -135.3928985595703 630.0
vertex 485.9808044433594 -135.3928985595703 635.0
vertex 486.5816955566406 -136.84359741210938 635.0
endloop
endfacet
facet normal 0.8870106867588944 0.46174889450383594 -0.0
outer loop
vertex 485.9808044433594 -135.3928985595703 635.0
vertex 485.2557067871094 -134.0 630.0
vertex 485.2557067871094 -134.0 635.0
endloop
endfacet
facet normal 0.0 0.0 -1.0
outer loop
vertex 474.80950927734375 -136.87159729003906 630.0
vertex 481.2373962402344 -129.21119689941406 630.0
vertex 482.39520263671875 -130.2720947265625 630.0
endloop
endfacet
facet normal 0.0 0.0 -1.0
outer loop
vertex 475.79559326171875 -137.85769653320312 630.0
vertex 482.39520263671875 -130.2720947265625 630.0
vertex 483.45599365234375 -131.42979431152344 630.0
endloop
endfacet
facet normal 0.0 0.0 -1.0
outer loop
vertex 475.79559326171875 -137.85769653320312 630.0
vertex 483.45599365234375 -131.42979431152344 630.0
vertex 484.4119873046875 -132.67559814453125 630.0
endloop
endfacet
facet normal 0.6755776535724889 0.7372888402746173 0.0
outer loop
vertex 482.39520263671875 -130.2720947265625 630.0
vertex 481.2373962402344 -129.21119689941406 630.0
vertex 482.39520263671875 -130.2720947265625 635.0
endloop
endfacet
facet normal 0.7372916762322702 0.6755745585489505 0.0
outer loop
vertex 482.39520263671875 -130.2720947265625 630.0
vertex 483.45599365234375 -131.42979431152344 635.0
vertex 483.45599365234375 -131.42979431152344 630.0
endloop
endfacet
facet normal 0.6755776535724889 0.7372888402746173 -0.0
outer loop
vertex 481.2373962402344 -129.21119689941406 630.0
vertex 481.2373962402344 -129.21119689941406 635.0
vertex 482.39520263671875 -130.2720947265625 635.0
endloop
endfacet
facet normal 0.7372916762322702 0.6755745585489505 -0.0
outer loop
vertex 482.39520263671875 -130.2720947265625 630.0
vertex 482.39520263671875 -130.2720947265625 635.0
vertex 483.45599365234375 -131.42979431152344 635.0
endloop
endfacet
facet normal 0.5373262153047309 0.8433744947212323 0.0
outer loop
vertex 478.6672058105469 -127.4114990234375 630.0
vertex 479.9916076660156 -128.2552947998047 635.0
vertex 479.9916076660156 -128.2552947998047 630.0
endloop
endfacet
facet normal 0.6087513702580304 0.7933610585407948 0.0
outer loop
vertex 479.9916076660156 -128.2552947998047 630.0
vertex 481.2373962402344 -129.21119689941406 635.0
vertex 481.2373962402344 -129.21119689941406 630.0
endloop
endfacet
facet normal 0.5373262153047309 0.8433744947212323 -0.0
outer loop
vertex 478.6672058105469 -127.4114990234375 630.0
vertex 478.6672058105469 -127.4114990234375 635.0
vertex 479.9916076660156 -128.2552947998047 635.0
endloop
endfacet
facet normal 0.6087513702580304 0.7933610585407948 -0.0
outer loop
vertex 479.9916076660156 -128.2552947998047 630.0
vertex 479.9916076660156 -128.2552947998047 635.0
vertex 481.2373962402344 -129.21119689941406 635.0
endloop
endfacet
facet normal 0.793336501538034 0.6087833730707441 0.0
outer loop
vertex 484.4119873046875 -132.67559814453125 630.0
vertex 483.45599365234375 -131.42979431152344 630.0
vertex 484.4119873046875 -132.67559814453125 635.0
endloop
endfacet
facet normal 0.8433965111371057 0.5372916572977455 0.0
outer loop
vertex 485.2557067871094 -134.0 630.0
vertex 484.4119873046875 -132.67559814453125 630.0
vertex 485.2557067871094 -134.0 635.0
endloop
endfacet
facet normal 0.793336501538034 0.6087833730707441 -0.0
outer loop
vertex 483.45599365234375 -131.42979431152344 630.0
vertex 483.45599365234375 -131.42979431152344 635.0
vertex 484.4119873046875 -132.67559814453125 635.0
endloop
endfacet
facet normal 0.8433965111371057 0.5372916572977455 -0.0
outer loop
vertex 484.4119873046875 -132.67559814453125 630.0
vertex 484.4119873046875 -132.67559814453125 635.0
vertex 485.2557067871094 -134.0 635.0
endloop
endfacet
facet normal 1.0 0.0 -0.0
outer loop
vertex 469.1672058105469 -147.6197967529297 621.0
vertex 469.1672058105469 -147.6197967529297 622.4962768554688
vertex 469.1672058105469 -150.9781951904297 621.0
endloop
endfacet
facet normal 0.9999999999999999 0.0 0.0
outer loop
vertex 469.1672058105469 -147.6197967529297 622.4962768554688
vertex 469.1672058105469 -147.7761993408203 622.779296875
vertex 469.1672058105469 -150.9781951904297 621.0
endloop
endfacet
facet normal 1.0 0.0 0.0
outer loop
vertex 469.1672058105469 -147.7761993408203 622.779296875
vertex 469.1672058105469 -147.82989501953125 622.8875122070312
vertex 469.1672058105469 -150.9781951904297 621.0
endloop
endfacet
facet normal 1.0 0.0 0.0
outer loop
vertex 469.1672058105469 -147.82989501953125 622.8875122070312
vertex 469.1672058105469 -147.8690948486328 622.9907836914062
vertex 469.1672058105469 -150.9781951904297 621.0
endloop
endfacet
facet normal 1.0 0.0 0.0
outer loop
vertex 469.1672058105469 -147.8690948486328 622.9907836914062
vertex 469.1672058105469 -148.06910705566406 623.598876953125
vertex 469.1672058105469 -150.9781951904297 621.0
endloop
endfacet
facet normal 1.0 0.0 0.0
outer loop
vertex 469.1672058105469 -148.06910705566406 623.598876953125
vertex 469.1672058105469 -150.9781951904297 626.0
vertex 469.1672058105469 -150.9781951904297 621.0
endloop
endfacet
facet normal 0.0 0.0 -1.0
outer loop
vertex 469.6672058105469 -151.0 626.0
vertex 469.1672058105469 -150.9781951904297 626.0
vertex 469.4132080078125 -148.18209838867188 626.0
endloop
endfacet
facet normal 0.9999999999999999 0.0 0.0
outer loop
vertex 469.1672058105469 -148.06910705566406 623.598876953125
vertex 469.1672058105469 -148.20550537109375 624.1909790039062
vertex 469.1672058105469 -150.9781951904297 626.0
endloop
endfacet
facet normal 1.0 0.0 0.0
outer loop
vertex 469.1672058105469 -148.20550537109375 624.1909790039062
vertex 469.1672058105469 -148.22479248046875 624.294921875
vertex 469.1672058105469 -150.9781951904297 626.0
endloop
endfacet
facet normal 1.0 0.0 0.0
outer loop
vertex 469.1672058105469 -148.22479248046875 624.294921875
vertex 469.1672058105469 -148.23789978027344 624.4478759765625
vertex 469.1672058105469 -150.9781951904297 626.0
endloop
endfacet
facet normal 0.9999999999999999 0.0 0.0
outer loop
vertex 469.1672058105469 -148.23789978027344 624.4478759765625
vertex 469.1672058105469 -148.2653045654297 625.0
vertex 469.1672058105469 -150.9781951904297 626.0
endloop
endfacet
facet normal 1.0 0.0 -0.0
outer loop
vertex 469.1672058105469 -148.2653045654297 625.0
vertex 469.1672058105469 -148.23789978027344 625.5521240234375
vertex 469.1672058105469 -150.9781951904297 626.0
endloop
endfacet
facet normal 1.0 0.0 -0.0
outer loop
vertex 469.1672058105469 -148.23789978027344 625.5521240234375
vertex 469.1672058105469 -148.22479248046875 625.705078125
vertex 469.1672058105469 -150.9781951904297 626.0
endloop
endfacet
facet normal 1.0 0.0 -0.0
outer loop
vertex 469.1672058105469 -148.22479248046875 625.705078125
vertex 469.1672058105469 -148.20550537109375 625.8090209960938
vertex 469.1672058105469 -150.9781951904297 626.0
endloop
endfacet
facet normal 1.0 0.0 -0.0
outer loop
vertex 469.1672058105469 -148.20550537109375 625.8090209960938
vertex 469.1672058105469 -148.1614990234375 626.0
vertex 469.1672058105469 -150.9781951904297 626.0
endloop
endfacet
facet normal -0.0 0.0 -1.0
outer loop
vertex 469.4132080078125 -148.18209838867188 626.0
vertex 469.1672058105469 -150.9781951904297 626.0
vertex 469.1672058105469 -148.1614990234375 626.0
endloop
endfacet
facet normal 1.0 0.0 -0.0
outer loop
vertex 469.1672058105469 -138.3802032470703 621.0
vertex 469.1672058105469 -135.0218048095703 621.0
vertex 469.1672058105469 -138.1309051513672 622.9907836914062
endloop
endfacet
facet normal 0.9999999999999999 0.0 -0.0
outer loop
vertex 469.1672058105469 -138.3802032470703 621.0
vertex 469.1672058105469 -138.2238006591797 622.779296875
vertex 469.1672058105469 -138.3802032470703 622.4962768554688
endloop
endfacet
facet normal 1.0 0.0 -0.0
outer loop
vertex 469.1672058105469 -138.3802032470703 621.0
vertex 469.1672058105469 -138.17010498046875 622.8875122070312
vertex 469.1672058105469 -138.2238006591797 622.779296875
endloop
endfacet
facet normal 1.0 0.0 -0.0
outer loop
vertex 469.1672058105469 -138.3802032470703 621.0
vertex 469.1672058105469 -138.1309051513672 622.9907836914062
vertex 469.1672058105469 -138.17010498046875 622.8875122070312
endloop
endfacet
facet normal 1.0 -0.0 -0.0
outer loop
vertex 469.1672058105469 -138.1309051513672 622.9907836914062
vertex 469.1672058105469 -135.0218048095703 621.0
vertex 469.1672058105469 -137.93089294433594 623.598876953125
endloop
endfacet
facet normal 1.0 -0.0 -0.0
outer loop
vertex 469.1672058105469 -137.93089294433594 623.598876953125
vertex 469.1672058105469 -135.0218048095703 621.0
vertex 469.1672058105469 -137.79449462890625 624.1909790039062
endloop
endfacet
facet normal 1.0 -0.0 -0.0
outer loop
vertex 469.1672058105469 -137.79449462890625 624.1909790039062
vertex 469.1672058105469 -135.0218048095703 621.0
vertex 469.1672058105469 -137.77520751953125 624.294921875
endloop
endfacet
facet normal 1.0 0.0 0.0
outer loop
vertex 469.1672058105469 -135.0218048095703 621.0
vertex 469.1672058105469 -137.76210021972656 624.4478759765625
vertex 469.1672058105469 -137.77520751953125 624.294921875
endloop
endfacet
facet normal 1.0 0.0 0.0
outer loop
vertex 469.1672058105469 -135.0218048095703 621.0
vertex 469.1672058105469 -137.7346954345703 625.0
vertex 469.1672058105469 -137.76210021972656 624.4478759765625
endloop
endfacet
facet normal 1.0 -0.0 -0.0
outer loop
vertex 469.1672058105469 -137.7346954345703 625.0
vertex 469.1672058105469 -135.0218048095703 621.0
vertex 469.1672058105469 -137.76210021972656 625.5521240234375
endloop
endfacet
facet normal 1.0 -0.0 -0.0
outer loop
vertex 469.1672058105469 -137.76210021972656 625.5521240234375
vertex 469.1672058105469 -135.0218048095703 621.0
vertex 469.1672058105469 -137.77520751953125 625.705078125
endloop
endfacet
facet normal 0.9999999999999999 -0.0 0.0
outer loop
vertex 469.1672058105469 -137.77520751953125 625.705078125
vertex 469.1672058105469 -135.0218048095703 621.0
vertex 469.1672058105469 -135.0218048095703 626.0
endloop
endfacet
facet normal 1.0 0.0 -0.0
outer loop
vertex 469.1672058105469 -137.77520751953125 625.705078125
vertex 469.1672058105469 -135.0218048095703 626.0
vertex 469.1672058105469 -137.79449462890625 625.8090209960938
endloop
endfacet
facet normal 1.0 0.0 -0.0
outer loop
vertex 469.1672058105469 -137.79449462890625 625.8090209960938
vertex 469.1672058105469 -135.0218048095703 626.0
vertex 469.1672058105469 -137.8385009765625 626.0
endloop
endfacet
facet normal 0.0 0.0 -1.0
outer loop
vertex 469.1672058105469 -137.8385009765625 626.0
vertex 469.1672058105469 -135.0218048095703 626.0
vertex 469.4132080078125 -137.81790161132812 626.0
endloop
endfacet
facet normal 0.0 -0.0 -1.0
outer loop
vertex 469.1672058105469 -135.0218048095703 626.0
vertex 469.6672058105469 -135.0 626.0
vertex 469.4132080078125 -137.81790161132812 626.0
endloop
endfacet
facet normal -1.0 0.0 0.0
outer loop
vertex 470.1672058105469 -147.6197967529297 621.0
vertex 470.1672058105469 -150.9781951904297 621.0
vertex 470.1672058105469 -147.8690948486328 622.9907836914062
endloop
endfacet
facet normal -1.0 0.0 0.0
outer loop
vertex 470.1672058105469 -150.9781951904297 621.0
vertex 470.1672058105469 -148.06910705566406 623.598876953125
vertex 470.1672058105469 -147.8690948486328 622.9907836914062
endloop
endfacet
facet normal -0.9999999999999999 0.0 0.0
outer loop
vertex 470.1672058105469 -147.6197967529297 621.0
vertex 470.1672058105469 -147.7761993408203 622.779296875
vertex 470.1672058105469 -147.6197967529297 622.4962768554688
endloop
endfacet
facet normal -1.0 0.0 0.0
outer loop
vertex 470.1672058105469 -147.6197967529297 621.0
vertex 470.1672058105469 -147.82989501953125 622.8875122070312
vertex 470.1672058105469 -147.7761993408203 622.779296875
endloop
endfacet
facet normal -1.0 0.0 0.0
outer loop
vertex 470.1672058105469 -147.6197967529297 621.0
vertex 470.1672058105469 -147.8690948486328 622.9907836914062
vertex 470.1672058105469 -147.82989501953125 622.8875122070312
endloop
endfacet
facet normal -0.9999999999999999 -0.0 0.0
outer loop
vertex 470.1672058105469 -148.22479248046875 625.705078125
vertex 470.1672058105469 -150.9781951904297 621.0
vertex 470.1672058105469 -150.9781951904297 626.0
endloop
endfacet
facet normal -1.0 0.0 0.0
outer loop
vertex 470.1672058105469 -150.9781951904297 621.0
vertex 470.1672058105469 -148.20550537109375 624.1909790039062
vertex 470.1672058105469 -148.06910705566406 623.598876953125
endloop
endfacet
facet normal -1.0 0.0 0.0
outer loop
vertex 470.1672058105469 -150.9781951904297 621.0
vertex 470.1672058105469 -148.22479248046875 624.294921875
vertex 470.1672058105469 -148.20550537109375 624.1909790039062
endloop
endfacet
facet normal -1.0 0.0 0.0
outer loop
vertex 470.1672058105469 -150.9781951904297 621.0
vertex 470.1672058105469 -148.23789978027344 624.4478759765625
vertex 470.1672058105469 -148.22479248046875 624.294921875
endloop
endfacet
facet normal -1.0 0.0 0.0
outer loop
vertex 470.1672058105469 -150.9781951904297 621.0
vertex 470.1672058105469 -148.2653045654297 625.0
vertex 470.1672058105469 -148.23789978027344 624.4478759765625
endloop
endfacet
facet normal -1.0 -0.0 0.0
outer loop
vertex 470.1672058105469 -148.2653045654297 625.0
vertex 470.1672058105469 -150.9781951904297 621.0
vertex 470.1672058105469 -148.23789978027344 625.5521240234375
endloop
endfacet
facet normal -1.0 -0.0 0.0
outer loop
vertex 470.1672058105469 -148.23789978027344 625.5521240234375
vertex 470.1672058105469 -150.9781951904297 621.0
vertex 470.1672058105469 -148.22479248046875 625.705078125
endloop
endfacet
facet normal 0.0 0.0 -0.9999999999999999
outer loop
vertex 469.6672058105469 -151.0 626.0
vertex 469.9212951660156 -148.18209838867188 626.0
vertex 470.1672058105469 -150.9781951904297 626.0
endloop
endfacet
facet normal 0.0 0.0 -1.0
outer loop
vertex 469.6672058105469 -151.0 626.0
vertex 469.4132080078125 -148.18209838867188 626.0
vertex 469.9212951660156 -148.18209838867188 626.0
endloop
endfacet
facet normal -1.0 0.0 0.0
outer loop
vertex 470.1672058105469 -148.22479248046875 625.705078125
vertex 470.1672058105469 -150.9781951904297 626.0
vertex 470.1672058105469 -148.20550537109375 625.8090209960938
endloop
endfacet
facet normal 0.0 0.0 -1.0
outer loop
vertex 469.9212951660156 -148.18209838867188 626.0
vertex 470.1672058105469 -148.1614990234375 626.0
vertex 470.1672058105469 -150.9781951904297 626.0
endloop
endfacet
facet normal -1.0 0.0 0.0
outer loop
vertex 470.1672058105469 -148.20550537109375 625.8090209960938
vertex 470.1672058105469 -150.9781951904297 626.0
vertex 470.1672058105469 -148.1614990234375 626.0
endloop
endfacet
facet normal -1.0 0.0 0.0
outer loop
vertex 470.1672058105469 -138.3802032470703 621.0
vertex 470.1672058105469 -138.3802032470703 622.4962768554688
vertex 470.1672058105469 -135.0218048095703 621.0
endloop
endfacet
facet normal -0.9999999999999999 0.0 0.0
outer loop
vertex 470.1672058105469 -138.3802032470703 622.4962768554688
vertex 470.1672058105469 -138.2238006591797 622.779296875
vertex 470.1672058105469 -135.0218048095703 621.0
endloop
endfacet
facet normal -1.0 0.0 0.0
outer loop
vertex 470.1672058105469 -138.2238006591797 622.779296875
vertex 470.1672058105469 -138.17010498046875 622.8875122070312
vertex 470.1672058105469 -135.0218048095703 621.0
endloop
endfacet
facet normal -1.0 0.0 0.0
outer loop
vertex 470.1672058105469 -138.17010498046875 622.8875122070312
vertex 470.1672058105469 -138.1309051513672 622.9907836914062
vertex 470.1672058105469 -135.0218048095703 621.0
endloop
endfacet
facet normal -1.0 0.0 0.0
outer loop
vertex 470.1672058105469 -138.1309051513672 622.9907836914062
vertex 470.1672058105469 -137.93089294433594 623.598876953125
vertex 470.1672058105469 -135.0218048095703 621.0
endloop
endfacet
facet normal -1.0 0.0 0.0
outer loop
vertex 470.1672058105469 -137.93089294433594 623.598876953125
vertex 470.1672058105469 -135.0218048095703 626.0
vertex 470.1672058105469 -135.0218048095703 621.0
endloop
endfacet
facet normal -0.9999999999999999 0.0 0.0
outer loop
vertex 470.1672058105469 -137.93089294433594 623.598876953125
vertex 470.1672058105469 -137.79449462890625 624.1909790039062
vertex 470.1672058105469 -135.0218048095703 626.0
endloop
endfacet
facet normal -1.0 0.0 0.0
outer loop
vertex 470.1672058105469 -137.79449462890625 624.1909790039062
vertex 470.1672058105469 -137.77520751953125 624.294921875
vertex 470.1672058105469 -135.0218048095703 626.0
endloop
endfacet
facet normal -1.0 0.0 -0.0
outer loop
vertex 470.1672058105469 -137.76210021972656 624.4478759765625
vertex 470.1672058105469 -135.0218048095703 626.0
vertex 470.1672058105469 -137.77520751953125 624.294921875
endloop
endfacet
facet normal -0.9999999999999999 0.0 0.0
outer loop
vertex 470.1672058105469 -137.76210021972656 624.4478759765625
vertex 470.1672058105469 -137.7346954345703 625.0
vertex 470.1672058105469 -135.0218048095703 626.0
endloop
endfacet
facet normal -1.0 0.0 0.0
outer loop
vertex 470.1672058105469 -137.7346954345703 625.0
vertex 470.1672058105469 -137.76210021972656 625.5521240234375
vertex 470.1672058105469 -135.0218048095703 626.0
endloop
endfacet
facet normal -1.0 0.0 0.0
outer loop
vertex 470.1672058105469 -137.76210021972656 625.5521240234375
vertex 470.1672058105469 -137.77520751953125 625.705078125
vertex 470.1672058105469 -135.0218048095703 626.0
endloop
endfacet
facet normal 0.0 0.0 -1.0
outer loop
vertex 469.4132080078125 -137.81790161132812 626.0
vertex 469.6672058105469 -135.0 626.0
vertex 469.9212951660156 -137.81790161132812 626.0
endloop
endfacet
facet normal -1.0 0.0 -0.0
outer loop
vertex 470.1672058105469 -137.79449462890625 625.8090209960938
vertex 470.1672058105469 -135.0218048095703 626.0
vertex 470.1672058105469 -137.77520751953125 625.705078125
endloop
endfacet
facet normal 0.0 0.0 -1.0
outer loop
vertex 469.9212951660156 -137.81790161132812 626.0
vertex 470.1672058105469 -135.0218048095703 626.0
vertex 470.1672058105469 -137.8385009765625 626.0
endloop
endfacet
facet normal -1.0 0.0 0.0
outer loop
vertex 470.1672058105469 -137.79449462890625 625.8090209960938
vertex 470.1672058105469 -137.8385009765625 626.0
vertex 470.1672058105469 -135.0218048095703 626.0
endloop
endfacet
facet normal 0.0 -0.0 -0.9999999999999999
outer loop
vertex 469.6672058105469 -135.0 626.0
vertex 470.1672058105469 -135.0218048095703 626.0
vertex 469.9212951660156 -137.81790161132812 626.0
endloop
endfacet

endsolid
