solid 
facet normal -0.4694731026963434 0.0 -0.8829467740722928
outer loop
vertex 3.6160736083984375 0.0 10.472869873046875
vertex 3.6160736083984375 12.0 10.472869873046875
vertex 6.88299560546875 2.1999969482421875 8.735809326171875
endloop
endfacet
facet normal -0.4694731026963434 -0.0 -0.8829467740722928
outer loop
vertex 3.6160736083984375 12.0 10.472869873046875
vertex 6.88299560546875 9.800003051757812 8.735809326171875
vertex 6.88299560546875 2.1999969482421875 8.735809326171875
endloop
endfacet
facet normal -0.8829469245704478 0.0 0.4694728196515622
outer loop
vertex 3.6160736083984375 0.0 10.472869873046875
vertex 6.1269683837890625 12.0 15.195159912109375
vertex 3.6160736083984375 12.0 10.472869873046875
endloop
endfacet
facet normal -0.8829469245704478 0.0 0.4694728196515622
outer loop
vertex 3.6160736083984375 0.0 10.472869873046875
vertex 6.1269683837890625 0.0 15.195159912109375
vertex 6.1269683837890625 12.0 15.195159912109375
endloop
endfacet
facet normal -0.4694711684139521 -3.684398088163641e-06 -0.882947802542406
outer loop
vertex 3.6160736083984375 0.0 10.472869873046875
vertex 6.88299560546875 2.1999969482421875 8.735809326171875
vertex 19.774032592773438 2.1999969482421875 1.88153076171875
endloop
endfacet
facet normal 0.0 -1.0 0.0
outer loop
vertex 3.6160736083984375 0.0 10.472869873046875
vertex 23.040924072265625 0.0 0.144500732421875
vertex 6.1269683837890625 0.0 15.195159912109375
endloop
endfacet
facet normal -0.0 1.0 0.0
outer loop
vertex 6.88299560546875 2.1999969482421875 8.735809326171875
vertex 12.657485961914062 2.1999969482421875 19.5960693359375
vertex 19.774032592773438 2.1999969482421875 1.88153076171875
endloop
endfacet
facet normal -0.46947131261677716 3.409722829399259e-06 -0.882947725869575
outer loop
vertex 3.6160736083984375 12.0 10.472869873046875
vertex 23.040924072265625 12.0 0.144500732421875
vertex 6.88299560546875 9.800003051757812 8.735809326171875
endloop
endfacet
facet normal -0.0 0.9999999999999999 0.0
outer loop
vertex 3.6160736083984375 12.0 10.472869873046875
vertex 6.1269683837890625 12.0 15.195159912109375
vertex 25.134567260742188 12.0 4.082061767578125
endloop
endfacet
facet normal 0.8829480080865526 0.0 -0.4694707818554731
outer loop
vertex 6.88299560546875 2.1999969482421875 8.735809326171875
vertex 6.88299560546875 9.800003051757812 8.735809326171875
vertex 12.657485961914062 9.800003051757812 19.5960693359375
endloop
endfacet
facet normal -0.882947689237993 0.0 0.46947138152318574
outer loop
vertex 6.1269683837890625 0.0 15.195159912109375
vertex 16.324432373046875 3.0 34.373809814453125
vertex 6.1269683837890625 12.0 15.195159912109375
endloop
endfacet
facet normal 0.8829480080865526 0.0 -0.4694707818554731
outer loop
vertex 6.88299560546875 2.1999969482421875 8.735809326171875
vertex 12.657485961914062 9.800003051757812 19.5960693359375
vertex 12.657485961914062 2.1999969482421875 19.5960693359375
endloop
endfacet
facet normal -0.8829475987928019 -1.3948707132106011e-06 0.46947155162382254
outer loop
vertex 6.1269683837890625 0.0 15.195159912109375
vertex 16.424911499023438 0.0 34.562774658203125
vertex 16.324432373046875 3.0 34.373809814453125
endloop
endfacet
facet normal -0.882947689237993 0.0 0.46947138152318574
outer loop
vertex 6.1269683837890625 12.0 15.195159912109375
vertex 16.324432373046875 3.0 34.373809814453125
vertex 16.324432373046875 12.0 34.373809814453125
endloop
endfacet
facet normal 0.0 1.0 0.0
outer loop
vertex 6.1269683837890625 12.0 15.195159912109375
vertex 16.324432373046875 12.0 34.373809814453125
vertex 16.74810791015625 12.0 34.373809814453125
endloop
endfacet
facet normal -0.4694713126182364 -2.325875465127948e-06 -0.8829477258723194
outer loop
vertex 3.6160736083984375 0.0 10.472869873046875
vertex 19.774032592773438 2.1999969482421875 1.88153076171875
vertex 23.040924072265625 0.0 0.144500732421875
endloop
endfacet
facet normal -0.469471168416151 2.051203270274781e-06 -0.8829478025465417
outer loop
vertex 6.88299560546875 9.800003051757812 8.735809326171875
vertex 23.040924072265625 12.0 0.144500732421875
vertex 19.774032592773438 9.800003051757812 1.88153076171875
endloop
endfacet
facet normal 0.0 -1.0 0.0
outer loop
vertex 6.1269683837890625 0.0 15.195159912109375
vertex 23.040924072265625 0.0 0.144500732421875
vertex 25.134567260742188 0.0 4.082061767578125
endloop
endfacet
facet normal 0.0 1.0 0.0
outer loop
vertex 3.6160736083984375 12.0 10.472869873046875
vertex 25.134567260742188 12.0 4.082061767578125
vertex 23.040924072265625 12.0 0.144500732421875
endloop
endfacet
facet normal 0.0 -1.0 0.0
outer loop
vertex 6.88299560546875 9.800003051757812 8.735809326171875
vertex 19.774032592773438 9.800003051757812 1.88153076171875
vertex 25.548507690429688 9.800003051757812 12.741790771484375
endloop
endfacet
facet normal 0.0 -1.0 0.0
outer loop
vertex 6.1269683837890625 0.0 15.195159912109375
vertex 25.134567260742188 0.0 4.082061767578125
vertex 16.424911499023438 0.0 34.562774658203125
endloop
endfacet
facet normal 0.0 -1.0 0.0
outer loop
vertex 6.88299560546875 9.800003051757812 8.735809326171875
vertex 25.548507690429688 9.800003051757812 12.741790771484375
vertex 12.657485961914062 9.800003051757812 19.5960693359375
endloop
endfacet
facet normal 0.0 1.0 0.0
outer loop
vertex 12.657485961914062 2.1999969482421875 19.5960693359375
vertex 25.548507690429688 2.1999969482421875 12.741790771484375
vertex 19.774032592773438 2.1999969482421875 1.88153076171875
endloop
endfacet
facet normal -0.46947160164017826 0.0 -0.8829475721997347
outer loop
vertex 12.657485961914062 2.1999969482421875 19.5960693359375
vertex 12.657485961914062 9.800003051757812 19.5960693359375
vertex 25.548507690429688 9.800003051757812 12.741790771484375
endloop
endfacet
facet normal -0.46947009153901886 0.0 -0.8829483751331928
outer loop
vertex 19.774032592773438 2.1999969482421875 1.88153076171875
vertex 19.774032592773438 9.800003051757812 1.88153076171875
vertex 23.040924072265625 1.2626953125 0.144500732421875
endloop
endfacet
facet normal -0.4694700915390189 -0.0 -0.8829483751331928
outer loop
vertex 19.774032592773438 2.1999969482421875 1.88153076171875
vertex 23.040924072265625 1.2626953125 0.144500732421875
vertex 23.040924072265625 0.0 0.144500732421875
endloop
endfacet
facet normal -0.4694700915390188 -0.0 -0.8829483751331927
outer loop
vertex 19.774032592773438 9.800003051757812 1.88153076171875
vertex 23.040924072265625 12.0 0.144500732421875
vertex 23.040924072265625 1.2626953125 0.144500732421875
endloop
endfacet
facet normal -0.8829485223178232 0.0 0.4694698147237716
outer loop
vertex 19.774032592773438 2.1999969482421875 1.88153076171875
vertex 25.548507690429688 2.1999969482421875 12.741790771484375
vertex 19.774032592773438 9.800003051757812 1.88153076171875
endloop
endfacet
facet normal 0.8829471422028867 0.0 -0.4694724103456508
outer loop
vertex 23.040924072265625 0.0 0.144500732421875
vertex 23.040924072265625 1.2626953125 0.144500732421875
vertex 25.134567260742188 0.0 4.082061767578125
endloop
endfacet
facet normal 0.8829471422028867 0.0 -0.4694724103456508
outer loop
vertex 23.040924072265625 1.2626953125 0.144500732421875
vertex 23.040924072265625 12.0 0.144500732421875
vertex 25.134567260742188 0.0 4.082061767578125
endloop
endfacet
facet normal 0.8829471422028867 0.0 -0.46947241034565085
outer loop
vertex 23.040924072265625 12.0 0.144500732421875
vertex 25.134567260742188 12.0 4.082061767578125
vertex 25.134567260742188 0.0 4.082061767578125
endloop
endfacet
facet normal -0.8829485223178232 0.0 0.4694698147237716
outer loop
vertex 19.774032592773438 9.800003051757812 1.88153076171875
vertex 25.548507690429688 2.1999969482421875 12.741790771484375
vertex 25.548507690429688 9.800003051757812 12.741790771484375
endloop
endfacet
facet normal -0.46947160164017826 -0.0 -0.8829475721997347
outer loop
vertex 12.657485961914062 2.1999969482421875 19.5960693359375
vertex 25.548507690429688 9.800003051757812 12.741790771484375
vertex 25.548507690429688 2.1999969482421875 12.741790771484375
endloop
endfacet
facet normal -0.0 1.0 0.0
outer loop
vertex 6.1269683837890625 12.0 15.195159912109375
vertex 35.43251037597656 12.0 23.449676513671875
vertex 25.134567260742188 12.0 4.082061767578125
endloop
endfacet
facet normal 0.0 -1.0 0.0
outer loop
vertex 25.134567260742188 0.0 4.082061767578125
vertex 35.43251037597656 0.0 23.449676513671875
vertex 16.424911499023438 0.0 34.562774658203125
endloop
endfacet
facet normal -0.0 1.0 0.0
outer loop
vertex 6.1269683837890625 12.0 15.195159912109375
vertex 16.74810791015625 12.0 34.373809814453125
vertex 35.43251037597656 12.0 23.449676513671875
endloop
endfacet
facet normal -0.8829384192333767 0.0 0.46948881545960797
outer loop
vertex 16.424911499023438 0.0 34.562774658203125
vertex 16.424911499023438 3.0 34.562774658203125
vertex 16.324432373046875 3.0 34.373809814453125
endloop
endfacet
facet normal 0.0 -1.0 0.0
outer loop
vertex 15.97296142578125 3.0 34.373809814453125
vertex 16.324432373046875 3.0 34.373809814453125
vertex 16.424911499023438 3.0 34.562774658203125
endloop
endfacet
facet normal 0.0 0.0 -1.0
outer loop
vertex 15.97296142578125 3.0 34.373809814453125
vertex 15.97296142578125 37.0 34.373809814453125
vertex 16.324432373046875 3.0 34.373809814453125
endloop
endfacet
facet normal 0.0 0.0 -1.0
outer loop
vertex 16.324432373046875 3.0 34.373809814453125
vertex 15.97296142578125 37.0 34.373809814453125
vertex 16.324432373046875 12.0 34.373809814453125
endloop
endfacet
facet normal -1.0 0.0 0.0
outer loop
vertex 15.97296142578125 3.0 34.373809814453125
vertex 15.97296142578125 3.0 46.373809814453125
vertex 15.97296142578125 34.0 41.91796875
endloop
endfacet
facet normal 0.0 -1.0 0.0
outer loop
vertex 15.97296142578125 3.0 34.373809814453125
vertex 16.424911499023438 3.0 34.562774658203125
vertex 22.7049560546875 3.0 46.373809814453125
endloop
endfacet
facet normal 0.0 -1.0 0.0
outer loop
vertex 15.97296142578125 3.0 34.373809814453125
vertex 22.7049560546875 3.0 46.373809814453125
vertex 15.97296142578125 3.0 46.373809814453125
endloop
endfacet
facet normal -0.8829474142016371 0.0 0.46947189879122947
outer loop
vertex 16.424911499023438 0.0 34.562774658203125
vertex 22.7049560546875 3.0 46.373809814453125
vertex 16.424911499023438 3.0 34.562774658203125
endloop
endfacet
facet normal 0.0 0.0 -1.0
outer loop
vertex 16.324432373046875 12.0 34.373809814453125
vertex 15.97296142578125 37.0 34.373809814453125
vertex 16.74810791015625 12.0 34.373809814453125
endloop
endfacet
facet normal -1.0 0.0 0.0
outer loop
vertex 15.97296142578125 3.0 34.373809814453125
vertex 15.97296142578125 34.0 41.91796875
vertex 15.97296142578125 37.0 34.373809814453125
endloop
endfacet
facet normal -0.9999999999999999 0.0 0.0
outer loop
vertex 15.97296142578125 37.0 34.373809814453125
vertex 15.97296142578125 34.0 41.91796875
vertex 15.97296142578125 37.0 41.91796875
endloop
endfacet
facet normal 0.0 -1.0 0.0
outer loop
vertex 13.730575561523438 34.0 41.91796875
vertex 15.97296142578125 34.0 41.91796875
vertex 15.97296142578125 34.0 46.373809814453125
endloop
endfacet
facet normal 0.0 0.0 -1.0
outer loop
vertex 13.730575561523438 34.0 41.91796875
vertex 15.97296142578125 37.0 41.91796875
vertex 15.97296142578125 34.0 41.91796875
endloop
endfacet
facet normal 0.0 -0.9999999999999999 0.0
outer loop
vertex 16.424911499023438 0.0 34.562774658203125
vertex 35.43251037597656 0.0 23.449676513671875
vertex 26.72283935546875 0.0 53.93035888671875
endloop
endfacet
facet normal 0.0 1.0 0.0
outer loop
vertex 15.97296142578125 37.0 34.373809814453125
vertex 15.97296142578125 37.0 41.91796875
vertex 47.97296142578125 37.0 41.91796875
endloop
endfacet
facet normal 0.0 -0.0 -0.9999999999999999
outer loop
vertex 13.730575561523438 34.0 41.91796875
vertex 49.73057556152344 142.0 41.91796875
vertex 15.97296142578125 37.0 41.91796875
endloop
endfacet
facet normal 0.0 -0.0 0.9999999999999999
outer loop
vertex 15.97296142578125 3.0 46.373809814453125
vertex 22.7049560546875 12.0 46.373809814453125
vertex 15.97296142578125 34.0 46.373809814453125
endloop
endfacet
facet normal -1.0 0.0 0.0
outer loop
vertex 15.97296142578125 34.0 41.91796875
vertex 15.97296142578125 3.0 46.373809814453125
vertex 15.97296142578125 34.0 46.373809814453125
endloop
endfacet
facet normal 0.0 -1.0 0.0
outer loop
vertex 13.730575561523438 34.0 41.91796875
vertex 15.97296142578125 34.0 46.373809814453125
vertex 13.97296142578125 34.0 48.373809814453125
endloop
endfacet
facet normal 0.0 0.0 1.0
outer loop
vertex 15.97296142578125 3.0 46.373809814453125
vertex 22.7049560546875 3.0 46.373809814453125
vertex 22.7049560546875 12.0 46.373809814453125
endloop
endfacet
facet normal -0.8829475805055793 1.5795298281223913e-06 0.4694715860165007
outer loop
vertex 16.424911499023438 0.0 34.562774658203125
vertex 26.72283935546875 0.0 53.93035888671875
vertex 22.7049560546875 3.0 46.373809814453125
endloop
endfacet
facet normal -0.8829478404446455 0.0 0.469471097144581
outer loop
vertex 22.7049560546875 3.0 46.373809814453125
vertex 26.72283935546875 0.0 53.93035888671875
vertex 22.7049560546875 12.0 46.373809814453125
endloop
endfacet
facet normal -0.8829478404446455 0.0 0.469471097144581
outer loop
vertex 22.7049560546875 12.0 46.373809814453125
vertex 26.72283935546875 0.0 53.93035888671875
vertex 26.72283935546875 12.0 53.93035888671875
endloop
endfacet
facet normal -0.0 0.0 0.9999999999999999
outer loop
vertex 15.97296142578125 34.0 46.373809814453125
vertex 22.7049560546875 12.0 46.373809814453125
vertex 39.64739990234375 12.0 46.373809814453125
endloop
endfacet
facet normal 0.0 -1.0 0.0
outer loop
vertex 13.97296142578125 34.0 48.373809814453125
vertex 15.97296142578125 34.0 46.373809814453125
vertex 49.97296142578125 34.0 48.373809814453125
endloop
endfacet
facet normal -0.9992959231452745 0.0 0.03751876843972367
outer loop
vertex 13.730575561523438 34.0 41.91796875
vertex 13.97296142578125 34.0 48.373809814453125
vertex 13.97296142578125 142.0 48.373809814453125
endloop
endfacet
facet normal -0.9992959297947199 0.0 0.037518591334246745
outer loop
vertex 0.0 142.0 16.094482421875
vertex 0.2423858642578125 142.0 22.55035400390625
vertex 0.0 154.0 16.094482421875
endloop
endfacet
facet normal 0.0 0.0 -1.0
outer loop
vertex 0.0 142.0 16.094482421875
vertex 5.142852783203125 154.0 16.094482421875
vertex 13.749176025390625 144.0 16.094482421875
endloop
endfacet
facet normal -0.4694676954236088 0.0 -0.8829496491610638
outer loop
vertex 9.185546875 144.0 7.51153564453125
vertex 9.185546875 154.0 7.51153564453125
vertex 12.010971069335938 146.20000004768372 6.009246826171875
endloop
endfacet
facet normal -0.8829477926394907 0.0 0.46947118705310426
outer loop
vertex 9.185546875 144.0 7.51153564453125
vertex 12.465240478515625 144.0 13.67974853515625
vertex 12.465240478515625 154.0 13.67974853515625
endloop
endfacet
facet normal -0.8829477801442928 0.0 0.46947121055317703
outer loop
vertex 12.465240478515625 144.0 13.67974853515625
vertex 13.749176025390625 144.0 16.094482421875
vertex 13.749176025390625 154.0 16.094482421875
endloop
endfacet
facet normal -0.0 -1.0 0.0
outer loop
vertex 0.0 142.0 16.094482421875
vertex 24.905685424804688 142.0 30.08221435546875
vertex 0.2423858642578125 142.0 22.55035400390625
endloop
endfacet
facet normal 0.0 -1.0 0.0
outer loop
vertex 0.2423858642578125 142.0 22.55035400390625
vertex 13.730575561523438 142.0 41.91796875
vertex 13.97296142578125 142.0 48.373809814453125
endloop
endfacet
facet normal -0.8829475850784313 0.0 0.46947157741887463
outer loop
vertex 0.2423858642578125 142.0 22.55035400390625
vertex 13.97296142578125 142.0 48.373809814453125
vertex 13.97296142578125 144.0 48.373809814453125
endloop
endfacet
facet normal -0.8829475850784313 0.0 0.46947157741887463
outer loop
vertex 0.2423858642578125 142.0 22.55035400390625
vertex 13.97296142578125 144.0 48.373809814453125
vertex 13.97296142578125 156.0 48.373809814453125
endloop
endfacet
facet normal 0.0 -1.0 0.0
outer loop
vertex 0.2423858642578125 142.0 22.55035400390625
vertex 25.309661865234375 142.0 40.84197998046875
vertex 13.730575561523438 142.0 41.91796875
endloop
endfacet
facet normal 0.0 0.0 -1.0
outer loop
vertex 13.730575561523438 34.0 41.91796875
vertex 13.730575561523438 142.0 41.91796875
vertex 49.73057556152344 142.0 41.91796875
endloop
endfacet
facet normal -0.4694713342609157 5.994503443560509e-06 -0.8829477143474247
outer loop
vertex 9.185546875 144.0 7.51153564453125
vertex 12.010971069335938 146.20000004768372 6.009246826171875
vertex 20.487274169921875 146.20000004768372 1.5023193359375
endloop
endfacet
facet normal 0.0 -1.0 0.0
outer loop
vertex 9.185546875 144.0 7.51153564453125
vertex 23.312698364257812 144.0 0.0
vertex 12.465240478515625 144.0 13.67974853515625
endloop
endfacet
facet normal -0.0 1.0 0.0
outer loop
vertex 12.010971069335938 146.20000004768372 6.009246826171875
vertex 17.78546142578125 146.20000004768372 16.869476318359375
vertex 20.487274169921875 146.20000004768372 1.5023193359375
endloop
endfacet
facet normal -0.46947136569384595 6.201634389729486e-06 -0.8829476976328182
outer loop
vertex 9.185546875 144.0 7.51153564453125
vertex 20.487274169921875 146.20000004768372 1.5023193359375
vertex 23.312698364257812 144.0 0.0
endloop
endfacet
facet normal 0.0 0.0 -1.0
outer loop
vertex 0.0 142.0 16.094482421875
vertex 13.749176025390625 144.0 16.094482421875
vertex 31.870285034179688 144.0 16.094482421875
endloop
endfacet
facet normal 0.8829474612424443 0.0 -0.46947181032040936
outer loop
vertex 12.010971069335938 146.20000004768372 6.009246826171875
vertex 17.78546142578125 151.79999995231628 16.869476318359375
vertex 17.78546142578125 146.20000004768372 16.869476318359375
endloop
endfacet
facet normal 0.0 -0.9999999999999999 0.0
outer loop
vertex 12.465240478515625 144.0 13.67974853515625
vertex 31.870285034179688 144.0 16.094482421875
vertex 13.749176025390625 144.0 16.094482421875
endloop
endfacet
facet normal -0.46947513025807625 0.0 -0.8829456959910742
outer loop
vertex 20.487274169921875 146.20000004768372 1.5023193359375
vertex 20.487274169921875 151.79999995231628 1.5023193359375
vertex 23.312698364257812 144.0 0.0
endloop
endfacet
facet normal -0.8829474612424443 0.0 0.46947181032040936
outer loop
vertex 20.487274169921875 146.20000004768372 1.5023193359375
vertex 26.261764526367188 146.20000004768372 12.362548828125
vertex 20.487274169921875 151.79999995231628 1.5023193359375
endloop
endfacet
facet normal 0.0 -1.0 0.0
outer loop
vertex 12.465240478515625 144.0 13.67974853515625
vertex 23.312698364257812 144.0 0.0
vertex 26.2889404296875 144.0 5.597503662109375
endloop
endfacet
facet normal 0.0 1.0 0.0
outer loop
vertex 17.78546142578125 146.20000004768372 16.869476318359375
vertex 26.261764526367188 146.20000004768372 12.362548828125
vertex 20.487274169921875 146.20000004768372 1.5023193359375
endloop
endfacet
facet normal 0.8829478168368896 0.0 -0.46947114154436603
outer loop
vertex 23.312698364257812 144.0 0.0
vertex 23.312698364257812 154.0 0.0
vertex 26.2889404296875 144.0 5.597503662109375
endloop
endfacet
facet normal 0.0 0.0 -1.0
outer loop
vertex 0.0 142.0 16.094482421875
vertex 31.870285034179688 144.0 16.094482421875
vertex 36.0 142.0 16.094482421875
endloop
endfacet
facet normal -0.46947133426935067 -0.0 -0.8829477143632886
outer loop
vertex 17.78546142578125 146.20000004768372 16.869476318359375
vertex 26.261764526367188 151.79999995231628 12.362548828125
vertex 26.261764526367188 146.20000004768372 12.362548828125
endloop
endfacet
facet normal 0.0 -0.9999999999999999 0.0
outer loop
vertex 0.0 142.0 16.094482421875
vertex 36.0 142.0 16.094482421875
vertex 24.905685424804688 142.0 30.08221435546875
endloop
endfacet
facet normal 0.0 -1.0 0.0
outer loop
vertex 12.465240478515625 144.0 13.67974853515625
vertex 26.2889404296875 144.0 5.597503662109375
vertex 31.870285034179688 144.0 16.094482421875
endloop
endfacet
facet normal 0.0 -1.0 0.0
outer loop
vertex 0.2423858642578125 142.0 22.55035400390625
vertex 24.905685424804688 142.0 30.08221435546875
vertex 25.309661865234375 142.0 40.84197998046875
endloop
endfacet
facet normal -0.9992959271349532 0.0 0.03751866217623702
outer loop
vertex 24.905685424804688 138.0 30.08221435546875
vertex 25.309661865234375 138.0 40.84197998046875
vertex 25.309661865234375 142.0 40.84197998046875
endloop
endfacet
facet normal -0.9992959271349532 0.0 0.03751866217623702
outer loop
vertex 24.905685424804688 138.0 30.08221435546875
vertex 25.309661865234375 142.0 40.84197998046875
vertex 24.905685424804688 142.0 30.08221435546875
endloop
endfacet
facet normal -0.9992959231452745 0.0 0.03751876843972367
outer loop
vertex 13.730575561523438 34.0 41.91796875
vertex 13.97296142578125 142.0 48.373809814453125
vertex 13.730575561523438 142.0 41.91796875
endloop
endfacet
facet normal 0.0 -0.0 1.0
outer loop
vertex 13.97296142578125 34.0 48.373809814453125
vertex 49.39231872558594 142.2258062362671 48.373809814453125
vertex 13.97296142578125 142.0 48.373809814453125
endloop
endfacet
facet normal 0.0 -0.0 1.0
outer loop
vertex 13.97296142578125 142.0 48.373809814453125
vertex 49.39231872558594 142.2258062362671 48.373809814453125
vertex 13.97296142578125 144.0 48.373809814453125
endloop
endfacet
facet normal 0.0 0.0 1.0
outer loop
vertex 13.97296142578125 144.0 48.373809814453125
vertex 30.912399291992188 144.0 48.373809814453125
vertex 30.912399291992188 154.0 48.373809814453125
endloop
endfacet
facet normal 0.8829475987936609 0.0 -0.4694715516242792
outer loop
vertex 25.134567260742188 0.0 4.082061767578125
vertex 25.134567260742188 12.0 4.082061767578125
vertex 35.43251037597656 12.0 23.449676513671875
endloop
endfacet
facet normal 0.8829475987936609 0.0 -0.4694715516242792
outer loop
vertex 25.134567260742188 0.0 4.082061767578125
vertex 35.43251037597656 12.0 23.449676513671875
vertex 35.43251037597656 0.0 23.449676513671875
endloop
endfacet
facet normal -0.0 1.0 0.0
outer loop
vertex 16.74810791015625 12.0 34.373809814453125
vertex 41.24098205566406 12.0 34.373809814453125
vertex 35.43251037597656 12.0 23.449676513671875
endloop
endfacet
facet normal 0.0 0.0 -1.0
outer loop
vertex 16.74810791015625 12.0 34.373809814453125
vertex 15.97296142578125 37.0 34.373809814453125
vertex 47.97296142578125 37.0 34.373809814453125
endloop
endfacet
facet normal 0.8829473593071009 0.0 -0.4694720020327273
outer loop
vertex 35.43251037597656 0.0 23.449676513671875
vertex 35.43251037597656 12.0 23.449676513671875
vertex 41.24098205566406 12.0 34.373809814453125
endloop
endfacet
facet normal 0.882947359307101 0.0 -0.4694720020327273
outer loop
vertex 35.43251037597656 0.0 23.449676513671875
vertex 41.24098205566406 12.0 34.373809814453125
vertex 41.24098205566406 3.0 34.373809814453125
endloop
endfacet
facet normal 0.0 -0.9999999999999999 0.0
outer loop
vertex 26.72283935546875 0.0 53.93035888671875
vertex 35.43251037597656 0.0 23.449676513671875
vertex 45.730438232421875 0.0 42.8172607421875
endloop
endfacet
facet normal 0.0 -0.0 -0.9999999999999999
outer loop
vertex 16.74810791015625 12.0 34.373809814453125
vertex 47.97296142578125 37.0 34.373809814453125
vertex 41.24098205566406 12.0 34.373809814453125
endloop
endfacet
facet normal -0.0 1.0 0.0
outer loop
vertex 15.97296142578125 37.0 34.373809814453125
vertex 47.97296142578125 37.0 41.91796875
vertex 47.97296142578125 37.0 34.373809814453125
endloop
endfacet
facet normal 0.0 -0.0 -1.0
outer loop
vertex 15.97296142578125 37.0 41.91796875
vertex 49.73057556152344 142.0 41.91796875
vertex 47.97296142578125 37.0 41.91796875
endloop
endfacet
facet normal 0.8829475805050139 -1.943147270734566e-06 -0.46947158601620004
outer loop
vertex 35.43251037597656 0.0 23.449676513671875
vertex 41.24098205566406 3.0 34.373809814453125
vertex 45.730438232421875 0.0 42.8172607421875
endloop
endfacet
facet normal 0.0 0.0 -1.0
outer loop
vertex 41.24098205566406 3.0 34.373809814453125
vertex 41.24098205566406 12.0 34.373809814453125
vertex 47.97296142578125 3.0 34.373809814453125
endloop
endfacet
facet normal 0.0 -0.9999999999999999 0.0
outer loop
vertex 41.24098205566406 3.0 34.373809814453125
vertex 47.97296142578125 3.0 34.373809814453125
vertex 45.730438232421875 3.0 42.8172607421875
endloop
endfacet
facet normal 0.8829478666944787 0.0 -0.469471047775759
outer loop
vertex 41.24098205566406 3.0 34.373809814453125
vertex 45.730438232421875 3.0 42.8172607421875
vertex 45.730438232421875 0.0 42.8172607421875
endloop
endfacet
facet normal 0.0 0.0 -1.0
outer loop
vertex 41.24098205566406 12.0 34.373809814453125
vertex 47.97296142578125 37.0 34.373809814453125
vertex 47.97296142578125 3.0 34.373809814453125
endloop
endfacet
facet normal 0.0 -1.0 0.0
outer loop
vertex 45.730438232421875 3.0 42.8172607421875
vertex 47.97296142578125 3.0 34.373809814453125
vertex 47.97296142578125 3.0 46.373809814453125
endloop
endfacet
facet normal 1.0 0.0 -0.0
outer loop
vertex 47.97296142578125 3.0 34.373809814453125
vertex 47.97296142578125 37.0 34.373809814453125
vertex 47.97296142578125 3.0 46.373809814453125
endloop
endfacet
facet normal 1.0 0.0 0.0
outer loop
vertex 47.97296142578125 37.0 34.373809814453125
vertex 47.97296142578125 34.0 41.91796875
vertex 47.97296142578125 3.0 46.373809814453125
endloop
endfacet
facet normal 0.9999999999999999 0.0 -0.0
outer loop
vertex 47.97296142578125 37.0 34.373809814453125
vertex 47.97296142578125 37.0 41.91796875
vertex 47.97296142578125 34.0 41.91796875
endloop
endfacet
facet normal 0.0 -1.0 0.0
outer loop
vertex 47.97296142578125 34.0 41.91796875
vertex 49.73057556152344 34.0 41.91796875
vertex 47.97296142578125 34.0 46.373809814453125
endloop
endfacet
facet normal 0.0 0.0 -1.0
outer loop
vertex 47.97296142578125 34.0 41.91796875
vertex 47.97296142578125 37.0 41.91796875
vertex 49.73057556152344 34.0 41.91796875
endloop
endfacet
facet normal 0.0 0.0 -1.0
outer loop
vertex 47.97296142578125 37.0 41.91796875
vertex 49.73057556152344 142.0 41.91796875
vertex 49.73057556152344 34.0 41.91796875
endloop
endfacet
facet normal -0.0 1.0 0.0
outer loop
vertex 22.7049560546875 12.0 46.373809814453125
vertex 26.72283935546875 12.0 53.93035888671875
vertex 39.64739990234375 12.0 46.373809814453125
endloop
endfacet
facet normal -0.8829475987936609 0.0 0.4694715516242792
outer loop
vertex 26.72283935546875 0.0 53.93035888671875
vertex 37.020782470703125 12.0 73.2979736328125
vertex 26.72283935546875 12.0 53.93035888671875
endloop
endfacet
facet normal 0.0 0.9999999999999999 0.0
outer loop
vertex 26.72283935546875 12.0 53.93035888671875
vertex 47.621490478515625 12.0 46.373809814453125
vertex 39.64739990234375 12.0 46.373809814453125
endloop
endfacet
facet normal 0.0 -1.0 0.0
outer loop
vertex 26.72283935546875 0.0 53.93035888671875
vertex 45.730438232421875 0.0 42.8172607421875
vertex 37.020782470703125 0.0 73.2979736328125
endloop
endfacet
facet normal -0.0 1.0 0.0
outer loop
vertex 26.72283935546875 12.0 53.93035888671875
vertex 37.020782470703125 12.0 73.2979736328125
vertex 47.621490478515625 12.0 46.373809814453125
endloop
endfacet
facet normal -0.0 0.0 1.0
outer loop
vertex 15.97296142578125 34.0 46.373809814453125
vertex 39.64739990234375 12.0 46.373809814453125
vertex 47.97296142578125 34.0 46.373809814453125
endloop
endfacet
facet normal 0.0 -1.0 0.0
outer loop
vertex 15.97296142578125 34.0 46.373809814453125
vertex 47.97296142578125 34.0 46.373809814453125
vertex 49.97296142578125 34.0 48.373809814453125
endloop
endfacet
facet normal -0.8829475987936609 0.0 0.4694715516242792
outer loop
vertex 26.72283935546875 0.0 53.93035888671875
vertex 37.020782470703125 0.0 73.2979736328125
vertex 37.020782470703125 12.0 73.2979736328125
endloop
endfacet
facet normal -0.8829477351318149 0.0 0.46947129520940717
outer loop
vertex 37.020782470703125 0.0 73.2979736328125
vertex 43.78559875488281 3.0 86.020751953125
vertex 37.020782470703125 12.0 73.2979736328125
endloop
endfacet
facet normal 0.0 0.0 1.0
outer loop
vertex 13.97296142578125 34.0 48.373809814453125
vertex 49.97296142578125 34.0 48.373809814453125
vertex 49.97296142578125 142.0 48.373809814453125
endloop
endfacet
facet normal 0.8829474323010658 0.0 -0.4694718647511849
outer loop
vertex 45.730438232421875 0.0 42.8172607421875
vertex 45.730438232421875 3.0 42.8172607421875
vertex 47.621490478515625 3.0 46.373809814453125
endloop
endfacet
facet normal 0.0 -1.0 0.0
outer loop
vertex 45.730438232421875 0.0 42.8172607421875
vertex 56.02836608886719 0.0 62.18487548828125
vertex 37.020782470703125 0.0 73.2979736328125
endloop
endfacet
facet normal 0.0 1.0 0.0
outer loop
vertex 37.020782470703125 12.0 73.2979736328125
vertex 56.02836608886719 12.0 62.18487548828125
vertex 47.621490478515625 12.0 46.373809814453125
endloop
endfacet
facet normal 0.0 0.0 0.9999999999999999
outer loop
vertex 39.64739990234375 12.0 46.373809814453125
vertex 47.621490478515625 12.0 46.373809814453125
vertex 47.97296142578125 34.0 46.373809814453125
endloop
endfacet
facet normal 0.0 -1.0 0.0
outer loop
vertex 45.730438232421875 3.0 42.8172607421875
vertex 47.97296142578125 3.0 46.373809814453125
vertex 47.621490478515625 3.0 46.373809814453125
endloop
endfacet
facet normal 0.8829478871449105 -1.3008480292096664e-06 -0.4694710093122323
outer loop
vertex 45.730438232421875 0.0 42.8172607421875
vertex 47.621490478515625 3.0 46.373809814453125
vertex 56.02836608886719 0.0 62.18487548828125
endloop
endfacet
facet normal 0.0 0.0 1.0
outer loop
vertex 47.621490478515625 3.0 46.373809814453125
vertex 47.97296142578125 3.0 46.373809814453125
vertex 47.97296142578125 34.0 46.373809814453125
endloop
endfacet
facet normal 0.0 -0.0 1.0
outer loop
vertex 47.621490478515625 3.0 46.373809814453125
vertex 47.97296142578125 34.0 46.373809814453125
vertex 47.621490478515625 12.0 46.373809814453125
endloop
endfacet
facet normal 0.8829479894585794 0.0 -0.4694708168896681
outer loop
vertex 47.621490478515625 3.0 46.373809814453125
vertex 47.621490478515625 12.0 46.373809814453125
vertex 56.02836608886719 12.0 62.18487548828125
endloop
endfacet
facet normal 0.8829479894585796 0.0 -0.46947081688966813
outer loop
vertex 47.621490478515625 3.0 46.373809814453125
vertex 56.02836608886719 12.0 62.18487548828125
vertex 56.02836608886719 0.0 62.18487548828125
endloop
endfacet
facet normal 1.0 0.0 -0.0
outer loop
vertex 47.97296142578125 34.0 41.91796875
vertex 47.97296142578125 34.0 46.373809814453125
vertex 47.97296142578125 3.0 46.373809814453125
endloop
endfacet
facet normal -0.0 -1.0 0.0
outer loop
vertex 49.73057556152344 34.0 41.91796875
vertex 49.97296142578125 34.0 48.373809814453125
vertex 47.97296142578125 34.0 46.373809814453125
endloop
endfacet
facet normal -0.0 1.0 0.0
outer loop
vertex 37.020782470703125 12.0 73.2979736328125
vertex 43.78559875488281 12.0 86.020751953125
vertex 56.02836608886719 12.0 62.18487548828125
endloop
endfacet
facet normal -0.882947735131815 0.0 0.46947129520940717
outer loop
vertex 37.020782470703125 12.0 73.2979736328125
vertex 43.78559875488281 3.0 86.020751953125
vertex 43.78559875488281 12.0 86.020751953125
endloop
endfacet
facet normal -0.8829478871445898 1.5552490143428208e-06 0.46947100931206176
outer loop
vertex 37.020782470703125 0.0 73.2979736328125
vertex 47.31871032714844 0.0 92.66558837890625
vertex 43.78559875488281 3.0 86.020751953125
endloop
endfacet
facet normal 0.0 0.0 -1.0
outer loop
vertex 43.43412780761719 3.0 86.020751953125
vertex 43.43412780761719 37.0 86.020751953125
vertex 43.78559875488281 3.0 86.020751953125
endloop
endfacet
facet normal 0.0 0.0 -1.0
outer loop
vertex 43.78559875488281 3.0 86.020751953125
vertex 43.43412780761719 37.0 86.020751953125
vertex 43.78559875488281 12.0 86.020751953125
endloop
endfacet
facet normal 0.0 -1.0 0.0
outer loop
vertex 37.020782470703125 0.0 73.2979736328125
vertex 56.02836608886719 0.0 62.18487548828125
vertex 47.31871032714844 0.0 92.66558837890625
endloop
endfacet
facet normal 0.0 0.0 -1.0
outer loop
vertex 43.78559875488281 12.0 86.020751953125
vertex 43.43412780761719 37.0 86.020751953125
vertex 58.68385314941406 12.0 86.020751953125
endloop
endfacet
facet normal 0.9992959231452745 0.0 -0.03751876843972367
outer loop
vertex 49.73057556152344 34.0 41.91796875
vertex 49.73057556152344 142.0 41.91796875
vertex 49.97296142578125 34.0 48.373809814453125
endloop
endfacet
facet normal 0.8829475233349714 0.0 -0.46947169354141044
outer loop
vertex 26.2889404296875 144.0 5.597503662109375
vertex 31.870285034179688 154.0 16.094482421875
vertex 31.870285034179688 144.0 16.094482421875
endloop
endfacet
facet normal 0.0 0.0 -1.0
outer loop
vertex 31.870285034179688 144.0 16.094482421875
vertex 31.870285034179688 154.0 16.094482421875
vertex 36.0 142.0 16.094482421875
endloop
endfacet
facet normal 0.8829475694758289 0.0 -0.4694716067630995
outer loop
vertex 36.0 142.0 16.094482421875
vertex 36.0 154.0 16.094482421875
vertex 40.59629821777344 143.95921325683594 24.738861083984375
endloop
endfacet
facet normal -0.322364314793854 0.0 -0.9466156815453086
outer loop
vertex 24.905685424804688 138.0 30.08221435546875
vertex 24.905685424804688 142.0 30.08221435546875
vertex 35.43768310546875 142.0 26.49560546875
endloop
endfacet
facet normal 0.0 -1.0 0.0
outer loop
vertex 24.905685424804688 142.0 30.08221435546875
vertex 36.0 142.0 16.094482421875
vertex 35.43768310546875 142.0 26.49560546875
endloop
endfacet
facet normal 0.35109319486656615 -0.9362477273376606 -0.013181865325239081
outer loop
vertex 24.905685424804688 138.0 30.08221435546875
vertex 35.43768310546875 142.0 26.49560546875
vertex 35.57234191894531 142.0 30.082183837890625
endloop
endfacet
facet normal 0.35109319503969044 -0.9362477277990399 -0.013181827944437233
outer loop
vertex 24.905685424804688 138.0 30.08221435546875
vertex 35.57234191894531 142.0 30.082183837890625
vertex 25.309661865234375 138.0 40.84197998046875
endloop
endfacet
facet normal 0.0 -0.0 1.0
outer loop
vertex 25.309661865234375 138.0 40.84197998046875
vertex 35.97633361816406 142.0 40.84197998046875
vertex 25.309661865234375 142.0 40.84197998046875
endloop
endfacet
facet normal 0.0 -1.0 0.0
outer loop
vertex 13.730575561523438 142.0 41.91796875
vertex 25.309661865234375 142.0 40.84197998046875
vertex 49.73057556152344 142.0 41.91796875
endloop
endfacet
facet normal 0.351092785720756 -0.9362478750262458 -0.0131822730846634
outer loop
vertex 25.309661865234375 138.0 40.84197998046875
vertex 35.57234191894531 142.0 30.082183837890625
vertex 35.97633361816406 142.0 40.84197998046875
endloop
endfacet
facet normal 0.8830087211738872 -0.0006529869983148154 -0.46935612485492995
outer loop
vertex 36.0 142.0 16.094482421875
vertex 40.59629821777344 143.95921325683594 24.738861083984375
vertex 40.71333312988281 144.0 24.958984375
endloop
endfacet
facet normal -0.0 -1.0 0.0
outer loop
vertex 35.43768310546875 142.0 26.49560546875
vertex 49.73057556152344 142.0 41.91796875
vertex 35.57234191894531 142.0 30.082183837890625
endloop
endfacet
facet normal 0.0 -1.0 0.0
outer loop
vertex 25.309661865234375 142.0 40.84197998046875
vertex 35.97633361816406 142.0 40.84197998046875
vertex 49.73057556152344 142.0 41.91796875
endloop
endfacet
facet normal 0.3510921449220173 -0.93624799975283 -0.01319047887235257
outer loop
vertex 40.59629821777344 143.95921325683594 24.738861083984375
vertex 40.70368957519531 144.0 24.702301025390625
vertex 40.71333312988281 144.0 24.958984375
endloop
endfacet
facet normal -0.32227405618131666 -0.0 -0.9466464137746688
outer loop
vertex 40.59629821777344 143.95921325683594 24.738861083984375
vertex 40.70368957519531 154.0 24.702301025390625
vertex 40.70368957519531 144.0 24.702301025390625
endloop
endfacet
facet normal 0.9992949994628472 0.0 -0.03754336224352155
outer loop
vertex 40.70368957519531 144.0 24.702301025390625
vertex 40.71333312988281 154.0 24.958984375
vertex 40.71333312988281 144.0 24.958984375
endloop
endfacet
facet normal -0.0 -1.0 0.0
outer loop
vertex 36.0 142.0 16.094482421875
vertex 49.73057556152344 142.0 41.91796875
vertex 35.43768310546875 142.0 26.49560546875
endloop
endfacet
facet normal 0.8829478150576191 3.460747562837802e-07 -0.46947114489056363
outer loop
vertex 36.0 142.0 16.094482421875
vertex 40.71333312988281 144.0 24.958984375
vertex 49.73057556152344 142.0 41.91796875
endloop
endfacet
facet normal 0.8829477981398666 0.0 -0.46947117670839095
outer loop
vertex 40.71333312988281 144.0 24.958984375
vertex 40.71333312988281 154.0 24.958984375
vertex 49.73057556152344 142.0 41.91796875
endloop
endfacet
facet normal -0.0 -0.9999999999999999 0.0
outer loop
vertex 35.57234191894531 142.0 30.082183837890625
vertex 49.73057556152344 142.0 41.91796875
vertex 35.97633361816406 142.0 40.84197998046875
endloop
endfacet
facet normal 0.8829477981398667 0.0 -0.46947117670839106
outer loop
vertex 49.73057556152344 142.0 41.91796875
vertex 40.71333312988281 154.0 24.958984375
vertex 49.73057556152344 144.0 41.91796875
endloop
endfacet
facet normal 0.9992970672285522 0.0 -0.0374882838819621
outer loop
vertex 49.73057556152344 142.0 41.91796875
vertex 49.73057556152344 144.0 41.91796875
vertex 49.73448181152344 142.2258062362671 42.0220947265625
endloop
endfacet
facet normal 0.0 -0.0 1.0
outer loop
vertex 13.97296142578125 34.0 48.373809814453125
vertex 49.97296142578125 142.0 48.373809814453125
vertex 49.39231872558594 142.2258062362671 48.373809814453125
endloop
endfacet
facet normal -0.0 -0.0 1.0
outer loop
vertex 13.97296142578125 144.0 48.373809814453125
vertex 49.39231872558594 142.2258062362671 48.373809814453125
vertex 30.912399291992188 144.0 48.373809814453125
endloop
endfacet
facet normal -0.8829474904297151 0.0 0.4694717554271697
outer loop
vertex 30.912399291992188 144.0 48.373809814453125
vertex 33.06111145019531 144.0 52.414947509765625
vertex 30.912399291992188 154.0 48.373809814453125
endloop
endfacet
facet normal 0.0 -1.0 0.0
outer loop
vertex 30.912399291992188 144.0 48.373809814453125
vertex 39.972991943359375 144.0 48.373809814453125
vertex 33.06111145019531 144.0 52.414947509765625
endloop
endfacet
facet normal -0.0 -0.0 1.0
outer loop
vertex 30.912399291992188 144.0 48.373809814453125
vertex 49.39231872558594 142.2258062362671 48.373809814453125
vertex 39.972991943359375 144.0 48.373809814453125
endloop
endfacet
facet normal -0.8829479917478467 0.0 0.46947081258417384
outer loop
vertex 33.06111145019531 144.0 52.414947509765625
vertex 41.2103271484375 144.0 67.74142456054688
vertex 33.06111145019531 154.0 52.414947509765625
endloop
endfacet
facet normal 0.0 -1.0 0.0
outer loop
vertex 33.06111145019531 144.0 52.414947509765625
vertex 39.972991943359375 144.0 48.373809814453125
vertex 41.2103271484375 144.0 67.74142456054688
endloop
endfacet
facet normal -0.9992958412396237 0.0 0.03752094989726268
outer loop
vertex 27.461151123046875 142.0 67.74142456054688
vertex 27.70355224609375 142.0 74.19729614257812
vertex 27.461151123046875 154.0 67.74142456054688
endloop
endfacet
facet normal 0.0 0.0 -1.0
outer loop
vertex 27.461151123046875 142.0 67.74142456054688
vertex 27.461151123046875 154.0 67.74142456054688
vertex 41.2103271484375 144.0 67.74142456054688
endloop
endfacet
facet normal -0.0 -1.0 0.0
outer loop
vertex 27.461151123046875 142.0 67.74142456054688
vertex 52.366851806640625 142.0 81.7291259765625
vertex 27.70355224609375 142.0 74.19729614257812
endloop
endfacet
facet normal 0.9992969359856674 1.6154152313042675e-06 -0.03749178212685637
outer loop
vertex 49.97296142578125 34.0 48.373809814453125
vertex 49.73057556152344 142.0 41.91796875
vertex 49.73448181152344 142.2258062362671 42.0220947265625
endloop
endfacet
facet normal 0.9992959043821753 0.0 -0.037519268183298704
outer loop
vertex 49.97296142578125 34.0 48.373809814453125
vertex 49.73448181152344 142.2258062362671 42.0220947265625
vertex 49.97296142578125 142.0 48.373809814453125
endloop
endfacet
facet normal -0.0 -0.0 1.0
outer loop
vertex 39.972991943359375 144.0 48.373809814453125
vertex 49.39231872558594 142.2258062362671 48.373809814453125
vertex 49.03352355957031 144.0 48.373809814453125
endloop
endfacet
facet normal 0.0 -0.9999999999999999 0.0
outer loop
vertex 39.972991943359375 144.0 48.373809814453125
vertex 49.03352355957031 144.0 48.373809814453125
vertex 50.27088928222656 144.0 67.74142456054688
endloop
endfacet
facet normal 0.0 -1.0 0.0
outer loop
vertex 39.972991943359375 144.0 48.373809814453125
vertex 50.27088928222656 144.0 67.74142456054688
vertex 41.2103271484375 144.0 67.74142456054688
endloop
endfacet
facet normal 0.999296035717381 -1.6154074135316687e-06 -0.03751576997633496
outer loop
vertex 49.73448181152344 142.2258062362671 42.0220947265625
vertex 49.73057556152344 144.0 41.91796875
vertex 49.97296142578125 156.0 48.373809814453125
endloop
endfacet
facet normal -0.0 0.0 1.0
outer loop
vertex 49.03352355957031 144.0 48.373809814453125
vertex 49.39231872558594 142.2258062362671 48.373809814453125
vertex 49.97296142578125 156.0 48.373809814453125
endloop
endfacet
facet normal 0.9992959043821754 0.0 -0.03751926818329871
outer loop
vertex 49.73448181152344 142.2258062362671 42.0220947265625
vertex 49.97296142578125 156.0 48.373809814453125
vertex 49.97296142578125 142.0 48.373809814453125
endloop
endfacet
facet normal -0.0 0.0 1.0
outer loop
vertex 49.39231872558594 142.2258062362671 48.373809814453125
vertex 49.97296142578125 142.0 48.373809814453125
vertex 49.97296142578125 156.0 48.373809814453125
endloop
endfacet
facet normal 0.0 -0.9999999999999999 0.0
outer loop
vertex 49.03352355957031 144.0 48.373809814453125
vertex 57.18275451660156 144.0 63.700286865234375
vertex 50.27088928222656 144.0 67.74142456054688
endloop
endfacet
facet normal 0.0 0.0 -1.0
outer loop
vertex 27.461151123046875 142.0 67.74142456054688
vertex 41.2103271484375 144.0 67.74142456054688
vertex 63.46116638183594 142.0 67.74142456054688
endloop
endfacet
facet normal 0.0 -1.0 0.0
outer loop
vertex 27.70355224609375 142.0 74.19729614257812
vertex 52.77082824707031 142.0 92.48892211914062
vertex 41.191741943359375 142.0 93.56488037109375
endloop
endfacet
facet normal 0.0 -1.0 0.0
outer loop
vertex 27.70355224609375 142.0 74.19729614257812
vertex 52.366851806640625 142.0 81.7291259765625
vertex 52.77082824707031 142.0 92.48892211914062
endloop
endfacet
facet normal 0.0 -1.0 0.0
outer loop
vertex 27.461151123046875 142.0 67.74142456054688
vertex 63.46116638183594 142.0 67.74142456054688
vertex 52.366851806640625 142.0 81.7291259765625
endloop
endfacet
facet normal 0.0 0.0 -1.0
outer loop
vertex 41.2103271484375 144.0 67.74142456054688
vertex 50.27088928222656 144.0 67.74142456054688
vertex 63.46116638183594 142.0 67.74142456054688
endloop
endfacet
facet normal -0.9992959311245976 0.0 0.03751855591335187
outer loop
vertex 52.366851806640625 138.0 81.7291259765625
vertex 52.77082824707031 142.0 92.48892211914062
vertex 52.366851806640625 142.0 81.7291259765625
endloop
endfacet
facet normal -1.0 0.0 0.0
outer loop
vertex 43.43412780761719 3.0 86.020751953125
vertex 43.43412780761719 3.0 98.020751953125
vertex 43.43412780761719 34.0 93.56488037109375
endloop
endfacet
facet normal 0.0 -1.0 0.0
outer loop
vertex 43.43412780761719 3.0 86.020751953125
vertex 43.78559875488281 3.0 86.020751953125
vertex 47.31871032714844 3.0 92.66558837890625
endloop
endfacet
facet normal 0.0 -1.0 0.0
outer loop
vertex 43.43412780761719 3.0 86.020751953125
vertex 47.31871032714844 3.0 92.66558837890625
vertex 43.43412780761719 3.0 98.020751953125
endloop
endfacet
facet normal -0.8829481782043912 0.0 0.46947046190952885
outer loop
vertex 43.78559875488281 3.0 86.020751953125
vertex 47.31871032714844 0.0 92.66558837890625
vertex 47.31871032714844 3.0 92.66558837890625
endloop
endfacet
facet normal 0.0 -1.0 0.0
outer loop
vertex 43.43412780761719 3.0 98.020751953125
vertex 47.31871032714844 3.0 92.66558837890625
vertex 50.166107177734375 3.0 98.020751953125
endloop
endfacet
facet normal 0.0 -0.0 1.0
outer loop
vertex 43.43412780761719 3.0 98.020751953125
vertex 50.166107177734375 12.0 98.020751953125
vertex 43.43412780761719 34.0 98.020751953125
endloop
endfacet
facet normal -1.0 0.0 0.0
outer loop
vertex 43.43412780761719 3.0 86.020751953125
vertex 43.43412780761719 34.0 93.56488037109375
vertex 43.43412780761719 37.0 86.020751953125
endloop
endfacet
facet normal -1.0 0.0 0.0
outer loop
vertex 43.43412780761719 3.0 98.020751953125
vertex 43.43412780761719 34.0 98.020751953125
vertex 43.43412780761719 34.0 93.56488037109375
endloop
endfacet
facet normal -0.9999999999999999 0.0 0.0
outer loop
vertex 43.43412780761719 37.0 86.020751953125
vertex 43.43412780761719 34.0 93.56488037109375
vertex 43.43412780761719 37.0 93.56488037109375
endloop
endfacet
facet normal 0.0 0.0 -1.0
outer loop
vertex 41.191741943359375 34.0 93.56488037109375
vertex 43.43412780761719 37.0 93.56488037109375
vertex 43.43412780761719 34.0 93.56488037109375
endloop
endfacet
facet normal 0.0 -1.0 0.0
outer loop
vertex 41.191741943359375 34.0 93.56488037109375
vertex 43.43412780761719 34.0 93.56488037109375
vertex 43.43412780761719 34.0 98.020751953125
endloop
endfacet
facet normal 0.0 -1.0 0.0
outer loop
vertex 41.191741943359375 34.0 93.56488037109375
vertex 43.43412780761719 34.0 98.020751953125
vertex 41.43412780761719 34.0 100.020751953125
endloop
endfacet
facet normal -0.8829471916682251 0.0 0.4694723173150836
outer loop
vertex 47.31871032714844 0.0 92.66558837890625
vertex 50.166107177734375 3.0 98.020751953125
vertex 47.31871032714844 3.0 92.66558837890625
endloop
endfacet
facet normal 0.0 0.0 1.0
outer loop
vertex 43.43412780761719 3.0 98.020751953125
vertex 50.166107177734375 3.0 98.020751953125
vertex 50.166107177734375 12.0 98.020751953125
endloop
endfacet
facet normal -0.8829472921539931 4.3272478294437647e-07 0.4694721283289816
outer loop
vertex 47.31871032714844 0.0 92.66558837890625
vertex 57.61665344238281 0.0 112.03317260742188
vertex 50.166107177734375 3.0 98.020751953125
endloop
endfacet
facet normal -0.8829473305570125 0.0 0.4694720561037108
outer loop
vertex 50.166107177734375 3.0 98.020751953125
vertex 57.61665344238281 0.0 112.03317260742188
vertex 50.166107177734375 12.0 98.020751953125
endloop
endfacet
facet normal 0.0 0.0 -1.0
outer loop
vertex 41.191741943359375 34.0 93.56488037109375
vertex 41.191741943359375 142.0 93.56488037109375
vertex 43.43412780761719 37.0 93.56488037109375
endloop
endfacet
facet normal -0.9992959297947198 0.0 0.037518591334246745
outer loop
vertex 41.191741943359375 34.0 93.56488037109375
vertex 41.43412780761719 34.0 100.020751953125
vertex 41.43412780761719 142.0 100.020751953125
endloop
endfacet
facet normal 0.0 0.0 -1.0
outer loop
vertex 43.43412780761719 37.0 93.56488037109375
vertex 41.191741943359375 142.0 93.56488037109375
vertex 75.43412780761719 37.0 93.56488037109375
endloop
endfacet
facet normal 0.0 -1.0 0.0
outer loop
vertex 27.70355224609375 142.0 74.19729614257812
vertex 41.191741943359375 142.0 93.56488037109375
vertex 41.43412780761719 142.0 100.020751953125
endloop
endfacet
facet normal -0.8829475850784313 0.0 0.46947157741887463
outer loop
vertex 27.70355224609375 142.0 74.19729614257812
vertex 41.43412780761719 142.0 100.020751953125
vertex 41.43412780761719 144.0 100.020751953125
endloop
endfacet
facet normal -0.8829475850784313 0.0 0.46947157741887463
outer loop
vertex 27.70355224609375 142.0 74.19729614257812
vertex 41.43412780761719 144.0 100.020751953125
vertex 41.43412780761719 156.0 100.020751953125
endloop
endfacet
facet normal -0.9992959297947198 0.0 0.037518591334246745
outer loop
vertex 41.191741943359375 34.0 93.56488037109375
vertex 41.43412780761719 142.0 100.020751953125
vertex 41.191741943359375 142.0 93.56488037109375
endloop
endfacet
facet normal 0.0 -0.0 1.0
outer loop
vertex 41.43412780761719 34.0 100.020751953125
vertex 58.06556701660156 142.0 100.020751953125
vertex 41.43412780761719 142.0 100.020751953125
endloop
endfacet
facet normal 0.0 -0.0 1.0
outer loop
vertex 41.43412780761719 142.0 100.020751953125
vertex 58.06556701660156 142.0 100.020751953125
vertex 41.43412780761719 144.0 100.020751953125
endloop
endfacet
facet normal -0.9992959311245976 0.0 0.03751855591335187
outer loop
vertex 52.366851806640625 138.0 81.7291259765625
vertex 52.77082824707031 138.0 92.48892211914062
vertex 52.77082824707031 142.0 92.48892211914062
endloop
endfacet
facet normal 0.0 -0.9999999999999999 0.0
outer loop
vertex 41.191741943359375 142.0 93.56488037109375
vertex 52.77082824707031 142.0 92.48892211914062
vertex 63.43748474121094 142.0 92.48892211914062
endloop
endfacet
facet normal -0.0 0.0 1.0
outer loop
vertex 41.43412780761719 144.0 100.020751953125
vertex 58.06556701660156 142.0 100.020751953125
vertex 58.37355041503906 144.0 100.020751953125
endloop
endfacet
facet normal 0.0 0.0 1.0
outer loop
vertex 41.43412780761719 144.0 100.020751953125
vertex 58.37355041503906 144.0 100.020751953125
vertex 58.37355041503906 154.0 100.020751953125
endloop
endfacet
facet normal 0.0 0.0 -0.9999999999999999
outer loop
vertex 0.0 142.0 16.094482421875
vertex 0.0 154.0 16.094482421875
vertex 5.142852783203125 154.0 16.094482421875
endloop
endfacet
facet normal -0.999296041711847 -1.6060231563091803e-06 0.037515610303645135
outer loop
vertex 0.2423858642578125 142.0 22.55035400390625
vertex 0.00390625 155.7741937637329 16.1986083984375
vertex 0.0 154.0 16.094482421875
endloop
endfacet
facet normal -0.9992959111408066 0.0 0.03751908817209026
outer loop
vertex 0.2423858642578125 142.0 22.55035400390625
vertex 0.2423858642578125 154.0 22.55035400390625
vertex 0.00390625 155.7741937637329 16.1986083984375
endloop
endfacet
facet normal -0.9992959111408067 0.0 0.03751908817209026
outer loop
vertex 0.00390625 155.7741937637329 16.1986083984375
vertex 0.2423858642578125 154.0 22.55035400390625
vertex 0.2423858642578125 156.0 22.55035400390625
endloop
endfacet
facet normal -0.4694676954236088 0.0 -0.8829496491610637
outer loop
vertex 12.010971069335938 146.20000004768372 6.009246826171875
vertex 9.185546875 154.0 7.51153564453125
vertex 12.010971069335938 151.79999995231628 6.009246826171875
endloop
endfacet
facet normal -0.8829477926394907 0.0 0.46947118705310426
outer loop
vertex 9.185546875 144.0 7.51153564453125
vertex 12.465240478515625 154.0 13.67974853515625
vertex 9.185546875 154.0 7.51153564453125
endloop
endfacet
facet normal 0.0 0.0 -1.0
outer loop
vertex 13.749176025390625 144.0 16.094482421875
vertex 5.142852783203125 154.0 16.094482421875
vertex 13.749176025390625 154.0 16.094482421875
endloop
endfacet
facet normal 0.0 -0.0 -1.0
outer loop
vertex 5.142852783203125 154.0 16.094482421875
vertex 14.153732299804688 156.0 16.094482421875
vertex 13.749176025390625 154.0 16.094482421875
endloop
endfacet
facet normal -0.8829477801442928 0.0 0.46947121055317703
outer loop
vertex 12.465240478515625 144.0 13.67974853515625
vertex 13.749176025390625 154.0 16.094482421875
vertex 12.465240478515625 154.0 13.67974853515625
endloop
endfacet
facet normal -0.8829475850784313 0.0 0.46947157741887463
outer loop
vertex 0.2423858642578125 142.0 22.55035400390625
vertex 13.97296142578125 156.0 48.373809814453125
vertex 0.2423858642578125 154.0 22.55035400390625
endloop
endfacet
facet normal -0.8829475850784313 0.0 0.46947157741887463
outer loop
vertex 0.2423858642578125 154.0 22.55035400390625
vertex 13.97296142578125 156.0 48.373809814453125
vertex 0.2423858642578125 156.0 22.55035400390625
endloop
endfacet
facet normal -0.0 0.9999999999999999 0.0
outer loop
vertex 0.2423858642578125 156.0 22.55035400390625
vertex 13.97296142578125 156.0 48.373809814453125
vertex 24.905685424804688 156.0 30.08221435546875
endloop
endfacet
facet normal -0.999297067228552 0.0 0.0374882838819621
outer loop
vertex 0.0 154.0 16.094482421875
vertex 0.00390625 155.7741937637329 16.1986083984375
vertex 0.0 264.0 16.094482421875
endloop
endfacet
facet normal -0.9992959111408066 0.0 0.03751908817209026
outer loop
vertex 0.00390625 155.7741937637329 16.1986083984375
vertex 0.2423858642578125 156.0 22.55035400390625
vertex 0.2423858642578125 264.0 22.55035400390625
endloop
endfacet
facet normal -0.46947136569429254 -6.046285955172655e-06 -0.8829476976336582
outer loop
vertex 9.185546875 154.0 7.51153564453125
vertex 23.312698364257812 154.0 0.0
vertex 12.010971069335938 151.79999995231628 6.009246826171875
endloop
endfacet
facet normal 0.8829474612424443 0.0 -0.46947181032040936
outer loop
vertex 12.010971069335938 146.20000004768372 6.009246826171875
vertex 12.010971069335938 151.79999995231628 6.009246826171875
vertex 17.78546142578125 151.79999995231628 16.869476318359375
endloop
endfacet
facet normal -0.0 0.9999999999999999 0.0
outer loop
vertex 9.185546875 154.0 7.51153564453125
vertex 12.465240478515625 154.0 13.67974853515625
vertex 26.2889404296875 154.0 5.597503662109375
endloop
endfacet
facet normal -0.4694713342601713 -6.2534171331847365e-06 -0.8829477143460247
outer loop
vertex 12.010971069335938 151.79999995231628 6.009246826171875
vertex 23.312698364257812 154.0 0.0
vertex 20.487274169921875 151.79999995231628 1.5023193359375
endloop
endfacet
facet normal 0.0 1.0 0.0
outer loop
vertex 9.185546875 154.0 7.51153564453125
vertex 26.2889404296875 154.0 5.597503662109375
vertex 23.312698364257812 154.0 0.0
endloop
endfacet
facet normal 0.0 -1.0 0.0
outer loop
vertex 12.010971069335938 151.79999995231628 6.009246826171875
vertex 20.487274169921875 151.79999995231628 1.5023193359375
vertex 26.261764526367188 151.79999995231628 12.362548828125
endloop
endfacet
facet normal -0.0 1.0 0.0
outer loop
vertex 12.465240478515625 154.0 13.67974853515625
vertex 13.749176025390625 154.0 16.094482421875
vertex 26.2889404296875 154.0 5.597503662109375
endloop
endfacet
facet normal 0.0 -1.0 0.0
outer loop
vertex 12.010971069335938 151.79999995231628 6.009246826171875
vertex 26.261764526367188 151.79999995231628 12.362548828125
vertex 17.78546142578125 151.79999995231628 16.869476318359375
endloop
endfacet
facet normal 0.0 0.0 -1.0
outer loop
vertex 13.749176025390625 154.0 16.094482421875
vertex 14.153732299804688 156.0 16.094482421875
vertex 31.870285034179688 154.0 16.094482421875
endloop
endfacet
facet normal -0.46947513025807625 0.0 -0.8829456959910742
outer loop
vertex 23.312698364257812 144.0 0.0
vertex 20.487274169921875 151.79999995231628 1.5023193359375
vertex 23.312698364257812 154.0 0.0
endloop
endfacet
facet normal 0.8829478168368896 0.0 -0.46947114154436603
outer loop
vertex 26.2889404296875 144.0 5.597503662109375
vertex 23.312698364257812 154.0 0.0
vertex 26.2889404296875 154.0 5.597503662109375
endloop
endfacet
facet normal -0.8829474612424443 0.0 0.46947181032040936
outer loop
vertex 26.261764526367188 146.20000004768372 12.362548828125
vertex 26.261764526367188 151.79999995231628 12.362548828125
vertex 20.487274169921875 151.79999995231628 1.5023193359375
endloop
endfacet
facet normal -0.46947133426935067 0.0 -0.8829477143632886
outer loop
vertex 17.78546142578125 146.20000004768372 16.869476318359375
vertex 17.78546142578125 151.79999995231628 16.869476318359375
vertex 26.261764526367188 151.79999995231628 12.362548828125
endloop
endfacet
facet normal -0.0 0.9999999999999999 0.0
outer loop
vertex 13.749176025390625 154.0 16.094482421875
vertex 31.870285034179688 154.0 16.094482421875
vertex 26.2889404296875 154.0 5.597503662109375
endloop
endfacet
facet normal 0.0 -0.0 -0.9999999999999999
outer loop
vertex 14.153732299804688 156.0 16.094482421875
vertex 31.94537353515625 156.0 16.094482421875
vertex 31.870285034179688 154.0 16.094482421875
endloop
endfacet
facet normal -0.0 1.0 0.0
outer loop
vertex 0.2423858642578125 156.0 22.55035400390625
vertex 24.905685424804688 156.0 30.08221435546875
vertex 35.43768310546875 156.0 26.49560546875
endloop
endfacet
facet normal -0.0 1.0 0.0
outer loop
vertex 0.2423858642578125 156.0 22.55035400390625
vertex 35.43768310546875 156.0 26.49560546875
vertex 36.24238586425781 156.0 22.55035400390625
endloop
endfacet
facet normal -0.0 1.0 -0.0
outer loop
vertex 24.905685424804688 156.0 30.08221435546875
vertex 13.97296142578125 156.0 48.373809814453125
vertex 25.309661865234375 156.0 40.84197998046875
endloop
endfacet
facet normal -0.9992959271349532 0.0 0.03751866217623702
outer loop
vertex 24.905685424804688 156.0 30.08221435546875
vertex 25.309661865234375 156.0 40.84197998046875
vertex 25.309661865234375 160.0 40.84197998046875
endloop
endfacet
facet normal -0.0 0.9999999999999999 -0.0
outer loop
vertex 25.309661865234375 156.0 40.84197998046875
vertex 13.97296142578125 156.0 48.373809814453125
vertex 35.97633361816406 156.0 40.84197998046875
endloop
endfacet
facet normal -0.9992959271349532 0.0 0.03751866217623702
outer loop
vertex 24.905685424804688 156.0 30.08221435546875
vertex 25.309661865234375 160.0 40.84197998046875
vertex 24.905685424804688 160.0 30.08221435546875
endloop
endfacet
facet normal 0.0 -0.0 -0.9999999999999999
outer loop
vertex 0.0 154.0 16.094482421875
vertex 36.0 264.0 16.094482421875
vertex 5.142852783203125 154.0 16.094482421875
endloop
endfacet
facet normal 0.0 -0.0 -1.0
outer loop
vertex 5.142852783203125 154.0 16.094482421875
vertex 36.0 264.0 16.094482421875
vertex 14.153732299804688 156.0 16.094482421875
endloop
endfacet
facet normal 0.0 0.0 1.0
outer loop
vertex 0.2423858642578125 156.0 22.55035400390625
vertex 36.24238586425781 156.0 22.55035400390625
vertex 36.24238586425781 264.0 22.55035400390625
endloop
endfacet
facet normal 0.0 -0.0 1.0
outer loop
vertex 13.97296142578125 144.0 48.373809814453125
vertex 30.912399291992188 154.0 48.373809814453125
vertex 13.97296142578125 156.0 48.373809814453125
endloop
endfacet
facet normal 0.0 0.0 -1.0
outer loop
vertex 0.0 154.0 16.094482421875
vertex 0.0 264.0 16.094482421875
vertex 2.2423858642578125 261.0 16.094482421875
endloop
endfacet
facet normal -0.9992959297947195 2.9200393853097365e-08 0.03751859133424674
outer loop
vertex 0.00390625 155.7741937637329 16.1986083984375
vertex 0.2423858642578125 264.0 22.55035400390625
vertex 0.0 264.0 16.094482421875
endloop
endfacet
facet normal 0.0 0.0 -0.9999999999999999
outer loop
vertex 0.0 154.0 16.094482421875
vertex 2.2423858642578125 261.0 16.094482421875
vertex 34.24238586425781 261.0 16.094482421875
endloop
endfacet
facet normal 0.0 -0.0 1.0
outer loop
vertex 0.2423858642578125 156.0 22.55035400390625
vertex 36.24238586425781 264.0 22.55035400390625
vertex 0.2423858642578125 264.0 22.55035400390625
endloop
endfacet
facet normal -0.46947253067171213 -0.0 -0.8829470782242265
outer loop
vertex 2.2423858642578125 261.0 11.203277587890625
vertex 7.2317962646484375 286.0 8.55035400390625
vertex 7.2317962646484375 261.0 8.55035400390625
endloop
endfacet
facet normal 0.0 0.0 -1.0
outer loop
vertex 0.0 264.0 16.094482421875
vertex 2.2423858642578125 264.0 16.094482421875
vertex 2.2423858642578125 261.0 16.094482421875
endloop
endfacet
facet normal -0.9999999999999999 0.0 0.0
outer loop
vertex 2.2423858642578125 261.0 11.203277587890625
vertex 2.2423858642578125 261.0 16.094482421875
vertex 2.2423858642578125 264.0 16.094482421875
endloop
endfacet
facet normal -0.0 1.0 0.0
outer loop
vertex 0.0 264.0 16.094482421875
vertex 2.2423858642578125 264.0 20.55035400390625
vertex 2.2423858642578125 264.0 16.094482421875
endloop
endfacet
facet normal -0.0 1.0 0.0
outer loop
vertex 0.0 264.0 16.094482421875
vertex 0.2423858642578125 264.0 22.55035400390625
vertex 2.2423858642578125 264.0 20.55035400390625
endloop
endfacet
facet normal -1.0 0.0 0.0
outer loop
vertex 2.2423858642578125 261.0 11.203277587890625
vertex 2.2423858642578125 264.0 16.094482421875
vertex 2.2423858642578125 295.0 20.55035400390625
endloop
endfacet
facet normal -1.0 0.0 0.0
outer loop
vertex 2.2423858642578125 264.0 16.094482421875
vertex 2.2423858642578125 264.0 20.55035400390625
vertex 2.2423858642578125 295.0 20.55035400390625
endloop
endfacet
facet normal 0.0 -1.0 0.0
outer loop
vertex 2.2423858642578125 261.0 11.203277587890625
vertex 7.2317962646484375 261.0 8.55035400390625
vertex 2.2423858642578125 261.0 16.094482421875
endloop
endfacet
facet normal -0.46947253067171213 0.0 -0.8829470782242265
outer loop
vertex 2.2423858642578125 261.0 11.203277587890625
vertex 2.2423858642578125 295.0 11.203277587890625
vertex 7.2317962646484375 286.0 8.55035400390625
endloop
endfacet
facet normal -0.4694740607828382 -1.088079487610508e-06 -0.8829462646451866
outer loop
vertex 3.6160736083984375 295.0 10.472869873046875
vertex 7.2317962646484375 286.0 8.55035400390625
vertex 2.2423858642578125 295.0 11.203277587890625
endloop
endfacet
facet normal -0.46947310269634346 0.0 -0.8829467740722929
outer loop
vertex 3.6160736083984375 295.0 10.472869873046875
vertex 3.6160736083984375 295.86798095703125 10.472869873046875
vertex 6.88299560546875 293.4863586425781 8.735809326171875
endloop
endfacet
facet normal -0.46947310269634335 0.0 -0.8829467740722927
outer loop
vertex 3.6160736083984375 295.86798095703125 10.472869873046875
vertex 3.6160736083984375 298.0 10.472869873046875
vertex 6.88299560546875 295.8000030517578 8.735809326171875
endloop
endfacet
facet normal -0.4694731026963434 -0.0 -0.8829467740722928
outer loop
vertex 3.6160736083984375 295.0 10.472869873046875
vertex 6.88299560546875 293.4863586425781 8.735809326171875
vertex 6.88299560546875 288.1999969482422 8.735809326171875
endloop
endfacet
facet normal -0.4694789915555889 -3.6290485747801518e-06 -0.882943642864468
outer loop
vertex 3.6160736083984375 295.0 10.472869873046875
vertex 6.88299560546875 288.1999969482422 8.735809326171875
vertex 7.2317962646484375 286.0 8.55035400390625
endloop
endfacet
facet normal -0.4694731026963434 -0.0 -0.8829467740722928
outer loop
vertex 3.6160736083984375 295.86798095703125 10.472869873046875
vertex 6.88299560546875 295.8000030517578 8.735809326171875
vertex 6.88299560546875 293.4863586425781 8.735809326171875
endloop
endfacet
facet normal -1.0 0.0 0.0
outer loop
vertex 2.2423858642578125 261.0 11.203277587890625
vertex 2.2423858642578125 295.0 20.55035400390625
vertex 2.2423858642578125 295.0 11.203277587890625
endloop
endfacet
facet normal 0.0 -0.0 0.9999999999999999
outer loop
vertex 2.2423858642578125 264.0 20.55035400390625
vertex 8.974380493164062 295.0 20.55035400390625
vertex 2.2423858642578125 295.0 20.55035400390625
endloop
endfacet
facet normal 0.0 1.0 -0.0
outer loop
vertex 3.6160736083984375 295.0 10.472869873046875
vertex 2.2423858642578125 295.0 11.203277587890625
vertex 6.1269683837890625 295.0 15.195159912109375
endloop
endfacet
facet normal -0.8829469245704475 0.0 0.46947281965156207
outer loop
vertex 3.6160736083984375 295.0 10.472869873046875
vertex 6.1269683837890625 295.0 15.195159912109375
vertex 3.6160736083984375 295.86798095703125 10.472869873046875
endloop
endfacet
facet normal -0.8829469245704478 0.0 0.4694728196515621
outer loop
vertex 3.6160736083984375 295.86798095703125 10.472869873046875
vertex 6.1269683837890625 298.0 15.195159912109375
vertex 3.6160736083984375 298.0 10.472869873046875
endloop
endfacet
facet normal -0.0 1.0 0.0
outer loop
vertex 2.2423858642578125 295.0 11.203277587890625
vertex 2.2423858642578125 295.0 20.55035400390625
vertex 6.1269683837890625 295.0 15.195159912109375
endloop
endfacet
facet normal -0.8829469245704478 0.0 0.4694728196515622
outer loop
vertex 3.6160736083984375 295.86798095703125 10.472869873046875
vertex 6.1269683837890625 295.0 15.195159912109375
vertex 6.1269683837890625 298.0 15.195159912109375
endloop
endfacet
facet normal -0.0 1.0 0.0
outer loop
vertex 2.2423858642578125 295.0 20.55035400390625
vertex 8.974380493164062 295.0 20.55035400390625
vertex 6.1269683837890625 295.0 15.195159912109375
endloop
endfacet
facet normal 0.0 0.0 -1.0
outer loop
vertex 7.2317962646484375 261.0 8.55035400390625
vertex 7.2317962646484375 286.0 8.55035400390625
vertex 17.492095947265625 286.0 8.55035400390625
endloop
endfacet
facet normal -0.0 1.0 -0.0
outer loop
vertex 2.2423858642578125 264.0 20.55035400390625
vertex 0.2423858642578125 264.0 22.55035400390625
vertex 34.24238586425781 264.0 20.55035400390625
endloop
endfacet
facet normal -0.46947116841616354 -2.0380684713345235e-06 -0.8829478025465652
outer loop
vertex 7.2317962646484375 286.0 8.55035400390625
vertex 6.88299560546875 288.1999969482422 8.735809326171875
vertex 19.774032592773438 288.1999969482422 1.88153076171875
endloop
endfacet
facet normal -0.0 1.0 0.0
outer loop
vertex 6.88299560546875 288.1999969482422 8.735809326171875
vertex 12.657485961914062 288.1999969482422 19.5960693359375
vertex 19.774032592773438 288.1999969482422 1.88153076171875
endloop
endfacet
facet normal -0.46947131261677716 3.409722829399259e-06 -0.882947725869575
outer loop
vertex 3.6160736083984375 298.0 10.472869873046875
vertex 23.040924072265625 298.0 0.144500732421875
vertex 6.88299560546875 295.8000030517578 8.735809326171875
endloop
endfacet
facet normal -0.0 0.9999999999999999 0.0
outer loop
vertex 3.6160736083984375 298.0 10.472869873046875
vertex 6.1269683837890625 298.0 15.195159912109375
vertex 25.134567260742188 298.0 4.082061767578125
endloop
endfacet
facet normal 0.0 0.0 1.0
outer loop
vertex 2.2423858642578125 264.0 20.55035400390625
vertex 8.974380493164062 286.0 20.55035400390625
vertex 8.974380493164062 295.0 20.55035400390625
endloop
endfacet
facet normal 0.8829480080865526 0.0 -0.4694707818554731
outer loop
vertex 6.88299560546875 288.1999969482422 8.735809326171875
vertex 6.88299560546875 293.4863586425781 8.735809326171875
vertex 12.657485961914062 295.8000030517578 19.5960693359375
endloop
endfacet
facet normal 0.8829480080865525 0.0 -0.46947078185547303
outer loop
vertex 6.88299560546875 293.4863586425781 8.735809326171875
vertex 6.88299560546875 295.8000030517578 8.735809326171875
vertex 12.657485961914062 295.8000030517578 19.5960693359375
endloop
endfacet
facet normal -0.8829472578072433 0.0 0.4694721929259172
outer loop
vertex 6.1269683837890625 295.0 15.195159912109375
vertex 8.974380493164062 295.0 20.55035400390625
vertex 6.1269683837890625 298.0 15.195159912109375
endloop
endfacet
facet normal 0.8829480080865526 0.0 -0.4694707818554731
outer loop
vertex 6.88299560546875 288.1999969482422 8.735809326171875
vertex 12.657485961914062 295.8000030517578 19.5960693359375
vertex 12.657485961914062 288.1999969482422 19.5960693359375
endloop
endfacet
facet normal -0.8829477291100243 0.0 0.46947130653475644
outer loop
vertex 8.974380493164062 286.0 20.55035400390625
vertex 16.424911499023438 286.0 34.562774658203125
vertex 8.974380493164062 295.0 20.55035400390625
endloop
endfacet
facet normal -0.8829475987927091 -1.468407865838236e-06 0.4694715516237732
outer loop
vertex 6.1269683837890625 298.0 15.195159912109375
vertex 8.974380493164062 295.0 20.55035400390625
vertex 16.424911499023438 298.0 34.562774658203125
endloop
endfacet
facet normal 0.0 0.0 -1.0
outer loop
vertex 0.0 154.0 16.094482421875
vertex 34.24238586425781 261.0 16.094482421875
vertex 36.0 264.0 16.094482421875
endloop
endfacet
facet normal 0.0 0.0 -1.0
outer loop
vertex 7.2317962646484375 261.0 8.55035400390625
vertex 17.492095947265625 286.0 8.55035400390625
vertex 34.24238586425781 261.0 8.55035400390625
endloop
endfacet
facet normal 0.0 -1.0 0.0
outer loop
vertex 2.2423858642578125 261.0 16.094482421875
vertex 7.2317962646484375 261.0 8.55035400390625
vertex 34.24238586425781 261.0 8.55035400390625
endloop
endfacet
facet normal 0.0 -0.0 1.0
outer loop
vertex 2.2423858642578125 264.0 20.55035400390625
vertex 34.24238586425781 264.0 20.55035400390625
vertex 8.974380493164062 286.0 20.55035400390625
endloop
endfacet
facet normal -0.46947116699117725 -2.0484890196548243e-06 -0.8829478033042191
outer loop
vertex 7.2317962646484375 286.0 8.55035400390625
vertex 19.774032592773438 288.1999969482422 1.88153076171875
vertex 23.040924072265625 286.0 0.144500732421875
endloop
endfacet
facet normal 0.0 -0.9999999999999999 0.0
outer loop
vertex 7.2317962646484375 286.0 8.55035400390625
vertex 23.040924072265625 286.0 0.144500732421875
vertex 17.492095947265625 286.0 8.55035400390625
endloop
endfacet
facet normal -0.469471168416151 2.051203270274781e-06 -0.8829478025465417
outer loop
vertex 6.88299560546875 295.8000030517578 8.735809326171875
vertex 23.040924072265625 298.0 0.144500732421875
vertex 19.774032592773438 295.8000030517578 1.88153076171875
endloop
endfacet
facet normal 0.0 1.0 0.0
outer loop
vertex 3.6160736083984375 298.0 10.472869873046875
vertex 25.134567260742188 298.0 4.082061767578125
vertex 23.040924072265625 298.0 0.144500732421875
endloop
endfacet
facet normal 0.0 -1.0 0.0
outer loop
vertex 6.88299560546875 295.8000030517578 8.735809326171875
vertex 19.774032592773438 295.8000030517578 1.88153076171875
vertex 25.548507690429688 295.8000030517578 12.741790771484375
endloop
endfacet
facet normal 0.0 -1.0 0.0
outer loop
vertex 6.88299560546875 295.8000030517578 8.735809326171875
vertex 25.548507690429688 295.8000030517578 12.741790771484375
vertex 12.657485961914062 295.8000030517578 19.5960693359375
endloop
endfacet
facet normal 0.0 1.0 0.0
outer loop
vertex 12.657485961914062 288.1999969482422 19.5960693359375
vertex 25.548507690429688 288.1999969482422 12.741790771484375
vertex 19.774032592773438 288.1999969482422 1.88153076171875
endloop
endfacet
facet normal -0.46947160164017826 0.0 -0.8829475721997347
outer loop
vertex 12.657485961914062 288.1999969482422 19.5960693359375
vertex 12.657485961914062 295.8000030517578 19.5960693359375
vertex 25.548507690429688 295.8000030517578 12.741790771484375
endloop
endfacet
facet normal 0.0 0.0 -1.0
outer loop
vertex 17.492095947265625 286.0 8.55035400390625
vertex 27.510406494140625 286.0 8.55035400390625
vertex 34.24238586425781 261.0 8.55035400390625
endloop
endfacet
facet normal 0.0 -1.0 0.0
outer loop
vertex 2.2423858642578125 261.0 16.094482421875
vertex 34.24238586425781 261.0 8.55035400390625
vertex 34.24238586425781 261.0 16.094482421875
endloop
endfacet
facet normal -0.0 -0.0 1.0
outer loop
vertex 8.974380493164062 286.0 20.55035400390625
vertex 34.24238586425781 264.0 20.55035400390625
vertex 33.89091491699219 286.0 20.55035400390625
endloop
endfacet
facet normal 0.0 -1.0 0.0
outer loop
vertex 17.492095947265625 286.0 8.55035400390625
vertex 23.040924072265625 286.0 0.144500732421875
vertex 25.134567260742188 286.0 4.082061767578125
endloop
endfacet
facet normal 0.0 -1.0 0.0
outer loop
vertex 17.492095947265625 286.0 8.55035400390625
vertex 25.134567260742188 286.0 4.082061767578125
vertex 27.510406494140625 286.0 8.55035400390625
endloop
endfacet
facet normal -0.46947009153901886 0.0 -0.8829483751331928
outer loop
vertex 19.774032592773438 288.1999969482422 1.88153076171875
vertex 19.774032592773438 295.8000030517578 1.88153076171875
vertex 23.040924072265625 286.0 0.144500732421875
endloop
endfacet
facet normal -0.46947009153901886 -0.0 -0.8829483751331928
outer loop
vertex 19.774032592773438 295.8000030517578 1.88153076171875
vertex 23.040924072265625 298.0 0.144500732421875
vertex 23.040924072265625 286.0 0.144500732421875
endloop
endfacet
facet normal -0.8829485223178232 0.0 0.4694698147237716
outer loop
vertex 19.774032592773438 288.1999969482422 1.88153076171875
vertex 25.548507690429688 288.1999969482422 12.741790771484375
vertex 19.774032592773438 295.8000030517578 1.88153076171875
endloop
endfacet
facet normal 0.8829471422028867 0.0 -0.46947241034565085
outer loop
vertex 23.040924072265625 286.0 0.144500732421875
vertex 23.040924072265625 298.0 0.144500732421875
vertex 25.134567260742188 286.0 4.082061767578125
endloop
endfacet
facet normal 0.8829471422028867 0.0 -0.46947241034565085
outer loop
vertex 23.040924072265625 298.0 0.144500732421875
vertex 25.134567260742188 298.0 4.082061767578125
vertex 25.134567260742188 286.0 4.082061767578125
endloop
endfacet
facet normal -0.8829485223178232 0.0 0.4694698147237716
outer loop
vertex 19.774032592773438 295.8000030517578 1.88153076171875
vertex 25.548507690429688 288.1999969482422 12.741790771484375
vertex 25.548507690429688 295.8000030517578 12.741790771484375
endloop
endfacet
facet normal 0.8829470925579866 0.0 -0.46947250371390004
outer loop
vertex 25.134567260742188 286.0 4.082061767578125
vertex 25.134567260742188 298.0 4.082061767578125
vertex 27.510406494140625 295.0 8.55035400390625
endloop
endfacet
facet normal 0.8829470925579868 0.0 -0.4694725037139001
outer loop
vertex 25.134567260742188 286.0 4.082061767578125
vertex 27.510406494140625 295.0 8.55035400390625
vertex 27.510406494140625 286.0 8.55035400390625
endloop
endfacet
facet normal -0.46947160164017826 -0.0 -0.8829475721997347
outer loop
vertex 12.657485961914062 288.1999969482422 19.5960693359375
vertex 25.548507690429688 295.8000030517578 12.741790771484375
vertex 25.548507690429688 288.1999969482422 12.741790771484375
endloop
endfacet
facet normal -0.0 1.0 0.0
outer loop
vertex 6.1269683837890625 298.0 15.195159912109375
vertex 35.43251037597656 298.0 23.449676513671875
vertex 25.134567260742188 298.0 4.082061767578125
endloop
endfacet
facet normal 0.0 -1.0 0.0
outer loop
vertex 8.974380493164062 286.0 20.55035400390625
vertex 33.89091491699219 286.0 20.55035400390625
vertex 35.43251037597656 286.0 23.449676513671875
endloop
endfacet
facet normal -0.8829477291100242 0.0 0.4694713065347564
outer loop
vertex 8.974380493164062 295.0 20.55035400390625
vertex 16.424911499023438 286.0 34.562774658203125
vertex 16.424911499023438 298.0 34.562774658203125
endloop
endfacet
facet normal -0.0 1.0 0.0
outer loop
vertex 6.1269683837890625 298.0 15.195159912109375
vertex 16.424911499023438 298.0 34.562774658203125
vertex 35.43251037597656 298.0 23.449676513671875
endloop
endfacet
facet normal -0.8829475805066807 0.0 0.4694715860170863
outer loop
vertex 16.424911499023438 286.0 34.562774658203125
vertex 26.72283935546875 298.0 53.93035888671875
vertex 16.424911499023438 298.0 34.562774658203125
endloop
endfacet
facet normal -0.0 1.0 0.0
outer loop
vertex 0.2423858642578125 264.0 22.55035400390625
vertex 36.24238586425781 264.0 22.55035400390625
vertex 34.24238586425781 264.0 20.55035400390625
endloop
endfacet
facet normal 0.0 -1.0 0.0
outer loop
vertex 8.974380493164062 286.0 20.55035400390625
vertex 35.43251037597656 286.0 23.449676513671875
vertex 16.424911499023438 286.0 34.562774658203125
endloop
endfacet
facet normal 0.0 -0.9999999999999999 0.0
outer loop
vertex 16.424911499023438 286.0 34.562774658203125
vertex 35.43251037597656 286.0 23.449676513671875
vertex 26.72283935546875 286.0 53.93035888671875
endloop
endfacet
facet normal -0.0 0.9999999999999999 0.0
outer loop
vertex 16.424911499023438 298.0 34.562774658203125
vertex 26.72283935546875 298.0 53.93035888671875
vertex 35.43251037597656 298.0 23.449676513671875
endloop
endfacet
facet normal -0.8829475805066807 0.0 0.4694715860170863
outer loop
vertex 16.424911499023438 286.0 34.562774658203125
vertex 26.72283935546875 286.0 53.93035888671875
vertex 26.72283935546875 298.0 53.93035888671875
endloop
endfacet
facet normal 0.8829475233349714 0.0 -0.46947169354141044
outer loop
vertex 26.2889404296875 144.0 5.597503662109375
vertex 26.2889404296875 154.0 5.597503662109375
vertex 31.870285034179688 154.0 16.094482421875
endloop
endfacet
facet normal 0.0 0.0 -1.0
outer loop
vertex 31.870285034179688 154.0 16.094482421875
vertex 31.94537353515625 156.0 16.094482421875
vertex 36.0 154.0 16.094482421875
endloop
endfacet
facet normal 0.0 0.0 -1.0
outer loop
vertex 36.0 142.0 16.094482421875
vertex 31.870285034179688 154.0 16.094482421875
vertex 36.0 154.0 16.094482421875
endloop
endfacet
facet normal 0.0 0.0 -1.0
outer loop
vertex 31.94537353515625 156.0 16.094482421875
vertex 36.0 156.0 16.094482421875
vertex 36.0 154.0 16.094482421875
endloop
endfacet
facet normal 0.8829475694758288 0.0 -0.46947160676309946
outer loop
vertex 40.59629821777344 143.95921325683594 24.738861083984375
vertex 36.0 154.0 16.094482421875
vertex 36.0 156.0 16.094482421875
endloop
endfacet
facet normal -0.322364314793854 0.0 -0.9466156815453086
outer loop
vertex 24.905685424804688 156.0 30.08221435546875
vertex 24.905685424804688 160.0 30.08221435546875
vertex 35.43768310546875 156.0 26.49560546875
endloop
endfacet
facet normal 0.3510930681980847 0.9362477689479178 -0.01318228369067252
outer loop
vertex 24.905685424804688 160.0 30.08221435546875
vertex 35.8416748046875 156.0 37.255401611328125
vertex 35.43768310546875 156.0 26.49560546875
endloop
endfacet
facet normal 0.0 -0.0 1.0
outer loop
vertex 25.309661865234375 156.0 40.84197998046875
vertex 35.97633361816406 156.0 40.84197998046875
vertex 25.309661865234375 160.0 40.84197998046875
endloop
endfacet
facet normal 0.35109279887141187 0.9362478765715941 -0.013181813070260921
outer loop
vertex 24.905685424804688 160.0 30.08221435546875
vertex 25.309661865234375 160.0 40.84197998046875
vertex 35.8416748046875 156.0 37.255401611328125
endloop
endfacet
facet normal 0.3510927876790131 0.9362478802482673 -0.013181850037299683
outer loop
vertex 25.309661865234375 160.0 40.84197998046875
vertex 35.97633361816406 156.0 40.84197998046875
vertex 35.8416748046875 156.0 37.255401611328125
endloop
endfacet
facet normal 0.8829475694758289 0.0 -0.46947160676309946
outer loop
vertex 40.59629821777344 143.95921325683594 24.738861083984375
vertex 36.0 156.0 16.094482421875
vertex 40.59629821777344 154.04078674316406 24.738861083984375
endloop
endfacet
facet normal 0.0 -0.0 -1.0
outer loop
vertex 14.153732299804688 156.0 16.094482421875
vertex 36.0 264.0 16.094482421875
vertex 31.94537353515625 156.0 16.094482421875
endloop
endfacet
facet normal 0.0 0.0 -1.0
outer loop
vertex 31.94537353515625 156.0 16.094482421875
vertex 36.0 264.0 16.094482421875
vertex 36.0 156.0 16.094482421875
endloop
endfacet
facet normal 0.9992959297947198 0.0 -0.037518591334246745
outer loop
vertex 36.0 156.0 16.094482421875
vertex 36.0 264.0 16.094482421875
vertex 36.24238586425781 156.0 22.55035400390625
endloop
endfacet
facet normal -0.32227405618131666 0.0 -0.9466464137746688
outer loop
vertex 40.59629821777344 143.95921325683594 24.738861083984375
vertex 40.59629821777344 154.04078674316406 24.738861083984375
vertex 40.70368957519531 154.0 24.702301025390625
endloop
endfacet
facet normal 0.9992949994628472 0.0 -0.03754336224352155
outer loop
vertex 40.70368957519531 144.0 24.702301025390625
vertex 40.70368957519531 154.0 24.702301025390625
vertex 40.71333312988281 154.0 24.958984375
endloop
endfacet
facet normal 0.3510921449220173 0.93624799975283 -0.01319047887235257
outer loop
vertex 40.59629821777344 154.04078674316406 24.738861083984375
vertex 40.71333312988281 154.0 24.958984375
vertex 40.70368957519531 154.0 24.702301025390625
endloop
endfacet
facet normal 0.0 1.0 0.0
outer loop
vertex 36.0 156.0 16.094482421875
vertex 36.24238586425781 156.0 22.55035400390625
vertex 49.73057556152344 156.0 41.91796875
endloop
endfacet
facet normal 0.0 1.0 -0.0
outer loop
vertex 36.24238586425781 156.0 22.55035400390625
vertex 35.43768310546875 156.0 26.49560546875
vertex 49.73057556152344 156.0 41.91796875
endloop
endfacet
facet normal 0.8829478150546555 2.6139922341727467e-06 -0.46947114488898783
outer loop
vertex 36.0 156.0 16.094482421875
vertex 49.73057556152344 156.0 41.91796875
vertex 40.59629821777344 154.04078674316406 24.738861083984375
endloop
endfacet
facet normal 0.8829520591550575 -8.723383183059149e-05 -0.4694631547034364
outer loop
vertex 40.59629821777344 154.04078674316406 24.738861083984375
vertex 49.73057556152344 156.0 41.91796875
vertex 40.71333312988281 154.0 24.958984375
endloop
endfacet
facet normal 0.0 1.0 0.0
outer loop
vertex 35.43768310546875 156.0 26.49560546875
vertex 35.8416748046875 156.0 37.255401611328125
vertex 49.73057556152344 156.0 41.91796875
endloop
endfacet
facet normal 0.0 1.0 0.0
outer loop
vertex 35.8416748046875 156.0 37.255401611328125
vertex 35.97633361816406 156.0 40.84197998046875
vertex 49.73057556152344 156.0 41.91796875
endloop
endfacet
facet normal 0.8829477981398667 0.0 -0.46947117670839106
outer loop
vertex 49.73057556152344 144.0 41.91796875
vertex 40.71333312988281 154.0 24.958984375
vertex 49.73057556152344 156.0 41.91796875
endloop
endfacet
facet normal -0.0 0.0 1.0
outer loop
vertex 13.97296142578125 156.0 48.373809814453125
vertex 30.912399291992188 154.0 48.373809814453125
vertex 39.972991943359375 154.0 48.373809814453125
endloop
endfacet
facet normal 0.0 1.0 0.0
outer loop
vertex 13.97296142578125 156.0 48.373809814453125
vertex 49.73057556152344 156.0 41.91796875
vertex 35.97633361816406 156.0 40.84197998046875
endloop
endfacet
facet normal -0.8829474904297151 0.0 0.4694717554271697
outer loop
vertex 33.06111145019531 144.0 52.414947509765625
vertex 33.06111145019531 154.0 52.414947509765625
vertex 30.912399291992188 154.0 48.373809814453125
endloop
endfacet
facet normal -0.0 0.0 1.0
outer loop
vertex 13.97296142578125 156.0 48.373809814453125
vertex 39.972991943359375 154.0 48.373809814453125
vertex 49.97296142578125 156.0 48.373809814453125
endloop
endfacet
facet normal -0.0 1.0 0.0
outer loop
vertex 30.912399291992188 154.0 48.373809814453125
vertex 33.06111145019531 154.0 52.414947509765625
vertex 39.972991943359375 154.0 48.373809814453125
endloop
endfacet
facet normal -0.0 1.0 0.0
outer loop
vertex 13.97296142578125 156.0 48.373809814453125
vertex 49.97296142578125 156.0 48.373809814453125
vertex 49.73057556152344 156.0 41.91796875
endloop
endfacet
facet normal -0.0 1.0 0.0
outer loop
vertex 33.06111145019531 154.0 52.414947509765625
vertex 41.2103271484375 154.0 67.74142456054688
vertex 39.972991943359375 154.0 48.373809814453125
endloop
endfacet
facet normal -0.8829479917478467 0.0 0.46947081258417384
outer loop
vertex 41.2103271484375 144.0 67.74142456054688
vertex 41.2103271484375 154.0 67.74142456054688
vertex 33.06111145019531 154.0 52.414947509765625
endloop
endfacet
facet normal -0.9992958412386246 1.4141197853586128e-06 0.03752094989722517
outer loop
vertex 27.461151123046875 154.0 67.74142456054688
vertex 27.70355224609375 154.0 74.19729614257812
vertex 27.465560913085938 156.0 67.85879516601562
endloop
endfacet
facet normal -0.9992958412396237 0.0 0.03752094989726268
outer loop
vertex 27.70355224609375 142.0 74.19729614257812
vertex 27.70355224609375 154.0 74.19729614257812
vertex 27.461151123046875 154.0 67.74142456054688
endloop
endfacet
facet normal -0.9992958579695861 0.0 0.03752050432535299
outer loop
vertex 27.465560913085938 156.0 67.85879516601562
vertex 27.70355224609375 154.0 74.19729614257812
vertex 27.70355224609375 156.0 74.19729614257812
endloop
endfacet
facet normal 0.0 0.0 -0.9999999999999999
outer loop
vertex 41.2103271484375 144.0 67.74142456054688
vertex 27.461151123046875 154.0 67.74142456054688
vertex 28.041793823242188 155.7741937637329 67.74142456054688
endloop
endfacet
facet normal -0.8829475850784313 0.0 0.46947157741887463
outer loop
vertex 27.70355224609375 142.0 74.19729614257812
vertex 41.43412780761719 156.0 100.020751953125
vertex 27.70355224609375 154.0 74.19729614257812
endloop
endfacet
facet normal -0.8829475850784313 0.0 0.46947157741887463
outer loop
vertex 27.70355224609375 154.0 74.19729614257812
vertex 41.43412780761719 156.0 100.020751953125
vertex 27.70355224609375 156.0 74.19729614257812
endloop
endfacet
facet normal 0.0 0.0 -1.0
outer loop
vertex 41.2103271484375 144.0 67.74142456054688
vertex 28.041793823242188 155.7741937637329 67.74142456054688
vertex 41.2103271484375 154.0 67.74142456054688
endloop
endfacet
facet normal -0.0 -0.0 -1.0
outer loop
vertex 28.041793823242188 155.7741937637329 67.74142456054688
vertex 50.27088928222656 154.0 67.74142456054688
vertex 41.2103271484375 154.0 67.74142456054688
endloop
endfacet
facet normal -0.999294937457809 0.0 0.03754501260079392
outer loop
vertex 27.461151123046875 154.0 67.74142456054688
vertex 27.465560913085938 156.0 67.85879516601562
vertex 27.461151123046875 264.0 67.74142456054688
endloop
endfacet
facet normal -0.9992958579695861 0.0 0.037520504325353
outer loop
vertex 27.465560913085938 156.0 67.85879516601562
vertex 27.70355224609375 156.0 74.19729614257812
vertex 27.70355224609375 264.0 74.19729614257812
endloop
endfacet
facet normal 0.0 -0.0 -1.0
outer loop
vertex 27.461151123046875 154.0 67.74142456054688
vertex 61.70353698730469 261.0 67.74142456054688
vertex 28.041793823242188 155.7741937637329 67.74142456054688
endloop
endfacet
facet normal 0.0 0.0 1.0
outer loop
vertex 39.972991943359375 154.0 48.373809814453125
vertex 49.03352355957031 154.0 48.373809814453125
vertex 49.97296142578125 156.0 48.373809814453125
endloop
endfacet
facet normal -0.0 0.9999999999999999 0.0
outer loop
vertex 39.972991943359375 154.0 48.373809814453125
vertex 41.2103271484375 154.0 67.74142456054688
vertex 49.03352355957031 154.0 48.373809814453125
endloop
endfacet
facet normal 0.0 1.0 -0.0
outer loop
vertex 49.03352355957031 154.0 48.373809814453125
vertex 41.2103271484375 154.0 67.74142456054688
vertex 50.27088928222656 154.0 67.74142456054688
endloop
endfacet
facet normal 0.9992959231452745 0.0 -0.03751876843972367
outer loop
vertex 49.73057556152344 144.0 41.91796875
vertex 49.73057556152344 156.0 41.91796875
vertex 49.97296142578125 156.0 48.373809814453125
endloop
endfacet
facet normal 0.0 -0.0 1.0
outer loop
vertex 49.03352355957031 144.0 48.373809814453125
vertex 49.97296142578125 156.0 48.373809814453125
vertex 49.03352355957031 154.0 48.373809814453125
endloop
endfacet
facet normal 0.8829476273660181 0.0 -0.46947149788748566
outer loop
vertex 49.03352355957031 144.0 48.373809814453125
vertex 49.03352355957031 154.0 48.373809814453125
vertex 57.18275451660156 154.0 63.700286865234375
endloop
endfacet
facet normal -0.0 0.9999999999999999 0.0
outer loop
vertex 49.03352355957031 154.0 48.373809814453125
vertex 50.27088928222656 154.0 67.74142456054688
vertex 57.18275451660156 154.0 63.700286865234375
endloop
endfacet
facet normal -0.0 -0.0 -1.0
outer loop
vertex 28.041793823242188 155.7741937637329 67.74142456054688
vertex 59.33146667480469 154.0 67.74142456054688
vertex 50.27088928222656 154.0 67.74142456054688
endloop
endfacet
facet normal -0.0 1.0 0.0
outer loop
vertex 27.70355224609375 156.0 74.19729614257812
vertex 41.43412780761719 156.0 100.020751953125
vertex 52.366851806640625 156.0 81.7291259765625
endloop
endfacet
facet normal -0.0 -0.0 -1.0
outer loop
vertex 28.041793823242188 155.7741937637329 67.74142456054688
vertex 63.46116638183594 154.0 67.74142456054688
vertex 59.33146667480469 154.0 67.74142456054688
endloop
endfacet
facet normal 0.0 0.0 -1.0
outer loop
vertex 28.041793823242188 155.7741937637329 67.74142456054688
vertex 63.46116638183594 156.0 67.74142456054688
vertex 63.46116638183594 154.0 67.74142456054688
endloop
endfacet
facet normal -0.0 1.0 0.0
outer loop
vertex 27.70355224609375 156.0 74.19729614257812
vertex 62.89884948730469 156.0 78.14254760742188
vertex 63.70353698730469 156.0 74.19729614257812
endloop
endfacet
facet normal -0.0 1.0 0.0
outer loop
vertex 27.70355224609375 156.0 74.19729614257812
vertex 52.366851806640625 156.0 81.7291259765625
vertex 62.89884948730469 156.0 78.14254760742188
endloop
endfacet
facet normal -0.9992959311245976 0.0 0.03751855591335187
outer loop
vertex 52.366851806640625 156.0 81.7291259765625
vertex 52.77082824707031 160.0 92.48892211914062
vertex 52.366851806640625 160.0 81.7291259765625
endloop
endfacet
facet normal 0.0 0.0 -1.0
outer loop
vertex 28.041793823242188 155.7741937637329 67.74142456054688
vertex 63.46116638183594 264.0 67.74142456054688
vertex 63.46116638183594 156.0 67.74142456054688
endloop
endfacet
facet normal 0.0 0.0 1.0
outer loop
vertex 27.70355224609375 156.0 74.19729614257812
vertex 63.70353698730469 156.0 74.19729614257812
vertex 63.70353698730469 264.0 74.19729614257812
endloop
endfacet
facet normal 0.9992959297947198 0.0 -0.037518591334246745
outer loop
vertex 36.24238586425781 156.0 22.55035400390625
vertex 36.0 264.0 16.094482421875
vertex 36.24238586425781 264.0 22.55035400390625
endloop
endfacet
facet normal 0.0 0.0 -1.0
outer loop
vertex 27.510406494140625 286.0 8.55035400390625
vertex 27.510406494140625 295.0 8.55035400390625
vertex 34.24238586425781 261.0 8.55035400390625
endloop
endfacet
facet normal 0.0 0.0 -1.0
outer loop
vertex 27.510406494140625 295.0 8.55035400390625
vertex 34.24238586425781 295.0 8.55035400390625
vertex 34.24238586425781 261.0 8.55035400390625
endloop
endfacet
facet normal 0.8829477379470148 2.318991779491092e-06 -0.4694712899090551
outer loop
vertex 25.134567260742188 298.0 4.082061767578125
vertex 33.89091491699219 295.0 20.55035400390625
vertex 27.510406494140625 295.0 8.55035400390625
endloop
endfacet
facet normal -0.0 1.0 0.0
outer loop
vertex 27.510406494140625 295.0 8.55035400390625
vertex 33.89091491699219 295.0 20.55035400390625
vertex 34.24238586425781 295.0 8.55035400390625
endloop
endfacet
facet normal 0.8829475987935609 4.7616580064743966e-07 -0.469471551624226
outer loop
vertex 25.134567260742188 298.0 4.082061767578125
vertex 35.43251037597656 298.0 23.449676513671875
vertex 33.89091491699219 295.0 20.55035400390625
endloop
endfacet
facet normal 0.9999999999999999 0.0 -0.0
outer loop
vertex 34.24238586425781 261.0 8.55035400390625
vertex 34.24238586425781 264.0 16.094482421875
vertex 34.24238586425781 261.0 16.094482421875
endloop
endfacet
facet normal 0.0 0.0 -1.0
outer loop
vertex 34.24238586425781 261.0 16.094482421875
vertex 34.24238586425781 264.0 16.094482421875
vertex 36.0 264.0 16.094482421875
endloop
endfacet
facet normal -0.0 1.0 0.0
outer loop
vertex 34.24238586425781 264.0 16.094482421875
vertex 34.24238586425781 264.0 20.55035400390625
vertex 36.0 264.0 16.094482421875
endloop
endfacet
facet normal 0.0 1.0 -0.0
outer loop
vertex 36.0 264.0 16.094482421875
vertex 34.24238586425781 264.0 20.55035400390625
vertex 36.24238586425781 264.0 22.55035400390625
endloop
endfacet
facet normal 1.0 0.0 -0.0
outer loop
vertex 34.24238586425781 261.0 8.55035400390625
vertex 34.24238586425781 295.0 8.55035400390625
vertex 34.24238586425781 264.0 16.094482421875
endloop
endfacet
facet normal 1.0 0.0 -0.0
outer loop
vertex 34.24238586425781 264.0 16.094482421875
vertex 34.24238586425781 295.0 20.55035400390625
vertex 34.24238586425781 264.0 20.55035400390625
endloop
endfacet
facet normal 1.0 -0.0 0.0
outer loop
vertex 34.24238586425781 264.0 16.094482421875
vertex 34.24238586425781 295.0 8.55035400390625
vertex 34.24238586425781 295.0 20.55035400390625
endloop
endfacet
facet normal 0.0 -0.0 1.0
outer loop
vertex 34.24238586425781 264.0 20.55035400390625
vertex 34.24238586425781 295.0 20.55035400390625
vertex 33.89091491699219 286.0 20.55035400390625
endloop
endfacet
facet normal 0.882947803027199 0.0 -0.469471167516646
outer loop
vertex 33.89091491699219 286.0 20.55035400390625
vertex 33.89091491699219 295.0 20.55035400390625
vertex 35.43251037597656 286.0 23.449676513671875
endloop
endfacet
facet normal 0.0 -0.0 1.0
outer loop
vertex 33.89091491699219 286.0 20.55035400390625
vertex 34.24238586425781 295.0 20.55035400390625
vertex 33.89091491699219 295.0 20.55035400390625
endloop
endfacet
facet normal 0.0 1.0 -0.0
outer loop
vertex 34.24238586425781 295.0 8.55035400390625
vertex 33.89091491699219 295.0 20.55035400390625
vertex 34.24238586425781 295.0 20.55035400390625
endloop
endfacet
facet normal 0.882947803027199 0.0 -0.4694711675166461
outer loop
vertex 33.89091491699219 295.0 20.55035400390625
vertex 35.43251037597656 298.0 23.449676513671875
vertex 35.43251037597656 286.0 23.449676513671875
endloop
endfacet
facet normal 0.8829475805066807 0.0 -0.4694715860170863
outer loop
vertex 35.43251037597656 286.0 23.449676513671875
vertex 35.43251037597656 298.0 23.449676513671875
vertex 45.730438232421875 286.0 42.8172607421875
endloop
endfacet
facet normal 0.0 -0.9999999999999999 0.0
outer loop
vertex 26.72283935546875 286.0 53.93035888671875
vertex 35.43251037597656 286.0 23.449676513671875
vertex 45.730438232421875 286.0 42.8172607421875
endloop
endfacet
facet normal 0.0 0.9999999999999999 0.0
outer loop
vertex 26.72283935546875 298.0 53.93035888671875
vertex 45.730438232421875 298.0 42.8172607421875
vertex 35.43251037597656 298.0 23.449676513671875
endloop
endfacet
facet normal 0.8829475805066807 0.0 -0.4694715860170863
outer loop
vertex 35.43251037597656 298.0 23.449676513671875
vertex 45.730438232421875 298.0 42.8172607421875
vertex 45.730438232421875 286.0 42.8172607421875
endloop
endfacet
facet normal 0.0 0.0 -0.9999999999999999
outer loop
vertex 27.461151123046875 154.0 67.74142456054688
vertex 27.461151123046875 264.0 67.74142456054688
vertex 29.70355224609375 261.0 67.74142456054688
endloop
endfacet
facet normal -0.9992958412396232 -2.6187403432593078e-08 0.037520949897262665
outer loop
vertex 27.465560913085938 156.0 67.85879516601562
vertex 27.70355224609375 264.0 74.19729614257812
vertex 27.461151123046875 264.0 67.74142456054688
endloop
endfacet
facet normal 0.0 0.0 -1.0
outer loop
vertex 27.461151123046875 154.0 67.74142456054688
vertex 29.70355224609375 261.0 67.74142456054688
vertex 61.70353698730469 261.0 67.74142456054688
endloop
endfacet
facet normal 0.0 -0.0 1.0
outer loop
vertex 27.70355224609375 156.0 74.19729614257812
vertex 63.70353698730469 264.0 74.19729614257812
vertex 27.70355224609375 264.0 74.19729614257812
endloop
endfacet
facet normal 0.0 0.0 -1.0
outer loop
vertex 29.70355224609375 261.0 60.197296142578125
vertex 29.70355224609375 295.0 60.197296142578125
vertex 30.055023193359375 286.0 60.197296142578125
endloop
endfacet
facet normal -1.0 0.0 0.0
outer loop
vertex 29.70355224609375 261.0 60.197296142578125
vertex 29.70355224609375 295.0 72.19729614257812
vertex 29.70355224609375 295.0 60.197296142578125
endloop
endfacet
facet normal -0.8829479320943227 0.0 0.4694709247763482
outer loop
vertex 26.72283935546875 286.0 53.93035888671875
vertex 30.055023193359375 286.0 60.197296142578125
vertex 26.72283935546875 298.0 53.93035888671875
endloop
endfacet
facet normal -0.8829479320943225 0.0 0.46947092477634816
outer loop
vertex 26.72283935546875 298.0 53.93035888671875
vertex 30.055023193359375 286.0 60.197296142578125
vertex 30.055023193359375 295.0 60.197296142578125
endloop
endfacet
facet normal 0.0 0.0 -1.0
outer loop
vertex 30.055023193359375 286.0 60.197296142578125
vertex 29.70355224609375 295.0 60.197296142578125
vertex 30.055023193359375 295.0 60.197296142578125
endloop
endfacet
facet normal -0.0 1.0 0.0
outer loop
vertex 29.70355224609375 295.0 60.197296142578125
vertex 29.70355224609375 295.0 72.19729614257812
vertex 30.055023193359375 295.0 60.197296142578125
endloop
endfacet
facet normal -0.8829475987924155 1.6796785768514422e-06 0.469471551623617
outer loop
vertex 26.72283935546875 298.0 53.93035888671875
vertex 30.055023193359375 295.0 60.197296142578125
vertex 37.020782470703125 298.0 73.2979736328125
endloop
endfacet
facet normal 0.0 0.0 -1.0
outer loop
vertex 29.70355224609375 261.0 60.197296142578125
vertex 30.055023193359375 286.0 60.197296142578125
vertex 54.97154235839844 286.0 60.197296142578125
endloop
endfacet
facet normal 0.0 -1.0 0.0
outer loop
vertex 26.72283935546875 286.0 53.93035888671875
vertex 45.730438232421875 286.0 42.8172607421875
vertex 30.055023193359375 286.0 60.197296142578125
endloop
endfacet
facet normal -0.0 1.0 0.0
outer loop
vertex 26.72283935546875 298.0 53.93035888671875
vertex 37.020782470703125 298.0 73.2979736328125
vertex 45.730438232421875 298.0 42.8172607421875
endloop
endfacet
facet normal 0.0 0.0 -1.0
outer loop
vertex 27.461151123046875 264.0 67.74142456054688
vertex 29.70355224609375 264.0 67.74142456054688
vertex 29.70355224609375 261.0 67.74142456054688
endloop
endfacet
facet normal -0.9999999999999999 0.0 0.0
outer loop
vertex 29.70355224609375 261.0 60.197296142578125
vertex 29.70355224609375 261.0 67.74142456054688
vertex 29.70355224609375 264.0 67.74142456054688
endloop
endfacet
facet normal -0.0 1.0 0.0
outer loop
vertex 27.461151123046875 264.0 67.74142456054688
vertex 29.70355224609375 264.0 72.19729614257812
vertex 29.70355224609375 264.0 67.74142456054688
endloop
endfacet
facet normal -0.0 1.0 0.0
outer loop
vertex 27.461151123046875 264.0 67.74142456054688
vertex 27.70355224609375 264.0 74.19729614257812
vertex 29.70355224609375 264.0 72.19729614257812
endloop
endfacet
facet normal -1.0 0.0 0.0
outer loop
vertex 29.70355224609375 261.0 60.197296142578125
vertex 29.70355224609375 264.0 67.74142456054688
vertex 29.70355224609375 295.0 72.19729614257812
endloop
endfacet
facet normal -1.0 0.0 0.0
outer loop
vertex 29.70355224609375 264.0 67.74142456054688
vertex 29.70355224609375 264.0 72.19729614257812
vertex 29.70355224609375 295.0 72.19729614257812
endloop
endfacet
facet normal 0.0 -0.0 0.9999999999999999
outer loop
vertex 29.70355224609375 264.0 72.19729614257812
vertex 36.435546875 295.0 72.19729614257812
vertex 29.70355224609375 295.0 72.19729614257812
endloop
endfacet
facet normal 0.0 1.0 -0.0
outer loop
vertex 30.055023193359375 295.0 60.197296142578125
vertex 29.70355224609375 295.0 72.19729614257812
vertex 36.435546875 295.0 72.19729614257812
endloop
endfacet
facet normal 0.0 -0.0 1.0
outer loop
vertex 29.70355224609375 264.0 72.19729614257812
vertex 38.903350830078125 286.0 72.19729614257812
vertex 36.435546875 286.0 72.19729614257812
endloop
endfacet
facet normal 0.0 1.0 0.0
outer loop
vertex 27.70355224609375 264.0 74.19729614257812
vertex 61.70353698730469 264.0 72.19729614257812
vertex 29.70355224609375 264.0 72.19729614257812
endloop
endfacet
facet normal 0.0 0.0 1.0
outer loop
vertex 29.70355224609375 264.0 72.19729614257812
vertex 36.435546875 286.0 72.19729614257812
vertex 36.435546875 295.0 72.19729614257812
endloop
endfacet
facet normal -0.882947272556968 -1.7571595403259693e-06 0.46947216518247786
outer loop
vertex 30.055023193359375 295.0 60.197296142578125
vertex 36.435546875 295.0 72.19729614257812
vertex 37.020782470703125 298.0 73.2979736328125
endloop
endfacet
facet normal -0.8829492578130258 0.0 0.4694684314492582
outer loop
vertex 36.435546875 286.0 72.19729614257812
vertex 37.020782470703125 286.0 73.2979736328125
vertex 36.435546875 295.0 72.19729614257812
endloop
endfacet
facet normal -0.8829492578130259 0.0 0.46946843144925826
outer loop
vertex 36.435546875 295.0 72.19729614257812
vertex 37.020782470703125 286.0 73.2979736328125
vertex 37.020782470703125 298.0 73.2979736328125
endloop
endfacet
facet normal 0.0 -1.0 0.0
outer loop
vertex 36.435546875 286.0 72.19729614257812
vertex 38.903350830078125 286.0 72.19729614257812
vertex 37.020782470703125 286.0 73.2979736328125
endloop
endfacet
facet normal 0.0 0.0 -1.0
outer loop
vertex 28.041793823242188 155.7741937637329 67.74142456054688
vertex 61.70353698730469 261.0 67.74142456054688
vertex 63.46116638183594 264.0 67.74142456054688
endloop
endfacet
facet normal 0.0 -1.0 0.0
outer loop
vertex 29.70355224609375 261.0 60.197296142578125
vertex 61.70353698730469 261.0 60.197296142578125
vertex 29.70355224609375 261.0 67.74142456054688
endloop
endfacet
facet normal 0.0 -1.0 0.0
outer loop
vertex 45.730438232421875 286.0 42.8172607421875
vertex 54.97154235839844 286.0 60.197296142578125
vertex 30.055023193359375 286.0 60.197296142578125
endloop
endfacet
facet normal -0.0 1.0 -0.0
outer loop
vertex 45.730438232421875 298.0 42.8172607421875
vertex 37.020782470703125 298.0 73.2979736328125
vertex 56.02836608886719 298.0 62.18487548828125
endloop
endfacet
facet normal 0.0 0.0 -1.0
outer loop
vertex 29.70355224609375 261.0 60.197296142578125
vertex 54.97154235839844 286.0 60.197296142578125
vertex 61.70353698730469 261.0 60.197296142578125
endloop
endfacet
facet normal 0.8829481112996169 0.0 -0.4694705877394655
outer loop
vertex 45.730438232421875 286.0 42.8172607421875
vertex 45.730438232421875 298.0 42.8172607421875
vertex 54.97154235839844 295.0 60.197296142578125
endloop
endfacet
facet normal 0.8829481112996169 0.0 -0.4694705877394655
outer loop
vertex 45.730438232421875 286.0 42.8172607421875
vertex 54.97154235839844 295.0 60.197296142578125
vertex 54.97154235839844 286.0 60.197296142578125
endloop
endfacet
facet normal 0.8829478871413249 -3.1327955309453726e-06 -0.46947100931032576
outer loop
vertex 45.730438232421875 298.0 42.8172607421875
vertex 56.02836608886719 298.0 62.18487548828125
vertex 54.97154235839844 295.0 60.197296142578125
endloop
endfacet
facet normal 0.0 -0.0 1.0
outer loop
vertex 29.70355224609375 264.0 72.19729614257812
vertex 61.70353698730469 264.0 72.19729614257812
vertex 38.903350830078125 286.0 72.19729614257812
endloop
endfacet
facet normal 0.0 -0.9999999999999999 0.0
outer loop
vertex 37.020782470703125 286.0 73.2979736328125
vertex 38.903350830078125 286.0 72.19729614257812
vertex 47.31871032714844 286.0 92.66558837890625
endloop
endfacet
facet normal -0.8829478871456575 0.0 0.4694710093126295
outer loop
vertex 37.020782470703125 286.0 73.2979736328125
vertex 47.31871032714844 298.0 92.66558837890625
vertex 37.020782470703125 298.0 73.2979736328125
endloop
endfacet
facet normal -0.0 1.0 0.0
outer loop
vertex 37.020782470703125 298.0 73.2979736328125
vertex 47.31871032714844 298.0 92.66558837890625
vertex 56.02836608886719 298.0 62.18487548828125
endloop
endfacet
facet normal -0.8829478871456575 0.0 0.4694710093126295
outer loop
vertex 37.020782470703125 286.0 73.2979736328125
vertex 47.31871032714844 286.0 92.66558837890625
vertex 47.31871032714844 298.0 92.66558837890625
endloop
endfacet
facet normal 0.0 -1.0 0.0
outer loop
vertex 29.70355224609375 261.0 67.74142456054688
vertex 61.70353698730469 261.0 60.197296142578125
vertex 61.70353698730469 261.0 67.74142456054688
endloop
endfacet
facet normal -0.0 1.0 0.0
outer loop
vertex 27.70355224609375 264.0 74.19729614257812
vertex 63.70353698730469 264.0 74.19729614257812
vertex 61.70353698730469 264.0 72.19729614257812
endloop
endfacet
facet normal 0.0 -1.0 0.0
outer loop
vertex 38.903350830078125 286.0 72.19729614257812
vertex 66.32630920410156 286.0 81.55245971679688
vertex 47.31871032714844 286.0 92.66558837890625
endloop
endfacet
facet normal -0.0 1.0 -0.0
outer loop
vertex 52.366851806640625 156.0 81.7291259765625
vertex 41.43412780761719 156.0 100.020751953125
vertex 52.77082824707031 156.0 92.48892211914062
endloop
endfacet
facet normal -0.9992959311245976 0.0 0.03751855591335187
outer loop
vertex 52.366851806640625 156.0 81.7291259765625
vertex 52.77082824707031 156.0 92.48892211914062
vertex 52.77082824707031 160.0 92.48892211914062
endloop
endfacet
facet normal 0.0 1.0 0.0
outer loop
vertex 41.43412780761719 156.0 100.020751953125
vertex 63.43748474121094 156.0 92.48892211914062
vertex 52.77082824707031 156.0 92.48892211914062
endloop
endfacet
facet normal 0.0 -0.0 1.0
outer loop
vertex 41.43412780761719 144.0 100.020751953125
vertex 58.37355041503906 154.0 100.020751953125
vertex 41.43412780761719 156.0 100.020751953125
endloop
endfacet
facet normal -0.8829472921540759 0.0 0.46947212832902563
outer loop
vertex 47.31871032714844 286.0 92.66558837890625
vertex 57.61665344238281 298.0 112.03317260742188
vertex 47.31871032714844 298.0 92.66558837890625
endloop
endfacet
facet normal 0.8829472921540759 0.0 -0.46947212832902563
outer loop
vertex 56.02836608886719 0.0 62.18487548828125
vertex 56.02836608886719 12.0 62.18487548828125
vertex 66.32630920410156 0.0 81.55245971679688
endloop
endfacet
facet normal 0.0 -1.0 0.0
outer loop
vertex 47.31871032714844 0.0 92.66558837890625
vertex 56.02836608886719 0.0 62.18487548828125
vertex 66.32630920410156 0.0 81.55245971679688
endloop
endfacet
facet normal 0.0 0.9999999999999999 0.0
outer loop
vertex 43.78559875488281 12.0 86.020751953125
vertex 66.32630920410156 12.0 81.55245971679688
vertex 56.02836608886719 12.0 62.18487548828125
endloop
endfacet
facet normal -0.0 1.0 0.0
outer loop
vertex 43.78559875488281 12.0 86.020751953125
vertex 58.68385314941406 12.0 86.020751953125
vertex 66.32630920410156 12.0 81.55245971679688
endloop
endfacet
facet normal 0.0 -0.0 -1.0
outer loop
vertex 43.43412780761719 37.0 86.020751953125
vertex 75.43412780761719 37.0 86.020751953125
vertex 58.68385314941406 12.0 86.020751953125
endloop
endfacet
facet normal 0.8829472921540759 0.0 -0.46947212832902563
outer loop
vertex 56.02836608886719 12.0 62.18487548828125
vertex 66.32630920410156 12.0 81.55245971679688
vertex 66.32630920410156 0.0 81.55245971679688
endloop
endfacet
facet normal 0.8829483424069972 0.0 -0.469470153088283
outer loop
vertex 66.32630920410156 0.0 81.55245971679688
vertex 66.32630920410156 12.0 81.55245971679688
vertex 68.70213317871094 3.0 86.020751953125
endloop
endfacet
facet normal -0.0 1.0 0.0
outer loop
vertex 58.68385314941406 12.0 86.020751953125
vertex 68.70213317871094 12.0 86.020751953125
vertex 66.32630920410156 12.0 81.55245971679688
endloop
endfacet
facet normal 0.8829483424069973 0.0 -0.46947015308828305
outer loop
vertex 66.32630920410156 12.0 81.55245971679688
vertex 68.70213317871094 12.0 86.020751953125
vertex 68.70213317871094 3.0 86.020751953125
endloop
endfacet
facet normal 0.0 0.0 -1.0
outer loop
vertex 68.70213317871094 3.0 86.020751953125
vertex 68.70213317871094 12.0 86.020751953125
vertex 75.43412780761719 3.0 86.020751953125
endloop
endfacet
facet normal 0.0 0.0 -1.0
outer loop
vertex 68.70213317871094 12.0 86.020751953125
vertex 75.43412780761719 37.0 86.020751953125
vertex 75.43412780761719 3.0 86.020751953125
endloop
endfacet
facet normal 0.0 -0.0 -1.0
outer loop
vertex 58.68385314941406 12.0 86.020751953125
vertex 75.43412780761719 37.0 86.020751953125
vertex 68.70213317871094 12.0 86.020751953125
endloop
endfacet
facet normal 0.8829476273660181 0.0 -0.46947149788748566
outer loop
vertex 49.03352355957031 144.0 48.373809814453125
vertex 57.18275451660156 154.0 63.700286865234375
vertex 57.18275451660156 144.0 63.700286865234375
endloop
endfacet
facet normal 0.0 -1.0 0.0
outer loop
vertex 50.27088928222656 144.0 67.74142456054688
vertex 57.18275451660156 144.0 63.700286865234375
vertex 59.33146667480469 144.0 67.74142456054688
endloop
endfacet
facet normal 0.0 0.0 -1.0
outer loop
vertex 50.27088928222656 144.0 67.74142456054688
vertex 59.33146667480469 144.0 67.74142456054688
vertex 63.46116638183594 142.0 67.74142456054688
endloop
endfacet
facet normal 0.8829474904297151 0.0 -0.4694717554271697
outer loop
vertex 57.18275451660156 144.0 63.700286865234375
vertex 59.33146667480469 154.0 67.74142456054688
vertex 59.33146667480469 144.0 67.74142456054688
endloop
endfacet
facet normal 0.0 -1.0 0.0
outer loop
vertex 52.366851806640625 142.0 81.7291259765625
vertex 63.46116638183594 142.0 67.74142456054688
vertex 62.89884948730469 142.0 78.14254760742188
endloop
endfacet
facet normal 0.3510936685177539 -0.9362475505205817 -0.01318180833407672
outer loop
vertex 52.366851806640625 138.0 81.7291259765625
vertex 63.03349304199219 142.0 81.7291259765625
vertex 52.77082824707031 138.0 92.48892211914062
endloop
endfacet
facet normal -0.32236185691218683 0.0 -0.9466165185586648
outer loop
vertex 52.366851806640625 138.0 81.7291259765625
vertex 52.366851806640625 142.0 81.7291259765625
vertex 62.89884948730469 142.0 78.14254760742188
endloop
endfacet
facet normal 0.35109367508424794 -0.9362475680311906 -0.013180389657278893
outer loop
vertex 52.366851806640625 138.0 81.7291259765625
vertex 62.89884948730469 142.0 78.14254760742188
vertex 63.03349304199219 142.0 81.7291259765625
endloop
endfacet
facet normal 0.0 0.0 -1.0
outer loop
vertex 59.33146667480469 144.0 67.74142456054688
vertex 59.33146667480469 154.0 67.74142456054688
vertex 63.46116638183594 142.0 67.74142456054688
endloop
endfacet
facet normal 0.8829482155244515 0.0 -0.46947039172048605
outer loop
vertex 63.46116638183594 142.0 67.74142456054688
vertex 63.46116638183594 154.0 67.74142456054688
vertex 68.05744934082031 143.95921850204468 76.38580322265625
endloop
endfacet
facet normal 0.8828577299286698 0.0009586430751650952 -0.4696395529644521
outer loop
vertex 63.46116638183594 142.0 67.74142456054688
vertex 68.05744934082031 143.95921850204468 76.38580322265625
vertex 68.17448425292969 144.0 76.60589599609375
endloop
endfacet
facet normal 0.35105209727995795 -0.9362630157081444 -0.013190542537510905
outer loop
vertex 68.16484069824219 144.0 76.3492431640625
vertex 68.17448425292969 144.0 76.60589599609375
vertex 68.05744934082031 143.95921850204468 76.38580322265625
endloop
endfacet
facet normal -0.0 -1.0 0.0
outer loop
vertex 63.46116638183594 142.0 67.74142456054688
vertex 77.19172668457031 142.0 93.56488037109375
vertex 62.89884948730469 142.0 78.14254760742188
endloop
endfacet
facet normal -0.32227405618131666 0.0 -0.9466464137746688
outer loop
vertex 68.16484069824219 144.0 76.3492431640625
vertex 68.05744934082031 143.95921850204468 76.38580322265625
vertex 68.16484069824219 154.0 76.3492431640625
endloop
endfacet
facet normal 0.9992948319725102 0.0 -0.037547820083628204
outer loop
vertex 68.16484069824219 144.0 76.3492431640625
vertex 68.17448425292969 154.0 76.60589599609375
vertex 68.17448425292969 144.0 76.60589599609375
endloop
endfacet
facet normal 0.8829478013427012 6.551800160809502e-08 -0.46947117068472444
outer loop
vertex 63.46116638183594 142.0 67.74142456054688
vertex 68.17448425292969 144.0 76.60589599609375
vertex 77.19172668457031 142.0 93.56488037109375
endloop
endfacet
facet normal -0.0 -1.0 0.0
outer loop
vertex 62.89884948730469 142.0 78.14254760742188
vertex 77.19172668457031 142.0 93.56488037109375
vertex 63.03349304199219 142.0 81.7291259765625
endloop
endfacet
facet normal 0.8829477981398666 0.0 -0.46947117670839095
outer loop
vertex 68.17448425292969 144.0 76.60589599609375
vertex 68.17448425292969 154.0 76.60589599609375
vertex 77.19172668457031 142.0 93.56488037109375
endloop
endfacet
facet normal 0.0 -1.0 0.0
outer loop
vertex 47.31871032714844 0.0 92.66558837890625
vertex 66.32630920410156 0.0 81.55245971679688
vertex 57.61665344238281 0.0 112.03317260742188
endloop
endfacet
facet normal -0.8829473305570125 0.0 0.4694720561037108
outer loop
vertex 50.166107177734375 12.0 98.020751953125
vertex 57.61665344238281 0.0 112.03317260742188
vertex 57.61665344238281 12.0 112.03317260742188
endloop
endfacet
facet normal 0.0 1.0 0.0
outer loop
vertex 43.43412780761719 37.0 86.020751953125
vertex 43.43412780761719 37.0 93.56488037109375
vertex 75.43412780761719 37.0 93.56488037109375
endloop
endfacet
facet normal -0.0 0.0 1.0
outer loop
vertex 43.43412780761719 34.0 98.020751953125
vertex 50.166107177734375 12.0 98.020751953125
vertex 75.08265686035156 12.0 98.020751953125
endloop
endfacet
facet normal 0.0 -1.0 0.0
outer loop
vertex 41.43412780761719 34.0 100.020751953125
vertex 43.43412780761719 34.0 98.020751953125
vertex 77.43412780761719 34.0 100.020751953125
endloop
endfacet
facet normal -0.0 1.0 0.0
outer loop
vertex 50.166107177734375 12.0 98.020751953125
vertex 57.61665344238281 12.0 112.03317260742188
vertex 75.08265686035156 12.0 98.020751953125
endloop
endfacet
facet normal 0.0 -1.0 0.0
outer loop
vertex 66.32630920410156 0.0 81.55245971679688
vertex 76.62425231933594 0.0 100.92007446289062
vertex 57.61665344238281 0.0 112.03317260742188
endloop
endfacet
facet normal -0.0 1.0 0.0
outer loop
vertex 43.43412780761719 37.0 86.020751953125
vertex 75.43412780761719 37.0 93.56488037109375
vertex 75.43412780761719 37.0 86.020751953125
endloop
endfacet
facet normal -0.0 0.0 1.0
outer loop
vertex 43.43412780761719 34.0 98.020751953125
vertex 75.08265686035156 12.0 98.020751953125
vertex 75.43412780761719 34.0 98.020751953125
endloop
endfacet
facet normal 0.0 -1.0 0.0
outer loop
vertex 43.43412780761719 34.0 98.020751953125
vertex 75.43412780761719 34.0 98.020751953125
vertex 77.43412780761719 34.0 100.020751953125
endloop
endfacet
facet normal -0.8829475987936609 0.0 0.4694715516242792
outer loop
vertex 57.61665344238281 0.0 112.03317260742188
vertex 67.91459655761719 12.0 131.40078735351562
vertex 57.61665344238281 12.0 112.03317260742188
endloop
endfacet
facet normal -0.8829475987936609 0.0 0.4694715516242792
outer loop
vertex 57.61665344238281 0.0 112.03317260742188
vertex 67.91459655761719 0.0 131.40078735351562
vertex 67.91459655761719 12.0 131.40078735351562
endloop
endfacet
facet normal 0.0 -0.0 0.9999999999999999
outer loop
vertex 41.43412780761719 34.0 100.020751953125
vertex 77.43412780761719 34.0 100.020751953125
vertex 76.85346984863281 142.2258062362671 100.020751953125
endloop
endfacet
facet normal 0.8829475987905091 2.671920642036599e-06 -0.4694715516226034
outer loop
vertex 66.32630920410156 0.0 81.55245971679688
vertex 68.70213317871094 3.0 86.020751953125
vertex 76.62425231933594 0.0 100.92007446289062
endloop
endfacet
facet normal 0.0 -1.0 0.0
outer loop
vertex 68.70213317871094 3.0 86.020751953125
vertex 75.43412780761719 3.0 86.020751953125
vertex 75.08265686035156 3.0 98.020751953125
endloop
endfacet
facet normal 0.8829472725576559 -1.2367751675097654e-06 -0.46947216518284357
outer loop
vertex 68.70213317871094 3.0 86.020751953125
vertex 75.08265686035156 3.0 98.020751953125
vertex 76.62425231933594 0.0 100.92007446289062
endloop
endfacet
facet normal 0.0 1.0 0.0
outer loop
vertex 57.61665344238281 12.0 112.03317260742188
vertex 76.62425231933594 12.0 100.92007446289062
vertex 75.08265686035156 12.0 98.020751953125
endloop
endfacet
facet normal 0.0 -1.0 0.0
outer loop
vertex 75.43412780761719 3.0 86.020751953125
vertex 75.43412780761719 3.0 98.020751953125
vertex 75.08265686035156 3.0 98.020751953125
endloop
endfacet
facet normal 1.0 0.0 -0.0
outer loop
vertex 75.43412780761719 3.0 86.020751953125
vertex 75.43412780761719 37.0 86.020751953125
vertex 75.43412780761719 3.0 98.020751953125
endloop
endfacet
facet normal 0.882947803027199 0.0 -0.469471167516646
outer loop
vertex 75.08265686035156 3.0 98.020751953125
vertex 75.08265686035156 12.0 98.020751953125
vertex 76.62425231933594 12.0 100.92007446289062
endloop
endfacet
facet normal 0.882947803027199 0.0 -0.4694711675166461
outer loop
vertex 75.08265686035156 3.0 98.020751953125
vertex 76.62425231933594 12.0 100.92007446289062
vertex 76.62425231933594 0.0 100.92007446289062
endloop
endfacet
facet normal 0.0 0.0 1.0
outer loop
vertex 75.08265686035156 3.0 98.020751953125
vertex 75.43412780761719 3.0 98.020751953125
vertex 75.43412780761719 34.0 98.020751953125
endloop
endfacet
facet normal 0.0 -0.0 1.0
outer loop
vertex 75.08265686035156 3.0 98.020751953125
vertex 75.43412780761719 34.0 98.020751953125
vertex 75.08265686035156 12.0 98.020751953125
endloop
endfacet
facet normal 0.8829472921540759 0.0 -0.46947212832902563
outer loop
vertex 76.62425231933594 0.0 100.92007446289062
vertex 76.62425231933594 12.0 100.92007446289062
vertex 86.92219543457031 0.0 120.28765869140625
endloop
endfacet
facet normal 1.0 0.0 0.0
outer loop
vertex 75.43412780761719 37.0 86.020751953125
vertex 75.43412780761719 34.0 93.56488037109375
vertex 75.43412780761719 3.0 98.020751953125
endloop
endfacet
facet normal 1.0 -0.0 0.0
outer loop
vertex 75.43412780761719 3.0 98.020751953125
vertex 75.43412780761719 34.0 93.56488037109375
vertex 75.43412780761719 34.0 98.020751953125
endloop
endfacet
facet normal 0.9999999999999999 0.0 -0.0
outer loop
vertex 75.43412780761719 37.0 86.020751953125
vertex 75.43412780761719 37.0 93.56488037109375
vertex 75.43412780761719 34.0 93.56488037109375
endloop
endfacet
facet normal 0.0 0.0 -1.0
outer loop
vertex 75.43412780761719 34.0 93.56488037109375
vertex 75.43412780761719 37.0 93.56488037109375
vertex 77.19172668457031 34.0 93.56488037109375
endloop
endfacet
facet normal 0.0 -1.0 0.0
outer loop
vertex 75.43412780761719 34.0 93.56488037109375
vertex 77.19172668457031 34.0 93.56488037109375
vertex 75.43412780761719 34.0 98.020751953125
endloop
endfacet
facet normal -0.0 -1.0 0.0
outer loop
vertex 77.19172668457031 34.0 93.56488037109375
vertex 77.43412780761719 34.0 100.020751953125
vertex 75.43412780761719 34.0 98.020751953125
endloop
endfacet
facet normal 0.0 -1.0 0.0
outer loop
vertex 57.61665344238281 0.0 112.03317260742188
vertex 76.62425231933594 0.0 100.92007446289062
vertex 67.91459655761719 0.0 131.40078735351562
endloop
endfacet
facet normal -0.0 1.0 0.0
outer loop
vertex 57.61665344238281 12.0 112.03317260742188
vertex 67.91459655761719 12.0 131.40078735351562
vertex 76.62425231933594 12.0 100.92007446289062
endloop
endfacet
facet normal 0.0 -1.0 0.0
outer loop
vertex 76.62425231933594 0.0 100.92007446289062
vertex 86.92219543457031 0.0 120.28765869140625
vertex 67.91459655761719 0.0 131.40078735351562
endloop
endfacet
facet normal -0.0 1.0 -0.0
outer loop
vertex 76.62425231933594 12.0 100.92007446289062
vertex 67.91459655761719 12.0 131.40078735351562
vertex 86.92219543457031 12.0 120.28765869140625
endloop
endfacet
facet normal -0.0 1.0 0.0
outer loop
vertex 67.91459655761719 12.0 131.40078735351562
vertex 71.24678039550781 12.0 137.66769409179688
vertex 86.92219543457031 12.0 120.28765869140625
endloop
endfacet
facet normal 0.0 0.0 -1.0
outer loop
vertex 75.43412780761719 37.0 93.56488037109375
vertex 77.19172668457031 142.0 93.56488037109375
vertex 77.19172668457031 34.0 93.56488037109375
endloop
endfacet
facet normal 0.9992958412396236 0.0 -0.03752094989726268
outer loop
vertex 77.19172668457031 34.0 93.56488037109375
vertex 77.19172668457031 142.0 93.56488037109375
vertex 77.43412780761719 34.0 100.020751953125
endloop
endfacet
facet normal -0.8829469844405697 0.0 0.4694727070526085
outer loop
vertex 67.91459655761719 0.0 131.40078735351562
vertex 71.24678039550781 3.0 137.66769409179688
vertex 67.91459655761719 12.0 131.40078735351562
endloop
endfacet
facet normal -0.8829469844405697 0.0 0.4694727070526085
outer loop
vertex 67.91459655761719 12.0 131.40078735351562
vertex 71.24678039550781 3.0 137.66769409179688
vertex 71.24678039550781 12.0 137.66769409179688
endloop
endfacet
facet normal 0.0 0.0 -1.0
outer loop
vertex 70.89527893066406 3.0 137.66769409179688
vertex 71.24678039550781 12.0 137.66769409179688
vertex 71.24678039550781 3.0 137.66769409179688
endloop
endfacet
facet normal -0.882947868850371 4.45703067087148e-06 0.46947104369995274
outer loop
vertex 67.91459655761719 0.0 131.40078735351562
vertex 78.21250915527344 0.0 150.76837158203125
vertex 71.24678039550781 3.0 137.66769409179688
endloop
endfacet
facet normal 0.0 0.0 -1.0
outer loop
vertex 70.89527893066406 3.0 137.66769409179688
vertex 70.89527893066406 37.0 137.66769409179688
vertex 71.24678039550781 12.0 137.66769409179688
endloop
endfacet
facet normal 0.0 -1.0 0.0
outer loop
vertex 70.89527893066406 3.0 137.66769409179688
vertex 71.24678039550781 3.0 137.66769409179688
vertex 70.89527893066406 3.0 149.66769409179688
endloop
endfacet
facet normal 0.0 -1.0 0.0
outer loop
vertex 71.24678039550781 3.0 137.66769409179688
vertex 77.62727355957031 3.0 149.66769409179688
vertex 70.89527893066406 3.0 149.66769409179688
endloop
endfacet
facet normal -1.0 0.0 0.0
outer loop
vertex 70.89527893066406 3.0 137.66769409179688
vertex 70.89527893066406 3.0 149.66769409179688
vertex 70.89527893066406 34.0 145.21182250976562
endloop
endfacet
facet normal 0.0 -0.0 0.9999999999999999
outer loop
vertex 70.89527893066406 3.0 149.66769409179688
vertex 77.62727355957031 12.0 149.66769409179688
vertex 70.89527893066406 34.0 149.66769409179688
endloop
endfacet
facet normal -1.0 0.0 0.0
outer loop
vertex 70.89527893066406 3.0 137.66769409179688
vertex 70.89527893066406 34.0 145.21182250976562
vertex 70.89527893066406 37.0 137.66769409179688
endloop
endfacet
facet normal 0.0 0.0 -1.0
outer loop
vertex 68.65290832519531 34.0 145.21182250976562
vertex 70.89527893066406 37.0 145.21182250976562
vertex 70.89527893066406 34.0 145.21182250976562
endloop
endfacet
facet normal 0.0 -1.0 0.0
outer loop
vertex 68.65290832519531 34.0 145.21182250976562
vertex 70.89527893066406 34.0 149.66769409179688
vertex 68.89527893066406 34.0 151.66769409179688
endloop
endfacet
facet normal 0.0 -1.0 0.0
outer loop
vertex 68.65290832519531 34.0 145.21182250976562
vertex 70.89527893066406 34.0 145.21182250976562
vertex 70.89527893066406 34.0 149.66769409179688
endloop
endfacet
facet normal -1.0 0.0 0.0
outer loop
vertex 70.89527893066406 3.0 149.66769409179688
vertex 70.89527893066406 34.0 149.66769409179688
vertex 70.89527893066406 34.0 145.21182250976562
endloop
endfacet
facet normal -0.9999999999999999 0.0 0.0
outer loop
vertex 70.89527893066406 37.0 137.66769409179688
vertex 70.89527893066406 34.0 145.21182250976562
vertex 70.89527893066406 37.0 145.21182250976562
endloop
endfacet
facet normal 0.0 -1.0 0.0
outer loop
vertex 67.91459655761719 0.0 131.40078735351562
vertex 86.92219543457031 0.0 120.28765869140625
vertex 78.21250915527344 0.0 150.76837158203125
endloop
endfacet
facet normal -0.8829482033396852 9.333213891745941e-07 0.46947041463584394
outer loop
vertex 71.24678039550781 3.0 137.66769409179688
vertex 78.21250915527344 0.0 150.76837158203125
vertex 77.62727355957031 3.0 149.66769409179688
endloop
endfacet
facet normal 0.0 0.0 1.0
outer loop
vertex 70.89527893066406 3.0 149.66769409179688
vertex 77.62727355957031 3.0 149.66769409179688
vertex 77.62727355957031 12.0 149.66769409179688
endloop
endfacet
facet normal -0.8829492578130259 0.0 0.46946843144925826
outer loop
vertex 77.62727355957031 3.0 149.66769409179688
vertex 78.21250915527344 0.0 150.76837158203125
vertex 78.21250915527344 12.0 150.76837158203125
endloop
endfacet
facet normal -0.8829492578130258 0.0 0.4694684314492582
outer loop
vertex 77.62727355957031 3.0 149.66769409179688
vertex 78.21250915527344 12.0 150.76837158203125
vertex 77.62727355957031 12.0 149.66769409179688
endloop
endfacet
facet normal -0.0 1.0 0.0
outer loop
vertex 77.62727355957031 12.0 149.66769409179688
vertex 78.21250915527344 12.0 150.76837158203125
vertex 80.09507751464844 12.0 149.66769409179688
endloop
endfacet
facet normal -0.0 0.0 1.0
outer loop
vertex 70.89527893066406 34.0 149.66769409179688
vertex 77.62727355957031 12.0 149.66769409179688
vertex 80.09507751464844 12.0 149.66769409179688
endloop
endfacet
facet normal -0.9992960183442651 0.0 0.037516232770603807
outer loop
vertex 68.65290832519531 34.0 145.21182250976562
vertex 68.89527893066406 34.0 151.66769409179688
vertex 68.89527893066406 142.0 151.66769409179688
endloop
endfacet
facet normal 0.0 -0.0 1.0
outer loop
vertex 41.43412780761719 34.0 100.020751953125
vertex 76.03114318847656 142.54560661315918 100.020751953125
vertex 58.06556701660156 142.0 100.020751953125
endloop
endfacet
facet normal 0.0 -0.0 -1.0
outer loop
vertex 41.191741943359375 142.0 93.56488037109375
vertex 77.19172668457031 142.0 93.56488037109375
vertex 75.43412780761719 37.0 93.56488037109375
endloop
endfacet
facet normal 0.0 -0.0 0.9999999999999999
outer loop
vertex 41.43412780761719 34.0 100.020751953125
vertex 76.85346984863281 142.2258062362671 100.020751953125
vertex 76.03114318847656 142.54560661315918 100.020751953125
endloop
endfacet
facet normal 0.0 -0.0 1.0
outer loop
vertex 52.77082824707031 138.0 92.48892211914062
vertex 63.43748474121094 142.0 92.48892211914062
vertex 52.77082824707031 142.0 92.48892211914062
endloop
endfacet
facet normal 0.3510932259665754 -0.9362477097012882 -0.013182289614312689
outer loop
vertex 52.77082824707031 138.0 92.48892211914062
vertex 63.03349304199219 142.0 81.7291259765625
vertex 63.43748474121094 142.0 92.48892211914062
endloop
endfacet
facet normal 0.0 -1.0 0.0
outer loop
vertex 41.191741943359375 142.0 93.56488037109375
vertex 63.43748474121094 142.0 92.48892211914062
vertex 77.19172668457031 142.0 93.56488037109375
endloop
endfacet
facet normal -0.882947557075721 0.0 0.46947163008430665
outer loop
vertex 58.37355041503906 144.0 100.020751953125
vertex 63.95491027832031 144.0 110.51776123046875
vertex 63.95491027832031 154.0 110.51776123046875
endloop
endfacet
facet normal 0.0 -0.0 1.0
outer loop
vertex 58.06556701660156 142.0 100.020751953125
vertex 76.49470520019531 144.0 100.020751953125
vertex 58.37355041503906 144.0 100.020751953125
endloop
endfacet
facet normal 0.0 -1.0 0.0
outer loop
vertex 58.37355041503906 144.0 100.020751953125
vertex 76.49470520019531 144.0 100.020751953125
vertex 63.95491027832031 144.0 110.51776123046875
endloop
endfacet
facet normal 0.0 0.0 -1.0
outer loop
vertex 54.92231750488281 142.0 119.38836669921875
vertex 54.92231750488281 154.0 119.38836669921875
vertex 68.67149353027344 144.0 119.38836669921875
endloop
endfacet
facet normal -0.9992958412396237 0.0 0.03752094989726268
outer loop
vertex 54.92231750488281 142.0 119.38836669921875
vertex 55.16471862792969 142.0 125.84423828125
vertex 54.92231750488281 154.0 119.38836669921875
endloop
endfacet
facet normal -0.882947648160479 0.0 0.4694714587787834
outer loop
vertex 63.95491027832031 144.0 110.51776123046875
vertex 68.67149353027344 144.0 119.38836669921875
vertex 63.95491027832031 154.0 110.51776123046875
endloop
endfacet
facet normal -0.0 -1.0 0.0
outer loop
vertex 54.92231750488281 142.0 119.38836669921875
vertex 79.82801818847656 142.0 133.37606811523438
vertex 55.16471862792969 142.0 125.84423828125
endloop
endfacet
facet normal 0.9992969265928274 1.7310208626470628e-06 -0.03749203247535329
outer loop
vertex 77.43412780761719 34.0 100.020751953125
vertex 77.19172668457031 142.0 93.56488037109375
vertex 77.19563293457031 142.2258062362671 93.66900634765625
endloop
endfacet
facet normal 0.0 -0.0 1.0
outer loop
vertex 77.43412780761719 34.0 100.020751953125
vertex 77.43412780761719 142.2258062362671 100.020751953125
vertex 76.85346984863281 142.2258062362671 100.020751953125
endloop
endfacet
facet normal 0.9992958211327666 0.0 -0.03752148539956264
outer loop
vertex 77.43412780761719 34.0 100.020751953125
vertex 77.19563293457031 142.2258062362671 93.66900634765625
vertex 77.43412780761719 142.2258062362671 100.020751953125
endloop
endfacet
facet normal -0.0 -1.0 0.0
outer loop
vertex 63.03349304199219 142.0 81.7291259765625
vertex 77.19172668457031 142.0 93.56488037109375
vertex 63.43748474121094 142.0 92.48892211914062
endloop
endfacet
facet normal 0.0 0.0 1.0
outer loop
vertex 58.06556701660156 142.0 100.020751953125
vertex 76.03114318847656 142.54560661315918 100.020751953125
vertex 76.49470520019531 144.0 100.020751953125
endloop
endfacet
facet normal 0.0 -1.0 0.0
outer loop
vertex 63.95491027832031 144.0 110.51776123046875
vertex 76.49470520019531 144.0 100.020751953125
vertex 77.77864074707031 144.0 102.43548583984375
endloop
endfacet
facet normal 0.8829477981398667 0.0 -0.46947117670839106
outer loop
vertex 77.19172668457031 142.0 93.56488037109375
vertex 68.17448425292969 154.0 76.60589599609375
vertex 77.19172668457031 144.0 93.56488037109375
endloop
endfacet
facet normal 0.9992970672285522 0.0 -0.0374882838819621
outer loop
vertex 77.19172668457031 142.0 93.56488037109375
vertex 77.19172668457031 144.0 93.56488037109375
vertex 77.19563293457031 142.2258062362671 93.66900634765625
endloop
endfacet
facet normal 0.9992954936142239 -2.4638970790855176e-06 -0.03753020698362543
outer loop
vertex 77.19172668457031 144.0 93.56488037109375
vertex 77.22636413574219 144.0 94.48715209960938
vertex 77.19563293457031 142.2258062362671 93.66900634765625
endloop
endfacet
facet normal 0.9992958211117122 -6.4914120750904005e-06 -0.03752148539877209
outer loop
vertex 77.19563293457031 142.2258062362671 93.66900634765625
vertex 77.22636413574219 144.0 94.48715209960938
vertex 77.43412780761719 142.2258062362671 100.020751953125
endloop
endfacet
facet normal 0.9992954936172571 0.0 -0.03753020698373935
outer loop
vertex 77.19172668457031 144.0 93.56488037109375
vertex 77.19172668457031 156.0 93.56488037109375
vertex 77.22636413574219 144.0 94.48715209960938
endloop
endfacet
facet normal -0.0 -0.0 0.9999999999999999
outer loop
vertex 76.03114318847656 142.54560661315918 100.020751953125
vertex 76.85346984863281 142.2258062362671 100.020751953125
vertex 76.49470520019531 144.0 100.020751953125
endloop
endfacet
facet normal 0.0 -0.0 1.0
outer loop
vertex 76.85346984863281 142.2258062362671 100.020751953125
vertex 77.43412780761719 142.2258062362671 100.020751953125
vertex 76.49470520019531 144.0 100.020751953125
endloop
endfacet
facet normal -0.0 0.0 1.0
outer loop
vertex 76.49470520019531 144.0 100.020751953125
vertex 77.43412780761719 142.2258062362671 100.020751953125
vertex 77.43412780761719 156.0 100.020751953125
endloop
endfacet
facet normal 0.9992958991686905 0.0 -0.037519407040068634
outer loop
vertex 77.22636413574219 144.0 94.48715209960938
vertex 77.43412780761719 156.0 100.020751953125
vertex 77.43412780761719 142.2258062362671 100.020751953125
endloop
endfacet
facet normal 0.8829477801442928 0.0 -0.46947121055317703
outer loop
vertex 76.49470520019531 144.0 100.020751953125
vertex 77.77864074707031 154.0 102.43548583984375
vertex 77.77864074707031 144.0 102.43548583984375
endloop
endfacet
facet normal 0.0 0.0 -1.0
outer loop
vertex 54.92231750488281 142.0 119.38836669921875
vertex 68.67149353027344 144.0 119.38836669921875
vertex 90.92231750488281 142.0 119.38836669921875
endloop
endfacet
facet normal 0.0 -1.0 0.0
outer loop
vertex 63.95491027832031 144.0 110.51776123046875
vertex 86.79261779785156 144.0 119.38836669921875
vertex 68.67149353027344 144.0 119.38836669921875
endloop
endfacet
facet normal 0.0 -1.0 0.0
outer loop
vertex 63.95491027832031 144.0 110.51776123046875
vertex 77.77864074707031 144.0 102.43548583984375
vertex 86.79261779785156 144.0 119.38836669921875
endloop
endfacet
facet normal 0.0 -1.0 0.0
outer loop
vertex 54.92231750488281 142.0 119.38836669921875
vertex 90.92231750488281 142.0 119.38836669921875
vertex 79.82801818847656 142.0 133.37606811523438
endloop
endfacet
facet normal 0.0 -1.0 0.0
outer loop
vertex 55.16471862792969 142.0 125.84423828125
vertex 68.65290832519531 142.0 145.21182250976562
vertex 68.89527893066406 142.0 151.66769409179688
endloop
endfacet
facet normal -0.8829478013427032 0.0 0.46947117068472544
outer loop
vertex 55.16471862792969 142.0 125.84423828125
vertex 68.89527893066406 142.0 151.66769409179688
vertex 68.89527893066406 144.0 151.66769409179688
endloop
endfacet
facet normal -0.882947801342703 0.0 0.4694711706847254
outer loop
vertex 55.16471862792969 142.0 125.84423828125
vertex 68.89527893066406 144.0 151.66769409179688
vertex 68.89527893066406 156.0 151.66769409179688
endloop
endfacet
facet normal -0.9992960183442651 0.0 0.037516232770603807
outer loop
vertex 68.65290832519531 34.0 145.21182250976562
vertex 68.89527893066406 142.0 151.66769409179688
vertex 68.65290832519531 142.0 145.21182250976562
endloop
endfacet
facet normal 0.0 -1.0 0.0
outer loop
vertex 55.16471862792969 142.0 125.84423828125
vertex 80.23197937011719 142.0 144.13583374023438
vertex 68.65290832519531 142.0 145.21182250976562
endloop
endfacet
facet normal 0.0 -1.0 0.0
outer loop
vertex 55.16471862792969 142.0 125.84423828125
vertex 79.82801818847656 142.0 133.37606811523438
vertex 80.23197937011719 142.0 144.13583374023438
endloop
endfacet
facet normal -0.9992959802655469 0.0 0.037517247035461984
outer loop
vertex 79.82801818847656 138.0 133.37606811523438
vertex 80.23197937011719 138.0 144.13583374023438
vertex 80.23197937011719 142.0 144.13583374023438
endloop
endfacet
facet normal -0.9992959802655469 0.0 0.037517247035461984
outer loop
vertex 79.82801818847656 138.0 133.37606811523438
vertex 80.23197937011719 142.0 144.13583374023438
vertex 79.82801818847656 142.0 133.37606811523438
endloop
endfacet
facet normal 0.0 0.0 1.0
outer loop
vertex 68.89527893066406 144.0 151.66769409179688
vertex 85.83473205566406 144.0 151.66769409179688
vertex 85.83473205566406 154.0 151.66769409179688
endloop
endfacet
facet normal 0.8829472921540759 0.0 -0.46947212832902563
outer loop
vertex 76.62425231933594 12.0 100.92007446289062
vertex 86.92219543457031 12.0 120.28765869140625
vertex 86.92219543457031 0.0 120.28765869140625
endloop
endfacet
facet normal 0.882948432627227 0.0 -0.46946998340801616
outer loop
vertex 86.92219543457031 0.0 120.28765869140625
vertex 86.92219543457031 12.0 120.28765869140625
vertex 96.16328430175781 12.0 137.66769409179688
endloop
endfacet
facet normal -0.0 1.0 0.0
outer loop
vertex 71.24678039550781 12.0 137.66769409179688
vertex 96.16328430175781 12.0 137.66769409179688
vertex 86.92219543457031 12.0 120.28765869140625
endloop
endfacet
facet normal 0.0 -1.0 0.0
outer loop
vertex 78.21250915527344 0.0 150.76837158203125
vertex 97.22010803222656 0.0 139.6552734375
vertex 85.99952697753906 0.0 165.41363525390625
endloop
endfacet
facet normal 0.0 1.0 0.0
outer loop
vertex 78.21250915527344 12.0 150.76837158203125
vertex 102.54380798339844 12.0 149.66769409179688
vertex 80.09507751464844 12.0 149.66769409179688
endloop
endfacet
facet normal 0.0 0.0 -1.0
outer loop
vertex 71.24678039550781 12.0 137.66769409179688
vertex 70.89527893066406 37.0 137.66769409179688
vertex 102.89527893066406 37.0 137.66769409179688
endloop
endfacet
facet normal 0.0 1.0 0.0
outer loop
vertex 70.89527893066406 37.0 137.66769409179688
vertex 70.89527893066406 37.0 145.21182250976562
vertex 102.89527893066406 37.0 145.21182250976562
endloop
endfacet
facet normal 0.0 -1.0 0.0
outer loop
vertex 68.89527893066406 34.0 151.66769409179688
vertex 70.89527893066406 34.0 149.66769409179688
vertex 104.89527893066406 34.0 151.66769409179688
endloop
endfacet
facet normal -0.0 0.0 1.0
outer loop
vertex 70.89527893066406 34.0 149.66769409179688
vertex 80.09507751464844 12.0 149.66769409179688
vertex 102.54380798339844 12.0 149.66769409179688
endloop
endfacet
facet normal 0.0 -0.9999999999999999 0.0
outer loop
vertex 78.21250915527344 0.0 150.76837158203125
vertex 86.92219543457031 0.0 120.28765869140625
vertex 97.22010803222656 0.0 139.6552734375
endloop
endfacet
facet normal 0.882948175491808 3.5936707208748585e-06 -0.46947046699741696
outer loop
vertex 86.92219543457031 0.0 120.28765869140625
vertex 96.16328430175781 3.0 137.66769409179688
vertex 97.22010803222656 0.0 139.6552734375
endloop
endfacet
facet normal 0.8829484326272272 0.0 -0.4694699834080162
outer loop
vertex 86.92219543457031 0.0 120.28765869140625
vertex 96.16328430175781 12.0 137.66769409179688
vertex 96.16328430175781 3.0 137.66769409179688
endloop
endfacet
facet normal 0.0 -0.0 -1.0
outer loop
vertex 71.24678039550781 12.0 137.66769409179688
vertex 102.89527893066406 37.0 137.66769409179688
vertex 96.16328430175781 12.0 137.66769409179688
endloop
endfacet
facet normal -0.0 1.0 0.0
outer loop
vertex 70.89527893066406 37.0 137.66769409179688
vertex 102.89527893066406 37.0 145.21182250976562
vertex 102.89527893066406 37.0 137.66769409179688
endloop
endfacet
facet normal -0.0 0.0 1.0
outer loop
vertex 70.89527893066406 34.0 149.66769409179688
vertex 102.54380798339844 12.0 149.66769409179688
vertex 102.89527893066406 34.0 149.66769409179688
endloop
endfacet
facet normal 0.0 -1.0 0.0
outer loop
vertex 70.89527893066406 34.0 149.66769409179688
vertex 102.89527893066406 34.0 149.66769409179688
vertex 104.89527893066406 34.0 151.66769409179688
endloop
endfacet
facet normal -0.8829477678261988 0.0 0.4694712337201644
outer loop
vertex 78.21250915527344 0.0 150.76837158203125
vertex 85.99952697753906 12.0 165.41363525390625
vertex 78.21250915527344 12.0 150.76837158203125
endloop
endfacet
facet normal -0.8829477678261988 0.0 0.4694712337201644
outer loop
vertex 78.21250915527344 0.0 150.76837158203125
vertex 85.99952697753906 0.0 165.41363525390625
vertex 85.99952697753906 12.0 165.41363525390625
endloop
endfacet
facet normal 0.4694731536734254 0.0 0.8829467469671816
outer loop
vertex 85.99952697753906 0.0 165.41363525390625
vertex 89.53132629394531 9.5 163.53573608398438
vertex 85.99952697753906 12.0 165.41363525390625
endloop
endfacet
facet normal -0.0 1.0 0.0
outer loop
vertex 78.21250915527344 12.0 150.76837158203125
vertex 85.99952697753906 12.0 165.41363525390625
vertex 105.42439270019531 12.0 155.08526611328125
endloop
endfacet
facet normal 0.46947080987333306 4.247236687388878e-06 0.8829479931790081
outer loop
vertex 85.99952697753906 0.0 165.41363525390625
vertex 105.42439270019531 1.2627105712890625 155.08526611328125
vertex 89.53132629394531 2.5 163.53573608398438
endloop
endfacet
facet normal -0.0 -1.0 -0.0
outer loop
vertex 93.86811828613281 2.5 162.36245727539062
vertex 89.53132629394531 2.5 163.53573608398438
vertex 98.49476623535156 2.5 159.90240478515625
endloop
endfacet
facet normal 0.4694698087841921 -6.061319422620124e-06 0.8829485254551337
outer loop
vertex 85.99952697753906 12.0 165.41363525390625
vertex 89.53132629394531 9.5 163.53573608398438
vertex 101.89259338378906 9.5 156.96316528320312
endloop
endfacet
facet normal 0.4694731536734254 -0.0 0.8829467469671817
outer loop
vertex 85.99952697753906 0.0 165.41363525390625
vertex 89.53132629394531 2.5 163.53573608398438
vertex 89.53132629394531 9.5 163.53573608398438
endloop
endfacet
facet normal 0.0 -1.0 0.0
outer loop
vertex 93.86811828613281 2.5 162.36245727539062
vertex 92.80857849121094 2.5 162.92581176757812
vertex 89.53132629394531 2.5 163.53573608398438
endloop
endfacet
facet normal 0.0 -1.0 0.0
outer loop
vertex 89.53132629394531 2.5 163.53573608398438
vertex 92.80857849121094 2.5 162.92581176757812
vertex 94.22605895996094 2.5 172.36526489257812
endloop
endfacet
facet normal -0.8829480520864508 0.0 0.4694706991035141
outer loop
vertex 89.53132629394531 2.5 163.53573608398438
vertex 94.22605895996094 2.5 172.36526489257812
vertex 89.53132629394531 9.5 163.53573608398438
endloop
endfacet
facet normal -0.080927605607276 -0.9850299540555323 -0.1522061505459922
outer loop
vertex 93.86811828613281 2.5 162.36245727539062
vertex 93.74751281738281 2.149993896484375 164.69171142578125
vertex 92.80857849121094 2.5 162.92581176757812
endloop
endfacet
facet normal -0.8829480520864508 0.0 0.4694706991035141
outer loop
vertex 89.53132629394531 9.5 163.53573608398438
vertex 94.22605895996094 2.5 172.36526489257812
vertex 94.22605895996094 9.5 172.36526489257812
endloop
endfacet
facet normal -0.0 1.0 0.0
outer loop
vertex 89.53132629394531 9.5 163.53573608398438
vertex 94.22605895996094 9.5 172.36526489257812
vertex 92.80857849121094 9.5 162.92581176757812
endloop
endfacet
facet normal -0.080927605607276 0.9850299540555323 -0.1522061505459922
outer loop
vertex 93.86811828613281 9.5 162.36245727539062
vertex 92.80857849121094 9.5 162.92581176757812
vertex 93.74751281738281 9.850006103515625 164.69171142578125
endloop
endfacet
facet normal 0.0 -0.0 -1.0
outer loop
vertex 68.65290832519531 34.0 145.21182250976562
vertex 104.65290832519531 142.0 145.21182250976562
vertex 70.89527893066406 37.0 145.21182250976562
endloop
endfacet
facet normal 0.0 -0.0 -1.0
outer loop
vertex 70.89527893066406 37.0 145.21182250976562
vertex 104.65290832519531 142.0 145.21182250976562
vertex 102.89527893066406 37.0 145.21182250976562
endloop
endfacet
facet normal 0.0 -0.0 0.9999999999999999
outer loop
vertex 68.89527893066406 34.0 151.66769409179688
vertex 104.89527893066406 34.0 151.66769409179688
vertex 104.31462097167969 142.2258062362671 151.66769409179688
endloop
endfacet
facet normal 0.8829459270673523 0.0 -0.46947469567078276
outer loop
vertex 96.16328430175781 3.0 137.66769409179688
vertex 97.22010803222656 3.0 139.6552734375
vertex 97.22010803222656 0.0 139.6552734375
endloop
endfacet
facet normal 0.0 -1.0 0.0
outer loop
vertex 96.16328430175781 3.0 137.66769409179688
vertex 102.89527893066406 3.0 137.66769409179688
vertex 97.22010803222656 3.0 139.6552734375
endloop
endfacet
facet normal 0.0 0.0 -1.0
outer loop
vertex 96.16328430175781 3.0 137.66769409179688
vertex 96.16328430175781 12.0 137.66769409179688
vertex 102.89527893066406 3.0 137.66769409179688
endloop
endfacet
facet normal 0.0 0.0 -1.0
outer loop
vertex 96.16328430175781 12.0 137.66769409179688
vertex 102.89527893066406 37.0 137.66769409179688
vertex 102.89527893066406 3.0 137.66769409179688
endloop
endfacet
facet normal -0.0 1.0 0.0
outer loop
vertex 78.21250915527344 12.0 150.76837158203125
vertex 105.42439270019531 12.0 155.08526611328125
vertex 102.54380798339844 12.0 149.66769409179688
endloop
endfacet
facet normal 0.8829475396532144 0.0 -0.46947166285126896
outer loop
vertex 97.22010803222656 0.0 139.6552734375
vertex 97.22010803222656 3.0 139.6552734375
vertex 102.54380798339844 3.0 149.66769409179688
endloop
endfacet
facet normal 0.0 -1.0 0.0
outer loop
vertex 97.22010803222656 3.0 139.6552734375
vertex 102.89527893066406 3.0 137.66769409179688
vertex 102.89527893066406 3.0 149.66769409179688
endloop
endfacet
facet normal 0.0 -1.0 0.0
outer loop
vertex 97.22010803222656 3.0 139.6552734375
vertex 102.89527893066406 3.0 149.66769409179688
vertex 102.54380798339844 3.0 149.66769409179688
endloop
endfacet
facet normal 0.8829473074641221 1.8694431995209057e-06 -0.4694720995313377
outer loop
vertex 97.22010803222656 0.0 139.6552734375
vertex 102.54380798339844 3.0 149.66769409179688
vertex 105.42439270019531 0.0 155.08526611328125
endloop
endfacet
facet normal 0.8829468783507878 0.0 -0.4694729065777911
outer loop
vertex 102.54380798339844 3.0 149.66769409179688
vertex 102.54380798339844 12.0 149.66769409179688
vertex 105.42439270019531 1.2627105712890625 155.08526611328125
endloop
endfacet
facet normal 1.0 0.0 -0.0
outer loop
vertex 102.89527893066406 3.0 137.66769409179688
vertex 102.89527893066406 37.0 137.66769409179688
vertex 102.89527893066406 3.0 149.66769409179688
endloop
endfacet
facet normal 0.0 0.0 1.0
outer loop
vertex 102.54380798339844 3.0 149.66769409179688
vertex 102.89527893066406 3.0 149.66769409179688
vertex 102.89527893066406 34.0 149.66769409179688
endloop
endfacet
facet normal 0.0 -0.0 1.0
outer loop
vertex 102.54380798339844 3.0 149.66769409179688
vertex 102.89527893066406 34.0 149.66769409179688
vertex 102.54380798339844 12.0 149.66769409179688
endloop
endfacet
facet normal 1.0 -0.0 -0.0
outer loop
vertex 102.89527893066406 3.0 149.66769409179688
vertex 102.89527893066406 37.0 137.66769409179688
vertex 102.89527893066406 34.0 145.21182250976562
endloop
endfacet
facet normal 1.0 -0.0 0.0
outer loop
vertex 102.89527893066406 3.0 149.66769409179688
vertex 102.89527893066406 34.0 145.21182250976562
vertex 102.89527893066406 34.0 149.66769409179688
endloop
endfacet
facet normal 0.9999999999999999 0.0 -0.0
outer loop
vertex 102.89527893066406 37.0 137.66769409179688
vertex 102.89527893066406 37.0 145.21182250976562
vertex 102.89527893066406 34.0 145.21182250976562
endloop
endfacet
facet normal 0.0 0.0 -1.0
outer loop
vertex 102.89527893066406 34.0 145.21182250976562
vertex 102.89527893066406 37.0 145.21182250976562
vertex 104.65290832519531 34.0 145.21182250976562
endloop
endfacet
facet normal 0.0 -1.0 0.0
outer loop
vertex 102.89527893066406 34.0 145.21182250976562
vertex 104.65290832519531 34.0 145.21182250976562
vertex 102.89527893066406 34.0 149.66769409179688
endloop
endfacet
facet normal 0.0 -0.9999999999999999 0.0
outer loop
vertex 102.89527893066406 34.0 149.66769409179688
vertex 104.65290832519531 34.0 145.21182250976562
vertex 104.89527893066406 34.0 151.66769409179688
endloop
endfacet
facet normal 0.0 -1.0 0.0
outer loop
vertex 85.99952697753906 0.0 165.41363525390625
vertex 97.22010803222656 0.0 139.6552734375
vertex 105.42439270019531 0.0 155.08526611328125
endloop
endfacet
facet normal 0.0 -1.0 0.0
outer loop
vertex 89.53132629394531 2.5 163.53573608398438
vertex 101.89259338378906 2.5 156.96316528320312
vertex 99.55430603027344 2.5 159.33905029296875
endloop
endfacet
facet normal 0.0 -1.0 0.0
outer loop
vertex 89.53132629394531 2.5 163.53573608398438
vertex 99.55430603027344 2.5 159.33905029296875
vertex 98.49476623535156 2.5 159.90240478515625
endloop
endfacet
facet normal 0.0 1.0 0.0
outer loop
vertex 89.53132629394531 9.5 163.53573608398438
vertex 92.80857849121094 9.5 162.92581176757812
vertex 101.89259338378906 9.5 156.96316528320312
endloop
endfacet
facet normal 0.0 1.0 0.0
outer loop
vertex 93.86811828613281 9.5 162.36245727539062
vertex 101.89259338378906 9.5 156.96316528320312
vertex 92.80857849121094 9.5 162.92581176757812
endloop
endfacet
facet normal 0.46947102511728717 -0.0 0.8829478787421845
outer loop
vertex 85.99952697753906 0.0 165.41363525390625
vertex 105.42439270019531 0.0 155.08526611328125
vertex 105.42439270019531 1.2627105712890625 155.08526611328125
endloop
endfacet
facet normal 0.46946980875760747 -1.2247173704118365e-05 0.882948525405135
outer loop
vertex 89.53132629394531 2.5 163.53573608398438
vertex 105.42439270019531 1.2627105712890625 155.08526611328125
vertex 101.89259338378906 2.5 156.96316528320312
endloop
endfacet
facet normal -0.080927605607276 -0.9850299540555323 -0.1522061505459922
outer loop
vertex 99.55430603027344 2.5 159.33905029296875
vertex 100.49324035644531 2.149993896484375 161.10494995117188
vertex 99.43370056152344 2.149993896484375 161.66830444335938
endloop
endfacet
facet normal -0.080927605607276 -0.9850299540555323 -0.1522061505459922
outer loop
vertex 98.49476623535156 2.5 159.90240478515625
vertex 99.55430603027344 2.5 159.33905029296875
vertex 99.43370056152344 2.149993896484375 161.66830444335938
endloop
endfacet
facet normal 0.46947102511379485 3.8571969809242855e-06 0.8829478787356164
outer loop
vertex 85.99952697753906 12.0 165.41363525390625
vertex 101.89259338378906 9.5 156.96316528320312
vertex 105.42439270019531 12.0 155.08526611328125
endloop
endfacet
facet normal 0.0 1.0 0.0
outer loop
vertex 93.86811828613281 9.5 162.36245727539062
vertex 98.49476623535156 9.5 159.90240478515625
vertex 101.89259338378906 9.5 156.96316528320312
endloop
endfacet
facet normal 0.0 1.0 0.0
outer loop
vertex 98.49476623535156 9.5 159.90240478515625
vertex 99.55430603027344 9.5 159.33905029296875
vertex 101.89259338378906 9.5 156.96316528320312
endloop
endfacet
facet normal -0.080927605607276 0.9850299540555323 -0.1522061505459922
outer loop
vertex 98.49476623535156 9.5 159.90240478515625
vertex 99.43370056152344 9.850006103515625 161.66830444335938
vertex 99.55430603027344 9.5 159.33905029296875
endloop
endfacet
facet normal -0.080927605607276 0.9850299540555323 -0.1522061505459922
outer loop
vertex 99.55430603027344 9.5 159.33905029296875
vertex 99.43370056152344 9.850006103515625 161.66830444335938
vertex 100.49324035644531 9.850006103515625 161.10494995117188
endloop
endfacet
facet normal -0.08093208126490742 -0.9850295596844575 -0.15220632302888903
outer loop
vertex 93.86811828613281 2.5 162.36245727539062
vertex 94.80705261230469 2.149993896484375 164.12832641601562
vertex 93.74751281738281 2.149993896484375 164.69171142578125
endloop
endfacet
facet normal 0.8829474274139505 1.0723909943890686e-05 -0.469471873820024
outer loop
vertex 93.86811828613281 2.5 162.36245727539062
vertex 98.09336853027344 2.5 170.30899047851562
vertex 94.80705261230469 2.149993896484375 164.12832641601562
endloop
endfacet
facet normal -0.8829474270618106 3.021007503142015e-05 0.4694718736327877
outer loop
vertex 92.80857849121094 2.5 162.92581176757812
vertex 93.74751281738281 2.149993896484375 164.69171142578125
vertex 97.03382873535156 2.5 170.87234497070312
endloop
endfacet
facet normal 0.0 -1.0 0.0
outer loop
vertex 93.74751281738281 2.149993896484375 164.69171142578125
vertex 94.80705261230469 2.149993896484375 164.12832641601562
vertex 96.56434631347656 2.149993896484375 169.9893798828125
endloop
endfacet
facet normal 0.0 -1.0 0.0
outer loop
vertex 94.80705261230469 2.149993896484375 164.12832641601562
vertex 97.62388610839844 2.149993896484375 169.426025390625
vertex 96.56434631347656 2.149993896484375 169.9893798828125
endloop
endfacet
facet normal 0.8829478008501596 2.5661865342812784e-05 -0.4694711709097118
outer loop
vertex 94.80705261230469 2.149993896484375 164.12832641601562
vertex 98.56282043457031 2.5 171.19192504882812
vertex 97.62388610839844 2.149993896484375 169.426025390625
endloop
endfacet
facet normal 0.0 -1.0 0.0
outer loop
vertex 92.80857849121094 2.5 162.92581176757812
vertex 97.03382873535156 2.5 170.87234497070312
vertex 94.22605895996094 2.5 172.36526489257812
endloop
endfacet
facet normal -0.6454410140053425 0.0 0.7638101187073626
outer loop
vertex 94.22605895996094 2.5 172.36526489257812
vertex 95.87135314941406 8.699996948242188 173.75558471679688
vertex 94.22605895996094 9.5 172.36526489257812
endloop
endfacet
facet normal -0.6454410140053424 0.0 0.7638101187073626
outer loop
vertex 94.22605895996094 2.5 172.36526489257812
vertex 95.87135314941406 3.3000030517578125 173.75558471679688
vertex 95.87135314941406 8.699996948242188 173.75558471679688
endloop
endfacet
facet normal 0.17435725181234504 0.9284759444403399 0.32792067537144587
outer loop
vertex 95.87135314941406 8.699996948242188 173.75558471679688
vertex 97.15119934082031 9.399993896484375 171.09310913085938
vertex 94.22605895996094 9.5 172.36526489257812
endloop
endfacet
facet normal -0.8829466794252826 -3.930653525388746e-05 0.4694732790552233
outer loop
vertex 93.74751281738281 2.149993896484375 164.69171142578125
vertex 96.56434631347656 2.149993896484375 169.9893798828125
vertex 97.50328063964844 2.5 171.75527954101562
endloop
endfacet
facet normal -0.8829528411750939 0.0002621309049965552 0.46946161882332604
outer loop
vertex 93.74751281738281 2.149993896484375 164.69171142578125
vertex 97.50328063964844 2.5 171.75527954101562
vertex 97.03382873535156 2.5 170.87234497070312
endloop
endfacet
facet normal 0.080927605607276 -0.9850299540555323 0.1522061505459922
outer loop
vertex 96.56434631347656 2.149993896484375 169.9893798828125
vertex 97.62388610839844 2.149993896484375 169.426025390625
vertex 97.50328063964844 2.5 171.75527954101562
endloop
endfacet
facet normal 0.8829528499093247 -0.0002211978163464584 -0.46946162346727294
outer loop
vertex 94.80705261230469 2.149993896484375 164.12832641601562
vertex 98.09336853027344 2.5 170.30899047851562
vertex 98.56282043457031 2.5 171.19192504882812
endloop
endfacet
facet normal 0.17435150230557514 -0.928481857281321 0.32790699038480053
outer loop
vertex 94.22605895996094 2.5 172.36526489257812
vertex 97.03382873535156 2.5 170.87234497070312
vertex 97.15119934082031 2.600006103515625 171.09310913085938
endloop
endfacet
facet normal -0.8829528689668495 -7.589973035042765e-05 0.4694616336000638
outer loop
vertex 97.03382873535156 2.5 170.87234497070312
vertex 97.50328063964844 2.5 171.75527954101562
vertex 97.15119934082031 2.600006103515625 171.09310913085938
endloop
endfacet
facet normal -0.8829481199481272 0.0 0.4694705714739397
outer loop
vertex 97.15119934082031 2.600006103515625 171.09310913085938
vertex 97.50328063964844 2.5 171.75527954101562
vertex 97.50328063964844 2.600006103515625 171.75527954101562
endloop
endfacet
facet normal 0.17436578764130004 0.9284731516286142 0.32792404426186533
outer loop
vertex 95.87135314941406 8.699996948242188 173.75558471679688
vertex 98.21073913574219 9.399993896484375 170.52972412109375
vertex 97.15119934082031 9.399993896484375 171.09310913085938
endloop
endfacet
facet normal -0.08093208126490742 0.9850295596844575 -0.15220632302888903
outer loop
vertex 93.86811828613281 9.5 162.36245727539062
vertex 93.74751281738281 9.850006103515625 164.69171142578125
vertex 94.80705261230469 9.850006103515625 164.12832641601562
endloop
endfacet
facet normal 0.8829474274139505 -1.0723909943890686e-05 -0.469471873820024
outer loop
vertex 93.86811828613281 9.5 162.36245727539062
vertex 94.80705261230469 9.850006103515625 164.12832641601562
vertex 98.09336853027344 9.5 170.30899047851562
endloop
endfacet
facet normal -0.8829474270618106 -3.021007503142015e-05 0.4694718736327877
outer loop
vertex 92.80857849121094 9.5 162.92581176757812
vertex 97.03382873535156 9.5 170.87234497070312
vertex 93.74751281738281 9.850006103515625 164.69171142578125
endloop
endfacet
facet normal -0.0 1.0 0.0
outer loop
vertex 93.74751281738281 9.850006103515625 164.69171142578125
vertex 96.56434631347656 9.850006103515625 169.9893798828125
vertex 94.80705261230469 9.850006103515625 164.12832641601562
endloop
endfacet
facet normal -0.0 1.0 0.0
outer loop
vertex 93.86811828613281 9.5 162.36245727539062
vertex 98.09336853027344 9.5 170.30899047851562
vertex 98.49476623535156 9.5 159.90240478515625
endloop
endfacet
facet normal -0.0 1.0 0.0
outer loop
vertex 94.80705261230469 9.850006103515625 164.12832641601562
vertex 96.56434631347656 9.850006103515625 169.9893798828125
vertex 97.62388610839844 9.850006103515625 169.426025390625
endloop
endfacet
facet normal 0.8829478008501596 -2.5661865342812784e-05 -0.4694711709097118
outer loop
vertex 94.80705261230469 9.850006103515625 164.12832641601562
vertex 97.62388610839844 9.850006103515625 169.426025390625
vertex 98.56282043457031 9.5 171.19192504882812
endloop
endfacet
facet normal -0.0 1.0 0.0
outer loop
vertex 92.80857849121094 9.5 162.92581176757812
vertex 94.22605895996094 9.5 172.36526489257812
vertex 97.03382873535156 9.5 170.87234497070312
endloop
endfacet
facet normal -0.8829466794252826 3.930653525388746e-05 0.4694732790552233
outer loop
vertex 93.74751281738281 9.850006103515625 164.69171142578125
vertex 97.50328063964844 9.5 171.75527954101562
vertex 96.56434631347656 9.850006103515625 169.9893798828125
endloop
endfacet
facet normal -0.8829528411750939 -0.0002621309049965552 0.46946161882332604
outer loop
vertex 93.74751281738281 9.850006103515625 164.69171142578125
vertex 97.03382873535156 9.5 170.87234497070312
vertex 97.50328063964844 9.5 171.75527954101562
endloop
endfacet
facet normal 0.8829528499093247 0.0002211978163464584 -0.46946162346727294
outer loop
vertex 94.80705261230469 9.850006103515625 164.12832641601562
vertex 98.56282043457031 9.5 171.19192504882812
vertex 98.09336853027344 9.5 170.30899047851562
endloop
endfacet
facet normal 0.080927605607276 0.9850299540555323 0.1522061505459922
outer loop
vertex 96.56434631347656 9.850006103515625 169.9893798828125
vertex 97.50328063964844 9.5 171.75527954101562
vertex 97.62388610839844 9.850006103515625 169.426025390625
endloop
endfacet
facet normal 0.17435150230557514 0.928481857281321 0.32790699038480053
outer loop
vertex 94.22605895996094 9.5 172.36526489257812
vertex 97.15119934082031 9.399993896484375 171.09310913085938
vertex 97.03382873535156 9.5 170.87234497070312
endloop
endfacet
facet normal -0.8829528689668495 7.589973035042765e-05 0.4694616336000638
outer loop
vertex 97.03382873535156 9.5 170.87234497070312
vertex 97.15119934082031 9.399993896484375 171.09310913085938
vertex 97.50328063964844 9.5 171.75527954101562
endloop
endfacet
facet normal -0.8829481199481272 0.0 0.4694705714739397
outer loop
vertex 97.15119934082031 9.399993896484375 171.09310913085938
vertex 97.50328063964844 9.399993896484375 171.75527954101562
vertex 97.50328063964844 9.5 171.75527954101562
endloop
endfacet
facet normal 0.0 -1.0 0.0
outer loop
vertex 93.86811828613281 2.5 162.36245727539062
vertex 98.49476623535156 2.5 159.90240478515625
vertex 102.71998596191406 2.5 167.84896850585938
endloop
endfacet
facet normal 0.0 -0.9999999999999999 0.0
outer loop
vertex 93.86811828613281 2.5 162.36245727539062
vertex 102.71998596191406 2.5 167.84896850585938
vertex 98.09336853027344 2.5 170.30899047851562
endloop
endfacet
facet normal 0.0 -1.0 0.0
outer loop
vertex 99.43370056152344 2.149993896484375 161.66830444335938
vertex 100.49324035644531 2.149993896484375 161.10494995117188
vertex 102.25053405761719 2.149993896484375 166.96600341796875
endloop
endfacet
facet normal -0.8829495803665982 4.005791026779073e-06 0.46946782479143545
outer loop
vertex 98.49476623535156 2.5 159.90240478515625
vertex 99.43370056152344 2.149993896484375 161.66830444335938
vertex 102.71998596191406 2.5 167.84896850585938
endloop
endfacet
facet normal 0.080927605607276 -0.9850299540555323 0.1522061505459922
outer loop
vertex 97.62388610839844 2.149993896484375 169.426025390625
vertex 98.56282043457031 2.5 171.19192504882812
vertex 97.50328063964844 2.5 171.75527954101562
endloop
endfacet
facet normal 0.8829528695069605 -6.735984662091551e-05 -0.46946163388723816
outer loop
vertex 98.09336853027344 2.5 170.30899047851562
vertex 98.21073913574219 2.600006103515625 170.52972412109375
vertex 98.56282043457031 2.5 171.19192504882812
endloop
endfacet
facet normal 0.8829570882212019 0.0 -0.4694537041710681
outer loop
vertex 98.21073913574219 2.600006103515625 170.52972412109375
vertex 98.56282043457031 2.600006103515625 171.19192504882812
vertex 98.56282043457031 2.5 171.19192504882812
endloop
endfacet
facet normal -0.0 1.0 0.0
outer loop
vertex 97.15119934082031 2.600006103515625 171.09310913085938
vertex 97.50328063964844 2.600006103515625 171.75527954101562
vertex 98.21073913574219 2.600006103515625 170.52972412109375
endloop
endfacet
facet normal 0.4694632405567484 0.0 0.882952017816346
outer loop
vertex 97.50328063964844 2.5 171.75527954101562
vertex 98.56282043457031 2.600006103515625 171.19192504882812
vertex 97.50328063964844 2.600006103515625 171.75527954101562
endloop
endfacet
facet normal -0.0 1.0 -0.0
outer loop
vertex 98.21073913574219 2.600006103515625 170.52972412109375
vertex 97.50328063964844 2.600006103515625 171.75527954101562
vertex 98.56282043457031 2.600006103515625 171.19192504882812
endloop
endfacet
facet normal 0.4694632405567484 -0.0 0.882952017816346
outer loop
vertex 97.50328063964844 2.5 171.75527954101562
vertex 98.56282043457031 2.5 171.19192504882812
vertex 98.56282043457031 2.600006103515625 171.19192504882812
endloop
endfacet
facet normal 0.1743579756682993 -0.928476082905738 0.3279198984399545
outer loop
vertex 94.22605895996094 2.5 172.36526489257812
vertex 106.81990051269531 3.3000030517578125 167.93414306640625
vertex 95.87135314941406 3.3000030517578125 173.75558471679688
endloop
endfacet
facet normal 0.17435639752643556 0.9284770233623416 0.32791807472264967
outer loop
vertex 95.87135314941406 8.699996948242188 173.75558471679688
vertex 102.83738708496094 9.399993896484375 168.0697021484375
vertex 98.21073913574219 9.399993896484375 170.52972412109375
endloop
endfacet
facet normal 0.17436692371858667 -0.9284680544970347 0.32793787169433136
outer loop
vertex 98.09336853027344 2.5 170.30899047851562
vertex 102.83738708496094 2.600006103515625 168.0697021484375
vertex 98.21073913574219 2.600006103515625 170.52972412109375
endloop
endfacet
facet normal 0.17436158967040077 -0.9284714831635517 0.32793100036392614
outer loop
vertex 94.22605895996094 2.5 172.36526489257812
vertex 97.15119934082031 2.600006103515625 171.09310913085938
vertex 106.81990051269531 3.3000030517578125 167.93414306640625
endloop
endfacet
facet normal 0.17435158936490178 -0.9284852483360069 0.3278973420269772
outer loop
vertex 97.15119934082031 2.600006103515625 171.09310913085938
vertex 98.21073913574219 2.600006103515625 170.52972412109375
vertex 106.81990051269531 3.3000030517578125 167.93414306640625
endloop
endfacet
facet normal 0.4694712958583191 0.0 0.8829477347867826
outer loop
vertex 95.87135314941406 3.3000030517578125 173.75558471679688
vertex 106.81990051269531 3.3000030517578125 167.93414306640625
vertex 95.87135314941406 8.699996948242188 173.75558471679688
endloop
endfacet
facet normal -0.8829495803665982 -4.005791026779073e-06 0.46946782479143545
outer loop
vertex 98.49476623535156 9.5 159.90240478515625
vertex 102.71998596191406 9.5 167.84896850585938
vertex 99.43370056152344 9.850006103515625 161.66830444335938
endloop
endfacet
facet normal -0.0 1.0 0.0
outer loop
vertex 99.43370056152344 9.850006103515625 161.66830444335938
vertex 102.25053405761719 9.850006103515625 166.96600341796875
vertex 100.49324035644531 9.850006103515625 161.10494995117188
endloop
endfacet
facet normal -0.0 0.9999999999999999 -0.0
outer loop
vertex 98.49476623535156 9.5 159.90240478515625
vertex 98.09336853027344 9.5 170.30899047851562
vertex 102.71998596191406 9.5 167.84896850585938
endloop
endfacet
facet normal 0.0 -1.0 0.0
outer loop
vertex 97.15119934082031 9.399993896484375 171.09310913085938
vertex 98.21073913574219 9.399993896484375 170.52972412109375
vertex 98.56282043457031 9.399993896484375 171.19192504882812
endloop
endfacet
facet normal 0.080927605607276 0.9850299540555323 0.1522061505459922
outer loop
vertex 97.62388610839844 9.850006103515625 169.426025390625
vertex 97.50328063964844 9.5 171.75527954101562
vertex 98.56282043457031 9.5 171.19192504882812
endloop
endfacet
facet normal 0.8829528695069605 6.735984662091551e-05 -0.46946163388723816
outer loop
vertex 98.09336853027344 9.5 170.30899047851562
vertex 98.56282043457031 9.5 171.19192504882812
vertex 98.21073913574219 9.399993896484375 170.52972412109375
endloop
endfacet
facet normal 0.8829570882212019 0.0 -0.4694537041710681
outer loop
vertex 98.21073913574219 9.399993896484375 170.52972412109375
vertex 98.56282043457031 9.5 171.19192504882812
vertex 98.56282043457031 9.399993896484375 171.19192504882812
endloop
endfacet
facet normal 0.0 -1.0 0.0
outer loop
vertex 97.15119934082031 9.399993896484375 171.09310913085938
vertex 98.56282043457031 9.399993896484375 171.19192504882812
vertex 97.50328063964844 9.399993896484375 171.75527954101562
endloop
endfacet
facet normal 0.4694632405567484 0.0 0.882952017816346
outer loop
vertex 97.50328063964844 9.399993896484375 171.75527954101562
vertex 98.56282043457031 9.399993896484375 171.19192504882812
vertex 97.50328063964844 9.5 171.75527954101562
endloop
endfacet
facet normal 0.4694632405567484 -0.0 0.882952017816346
outer loop
vertex 97.50328063964844 9.5 171.75527954101562
vertex 98.56282043457031 9.399993896484375 171.19192504882812
vertex 98.56282043457031 9.5 171.19192504882812
endloop
endfacet
facet normal 0.17436782035648962 0.9284680545026672 0.3279373949279941
outer loop
vertex 98.09336853027344 9.5 170.30899047851562
vertex 98.21073913574219 9.399993896484375 170.52972412109375
vertex 102.71998596191406 9.5 167.84896850585938
endloop
endfacet
facet normal 0.4694731536734254 0.0 0.8829467469671817
outer loop
vertex 101.89259338378906 2.5 156.96316528320312
vertex 105.42439270019531 1.2627105712890625 155.08526611328125
vertex 101.89259338378906 9.5 156.96316528320312
endloop
endfacet
facet normal 0.8829474270618106 -3.021007503142015e-05 -0.4694718736327877
outer loop
vertex 99.55430603027344 2.5 159.33905029296875
vertex 103.77955627441406 2.5 167.28558349609375
vertex 100.49324035644531 2.149993896484375 161.10494995117188
endloop
endfacet
facet normal 0.0 -0.9999999999999999 0.0
outer loop
vertex 99.55430603027344 2.5 159.33905029296875
vertex 101.89259338378906 2.5 156.96316528320312
vertex 106.58732604980469 2.5 165.79266357421875
endloop
endfacet
facet normal 0.8829473794716352 0.0 -0.4694719641087978
outer loop
vertex 101.89259338378906 2.5 156.96316528320312
vertex 101.89259338378906 9.5 156.96316528320312
vertex 106.58732604980469 9.5 165.79266357421875
endloop
endfacet
facet normal 0.8829474270618106 3.021007503142015e-05 -0.4694718736327877
outer loop
vertex 99.55430603027344 9.5 159.33905029296875
vertex 100.49324035644531 9.850006103515625 161.10494995117188
vertex 103.77955627441406 9.5 167.28558349609375
endloop
endfacet
facet normal -0.0 0.9999999999999999 0.0
outer loop
vertex 99.55430603027344 9.5 159.33905029296875
vertex 106.58732604980469 9.5 165.79266357421875
vertex 101.89259338378906 9.5 156.96316528320312
endloop
endfacet
facet normal 0.8829468783507878 0.0 -0.46947290657779106
outer loop
vertex 102.54380798339844 3.0 149.66769409179688
vertex 105.42439270019531 1.2627105712890625 155.08526611328125
vertex 105.42439270019531 0.0 155.08526611328125
endloop
endfacet
facet normal 0.8829468783507877 0.0 -0.46947290657779106
outer loop
vertex 102.54380798339844 12.0 149.66769409179688
vertex 105.42439270019531 12.0 155.08526611328125
vertex 105.42439270019531 1.2627105712890625 155.08526611328125
endloop
endfacet
facet normal 0.4694731536734254 -0.0 0.8829467469671817
outer loop
vertex 101.89259338378906 9.5 156.96316528320312
vertex 105.42439270019531 1.2627105712890625 155.08526611328125
vertex 105.42439270019531 12.0 155.08526611328125
endloop
endfacet
facet normal 0.8829473794716352 0.0 -0.4694719641087978
outer loop
vertex 101.89259338378906 2.5 156.96316528320312
vertex 106.58732604980469 9.5 165.79266357421875
vertex 106.58732604980469 2.5 165.79266357421875
endloop
endfacet
facet normal 0.0 -1.0 0.0
outer loop
vertex 100.49324035644531 2.149993896484375 161.10494995117188
vertex 103.31007385253906 2.149993896484375 166.40261840820312
vertex 102.25053405761719 2.149993896484375 166.96600341796875
endloop
endfacet
facet normal -0.8829478008501596 -2.5661865342812784e-05 0.4694711709097118
outer loop
vertex 99.43370056152344 2.149993896484375 161.66830444335938
vertex 102.25053405761719 2.149993896484375 166.96600341796875
vertex 103.18946838378906 2.5 168.73190307617188
endloop
endfacet
facet normal -0.8829401524168273 -0.00039469544140119264 0.4694853900449492
outer loop
vertex 99.43370056152344 2.149993896484375 161.66830444335938
vertex 103.18946838378906 2.5 168.73190307617188
vertex 102.71998596191406 2.5 167.84896850585938
endloop
endfacet
facet normal 0.8829466794252826 3.930653525388746e-05 -0.4694732790552233
outer loop
vertex 100.49324035644531 2.149993896484375 161.10494995117188
vertex 104.24900817871094 2.5 168.16851806640625
vertex 103.31007385253906 2.149993896484375 166.40261840820312
endloop
endfacet
facet normal 0.0 -1.0 0.0
outer loop
vertex 99.55430603027344 2.5 159.33905029296875
vertex 106.58732604980469 2.5 165.79266357421875
vertex 103.77955627441406 2.5 167.28558349609375
endloop
endfacet
facet normal 0.8829528411750939 -0.0002621309049965552 -0.46946161882332604
outer loop
vertex 100.49324035644531 2.149993896484375 161.10494995117188
vertex 103.77955627441406 2.5 167.28558349609375
vertex 104.24900817871094 2.5 168.16851806640625
endloop
endfacet
facet normal 0.08093102329936337 -0.9850299540511047 0.15220433334762998
outer loop
vertex 102.25053405761719 2.149993896484375 166.96600341796875
vertex 103.31007385253906 2.149993896484375 166.40261840820312
vertex 103.18946838378906 2.5 168.73190307617188
endloop
endfacet
facet normal -0.8829401891422838 0.00026943551697964106 0.46948540957296053
outer loop
vertex 102.71998596191406 2.5 167.84896850585938
vertex 103.18946838378906 2.5 168.73190307617188
vertex 102.83738708496094 2.600006103515625 168.0697021484375
endloop
endfacet
facet normal -0.0 1.0 0.0
outer loop
vertex 102.83738708496094 2.600006103515625 168.0697021484375
vertex 103.18946838378906 2.600006103515625 168.73190307617188
vertex 103.89692687988281 2.600006103515625 167.50634765625
endloop
endfacet
facet normal 0.08093102329936337 -0.9850299540511047 0.15220433334762998
outer loop
vertex 103.31007385253906 2.149993896484375 166.40261840820312
vertex 104.24900817871094 2.5 168.16851806640625
vertex 103.18946838378906 2.5 168.73190307617188
endloop
endfacet
facet normal -0.0 1.0 -0.0
outer loop
vertex 103.89692687988281 2.600006103515625 167.50634765625
vertex 103.18946838378906 2.600006103515625 168.73190307617188
vertex 104.24900817871094 2.600006103515625 168.16851806640625
endloop
endfacet
facet normal 0.8829528689668495 7.589973035042765e-05 -0.4694616336000638
outer loop
vertex 103.77955627441406 2.5 167.28558349609375
vertex 103.89692687988281 2.600006103515625 167.50634765625
vertex 104.24900817871094 2.5 168.16851806640625
endloop
endfacet
facet normal 0.8829481199481272 0.0 -0.4694705714739397
outer loop
vertex 103.89692687988281 2.600006103515625 167.50634765625
vertex 104.24900817871094 2.600006103515625 168.16851806640625
vertex 104.24900817871094 2.5 168.16851806640625
endloop
endfacet
facet normal 0.17435920638433935 -0.9284753940656371 0.3279211944411087
outer loop
vertex 98.09336853027344 2.5 170.30899047851562
vertex 102.71998596191406 2.5 167.84896850585938
vertex 102.83738708496094 2.600006103515625 168.0697021484375
endloop
endfacet
facet normal 0.17434806505934466 0.9284819779840437 0.3279084762077675
outer loop
vertex 95.87135314941406 8.699996948242188 173.75558471679688
vertex 103.89692687988281 9.399993896484375 167.50634765625
vertex 102.83738708496094 9.399993896484375 168.0697021484375
endloop
endfacet
facet normal 0.17436963021463484 0.928468673198645 0.32793468091612266
outer loop
vertex 95.87135314941406 8.699996948242188 173.75558471679688
vertex 106.58732604980469 9.5 165.79266357421875
vertex 103.89692687988281 9.399993896484375 167.50634765625
endloop
endfacet
facet normal 0.17435793816694006 -0.9284757106954283 0.3279209722582448
outer loop
vertex 98.21073913574219 2.600006103515625 170.52972412109375
vertex 102.83738708496094 2.600006103515625 168.0697021484375
vertex 106.81990051269531 3.3000030517578125 167.93414306640625
endloop
endfacet
facet normal -0.8829570882212019 0.0 0.4694537041710681
outer loop
vertex 102.83738708496094 2.600006103515625 168.0697021484375
vertex 103.18946838378906 2.5 168.73190307617188
vertex 103.18946838378906 2.600006103515625 168.73190307617188
endloop
endfacet
facet normal 0.46948306661257094 0.0 0.8829414760696522
outer loop
vertex 103.18946838378906 2.5 168.73190307617188
vertex 104.24900817871094 2.600006103515625 168.16851806640625
vertex 103.18946838378906 2.600006103515625 168.73190307617188
endloop
endfacet
facet normal 0.46948306661257094 -0.0 0.8829414760696522
outer loop
vertex 103.18946838378906 2.5 168.73190307617188
vertex 104.24900817871094 2.5 168.16851806640625
vertex 104.24900817871094 2.600006103515625 168.16851806640625
endloop
endfacet
facet normal 0.4694712958583191 -0.0 0.8829477347867826
outer loop
vertex 95.87135314941406 8.699996948242188 173.75558471679688
vertex 106.81990051269531 3.3000030517578125 167.93414306640625
vertex 106.81990051269531 8.699996948242188 167.93414306640625
endloop
endfacet
facet normal 0.17435772265559737 0.928476298479037 0.3279194225919228
outer loop
vertex 95.87135314941406 8.699996948242188 173.75558471679688
vertex 106.81990051269531 8.699996948242188 167.93414306640625
vertex 106.58732604980469 9.5 165.79266357421875
endloop
endfacet
facet normal -0.0 1.0 0.0
outer loop
vertex 100.49324035644531 9.850006103515625 161.10494995117188
vertex 102.25053405761719 9.850006103515625 166.96600341796875
vertex 103.31007385253906 9.850006103515625 166.40261840820312
endloop
endfacet
facet normal -0.8829478008501596 2.5661865342812784e-05 0.4694711709097118
outer loop
vertex 99.43370056152344 9.850006103515625 161.66830444335938
vertex 103.18946838378906 9.5 168.73190307617188
vertex 102.25053405761719 9.850006103515625 166.96600341796875
endloop
endfacet
facet normal -0.8829401524168273 0.00039469544140119264 0.4694853900449492
outer loop
vertex 99.43370056152344 9.850006103515625 161.66830444335938
vertex 102.71998596191406 9.5 167.84896850585938
vertex 103.18946838378906 9.5 168.73190307617188
endloop
endfacet
facet normal -0.0 1.0 0.0
outer loop
vertex 99.55430603027344 9.5 159.33905029296875
vertex 103.77955627441406 9.5 167.28558349609375
vertex 106.58732604980469 9.5 165.79266357421875
endloop
endfacet
facet normal 0.8829466794252826 -3.930653525388746e-05 -0.4694732790552233
outer loop
vertex 100.49324035644531 9.850006103515625 161.10494995117188
vertex 103.31007385253906 9.850006103515625 166.40261840820312
vertex 104.24900817871094 9.5 168.16851806640625
endloop
endfacet
facet normal 0.8829528411750939 0.0002621309049965552 -0.46946161882332604
outer loop
vertex 100.49324035644531 9.850006103515625 161.10494995117188
vertex 104.24900817871094 9.5 168.16851806640625
vertex 103.77955627441406 9.5 167.28558349609375
endloop
endfacet
facet normal 0.08093102329936337 0.9850299540511047 0.15220433334762998
outer loop
vertex 102.25053405761719 9.850006103515625 166.96600341796875
vertex 103.18946838378906 9.5 168.73190307617188
vertex 103.31007385253906 9.850006103515625 166.40261840820312
endloop
endfacet
facet normal -0.8829401891422838 -0.00026943551697964106 0.46948540957296053
outer loop
vertex 102.71998596191406 9.5 167.84896850585938
vertex 102.83738708496094 9.399993896484375 168.0697021484375
vertex 103.18946838378906 9.5 168.73190307617188
endloop
endfacet
facet normal 0.0 -1.0 0.0
outer loop
vertex 102.83738708496094 9.399993896484375 168.0697021484375
vertex 104.24900817871094 9.399993896484375 168.16851806640625
vertex 103.18946838378906 9.399993896484375 168.73190307617188
endloop
endfacet
facet normal 0.08093102329936337 0.9850299540511047 0.15220433334762998
outer loop
vertex 103.31007385253906 9.850006103515625 166.40261840820312
vertex 103.18946838378906 9.5 168.73190307617188
vertex 104.24900817871094 9.5 168.16851806640625
endloop
endfacet
facet normal 0.0 -1.0 0.0
outer loop
vertex 102.83738708496094 9.399993896484375 168.0697021484375
vertex 103.89692687988281 9.399993896484375 167.50634765625
vertex 104.24900817871094 9.399993896484375 168.16851806640625
endloop
endfacet
facet normal 0.8829528689668495 -7.589973035042765e-05 -0.4694616336000638
outer loop
vertex 103.77955627441406 9.5 167.28558349609375
vertex 104.24900817871094 9.5 168.16851806640625
vertex 103.89692687988281 9.399993896484375 167.50634765625
endloop
endfacet
facet normal 0.8829481199481272 0.0 -0.4694705714739397
outer loop
vertex 103.89692687988281 9.399993896484375 167.50634765625
vertex 104.24900817871094 9.5 168.16851806640625
vertex 104.24900817871094 9.399993896484375 168.16851806640625
endloop
endfacet
facet normal 0.17435830983502418 0.9284753940222664 0.32792167126719607
outer loop
vertex 98.21073913574219 9.399993896484375 170.52972412109375
vertex 102.83738708496094 9.399993896484375 168.0697021484375
vertex 102.71998596191406 9.5 167.84896850585938
endloop
endfacet
facet normal -0.8829570882212019 0.0 0.4694537041710681
outer loop
vertex 102.83738708496094 9.399993896484375 168.0697021484375
vertex 103.18946838378906 9.399993896484375 168.73190307617188
vertex 103.18946838378906 9.5 168.73190307617188
endloop
endfacet
facet normal 0.46948306661257094 0.0 0.8829414760696522
outer loop
vertex 103.18946838378906 9.399993896484375 168.73190307617188
vertex 104.24900817871094 9.399993896484375 168.16851806640625
vertex 103.18946838378906 9.5 168.73190307617188
endloop
endfacet
facet normal 0.46948306661257094 -0.0 0.8829414760696522
outer loop
vertex 103.18946838378906 9.5 168.73190307617188
vertex 104.24900817871094 9.399993896484375 168.16851806640625
vertex 104.24900817871094 9.5 168.16851806640625
endloop
endfacet
facet normal 0.17435150230557514 -0.928481857281321 0.32790699038480053
outer loop
vertex 103.77955627441406 2.5 167.28558349609375
vertex 106.58732604980469 2.5 165.79266357421875
vertex 103.89692687988281 2.600006103515625 167.50634765625
endloop
endfacet
facet normal 0.17435778132830224 -0.9284736994386509 0.32792675026746076
outer loop
vertex 102.83738708496094 2.600006103515625 168.0697021484375
vertex 103.89692687988281 2.600006103515625 167.50634765625
vertex 106.81990051269531 3.3000030517578125 167.93414306640625
endloop
endfacet
facet normal 0.17435946141698191 -0.9284760689362581 0.3279191480030599
outer loop
vertex 103.89692687988281 2.600006103515625 167.50634765625
vertex 106.58732604980469 2.5 165.79266357421875
vertex 106.81990051269531 3.3000030517578125 167.93414306640625
endloop
endfacet
facet normal 0.9941541863023332 0.0 -0.1079696895315807
outer loop
vertex 106.58732604980469 2.5 165.79266357421875
vertex 106.58732604980469 9.5 165.79266357421875
vertex 106.81990051269531 3.3000030517578125 167.93414306640625
endloop
endfacet
facet normal 0.9941541863023332 0.0 -0.1079696895315807
outer loop
vertex 106.81990051269531 3.3000030517578125 167.93414306640625
vertex 106.58732604980469 9.5 165.79266357421875
vertex 106.81990051269531 8.699996948242188 167.93414306640625
endloop
endfacet
facet normal 0.17435150230557514 0.928481857281321 0.32790699038480053
outer loop
vertex 103.77955627441406 9.5 167.28558349609375
vertex 103.89692687988281 9.399993896484375 167.50634765625
vertex 106.58732604980469 9.5 165.79266357421875
endloop
endfacet
facet normal 0.0 0.0 -1.0
outer loop
vertex 102.89527893066406 37.0 145.21182250976562
vertex 104.65290832519531 142.0 145.21182250976562
vertex 104.65290832519531 34.0 145.21182250976562
endloop
endfacet
facet normal 0.9992960183442651 0.0 -0.037516232770603807
outer loop
vertex 104.65290832519531 34.0 145.21182250976562
vertex 104.65290832519531 142.0 145.21182250976562
vertex 104.89527893066406 34.0 151.66769409179688
endloop
endfacet
facet normal 0.882948231810796 0.0 -0.4694703610902281
outer loop
vertex 77.77864074707031 144.0 102.43548583984375
vertex 86.79261779785156 154.0 119.38836669921875
vertex 86.79261779785156 144.0 119.38836669921875
endloop
endfacet
facet normal 0.0 0.0 -1.0
outer loop
vertex 68.67149353027344 144.0 119.38836669921875
vertex 86.79261779785156 144.0 119.38836669921875
vertex 90.92231750488281 142.0 119.38836669921875
endloop
endfacet
facet normal 0.0 -1.0 0.0
outer loop
vertex 79.82801818847656 142.0 133.37606811523438
vertex 90.92231750488281 142.0 119.38836669921875
vertex 90.36003112792969 142.0 129.78948974609375
endloop
endfacet
facet normal 0.0 0.0 -1.0
outer loop
vertex 86.79261779785156 144.0 119.38836669921875
vertex 90.92231750488281 154.0 119.38836669921875
vertex 90.92231750488281 142.0 119.38836669921875
endloop
endfacet
facet normal 0.8829469234264795 0.0 -0.4694728218030457
outer loop
vertex 90.92231750488281 142.0 119.38836669921875
vertex 90.92231750488281 154.0 119.38836669921875
vertex 95.51863098144531 143.95921182632446 128.03274536132812
endloop
endfacet
facet normal 0.8830116034162787 -0.0006907898777614498 -0.4693506482807466
outer loop
vertex 90.92231750488281 142.0 119.38836669921875
vertex 95.51863098144531 143.95921182632446 128.03274536132812
vertex 95.63566589355469 144.0 128.25286865234375
endloop
endfacet
facet normal 0.35110293867353515 -0.9362439463215587 -0.013190884391967318
outer loop
vertex 95.51863098144531 143.95921182632446 128.03274536132812
vertex 95.62602233886719 144.0 127.99618530273438
vertex 95.63566589355469 144.0 128.25286865234375
endloop
endfacet
facet normal -0.32227405618131666 -0.0 -0.9466464137746688
outer loop
vertex 95.51863098144531 143.95921182632446 128.03274536132812
vertex 95.62602233886719 154.0 127.99618530273438
vertex 95.62602233886719 144.0 127.99618530273438
endloop
endfacet
facet normal 0.9992949994628472 0.0 -0.03754336224352155
outer loop
vertex 95.62602233886719 144.0 127.99618530273438
vertex 95.63566589355469 154.0 128.25286865234375
vertex 95.63566589355469 144.0 128.25286865234375
endloop
endfacet
facet normal 0.0 0.0 -1.0
outer loop
vertex 68.65290832519531 34.0 145.21182250976562
vertex 68.65290832519531 142.0 145.21182250976562
vertex 104.65290832519531 142.0 145.21182250976562
endloop
endfacet
facet normal 0.0 -0.0 1.0
outer loop
vertex 68.89527893066406 34.0 151.66769409179688
vertex 104.31462097167969 142.2258062362671 151.66769409179688
vertex 68.89527893066406 142.0 151.66769409179688
endloop
endfacet
facet normal 0.3510932304021207 -0.9362477215293978 -0.013181331374889022
outer loop
vertex 79.82801818847656 138.0 133.37606811523438
vertex 90.49467468261719 142.0 133.37606811523438
vertex 80.23197937011719 138.0 144.13583374023438
endloop
endfacet
facet normal -0.32236143840724596 0.0 -0.946616661076706
outer loop
vertex 79.82801818847656 138.0 133.37606811523438
vertex 79.82801818847656 142.0 133.37606811523438
vertex 90.36003112792969 142.0 129.78948974609375
endloop
endfacet
facet normal 0.3510932348373689 -0.936247733356715 -0.013180373129993376
outer loop
vertex 79.82801818847656 138.0 133.37606811523438
vertex 90.36003112792969 142.0 129.78948974609375
vertex 90.49467468261719 142.0 133.37606811523438
endloop
endfacet
facet normal 0.3510932304021207 -0.9362477215293978 -0.013181331374889022
outer loop
vertex 80.23197937011719 138.0 144.13583374023438
vertex 90.49467468261719 142.0 133.37606811523438
vertex 90.89863586425781 142.0 144.13583374023438
endloop
endfacet
facet normal 0.0 -0.0 1.0
outer loop
vertex 80.23197937011719 138.0 144.13583374023438
vertex 90.89863586425781 142.0 144.13583374023438
vertex 80.23197937011719 142.0 144.13583374023438
endloop
endfacet
facet normal 0.0 -0.0 1.0
outer loop
vertex 68.89527893066406 142.0 151.66769409179688
vertex 104.31462097167969 142.2258062362671 151.66769409179688
vertex 68.89527893066406 144.0 151.66769409179688
endloop
endfacet
facet normal 0.0 -1.0 0.0
outer loop
vertex 68.65290832519531 142.0 145.21182250976562
vertex 80.23197937011719 142.0 144.13583374023438
vertex 104.65290832519531 142.0 145.21182250976562
endloop
endfacet
facet normal -0.0 -0.0 1.0
outer loop
vertex 68.89527893066406 144.0 151.66769409179688
vertex 104.31462097167969 142.2258062362671 151.66769409179688
vertex 85.83473205566406 144.0 151.66769409179688
endloop
endfacet
facet normal 0.0 -1.0 0.0
outer loop
vertex 80.23197937011719 142.0 144.13583374023438
vertex 90.89863586425781 142.0 144.13583374023438
vertex 104.65290832519531 142.0 145.21182250976562
endloop
endfacet
facet normal -0.882947381637316 0.0 0.4694719600357489
outer loop
vertex 85.83473205566406 144.0 151.66769409179688
vertex 91.56901550292969 144.0 162.45230102539062
vertex 91.56901550292969 154.0 162.45230102539062
endloop
endfacet
facet normal 0.0 -1.0 0.0
outer loop
vertex 85.83473205566406 144.0 151.66769409179688
vertex 99.75242614746094 144.0 151.66769409179688
vertex 91.56901550292969 144.0 162.45230102539062
endloop
endfacet
facet normal 0.4694714004085824 -0.0 0.8829476791964542
outer loop
vertex 91.56901550292969 144.0 162.45230102539062
vertex 94.65934753417969 146.5 160.80914306640625
vertex 94.65934753417969 151.5 160.80914306640625
endloop
endfacet
facet normal 0.9992969469023725 1.4810529232474917e-06 -0.03749149116004194
outer loop
vertex 104.89527893066406 34.0 151.66769409179688
vertex 104.65290832519531 142.0 145.21182250976562
vertex 104.65681457519531 142.2258062362671 145.31594848632812
endloop
endfacet
facet normal 0.999296001143112 0.0 -0.03751669094397012
outer loop
vertex 104.89527893066406 34.0 151.66769409179688
vertex 104.65681457519531 142.2258062362671 145.31594848632812
vertex 104.89527893066406 144.0 151.66769409179688
endloop
endfacet
facet normal 0.0 -0.0 1.0
outer loop
vertex 104.89527893066406 34.0 151.66769409179688
vertex 104.89527893066406 144.0 151.66769409179688
vertex 104.31462097167969 142.2258062362671 151.66769409179688
endloop
endfacet
facet normal -0.0 -1.0 0.0
outer loop
vertex 90.92231750488281 142.0 119.38836669921875
vertex 104.65290832519531 142.0 145.21182250976562
vertex 90.36003112792969 142.0 129.78948974609375
endloop
endfacet
facet normal 0.8829473688129212 -1.6188113035900358e-06 -0.46947198415210983
outer loop
vertex 90.92231750488281 142.0 119.38836669921875
vertex 95.63566589355469 144.0 128.25286865234375
vertex 104.65290832519531 142.0 145.21182250976562
endloop
endfacet
facet normal -0.0 -1.0 0.0
outer loop
vertex 90.36003112792969 142.0 129.78948974609375
vertex 104.65290832519531 142.0 145.21182250976562
vertex 90.49467468261719 142.0 133.37606811523438
endloop
endfacet
facet normal -0.0 -1.0 0.0
outer loop
vertex 90.49467468261719 142.0 133.37606811523438
vertex 104.65290832519531 142.0 145.21182250976562
vertex 90.89863586425781 142.0 144.13583374023438
endloop
endfacet
facet normal 0.8829474479496295 0.0 -0.4694718353205401
outer loop
vertex 95.63566589355469 144.0 128.25286865234375
vertex 95.63566589355469 154.0 128.25286865234375
vertex 104.65290832519531 142.0 145.21182250976562
endloop
endfacet
facet normal -0.0 -0.0 1.0
outer loop
vertex 85.83473205566406 144.0 151.66769409179688
vertex 104.31462097167969 142.2258062362671 151.66769409179688
vertex 99.75242614746094 144.0 151.66769409179688
endloop
endfacet
facet normal 0.8829474479496294 0.0 -0.4694718353205401
outer loop
vertex 104.65290832519531 142.0 145.21182250976562
vertex 95.63566589355469 154.0 128.25286865234375
vertex 104.65290832519531 144.0 145.21182250976562
endloop
endfacet
facet normal -0.0 -0.0 1.0
outer loop
vertex 99.75242614746094 144.0 151.66769409179688
vertex 104.31462097167969 142.2258062362671 151.66769409179688
vertex 103.95585632324219 144.0 151.66769409179688
endloop
endfacet
facet normal 0.9992970672285522 0.0 -0.0374882838819621
outer loop
vertex 104.65290832519531 142.0 145.21182250976562
vertex 104.65290832519531 144.0 145.21182250976562
vertex 104.65681457519531 142.2258062362671 145.31594848632812
endloop
endfacet
facet normal -0.0 0.0 1.0
outer loop
vertex 103.95585632324219 144.0 151.66769409179688
vertex 104.31462097167969 142.2258062362671 151.66769409179688
vertex 104.89527893066406 144.0 151.66769409179688
endloop
endfacet
facet normal 0.9992961215457893 -1.481040357712344e-06 -0.03751348372718633
outer loop
vertex 104.65290832519531 144.0 145.21182250976562
vertex 104.89527893066406 156.0 151.66769409179688
vertex 104.65681457519531 142.2258062362671 145.31594848632812
endloop
endfacet
facet normal 0.999296001143112 0.0 -0.03751669094397012
outer loop
vertex 104.65681457519531 142.2258062362671 145.31594848632812
vertex 104.89527893066406 156.0 151.66769409179688
vertex 104.89527893066406 144.0 151.66769409179688
endloop
endfacet
facet normal 0.0 0.0 1.0
outer loop
vertex 103.95585632324219 144.0 151.66769409179688
vertex 104.89527893066406 144.0 151.66769409179688
vertex 104.89527893066406 156.0 151.66769409179688
endloop
endfacet
facet normal 0.4694709703869229 6.818445291982378e-07 0.8829479078425273
outer loop
vertex 91.56901550292969 144.0 162.45230102539062
vertex 105.69618225097656 144.0 154.94076538085938
vertex 94.65934753417969 146.5 160.80914306640625
endloop
endfacet
facet normal 0.0 -1.0 0.0
outer loop
vertex 94.65934753417969 146.5 160.80914306640625
vertex 97.80415344238281 146.5 160.26962280273438
vertex 96.74461364746094 146.5 160.83297729492188
endloop
endfacet
facet normal -0.08092621490638092 -0.9850304724662334 -0.15220353495853953
outer loop
vertex 96.74461364746094 146.5 160.83297729492188
vertex 97.80415344238281 146.5 160.26962280273438
vertex 97.68354797363281 146.15000009536743 162.598876953125
endloop
endfacet
facet normal 0.0 -1.0 0.0
outer loop
vertex 91.56901550292969 144.0 162.45230102539062
vertex 99.75242614746094 144.0 151.66769409179688
vertex 103.95585632324219 144.0 151.66769409179688
endloop
endfacet
facet normal 0.0 -1.0 0.0
outer loop
vertex 91.56901550292969 144.0 162.45230102539062
vertex 103.95585632324219 144.0 151.66769409179688
vertex 105.69618225097656 144.0 154.94076538085938
endloop
endfacet
facet normal 0.0 -1.0 0.0
outer loop
vertex 94.65934753417969 146.5 160.80914306640625
vertex 100.40000915527344 146.5 158.88937377929688
vertex 97.80415344238281 146.5 160.26962280273438
endloop
endfacet
facet normal 0.0 -1.0 0.0
outer loop
vertex 94.65934753417969 146.5 160.80914306640625
vertex 101.45954895019531 146.5 158.32601928710938
vertex 100.40000915527344 146.5 158.88937377929688
endloop
endfacet
facet normal -0.08092621490638092 -0.9850304724662334 -0.15220353495853953
outer loop
vertex 97.80415344238281 146.5 160.26962280273438
vertex 98.74308776855469 146.15000009536743 162.0355224609375
vertex 97.68354797363281 146.15000009536743 162.598876953125
endloop
endfacet
facet normal 0.0 -1.0 0.0
outer loop
vertex 94.65934753417969 146.5 160.80914306640625
vertex 102.60585021972656 146.5 156.58392333984375
vertex 101.45954895019531 146.5 158.32601928710938
endloop
endfacet
facet normal -0.8829486444784527 0.0 0.4694695849718733
outer loop
vertex 94.65934753417969 146.5 160.80914306640625
vertex 99.35404968261719 146.5 169.63864135742188
vertex 94.65934753417969 151.5 160.80914306640625
endloop
endfacet
facet normal 0.0 -1.0 0.0
outer loop
vertex 94.65934753417969 146.5 160.80914306640625
vertex 96.74461364746094 146.5 160.83297729492188
vertex 100.96983337402344 146.5 168.77951049804688
endloop
endfacet
facet normal -0.882948832954472 1.3102392110909229e-05 0.4694692303151117
outer loop
vertex 96.74461364746094 146.5 160.83297729492188
vertex 97.68354797363281 146.15000009536743 162.598876953125
vertex 100.96983337402344 146.5 168.77951049804688
endloop
endfacet
facet normal 0.0 -1.0 0.0
outer loop
vertex 97.68354797363281 146.15000009536743 162.598876953125
vertex 98.74308776855469 146.15000009536743 162.0355224609375
vertex 100.50038146972656 146.15000009536743 167.89657592773438
endloop
endfacet
facet normal 0.0 -1.0 0.0
outer loop
vertex 94.65934753417969 146.5 160.80914306640625
vertex 100.96983337402344 146.5 168.77951049804688
vertex 99.35404968261719 146.5 169.63864135742188
endloop
endfacet
facet normal 0.8829480854625714 -2.219897671392814e-05 -0.46947063580716664
outer loop
vertex 97.80415344238281 146.5 160.26962280273438
vertex 102.02937316894531 146.5 168.21612548828125
vertex 98.74308776855469 146.15000009536743 162.0355224609375
endloop
endfacet
facet normal -0.8829478008501492 -2.5662319842657113e-05 0.46947117090970636
outer loop
vertex 97.68354797363281 146.15000009536743 162.598876953125
vertex 100.50038146972656 146.15000009536743 167.89657592773438
vertex 101.43931579589844 146.5 169.6624755859375
endloop
endfacet
facet normal 0.0 -1.0 0.0
outer loop
vertex 98.74308776855469 146.15000009536743 162.0355224609375
vertex 101.55992126464844 146.15000009536743 167.33319091796875
vertex 100.50038146972656 146.15000009536743 167.89657592773438
endloop
endfacet
facet normal -0.8829469455470772 -6.722150051941614e-05 0.46947277538783516
outer loop
vertex 97.68354797363281 146.15000009536743 162.598876953125
vertex 101.43931579589844 146.5 169.6624755859375
vertex 100.96983337402344 146.5 168.77951049804688
endloop
endfacet
facet normal 0.17435872275243255 -0.9284759933703981 0.3279197547190357
outer loop
vertex 99.35404968261719 146.5 169.63864135742188
vertex 100.96983337402344 146.5 168.77951049804688
vertex 101.08720397949219 146.59999990463257 169.000244140625
endloop
endfacet
facet normal -0.6454340295772067 0.0 0.7638160206906697
outer loop
vertex 99.35404968261719 146.5 169.63864135742188
vertex 100.99937438964844 147.29999995231628 171.02896118164062
vertex 100.99937438964844 150.70000004768372 171.02896118164062
endloop
endfacet
facet normal 0.469470635922498 -1.2121726602900636e-06 0.8829480856794786
outer loop
vertex 94.65934753417969 146.5 160.80914306640625
vertex 105.69618225097656 144.0 154.94076538085938
vertex 102.60585021972656 146.5 156.58392333984375
endloop
endfacet
facet normal -0.08092621490638092 -0.9850304724662334 -0.15220353495853953
outer loop
vertex 100.40000915527344 146.5 158.88937377929688
vertex 101.45954895019531 146.5 158.32601928710938
vertex 101.33894348144531 146.15000009536743 160.6552734375
endloop
endfacet
facet normal -0.08093069048821397 -0.985030078108505 -0.15220370744056666
outer loop
vertex 101.45954895019531 146.5 158.32601928710938
vertex 102.39848327636719 146.15000009536743 160.09188842773438
vertex 101.33894348144531 146.15000009536743 160.6552734375
endloop
endfacet
facet normal 0.0 -1.0 0.0
outer loop
vertex 97.80415344238281 146.5 160.26962280273438
vertex 100.40000915527344 146.5 158.88937377929688
vertex 104.62525939941406 146.5 166.83587646484375
endloop
endfacet
facet normal -0.8829466794252584 3.930723141583436e-05 0.4694732790552104
outer loop
vertex 100.40000915527344 146.5 158.88937377929688
vertex 101.33894348144531 146.15000009536743 160.6552734375
vertex 104.62525939941406 146.5 166.83587646484375
endloop
endfacet
facet normal -0.0 -1.0 0.0
outer loop
vertex 102.60585021972656 146.5 156.58392333984375
vertex 107.30058288574219 146.5 165.41339111328125
vertex 101.45954895019531 146.5 158.32601928710938
endloop
endfacet
facet normal -0.0 -1.0 0.0
outer loop
vertex 102.39848327636719 146.15000009536743 160.09188842773438
vertex 104.15577697753906 146.15000009536743 165.95294189453125
vertex 101.33894348144531 146.15000009536743 160.6552734375
endloop
endfacet
facet normal 0.882946680106191 1.627601085469855e-06 -0.46947327941727046
outer loop
vertex 101.45954895019531 146.5 158.32601928710938
vertex 105.68479919433594 146.5 166.27252197265625
vertex 102.39848327636719 146.15000009536743 160.09188842773438
endloop
endfacet
facet normal 0.882947251487023 0.0 -0.469472204812502
outer loop
vertex 103.95585632324219 144.0 151.66769409179688
vertex 103.95585632324219 154.0 151.66769409179688
vertex 105.69618225097656 144.0 154.94076538085938
endloop
endfacet
facet normal 0.4694714004085824 -0.0 0.8829476791964542
outer loop
vertex 102.60585021972656 146.5 156.58392333984375
vertex 105.69618225097656 144.0 154.94076538085938
vertex 105.69618225097656 154.0 154.94076538085938
endloop
endfacet
facet normal 0.8829467068513822 0.0 -0.46947322911993505
outer loop
vertex 102.60585021972656 146.5 156.58392333984375
vertex 107.30058288574219 151.5 165.41339111328125
vertex 107.30058288574219 146.5 165.41339111328125
endloop
endfacet
facet normal 0.0 -1.0 0.0
outer loop
vertex 97.80415344238281 146.5 160.26962280273438
vertex 104.62525939941406 146.5 166.83587646484375
vertex 102.02937316894531 146.5 168.21612548828125
endloop
endfacet
facet normal 0.8829466794252585 3.9307231415834366e-05 -0.46947327905521047
outer loop
vertex 98.74308776855469 146.15000009536743 162.0355224609375
vertex 102.49885559082031 146.5 169.09909057617188
vertex 101.55992126464844 146.15000009536743 167.33319091796875
endloop
endfacet
facet normal 0.8829469472369222 2.628671198599837e-05 -0.4694727762863447
outer loop
vertex 98.74308776855469 146.15000009536743 162.0355224609375
vertex 102.02937316894531 146.5 168.21612548828125
vertex 102.49885559082031 146.5 169.09909057617188
endloop
endfacet
facet normal 0.08092963253973695 -0.9850304724618061 0.15220171779140498
outer loop
vertex 100.50038146972656 146.15000009536743 167.89657592773438
vertex 101.55992126464844 146.15000009536743 167.33319091796875
vertex 101.43931579589844 146.5 169.6624755859375
endloop
endfacet
facet normal 0.0 -1.0 0.0
outer loop
vertex 102.39848327636719 146.15000009536743 160.09188842773438
vertex 105.21531677246094 146.15000009536743 165.38958740234375
vertex 104.15577697753906 146.15000009536743 165.95294189453125
endloop
endfacet
facet normal -0.8829466794805767 3.767963033398042e-05 0.46947327908462383
outer loop
vertex 101.33894348144531 146.15000009536743 160.6552734375
vertex 104.15577697753906 146.15000009536743 165.95294189453125
vertex 105.09474182128906 146.5 167.71884155273438
endloop
endfacet
facet normal -0.8829469464071658 5.0700173065140106e-05 0.4694727758451539
outer loop
vertex 101.33894348144531 146.15000009536743 160.6552734375
vertex 105.09474182128906 146.5 167.71884155273438
vertex 104.62525939941406 146.5 166.83587646484375
endloop
endfacet
facet normal 0.17434418141916833 -0.9284897947554432 0.32788840699279875
outer loop
vertex 102.02937316894531 146.5 168.21612548828125
vertex 104.74263000488281 146.59999990463257 167.05661010742188
vertex 102.14674377441406 146.59999990463257 168.4368896484375
endloop
endfacet
facet normal 0.17435737542337568 -0.928475993361926 0.3279204711299014
outer loop
vertex 102.02937316894531 146.5 168.21612548828125
vertex 104.62525939941406 146.5 166.83587646484375
vertex 104.74263000488281 146.59999990463257 167.05661010742188
endloop
endfacet
facet normal -0.8829469469755986 3.581796446776976e-05 0.46947277614739596
outer loop
vertex 100.96983337402344 146.5 168.77951049804688
vertex 101.43931579589844 146.5 169.6624755859375
vertex 101.08720397949219 146.59999990463257 169.000244140625
endloop
endfacet
facet normal -0.8829491895381352 0.0 0.46946855985672825
outer loop
vertex 101.08720397949219 146.59999990463257 169.000244140625
vertex 101.43931579589844 146.5 169.6624755859375
vertex 101.43931579589844 146.59999990463257 169.6624755859375
endloop
endfacet
facet normal -0.0 1.0 0.0
outer loop
vertex 101.08720397949219 146.59999990463257 169.000244140625
vertex 101.43931579589844 146.59999990463257 169.6624755859375
vertex 102.14674377441406 146.59999990463257 168.4368896484375
endloop
endfacet
facet normal 0.08092963253973695 -0.9850304724618061 0.15220171779140498
outer loop
vertex 101.55992126464844 146.15000009536743 167.33319091796875
vertex 102.49885559082031 146.5 169.09909057617188
vertex 101.43931579589844 146.5 169.6624755859375
endloop
endfacet
facet normal 0.4694830666125709 0.0 0.8829414760696521
outer loop
vertex 101.43931579589844 146.5 169.6624755859375
vertex 102.49885559082031 146.59999990463257 169.09909057617188
vertex 101.43931579589844 146.59999990463257 169.6624755859375
endloop
endfacet
facet normal 0.0 0.9999999999999999 0.0
outer loop
vertex 101.43931579589844 146.59999990463257 169.6624755859375
vertex 102.49885559082031 146.59999990463257 169.09909057617188
vertex 102.14674377441406 146.59999990463257 168.4368896484375
endloop
endfacet
facet normal 0.8829469424445742 0.00010745389285188747 -0.4694727737381996
outer loop
vertex 102.02937316894531 146.5 168.21612548828125
vertex 102.14674377441406 146.59999990463257 168.4368896484375
vertex 102.49885559082031 146.5 169.09909057617188
endloop
endfacet
facet normal 0.8829402211910267 0.0 -0.4694854266142249
outer loop
vertex 102.14674377441406 146.59999990463257 168.4368896484375
vertex 102.49885559082031 146.59999990463257 169.09909057617188
vertex 102.49885559082031 146.5 169.09909057617188
endloop
endfacet
facet normal 0.4694830666125709 -0.0 0.8829414760696521
outer loop
vertex 101.43931579589844 146.5 169.6624755859375
vertex 102.49885559082031 146.5 169.09909057617188
vertex 102.49885559082031 146.59999990463257 169.09909057617188
endloop
endfacet
facet normal 0.17435428511380577 -0.9284813795345158 0.327906863484338
outer loop
vertex 99.35404968261719 146.5 169.63864135742188
vertex 101.08720397949219 146.59999990463257 169.000244140625
vertex 107.53318786621094 147.29999995231628 167.55487060546875
endloop
endfacet
facet normal 0.17435640796656526 -0.9284775139521161 0.3279166800976961
outer loop
vertex 99.35404968261719 146.5 169.63864135742188
vertex 107.53318786621094 147.29999995231628 167.55487060546875
vertex 100.99937438964844 147.29999995231628 171.02896118164062
endloop
endfacet
facet normal 0.4694715971267608 0.0 0.8829475745995615
outer loop
vertex 100.99937438964844 147.29999995231628 171.02896118164062
vertex 107.53318786621094 147.29999995231628 167.55487060546875
vertex 100.99937438964844 150.70000004768372 171.02896118164062
endloop
endfacet
facet normal 0.17435797356195712 -0.9284735356445546 0.327927111814604
outer loop
vertex 101.08720397949219 146.59999990463257 169.000244140625
vertex 102.14674377441406 146.59999990463257 168.4368896484375
vertex 107.53318786621094 147.29999995231628 167.55487060546875
endloop
endfacet
facet normal 0.8829477999779451 -5.1324639634614106e-05 -0.4694711704459477
outer loop
vertex 102.39848327636719 146.15000009536743 160.09188842773438
vertex 106.15428161621094 146.5 167.15548706054688
vertex 105.21531677246094 146.15000009536743 165.38958740234375
endloop
endfacet
facet normal 0.0 -1.0 0.0
outer loop
vertex 101.45954895019531 146.5 158.32601928710938
vertex 107.30058288574219 146.5 165.41339111328125
vertex 105.68479919433594 146.5 166.27252197265625
endloop
endfacet
facet normal 0.8829469474998765 -9.765384453623324e-06 -0.4694727764261604
outer loop
vertex 102.39848327636719 146.15000009536743 160.09188842773438
vertex 105.68479919433594 146.5 166.27252197265625
vertex 106.15428161621094 146.5 167.15548706054688
endloop
endfacet
facet normal 0.08092565242611731 -0.9850306821390409 0.1522024770629668
outer loop
vertex 104.15577697753906 146.15000009536743 165.95294189453125
vertex 105.21531677246094 146.15000009536743 165.38958740234375
vertex 105.09474182128906 146.5 167.71884155273438
endloop
endfacet
facet normal -0.8829469469755986 3.581796446776976e-05 0.46947277614739596
outer loop
vertex 104.62525939941406 146.5 166.83587646484375
vertex 105.09474182128906 146.5 167.71884155273438
vertex 104.74263000488281 146.59999990463257 167.05661010742188
endloop
endfacet
facet normal -0.8829491895381352 0.0 0.46946855985672825
outer loop
vertex 104.74263000488281 146.59999990463257 167.05661010742188
vertex 105.09474182128906 146.5 167.71884155273438
vertex 105.09474182128906 146.59999990463257 167.71884155273438
endloop
endfacet
facet normal 0.17435609944360303 -0.9284796411036206 0.32791082117384335
outer loop
vertex 102.14674377441406 146.59999990463257 168.4368896484375
vertex 104.74263000488281 146.59999990463257 167.05661010742188
vertex 107.53318786621094 147.29999995231628 167.55487060546875
endloop
endfacet
facet normal 0.08092565242611731 -0.9850306821390409 0.1522024770629668
outer loop
vertex 105.21531677246094 146.15000009536743 165.38958740234375
vertex 106.15428161621094 146.5 167.15548706054688
vertex 105.09474182128906 146.5 167.71884155273438
endloop
endfacet
facet normal -0.0 1.0 0.0
outer loop
vertex 104.74263000488281 146.59999990463257 167.05661010742188
vertex 105.09474182128906 146.59999990463257 167.71884155273438
vertex 105.80216979980469 146.59999990463257 166.49325561523438
endloop
endfacet
facet normal 0.4694632405567483 0.0 0.8829520178163459
outer loop
vertex 105.09474182128906 146.5 167.71884155273438
vertex 106.15428161621094 146.59999990463257 167.15548706054688
vertex 105.09474182128906 146.59999990463257 167.71884155273438
endloop
endfacet
facet normal -0.0 1.0 -0.0
outer loop
vertex 105.80216979980469 146.59999990463257 166.49325561523438
vertex 105.09474182128906 146.59999990463257 167.71884155273438
vertex 106.15428161621094 146.59999990463257 167.15548706054688
endloop
endfacet
facet normal 0.4694632405567483 -0.0 0.8829520178163459
outer loop
vertex 105.09474182128906 146.5 167.71884155273438
vertex 106.15428161621094 146.5 167.15548706054688
vertex 106.15428161621094 146.59999990463257 167.15548706054688
endloop
endfacet
facet normal 0.17435872275243255 -0.9284759933703981 0.3279197547190357
outer loop
vertex 105.68479919433594 146.5 166.27252197265625
vertex 107.30058288574219 146.5 165.41339111328125
vertex 105.80216979980469 146.59999990463257 166.49325561523438
endloop
endfacet
facet normal 0.8829469469755986 -3.581796446776976e-05 -0.46947277614739596
outer loop
vertex 105.68479919433594 146.5 166.27252197265625
vertex 105.80216979980469 146.59999990463257 166.49325561523438
vertex 106.15428161621094 146.5 167.15548706054688
endloop
endfacet
facet normal 0.8829491895381352 0.0 -0.46946855985672825
outer loop
vertex 105.80216979980469 146.59999990463257 166.49325561523438
vertex 106.15428161621094 146.59999990463257 167.15548706054688
vertex 106.15428161621094 146.5 167.15548706054688
endloop
endfacet
facet normal 0.17435389858069494 -0.9284770077173968 0.3279194477152301
outer loop
vertex 104.74263000488281 146.59999990463257 167.05661010742188
vertex 105.80216979980469 146.59999990463257 166.49325561523438
vertex 107.53318786621094 147.29999995231628 167.55487060546875
endloop
endfacet
facet normal 0.17435611465074632 -0.9284777052999496 0.3279162942655275
outer loop
vertex 105.80216979980469 146.59999990463257 166.49325561523438
vertex 107.30058288574219 146.5 165.41339111328125
vertex 107.53318786621094 147.29999995231628 167.55487060546875
endloop
endfacet
facet normal 0.9941526654992479 0.0 -0.10798369173509759
outer loop
vertex 107.30058288574219 146.5 165.41339111328125
vertex 107.30058288574219 151.5 165.41339111328125
vertex 107.53318786621094 147.29999995231628 167.55487060546875
endloop
endfacet
facet normal 0.8829474904297151 0.0 -0.4694717554271697
outer loop
vertex 57.18275451660156 144.0 63.700286865234375
vertex 57.18275451660156 154.0 63.700286865234375
vertex 59.33146667480469 154.0 67.74142456054688
endloop
endfacet
facet normal -0.0 1.0 0.0
outer loop
vertex 50.27088928222656 154.0 67.74142456054688
vertex 59.33146667480469 154.0 67.74142456054688
vertex 57.18275451660156 154.0 63.700286865234375
endloop
endfacet
facet normal -0.32236185691218683 0.0 -0.9466165185586648
outer loop
vertex 52.366851806640625 156.0 81.7291259765625
vertex 52.366851806640625 160.0 81.7291259765625
vertex 62.89884948730469 156.0 78.14254760742188
endloop
endfacet
facet normal 0.3510930900646149 0.936247760209978 -0.013182321900172933
outer loop
vertex 52.366851806640625 160.0 81.7291259765625
vertex 63.30284118652344 156.0 88.90231323242188
vertex 62.89884948730469 156.0 78.14254760742188
endloop
endfacet
facet normal 0.0 0.0 -1.0
outer loop
vertex 63.46116638183594 142.0 67.74142456054688
vertex 59.33146667480469 154.0 67.74142456054688
vertex 63.46116638183594 154.0 67.74142456054688
endloop
endfacet
facet normal 0.8829482155244517 0.0 -0.46947039172048616
outer loop
vertex 68.05744934082031 143.95921850204468 76.38580322265625
vertex 63.46116638183594 154.0 67.74142456054688
vertex 63.46116638183594 156.0 67.74142456054688
endloop
endfacet
facet normal 0.8829482155244516 0.0 -0.4694703917204861
outer loop
vertex 68.05744934082031 143.95921850204468 76.38580322265625
vertex 63.46116638183594 156.0 67.74142456054688
vertex 68.05744934082031 154.04078149795532 76.38580322265625
endloop
endfacet
facet normal 0.9992960183442651 0.0 -0.037516232770603807
outer loop
vertex 63.46116638183594 156.0 67.74142456054688
vertex 63.46116638183594 264.0 67.74142456054688
vertex 63.70353698730469 156.0 74.19729614257812
endloop
endfacet
facet normal -0.3222740561813167 0.0 -0.9466464137746691
outer loop
vertex 68.05744934082031 143.95921850204468 76.38580322265625
vertex 68.05744934082031 154.04078149795532 76.38580322265625
vertex 68.16484069824219 154.0 76.3492431640625
endloop
endfacet
facet normal 0.9992948319725102 0.0 -0.037547820083628204
outer loop
vertex 68.16484069824219 144.0 76.3492431640625
vertex 68.16484069824219 154.0 76.3492431640625
vertex 68.17448425292969 154.0 76.60589599609375
endloop
endfacet
facet normal 0.35105209727995795 0.9362630157081444 -0.013190542537510905
outer loop
vertex 68.16484069824219 154.0 76.3492431640625
vertex 68.05744934082031 154.04078149795532 76.38580322265625
vertex 68.17448425292969 154.0 76.60589599609375
endloop
endfacet
facet normal 0.0 1.0 0.0
outer loop
vertex 63.46116638183594 156.0 67.74142456054688
vertex 63.70353698730469 156.0 74.19729614257812
vertex 77.19172668457031 156.0 93.56488037109375
endloop
endfacet
facet normal 0.8829478013341229 -4.408573291907102e-06 -0.4694711706801632
outer loop
vertex 63.46116638183594 156.0 67.74142456054688
vertex 77.19172668457031 156.0 93.56488037109375
vertex 68.05744934082031 154.04078149795532 76.38580322265625
endloop
endfacet
facet normal 0.0 1.0 -0.0
outer loop
vertex 63.70353698730469 156.0 74.19729614257812
vertex 62.89884948730469 156.0 78.14254760742188
vertex 77.19172668457031 156.0 93.56488037109375
endloop
endfacet
facet normal 0.0 1.0 0.0
outer loop
vertex 62.89884948730469 156.0 78.14254760742188
vertex 63.30284118652344 156.0 88.90231323242188
vertex 77.19172668457031 156.0 93.56488037109375
endloop
endfacet
facet normal 0.8829415613405525 0.00012743323992186594 -0.46948288895153234
outer loop
vertex 68.05744934082031 154.04078149795532 76.38580322265625
vertex 77.19172668457031 156.0 93.56488037109375
vertex 68.17448425292969 154.0 76.60589599609375
endloop
endfacet
facet normal 0.9992960183442651 0.0 -0.037516232770603807
outer loop
vertex 63.70353698730469 156.0 74.19729614257812
vertex 63.46116638183594 264.0 67.74142456054688
vertex 63.70353698730469 264.0 74.19729614257812
endloop
endfacet
facet normal 0.8829459270673523 0.0 -0.46947469567078276
outer loop
vertex 54.97154235839844 295.0 60.197296142578125
vertex 56.02836608886719 298.0 62.18487548828125
vertex 56.02836608886719 295.0 62.18487548828125
endloop
endfacet
facet normal 0.0 0.0 -1.0
outer loop
vertex 54.97154235839844 286.0 60.197296142578125
vertex 54.97154235839844 295.0 60.197296142578125
vertex 61.70353698730469 261.0 60.197296142578125
endloop
endfacet
facet normal 0.0 0.0 -1.0
outer loop
vertex 54.97154235839844 295.0 60.197296142578125
vertex 61.70353698730469 295.0 60.197296142578125
vertex 61.70353698730469 261.0 60.197296142578125
endloop
endfacet
facet normal -0.0 1.0 0.0
outer loop
vertex 54.97154235839844 295.0 60.197296142578125
vertex 56.02836608886719 295.0 62.18487548828125
vertex 61.70353698730469 295.0 60.197296142578125
endloop
endfacet
facet normal -0.0 1.0 0.0
outer loop
vertex 56.02836608886719 295.0 62.18487548828125
vertex 61.35206604003906 295.0 72.19729614257812
vertex 61.70353698730469 295.0 60.197296142578125
endloop
endfacet
facet normal 1.0 0.0 -0.0
outer loop
vertex 61.70353698730469 261.0 60.197296142578125
vertex 61.70353698730469 295.0 60.197296142578125
vertex 61.70353698730469 264.0 67.74142456054688
endloop
endfacet
facet normal -0.0 -0.0 0.9999999999999999
outer loop
vertex 38.903350830078125 286.0 72.19729614257812
vertex 61.70353698730469 264.0 72.19729614257812
vertex 61.35206604003906 286.0 72.19729614257812
endloop
endfacet
facet normal 0.0 -1.0 0.0
outer loop
vertex 38.903350830078125 286.0 72.19729614257812
vertex 61.35206604003906 286.0 72.19729614257812
vertex 66.32630920410156 286.0 81.55245971679688
endloop
endfacet
facet normal 0.8829475396532144 0.0 -0.46947166285126896
outer loop
vertex 56.02836608886719 295.0 62.18487548828125
vertex 56.02836608886719 298.0 62.18487548828125
vertex 61.35206604003906 295.0 72.19729614257812
endloop
endfacet
facet normal 0.0 1.0 0.0
outer loop
vertex 47.31871032714844 298.0 92.66558837890625
vertex 66.32630920410156 298.0 81.55245971679688
vertex 56.02836608886719 298.0 62.18487548828125
endloop
endfacet
facet normal 0.9999999999999999 0.0 -0.0
outer loop
vertex 61.70353698730469 261.0 60.197296142578125
vertex 61.70353698730469 264.0 67.74142456054688
vertex 61.70353698730469 261.0 67.74142456054688
endloop
endfacet
facet normal 0.0 0.0 -1.0
outer loop
vertex 61.70353698730469 261.0 67.74142456054688
vertex 61.70353698730469 264.0 67.74142456054688
vertex 63.46116638183594 264.0 67.74142456054688
endloop
endfacet
facet normal -0.0 1.0 0.0
outer loop
vertex 61.70353698730469 264.0 67.74142456054688
vertex 61.70353698730469 264.0 72.19729614257812
vertex 63.46116638183594 264.0 67.74142456054688
endloop
endfacet
facet normal 0.0 0.9999999999999999 -0.0
outer loop
vertex 63.46116638183594 264.0 67.74142456054688
vertex 61.70353698730469 264.0 72.19729614257812
vertex 63.70353698730469 264.0 74.19729614257812
endloop
endfacet
facet normal 1.0 0.0 -0.0
outer loop
vertex 61.70353698730469 264.0 67.74142456054688
vertex 61.70353698730469 295.0 72.19729614257812
vertex 61.70353698730469 264.0 72.19729614257812
endloop
endfacet
facet normal 1.0 0.0 -0.0
outer loop
vertex 61.70353698730469 295.0 60.197296142578125
vertex 61.70353698730469 295.0 72.19729614257812
vertex 61.70353698730469 264.0 67.74142456054688
endloop
endfacet
facet normal 0.0 -0.0 1.0
outer loop
vertex 61.70353698730469 264.0 72.19729614257812
vertex 61.70353698730469 295.0 72.19729614257812
vertex 61.35206604003906 286.0 72.19729614257812
endloop
endfacet
facet normal 0.0 1.0 -0.0
outer loop
vertex 61.70353698730469 295.0 60.197296142578125
vertex 61.35206604003906 295.0 72.19729614257812
vertex 61.70353698730469 295.0 72.19729614257812
endloop
endfacet
facet normal 0.0 -0.0 1.0
outer loop
vertex 61.35206604003906 286.0 72.19729614257812
vertex 61.70353698730469 295.0 72.19729614257812
vertex 61.35206604003906 295.0 72.19729614257812
endloop
endfacet
facet normal 0.8829472921523228 -1.9927234186855106e-06 -0.4694721283280935
outer loop
vertex 56.02836608886719 298.0 62.18487548828125
vertex 66.32630920410156 298.0 81.55245971679688
vertex 61.35206604003906 295.0 72.19729614257812
endloop
endfacet
facet normal 0.882947027266501 0.0 -0.4694726265089891
outer loop
vertex 61.35206604003906 286.0 72.19729614257812
vertex 61.35206604003906 295.0 72.19729614257812
vertex 66.32630920410156 298.0 81.55245971679688
endloop
endfacet
facet normal 0.8829470272665011 0.0 -0.4694726265089891
outer loop
vertex 61.35206604003906 286.0 72.19729614257812
vertex 66.32630920410156 298.0 81.55245971679688
vertex 66.32630920410156 286.0 81.55245971679688
endloop
endfacet
facet normal 0.0 -0.0 1.0
outer loop
vertex 52.77082824707031 156.0 92.48892211914062
vertex 63.43748474121094 156.0 92.48892211914062
vertex 52.77082824707031 160.0 92.48892211914062
endloop
endfacet
facet normal 0.3510927770057344 0.9362478853091643 -0.013181774862266708
outer loop
vertex 52.366851806640625 160.0 81.7291259765625
vertex 52.77082824707031 160.0 92.48892211914062
vertex 63.30284118652344 156.0 88.90231323242188
endloop
endfacet
facet normal 0.3510932353563386 0.936247734740633 -0.01318026100090334
outer loop
vertex 52.77082824707031 160.0 92.48892211914062
vertex 63.43748474121094 156.0 92.48892211914062
vertex 63.30284118652344 156.0 88.90231323242188
endloop
endfacet
facet normal -0.0 0.0 1.0
outer loop
vertex 41.43412780761719 156.0 100.020751953125
vertex 58.37355041503906 154.0 100.020751953125
vertex 76.49470520019531 154.0 100.020751953125
endloop
endfacet
facet normal -0.882947557075721 0.0 0.46947163008430665
outer loop
vertex 58.37355041503906 144.0 100.020751953125
vertex 63.95491027832031 154.0 110.51776123046875
vertex 58.37355041503906 154.0 100.020751953125
endloop
endfacet
facet normal 0.0 1.0 0.0
outer loop
vertex 41.43412780761719 156.0 100.020751953125
vertex 77.19172668457031 156.0 93.56488037109375
vertex 63.43748474121094 156.0 92.48892211914062
endloop
endfacet
facet normal -0.0 0.0 1.0
outer loop
vertex 41.43412780761719 156.0 100.020751953125
vertex 76.49470520019531 154.0 100.020751953125
vertex 77.43412780761719 156.0 100.020751953125
endloop
endfacet
facet normal -0.0 1.0 0.0
outer loop
vertex 41.43412780761719 156.0 100.020751953125
vertex 77.43412780761719 156.0 100.020751953125
vertex 77.19172668457031 156.0 93.56488037109375
endloop
endfacet
facet normal -0.0 1.0 0.0
outer loop
vertex 58.37355041503906 154.0 100.020751953125
vertex 63.95491027832031 154.0 110.51776123046875
vertex 76.49470520019531 154.0 100.020751953125
endloop
endfacet
facet normal 0.0 0.0 -1.0
outer loop
vertex 68.67149353027344 144.0 119.38836669921875
vertex 54.92231750488281 154.0 119.38836669921875
vertex 55.50297546386719 155.7741937637329 119.38836669921875
endloop
endfacet
facet normal -0.9992958412396237 0.0 0.03752094989726268
outer loop
vertex 55.16471862792969 142.0 125.84423828125
vertex 55.16471862792969 154.0 125.84423828125
vertex 54.92231750488281 154.0 119.38836669921875
endloop
endfacet
facet normal -0.9992958412203558 -6.20990244077469e-06 0.03752094989653922
outer loop
vertex 54.92231750488281 154.0 119.38836669921875
vertex 55.16471862792969 154.0 125.84423828125
vertex 54.92671203613281 156.0 119.5057373046875
endloop
endfacet
facet normal -0.9992957677700688 0.0 0.03752290656157326
outer loop
vertex 54.92671203613281 156.0 119.5057373046875
vertex 55.16471862792969 154.0 125.84423828125
vertex 55.16471862792969 156.0 125.84423828125
endloop
endfacet
facet normal 0.0 0.0 -1.0
outer loop
vertex 68.67149353027344 144.0 119.38836669921875
vertex 55.50297546386719 155.7741937637329 119.38836669921875
vertex 68.67149353027344 154.0 119.38836669921875
endloop
endfacet
facet normal -0.882947648160479 0.0 0.4694714587787834
outer loop
vertex 68.67149353027344 144.0 119.38836669921875
vertex 68.67149353027344 154.0 119.38836669921875
vertex 63.95491027832031 154.0 110.51776123046875
endloop
endfacet
facet normal -0.9992998032269532 0.0 0.037415281244066886
outer loop
vertex 54.92231750488281 154.0 119.38836669921875
vertex 54.92671203613281 156.0 119.5057373046875
vertex 54.92231750488281 264.0 119.38836669921875
endloop
endfacet
facet normal -0.9992957677700689 0.0 0.03752290656157327
outer loop
vertex 54.92671203613281 156.0 119.5057373046875
vertex 55.16471862792969 156.0 125.84423828125
vertex 55.16471862792969 264.0 125.84423828125
endloop
endfacet
facet normal 0.0 -0.0 -1.0
outer loop
vertex 54.92231750488281 154.0 119.38836669921875
vertex 89.16471862792969 261.0 119.38836669921875
vertex 55.50297546386719 155.7741937637329 119.38836669921875
endloop
endfacet
facet normal 0.0 1.0 0.0
outer loop
vertex 63.30284118652344 156.0 88.90231323242188
vertex 63.43748474121094 156.0 92.48892211914062
vertex 77.19172668457031 156.0 93.56488037109375
endloop
endfacet
facet normal 0.0 1.0 0.0
outer loop
vertex 63.95491027832031 154.0 110.51776123046875
vertex 77.77864074707031 154.0 102.43548583984375
vertex 76.49470520019531 154.0 100.020751953125
endloop
endfacet
facet normal 0.8829477981398667 0.0 -0.46947117670839106
outer loop
vertex 77.19172668457031 144.0 93.56488037109375
vertex 68.17448425292969 154.0 76.60589599609375
vertex 77.19172668457031 156.0 93.56488037109375
endloop
endfacet
facet normal 0.99929584123937 7.124658248834109e-07 -0.03752094989725316
outer loop
vertex 77.22636413574219 144.0 94.48715209960938
vertex 77.19172668457031 156.0 93.56488037109375
vertex 77.43412780761719 156.0 100.020751953125
endloop
endfacet
facet normal 0.0 -0.0 1.0
outer loop
vertex 76.49470520019531 144.0 100.020751953125
vertex 77.43412780761719 156.0 100.020751953125
vertex 76.49470520019531 154.0 100.020751953125
endloop
endfacet
facet normal 0.8829477801442928 0.0 -0.46947121055317703
outer loop
vertex 76.49470520019531 144.0 100.020751953125
vertex 76.49470520019531 154.0 100.020751953125
vertex 77.77864074707031 154.0 102.43548583984375
endloop
endfacet
facet normal -0.0 1.0 0.0
outer loop
vertex 63.95491027832031 154.0 110.51776123046875
vertex 68.67149353027344 154.0 119.38836669921875
vertex 77.77864074707031 154.0 102.43548583984375
endloop
endfacet
facet normal -0.0 -0.0 -1.0
outer loop
vertex 55.50297546386719 155.7741937637329 119.38836669921875
vertex 86.79261779785156 154.0 119.38836669921875
vertex 68.67149353027344 154.0 119.38836669921875
endloop
endfacet
facet normal 0.0 1.0 -0.0
outer loop
vertex 77.77864074707031 154.0 102.43548583984375
vertex 68.67149353027344 154.0 119.38836669921875
vertex 86.79261779785156 154.0 119.38836669921875
endloop
endfacet
facet normal -0.0 -0.0 -1.0
outer loop
vertex 55.50297546386719 155.7741937637329 119.38836669921875
vertex 90.92231750488281 154.0 119.38836669921875
vertex 86.79261779785156 154.0 119.38836669921875
endloop
endfacet
facet normal 0.0 0.0 -1.0
outer loop
vertex 55.50297546386719 155.7741937637329 119.38836669921875
vertex 90.92231750488281 156.0 119.38836669921875
vertex 90.92231750488281 154.0 119.38836669921875
endloop
endfacet
facet normal -0.0 1.0 0.0
outer loop
vertex 55.16471862792969 156.0 125.84423828125
vertex 79.82801818847656 156.0 133.37606811523438
vertex 90.36003112792969 156.0 129.78948974609375
endloop
endfacet
facet normal -0.0 1.0 0.0
outer loop
vertex 55.16471862792969 156.0 125.84423828125
vertex 90.36003112792969 156.0 129.78948974609375
vertex 91.16471862792969 156.0 125.84423828125
endloop
endfacet
facet normal 0.0 0.0 -1.0
outer loop
vertex 55.50297546386719 155.7741937637329 119.38836669921875
vertex 90.92231750488281 264.0 119.38836669921875
vertex 90.92231750488281 156.0 119.38836669921875
endloop
endfacet
facet normal 0.0 0.0 1.0
outer loop
vertex 55.16471862792969 156.0 125.84423828125
vertex 91.16471862792969 156.0 125.84423828125
vertex 91.16471862792969 264.0 125.84423828125
endloop
endfacet
facet normal -0.882947801342703 0.0 0.4694711706847254
outer loop
vertex 55.16471862792969 142.0 125.84423828125
vertex 68.89527893066406 156.0 151.66769409179688
vertex 55.16471862792969 154.0 125.84423828125
endloop
endfacet
facet normal -0.8829478013427032 0.0 0.46947117068472544
outer loop
vertex 55.16471862792969 154.0 125.84423828125
vertex 68.89527893066406 156.0 151.66769409179688
vertex 55.16471862792969 156.0 125.84423828125
endloop
endfacet
facet normal -0.0 1.0 0.0
outer loop
vertex 55.16471862792969 156.0 125.84423828125
vertex 68.89527893066406 156.0 151.66769409179688
vertex 79.82801818847656 156.0 133.37606811523438
endloop
endfacet
facet normal -0.9992959802655469 0.0 0.037517247035461984
outer loop
vertex 79.82801818847656 156.0 133.37606811523438
vertex 80.23197937011719 156.0 144.13583374023438
vertex 80.23197937011719 160.0 144.13583374023438
endloop
endfacet
facet normal -0.9992959802655469 0.0 0.037517247035461984
outer loop
vertex 79.82801818847656 156.0 133.37606811523438
vertex 80.23197937011719 160.0 144.13583374023438
vertex 79.82801818847656 160.0 133.37606811523438
endloop
endfacet
facet normal 0.0 1.0 0.0
outer loop
vertex 68.89527893066406 156.0 151.66769409179688
vertex 80.23197937011719 156.0 144.13583374023438
vertex 79.82801818847656 156.0 133.37606811523438
endloop
endfacet
facet normal 0.0 -0.0 1.0
outer loop
vertex 68.89527893066406 144.0 151.66769409179688
vertex 85.83473205566406 154.0 151.66769409179688
vertex 68.89527893066406 156.0 151.66769409179688
endloop
endfacet
facet normal 0.0 1.0 0.0
outer loop
vertex 68.89527893066406 156.0 151.66769409179688
vertex 90.89863586425781 156.0 144.13583374023438
vertex 80.23197937011719 156.0 144.13583374023438
endloop
endfacet
facet normal 0.0 0.0 -0.9999999999999999
outer loop
vertex 54.92231750488281 154.0 119.38836669921875
vertex 54.92231750488281 264.0 119.38836669921875
vertex 57.16471862792969 261.0 119.38836669921875
endloop
endfacet
facet normal -0.999295841239617 1.1499819334989602e-07 0.03752094989726243
outer loop
vertex 54.92671203613281 156.0 119.5057373046875
vertex 55.16471862792969 264.0 125.84423828125
vertex 54.92231750488281 264.0 119.38836669921875
endloop
endfacet
facet normal 0.0 0.0 -0.9999999999999999
outer loop
vertex 54.92231750488281 154.0 119.38836669921875
vertex 57.16471862792969 261.0 119.38836669921875
vertex 89.16471862792969 261.0 119.38836669921875
endloop
endfacet
facet normal 0.0 -0.0 1.0
outer loop
vertex 55.16471862792969 156.0 125.84423828125
vertex 91.16471862792969 264.0 125.84423828125
vertex 55.16471862792969 264.0 125.84423828125
endloop
endfacet
facet normal -0.0 1.0 0.0
outer loop
vertex 47.31871032714844 298.0 92.66558837890625
vertex 57.61665344238281 298.0 112.03317260742188
vertex 66.32630920410156 298.0 81.55245971679688
endloop
endfacet
facet normal 0.0 -1.0 0.0
outer loop
vertex 47.31871032714844 286.0 92.66558837890625
vertex 66.32630920410156 286.0 81.55245971679688
vertex 57.93980407714844 286.0 111.84423828125
endloop
endfacet
facet normal 0.0 -1.0 0.0
outer loop
vertex 47.31871032714844 286.0 92.66558837890625
vertex 57.93980407714844 286.0 111.84423828125
vertex 57.51618957519531 286.0 111.84423828125
endloop
endfacet
facet normal -0.882947398044799 0.0 0.46947192917779357
outer loop
vertex 47.31871032714844 286.0 92.66558837890625
vertex 57.51618957519531 286.0 111.84423828125
vertex 57.51618957519531 295.0 111.84423828125
endloop
endfacet
facet normal -0.8829477286147022 1.6994028181999235e-06 0.46947130746324656
outer loop
vertex 47.31871032714844 286.0 92.66558837890625
vertex 57.51618957519531 295.0 111.84423828125
vertex 57.61665344238281 298.0 112.03317260742188
endloop
endfacet
facet normal 0.0 -1.0 0.0
outer loop
vertex 66.32630920410156 286.0 81.55245971679688
vertex 76.62425231933594 286.0 100.92007446289062
vertex 57.93980407714844 286.0 111.84423828125
endloop
endfacet
facet normal -0.0 1.0 -0.0
outer loop
vertex 66.32630920410156 298.0 81.55245971679688
vertex 57.61665344238281 298.0 112.03317260742188
vertex 76.62425231933594 298.0 100.92007446289062
endloop
endfacet
facet normal 0.0 0.0 -1.0
outer loop
vertex 54.92231750488281 264.0 119.38836669921875
vertex 57.16471862792969 264.0 119.38836669921875
vertex 57.16471862792969 261.0 119.38836669921875
endloop
endfacet
facet normal -0.9999999999999999 0.0 0.0
outer loop
vertex 57.16471862792969 261.0 111.84423828125
vertex 57.16471862792969 261.0 119.38836669921875
vertex 57.16471862792969 264.0 119.38836669921875
endloop
endfacet
facet normal 0.0 0.0 -0.9999999999999999
outer loop
vertex 57.16471862792969 261.0 111.84423828125
vertex 57.51618957519531 286.0 111.84423828125
vertex 57.93980407714844 286.0 111.84423828125
endloop
endfacet
facet normal -1.0 0.0 0.0
outer loop
vertex 57.16471862792969 261.0 111.84423828125
vertex 57.16471862792969 264.0 119.38836669921875
vertex 57.16471862792969 295.0 123.84423828125
endloop
endfacet
facet normal -0.0 1.0 0.0
outer loop
vertex 54.92231750488281 264.0 119.38836669921875
vertex 57.16471862792969 264.0 123.84423828125
vertex 57.16471862792969 264.0 119.38836669921875
endloop
endfacet
facet normal -0.0 1.0 0.0
outer loop
vertex 54.92231750488281 264.0 119.38836669921875
vertex 55.16471862792969 264.0 125.84423828125
vertex 57.16471862792969 264.0 123.84423828125
endloop
endfacet
facet normal -1.0 0.0 0.0
outer loop
vertex 57.16471862792969 264.0 119.38836669921875
vertex 57.16471862792969 264.0 123.84423828125
vertex 57.16471862792969 295.0 123.84423828125
endloop
endfacet
facet normal 0.0 0.0 -1.0
outer loop
vertex 57.16471862792969 261.0 111.84423828125
vertex 57.16471862792969 295.0 111.84423828125
vertex 57.51618957519531 286.0 111.84423828125
endloop
endfacet
facet normal -1.0 0.0 0.0
outer loop
vertex 57.16471862792969 261.0 111.84423828125
vertex 57.16471862792969 295.0 123.84423828125
vertex 57.16471862792969 295.0 111.84423828125
endloop
endfacet
facet normal 0.0 0.0 -1.0
outer loop
vertex 57.51618957519531 286.0 111.84423828125
vertex 57.16471862792969 295.0 111.84423828125
vertex 57.51618957519531 295.0 111.84423828125
endloop
endfacet
facet normal -0.8829365431264279 0.0 0.46949234372027143
outer loop
vertex 57.51618957519531 295.0 111.84423828125
vertex 57.61665344238281 295.0 112.03317260742188
vertex 57.61665344238281 298.0 112.03317260742188
endloop
endfacet
facet normal -0.0 1.0 0.0
outer loop
vertex 57.16471862792969 295.0 111.84423828125
vertex 57.16471862792969 295.0 123.84423828125
vertex 57.51618957519531 295.0 111.84423828125
endloop
endfacet
facet normal -0.0 1.0 -0.0
outer loop
vertex 57.51618957519531 295.0 111.84423828125
vertex 57.16471862792969 295.0 123.84423828125
vertex 57.61665344238281 295.0 112.03317260742188
endloop
endfacet
facet normal -0.8829474441888011 0.0 0.4694718423936243
outer loop
vertex 57.61665344238281 295.0 112.03317260742188
vertex 63.89671325683594 295.0 123.84423828125
vertex 57.61665344238281 298.0 112.03317260742188
endloop
endfacet
facet normal 0.0 -0.0 0.9999999999999999
outer loop
vertex 57.16471862792969 264.0 123.84423828125
vertex 63.89671325683594 295.0 123.84423828125
vertex 57.16471862792969 295.0 123.84423828125
endloop
endfacet
facet normal 0.0 1.0 -0.0
outer loop
vertex 57.61665344238281 295.0 112.03317260742188
vertex 57.16471862792969 295.0 123.84423828125
vertex 63.89671325683594 295.0 123.84423828125
endloop
endfacet
facet normal 0.0 0.0 -1.0
outer loop
vertex 57.16471862792969 261.0 111.84423828125
vertex 57.93980407714844 286.0 111.84423828125
vertex 82.43275451660156 286.0 111.84423828125
endloop
endfacet
facet normal 0.0 1.0 0.0
outer loop
vertex 55.16471862792969 264.0 125.84423828125
vertex 89.16471862792969 264.0 123.84423828125
vertex 57.16471862792969 264.0 123.84423828125
endloop
endfacet
facet normal 0.0 0.0 1.0
outer loop
vertex 57.16471862792969 264.0 123.84423828125
vertex 63.89671325683594 286.0 123.84423828125
vertex 63.89671325683594 295.0 123.84423828125
endloop
endfacet
facet normal -0.8829475987927091 -1.468407865838236e-06 0.4694715516237732
outer loop
vertex 57.61665344238281 298.0 112.03317260742188
vertex 63.89671325683594 295.0 123.84423828125
vertex 67.91459655761719 298.0 131.40078735351562
endloop
endfacet
facet normal -0.8829478404446455 0.0 0.469471097144581
outer loop
vertex 63.89671325683594 286.0 123.84423828125
vertex 67.91459655761719 286.0 131.40078735351562
vertex 63.89671325683594 295.0 123.84423828125
endloop
endfacet
facet normal -0.8829478404446455 0.0 0.469471097144581
outer loop
vertex 63.89671325683594 295.0 123.84423828125
vertex 67.91459655761719 286.0 131.40078735351562
vertex 67.91459655761719 298.0 131.40078735351562
endloop
endfacet
facet normal 0.0 0.0 -0.9999999999999999
outer loop
vertex 55.50297546386719 155.7741937637329 119.38836669921875
vertex 89.16471862792969 261.0 119.38836669921875
vertex 90.92231750488281 264.0 119.38836669921875
endloop
endfacet
facet normal 0.8829475987936609 0.0 -0.4694715516242792
outer loop
vertex 66.32630920410156 286.0 81.55245971679688
vertex 66.32630920410156 298.0 81.55245971679688
vertex 76.62425231933594 298.0 100.92007446289062
endloop
endfacet
facet normal 0.8829475987936609 0.0 -0.4694715516242792
outer loop
vertex 66.32630920410156 286.0 81.55245971679688
vertex 76.62425231933594 298.0 100.92007446289062
vertex 76.62425231933594 286.0 100.92007446289062
endloop
endfacet
facet normal 0.0 -1.0 0.0
outer loop
vertex 57.93980407714844 286.0 111.84423828125
vertex 76.62425231933594 286.0 100.92007446289062
vertex 82.43275451660156 286.0 111.84423828125
endloop
endfacet
facet normal 0.8829468805048513 0.0 -0.4694729025266015
outer loop
vertex 76.62425231933594 286.0 100.92007446289062
vertex 76.62425231933594 298.0 100.92007446289062
vertex 82.43275451660156 295.0 111.84423828125
endloop
endfacet
facet normal 0.8829468805048513 0.0 -0.4694729025266015
outer loop
vertex 76.62425231933594 286.0 100.92007446289062
vertex 82.43275451660156 295.0 111.84423828125
vertex 82.43275451660156 286.0 111.84423828125
endloop
endfacet
facet normal 0.0 -1.0 0.0
outer loop
vertex 57.16471862792969 261.0 111.84423828125
vertex 89.16471862792969 261.0 111.84423828125
vertex 57.16471862792969 261.0 119.38836669921875
endloop
endfacet
facet normal 0.0 -0.0 1.0
outer loop
vertex 57.16471862792969 264.0 123.84423828125
vertex 89.16471862792969 264.0 123.84423828125
vertex 63.89671325683594 286.0 123.84423828125
endloop
endfacet
facet normal -0.0 1.0 0.0
outer loop
vertex 57.61665344238281 298.0 112.03317260742188
vertex 67.91459655761719 298.0 131.40078735351562
vertex 76.62425231933594 298.0 100.92007446289062
endloop
endfacet
facet normal 0.0 -1.0 0.0
outer loop
vertex 63.89671325683594 286.0 123.84423828125
vertex 80.83912658691406 286.0 123.84423828125
vertex 67.91459655761719 286.0 131.40078735351562
endloop
endfacet
facet normal 0.0 0.0 -1.0
outer loop
vertex 57.16471862792969 261.0 111.84423828125
vertex 82.43275451660156 286.0 111.84423828125
vertex 89.16471862792969 261.0 111.84423828125
endloop
endfacet
facet normal 0.0 -1.0 0.0
outer loop
vertex 57.16471862792969 261.0 119.38836669921875
vertex 89.16471862792969 261.0 111.84423828125
vertex 89.16471862792969 261.0 119.38836669921875
endloop
endfacet
facet normal -0.0 1.0 0.0
outer loop
vertex 55.16471862792969 264.0 125.84423828125
vertex 91.16471862792969 264.0 125.84423828125
vertex 89.16471862792969 264.0 123.84423828125
endloop
endfacet
facet normal -0.0 -0.0 0.9999999999999999
outer loop
vertex 63.89671325683594 286.0 123.84423828125
vertex 89.16471862792969 264.0 123.84423828125
vertex 80.83912658691406 286.0 123.84423828125
endloop
endfacet
facet normal -0.0 1.0 -0.0
outer loop
vertex 76.62425231933594 298.0 100.92007446289062
vertex 67.91459655761719 298.0 131.40078735351562
vertex 86.92219543457031 298.0 120.28765869140625
endloop
endfacet
facet normal -0.8829478688591409 0.0 0.46947104370461573
outer loop
vertex 67.91459655761719 286.0 131.40078735351562
vertex 78.21250915527344 298.0 150.76837158203125
vertex 67.91459655761719 298.0 131.40078735351562
endloop
endfacet
facet normal 0.0 -1.0 0.0
outer loop
vertex 67.91459655761719 286.0 131.40078735351562
vertex 80.83912658691406 286.0 123.84423828125
vertex 78.21250915527344 286.0 150.76837158203125
endloop
endfacet
facet normal -0.8829478688591409 0.0 0.46947104370461573
outer loop
vertex 67.91459655761719 286.0 131.40078735351562
vertex 78.21250915527344 286.0 150.76837158203125
vertex 78.21250915527344 298.0 150.76837158203125
endloop
endfacet
facet normal -0.8829472961795317 0.0 0.46947212075825573
outer loop
vertex 78.21250915527344 286.0 150.76837158203125
vertex 84.97734069824219 286.0 163.49114990234375
vertex 78.21250915527344 298.0 150.76837158203125
endloop
endfacet
facet normal 0.882948231810796 0.0 -0.4694703610902281
outer loop
vertex 77.77864074707031 144.0 102.43548583984375
vertex 77.77864074707031 154.0 102.43548583984375
vertex 86.79261779785156 154.0 119.38836669921875
endloop
endfacet
facet normal 0.0 0.0 -1.0
outer loop
vertex 86.79261779785156 144.0 119.38836669921875
vertex 86.79261779785156 154.0 119.38836669921875
vertex 90.92231750488281 154.0 119.38836669921875
endloop
endfacet
facet normal 0.8829469234264796 0.0 -0.4694728218030458
outer loop
vertex 95.51863098144531 143.95921182632446 128.03274536132812
vertex 90.92231750488281 154.0 119.38836669921875
vertex 90.92231750488281 156.0 119.38836669921875
endloop
endfacet
facet normal 0.8829469234264796 0.0 -0.4694728218030458
outer loop
vertex 95.51863098144531 143.95921182632446 128.03274536132812
vertex 90.92231750488281 156.0 119.38836669921875
vertex 95.51863098144531 154.04078817367554 128.03274536132812
endloop
endfacet
facet normal 0.9992958412396236 0.0 -0.03752094989726268
outer loop
vertex 90.92231750488281 156.0 119.38836669921875
vertex 90.92231750488281 264.0 119.38836669921875
vertex 91.16471862792969 156.0 125.84423828125
endloop
endfacet
facet normal -0.3222740561813166 0.0 -0.9466464137746687
outer loop
vertex 95.51863098144531 143.95921182632446 128.03274536132812
vertex 95.51863098144531 154.04078817367554 128.03274536132812
vertex 95.62602233886719 154.0 127.99618530273438
endloop
endfacet
facet normal 0.9992949994628472 0.0 -0.03754336224352155
outer loop
vertex 95.62602233886719 144.0 127.99618530273438
vertex 95.62602233886719 154.0 127.99618530273438
vertex 95.63566589355469 154.0 128.25286865234375
endloop
endfacet
facet normal 0.35110293867353515 0.9362439463215587 -0.013190884391967318
outer loop
vertex 95.51863098144531 154.04078817367554 128.03274536132812
vertex 95.63566589355469 154.0 128.25286865234375
vertex 95.62602233886719 154.0 127.99618530273438
endloop
endfacet
facet normal 0.0 1.0 0.0
outer loop
vertex 90.92231750488281 156.0 119.38836669921875
vertex 91.16471862792969 156.0 125.84423828125
vertex 104.65290832519531 156.0 145.21182250976562
endloop
endfacet
facet normal -0.32236143840724596 0.0 -0.946616661076706
outer loop
vertex 79.82801818847656 156.0 133.37606811523438
vertex 79.82801818847656 160.0 133.37606811523438
vertex 90.36003112792969 156.0 129.78948974609375
endloop
endfacet
facet normal 0.351092947923744 0.936247827608152 -0.013181320769611657
outer loop
vertex 79.82801818847656 160.0 133.37606811523438
vertex 80.23197937011719 160.0 144.13583374023438
vertex 90.76399230957031 156.0 140.54925537109375
endloop
endfacet
facet normal 0.351092947923744 0.936247827608152 -0.013181320769611657
outer loop
vertex 79.82801818847656 160.0 133.37606811523438
vertex 90.76399230957031 156.0 140.54925537109375
vertex 90.36003112792969 156.0 129.78948974609375
endloop
endfacet
facet normal 0.0 -0.0 1.0
outer loop
vertex 80.23197937011719 156.0 144.13583374023438
vertex 90.89863586425781 156.0 144.13583374023438
vertex 80.23197937011719 160.0 144.13583374023438
endloop
endfacet
facet normal 0.3510932348373689 0.936247733356715 -0.013180373129993376
outer loop
vertex 80.23197937011719 160.0 144.13583374023438
vertex 90.89863586425781 156.0 144.13583374023438
vertex 90.76399230957031 156.0 140.54925537109375
endloop
endfacet
facet normal -0.0 0.0 1.0
outer loop
vertex 68.89527893066406 156.0 151.66769409179688
vertex 85.83473205566406 154.0 151.66769409179688
vertex 103.95585632324219 154.0 151.66769409179688
endloop
endfacet
facet normal 0.0 1.0 0.0
outer loop
vertex 68.89527893066406 156.0 151.66769409179688
vertex 104.65290832519531 156.0 145.21182250976562
vertex 90.89863586425781 156.0 144.13583374023438
endloop
endfacet
facet normal -0.0 0.0 1.0
outer loop
vertex 68.89527893066406 156.0 151.66769409179688
vertex 103.95585632324219 154.0 151.66769409179688
vertex 104.89527893066406 156.0 151.66769409179688
endloop
endfacet
facet normal -0.0 1.0 0.0
outer loop
vertex 68.89527893066406 156.0 151.66769409179688
vertex 104.89527893066406 156.0 151.66769409179688
vertex 104.65290832519531 156.0 145.21182250976562
endloop
endfacet
facet normal -0.882947381637316 0.0 0.4694719600357489
outer loop
vertex 85.83473205566406 144.0 151.66769409179688
vertex 91.56901550292969 154.0 162.45230102539062
vertex 85.83473205566406 154.0 151.66769409179688
endloop
endfacet
facet normal 0.4694714004085824 0.0 0.8829476791964542
outer loop
vertex 91.56901550292969 144.0 162.45230102539062
vertex 94.65934753417969 151.5 160.80914306640625
vertex 91.56901550292969 154.0 162.45230102539062
endloop
endfacet
facet normal -0.0 1.0 0.0
outer loop
vertex 90.36003112792969 156.0 129.78948974609375
vertex 104.65290832519531 156.0 145.21182250976562
vertex 91.16471862792969 156.0 125.84423828125
endloop
endfacet
facet normal 0.8829473688041561 4.740736788083126e-06 -0.4694719841474494
outer loop
vertex 90.92231750488281 156.0 119.38836669921875
vertex 104.65290832519531 156.0 145.21182250976562
vertex 95.51863098144531 154.04078817367554 128.03274536132812
endloop
endfacet
facet normal 0.0 1.0 0.0
outer loop
vertex 90.36003112792969 156.0 129.78948974609375
vertex 90.76399230957031 156.0 140.54925537109375
vertex 104.65290832519531 156.0 145.21182250976562
endloop
endfacet
facet normal 0.8829518448579449 -9.001794704589844e-05 -0.46946355722113364
outer loop
vertex 95.51863098144531 154.04078817367554 128.03274536132812
vertex 104.65290832519531 156.0 145.21182250976562
vertex 95.63566589355469 154.0 128.25286865234375
endloop
endfacet
facet normal 0.0 0.9999999999999999 0.0
outer loop
vertex 90.76399230957031 156.0 140.54925537109375
vertex 90.89863586425781 156.0 144.13583374023438
vertex 104.65290832519531 156.0 145.21182250976562
endloop
endfacet
facet normal 0.8829474479496295 0.0 -0.46947183532054015
outer loop
vertex 104.65290832519531 144.0 145.21182250976562
vertex 95.63566589355469 154.0 128.25286865234375
vertex 104.65290832519531 156.0 145.21182250976562
endloop
endfacet
facet normal 0.9992960183442652 0.0 -0.03751623277060381
outer loop
vertex 104.65290832519531 144.0 145.21182250976562
vertex 104.65290832519531 156.0 145.21182250976562
vertex 104.89527893066406 156.0 151.66769409179688
endloop
endfacet
facet normal 0.0 -0.0 1.0
outer loop
vertex 103.95585632324219 144.0 151.66769409179688
vertex 104.89527893066406 156.0 151.66769409179688
vertex 103.95585632324219 154.0 151.66769409179688
endloop
endfacet
facet normal -0.0 0.9999999999999999 0.0
outer loop
vertex 85.83473205566406 154.0 151.66769409179688
vertex 91.56901550292969 154.0 162.45230102539062
vertex 105.69618225097656 154.0 154.94076538085938
endloop
endfacet
facet normal 0.469470635922498 -1.2121726602900636e-06 0.8829480856794786
outer loop
vertex 91.56901550292969 154.0 162.45230102539062
vertex 94.65934753417969 151.5 160.80914306640625
vertex 102.60585021972656 151.5 156.58392333984375
endloop
endfacet
facet normal -0.08092621490638092 0.9850304724662334 -0.15220353495853953
outer loop
vertex 96.74461364746094 151.5 160.83297729492188
vertex 97.68354797363281 151.84999990463257 162.598876953125
vertex 97.80415344238281 151.5 160.26962280273438
endloop
endfacet
facet normal -0.0 1.0 0.0
outer loop
vertex 85.83473205566406 154.0 151.66769409179688
vertex 105.69618225097656 154.0 154.94076538085938
vertex 103.95585632324219 154.0 151.66769409179688
endloop
endfacet
facet normal -0.0 1.0 0.0
outer loop
vertex 94.65934753417969 151.5 160.80914306640625
vertex 96.74461364746094 151.5 160.83297729492188
vertex 102.60585021972656 151.5 156.58392333984375
endloop
endfacet
facet normal 0.0 1.0 0.0
outer loop
vertex 96.74461364746094 151.5 160.83297729492188
vertex 97.80415344238281 151.5 160.26962280273438
vertex 102.60585021972656 151.5 156.58392333984375
endloop
endfacet
facet normal -0.08092621490638092 0.9850304724662334 -0.15220353495853953
outer loop
vertex 97.80415344238281 151.5 160.26962280273438
vertex 97.68354797363281 151.84999990463257 162.598876953125
vertex 98.74308776855469 151.84999990463257 162.0355224609375
endloop
endfacet
facet normal 0.4694709703869229 6.818445291982378e-07 0.8829479078425273
outer loop
vertex 91.56901550292969 154.0 162.45230102539062
vertex 102.60585021972656 151.5 156.58392333984375
vertex 105.69618225097656 154.0 154.94076538085938
endloop
endfacet
facet normal 0.0 1.0 0.0
outer loop
vertex 97.80415344238281 151.5 160.26962280273438
vertex 100.40000915527344 151.5 158.88937377929688
vertex 102.60585021972656 151.5 156.58392333984375
endloop
endfacet
facet normal -0.0 0.9999999999999999 0.0
outer loop
vertex 97.80415344238281 151.5 160.26962280273438
vertex 102.02937316894531 151.5 168.21612548828125
vertex 100.40000915527344 151.5 158.88937377929688
endloop
endfacet
facet normal -0.0 1.0 0.0
outer loop
vertex 94.65934753417969 151.5 160.80914306640625
vertex 99.35404968261719 151.5 169.63864135742188
vertex 96.74461364746094 151.5 160.83297729492188
endloop
endfacet
facet normal -0.882948832954472 -1.3102392110909229e-05 0.4694692303151117
outer loop
vertex 96.74461364746094 151.5 160.83297729492188
vertex 100.96983337402344 151.5 168.77951049804688
vertex 97.68354797363281 151.84999990463257 162.598876953125
endloop
endfacet
facet normal -0.0 1.0 0.0
outer loop
vertex 97.68354797363281 151.84999990463257 162.598876953125
vertex 100.50038146972656 151.84999990463257 167.89657592773438
vertex 98.74308776855469 151.84999990463257 162.0355224609375
endloop
endfacet
facet normal -0.8829486444784527 0.0 0.4694695849718733
outer loop
vertex 99.35404968261719 146.5 169.63864135742188
vertex 99.35404968261719 151.5 169.63864135742188
vertex 94.65934753417969 151.5 160.80914306640625
endloop
endfacet
facet normal -0.0 1.0 0.0
outer loop
vertex 96.74461364746094 151.5 160.83297729492188
vertex 99.35404968261719 151.5 169.63864135742188
vertex 100.96983337402344 151.5 168.77951049804688
endloop
endfacet
facet normal 0.8829480854625714 2.219897671392814e-05 -0.46947063580716664
outer loop
vertex 97.80415344238281 151.5 160.26962280273438
vertex 98.74308776855469 151.84999990463257 162.0355224609375
vertex 102.02937316894531 151.5 168.21612548828125
endloop
endfacet
facet normal -0.8829478008501492 2.5662319842657113e-05 0.46947117090970636
outer loop
vertex 97.68354797363281 151.84999990463257 162.598876953125
vertex 101.43931579589844 151.5 169.6624755859375
vertex 100.50038146972656 151.84999990463257 167.89657592773438
endloop
endfacet
facet normal -0.0 1.0 0.0
outer loop
vertex 98.74308776855469 151.84999990463257 162.0355224609375
vertex 100.50038146972656 151.84999990463257 167.89657592773438
vertex 101.55992126464844 151.84999990463257 167.33319091796875
endloop
endfacet
facet normal -0.8829469455470772 6.722150051941614e-05 0.46947277538783516
outer loop
vertex 97.68354797363281 151.84999990463257 162.598876953125
vertex 100.96983337402344 151.5 168.77951049804688
vertex 101.43931579589844 151.5 169.6624755859375
endloop
endfacet
facet normal -0.6454340295772067 0.0 0.7638160206906696
outer loop
vertex 99.35404968261719 146.5 169.63864135742188
vertex 100.99937438964844 150.70000004768372 171.02896118164062
vertex 99.35404968261719 151.5 169.63864135742188
endloop
endfacet
facet normal 0.17435732538409904 0.9284776894464157 0.3279156953931124
outer loop
vertex 99.35404968261719 151.5 169.63864135742188
vertex 100.99937438964844 150.70000004768372 171.02896118164062
vertex 101.08720397949219 151.40000009536743 169.000244140625
endloop
endfacet
facet normal 0.17435872275243255 0.9284759933703981 0.3279197547190357
outer loop
vertex 99.35404968261719 151.5 169.63864135742188
vertex 101.08720397949219 151.40000009536743 169.000244140625
vertex 100.96983337402344 151.5 168.77951049804688
endloop
endfacet
facet normal 0.4694714004085824 0.0 0.8829476791964542
outer loop
vertex 102.60585021972656 146.5 156.58392333984375
vertex 105.69618225097656 154.0 154.94076538085938
vertex 102.60585021972656 151.5 156.58392333984375
endloop
endfacet
facet normal 0.0 1.0 0.0
outer loop
vertex 100.40000915527344 151.5 158.88937377929688
vertex 101.45954895019531 151.5 158.32601928710938
vertex 102.60585021972656 151.5 156.58392333984375
endloop
endfacet
facet normal -0.08092621490638092 0.9850304724662334 -0.15220353495853953
outer loop
vertex 100.40000915527344 151.5 158.88937377929688
vertex 101.33894348144531 151.84999990463257 160.6552734375
vertex 101.45954895019531 151.5 158.32601928710938
endloop
endfacet
facet normal -0.08093069048821397 0.985030078108505 -0.15220370744056666
outer loop
vertex 101.45954895019531 151.5 158.32601928710938
vertex 101.33894348144531 151.84999990463257 160.6552734375
vertex 102.39848327636719 151.84999990463257 160.09188842773438
endloop
endfacet
facet normal -0.8829466794252584 -3.930723141583436e-05 0.4694732790552104
outer loop
vertex 100.40000915527344 151.5 158.88937377929688
vertex 104.62525939941406 151.5 166.83587646484375
vertex 101.33894348144531 151.84999990463257 160.6552734375
endloop
endfacet
facet normal 0.8829467068513822 0.0 -0.46947322911993505
outer loop
vertex 102.60585021972656 146.5 156.58392333984375
vertex 102.60585021972656 151.5 156.58392333984375
vertex 107.30058288574219 151.5 165.41339111328125
endloop
endfacet
facet normal 0.0 1.0 -0.0
outer loop
vertex 102.60585021972656 151.5 156.58392333984375
vertex 101.45954895019531 151.5 158.32601928710938
vertex 105.68479919433594 151.5 166.27252197265625
endloop
endfacet
facet normal 0.0 1.0 -0.0
outer loop
vertex 102.39848327636719 151.84999990463257 160.09188842773438
vertex 101.33894348144531 151.84999990463257 160.6552734375
vertex 104.15577697753906 151.84999990463257 165.95294189453125
endloop
endfacet
facet normal 0.882946680106191 -1.627601085469855e-06 -0.46947327941727046
outer loop
vertex 101.45954895019531 151.5 158.32601928710938
vertex 102.39848327636719 151.84999990463257 160.09188842773438
vertex 105.68479919433594 151.5 166.27252197265625
endloop
endfacet
facet normal 0.882947251487023 0.0 -0.469472204812502
outer loop
vertex 105.69618225097656 144.0 154.94076538085938
vertex 103.95585632324219 154.0 151.66769409179688
vertex 105.69618225097656 154.0 154.94076538085938
endloop
endfacet
facet normal -0.0 1.0 0.0
outer loop
vertex 102.60585021972656 151.5 156.58392333984375
vertex 105.68479919433594 151.5 166.27252197265625
vertex 107.30058288574219 151.5 165.41339111328125
endloop
endfacet
facet normal -0.0 0.9999999999999999 0.0
outer loop
vertex 100.40000915527344 151.5 158.88937377929688
vertex 102.02937316894531 151.5 168.21612548828125
vertex 104.62525939941406 151.5 166.83587646484375
endloop
endfacet
facet normal 0.8829466794252585 -3.9307231415834366e-05 -0.46947327905521047
outer loop
vertex 98.74308776855469 151.84999990463257 162.0355224609375
vertex 101.55992126464844 151.84999990463257 167.33319091796875
vertex 102.49885559082031 151.5 169.09909057617188
endloop
endfacet
facet normal 0.8829469472369222 -2.628671198599837e-05 -0.4694727762863447
outer loop
vertex 98.74308776855469 151.84999990463257 162.0355224609375
vertex 102.49885559082031 151.5 169.09909057617188
vertex 102.02937316894531 151.5 168.21612548828125
endloop
endfacet
facet normal 0.08092963253973695 0.9850304724618061 0.15220171779140498
outer loop
vertex 100.50038146972656 151.84999990463257 167.89657592773438
vertex 101.43931579589844 151.5 169.6624755859375
vertex 101.55992126464844 151.84999990463257 167.33319091796875
endloop
endfacet
facet normal -0.0 1.0 0.0
outer loop
vertex 102.39848327636719 151.84999990463257 160.09188842773438
vertex 104.15577697753906 151.84999990463257 165.95294189453125
vertex 105.21531677246094 151.84999990463257 165.38958740234375
endloop
endfacet
facet normal -0.8829466794805767 -3.767963033398042e-05 0.46947327908462383
outer loop
vertex 101.33894348144531 151.84999990463257 160.6552734375
vertex 105.09474182128906 151.5 167.71884155273438
vertex 104.15577697753906 151.84999990463257 165.95294189453125
endloop
endfacet
facet normal -0.8829469464071658 -5.0700173065140106e-05 0.4694727758451539
outer loop
vertex 101.33894348144531 151.84999990463257 160.6552734375
vertex 104.62525939941406 151.5 166.83587646484375
vertex 105.09474182128906 151.5 167.71884155273438
endloop
endfacet
facet normal 0.1743411762487416 0.928489794806764 0.32789000473314006
outer loop
vertex 102.02937316894531 151.5 168.21612548828125
vertex 102.14674377441406 151.40000009536743 168.4368896484375
vertex 104.62525939941406 151.5 166.83587646484375
endloop
endfacet
facet normal 0.1743478834524314 0.9284821327133518 0.3279081346470729
outer loop
vertex 100.99937438964844 150.70000004768372 171.02896118164062
vertex 105.80216979980469 151.40000009536743 166.49325561523438
vertex 104.74263000488281 151.40000009536743 167.05661010742188
endloop
endfacet
facet normal 0.17436038079408814 0.9284759933778567 0.32791887309263357
outer loop
vertex 102.14674377441406 151.40000009536743 168.4368896484375
vertex 104.74263000488281 151.40000009536743 167.05661010742188
vertex 104.62525939941406 151.5 166.83587646484375
endloop
endfacet
facet normal 0.1743519581750181 0.9284786609998553 0.3279157982599379
outer loop
vertex 100.99937438964844 150.70000004768372 171.02896118164062
vertex 102.14674377441406 151.40000009536743 168.4368896484375
vertex 101.08720397949219 151.40000009536743 169.000244140625
endloop
endfacet
facet normal -0.8829469469755986 -3.581796446776976e-05 0.46947277614739596
outer loop
vertex 100.96983337402344 151.5 168.77951049804688
vertex 101.08720397949219 151.40000009536743 169.000244140625
vertex 101.43931579589844 151.5 169.6624755859375
endloop
endfacet
facet normal -0.8829491895381352 0.0 0.46946855985672825
outer loop
vertex 101.08720397949219 151.40000009536743 169.000244140625
vertex 101.43931579589844 151.40000009536743 169.6624755859375
vertex 101.43931579589844 151.5 169.6624755859375
endloop
endfacet
facet normal 0.08092963253973695 0.9850304724618061 0.15220171779140498
outer loop
vertex 101.55992126464844 151.84999990463257 167.33319091796875
vertex 101.43931579589844 151.5 169.6624755859375
vertex 102.49885559082031 151.5 169.09909057617188
endloop
endfacet
facet normal 0.0 -1.0 0.0
outer loop
vertex 101.08720397949219 151.40000009536743 169.000244140625
vertex 102.14674377441406 151.40000009536743 168.4368896484375
vertex 102.49885559082031 151.40000009536743 169.09909057617188
endloop
endfacet
facet normal 0.0 -0.9999999999999999 0.0
outer loop
vertex 101.08720397949219 151.40000009536743 169.000244140625
vertex 102.49885559082031 151.40000009536743 169.09909057617188
vertex 101.43931579589844 151.40000009536743 169.6624755859375
endloop
endfacet
facet normal 0.4694830666125709 0.0 0.8829414760696521
outer loop
vertex 101.43931579589844 151.40000009536743 169.6624755859375
vertex 102.49885559082031 151.40000009536743 169.09909057617188
vertex 101.43931579589844 151.5 169.6624755859375
endloop
endfacet
facet normal 0.8829469424445742 -0.00010745389285188747 -0.4694727737381996
outer loop
vertex 102.02937316894531 151.5 168.21612548828125
vertex 102.49885559082031 151.5 169.09909057617188
vertex 102.14674377441406 151.40000009536743 168.4368896484375
endloop
endfacet
facet normal 0.8829402211910267 0.0 -0.4694854266142249
outer loop
vertex 102.14674377441406 151.40000009536743 168.4368896484375
vertex 102.49885559082031 151.5 169.09909057617188
vertex 102.49885559082031 151.40000009536743 169.09909057617188
endloop
endfacet
facet normal 0.4694830666125709 -0.0 0.8829414760696521
outer loop
vertex 101.43931579589844 151.5 169.6624755859375
vertex 102.49885559082031 151.40000009536743 169.09909057617188
vertex 102.49885559082031 151.5 169.09909057617188
endloop
endfacet
facet normal 0.17436034063012662 0.9284760275981768 0.3279187975564313
outer loop
vertex 100.99937438964844 150.70000004768372 171.02896118164062
vertex 104.74263000488281 151.40000009536743 167.05661010742188
vertex 102.14674377441406 151.40000009536743 168.4368896484375
endloop
endfacet
facet normal 0.8829477999779451 5.1324639634614106e-05 -0.4694711704459477
outer loop
vertex 102.39848327636719 151.84999990463257 160.09188842773438
vertex 105.21531677246094 151.84999990463257 165.38958740234375
vertex 106.15428161621094 151.5 167.15548706054688
endloop
endfacet
facet normal 0.8829469474998765 9.765384453623324e-06 -0.4694727764261604
outer loop
vertex 102.39848327636719 151.84999990463257 160.09188842773438
vertex 106.15428161621094 151.5 167.15548706054688
vertex 105.68479919433594 151.5 166.27252197265625
endloop
endfacet
facet normal 0.17435577067405997 0.9284779310808116 0.32791583787391304
outer loop
vertex 100.99937438964844 150.70000004768372 171.02896118164062
vertex 107.30058288574219 151.5 165.41339111328125
vertex 105.80216979980469 151.40000009536743 166.49325561523438
endloop
endfacet
facet normal 0.08092565242611731 0.9850306821390409 0.1522024770629668
outer loop
vertex 104.15577697753906 151.84999990463257 165.95294189453125
vertex 105.09474182128906 151.5 167.71884155273438
vertex 105.21531677246094 151.84999990463257 165.38958740234375
endloop
endfacet
facet normal -0.8829469469755986 -3.581796446776976e-05 0.46947277614739596
outer loop
vertex 104.62525939941406 151.5 166.83587646484375
vertex 104.74263000488281 151.40000009536743 167.05661010742188
vertex 105.09474182128906 151.5 167.71884155273438
endloop
endfacet
facet normal -0.8829491895381352 0.0 0.46946855985672825
outer loop
vertex 104.74263000488281 151.40000009536743 167.05661010742188
vertex 105.09474182128906 151.40000009536743 167.71884155273438
vertex 105.09474182128906 151.5 167.71884155273438
endloop
endfacet
facet normal 0.17435619598583854 0.9284776945630124 0.3279162814199706
outer loop
vertex 100.99937438964844 150.70000004768372 171.02896118164062
vertex 107.53318786621094 150.70000004768372 167.55487060546875
vertex 107.30058288574219 151.5 165.41339111328125
endloop
endfacet
facet normal 0.08092565242611731 0.9850306821390409 0.1522024770629668
outer loop
vertex 105.21531677246094 151.84999990463257 165.38958740234375
vertex 105.09474182128906 151.5 167.71884155273438
vertex 106.15428161621094 151.5 167.15548706054688
endloop
endfacet
facet normal 0.0 -1.0 0.0
outer loop
vertex 104.74263000488281 151.40000009536743 167.05661010742188
vertex 105.80216979980469 151.40000009536743 166.49325561523438
vertex 106.15428161621094 151.40000009536743 167.15548706054688
endloop
endfacet
facet normal 0.0 -1.0 0.0
outer loop
vertex 104.74263000488281 151.40000009536743 167.05661010742188
vertex 106.15428161621094 151.40000009536743 167.15548706054688
vertex 105.09474182128906 151.40000009536743 167.71884155273438
endloop
endfacet
facet normal 0.4694632405567483 0.0 0.8829520178163459
outer loop
vertex 105.09474182128906 151.40000009536743 167.71884155273438
vertex 106.15428161621094 151.40000009536743 167.15548706054688
vertex 105.09474182128906 151.5 167.71884155273438
endloop
endfacet
facet normal 0.4694632405567483 -0.0 0.8829520178163459
outer loop
vertex 105.09474182128906 151.5 167.71884155273438
vertex 106.15428161621094 151.40000009536743 167.15548706054688
vertex 106.15428161621094 151.5 167.15548706054688
endloop
endfacet
facet normal 0.17435872275243255 0.9284759933703981 0.3279197547190357
outer loop
vertex 105.68479919433594 151.5 166.27252197265625
vertex 105.80216979980469 151.40000009536743 166.49325561523438
vertex 107.30058288574219 151.5 165.41339111328125
endloop
endfacet
facet normal 0.8829469469755986 3.581796446776976e-05 -0.46947277614739596
outer loop
vertex 105.68479919433594 151.5 166.27252197265625
vertex 106.15428161621094 151.5 167.15548706054688
vertex 105.80216979980469 151.40000009536743 166.49325561523438
endloop
endfacet
facet normal 0.8829491895381352 0.0 -0.46946855985672825
outer loop
vertex 105.80216979980469 151.40000009536743 166.49325561523438
vertex 106.15428161621094 151.5 167.15548706054688
vertex 106.15428161621094 151.40000009536743 167.15548706054688
endloop
endfacet
facet normal 0.994152665499248 0.0 -0.10798369173509759
outer loop
vertex 107.53318786621094 147.29999995231628 167.55487060546875
vertex 107.30058288574219 151.5 165.41339111328125
vertex 107.53318786621094 150.70000004768372 167.55487060546875
endloop
endfacet
facet normal 0.4694715971267608 -0.0 0.8829475745995615
outer loop
vertex 107.53318786621094 147.29999995231628 167.55487060546875
vertex 107.53318786621094 150.70000004768372 167.55487060546875
vertex 100.99937438964844 150.70000004768372 171.02896118164062
endloop
endfacet
facet normal 0.9992958412396236 0.0 -0.03752094989726268
outer loop
vertex 91.16471862792969 156.0 125.84423828125
vertex 90.92231750488281 264.0 119.38836669921875
vertex 91.16471862792969 264.0 125.84423828125
endloop
endfacet
facet normal -0.0 -0.0 1.0
outer loop
vertex 80.83912658691406 286.0 123.84423828125
vertex 89.16471862792969 264.0 123.84423828125
vertex 88.81324768066406 286.0 123.84423828125
endloop
endfacet
facet normal 0.8829472921483028 3.6161755241605516e-06 -0.46947212832595603
outer loop
vertex 76.62425231933594 298.0 100.92007446289062
vertex 86.92219543457031 298.0 120.28765869140625
vertex 82.43275451660156 295.0 111.84423828125
endloop
endfacet
facet normal 0.0 0.0 -1.0
outer loop
vertex 82.43275451660156 286.0 111.84423828125
vertex 89.16471862792969 295.0 111.84423828125
vertex 89.16471862792969 261.0 111.84423828125
endloop
endfacet
facet normal 0.0 0.0 -1.0
outer loop
vertex 82.43275451660156 286.0 111.84423828125
vertex 82.43275451660156 295.0 111.84423828125
vertex 89.16471862792969 295.0 111.84423828125
endloop
endfacet
facet normal 0.8829478247486465 0.0 -0.46947112666449825
outer loop
vertex 82.43275451660156 295.0 111.84423828125
vertex 86.92219543457031 298.0 120.28765869140625
vertex 86.92219543457031 295.0 120.28765869140625
endloop
endfacet
facet normal -0.0 1.0 0.0
outer loop
vertex 82.43275451660156 295.0 111.84423828125
vertex 86.92219543457031 295.0 120.28765869140625
vertex 89.16471862792969 295.0 111.84423828125
endloop
endfacet
facet normal 0.9999999999999999 0.0 -0.0
outer loop
vertex 89.16471862792969 261.0 111.84423828125
vertex 89.16471862792969 264.0 119.38836669921875
vertex 89.16471862792969 261.0 119.38836669921875
endloop
endfacet
facet normal 0.0 0.0 -1.0
outer loop
vertex 89.16471862792969 261.0 119.38836669921875
vertex 89.16471862792969 264.0 119.38836669921875
vertex 90.92231750488281 264.0 119.38836669921875
endloop
endfacet
facet normal 1.0 0.0 -0.0
outer loop
vertex 89.16471862792969 261.0 111.84423828125
vertex 89.16471862792969 295.0 111.84423828125
vertex 89.16471862792969 264.0 119.38836669921875
endloop
endfacet
facet normal -0.0 1.0 0.0
outer loop
vertex 89.16471862792969 264.0 119.38836669921875
vertex 89.16471862792969 264.0 123.84423828125
vertex 90.92231750488281 264.0 119.38836669921875
endloop
endfacet
facet normal 0.0 1.0 -0.0
outer loop
vertex 90.92231750488281 264.0 119.38836669921875
vertex 89.16471862792969 264.0 123.84423828125
vertex 91.16471862792969 264.0 125.84423828125
endloop
endfacet
facet normal 1.0 0.0 -0.0
outer loop
vertex 89.16471862792969 264.0 119.38836669921875
vertex 89.16471862792969 295.0 123.84423828125
vertex 89.16471862792969 264.0 123.84423828125
endloop
endfacet
facet normal 1.0 -0.0 0.0
outer loop
vertex 89.16471862792969 264.0 119.38836669921875
vertex 89.16471862792969 295.0 111.84423828125
vertex 89.16471862792969 295.0 123.84423828125
endloop
endfacet
facet normal -0.0 1.0 0.0
outer loop
vertex 86.92219543457031 295.0 120.28765869140625
vertex 89.16471862792969 295.0 123.84423828125
vertex 89.16471862792969 295.0 111.84423828125
endloop
endfacet
facet normal 0.0 -0.0 1.0
outer loop
vertex 89.16471862792969 264.0 123.84423828125
vertex 89.16471862792969 295.0 123.84423828125
vertex 88.81324768066406 286.0 123.84423828125
endloop
endfacet
facet normal 0.0 -1.0 0.0
outer loop
vertex 80.83912658691406 286.0 123.84423828125
vertex 88.81324768066406 286.0 123.84423828125
vertex 97.22010803222656 286.0 139.6552734375
endloop
endfacet
facet normal 0.0 -0.0 1.0
outer loop
vertex 88.81324768066406 286.0 123.84423828125
vertex 89.16471862792969 295.0 123.84423828125
vertex 88.81324768066406 295.0 123.84423828125
endloop
endfacet
facet normal 0.8829491021258026 0.0 -0.46946872425672703
outer loop
vertex 86.92219543457031 295.0 120.28765869140625
vertex 86.92219543457031 298.0 120.28765869140625
vertex 88.81324768066406 295.0 123.84423828125
endloop
endfacet
facet normal 0.0 1.0 0.0
outer loop
vertex 86.92219543457031 295.0 120.28765869140625
vertex 88.81324768066406 295.0 123.84423828125
vertex 89.16471862792969 295.0 123.84423828125
endloop
endfacet
facet normal 0.8829479670588779 0.0 -0.4694708590174629
outer loop
vertex 88.81324768066406 286.0 123.84423828125
vertex 88.81324768066406 295.0 123.84423828125
vertex 97.22010803222656 298.0 139.6552734375
endloop
endfacet
facet normal 0.882948175494409 -2.650169754925232e-06 -0.46947046699879985
outer loop
vertex 86.92219543457031 298.0 120.28765869140625
vertex 97.22010803222656 298.0 139.6552734375
vertex 88.81324768066406 295.0 123.84423828125
endloop
endfacet
facet normal -0.0 0.9999999999999999 0.0
outer loop
vertex 67.91459655761719 298.0 131.40078735351562
vertex 78.21250915527344 298.0 150.76837158203125
vertex 97.22010803222656 298.0 139.6552734375
endloop
endfacet
facet normal 0.0 -0.9999999999999999 0.0
outer loop
vertex 78.21250915527344 286.0 150.76837158203125
vertex 80.83912658691406 286.0 123.84423828125
vertex 97.22010803222656 286.0 139.6552734375
endloop
endfacet
facet normal -0.0 1.0 0.0
outer loop
vertex 67.91459655761719 298.0 131.40078735351562
vertex 97.22010803222656 298.0 139.6552734375
vertex 86.92219543457031 298.0 120.28765869140625
endloop
endfacet
facet normal 0.0 -1.0 0.0
outer loop
vertex 78.21250915527344 286.0 150.76837158203125
vertex 97.22010803222656 286.0 139.6552734375
vertex 89.61521911621094 286.0 163.49114990234375
endloop
endfacet
facet normal -0.0 1.0 0.0
outer loop
vertex 78.21250915527344 298.0 150.76837158203125
vertex 105.42439270019531 298.0 155.08526611328125
vertex 97.22010803222656 298.0 139.6552734375
endloop
endfacet
facet normal 0.0 -1.0 0.0
outer loop
vertex 84.62586975097656 261.0 163.49114990234375
vertex 89.61521911621094 261.0 163.49114990234375
vertex 84.62586975097656 261.0 166.14404296875
endloop
endfacet
facet normal 0.0 0.0 -1.0
outer loop
vertex 84.62586975097656 261.0 163.49114990234375
vertex 84.97734069824219 286.0 163.49114990234375
vertex 89.61521911621094 261.0 163.49114990234375
endloop
endfacet
facet normal -1.0 0.0 0.0
outer loop
vertex 84.62586975097656 261.0 163.49114990234375
vertex 84.62586975097656 261.0 166.14404296875
vertex 84.62586975097656 295.0 166.14404296875
endloop
endfacet
facet normal 0.46947279769416306 0.0 0.8829469362454436
outer loop
vertex 84.62586975097656 261.0 166.14404296875
vertex 89.61521911621094 261.0 163.49114990234375
vertex 84.62586975097656 295.0 166.14404296875
endloop
endfacet
facet normal -0.8829472961795317 0.0 0.4694721207582557
outer loop
vertex 78.21250915527344 298.0 150.76837158203125
vertex 84.97734069824219 286.0 163.49114990234375
vertex 84.97734069824219 295.0 163.49114990234375
endloop
endfacet
facet normal -0.8829477678159191 -4.825399749170564e-06 0.4694712337146986
outer loop
vertex 78.21250915527344 298.0 150.76837158203125
vertex 84.97734069824219 295.0 163.49114990234375
vertex 85.99952697753906 298.0 165.41363525390625
endloop
endfacet
facet normal 0.0 -0.9999999999999999 0.0
outer loop
vertex 78.21250915527344 286.0 150.76837158203125
vertex 89.61521911621094 286.0 163.49114990234375
vertex 84.97734069824219 286.0 163.49114990234375
endloop
endfacet
facet normal 0.0 0.0 -1.0
outer loop
vertex 84.62586975097656 261.0 163.49114990234375
vertex 84.62586975097656 295.0 163.49114990234375
vertex 84.97734069824219 286.0 163.49114990234375
endloop
endfacet
facet normal -1.0 0.0 0.0
outer loop
vertex 84.62586975097656 261.0 163.49114990234375
vertex 84.62586975097656 295.0 166.14404296875
vertex 84.62586975097656 295.0 163.49114990234375
endloop
endfacet
facet normal 0.0 0.0 -1.0
outer loop
vertex 84.97734069824219 286.0 163.49114990234375
vertex 84.62586975097656 295.0 163.49114990234375
vertex 84.97734069824219 295.0 163.49114990234375
endloop
endfacet
facet normal -0.0 1.0 0.0
outer loop
vertex 84.62586975097656 295.0 163.49114990234375
vertex 85.99952697753906 295.0 165.41363525390625
vertex 84.97734069824219 295.0 163.49114990234375
endloop
endfacet
facet normal -0.0 1.0 0.0
outer loop
vertex 84.62586975097656 295.0 163.49114990234375
vertex 84.62586975097656 295.0 166.14404296875
vertex 85.99952697753906 295.0 165.41363525390625
endloop
endfacet
facet normal -0.8829508891177166 0.0 0.46946536337224454
outer loop
vertex 84.97734069824219 295.0 163.49114990234375
vertex 85.99952697753906 295.0 165.41363525390625
vertex 85.99952697753906 295.8679656982422 165.41363525390625
endloop
endfacet
facet normal -0.8829508891177167 0.0 0.4694653633722446
outer loop
vertex 84.97734069824219 295.0 163.49114990234375
vertex 85.99952697753906 295.8679656982422 165.41363525390625
vertex 85.99952697753906 298.0 165.41363525390625
endloop
endfacet
facet normal 0.46948219186040835 6.680241331480596e-06 0.8829419411724201
outer loop
vertex 84.62586975097656 295.0 166.14404296875
vertex 89.61521911621094 286.0 163.49114990234375
vertex 85.99952697753906 295.0 165.41363525390625
endloop
endfacet
facet normal 0.0 0.0 -0.9999999999999999
outer loop
vertex 84.97734069824219 286.0 163.49114990234375
vertex 89.61521911621094 286.0 163.49114990234375
vertex 89.61521911621094 261.0 163.49114990234375
endloop
endfacet
facet normal -0.0 1.0 0.0
outer loop
vertex 78.21250915527344 298.0 150.76837158203125
vertex 85.99952697753906 298.0 165.41363525390625
vertex 105.42439270019531 298.0 155.08526611328125
endloop
endfacet
facet normal 0.46947102511728717 0.0 0.8829478787421845
outer loop
vertex 85.99952697753906 295.0 165.41363525390625
vertex 105.42439270019531 298.0 155.08526611328125
vertex 85.99952697753906 295.8679656982422 165.41363525390625
endloop
endfacet
facet normal 0.4694710251172871 0.0 0.8829478787421844
outer loop
vertex 85.99952697753906 295.8679656982422 165.41363525390625
vertex 105.42439270019531 298.0 155.08526611328125
vertex 85.99952697753906 298.0 165.41363525390625
endloop
endfacet
facet normal 0.469496556245006 -0.0002121385666395402 0.8829342776624477
outer loop
vertex 85.99952697753906 295.0 165.41363525390625
vertex 89.53132629394531 295.5 163.53573608398438
vertex 105.42439270019531 298.0 155.08526611328125
endloop
endfacet
facet normal 0.46947279769416306 -0.0 0.8829469362454435
outer loop
vertex 84.62586975097656 295.0 166.14404296875
vertex 89.61521911621094 261.0 163.49114990234375
vertex 89.61521911621094 286.0 163.49114990234375
endloop
endfacet
facet normal 0.4694614670619169 -3.99970323314928e-06 0.8829529607674891
outer loop
vertex 85.99952697753906 295.0 165.41363525390625
vertex 89.61521911621094 286.0 163.49114990234375
vertex 89.53132629394531 288.5 163.5357666015625
endloop
endfacet
facet normal 0.4694727288257308 3.849343317762834e-06 0.8829469728551678
outer loop
vertex 85.99952697753906 295.0 165.41363525390625
vertex 89.53132629394531 288.5 163.5357666015625
vertex 89.53132629394531 295.5 163.53573608398438
endloop
endfacet
facet normal 0.8829479670588779 0.0 -0.4694708590174629
outer loop
vertex 88.81324768066406 286.0 123.84423828125
vertex 97.22010803222656 298.0 139.6552734375
vertex 97.22010803222656 286.0 139.6552734375
endloop
endfacet
facet normal 0.8829473074656649 0.0 -0.469472099532158
outer loop
vertex 97.22010803222656 286.0 139.6552734375
vertex 97.22010803222656 298.0 139.6552734375
vertex 105.42439270019531 286.0 155.08526611328125
endloop
endfacet
facet normal 0.8829473074656649 0.0 -0.469472099532158
outer loop
vertex 97.22010803222656 298.0 139.6552734375
vertex 105.42439270019531 298.0 155.08526611328125
vertex 105.42439270019531 286.0 155.08526611328125
endloop
endfacet
facet normal 0.0 -1.0 0.0
outer loop
vertex 89.61521911621094 286.0 163.49114990234375
vertex 97.22010803222656 286.0 139.6552734375
vertex 105.42439270019531 286.0 155.08526611328125
endloop
endfacet
facet normal 0.4694714359785682 -3.5705788443900926e-06 0.8829476602763451
outer loop
vertex 89.61521911621094 286.0 163.49114990234375
vertex 105.42439270019531 286.0 155.08526611328125
vertex 89.53132629394531 288.5 163.5357666015625
endloop
endfacet
facet normal 0.4694715081787983 -2.9818286992700045e-06 0.882947621888996
outer loop
vertex 105.42439270019531 286.0 155.08526611328125
vertex 101.89259338378906 288.5 156.96316528320312
vertex 89.53132629394531 288.5 163.5357666015625
endloop
endfacet
facet normal 0.4694698087841921 6.061319422620124e-06 0.8829485254551337
outer loop
vertex 105.42439270019531 298.0 155.08526611328125
vertex 89.53132629394531 295.5 163.53573608398438
vertex 101.89259338378906 295.5 156.96316528320312
endloop
endfacet
facet normal 0.4694731536734254 0.0 0.8829467469671817
outer loop
vertex 105.42439270019531 298.0 155.08526611328125
vertex 101.89259338378906 295.3191833496094 156.96316528320312
vertex 101.89259338378906 288.5 156.96316528320312
endloop
endfacet
facet normal 0.4694731536734254 0.0 0.8829467469671817
outer loop
vertex 105.42439270019531 298.0 155.08526611328125
vertex 101.89259338378906 295.5 156.96316528320312
vertex 101.89259338378906 295.3191833496094 156.96316528320312
endloop
endfacet
facet normal 0.4694731536734254 -0.0 0.8829467469671816
outer loop
vertex 105.42439270019531 286.0 155.08526611328125
vertex 105.42439270019531 298.0 155.08526611328125
vertex 101.89259338378906 288.5 156.96316528320312
endloop
endfacet
facet normal -0.0 -1.0 -0.0
outer loop
vertex 93.86811828613281 288.5 162.36245727539062
vertex 89.53132629394531 288.5 163.5357666015625
vertex 98.49476623535156 288.5 159.90240478515625
endloop
endfacet
facet normal -0.0 -1.0 -0.0
outer loop
vertex 92.80857849121094 288.5 162.92581176757812
vertex 89.53132629394531 288.5 163.5357666015625
vertex 93.86811828613281 288.5 162.36245727539062
endloop
endfacet
facet normal -0.0 -0.9999999999999999 0.0
outer loop
vertex 92.80857849121094 288.5 162.92581176757812
vertex 94.22605895996094 288.5 172.36526489257812
vertex 89.53132629394531 288.5 163.5357666015625
endloop
endfacet
facet normal -0.080927605607276 -0.9850299540555323 -0.1522061505459922
outer loop
vertex 92.80857849121094 288.5 162.92581176757812
vertex 93.86811828613281 288.5 162.36245727539062
vertex 93.74751281738281 288.1499938964844 164.69171142578125
endloop
endfacet
facet normal -0.8829473794697856 2.0467353345939178e-06 0.46947196410781444
outer loop
vertex 94.22605895996094 288.5 172.36526489257812
vertex 89.53132629394531 295.5 163.53573608398438
vertex 89.53132629394531 288.5 163.5357666015625
endloop
endfacet
facet normal 0.0 1.0 -0.0
outer loop
vertex 92.80857849121094 295.5 162.92581176757812
vertex 89.53132629394531 295.5 163.53573608398438
vertex 94.22605895996094 295.5 172.36526489257812
endloop
endfacet
facet normal -0.080927605607276 0.9850299540555323 -0.1522061505459922
outer loop
vertex 92.80857849121094 295.5 162.92581176757812
vertex 93.74751281738281 295.8500061035156 164.69171142578125
vertex 93.86811828613281 295.5 162.36245727539062
endloop
endfacet
facet normal -0.8829480520864508 0.0 0.4694706991035141
outer loop
vertex 94.22605895996094 288.5 172.36526489257812
vertex 94.22605895996094 295.5 172.36526489257812
vertex 89.53132629394531 295.5 163.53573608398438
endloop
endfacet
facet normal -0.0 -1.0 -0.0
outer loop
vertex 99.55430603027344 288.5 159.33905029296875
vertex 89.53132629394531 288.5 163.5357666015625
vertex 101.89259338378906 288.5 156.96316528320312
endloop
endfacet
facet normal -0.0 -1.0 -0.0
outer loop
vertex 98.49476623535156 288.5 159.90240478515625
vertex 89.53132629394531 288.5 163.5357666015625
vertex 99.55430603027344 288.5 159.33905029296875
endloop
endfacet
facet normal 0.0 1.0 0.0
outer loop
vertex 92.80857849121094 295.5 162.92581176757812
vertex 101.89259338378906 295.5 156.96316528320312
vertex 89.53132629394531 295.5 163.53573608398438
endloop
endfacet
facet normal 0.0 1.0 0.0
outer loop
vertex 92.80857849121094 295.5 162.92581176757812
vertex 93.86811828613281 295.5 162.36245727539062
vertex 101.89259338378906 295.5 156.96316528320312
endloop
endfacet
facet normal -0.080927605607276 -0.9850299540555323 -0.1522061505459922
outer loop
vertex 98.49476623535156 288.5 159.90240478515625
vertex 99.55430603027344 288.5 159.33905029296875
vertex 99.43370056152344 288.1499938964844 161.66830444335938
endloop
endfacet
facet normal -0.080927605607276 -0.9850299540555323 -0.1522061505459922
outer loop
vertex 99.55430603027344 288.5 159.33905029296875
vertex 100.49324035644531 288.1499938964844 161.10494995117188
vertex 99.43370056152344 288.1499938964844 161.66830444335938
endloop
endfacet
facet normal 0.0 1.0 0.0
outer loop
vertex 93.86811828613281 295.5 162.36245727539062
vertex 98.49476623535156 295.5 159.90240478515625
vertex 101.89259338378906 295.5 156.96316528320312
endloop
endfacet
facet normal 0.0 1.0 0.0
outer loop
vertex 98.49476623535156 295.5 159.90240478515625
vertex 99.55430603027344 295.5 159.33905029296875
vertex 101.89259338378906 295.5 156.96316528320312
endloop
endfacet
facet normal -0.080927605607276 0.9850299540555323 -0.1522061505459922
outer loop
vertex 98.49476623535156 295.5 159.90240478515625
vertex 99.43370056152344 295.8500061035156 161.66830444335938
vertex 99.55430603027344 295.5 159.33905029296875
endloop
endfacet
facet normal -0.080927605607276 0.9850299540555323 -0.1522061505459922
outer loop
vertex 99.55430603027344 295.5 159.33905029296875
vertex 99.43370056152344 295.8500061035156 161.66830444335938
vertex 100.49324035644531 295.8500061035156 161.10494995117188
endloop
endfacet
facet normal -0.08093208126490742 -0.9850295596844575 -0.15220632302888903
outer loop
vertex 93.86811828613281 288.5 162.36245727539062
vertex 94.80705261230469 288.1499938964844 164.12832641601562
vertex 93.74751281738281 288.1499938964844 164.69171142578125
endloop
endfacet
facet normal 0.8829474274139505 1.0723909943890686e-05 -0.469471873820024
outer loop
vertex 93.86811828613281 288.5 162.36245727539062
vertex 98.09336853027344 288.5 170.30899047851562
vertex 94.80705261230469 288.1499938964844 164.12832641601562
endloop
endfacet
facet normal -0.8829474270618106 3.021007503142015e-05 0.4694718736327877
outer loop
vertex 92.80857849121094 288.5 162.92581176757812
vertex 93.74751281738281 288.1499938964844 164.69171142578125
vertex 97.03382873535156 288.5 170.87234497070312
endloop
endfacet
facet normal 0.0 -1.0 0.0
outer loop
vertex 93.74751281738281 288.1499938964844 164.69171142578125
vertex 94.80705261230469 288.1499938964844 164.12832641601562
vertex 96.56434631347656 288.1499938964844 169.9893798828125
endloop
endfacet
facet normal 0.0 -1.0 0.0
outer loop
vertex 94.80705261230469 288.1499938964844 164.12832641601562
vertex 97.62388610839844 288.1499938964844 169.426025390625
vertex 96.56434631347656 288.1499938964844 169.9893798828125
endloop
endfacet
facet normal 0.8829478008501596 2.5661865342812784e-05 -0.4694711709097118
outer loop
vertex 94.80705261230469 288.1499938964844 164.12832641601562
vertex 98.56282043457031 288.5 171.19192504882812
vertex 97.62388610839844 288.1499938964844 169.426025390625
endloop
endfacet
facet normal 0.0 -1.0 0.0
outer loop
vertex 92.80857849121094 288.5 162.92581176757812
vertex 97.03382873535156 288.5 170.87234497070312
vertex 94.22605895996094 288.5 172.36526489257812
endloop
endfacet
facet normal -0.8829466794252826 -3.930653525388746e-05 0.4694732790552233
outer loop
vertex 93.74751281738281 288.1499938964844 164.69171142578125
vertex 96.56434631347656 288.1499938964844 169.9893798828125
vertex 97.50328063964844 288.5 171.75527954101562
endloop
endfacet
facet normal -0.8829528411750939 0.0002621309049965552 0.46946161882332604
outer loop
vertex 93.74751281738281 288.1499938964844 164.69171142578125
vertex 97.50328063964844 288.5 171.75527954101562
vertex 97.03382873535156 288.5 170.87234497070312
endloop
endfacet
facet normal 0.8829528499093247 -0.0002211978163464584 -0.46946162346727294
outer loop
vertex 94.80705261230469 288.1499938964844 164.12832641601562
vertex 98.09336853027344 288.5 170.30899047851562
vertex 98.56282043457031 288.5 171.19192504882812
endloop
endfacet
facet normal 0.080927605607276 -0.9850299540555323 0.1522061505459922
outer loop
vertex 96.56434631347656 288.1499938964844 169.9893798828125
vertex 97.62388610839844 288.1499938964844 169.426025390625
vertex 97.50328063964844 288.5 171.75527954101562
endloop
endfacet
facet normal 0.17435150230557514 -0.928481857281321 0.32790699038480053
outer loop
vertex 94.22605895996094 288.5 172.36526489257812
vertex 97.03382873535156 288.5 170.87234497070312
vertex 97.15119934082031 288.6000061035156 171.09310913085938
endloop
endfacet
facet normal -0.8829528689668495 -7.589973035042765e-05 0.4694616336000638
outer loop
vertex 97.03382873535156 288.5 170.87234497070312
vertex 97.50328063964844 288.5 171.75527954101562
vertex 97.15119934082031 288.6000061035156 171.09310913085938
endloop
endfacet
facet normal -0.8829481199481272 0.0 0.4694705714739397
outer loop
vertex 97.15119934082031 288.6000061035156 171.09310913085938
vertex 97.50328063964844 288.5 171.75527954101562
vertex 97.50328063964844 288.6000061035156 171.75527954101562
endloop
endfacet
facet normal -0.08093208126490742 0.9850295596844575 -0.15220632302888903
outer loop
vertex 93.86811828613281 295.5 162.36245727539062
vertex 93.74751281738281 295.8500061035156 164.69171142578125
vertex 94.80705261230469 295.8500061035156 164.12832641601562
endloop
endfacet
facet normal 0.8829474274139505 -1.0723909943890686e-05 -0.469471873820024
outer loop
vertex 93.86811828613281 295.5 162.36245727539062
vertex 94.80705261230469 295.8500061035156 164.12832641601562
vertex 98.09336853027344 295.5 170.30899047851562
endloop
endfacet
facet normal -0.8829474270618106 -3.021007503142015e-05 0.4694718736327877
outer loop
vertex 92.80857849121094 295.5 162.92581176757812
vertex 97.03382873535156 295.5 170.87234497070312
vertex 93.74751281738281 295.8500061035156 164.69171142578125
endloop
endfacet
facet normal -0.0 1.0 0.0
outer loop
vertex 93.74751281738281 295.8500061035156 164.69171142578125
vertex 96.56434631347656 295.8500061035156 169.9893798828125
vertex 94.80705261230469 295.8500061035156 164.12832641601562
endloop
endfacet
facet normal -0.0 1.0 0.0
outer loop
vertex 93.86811828613281 295.5 162.36245727539062
vertex 98.09336853027344 295.5 170.30899047851562
vertex 98.49476623535156 295.5 159.90240478515625
endloop
endfacet
facet normal -0.0 1.0 0.0
outer loop
vertex 94.80705261230469 295.8500061035156 164.12832641601562
vertex 96.56434631347656 295.8500061035156 169.9893798828125
vertex 97.62388610839844 295.8500061035156 169.426025390625
endloop
endfacet
facet normal 0.8829478008501596 -2.5661865342812784e-05 -0.4694711709097118
outer loop
vertex 94.80705261230469 295.8500061035156 164.12832641601562
vertex 97.62388610839844 295.8500061035156 169.426025390625
vertex 98.56282043457031 295.5 171.19192504882812
endloop
endfacet
facet normal -0.6454410140053425 0.0 0.7638101187073626
outer loop
vertex 94.22605895996094 288.5 172.36526489257812
vertex 95.87135314941406 294.6999969482422 173.75558471679688
vertex 94.22605895996094 295.5 172.36526489257812
endloop
endfacet
facet normal -0.6454410140053424 0.0 0.7638101187073626
outer loop
vertex 94.22605895996094 288.5 172.36526489257812
vertex 95.87135314941406 289.3000030517578 173.75558471679688
vertex 95.87135314941406 294.6999969482422 173.75558471679688
endloop
endfacet
facet normal -0.0 1.0 0.0
outer loop
vertex 92.80857849121094 295.5 162.92581176757812
vertex 94.22605895996094 295.5 172.36526489257812
vertex 97.03382873535156 295.5 170.87234497070312
endloop
endfacet
facet normal 0.17435725181234504 0.9284759444403399 0.32792067537144587
outer loop
vertex 94.22605895996094 295.5 172.36526489257812
vertex 95.87135314941406 294.6999969482422 173.75558471679688
vertex 97.15119934082031 295.3999938964844 171.09310913085938
endloop
endfacet
facet normal -0.8829528411750939 -0.0002621309049965552 0.46946161882332604
outer loop
vertex 93.74751281738281 295.8500061035156 164.69171142578125
vertex 97.03382873535156 295.5 170.87234497070312
vertex 97.50328063964844 295.5 171.75527954101562
endloop
endfacet
facet normal -0.8829466794252826 3.930653525388746e-05 0.4694732790552233
outer loop
vertex 93.74751281738281 295.8500061035156 164.69171142578125
vertex 97.50328063964844 295.5 171.75527954101562
vertex 96.56434631347656 295.8500061035156 169.9893798828125
endloop
endfacet
facet normal 0.8829528499093247 0.0002211978163464584 -0.46946162346727294
outer loop
vertex 94.80705261230469 295.8500061035156 164.12832641601562
vertex 98.56282043457031 295.5 171.19192504882812
vertex 98.09336853027344 295.5 170.30899047851562
endloop
endfacet
facet normal 0.080927605607276 0.9850299540555323 0.1522061505459922
outer loop
vertex 96.56434631347656 295.8500061035156 169.9893798828125
vertex 97.50328063964844 295.5 171.75527954101562
vertex 97.62388610839844 295.8500061035156 169.426025390625
endloop
endfacet
facet normal 0.17435150230557514 0.928481857281321 0.32790699038480053
outer loop
vertex 94.22605895996094 295.5 172.36526489257812
vertex 97.15119934082031 295.3999938964844 171.09310913085938
vertex 97.03382873535156 295.5 170.87234497070312
endloop
endfacet
facet normal -0.8829528689668495 7.589973035042765e-05 0.4694616336000638
outer loop
vertex 97.03382873535156 295.5 170.87234497070312
vertex 97.15119934082031 295.3999938964844 171.09310913085938
vertex 97.50328063964844 295.5 171.75527954101562
endloop
endfacet
facet normal -0.8829481199481272 0.0 0.4694705714739397
outer loop
vertex 97.15119934082031 295.3999938964844 171.09310913085938
vertex 97.50328063964844 295.3999938964844 171.75527954101562
vertex 97.50328063964844 295.5 171.75527954101562
endloop
endfacet
facet normal 0.17436578764130004 0.9284731516286142 0.32792404426186533
outer loop
vertex 95.87135314941406 294.6999969482422 173.75558471679688
vertex 98.21073913574219 295.3999938964844 170.52972412109375
vertex 97.15119934082031 295.3999938964844 171.09310913085938
endloop
endfacet
facet normal 0.0 -1.0 0.0
outer loop
vertex 93.86811828613281 288.5 162.36245727539062
vertex 98.49476623535156 288.5 159.90240478515625
vertex 102.71998596191406 288.5 167.84896850585938
endloop
endfacet
facet normal 0.0 -0.9999999999999999 0.0
outer loop
vertex 93.86811828613281 288.5 162.36245727539062
vertex 102.71998596191406 288.5 167.84896850585938
vertex 98.09336853027344 288.5 170.30899047851562
endloop
endfacet
facet normal -0.8829495803665982 4.005791026779073e-06 0.46946782479143545
outer loop
vertex 98.49476623535156 288.5 159.90240478515625
vertex 99.43370056152344 288.1499938964844 161.66830444335938
vertex 102.71998596191406 288.5 167.84896850585938
endloop
endfacet
facet normal 0.0 -1.0 0.0
outer loop
vertex 99.43370056152344 288.1499938964844 161.66830444335938
vertex 100.49324035644531 288.1499938964844 161.10494995117188
vertex 102.25053405761719 288.1499938964844 166.96600341796875
endloop
endfacet
facet normal 0.080927605607276 -0.9850299540555323 0.1522061505459922
outer loop
vertex 97.62388610839844 288.1499938964844 169.426025390625
vertex 98.56282043457031 288.5 171.19192504882812
vertex 97.50328063964844 288.5 171.75527954101562
endloop
endfacet
facet normal 0.8829528695069605 -6.735984662091551e-05 -0.46946163388723816
outer loop
vertex 98.09336853027344 288.5 170.30899047851562
vertex 98.21073913574219 288.6000061035156 170.52972412109375
vertex 98.56282043457031 288.5 171.19192504882812
endloop
endfacet
facet normal 0.8829570882212019 0.0 -0.4694537041710681
outer loop
vertex 98.21073913574219 288.6000061035156 170.52972412109375
vertex 98.56282043457031 288.6000061035156 171.19192504882812
vertex 98.56282043457031 288.5 171.19192504882812
endloop
endfacet
facet normal -0.0 1.0 0.0
outer loop
vertex 97.15119934082031 288.6000061035156 171.09310913085938
vertex 97.50328063964844 288.6000061035156 171.75527954101562
vertex 98.21073913574219 288.6000061035156 170.52972412109375
endloop
endfacet
facet normal 0.4694632405567484 0.0 0.882952017816346
outer loop
vertex 97.50328063964844 288.5 171.75527954101562
vertex 98.56282043457031 288.6000061035156 171.19192504882812
vertex 97.50328063964844 288.6000061035156 171.75527954101562
endloop
endfacet
facet normal 0.0 1.0 0.0
outer loop
vertex 97.50328063964844 288.6000061035156 171.75527954101562
vertex 98.56282043457031 288.6000061035156 171.19192504882812
vertex 98.21073913574219 288.6000061035156 170.52972412109375
endloop
endfacet
facet normal 0.4694632405567484 -0.0 0.882952017816346
outer loop
vertex 97.50328063964844 288.5 171.75527954101562
vertex 98.56282043457031 288.5 171.19192504882812
vertex 98.56282043457031 288.6000061035156 171.19192504882812
endloop
endfacet
facet normal 0.17436692371858667 -0.9284680544970347 0.32793787169433136
outer loop
vertex 98.09336853027344 288.5 170.30899047851562
vertex 102.83738708496094 288.6000061035156 168.0697021484375
vertex 98.21073913574219 288.6000061035156 170.52972412109375
endloop
endfacet
facet normal -0.8829495803665982 -4.005791026779073e-06 0.46946782479143545
outer loop
vertex 98.49476623535156 295.5 159.90240478515625
vertex 102.71998596191406 295.5 167.84896850585938
vertex 99.43370056152344 295.8500061035156 161.66830444335938
endloop
endfacet
facet normal -0.0 1.0 0.0
outer loop
vertex 99.43370056152344 295.8500061035156 161.66830444335938
vertex 102.25053405761719 295.8500061035156 166.96600341796875
vertex 100.49324035644531 295.8500061035156 161.10494995117188
endloop
endfacet
facet normal -0.0 0.9999999999999999 -0.0
outer loop
vertex 98.49476623535156 295.5 159.90240478515625
vertex 98.09336853027344 295.5 170.30899047851562
vertex 102.71998596191406 295.5 167.84896850585938
endloop
endfacet
facet normal 0.1743579756682993 -0.928476082905738 0.3279198984399545
outer loop
vertex 94.22605895996094 288.5 172.36526489257812
vertex 106.81990051269531 289.3000030517578 167.93414306640625
vertex 95.87135314941406 289.3000030517578 173.75558471679688
endloop
endfacet
facet normal 0.080927605607276 0.9850299540555323 0.1522061505459922
outer loop
vertex 97.62388610839844 295.8500061035156 169.426025390625
vertex 97.50328063964844 295.5 171.75527954101562
vertex 98.56282043457031 295.5 171.19192504882812
endloop
endfacet
facet normal 0.0 -1.0 0.0
outer loop
vertex 97.15119934082031 295.3999938964844 171.09310913085938
vertex 98.21073913574219 295.3999938964844 170.52972412109375
vertex 98.56282043457031 295.3999938964844 171.19192504882812
endloop
endfacet
facet normal 0.8829528695069605 6.735984662091551e-05 -0.46946163388723816
outer loop
vertex 98.09336853027344 295.5 170.30899047851562
vertex 98.56282043457031 295.5 171.19192504882812
vertex 98.21073913574219 295.3999938964844 170.52972412109375
endloop
endfacet
facet normal 0.8829570882212019 0.0 -0.4694537041710681
outer loop
vertex 98.21073913574219 295.3999938964844 170.52972412109375
vertex 98.56282043457031 295.5 171.19192504882812
vertex 98.56282043457031 295.3999938964844 171.19192504882812
endloop
endfacet
facet normal 0.17435639752643556 0.9284770233623416 0.32791807472264967
outer loop
vertex 95.87135314941406 294.6999969482422 173.75558471679688
vertex 102.83738708496094 295.3999938964844 168.0697021484375
vertex 98.21073913574219 295.3999938964844 170.52972412109375
endloop
endfacet
facet normal 0.0 -1.0 0.0
outer loop
vertex 97.15119934082031 295.3999938964844 171.09310913085938
vertex 98.56282043457031 295.3999938964844 171.19192504882812
vertex 97.50328063964844 295.3999938964844 171.75527954101562
endloop
endfacet
facet normal 0.4694632405567484 0.0 0.882952017816346
outer loop
vertex 97.50328063964844 295.3999938964844 171.75527954101562
vertex 98.56282043457031 295.3999938964844 171.19192504882812
vertex 97.50328063964844 295.5 171.75527954101562
endloop
endfacet
facet normal 0.4694632405567484 -0.0 0.882952017816346
outer loop
vertex 97.50328063964844 295.5 171.75527954101562
vertex 98.56282043457031 295.3999938964844 171.19192504882812
vertex 98.56282043457031 295.5 171.19192504882812
endloop
endfacet
facet normal 0.17436158967040077 -0.9284714831635517 0.32793100036392614
outer loop
vertex 94.22605895996094 288.5 172.36526489257812
vertex 97.15119934082031 288.6000061035156 171.09310913085938
vertex 106.81990051269531 289.3000030517578 167.93414306640625
endloop
endfacet
facet normal 0.17435158936490178 -0.9284852483360069 0.3278973420269772
outer loop
vertex 97.15119934082031 288.6000061035156 171.09310913085938
vertex 98.21073913574219 288.6000061035156 170.52972412109375
vertex 106.81990051269531 289.3000030517578 167.93414306640625
endloop
endfacet
facet normal 0.4694712958583191 0.0 0.8829477347867826
outer loop
vertex 95.87135314941406 289.3000030517578 173.75558471679688
vertex 106.81990051269531 289.3000030517578 167.93414306640625
vertex 95.87135314941406 294.6999969482422 173.75558471679688
endloop
endfacet
facet normal 0.17436782035648962 0.9284680545026672 0.3279373949279941
outer loop
vertex 98.09336853027344 295.5 170.30899047851562
vertex 98.21073913574219 295.3999938964844 170.52972412109375
vertex 102.71998596191406 295.5 167.84896850585938
endloop
endfacet
facet normal 0.8829474270618106 -3.021007503142015e-05 -0.4694718736327877
outer loop
vertex 99.55430603027344 288.5 159.33905029296875
vertex 103.77955627441406 288.5 167.28558349609375
vertex 100.49324035644531 288.1499938964844 161.10494995117188
endloop
endfacet
facet normal 0.0 -0.9999999999999999 0.0
outer loop
vertex 99.55430603027344 288.5 159.33905029296875
vertex 101.89259338378906 288.5 156.96316528320312
vertex 106.58732604980469 288.5 165.79266357421875
endloop
endfacet
facet normal 0.8829474270618106 3.021007503142015e-05 -0.4694718736327877
outer loop
vertex 99.55430603027344 295.5 159.33905029296875
vertex 100.49324035644531 295.8500061035156 161.10494995117188
vertex 103.77955627441406 295.5 167.28558349609375
endloop
endfacet
facet normal 0.882947379471635 0.0 -0.4694719641087978
outer loop
vertex 106.58732604980469 295.5 165.79266357421875
vertex 101.89259338378906 288.5 156.96316528320312
vertex 101.89259338378906 295.3191833496094 156.96316528320312
endloop
endfacet
facet normal 0.8829473794716352 0.0 -0.4694719641087979
outer loop
vertex 106.58732604980469 295.5 165.79266357421875
vertex 101.89259338378906 295.3191833496094 156.96316528320312
vertex 101.89259338378906 295.5 156.96316528320312
endloop
endfacet
facet normal -0.0 0.9999999999999999 0.0
outer loop
vertex 99.55430603027344 295.5 159.33905029296875
vertex 106.58732604980469 295.5 165.79266357421875
vertex 101.89259338378906 295.5 156.96316528320312
endloop
endfacet
facet normal 0.8829473794716352 0.0 -0.4694719641087978
outer loop
vertex 106.58732604980469 288.5 165.79266357421875
vertex 101.89259338378906 288.5 156.96316528320312
vertex 106.58732604980469 295.5 165.79266357421875
endloop
endfacet
facet normal 0.0 -1.0 0.0
outer loop
vertex 100.49324035644531 288.1499938964844 161.10494995117188
vertex 103.31007385253906 288.1499938964844 166.40261840820312
vertex 102.25053405761719 288.1499938964844 166.96600341796875
endloop
endfacet
facet normal -0.8829478008501596 -2.5661865342812784e-05 0.4694711709097118
outer loop
vertex 99.43370056152344 288.1499938964844 161.66830444335938
vertex 102.25053405761719 288.1499938964844 166.96600341796875
vertex 103.18946838378906 288.5 168.73190307617188
endloop
endfacet
facet normal -0.8829401524168273 -0.00039469544140119264 0.4694853900449492
outer loop
vertex 99.43370056152344 288.1499938964844 161.66830444335938
vertex 103.18946838378906 288.5 168.73190307617188
vertex 102.71998596191406 288.5 167.84896850585938
endloop
endfacet
facet normal 0.0 -1.0 0.0
outer loop
vertex 99.55430603027344 288.5 159.33905029296875
vertex 106.58732604980469 288.5 165.79266357421875
vertex 103.77955627441406 288.5 167.28558349609375
endloop
endfacet
facet normal 0.8829466794252826 3.930653525388746e-05 -0.4694732790552233
outer loop
vertex 100.49324035644531 288.1499938964844 161.10494995117188
vertex 104.24900817871094 288.5 168.16851806640625
vertex 103.31007385253906 288.1499938964844 166.40261840820312
endloop
endfacet
facet normal 0.8829528411750939 -0.0002621309049965552 -0.46946161882332604
outer loop
vertex 100.49324035644531 288.1499938964844 161.10494995117188
vertex 103.77955627441406 288.5 167.28558349609375
vertex 104.24900817871094 288.5 168.16851806640625
endloop
endfacet
facet normal 0.08093102329936337 -0.9850299540511047 0.15220433334762998
outer loop
vertex 102.25053405761719 288.1499938964844 166.96600341796875
vertex 103.31007385253906 288.1499938964844 166.40261840820312
vertex 103.18946838378906 288.5 168.73190307617188
endloop
endfacet
facet normal -0.8829401891422838 0.00026943551697964106 0.46948540957296053
outer loop
vertex 102.71998596191406 288.5 167.84896850585938
vertex 103.18946838378906 288.5 168.73190307617188
vertex 102.83738708496094 288.6000061035156 168.0697021484375
endloop
endfacet
facet normal -0.0 1.0 0.0
outer loop
vertex 102.83738708496094 288.6000061035156 168.0697021484375
vertex 103.18946838378906 288.6000061035156 168.73190307617188
vertex 103.89692687988281 288.6000061035156 167.50634765625
endloop
endfacet
facet normal 0.08093102329936337 -0.9850299540511047 0.15220433334762998
outer loop
vertex 103.31007385253906 288.1499938964844 166.40261840820312
vertex 104.24900817871094 288.5 168.16851806640625
vertex 103.18946838378906 288.5 168.73190307617188
endloop
endfacet
facet normal 0.0 1.0 0.0
outer loop
vertex 103.18946838378906 288.6000061035156 168.73190307617188
vertex 104.24900817871094 288.6000061035156 168.16851806640625
vertex 103.89692687988281 288.6000061035156 167.50634765625
endloop
endfacet
facet normal 0.8829528689668495 7.589973035042765e-05 -0.4694616336000638
outer loop
vertex 103.77955627441406 288.5 167.28558349609375
vertex 103.89692687988281 288.6000061035156 167.50634765625
vertex 104.24900817871094 288.5 168.16851806640625
endloop
endfacet
facet normal 0.8829481199481272 0.0 -0.4694705714739397
outer loop
vertex 103.89692687988281 288.6000061035156 167.50634765625
vertex 104.24900817871094 288.6000061035156 168.16851806640625
vertex 104.24900817871094 288.5 168.16851806640625
endloop
endfacet
facet normal 0.17435920638433935 -0.9284753940656371 0.3279211944411087
outer loop
vertex 98.09336853027344 288.5 170.30899047851562
vertex 102.71998596191406 288.5 167.84896850585938
vertex 102.83738708496094 288.6000061035156 168.0697021484375
endloop
endfacet
facet normal -0.8829570882212019 0.0 0.4694537041710681
outer loop
vertex 102.83738708496094 288.6000061035156 168.0697021484375
vertex 103.18946838378906 288.5 168.73190307617188
vertex 103.18946838378906 288.6000061035156 168.73190307617188
endloop
endfacet
facet normal 0.46948306661257094 0.0 0.8829414760696522
outer loop
vertex 103.18946838378906 288.5 168.73190307617188
vertex 104.24900817871094 288.6000061035156 168.16851806640625
vertex 103.18946838378906 288.6000061035156 168.73190307617188
endloop
endfacet
facet normal 0.46948306661257094 -0.0 0.8829414760696522
outer loop
vertex 103.18946838378906 288.5 168.73190307617188
vertex 104.24900817871094 288.5 168.16851806640625
vertex 104.24900817871094 288.6000061035156 168.16851806640625
endloop
endfacet
facet normal -0.0 1.0 0.0
outer loop
vertex 100.49324035644531 295.8500061035156 161.10494995117188
vertex 102.25053405761719 295.8500061035156 166.96600341796875
vertex 103.31007385253906 295.8500061035156 166.40261840820312
endloop
endfacet
facet normal -0.8829478008501596 2.5661865342812784e-05 0.4694711709097118
outer loop
vertex 99.43370056152344 295.8500061035156 161.66830444335938
vertex 103.18946838378906 295.5 168.73190307617188
vertex 102.25053405761719 295.8500061035156 166.96600341796875
endloop
endfacet
facet normal -0.8829401524168273 0.00039469544140119264 0.4694853900449492
outer loop
vertex 99.43370056152344 295.8500061035156 161.66830444335938
vertex 102.71998596191406 295.5 167.84896850585938
vertex 103.18946838378906 295.5 168.73190307617188
endloop
endfacet
facet normal -0.0 1.0 0.0
outer loop
vertex 99.55430603027344 295.5 159.33905029296875
vertex 103.77955627441406 295.5 167.28558349609375
vertex 106.58732604980469 295.5 165.79266357421875
endloop
endfacet
facet normal 0.8829528411750939 0.0002621309049965552 -0.46946161882332604
outer loop
vertex 100.49324035644531 295.8500061035156 161.10494995117188
vertex 104.24900817871094 295.5 168.16851806640625
vertex 103.77955627441406 295.5 167.28558349609375
endloop
endfacet
facet normal 0.8829466794252826 -3.930653525388746e-05 -0.4694732790552233
outer loop
vertex 100.49324035644531 295.8500061035156 161.10494995117188
vertex 103.31007385253906 295.8500061035156 166.40261840820312
vertex 104.24900817871094 295.5 168.16851806640625
endloop
endfacet
facet normal -0.8829401891422838 -0.00026943551697964106 0.46948540957296053
outer loop
vertex 102.83738708496094 295.3999938964844 168.0697021484375
vertex 103.18946838378906 295.5 168.73190307617188
vertex 102.71998596191406 295.5 167.84896850585938
endloop
endfacet
facet normal 0.08093102329936337 0.9850299540511047 0.15220433334762998
outer loop
vertex 102.25053405761719 295.8500061035156 166.96600341796875
vertex 103.18946838378906 295.5 168.73190307617188
vertex 103.31007385253906 295.8500061035156 166.40261840820312
endloop
endfacet
facet normal 0.0 -1.0 0.0
outer loop
vertex 102.83738708496094 295.3999938964844 168.0697021484375
vertex 104.24900817871094 295.3999938964844 168.16851806640625
vertex 103.18946838378906 295.3999938964844 168.73190307617188
endloop
endfacet
facet normal 0.08093102329936337 0.9850299540511047 0.15220433334762998
outer loop
vertex 103.31007385253906 295.8500061035156 166.40261840820312
vertex 103.18946838378906 295.5 168.73190307617188
vertex 104.24900817871094 295.5 168.16851806640625
endloop
endfacet
facet normal 0.0 -1.0 0.0
outer loop
vertex 102.83738708496094 295.3999938964844 168.0697021484375
vertex 103.89692687988281 295.3999938964844 167.50634765625
vertex 104.24900817871094 295.3999938964844 168.16851806640625
endloop
endfacet
facet normal 0.8829528689668495 -7.589973035042765e-05 -0.4694616336000638
outer loop
vertex 103.89692687988281 295.3999938964844 167.50634765625
vertex 103.77955627441406 295.5 167.28558349609375
vertex 104.24900817871094 295.5 168.16851806640625
endloop
endfacet
facet normal 0.8829481199481272 0.0 -0.4694705714739397
outer loop
vertex 103.89692687988281 295.3999938964844 167.50634765625
vertex 104.24900817871094 295.5 168.16851806640625
vertex 104.24900817871094 295.3999938964844 168.16851806640625
endloop
endfacet
facet normal 0.17435830983502418 0.9284753940222664 0.32792167126719607
outer loop
vertex 98.21073913574219 295.3999938964844 170.52972412109375
vertex 102.83738708496094 295.3999938964844 168.0697021484375
vertex 102.71998596191406 295.5 167.84896850585938
endloop
endfacet
facet normal 0.17434806505934466 0.9284819779840437 0.3279084762077675
outer loop
vertex 95.87135314941406 294.6999969482422 173.75558471679688
vertex 103.89692687988281 295.3999938964844 167.50634765625
vertex 102.83738708496094 295.3999938964844 168.0697021484375
endloop
endfacet
facet normal 0.17436963021463484 0.928468673198645 0.32793468091612266
outer loop
vertex 95.87135314941406 294.6999969482422 173.75558471679688
vertex 106.58732604980469 295.5 165.79266357421875
vertex 103.89692687988281 295.3999938964844 167.50634765625
endloop
endfacet
facet normal 0.17435793816694006 -0.9284757106954283 0.3279209722582448
outer loop
vertex 98.21073913574219 288.6000061035156 170.52972412109375
vertex 102.83738708496094 288.6000061035156 168.0697021484375
vertex 106.81990051269531 289.3000030517578 167.93414306640625
endloop
endfacet
facet normal 0.4694712958583191 -0.0 0.8829477347867826
outer loop
vertex 95.87135314941406 294.6999969482422 173.75558471679688
vertex 106.81990051269531 289.3000030517578 167.93414306640625
vertex 106.81990051269531 294.6999969482422 167.93414306640625
endloop
endfacet
facet normal -0.8829570882212019 0.0 0.4694537041710681
outer loop
vertex 102.83738708496094 295.3999938964844 168.0697021484375
vertex 103.18946838378906 295.3999938964844 168.73190307617188
vertex 103.18946838378906 295.5 168.73190307617188
endloop
endfacet
facet normal 0.17435772265559737 0.928476298479037 0.3279194225919228
outer loop
vertex 95.87135314941406 294.6999969482422 173.75558471679688
vertex 106.81990051269531 294.6999969482422 167.93414306640625
vertex 106.58732604980469 295.5 165.79266357421875
endloop
endfacet
facet normal 0.46948306661257094 0.0 0.8829414760696522
outer loop
vertex 103.18946838378906 295.3999938964844 168.73190307617188
vertex 104.24900817871094 295.3999938964844 168.16851806640625
vertex 103.18946838378906 295.5 168.73190307617188
endloop
endfacet
facet normal 0.46948306661257094 -0.0 0.8829414760696522
outer loop
vertex 103.18946838378906 295.5 168.73190307617188
vertex 104.24900817871094 295.3999938964844 168.16851806640625
vertex 104.24900817871094 295.5 168.16851806640625
endloop
endfacet
facet normal 0.17435150230557514 -0.928481857281321 0.32790699038480053
outer loop
vertex 103.77955627441406 288.5 167.28558349609375
vertex 106.58732604980469 288.5 165.79266357421875
vertex 103.89692687988281 288.6000061035156 167.50634765625
endloop
endfacet
facet normal 0.17435778132830224 -0.9284736994386509 0.32792675026746076
outer loop
vertex 102.83738708496094 288.6000061035156 168.0697021484375
vertex 103.89692687988281 288.6000061035156 167.50634765625
vertex 106.81990051269531 289.3000030517578 167.93414306640625
endloop
endfacet
facet normal 0.17435946141698191 -0.9284760689362581 0.3279191480030599
outer loop
vertex 103.89692687988281 288.6000061035156 167.50634765625
vertex 106.58732604980469 288.5 165.79266357421875
vertex 106.81990051269531 289.3000030517578 167.93414306640625
endloop
endfacet
facet normal 0.17435150230557514 0.928481857281321 0.32790699038480053
outer loop
vertex 103.89692687988281 295.3999938964844 167.50634765625
vertex 106.58732604980469 295.5 165.79266357421875
vertex 103.77955627441406 295.5 167.28558349609375
endloop
endfacet
facet normal 0.9941541863023332 0.0 -0.1079696895315807
outer loop
vertex 106.58732604980469 288.5 165.79266357421875
vertex 106.58732604980469 295.5 165.79266357421875
vertex 106.81990051269531 289.3000030517578 167.93414306640625
endloop
endfacet
facet normal 0.9941541863023332 0.0 -0.1079696895315807
outer loop
vertex 106.81990051269531 289.3000030517578 167.93414306640625
vertex 106.58732604980469 295.5 165.79266357421875
vertex 106.81990051269531 294.6999969482422 167.93414306640625
endloop
endfacet

endsolid
