solid 
facet normal -0.5047293215403015 0.0 -0.8632776563640849
outer loop
vertex 43.61516571044922 -149.0 18.468284606933594
vertex 43.61516571044922 -137.0 18.468284606933594
vertex 54.71166229248047 -146.8000030517578 11.980537414550781
endloop
endfacet
facet normal -0.8829476164397082 0.0 0.46947151843688845
outer loop
vertex 43.61516571044922 -149.0 18.468284606933594
vertex 53.8126335144043 -146.0 37.646934509277344
vertex 43.61516571044922 -137.0 18.468284606933594
endloop
endfacet
facet normal -0.8829475896501028 -4.131594229878881e-07 0.46947156882062946
outer loop
vertex 43.61516571044922 -149.0 18.468284606933594
vertex 53.91310119628906 -149.0 37.83588409423828
vertex 53.8126335144043 -146.0 37.646934509277344
endloop
endfacet
facet normal -0.8829476164397084 0.0 0.4694715184368885
outer loop
vertex 43.61516571044922 -137.0 18.468284606933594
vertex 53.8126335144043 -146.0 37.646934509277344
vertex 53.8126335144043 -137.0 37.646934509277344
endloop
endfacet
facet normal -0.5047293104593709 -7.499615126905657e-08 -0.8632776628427277
outer loop
vertex 43.61516571044922 -149.0 18.468284606933594
vertex 54.71166229248047 -146.8000030517578 11.980537414550781
vertex 62.622764587402344 -149.0 7.355183124542236
endloop
endfacet
facet normal -0.5047293215403014 -0.0 -0.8632776563640849
outer loop
vertex 43.61516571044922 -137.0 18.468284606933594
vertex 54.71166229248047 -139.1999969482422 11.980537414550781
vertex 54.71166229248047 -146.8000030517578 11.980537414550781
endloop
endfacet
facet normal -0.5047293104593709 7.499615126905657e-08 -0.8632776628427277
outer loop
vertex 43.61516571044922 -137.0 18.468284606933594
vertex 62.622764587402344 -137.0 7.355183124542236
vertex 54.71166229248047 -139.1999969482422 11.980537414550781
endloop
endfacet
facet normal 0.8829476210998292 0.0 -0.4694715096724748
outer loop
vertex 54.71166229248047 -146.8000030517578 11.980537414550781
vertex 54.71166229248047 -139.1999969482422 11.980537414550781
vertex 60.35944747924805 -139.1999969482422 22.60247802734375
endloop
endfacet
facet normal 0.0 -1.0 0.0
outer loop
vertex 43.61516571044922 -149.0 18.468284606933594
vertex 62.622764587402344 -149.0 7.355183124542236
vertex 53.91310119628906 -149.0 37.83588409423828
endloop
endfacet
facet normal -0.0 0.9999999999999999 0.0
outer loop
vertex 43.61516571044922 -137.0 18.468284606933594
vertex 53.8126335144043 -137.0 37.646934509277344
vertex 62.622764587402344 -137.0 7.355183124542236
endloop
endfacet
facet normal -0.5047292949167222 -0.0 -0.8632776719299927
outer loop
vertex 54.71166229248047 -146.8000030517578 11.980537414550781
vertex 62.622764587402344 -146.8000030517578 7.355183124542236
vertex 62.622764587402344 -149.0 7.355183124542236
endloop
endfacet
facet normal -0.5047292949167222 -0.0 -0.8632776719299927
outer loop
vertex 54.71166229248047 -139.1999969482422 11.980537414550781
vertex 62.622764587402344 -137.0 7.355183124542236
vertex 62.622764587402344 -139.1999969482422 7.355183124542236
endloop
endfacet
facet normal 0.0 -1.0 0.0
outer loop
vertex 54.71166229248047 -139.1999969482422 11.980537414550781
vertex 62.622764587402344 -139.1999969482422 7.355183124542236
vertex 60.35944747924805 -139.1999969482422 22.60247802734375
endloop
endfacet
facet normal -0.0 0.9999999999999999 0.0
outer loop
vertex 54.71166229248047 -146.8000030517578 11.980537414550781
vertex 68.4442138671875 -146.8000030517578 18.30373191833496
vertex 62.622764587402344 -146.8000030517578 7.355183124542236
endloop
endfacet
facet normal -0.0 1.0 0.0
outer loop
vertex 54.71166229248047 -146.8000030517578 11.980537414550781
vertex 60.35944747924805 -146.8000030517578 22.60247802734375
vertex 68.4442138671875 -146.8000030517578 18.30373191833496
endloop
endfacet
facet normal 0.0 -1.0 0.0
outer loop
vertex 62.622764587402344 -139.1999969482422 7.355183124542236
vertex 68.4442138671875 -139.1999969482422 18.30373191833496
vertex 60.35944747924805 -139.1999969482422 22.60247802734375
endloop
endfacet
facet normal 0.8829476210998292 0.0 -0.4694715096724748
outer loop
vertex 54.71166229248047 -146.8000030517578 11.980537414550781
vertex 60.35944747924805 -139.1999969482422 22.60247802734375
vertex 60.35944747924805 -146.8000030517578 22.60247802734375
endloop
endfacet
facet normal -0.46947152598480846 0.0 -0.8829476124264083
outer loop
vertex 60.35944747924805 -146.8000030517578 22.60247802734375
vertex 60.35944747924805 -139.1999969482422 22.60247802734375
vertex 68.4442138671875 -139.1999969482422 18.30373191833496
endloop
endfacet
facet normal 0.0 -0.9999999999999999 0.0
outer loop
vertex 62.622764587402344 -149.0 7.355183124542236
vertex 72.92070007324219 -149.0 26.7227840423584
vertex 53.91310119628906 -149.0 37.83588409423828
endloop
endfacet
facet normal -0.0 1.0 -0.0
outer loop
vertex 62.622764587402344 -137.0 7.355183124542236
vertex 53.8126335144043 -137.0 37.646934509277344
vertex 72.92070007324219 -137.0 26.7227840423584
endloop
endfacet
facet normal -0.8829448704685056 0.0 0.46947668282179256
outer loop
vertex 53.91310119628906 -149.0 37.83588409423828
vertex 53.91310119628906 -146.0 37.83588409423828
vertex 53.8126335144043 -146.0 37.646934509277344
endloop
endfacet
facet normal 0.0 -1.0 0.0
outer loop
vertex 53.46116256713867 -146.0 37.646934509277344
vertex 53.8126335144043 -146.0 37.646934509277344
vertex 53.91310119628906 -146.0 37.83588409423828
endloop
endfacet
facet normal 0.0 0.0 -1.0
outer loop
vertex 53.46116256713867 -146.0 37.646934509277344
vertex 53.46116256713867 -112.0 37.646934509277344
vertex 53.8126335144043 -146.0 37.646934509277344
endloop
endfacet
facet normal 0.0 0.0 -1.0
outer loop
vertex 53.8126335144043 -146.0 37.646934509277344
vertex 53.46116256713867 -112.0 37.646934509277344
vertex 53.8126335144043 -137.0 37.646934509277344
endloop
endfacet
facet normal -1.0 0.0 0.0
outer loop
vertex 53.46116256713867 -146.0 37.646934509277344
vertex 53.46116256713867 -146.0 49.646934509277344
vertex 53.46116256713867 -115.0 45.19106674194336
endloop
endfacet
facet normal 0.0 -1.0 0.0
outer loop
vertex 53.46116256713867 -146.0 37.646934509277344
vertex 53.91310119628906 -146.0 37.83588409423828
vertex 60.193145751953125 -146.0 49.646934509277344
endloop
endfacet
facet normal -0.8829476656133425 0.0 0.46947142595471053
outer loop
vertex 53.91310119628906 -149.0 37.83588409423828
vertex 60.193145751953125 -146.0 49.646934509277344
vertex 53.91310119628906 -146.0 37.83588409423828
endloop
endfacet
facet normal 0.0 -1.0 0.0
outer loop
vertex 53.46116256713867 -146.0 37.646934509277344
vertex 60.193145751953125 -146.0 49.646934509277344
vertex 53.46116256713867 -146.0 49.646934509277344
endloop
endfacet
facet normal 0.0 -0.0 0.9999999999999999
outer loop
vertex 53.46116256713867 -146.0 49.646934509277344
vertex 60.193145751953125 -137.0 49.646934509277344
vertex 53.46116256713867 -115.0 49.646934509277344
endloop
endfacet
facet normal 0.0 0.0 -1.0
outer loop
vertex 53.8126335144043 -137.0 37.646934509277344
vertex 53.46116256713867 -112.0 37.646934509277344
vertex 54.23627471923828 -137.0 37.646934509277344
endloop
endfacet
facet normal -1.0 0.0 0.0
outer loop
vertex 53.46116256713867 -146.0 37.646934509277344
vertex 53.46116256713867 -115.0 45.19106674194336
vertex 53.46116256713867 -112.0 37.646934509277344
endloop
endfacet
facet normal -1.0 0.0 0.0
outer loop
vertex 53.46116256713867 -146.0 49.646934509277344
vertex 53.46116256713867 -115.0 49.646934509277344
vertex 53.46116256713867 -115.0 45.19106674194336
endloop
endfacet
facet normal -1.0 0.0 0.0
outer loop
vertex 53.46116256713867 -112.0 37.646934509277344
vertex 53.46116256713867 -115.0 45.19106674194336
vertex 53.46116256713867 -112.0 45.19106674194336
endloop
endfacet
facet normal 0.0 -1.0 0.0
outer loop
vertex 51.218772888183594 -115.0 45.19106674194336
vertex 53.46116256713867 -115.0 49.646934509277344
vertex 51.46116256713867 -115.0 51.646934509277344
endloop
endfacet
facet normal 0.0 -1.0 0.0
outer loop
vertex 51.218772888183594 -115.0 45.19106674194336
vertex 53.46116256713867 -115.0 45.19106674194336
vertex 53.46116256713867 -115.0 49.646934509277344
endloop
endfacet
facet normal 0.0 0.0 -0.9999999999999999
outer loop
vertex 51.218772888183594 -115.0 45.19106674194336
vertex 53.46116256713867 -112.0 45.19106674194336
vertex 53.46116256713867 -115.0 45.19106674194336
endloop
endfacet
facet normal -0.0 1.0 0.0
outer loop
vertex 53.8126335144043 -137.0 37.646934509277344
vertex 54.23627471923828 -137.0 37.646934509277344
vertex 72.92070007324219 -137.0 26.7227840423584
endloop
endfacet
facet normal 0.0 0.0 1.0
outer loop
vertex 53.46116256713867 -146.0 49.646934509277344
vertex 60.193145751953125 -146.0 49.646934509277344
vertex 60.193145751953125 -137.0 49.646934509277344
endloop
endfacet
facet normal -0.882947627980023 -3.574332781115476e-07 0.4694714967325738
outer loop
vertex 53.91310119628906 -149.0 37.83588409423828
vertex 64.2110366821289 -149.0 57.203487396240234
vertex 60.193145751953125 -146.0 49.646934509277344
endloop
endfacet
facet normal 0.0 -1.0 0.0
outer loop
vertex 53.91310119628906 -149.0 37.83588409423828
vertex 72.92070007324219 -149.0 26.7227840423584
vertex 64.2110366821289 -149.0 57.203487396240234
endloop
endfacet
facet normal -0.0 0.0 1.0
outer loop
vertex 53.46116256713867 -115.0 49.646934509277344
vertex 60.193145751953125 -137.0 49.646934509277344
vertex 77.1355972290039 -137.0 49.646934509277344
endloop
endfacet
facet normal 0.0 1.0 0.0
outer loop
vertex 53.46116256713867 -112.0 37.646934509277344
vertex 53.46116256713867 -112.0 45.19106674194336
vertex 85.4611587524414 -112.0 45.19106674194336
endloop
endfacet
facet normal -0.9992959068252647 0.0 0.0375192031134997
outer loop
vertex 51.218772888183594 -115.0 45.19106674194336
vertex 51.46116256713867 -115.0 51.646934509277344
vertex 51.46116256713867 -7.0 51.646934509277344
endloop
endfacet
facet normal 0.0 -0.0 -1.0
outer loop
vertex 51.218772888183594 -115.0 45.19106674194336
vertex 87.2187728881836 -7.0 45.19106674194336
vertex 53.46116256713867 -112.0 45.19106674194336
endloop
endfacet
facet normal -0.8829475691584964 0.0 0.4694716073599152
outer loop
vertex 60.193145751953125 -146.0 49.646934509277344
vertex 64.2110366821289 -149.0 57.203487396240234
vertex 60.193145751953125 -137.0 49.646934509277344
endloop
endfacet
facet normal -0.8829475691584964 0.0 0.4694716073599152
outer loop
vertex 60.193145751953125 -137.0 49.646934509277344
vertex 64.2110366821289 -149.0 57.203487396240234
vertex 64.2110366821289 -137.0 57.203487396240234
endloop
endfacet
facet normal 0.0 -1.0 0.0
outer loop
vertex 53.46116256713867 -115.0 49.646934509277344
vertex 87.4611587524414 -115.0 51.646934509277344
vertex 51.46116256713867 -115.0 51.646934509277344
endloop
endfacet
facet normal -0.999295928547955 4.7067196314874734e-08 0.03751862454139636
outer loop
vertex 37.48819351196289 -7.0 19.36760139465332
vertex 37.7305793762207 -7.0 25.823467254638672
vertex 37.492103576660156 6.77419376373291 19.47172737121582
endloop
endfacet
facet normal 0.0 0.0 -1.0
outer loop
vertex 37.48819351196289 -7.0 19.36760139465332
vertex 42.63105010986328 5.0 19.36760139465332
vertex 51.23737716674805 -5.0 19.36760139465332
endloop
endfacet
facet normal -0.0 -1.0 0.0
outer loop
vertex 37.48819351196289 -7.0 19.36760139465332
vertex 62.393882751464844 -7.0 33.35531234741211
vertex 37.7305793762207 -7.0 25.823467254638672
endloop
endfacet
facet normal -0.8829476630979369 0.0 0.46947143068550207
outer loop
vertex 49.95343780517578 -5.0 16.952861785888672
vertex 51.23737716674805 -5.0 19.36760139465332
vertex 51.23737716674805 5.0 19.36760139465332
endloop
endfacet
facet normal 0.0 -1.0 0.0
outer loop
vertex 37.7305793762207 -7.0 25.823467254638672
vertex 62.7978630065918 -7.0 44.115089416503906
vertex 51.218772888183594 -7.0 45.19106674194336
endloop
endfacet
facet normal 0.0 -1.0 0.0
outer loop
vertex 37.7305793762207 -7.0 25.823467254638672
vertex 51.218772888183594 -7.0 45.19106674194336
vertex 51.46116256713867 -7.0 51.646934509277344
endloop
endfacet
facet normal -0.8829475631886187 0.0 0.4694716185876203
outer loop
vertex 37.7305793762207 -7.0 25.823467254638672
vertex 51.46116256713867 -7.0 51.646934509277344
vertex 51.46116256713867 -5.0 51.646934509277344
endloop
endfacet
facet normal -0.8829475631886188 0.0 0.4694716185876203
outer loop
vertex 37.7305793762207 -7.0 25.823467254638672
vertex 51.46116256713867 -5.0 51.646934509277344
vertex 51.46116256713867 7.0 51.646934509277344
endloop
endfacet
facet normal -0.9992959068252647 0.0 0.0375192031134997
outer loop
vertex 51.218772888183594 -115.0 45.19106674194336
vertex 51.46116256713867 -7.0 51.646934509277344
vertex 51.218772888183594 -7.0 45.19106674194336
endloop
endfacet
facet normal 0.0 0.0 -1.0
outer loop
vertex 51.218772888183594 -115.0 45.19106674194336
vertex 51.218772888183594 -7.0 45.19106674194336
vertex 87.2187728881836 -7.0 45.19106674194336
endloop
endfacet
facet normal -0.5047293801920311 0.0 -0.8632776220723946
outer loop
vertex 49.95343780517578 -5.0 16.952861785888672
vertex 49.95343780517578 5.0 16.952861785888672
vertex 58.02603530883789 -2.799999952316284 12.233085632324219
endloop
endfacet
facet normal -0.5047293616113145 -9.14854541557698e-08 -0.8632776329359093
outer loop
vertex 49.95343780517578 -5.0 16.952861785888672
vertex 58.02603530883789 -2.799999952316284 12.233085632324219
vertex 63.77714538574219 -5.0 8.87060546875
endloop
endfacet
facet normal 0.0 0.0 -1.0
outer loop
vertex 37.48819351196289 -7.0 19.36760139465332
vertex 51.23737716674805 -5.0 19.36760139465332
vertex 69.3584976196289 -5.0 19.36760139465332
endloop
endfacet
facet normal 0.0 -1.0 0.0
outer loop
vertex 49.95343780517578 -5.0 16.952861785888672
vertex 69.3584976196289 -5.0 19.36760139465332
vertex 51.23737716674805 -5.0 19.36760139465332
endloop
endfacet
facet normal -0.5047293355303282 -0.0 -0.863277648184588
outer loop
vertex 58.02603530883789 -2.799999952316284 12.233085632324219
vertex 63.77714538574219 -2.799999952316284 8.87060546875
vertex 63.77714538574219 -5.0 8.87060546875
endloop
endfacet
facet normal 0.0 -1.0 0.0
outer loop
vertex 49.95343780517578 -5.0 16.952861785888672
vertex 63.77714538574219 -5.0 8.87060546875
vertex 69.3584976196289 -5.0 19.36760139465332
endloop
endfacet
facet normal -0.0 1.0 0.0
outer loop
vertex 58.02603530883789 -2.799999952316284 12.233085632324219
vertex 69.3584976196289 -2.799999952316284 19.36760139465332
vertex 63.77714538574219 -2.799999952316284 8.87060546875
endloop
endfacet
facet normal 0.0 0.0 -1.0
outer loop
vertex 37.48819351196289 -7.0 19.36760139465332
vertex 69.3584976196289 -5.0 19.36760139465332
vertex 73.48818969726562 -7.0 19.36760139465332
endloop
endfacet
facet normal 0.0 -0.9999999999999999 0.0
outer loop
vertex 37.48819351196289 -7.0 19.36760139465332
vertex 73.48818969726562 -7.0 19.36760139465332
vertex 62.393882751464844 -7.0 33.35531234741211
endloop
endfacet
facet normal 0.8829475564114109 0.0 -0.4694716313336924
outer loop
vertex 58.02603530883789 -2.799999952316284 12.233085632324219
vertex 63.72123718261719 2.799999952316284 22.94420051574707
vertex 63.72123718261719 -2.799999952316284 22.94420051574707
endloop
endfacet
facet normal -0.0 0.9999999999999999 0.0
outer loop
vertex 58.02603530883789 -2.799999952316284 12.233085632324219
vertex 63.72123718261719 -2.799999952316284 22.94420051574707
vertex 69.3584976196289 -2.799999952316284 19.36760139465332
endloop
endfacet
facet normal 0.0 -1.0 0.0
outer loop
vertex 37.7305793762207 -7.0 25.823467254638672
vertex 62.393882751464844 -7.0 33.35531234741211
vertex 62.7978630065918 -7.0 44.115089416503906
endloop
endfacet
facet normal -0.9992959153481412 0.0 0.03751897611236839
outer loop
vertex 62.393882751464844 -11.0 33.35531234741211
vertex 62.7978630065918 -7.0 44.115089416503906
vertex 62.393882751464844 -7.0 33.35531234741211
endloop
endfacet
facet normal -0.9992959153481412 0.0 0.03751897611236839
outer loop
vertex 62.393882751464844 -11.0 33.35531234741211
vertex 62.7978630065918 -11.0 44.115089416503906
vertex 62.7978630065918 -7.0 44.115089416503906
endloop
endfacet
facet normal 0.0 -0.0 1.0
outer loop
vertex 51.46116256713867 -115.0 51.646934509277344
vertex 86.8805160522461 -6.77419376373291 51.646934509277344
vertex 51.46116256713867 -7.0 51.646934509277344
endloop
endfacet
facet normal 0.0 -0.0 1.0
outer loop
vertex 51.46116256713867 -7.0 51.646934509277344
vertex 86.8805160522461 -6.77419376373291 51.646934509277344
vertex 51.46116256713867 -5.0 51.646934509277344
endloop
endfacet
facet normal 0.0 0.0 1.0
outer loop
vertex 51.46116256713867 -5.0 51.646934509277344
vertex 68.40060424804688 -5.0 51.646934509277344
vertex 68.40060424804688 5.0 51.646934509277344
endloop
endfacet
facet normal 0.8829475051708146 0.0 -0.4694717277032075
outer loop
vertex 62.622764587402344 -149.0 7.355183124542236
vertex 62.622764587402344 -146.8000030517578 7.355183124542236
vertex 68.4442138671875 -146.8000030517578 18.30373191833496
endloop
endfacet
facet normal 0.8829476040238932 0.0 -0.4694715417876426
outer loop
vertex 62.622764587402344 -139.1999969482422 7.355183124542236
vertex 62.622764587402344 -137.0 7.355183124542236
vertex 72.92070007324219 -137.0 26.7227840423584
endloop
endfacet
facet normal 0.8829476040232714 -1.1868079266103296e-06 -0.46947154178731204
outer loop
vertex 62.622764587402344 -149.0 7.355183124542236
vertex 68.4442138671875 -146.8000030517578 18.30373191833496
vertex 72.92070007324219 -149.0 26.7227840423584
endloop
endfacet
facet normal 0.8829475051688688 2.0994215898514176e-06 -0.4694717277021729
outer loop
vertex 62.622764587402344 -139.1999969482422 7.355183124542236
vertex 72.92070007324219 -137.0 26.7227840423584
vertex 68.4442138671875 -139.1999969482422 18.30373191833496
endloop
endfacet
facet normal -0.46947152598480846 -0.0 -0.8829476124264083
outer loop
vertex 60.35944747924805 -146.8000030517578 22.60247802734375
vertex 68.4442138671875 -139.1999969482422 18.30373191833496
vertex 68.4442138671875 -146.8000030517578 18.30373191833496
endloop
endfacet
facet normal 0.8829477325772654 0.0 -0.46947130001381954
outer loop
vertex 68.4442138671875 -146.8000030517578 18.30373191833496
vertex 68.4442138671875 -139.1999969482422 18.30373191833496
vertex 72.92070007324219 -149.0 26.7227840423584
endloop
endfacet
facet normal 0.8829477325772653 0.0 -0.4694713000138195
outer loop
vertex 68.4442138671875 -139.1999969482422 18.30373191833496
vertex 72.92070007324219 -137.0 26.7227840423584
vertex 72.92070007324219 -149.0 26.7227840423584
endloop
endfacet
facet normal -0.0 1.0 0.0
outer loop
vertex 54.23627471923828 -137.0 37.646934509277344
vertex 78.72917175292969 -137.0 37.646934509277344
vertex 72.92070007324219 -137.0 26.7227840423584
endloop
endfacet
facet normal 0.0 0.0 -1.0
outer loop
vertex 54.23627471923828 -137.0 37.646934509277344
vertex 53.46116256713867 -112.0 37.646934509277344
vertex 85.4611587524414 -112.0 37.646934509277344
endloop
endfacet
facet normal 0.8829476651081771 0.0 -0.4694714269047886
outer loop
vertex 72.92070007324219 -149.0 26.7227840423584
vertex 72.92070007324219 -137.0 26.7227840423584
vertex 78.72917175292969 -137.0 37.646934509277344
endloop
endfacet
facet normal 0.8829476651081771 0.0 -0.4694714269047886
outer loop
vertex 72.92070007324219 -149.0 26.7227840423584
vertex 78.72917175292969 -137.0 37.646934509277344
vertex 78.72917175292969 -146.0 37.646934509277344
endloop
endfacet
facet normal 0.0 -1.0 0.0
outer loop
vertex 64.2110366821289 -149.0 57.203487396240234
vertex 72.92070007324219 -149.0 26.7227840423584
vertex 83.21863555908203 -149.0 46.09038543701172
endloop
endfacet
facet normal 0.0 -0.0 -1.0
outer loop
vertex 54.23627471923828 -137.0 37.646934509277344
vertex 85.4611587524414 -112.0 37.646934509277344
vertex 78.72917175292969 -137.0 37.646934509277344
endloop
endfacet
facet normal -0.0 0.0 1.0
outer loop
vertex 53.46116256713867 -115.0 49.646934509277344
vertex 77.1355972290039 -137.0 49.646934509277344
vertex 85.4611587524414 -115.0 49.646934509277344
endloop
endfacet
facet normal -0.0 1.0 0.0
outer loop
vertex 53.46116256713867 -112.0 37.646934509277344
vertex 85.4611587524414 -112.0 45.19106674194336
vertex 85.4611587524414 -112.0 37.646934509277344
endloop
endfacet
facet normal 0.0 -0.0 -1.0
outer loop
vertex 53.46116256713867 -112.0 45.19106674194336
vertex 87.2187728881836 -7.0 45.19106674194336
vertex 85.4611587524414 -112.0 45.19106674194336
endloop
endfacet
facet normal 0.8829476088150231 4.945121789453608e-07 -0.46947153277657694
outer loop
vertex 72.92070007324219 -149.0 26.7227840423584
vertex 78.72917175292969 -146.0 37.646934509277344
vertex 83.21863555908203 -149.0 46.09038543701172
endloop
endfacet
facet normal 0.0 0.0 -0.9999999999999999
outer loop
vertex 78.72917175292969 -146.0 37.646934509277344
vertex 78.72917175292969 -137.0 37.646934509277344
vertex 85.4611587524414 -146.0 37.646934509277344
endloop
endfacet
facet normal 0.0 0.0 -1.0
outer loop
vertex 78.72917175292969 -137.0 37.646934509277344
vertex 85.4611587524414 -112.0 37.646934509277344
vertex 85.4611587524414 -146.0 37.646934509277344
endloop
endfacet
facet normal 0.0 -1.0 0.0
outer loop
vertex 78.72917175292969 -146.0 37.646934509277344
vertex 85.4611587524414 -146.0 37.646934509277344
vertex 83.21863555908203 -146.0 46.09038543701172
endloop
endfacet
facet normal 0.8829475359830886 0.0 -0.4694716697537694
outer loop
vertex 78.72917175292969 -146.0 37.646934509277344
vertex 83.21863555908203 -146.0 46.09038543701172
vertex 83.21863555908203 -149.0 46.09038543701172
endloop
endfacet
facet normal 0.8829474323010658 0.0 -0.4694718647511849
outer loop
vertex 83.21863555908203 -149.0 46.09038543701172
vertex 83.21863555908203 -146.0 46.09038543701172
vertex 85.10968780517578 -146.0 49.646934509277344
endloop
endfacet
facet normal 0.0 0.0 0.9999999999999999
outer loop
vertex 77.1355972290039 -137.0 49.646934509277344
vertex 85.10968780517578 -137.0 49.646934509277344
vertex 85.4611587524414 -115.0 49.646934509277344
endloop
endfacet
facet normal 0.0 -1.0 0.0
outer loop
vertex 83.21863555908203 -146.0 46.09038543701172
vertex 85.4611587524414 -146.0 37.646934509277344
vertex 85.4611587524414 -146.0 49.646934509277344
endloop
endfacet
facet normal 0.0 -1.0 0.0
outer loop
vertex 83.21863555908203 -146.0 46.09038543701172
vertex 85.4611587524414 -146.0 49.646934509277344
vertex 85.10968780517578 -146.0 49.646934509277344
endloop
endfacet
facet normal 1.0 0.0 -0.0
outer loop
vertex 85.4611587524414 -146.0 37.646934509277344
vertex 85.4611587524414 -112.0 37.646934509277344
vertex 85.4611587524414 -146.0 49.646934509277344
endloop
endfacet
facet normal 0.0 0.0 1.0
outer loop
vertex 85.10968780517578 -146.0 49.646934509277344
vertex 85.4611587524414 -146.0 49.646934509277344
vertex 85.4611587524414 -115.0 49.646934509277344
endloop
endfacet
facet normal 0.0 -0.0 1.0
outer loop
vertex 85.10968780517578 -146.0 49.646934509277344
vertex 85.4611587524414 -115.0 49.646934509277344
vertex 85.10968780517578 -137.0 49.646934509277344
endloop
endfacet
facet normal 1.0 -0.0 -0.0
outer loop
vertex 85.4611587524414 -146.0 49.646934509277344
vertex 85.4611587524414 -112.0 37.646934509277344
vertex 85.4611587524414 -115.0 45.19106674194336
endloop
endfacet
facet normal 1.0 -0.0 0.0
outer loop
vertex 85.4611587524414 -146.0 49.646934509277344
vertex 85.4611587524414 -115.0 45.19106674194336
vertex 85.4611587524414 -115.0 49.646934509277344
endloop
endfacet
facet normal 1.0 0.0 -0.0
outer loop
vertex 85.4611587524414 -112.0 37.646934509277344
vertex 85.4611587524414 -112.0 45.19106674194336
vertex 85.4611587524414 -115.0 45.19106674194336
endloop
endfacet
facet normal 0.0 -1.0 0.0
outer loop
vertex 85.4611587524414 -115.0 45.19106674194336
vertex 87.2187728881836 -115.0 45.19106674194336
vertex 85.4611587524414 -115.0 49.646934509277344
endloop
endfacet
facet normal 0.0 0.0 -1.0
outer loop
vertex 85.4611587524414 -115.0 45.19106674194336
vertex 85.4611587524414 -112.0 45.19106674194336
vertex 87.2187728881836 -115.0 45.19106674194336
endloop
endfacet
facet normal 0.0 -1.0 0.0
outer loop
vertex 85.4611587524414 -115.0 49.646934509277344
vertex 87.2187728881836 -115.0 45.19106674194336
vertex 87.4611587524414 -115.0 51.646934509277344
endloop
endfacet
facet normal 0.0 0.0 -1.0
outer loop
vertex 85.4611587524414 -112.0 45.19106674194336
vertex 87.2187728881836 -7.0 45.19106674194336
vertex 87.2187728881836 -115.0 45.19106674194336
endloop
endfacet
facet normal 0.9992959289635442 0.0 -0.037518613472339986
outer loop
vertex 87.2187728881836 -115.0 45.19106674194336
vertex 87.4611587524414 -5.0 51.646934509277344
vertex 87.4611587524414 -115.0 51.646934509277344
endloop
endfacet
facet normal -0.0 1.0 0.0
outer loop
vertex 60.193145751953125 -137.0 49.646934509277344
vertex 64.2110366821289 -137.0 57.203487396240234
vertex 77.1355972290039 -137.0 49.646934509277344
endloop
endfacet
facet normal -0.8829475513202591 0.0 0.4694716409087542
outer loop
vertex 64.2110366821289 -149.0 57.203487396240234
vertex 74.50897216796875 -137.0 76.57108306884766
vertex 64.2110366821289 -137.0 57.203487396240234
endloop
endfacet
facet normal -0.8829475513202591 0.0 0.4694716409087542
outer loop
vertex 64.2110366821289 -149.0 57.203487396240234
vertex 74.50897216796875 -149.0 76.57108306884766
vertex 74.50897216796875 -137.0 76.57108306884766
endloop
endfacet
facet normal 0.0 -1.0 0.0
outer loop
vertex 64.2110366821289 -149.0 57.203487396240234
vertex 83.21863555908203 -149.0 46.09038543701172
vertex 74.50897216796875 -149.0 76.57108306884766
endloop
endfacet
facet normal 0.0 0.9999999999999999 0.0
outer loop
vertex 64.2110366821289 -137.0 57.203487396240234
vertex 85.10968780517578 -137.0 49.646934509277344
vertex 77.1355972290039 -137.0 49.646934509277344
endloop
endfacet
facet normal -0.0 1.0 0.0
outer loop
vertex 64.2110366821289 -137.0 57.203487396240234
vertex 74.50897216796875 -137.0 76.57108306884766
vertex 85.10968780517578 -137.0 49.646934509277344
endloop
endfacet
facet normal 0.0 -1.0 0.0
outer loop
vertex 53.46116256713867 -115.0 49.646934509277344
vertex 85.4611587524414 -115.0 49.646934509277344
vertex 87.4611587524414 -115.0 51.646934509277344
endloop
endfacet
facet normal -0.8829476323532142 0.0 0.4694714885079318
outer loop
vertex 74.50897216796875 -149.0 76.57108306884766
vertex 81.27379608154297 -146.0 89.29386901855469
vertex 74.50897216796875 -137.0 76.57108306884766
endloop
endfacet
facet normal 0.0 -0.0 1.0
outer loop
vertex 51.46116256713867 -115.0 51.646934509277344
vertex 87.4611587524414 -115.0 51.646934509277344
vertex 86.8805160522461 -6.77419376373291 51.646934509277344
endloop
endfacet
facet normal 0.0 -1.0 0.0
outer loop
vertex 83.21863555908203 -149.0 46.09038543701172
vertex 93.51657104492188 -149.0 65.4579849243164
vertex 74.50897216796875 -149.0 76.57108306884766
endloop
endfacet
facet normal -0.0 1.0 -0.0
outer loop
vertex 85.10968780517578 -137.0 49.646934509277344
vertex 74.50897216796875 -137.0 76.57108306884766
vertex 93.51657104492188 -137.0 65.4579849243164
endloop
endfacet
facet normal 0.8829475896500887 -4.500155974592051e-07 -0.4694715688206219
outer loop
vertex 83.21863555908203 -149.0 46.09038543701172
vertex 85.10968780517578 -146.0 49.646934509277344
vertex 93.51657104492188 -149.0 65.4579849243164
endloop
endfacet
facet normal 0.8829476250443948 0.0 -0.46947150225382434
outer loop
vertex 85.10968780517578 -146.0 49.646934509277344
vertex 85.10968780517578 -137.0 49.646934509277344
vertex 93.51657104492188 -137.0 65.4579849243164
endloop
endfacet
facet normal 0.882947625044395 0.0 -0.4694715022538244
outer loop
vertex 85.10968780517578 -146.0 49.646934509277344
vertex 93.51657104492188 -137.0 65.4579849243164
vertex 93.51657104492188 -149.0 65.4579849243164
endloop
endfacet
facet normal 0.0 -1.0 0.0
outer loop
vertex 74.50897216796875 -149.0 76.57108306884766
vertex 93.51657104492188 -149.0 65.4579849243164
vertex 84.8069076538086 -149.0 95.93869018554688
endloop
endfacet
facet normal -0.0 1.0 0.0
outer loop
vertex 74.50897216796875 -137.0 76.57108306884766
vertex 81.27379608154297 -137.0 89.29386901855469
vertex 93.51657104492188 -137.0 65.4579849243164
endloop
endfacet
facet normal -0.8829476323532142 0.0 0.4694714885079318
outer loop
vertex 74.50897216796875 -137.0 76.57108306884766
vertex 81.27379608154297 -146.0 89.29386901855469
vertex 81.27379608154297 -137.0 89.29386901855469
endloop
endfacet
facet normal -0.8829476663099097 3.4741049097660166e-07 0.4694714246445288
outer loop
vertex 74.50897216796875 -149.0 76.57108306884766
vertex 84.8069076538086 -149.0 95.93869018554688
vertex 81.27379608154297 -146.0 89.29386901855469
endloop
endfacet
facet normal 0.0 0.0 -1.0
outer loop
vertex 80.92232513427734 -146.0 89.29386901855469
vertex 80.92232513427734 -112.0 89.29386901855469
vertex 81.27379608154297 -146.0 89.29386901855469
endloop
endfacet
facet normal 0.0 0.0 -1.0
outer loop
vertex 81.27379608154297 -146.0 89.29386901855469
vertex 80.92232513427734 -112.0 89.29386901855469
vertex 81.27379608154297 -137.0 89.29386901855469
endloop
endfacet
facet normal 0.0 -1.0 0.0
outer loop
vertex 80.92232513427734 -146.0 89.29386901855469
vertex 81.27379608154297 -146.0 89.29386901855469
vertex 84.8069076538086 -146.0 95.93869018554688
endloop
endfacet
facet normal -1.0 0.0 0.0
outer loop
vertex 80.92232513427734 -146.0 89.29386901855469
vertex 80.92232513427734 -115.0 96.83800506591797
vertex 80.92232513427734 -112.0 89.29386901855469
endloop
endfacet
facet normal 0.0 0.0 -1.0
outer loop
vertex 81.27379608154297 -137.0 89.29386901855469
vertex 80.92232513427734 -112.0 89.29386901855469
vertex 96.17205810546875 -137.0 89.29386901855469
endloop
endfacet
facet normal 0.8829475755658962 0.0 -0.4694715953093498
outer loop
vertex 63.77714538574219 -5.0 8.87060546875
vertex 63.77714538574219 -2.799999952316284 8.87060546875
vertex 69.3584976196289 -2.799999952316284 19.36760139465332
endloop
endfacet
facet normal 0.8829475755658962 0.0 -0.4694715953093498
outer loop
vertex 63.77714538574219 -5.0 8.87060546875
vertex 69.3584976196289 -2.799999952316284 19.36760139465332
vertex 69.3584976196289 -5.0 19.36760139465332
endloop
endfacet
facet normal 0.0 0.9999999999999999 0.0
outer loop
vertex 63.72123718261719 -2.799999952316284 22.94420051574707
vertex 70.44784545898438 -2.799999952316284 19.36760139465332
vertex 69.3584976196289 -2.799999952316284 19.36760139465332
endloop
endfacet
facet normal -0.4694713640028507 -0.0 -0.8829476985537155
outer loop
vertex 63.72123718261719 -2.799999952316284 22.94420051574707
vertex 70.44784545898438 2.799999952316284 19.36760139465332
vertex 70.44784545898438 -2.799999952316284 19.36760139465332
endloop
endfacet
facet normal 0.0 0.0 -1.0
outer loop
vertex 69.3584976196289 -5.0 19.36760139465332
vertex 69.3584976196289 -2.799999952316284 19.36760139465332
vertex 70.44784545898438 -2.799999952316284 19.36760139465332
endloop
endfacet
facet normal 0.0 -1.0 0.0
outer loop
vertex 62.393882751464844 -7.0 33.35531234741211
vertex 73.48818969726562 -7.0 19.36760139465332
vertex 72.92588806152344 -7.0 29.768720626831055
endloop
endfacet
facet normal 0.0 0.0 -1.0
outer loop
vertex 69.3584976196289 -5.0 19.36760139465332
vertex 70.44784545898438 -2.799999952316284 19.36760139465332
vertex 73.48818969726562 -7.0 19.36760139465332
endloop
endfacet
facet normal 0.0 0.0 -1.0
outer loop
vertex 70.44784545898438 -2.799999952316284 19.36760139465332
vertex 70.44784545898438 2.799999952316284 19.36760139465332
vertex 73.48818969726562 -7.0 19.36760139465332
endloop
endfacet
facet normal 0.8829475899616798 0.0 -0.46947156823482006
outer loop
vertex 73.48818969726562 -7.0 19.36760139465332
vertex 73.48818969726562 5.0 19.36760139465332
vertex 78.0844955444336 -5.040786266326904 28.011995315551758
endloop
endfacet
facet normal 0.8829489649903278 -1.4636974836395929e-05 -0.4694689819447796
outer loop
vertex 73.48818969726562 -7.0 19.36760139465332
vertex 78.0844955444336 -5.040786266326904 28.011995315551758
vertex 78.20152282714844 -5.0 28.232091903686523
endloop
endfacet
facet normal 0.3510930074636405 -0.9362477966841188 -0.013181931355797377
outer loop
vertex 62.393882751464844 -11.0 33.35531234741211
vertex 73.060546875 -7.0 33.35531234741211
vertex 62.7978630065918 -11.0 44.115089416503906
endloop
endfacet
facet normal -0.32236272298308394 0.0 -0.9466162236254623
outer loop
vertex 62.393882751464844 -11.0 33.35531234741211
vertex 62.393882751464844 -7.0 33.35531234741211
vertex 72.92588806152344 -7.0 29.768720626831055
endloop
endfacet
facet normal 0.3510930080289001 -0.9362477981914773 -0.013181809239616926
outer loop
vertex 62.393882751464844 -11.0 33.35531234741211
vertex 72.92588806152344 -7.0 29.768720626831055
vertex 73.060546875 -7.0 33.35531234741211
endloop
endfacet
facet normal 0.0 -0.0 1.0
outer loop
vertex 62.7978630065918 -11.0 44.115089416503906
vertex 73.46452331542969 -7.0 44.115089416503906
vertex 62.7978630065918 -7.0 44.115089416503906
endloop
endfacet
facet normal 0.0 -1.0 0.0
outer loop
vertex 51.218772888183594 -7.0 45.19106674194336
vertex 62.7978630065918 -7.0 44.115089416503906
vertex 87.2187728881836 -7.0 45.19106674194336
endloop
endfacet
facet normal 0.35109311810120336 -0.9362477568890599 -0.013181811035593861
outer loop
vertex 62.7978630065918 -11.0 44.115089416503906
vertex 73.060546875 -7.0 33.35531234741211
vertex 73.46452331542969 -7.0 44.115089416503906
endloop
endfacet
facet normal -0.0 -1.0 0.0
outer loop
vertex 72.92588806152344 -7.0 29.768720626831055
vertex 87.2187728881836 -7.0 45.19106674194336
vertex 73.060546875 -7.0 33.35531234741211
endloop
endfacet
facet normal 0.0 -1.0 0.0
outer loop
vertex 62.7978630065918 -7.0 44.115089416503906
vertex 73.46452331542969 -7.0 44.115089416503906
vertex 87.2187728881836 -7.0 45.19106674194336
endloop
endfacet
facet normal 0.9992959289635445 0.0 -0.03751861347233999
outer loop
vertex 87.2187728881836 -115.0 45.19106674194336
vertex 87.2187728881836 -7.0 45.19106674194336
vertex 87.4611587524414 -5.0 51.646934509277344
endloop
endfacet
facet normal 0.35109021988349093 -0.9362488585889934 -0.0131807546433877
outer loop
vertex 78.0844955444336 -5.040786266326904 28.011995315551758
vertex 78.19188690185547 -5.0 27.97542381286621
vertex 78.20152282714844 -5.0 28.232091903686523
endloop
endfacet
facet normal -0.3223644532197535 -0.0 -0.9466156344051841
outer loop
vertex 78.0844955444336 -5.040786266326904 28.011995315551758
vertex 78.19188690185547 5.0 27.97542381286621
vertex 78.19188690185547 -5.0 27.97542381286621
endloop
endfacet
facet normal 0.9992960297461752 0.0 -0.0375159290639504
outer loop
vertex 78.19188690185547 -5.0 27.97542381286621
vertex 78.20152282714844 5.0 28.232091903686523
vertex 78.20152282714844 -5.0 28.232091903686523
endloop
endfacet
facet normal -0.0 -0.9999999999999999 0.0
outer loop
vertex 73.48818969726562 -7.0 19.36760139465332
vertex 87.2187728881836 -7.0 45.19106674194336
vertex 72.92588806152344 -7.0 29.768720626831055
endloop
endfacet
facet normal 0.8829475488147861 5.065431813095528e-07 -0.4694716456205896
outer loop
vertex 73.48818969726562 -7.0 19.36760139465332
vertex 78.20152282714844 -5.0 28.232091903686523
vertex 87.2187728881836 -7.0 45.19106674194336
endloop
endfacet
facet normal 0.8829475240525894 0.0 -0.469471692191768
outer loop
vertex 78.20152282714844 -5.0 28.232091903686523
vertex 78.20152282714844 5.0 28.232091903686523
vertex 87.2187728881836 -7.0 45.19106674194336
endloop
endfacet
facet normal -0.0 -1.0 0.0
outer loop
vertex 73.060546875 -7.0 33.35531234741211
vertex 87.2187728881836 -7.0 45.19106674194336
vertex 73.46452331542969 -7.0 44.115089416503906
endloop
endfacet
facet normal 0.8829475240525894 0.0 -0.469471692191768
outer loop
vertex 87.2187728881836 -7.0 45.19106674194336
vertex 78.20152282714844 5.0 28.232091903686523
vertex 87.2187728881836 -5.0 45.19106674194336
endloop
endfacet
facet normal 0.9992959289635445 0.0 -0.03751861347233999
outer loop
vertex 87.2187728881836 -7.0 45.19106674194336
vertex 87.2187728881836 -5.0 45.19106674194336
vertex 87.4611587524414 -5.0 51.646934509277344
endloop
endfacet
facet normal 0.9992959289635444 0.0 -0.037518613472339986
outer loop
vertex 87.2187728881836 -5.0 45.19106674194336
vertex 87.4611587524414 7.0 51.646934509277344
vertex 87.4611587524414 -5.0 51.646934509277344
endloop
endfacet
facet normal -0.0 -0.0 1.0
outer loop
vertex 51.46116256713867 -5.0 51.646934509277344
vertex 86.8805160522461 -6.77419376373291 51.646934509277344
vertex 68.40060424804688 -5.0 51.646934509277344
endloop
endfacet
facet normal -0.882947814009585 0.0 0.46947114686175867
outer loop
vertex 68.40060424804688 -5.0 51.646934509277344
vertex 70.54930877685547 -5.0 55.68806457519531
vertex 68.40060424804688 5.0 51.646934509277344
endloop
endfacet
facet normal 0.0 -1.0 0.0
outer loop
vertex 68.40060424804688 -5.0 51.646934509277344
vertex 77.46116638183594 -5.0 51.646934509277344
vertex 70.54930877685547 -5.0 55.68806457519531
endloop
endfacet
facet normal -0.0 -0.0 1.0
outer loop
vertex 68.40060424804688 -5.0 51.646934509277344
vertex 86.8805160522461 -6.77419376373291 51.646934509277344
vertex 77.46116638183594 -5.0 51.646934509277344
endloop
endfacet
facet normal 0.0 -1.0 0.0
outer loop
vertex 70.54930877685547 -5.0 55.68806457519531
vertex 77.46116638183594 -5.0 51.646934509277344
vertex 78.69853973388672 -5.0 71.01453399658203
endloop
endfacet
facet normal -0.8829475304933205 0.0 0.46947168007851847
outer loop
vertex 70.54930877685547 -5.0 55.68806457519531
vertex 78.69853973388672 -5.0 71.01453399658203
vertex 70.54930877685547 5.0 55.68806457519531
endloop
endfacet
facet normal -0.9992959297947199 0.0 0.037518591334246745
outer loop
vertex 64.94935607910156 -7.0 71.01453399658203
vertex 65.19174194335938 -7.0 77.47040557861328
vertex 64.94935607910156 5.0 71.01453399658203
endloop
endfacet
facet normal 0.0 0.0 -1.0
outer loop
vertex 64.94935607910156 -7.0 71.01453399658203
vertex 64.94935607910156 5.0 71.01453399658203
vertex 78.69853973388672 -5.0 71.01453399658203
endloop
endfacet
facet normal -0.0 -1.0 0.0
outer loop
vertex 64.94935607910156 -7.0 71.01453399658203
vertex 89.85504150390625 -7.0 85.00225067138672
vertex 65.19174194335938 -7.0 77.47040557861328
endloop
endfacet
facet normal 0.0 -0.0 0.9999999999999999
outer loop
vertex 87.4611587524414 -115.0 51.646934509277344
vertex 87.4611587524414 -5.0 51.646934509277344
vertex 86.8805160522461 -6.77419376373291 51.646934509277344
endloop
endfacet
facet normal -0.0 -0.0 1.0
outer loop
vertex 77.46116638183594 -5.0 51.646934509277344
vertex 86.8805160522461 -6.77419376373291 51.646934509277344
vertex 82.31829833984375 -5.0 51.646934509277344
endloop
endfacet
facet normal 0.0 -1.0 0.0
outer loop
vertex 77.46116638183594 -5.0 51.646934509277344
vertex 82.31829833984375 -5.0 51.646934509277344
vertex 87.75910186767578 -5.0 71.01453399658203
endloop
endfacet
facet normal 0.0 -1.0 0.0
outer loop
vertex 77.46116638183594 -5.0 51.646934509277344
vertex 87.75910186767578 -5.0 71.01453399658203
vertex 78.69853973388672 -5.0 71.01453399658203
endloop
endfacet
facet normal -0.0 -0.0 1.0
outer loop
vertex 82.31829833984375 -5.0 51.646934509277344
vertex 86.8805160522461 -6.77419376373291 51.646934509277344
vertex 86.52172088623047 -5.0 51.646934509277344
endloop
endfacet
facet normal -0.0 0.0 1.0
outer loop
vertex 86.52172088623047 -5.0 51.646934509277344
vertex 86.8805160522461 -6.77419376373291 51.646934509277344
vertex 87.4611587524414 -5.0 51.646934509277344
endloop
endfacet
facet normal 0.0 0.0 1.0
outer loop
vertex 86.52172088623047 -5.0 51.646934509277344
vertex 87.4611587524414 -5.0 51.646934509277344
vertex 87.4611587524414 7.0 51.646934509277344
endloop
endfacet
facet normal 0.0 -1.0 0.0
outer loop
vertex 82.31829833984375 -5.0 51.646934509277344
vertex 86.52172088623047 -5.0 51.646934509277344
vertex 87.75910186767578 -5.0 71.01453399658203
endloop
endfacet
facet normal 0.0 -1.0 0.0
outer loop
vertex 86.52172088623047 -5.0 51.646934509277344
vertex 94.67095184326172 -5.0 66.9734115600586
vertex 87.75910186767578 -5.0 71.01453399658203
endloop
endfacet
facet normal 0.0 0.0 -1.0
outer loop
vertex 64.94935607910156 -7.0 71.01453399658203
vertex 78.69853973388672 -5.0 71.01453399658203
vertex 100.94935607910156 -7.0 71.01453399658203
endloop
endfacet
facet normal 0.0 -1.0 0.0
outer loop
vertex 65.19174194335938 -7.0 77.47040557861328
vertex 90.25902557373047 -7.0 95.76202392578125
vertex 78.67993927001953 -7.0 96.83800506591797
endloop
endfacet
facet normal 0.0 -1.0 0.0
outer loop
vertex 65.19174194335938 -7.0 77.47040557861328
vertex 89.85504150390625 -7.0 85.00225067138672
vertex 90.25902557373047 -7.0 95.76202392578125
endloop
endfacet
facet normal 0.0 -1.0 0.0
outer loop
vertex 64.94935607910156 -7.0 71.01453399658203
vertex 100.94935607910156 -7.0 71.01453399658203
vertex 89.85504150390625 -7.0 85.00225067138672
endloop
endfacet
facet normal 0.0 0.0 -1.0
outer loop
vertex 78.69853973388672 -5.0 71.01453399658203
vertex 87.75910186767578 -5.0 71.01453399658203
vertex 100.94935607910156 -7.0 71.01453399658203
endloop
endfacet
facet normal -0.9992959015663587 0.0 0.037519343180262614
outer loop
vertex 89.85504150390625 -11.0 85.00225067138672
vertex 90.25902557373047 -11.0 95.76202392578125
vertex 90.25902557373047 -7.0 95.76202392578125
endloop
endfacet
facet normal -0.9992959015663587 0.0 0.037519343180262614
outer loop
vertex 89.85504150390625 -11.0 85.00225067138672
vertex 90.25902557373047 -7.0 95.76202392578125
vertex 89.85504150390625 -7.0 85.00225067138672
endloop
endfacet
facet normal -1.0 0.0 0.0
outer loop
vertex 80.92232513427734 -146.0 89.29386901855469
vertex 80.92232513427734 -146.0 101.29386901855469
vertex 80.92232513427734 -115.0 96.83800506591797
endloop
endfacet
facet normal 0.0 -1.0 0.0
outer loop
vertex 80.92232513427734 -146.0 89.29386901855469
vertex 84.8069076538086 -146.0 95.93869018554688
vertex 80.92232513427734 -146.0 101.29386901855469
endloop
endfacet
facet normal -0.882947731326673 0.0 0.4694713023658438
outer loop
vertex 81.27379608154297 -146.0 89.29386901855469
vertex 84.8069076538086 -149.0 95.93869018554688
vertex 84.8069076538086 -146.0 95.93869018554688
endloop
endfacet
facet normal 0.0 -1.0 0.0
outer loop
vertex 80.92232513427734 -146.0 101.29386901855469
vertex 84.8069076538086 -146.0 95.93869018554688
vertex 87.65430450439453 -146.0 101.29386901855469
endloop
endfacet
facet normal 0.0 -0.0 1.0
outer loop
vertex 80.92232513427734 -146.0 101.29386901855469
vertex 87.65430450439453 -137.0 101.29386901855469
vertex 80.92232513427734 -115.0 101.29386901855469
endloop
endfacet
facet normal -1.0 0.0 0.0
outer loop
vertex 80.92232513427734 -146.0 101.29386901855469
vertex 80.92232513427734 -115.0 101.29386901855469
vertex 80.92232513427734 -115.0 96.83800506591797
endloop
endfacet
facet normal -1.0 0.0 0.0
outer loop
vertex 80.92232513427734 -112.0 89.29386901855469
vertex 80.92232513427734 -115.0 96.83800506591797
vertex 80.92232513427734 -112.0 96.83800506591797
endloop
endfacet
facet normal 0.0 0.0 -1.0
outer loop
vertex 78.67993927001953 -115.0 96.83800506591797
vertex 80.92232513427734 -112.0 96.83800506591797
vertex 80.92232513427734 -115.0 96.83800506591797
endloop
endfacet
facet normal 0.0 -1.0 0.0
outer loop
vertex 78.67993927001953 -115.0 96.83800506591797
vertex 80.92232513427734 -115.0 96.83800506591797
vertex 80.92232513427734 -115.0 101.29386901855469
endloop
endfacet
facet normal 0.0 -0.9999999999999999 0.0
outer loop
vertex 78.67993927001953 -115.0 96.83800506591797
vertex 80.92232513427734 -115.0 101.29386901855469
vertex 78.92232513427734 -115.0 103.29386901855469
endloop
endfacet
facet normal -0.8829477461669973 0.0 0.469471274455232
outer loop
vertex 84.8069076538086 -149.0 95.93869018554688
vertex 87.65430450439453 -146.0 101.29386901855469
vertex 84.8069076538086 -146.0 95.93869018554688
endloop
endfacet
facet normal 0.0 0.0 1.0
outer loop
vertex 80.92232513427734 -146.0 101.29386901855469
vertex 87.65430450439453 -146.0 101.29386901855469
vertex 87.65430450439453 -137.0 101.29386901855469
endloop
endfacet
facet normal -0.8829475896499775 -6.740150193222024e-07 0.46947156882056285
outer loop
vertex 84.8069076538086 -149.0 95.93869018554688
vertex 95.10484313964844 -149.0 115.30628967285156
vertex 87.65430450439453 -146.0 101.29386901855469
endloop
endfacet
facet normal -0.882947529833553 0.0 0.46947168131936046
outer loop
vertex 87.65430450439453 -146.0 101.29386901855469
vertex 95.10484313964844 -149.0 115.30628967285156
vertex 87.65430450439453 -137.0 101.29386901855469
endloop
endfacet
facet normal 0.0 0.0 -1.0
outer loop
vertex 78.67993927001953 -115.0 96.83800506591797
vertex 78.67993927001953 -7.0 96.83800506591797
vertex 80.92232513427734 -112.0 96.83800506591797
endloop
endfacet
facet normal -0.9992959281323673 0.0 0.03751863561045933
outer loop
vertex 78.67993927001953 -115.0 96.83800506591797
vertex 78.92232513427734 -115.0 103.29386901855469
vertex 78.92232513427734 -7.0 103.29386901855469
endloop
endfacet
facet normal 0.0 0.0 -1.0
outer loop
vertex 80.92232513427734 -112.0 96.83800506591797
vertex 78.67993927001953 -7.0 96.83800506591797
vertex 112.92232513427734 -112.0 96.83800506591797
endloop
endfacet
facet normal 0.0 -1.0 0.0
outer loop
vertex 65.19174194335938 -7.0 77.47040557861328
vertex 78.67993927001953 -7.0 96.83800506591797
vertex 78.92232513427734 -7.0 103.29386901855469
endloop
endfacet
facet normal -0.8829475344411774 0.0 0.4694716726536819
outer loop
vertex 65.19174194335938 -7.0 77.47040557861328
vertex 78.92232513427734 -7.0 103.29386901855469
vertex 78.92232513427734 -5.0 103.29386901855469
endloop
endfacet
facet normal -0.8829475344411772 0.0 0.46947167265368184
outer loop
vertex 65.19174194335938 -7.0 77.47040557861328
vertex 78.92232513427734 -5.0 103.29386901855469
vertex 78.92232513427734 7.0 103.29386901855469
endloop
endfacet
facet normal -0.9992959281323673 0.0 0.03751863561045933
outer loop
vertex 78.67993927001953 -115.0 96.83800506591797
vertex 78.92232513427734 -7.0 103.29386901855469
vertex 78.67993927001953 -7.0 96.83800506591797
endloop
endfacet
facet normal 0.0 -0.0 1.0
outer loop
vertex 78.92232513427734 -115.0 103.29386901855469
vertex 95.55377197265625 -7.0 103.29386901855469
vertex 78.92232513427734 -7.0 103.29386901855469
endloop
endfacet
facet normal 0.0 -0.0 1.0
outer loop
vertex 78.92232513427734 -7.0 103.29386901855469
vertex 95.55377197265625 -7.0 103.29386901855469
vertex 78.92232513427734 -5.0 103.29386901855469
endloop
endfacet
facet normal 0.0 -1.0 0.0
outer loop
vertex 78.67993927001953 -7.0 96.83800506591797
vertex 90.25902557373047 -7.0 95.76202392578125
vertex 100.92568969726562 -7.0 95.76202392578125
endloop
endfacet
facet normal -0.0 0.0 1.0
outer loop
vertex 78.92232513427734 -5.0 103.29386901855469
vertex 95.55377197265625 -7.0 103.29386901855469
vertex 95.86176300048828 -5.0 103.29386901855469
endloop
endfacet
facet normal 0.0 0.0 1.0
outer loop
vertex 78.92232513427734 -5.0 103.29386901855469
vertex 95.86176300048828 -5.0 103.29386901855469
vertex 95.86176300048828 5.0 103.29386901855469
endloop
endfacet
facet normal 0.0 0.0 -1.0
outer loop
vertex 37.48819351196289 -7.0 19.36760139465332
vertex 37.48819351196289 7.0 19.36760139465332
vertex 37.52976989746094 6.983831882476807 19.36760139465332
endloop
endfacet
facet normal -0.9992956950934084 0.0 0.03752484200874647
outer loop
vertex 37.48819351196289 -7.0 19.36760139465332
vertex 37.492103576660156 6.77419376373291 19.47172737121582
vertex 37.48819351196289 7.0 19.36760139465332
endloop
endfacet
facet normal 0.0 0.0 -1.0
outer loop
vertex 37.52976989746094 6.983831882476807 19.36760139465332
vertex 37.48819351196289 7.0 19.36760139465332
vertex 37.53010559082031 7.0 19.36760139465332
endloop
endfacet
facet normal 0.0 0.0 -1.0
outer loop
vertex 37.48819351196289 -7.0 19.36760139465332
vertex 37.52976989746094 6.983831882476807 19.36760139465332
vertex 42.63105010986328 5.0 19.36760139465332
endloop
endfacet
facet normal 0.0 0.0 -1.0
outer loop
vertex 37.52976989746094 6.983831882476807 19.36760139465332
vertex 37.53010559082031 7.0 19.36760139465332
vertex 42.63105010986328 5.0 19.36760139465332
endloop
endfacet
facet normal -0.9992959323747251 0.0 0.03751852261655344
outer loop
vertex 37.7305793762207 -7.0 25.823467254638672
vertex 37.7305793762207 5.0 25.823467254638672
vertex 37.492103576660156 6.77419376373291 19.47172737121582
endloop
endfacet
facet normal -0.999295932374725 0.0 0.03751852261655343
outer loop
vertex 37.492103576660156 6.77419376373291 19.47172737121582
vertex 37.7305793762207 5.0 25.823467254638672
vertex 37.7305793762207 7.0 25.823467254638672
endloop
endfacet
facet normal -0.8829476630979369 0.0 0.46947143068550207
outer loop
vertex 49.95343780517578 -5.0 16.952861785888672
vertex 51.23737716674805 5.0 19.36760139465332
vertex 49.95343780517578 5.0 16.952861785888672
endloop
endfacet
facet normal 0.0 0.0 -1.0
outer loop
vertex 51.23737716674805 -5.0 19.36760139465332
vertex 42.63105010986328 5.0 19.36760139465332
vertex 51.23737716674805 5.0 19.36760139465332
endloop
endfacet
facet normal 0.0 -0.0 -1.0
outer loop
vertex 42.63105010986328 5.0 19.36760139465332
vertex 51.641937255859375 7.0 19.36760139465332
vertex 51.23737716674805 5.0 19.36760139465332
endloop
endfacet
facet normal -0.8829475631886188 0.0 0.4694716185876203
outer loop
vertex 37.7305793762207 -7.0 25.823467254638672
vertex 51.46116256713867 7.0 51.646934509277344
vertex 37.7305793762207 5.0 25.823467254638672
endloop
endfacet
facet normal -0.8829475631886187 0.0 0.4694716185876203
outer loop
vertex 37.7305793762207 5.0 25.823467254638672
vertex 51.46116256713867 7.0 51.646934509277344
vertex 37.7305793762207 7.0 25.823467254638672
endloop
endfacet
facet normal -0.0 1.0 0.0
outer loop
vertex 37.7305793762207 7.0 25.823467254638672
vertex 51.46116256713867 7.0 51.646934509277344
vertex 62.393882751464844 7.0 33.35531234741211
endloop
endfacet
facet normal 0.0 0.0 -1.0
outer loop
vertex 37.53010559082031 7.0 19.36760139465332
vertex 37.48819351196289 7.0 19.36760139465332
vertex 39.7305793762207 112.0 19.36760139465332
endloop
endfacet
facet normal -0.9992957218853604 -3.2947284622226367e-07 0.03752412852429673
outer loop
vertex 37.492103576660156 6.77419376373291 19.47172737121582
vertex 37.7305793762207 115.0 25.823467254638672
vertex 37.48819351196289 7.0 19.36760139465332
endloop
endfacet
facet normal 0.0 0.0 -1.0
outer loop
vertex 37.53010559082031 7.0 19.36760139465332
vertex 39.7305793762207 112.0 19.36760139465332
vertex 42.63105010986328 5.0 19.36760139465332
endloop
endfacet
facet normal -0.9992959323747251 0.0 0.03751852261655344
outer loop
vertex 37.492103576660156 6.77419376373291 19.47172737121582
vertex 37.7305793762207 7.0 25.823467254638672
vertex 37.7305793762207 115.0 25.823467254638672
endloop
endfacet
facet normal -0.5047293801920312 0.0 -0.8632776220723946
outer loop
vertex 58.02603530883789 -2.799999952316284 12.233085632324219
vertex 49.95343780517578 5.0 16.952861785888672
vertex 58.02603530883789 2.799999952316284 12.233085632324219
endloop
endfacet
facet normal -0.0 1.0 0.0
outer loop
vertex 49.95343780517578 5.0 16.952861785888672
vertex 51.23737716674805 5.0 19.36760139465332
vertex 63.77714538574219 5.0 8.87060546875
endloop
endfacet
facet normal -0.5047293616113145 9.14854541557698e-08 -0.8632776329359093
outer loop
vertex 49.95343780517578 5.0 16.952861785888672
vertex 63.77714538574219 5.0 8.87060546875
vertex 58.02603530883789 2.799999952316284 12.233085632324219
endloop
endfacet
facet normal 0.0 0.0 -1.0
outer loop
vertex 51.23737716674805 5.0 19.36760139465332
vertex 51.641937255859375 7.0 19.36760139465332
vertex 69.3584976196289 5.0 19.36760139465332
endloop
endfacet
facet normal 0.8829475564114109 0.0 -0.4694716313336924
outer loop
vertex 58.02603530883789 -2.799999952316284 12.233085632324219
vertex 58.02603530883789 2.799999952316284 12.233085632324219
vertex 63.72123718261719 2.799999952316284 22.94420051574707
endloop
endfacet
facet normal -0.5047293355303282 -0.0 -0.863277648184588
outer loop
vertex 58.02603530883789 2.799999952316284 12.233085632324219
vertex 63.77714538574219 5.0 8.87060546875
vertex 63.77714538574219 2.799999952316284 8.87060546875
endloop
endfacet
facet normal 0.0 -1.0 0.0
outer loop
vertex 58.02603530883789 2.799999952316284 12.233085632324219
vertex 63.77714538574219 2.799999952316284 8.87060546875
vertex 63.72123718261719 2.799999952316284 22.94420051574707
endloop
endfacet
facet normal -0.0 1.0 0.0
outer loop
vertex 51.23737716674805 5.0 19.36760139465332
vertex 69.3584976196289 5.0 19.36760139465332
vertex 63.77714538574219 5.0 8.87060546875
endloop
endfacet
facet normal 0.0 -0.0 -0.9999999999999999
outer loop
vertex 51.641937255859375 7.0 19.36760139465332
vertex 69.43357849121094 7.0 19.36760139465332
vertex 69.3584976196289 5.0 19.36760139465332
endloop
endfacet
facet normal -0.0 1.0 0.0
outer loop
vertex 37.7305793762207 7.0 25.823467254638672
vertex 72.92588806152344 7.0 29.768720626831055
vertex 73.73058319091797 7.0 25.823467254638672
endloop
endfacet
facet normal -0.0 1.0 0.0
outer loop
vertex 37.7305793762207 7.0 25.823467254638672
vertex 62.393882751464844 7.0 33.35531234741211
vertex 72.92588806152344 7.0 29.768720626831055
endloop
endfacet
facet normal -0.9992959153481412 0.0 0.03751897611236839
outer loop
vertex 62.393882751464844 7.0 33.35531234741211
vertex 62.7978630065918 11.0 44.115089416503906
vertex 62.393882751464844 11.0 33.35531234741211
endloop
endfacet
facet normal -0.0 0.9999999999999999 -0.0
outer loop
vertex 62.393882751464844 7.0 33.35531234741211
vertex 51.46116256713867 7.0 51.646934509277344
vertex 62.7978630065918 7.0 44.115089416503906
endloop
endfacet
facet normal -0.9992959153481412 0.0 0.03751897611236839
outer loop
vertex 62.393882751464844 7.0 33.35531234741211
vertex 62.7978630065918 7.0 44.115089416503906
vertex 62.7978630065918 11.0 44.115089416503906
endloop
endfacet
facet normal -0.0 1.0 -0.0
outer loop
vertex 62.7978630065918 7.0 44.115089416503906
vertex 51.46116256713867 7.0 51.646934509277344
vertex 73.46452331542969 7.0 44.115089416503906
endloop
endfacet
facet normal 0.0 -0.0 -1.0
outer loop
vertex 42.63105010986328 5.0 19.36760139465332
vertex 73.48818969726562 115.0 19.36760139465332
vertex 51.641937255859375 7.0 19.36760139465332
endloop
endfacet
facet normal 0.0 0.0 1.0
outer loop
vertex 37.7305793762207 7.0 25.823467254638672
vertex 73.73058319091797 7.0 25.823467254638672
vertex 73.73058319091797 115.0 25.823467254638672
endloop
endfacet
facet normal 0.0 -0.0 1.0
outer loop
vertex 51.46116256713867 -5.0 51.646934509277344
vertex 68.40060424804688 5.0 51.646934509277344
vertex 51.46116256713867 7.0 51.646934509277344
endloop
endfacet
facet normal 0.0 0.0 -1.0
outer loop
vertex 37.48819351196289 7.0 19.36760139465332
vertex 37.48819351196289 115.0 19.36760139465332
vertex 39.7305793762207 112.0 19.36760139465332
endloop
endfacet
facet normal -0.9992959285479561 0.0 0.0375186245413964
outer loop
vertex 37.48819351196289 7.0 19.36760139465332
vertex 37.7305793762207 115.0 25.823467254638672
vertex 37.48819351196289 115.0 19.36760139465332
endloop
endfacet
facet normal 0.0 -0.0 1.0
outer loop
vertex 37.7305793762207 7.0 25.823467254638672
vertex 73.73058319091797 115.0 25.823467254638672
vertex 37.7305793762207 115.0 25.823467254638672
endloop
endfacet
facet normal -1.0 0.0 0.0
outer loop
vertex 39.7305793762207 112.0 11.823467254638672
vertex 39.7305793762207 112.0 19.36760139465332
vertex 39.7305793762207 115.0 19.36760139465332
endloop
endfacet
facet normal 0.0 0.0 -1.0
outer loop
vertex 37.48819351196289 115.0 19.36760139465332
vertex 39.7305793762207 115.0 19.36760139465332
vertex 39.7305793762207 112.0 19.36760139465332
endloop
endfacet
facet normal -0.0 1.0 0.0
outer loop
vertex 37.48819351196289 115.0 19.36760139465332
vertex 37.7305793762207 115.0 25.823467254638672
vertex 39.7305793762207 115.0 23.823467254638672
endloop
endfacet
facet normal -0.0 0.9999999999999999 0.0
outer loop
vertex 37.48819351196289 115.0 19.36760139465332
vertex 39.7305793762207 115.0 23.823467254638672
vertex 39.7305793762207 115.0 19.36760139465332
endloop
endfacet
facet normal -1.0 0.0 0.0
outer loop
vertex 39.7305793762207 112.0 11.823467254638672
vertex 39.7305793762207 115.0 19.36760139465332
vertex 39.7305793762207 146.0 23.823467254638672
endloop
endfacet
facet normal -1.0 0.0 0.0
outer loop
vertex 39.7305793762207 115.0 19.36760139465332
vertex 39.7305793762207 115.0 23.823467254638672
vertex 39.7305793762207 146.0 23.823467254638672
endloop
endfacet
facet normal -1.0 0.0 0.0
outer loop
vertex 39.7305793762207 112.0 11.823467254638672
vertex 39.7305793762207 146.0 23.823467254638672
vertex 39.7305793762207 146.0 11.823467254638672
endloop
endfacet
facet normal 0.0 -0.0 1.0
outer loop
vertex 39.7305793762207 115.0 23.823467254638672
vertex 46.46256637573242 137.0 23.823467254638672
vertex 39.7305793762207 146.0 23.823467254638672
endloop
endfacet
facet normal -0.0 1.0 0.0
outer loop
vertex 39.7305793762207 146.0 11.823467254638672
vertex 39.7305793762207 146.0 23.823467254638672
vertex 43.61516571044922 146.0 18.468284606933594
endloop
endfacet
facet normal -0.0 1.0 0.0
outer loop
vertex 39.7305793762207 146.0 23.823467254638672
vertex 46.46256637573242 146.0 23.823467254638672
vertex 43.61516571044922 146.0 18.468284606933594
endloop
endfacet
facet normal 0.0 -1.0 0.0
outer loop
vertex 39.7305793762207 112.0 11.823467254638672
vertex 71.73058319091797 112.0 19.36760139465332
vertex 39.7305793762207 112.0 19.36760139465332
endloop
endfacet
facet normal 0.0 0.0 -1.0
outer loop
vertex 39.7305793762207 112.0 11.823467254638672
vertex 39.7305793762207 146.0 11.823467254638672
vertex 71.73058319091797 112.0 11.823467254638672
endloop
endfacet
facet normal -0.0 1.0 0.0
outer loop
vertex 37.7305793762207 115.0 25.823467254638672
vertex 73.73058319091797 115.0 25.823467254638672
vertex 39.7305793762207 115.0 23.823467254638672
endloop
endfacet
facet normal -0.0 1.0 0.0
outer loop
vertex 39.7305793762207 146.0 11.823467254638672
vertex 43.61516571044922 146.0 18.468284606933594
vertex 54.62814712524414 146.0 11.823467254638672
endloop
endfacet
facet normal -0.5047292662478647 0.0 -0.8632776886917048
outer loop
vertex 43.61516571044922 146.0 18.468284606933594
vertex 43.61516571044922 149.0 18.468284606933594
vertex 54.71166229248047 146.07090759277344 11.980538368225098
endloop
endfacet
facet normal 0.0 0.0 -0.9999999999999999
outer loop
vertex 39.7305793762207 146.0 11.823467254638672
vertex 54.62814712524414 139.1999969482422 11.823467254638672
vertex 54.98031234741211 137.0 11.823467254638672
endloop
endfacet
facet normal 0.0 0.0 -1.0
outer loop
vertex 39.7305793762207 146.0 11.823467254638672
vertex 54.62814712524414 146.0 11.823467254638672
vertex 54.62814712524414 139.1999969482422 11.823467254638672
endloop
endfacet
facet normal -0.8829476240768368 0.0 0.46947150407353694
outer loop
vertex 43.61516571044922 146.0 18.468284606933594
vertex 46.46256637573242 146.0 23.823467254638672
vertex 43.61516571044922 149.0 18.468284606933594
endloop
endfacet
facet normal -0.0 0.0 0.9999999999999999
outer loop
vertex 39.7305793762207 146.0 23.823467254638672
vertex 46.46256637573242 137.0 23.823467254638672
vertex 46.46256637573242 146.0 23.823467254638672
endloop
endfacet
facet normal -0.8829475764932005 0.0 0.46947159356534396
outer loop
vertex 46.46256637573242 137.0 23.823467254638672
vertex 53.91310119628906 149.0 37.83588409423828
vertex 46.46256637573242 146.0 23.823467254638672
endloop
endfacet
facet normal -0.8829475896501686 1.482530706357432e-07 0.46947156882066443
outer loop
vertex 43.61516571044922 149.0 18.468284606933594
vertex 46.46256637573242 146.0 23.823467254638672
vertex 53.91310119628906 149.0 37.83588409423828
endloop
endfacet
facet normal 0.0 0.0 -1.0
outer loop
vertex 42.63105010986328 5.0 19.36760139465332
vertex 39.7305793762207 112.0 19.36760139465332
vertex 71.73058319091797 112.0 19.36760139465332
endloop
endfacet
facet normal 0.0 0.0 -1.0
outer loop
vertex 42.63105010986328 5.0 19.36760139465332
vertex 71.73058319091797 112.0 19.36760139465332
vertex 73.48818969726562 115.0 19.36760139465332
endloop
endfacet
facet normal 0.0 -0.0 1.0
outer loop
vertex 39.7305793762207 115.0 23.823467254638672
vertex 71.37910461425781 137.0 23.823467254638672
vertex 46.46256637573242 137.0 23.823467254638672
endloop
endfacet
facet normal -0.5047293104593498 -2.992251564641686e-07 -0.8632776628426916
outer loop
vertex 43.61516571044922 149.0 18.468284606933594
vertex 62.622764587402344 149.0 7.355183124542236
vertex 54.71166229248047 146.8000030517578 11.980538368225098
endloop
endfacet
facet normal 0.0 1.0 0.0
outer loop
vertex 43.61516571044922 146.0 18.468284606933594
vertex 54.71166229248047 146.0 11.980538368225098
vertex 54.62814712524414 146.0 11.823467254638672
endloop
endfacet
facet normal -0.5047292662478647 -0.0 -0.8632776886917048
outer loop
vertex 43.61516571044922 146.0 18.468284606933594
vertex 54.71166229248047 146.07090759277344 11.980538368225098
vertex 54.71166229248047 146.0 11.980538368225098
endloop
endfacet
facet normal -0.5047292662478647 -0.0 -0.8632776886917048
outer loop
vertex 43.61516571044922 149.0 18.468284606933594
vertex 54.71166229248047 146.8000030517578 11.980538368225098
vertex 54.71166229248047 146.07090759277344 11.980538368225098
endloop
endfacet
facet normal 0.0 0.0 -1.0
outer loop
vertex 39.7305793762207 146.0 11.823467254638672
vertex 54.98031234741211 137.0 11.823467254638672
vertex 71.73058319091797 112.0 11.823467254638672
endloop
endfacet
facet normal 0.0 0.0 -1.0
outer loop
vertex 54.98031234741211 137.0 11.823467254638672
vertex 54.62814712524414 139.1999969482422 11.823467254638672
vertex 54.98031234741211 139.1999969482422 11.823467254638672
endloop
endfacet
facet normal -0.5047293330278804 0.0 -0.8632776496476848
outer loop
vertex 54.98031234741211 137.0 11.823467254638672
vertex 54.98031234741211 139.1999969482422 11.823467254638672
vertex 62.622764587402344 139.1999969482422 7.355183124542236
endloop
endfacet
facet normal -0.0 1.0 0.0
outer loop
vertex 43.61516571044922 149.0 18.468284606933594
vertex 53.91310119628906 149.0 37.83588409423828
vertex 62.622764587402344 149.0 7.355183124542236
endloop
endfacet
facet normal 0.0 -1.0 0.0
outer loop
vertex 46.46256637573242 137.0 23.823467254638672
vertex 71.37910461425781 137.0 23.823467254638672
vertex 53.91310119628906 137.0 37.83588409423828
endloop
endfacet
facet normal 0.0 -1.0 0.0
outer loop
vertex 39.7305793762207 112.0 11.823467254638672
vertex 71.73058319091797 112.0 11.823467254638672
vertex 71.73058319091797 112.0 19.36760139465332
endloop
endfacet
facet normal 0.0 0.0 -0.9999999999999999
outer loop
vertex 54.98031234741211 137.0 11.823467254638672
vertex 64.99859619140625 137.0 11.823467254638672
vertex 71.73058319091797 112.0 11.823467254638672
endloop
endfacet
facet normal 0.0 -0.0 1.0
outer loop
vertex 39.7305793762207 115.0 23.823467254638672
vertex 71.73058319091797 115.0 23.823467254638672
vertex 71.37910461425781 137.0 23.823467254638672
endloop
endfacet
facet normal -0.0 1.0 0.0
outer loop
vertex 39.7305793762207 115.0 23.823467254638672
vertex 73.73058319091797 115.0 25.823467254638672
vertex 71.73058319091797 115.0 23.823467254638672
endloop
endfacet
facet normal -0.5047293330278804 -0.0 -0.8632776496476848
outer loop
vertex 54.98031234741211 137.0 11.823467254638672
vertex 62.622764587402344 139.1999969482422 7.355183124542236
vertex 62.622764587402344 137.0 7.355183124542236
endloop
endfacet
facet normal 0.0 -0.9999999999999999 0.0
outer loop
vertex 54.98031234741211 137.0 11.823467254638672
vertex 62.622764587402344 137.0 7.355183124542236
vertex 64.99859619140625 137.0 11.823467254638672
endloop
endfacet
facet normal -0.5047293724725751 -0.0 -0.8632776265857008
outer loop
vertex 62.622764587402344 149.0 7.355183124542236
vertex 62.622764587402344 146.8000030517578 7.355183124542236
vertex 54.71166229248047 146.8000030517578 11.980538368225098
endloop
endfacet
facet normal 0.8829473644366648 0.0 -0.4694719923854325
outer loop
vertex 62.622764587402344 137.0 7.355183124542236
vertex 62.622764587402344 139.1999969482422 7.355183124542236
vertex 64.99859619140625 139.1999969482422 11.823467254638672
endloop
endfacet
facet normal 0.8829473644366648 0.0 -0.4694719923854325
outer loop
vertex 62.622764587402344 137.0 7.355183124542236
vertex 64.99859619140625 139.1999969482422 11.823467254638672
vertex 64.99859619140625 137.0 11.823467254638672
endloop
endfacet
facet normal -0.0 0.9999999999999999 -0.0
outer loop
vertex 62.622764587402344 149.0 7.355183124542236
vertex 53.91310119628906 149.0 37.83588409423828
vertex 72.92070007324219 149.0 26.7227840423584
endloop
endfacet
facet normal -0.8829475764932007 0.0 0.46947159356534396
outer loop
vertex 46.46256637573242 137.0 23.823467254638672
vertex 53.91310119628906 137.0 37.83588409423828
vertex 53.91310119628906 149.0 37.83588409423828
endloop
endfacet
facet normal -0.8829476279800794 0.0 0.4694714967326038
outer loop
vertex 53.91310119628906 137.0 37.83588409423828
vertex 64.2110366821289 149.0 57.203487396240234
vertex 53.91310119628906 149.0 37.83588409423828
endloop
endfacet
facet normal 0.0 -1.0 0.0
outer loop
vertex 53.91310119628906 137.0 37.83588409423828
vertex 72.92070007324219 137.0 26.7227840423584
vertex 64.2110366821289 137.0 57.203487396240234
endloop
endfacet
facet normal -0.0 1.0 0.0
outer loop
vertex 53.91310119628906 149.0 37.83588409423828
vertex 64.2110366821289 149.0 57.203487396240234
vertex 72.92070007324219 149.0 26.7227840423584
endloop
endfacet
facet normal -0.8829476279800794 0.0 0.4694714967326038
outer loop
vertex 53.91310119628906 137.0 37.83588409423828
vertex 64.2110366821289 137.0 57.203487396240234
vertex 64.2110366821289 149.0 57.203487396240234
endloop
endfacet
facet normal 0.8829475755658962 0.0 -0.4694715953093498
outer loop
vertex 63.77714538574219 2.799999952316284 8.87060546875
vertex 63.77714538574219 5.0 8.87060546875
vertex 69.3584976196289 5.0 19.36760139465332
endloop
endfacet
facet normal 0.0 -1.0 0.0
outer loop
vertex 63.77714538574219 2.799999952316284 8.87060546875
vertex 69.3584976196289 2.799999952316284 19.36760139465332
vertex 63.72123718261719 2.799999952316284 22.94420051574707
endloop
endfacet
facet normal 0.8829475755658962 0.0 -0.4694715953093498
outer loop
vertex 63.77714538574219 2.799999952316284 8.87060546875
vertex 69.3584976196289 5.0 19.36760139465332
vertex 69.3584976196289 2.799999952316284 19.36760139465332
endloop
endfacet
facet normal -0.4694713640028507 0.0 -0.8829476985537155
outer loop
vertex 63.72123718261719 -2.799999952316284 22.94420051574707
vertex 63.72123718261719 2.799999952316284 22.94420051574707
vertex 70.44784545898438 2.799999952316284 19.36760139465332
endloop
endfacet
facet normal 0.0 -0.9999999999999999 0.0
outer loop
vertex 63.72123718261719 2.799999952316284 22.94420051574707
vertex 69.3584976196289 2.799999952316284 19.36760139465332
vertex 70.44784545898438 2.799999952316284 19.36760139465332
endloop
endfacet
facet normal 0.0 0.0 -1.0
outer loop
vertex 69.3584976196289 2.799999952316284 19.36760139465332
vertex 69.3584976196289 5.0 19.36760139465332
vertex 73.48818969726562 5.0 19.36760139465332
endloop
endfacet
facet normal 0.0 0.0 -1.0
outer loop
vertex 69.3584976196289 5.0 19.36760139465332
vertex 69.43357849121094 7.0 19.36760139465332
vertex 73.48818969726562 5.0 19.36760139465332
endloop
endfacet
facet normal 0.0 -0.0 -1.0
outer loop
vertex 69.3584976196289 2.799999952316284 19.36760139465332
vertex 73.48818969726562 5.0 19.36760139465332
vertex 70.44784545898438 2.799999952316284 19.36760139465332
endloop
endfacet
facet normal 0.0 0.0 -1.0
outer loop
vertex 73.48818969726562 -7.0 19.36760139465332
vertex 70.44784545898438 2.799999952316284 19.36760139465332
vertex 73.48818969726562 5.0 19.36760139465332
endloop
endfacet
facet normal 0.0 0.0 -1.0
outer loop
vertex 69.43357849121094 7.0 19.36760139465332
vertex 73.48818969726562 7.0 19.36760139465332
vertex 73.48818969726562 5.0 19.36760139465332
endloop
endfacet
facet normal 0.8829475899616799 0.0 -0.4694715682348201
outer loop
vertex 78.0844955444336 -5.040786266326904 28.011995315551758
vertex 73.48818969726562 5.0 19.36760139465332
vertex 73.48818969726562 7.0 19.36760139465332
endloop
endfacet
facet normal 0.8829475899616799 0.0 -0.46947156823482017
outer loop
vertex 78.0844955444336 -5.040786266326904 28.011995315551758
vertex 73.48818969726562 7.0 19.36760139465332
vertex 78.0844955444336 5.040786266326904 28.011995315551758
endloop
endfacet
facet normal -0.32236272298308394 0.0 -0.9466162236254623
outer loop
vertex 62.393882751464844 7.0 33.35531234741211
vertex 62.393882751464844 11.0 33.35531234741211
vertex 72.92588806152344 7.0 29.768720626831055
endloop
endfacet
facet normal 0.35109300802890003 0.9362477981914772 -0.013181809239616924
outer loop
vertex 62.393882751464844 11.0 33.35531234741211
vertex 73.32986450195312 7.0 40.52849578857422
vertex 72.92588806152344 7.0 29.768720626831055
endloop
endfacet
facet normal 0.0 -0.0 1.0
outer loop
vertex 62.7978630065918 7.0 44.115089416503906
vertex 73.46452331542969 7.0 44.115089416503906
vertex 62.7978630065918 11.0 44.115089416503906
endloop
endfacet
facet normal 0.35109307946052426 0.9362477696472187 -0.013181934058949987
outer loop
vertex 62.393882751464844 11.0 33.35531234741211
vertex 62.7978630065918 11.0 44.115089416503906
vertex 73.32986450195312 7.0 40.52849578857422
endloop
endfacet
facet normal 0.351093118122832 0.9362477569467363 -0.013181806363019057
outer loop
vertex 62.7978630065918 11.0 44.115089416503906
vertex 73.46452331542969 7.0 44.115089416503906
vertex 73.32986450195312 7.0 40.52849578857422
endloop
endfacet
facet normal 0.0 1.0 0.0
outer loop
vertex 51.46116256713867 7.0 51.646934509277344
vertex 87.2187728881836 7.0 45.19106674194336
vertex 73.46452331542969 7.0 44.115089416503906
endloop
endfacet
facet normal -0.0 1.0 0.0
outer loop
vertex 51.46116256713867 7.0 51.646934509277344
vertex 87.4611587524414 7.0 51.646934509277344
vertex 87.2187728881836 7.0 45.19106674194336
endloop
endfacet
facet normal 0.0 -0.0 -1.0
outer loop
vertex 51.641937255859375 7.0 19.36760139465332
vertex 73.48818969726562 115.0 19.36760139465332
vertex 69.43357849121094 7.0 19.36760139465332
endloop
endfacet
facet normal 0.0 0.0 -0.9999999999999999
outer loop
vertex 69.43357849121094 7.0 19.36760139465332
vertex 73.48818969726562 115.0 19.36760139465332
vertex 73.48818969726562 7.0 19.36760139465332
endloop
endfacet
facet normal 0.9992958842710236 0.0 -0.03751980382402356
outer loop
vertex 73.48818969726562 7.0 19.36760139465332
vertex 73.48818969726562 115.0 19.36760139465332
vertex 73.73058319091797 7.0 25.823467254638672
endloop
endfacet
facet normal -0.3223644532197535 0.0 -0.9466156344051841
outer loop
vertex 78.0844955444336 -5.040786266326904 28.011995315551758
vertex 78.0844955444336 5.040786266326904 28.011995315551758
vertex 78.19188690185547 5.0 27.97542381286621
endloop
endfacet
facet normal 0.9992960297461752 0.0 -0.0375159290639504
outer loop
vertex 78.19188690185547 -5.0 27.97542381286621
vertex 78.19188690185547 5.0 27.97542381286621
vertex 78.20152282714844 5.0 28.232091903686523
endloop
endfacet
facet normal 0.35109021988349093 0.9362488585889934 -0.0131807546433877
outer loop
vertex 78.0844955444336 5.040786266326904 28.011995315551758
vertex 78.20152282714844 5.0 28.232091903686523
vertex 78.19188690185547 5.0 27.97542381286621
endloop
endfacet
facet normal 0.0 1.0 0.0
outer loop
vertex 73.48818969726562 7.0 19.36760139465332
vertex 73.73058319091797 7.0 25.823467254638672
vertex 87.2187728881836 7.0 45.19106674194336
endloop
endfacet
facet normal 0.0 1.0 -0.0
outer loop
vertex 73.73058319091797 7.0 25.823467254638672
vertex 72.92588806152344 7.0 29.768720626831055
vertex 87.2187728881836 7.0 45.19106674194336
endloop
endfacet
facet normal 0.8829475488148145 -4.3796997162473815e-07 -0.4694716456206047
outer loop
vertex 73.48818969726562 7.0 19.36760139465332
vertex 87.2187728881836 7.0 45.19106674194336
vertex 78.0844955444336 5.040786266326904 28.011995315551758
endloop
endfacet
facet normal 0.8829476472149449 -2.519493671723911e-06 -0.46947146055031425
outer loop
vertex 78.0844955444336 5.040786266326904 28.011995315551758
vertex 87.2187728881836 7.0 45.19106674194336
vertex 78.20152282714844 5.0 28.232091903686523
endloop
endfacet
facet normal 0.0 1.0 0.0
outer loop
vertex 72.92588806152344 7.0 29.768720626831055
vertex 73.32986450195312 7.0 40.52849578857422
vertex 87.2187728881836 7.0 45.19106674194336
endloop
endfacet
facet normal 0.0 1.0 0.0
outer loop
vertex 73.32986450195312 7.0 40.52849578857422
vertex 73.46452331542969 7.0 44.115089416503906
vertex 87.2187728881836 7.0 45.19106674194336
endloop
endfacet
facet normal 0.8829475240525894 0.0 -0.469471692191768
outer loop
vertex 87.2187728881836 -5.0 45.19106674194336
vertex 78.20152282714844 5.0 28.232091903686523
vertex 87.2187728881836 7.0 45.19106674194336
endloop
endfacet
facet normal 0.9992959289635444 0.0 -0.037518613472339986
outer loop
vertex 87.2187728881836 -5.0 45.19106674194336
vertex 87.2187728881836 7.0 45.19106674194336
vertex 87.4611587524414 7.0 51.646934509277344
endloop
endfacet
facet normal -0.0 0.0 1.0
outer loop
vertex 51.46116256713867 7.0 51.646934509277344
vertex 68.40060424804688 5.0 51.646934509277344
vertex 77.46116638183594 5.0 51.646934509277344
endloop
endfacet
facet normal -0.882947814009585 0.0 0.46947114686175867
outer loop
vertex 70.54930877685547 -5.0 55.68806457519531
vertex 70.54930877685547 5.0 55.68806457519531
vertex 68.40060424804688 5.0 51.646934509277344
endloop
endfacet
facet normal -0.0 0.0 1.0
outer loop
vertex 51.46116256713867 7.0 51.646934509277344
vertex 77.46116638183594 5.0 51.646934509277344
vertex 87.4611587524414 7.0 51.646934509277344
endloop
endfacet
facet normal -0.0 1.0 0.0
outer loop
vertex 68.40060424804688 5.0 51.646934509277344
vertex 70.54930877685547 5.0 55.68806457519531
vertex 77.46116638183594 5.0 51.646934509277344
endloop
endfacet
facet normal -0.0 1.0 0.0
outer loop
vertex 70.54930877685547 5.0 55.68806457519531
vertex 78.69853973388672 5.0 71.01453399658203
vertex 77.46116638183594 5.0 51.646934509277344
endloop
endfacet
facet normal -0.8829475304933205 0.0 0.46947168007851847
outer loop
vertex 78.69853973388672 -5.0 71.01453399658203
vertex 78.69853973388672 5.0 71.01453399658203
vertex 70.54930877685547 5.0 55.68806457519531
endloop
endfacet
facet normal -0.9992959297947199 0.0 0.037518591334246745
outer loop
vertex 65.19174194335938 -7.0 77.47040557861328
vertex 65.19174194335938 5.0 77.47040557861328
vertex 64.94935607910156 5.0 71.01453399658203
endloop
endfacet
facet normal -0.9992959297937271 1.409605956884379e-06 0.037518591334209477
outer loop
vertex 64.94935607910156 5.0 71.01453399658203
vertex 65.19174194335938 5.0 77.47040557861328
vertex 64.95376586914062 7.0 71.13191223144531
endloop
endfacet
facet normal -0.9992959464702543 0.0 0.037518147183976114
outer loop
vertex 64.95376586914062 7.0 71.13191223144531
vertex 65.19174194335938 5.0 77.47040557861328
vertex 65.19174194335938 7.0 77.47040557861328
endloop
endfacet
facet normal 0.0 0.0 -1.0
outer loop
vertex 78.69853973388672 -5.0 71.01453399658203
vertex 64.94935607910156 5.0 71.01453399658203
vertex 65.52999877929688 6.77419376373291 71.01453399658203
endloop
endfacet
facet normal -0.8829475344411772 0.0 0.46947167265368184
outer loop
vertex 65.19174194335938 -7.0 77.47040557861328
vertex 78.92232513427734 7.0 103.29386901855469
vertex 65.19174194335938 5.0 77.47040557861328
endloop
endfacet
facet normal -0.8829475344411774 0.0 0.4694716726536819
outer loop
vertex 65.19174194335938 5.0 77.47040557861328
vertex 78.92232513427734 7.0 103.29386901855469
vertex 65.19174194335938 7.0 77.47040557861328
endloop
endfacet
facet normal 0.0 0.0 -0.9999999999999999
outer loop
vertex 78.69853973388672 -5.0 71.01453399658203
vertex 65.52999877929688 6.77419376373291 71.01453399658203
vertex 78.69853973388672 5.0 71.01453399658203
endloop
endfacet
facet normal -0.0 -0.0 -1.0
outer loop
vertex 65.52999877929688 6.77419376373291 71.01453399658203
vertex 87.75910186767578 5.0 71.01453399658203
vertex 78.69853973388672 5.0 71.01453399658203
endloop
endfacet
facet normal 0.0 -0.0 -1.0
outer loop
vertex 64.94935607910156 5.0 71.01453399658203
vertex 67.19174194335938 112.0 71.01453399658203
vertex 65.52999877929688 6.77419376373291 71.01453399658203
endloop
endfacet
facet normal -0.9992950290137731 0.0 0.03754257567565557
outer loop
vertex 64.94935607910156 5.0 71.01453399658203
vertex 64.95376586914062 7.0 71.13191223144531
vertex 64.94935607910156 115.0 71.01453399658203
endloop
endfacet
facet normal -0.9992959464702543 0.0 0.037518147183976114
outer loop
vertex 64.95376586914062 7.0 71.13191223144531
vertex 65.19174194335938 7.0 77.47040557861328
vertex 65.19174194335938 115.0 77.47040557861328
endloop
endfacet
facet normal -0.0 1.0 0.0
outer loop
vertex 77.46116638183594 5.0 51.646934509277344
vertex 78.69853973388672 5.0 71.01453399658203
vertex 86.52172088623047 5.0 51.646934509277344
endloop
endfacet
facet normal 0.0 0.0 1.0
outer loop
vertex 77.46116638183594 5.0 51.646934509277344
vertex 86.52172088623047 5.0 51.646934509277344
vertex 87.4611587524414 7.0 51.646934509277344
endloop
endfacet
facet normal 0.0 1.0 -0.0
outer loop
vertex 86.52172088623047 5.0 51.646934509277344
vertex 78.69853973388672 5.0 71.01453399658203
vertex 87.75910186767578 5.0 71.01453399658203
endloop
endfacet
facet normal 0.0 -0.0 1.0
outer loop
vertex 86.52172088623047 -5.0 51.646934509277344
vertex 87.4611587524414 7.0 51.646934509277344
vertex 86.52172088623047 5.0 51.646934509277344
endloop
endfacet
facet normal 0.8829476273660181 0.0 -0.46947149788748566
outer loop
vertex 86.52172088623047 -5.0 51.646934509277344
vertex 86.52172088623047 5.0 51.646934509277344
vertex 94.67095184326172 5.0 66.9734115600586
endloop
endfacet
facet normal -0.0 1.0 0.0
outer loop
vertex 86.52172088623047 5.0 51.646934509277344
vertex 87.75910186767578 5.0 71.01453399658203
vertex 94.67095184326172 5.0 66.9734115600586
endloop
endfacet
facet normal -0.0 -0.0 -1.0
outer loop
vertex 65.52999877929688 6.77419376373291 71.01453399658203
vertex 96.81965637207031 5.0 71.01453399658203
vertex 87.75910186767578 5.0 71.01453399658203
endloop
endfacet
facet normal -0.0 1.0 0.0
outer loop
vertex 65.19174194335938 7.0 77.47040557861328
vertex 78.92232513427734 7.0 103.29386901855469
vertex 89.85504150390625 7.0 85.00225067138672
endloop
endfacet
facet normal -0.0 -0.0 -1.0
outer loop
vertex 65.52999877929688 6.77419376373291 71.01453399658203
vertex 100.94935607910156 5.0 71.01453399658203
vertex 96.81965637207031 5.0 71.01453399658203
endloop
endfacet
facet normal -0.0 1.0 0.0
outer loop
vertex 65.19174194335938 7.0 77.47040557861328
vertex 89.85504150390625 7.0 85.00225067138672
vertex 100.38704681396484 7.0 81.41565704345703
endloop
endfacet
facet normal 0.0 0.0 -1.0
outer loop
vertex 65.52999877929688 6.77419376373291 71.01453399658203
vertex 100.94935607910156 7.0 71.01453399658203
vertex 100.94935607910156 5.0 71.01453399658203
endloop
endfacet
facet normal -0.0 1.0 0.0
outer loop
vertex 65.19174194335938 7.0 77.47040557861328
vertex 100.38704681396484 7.0 81.41565704345703
vertex 101.19174194335938 7.0 77.47040557861328
endloop
endfacet
facet normal -0.9992959015663587 0.0 0.037519343180262614
outer loop
vertex 89.85504150390625 7.0 85.00225067138672
vertex 90.25902557373047 7.0 95.76202392578125
vertex 90.25902557373047 11.0 95.76202392578125
endloop
endfacet
facet normal -0.9992959015663587 0.0 0.037519343180262614
outer loop
vertex 89.85504150390625 7.0 85.00225067138672
vertex 90.25902557373047 11.0 95.76202392578125
vertex 89.85504150390625 11.0 85.00225067138672
endloop
endfacet
facet normal 0.0 0.0 -1.0
outer loop
vertex 65.52999877929688 6.77419376373291 71.01453399658203
vertex 100.94935607910156 115.0 71.01453399658203
vertex 100.94935607910156 7.0 71.01453399658203
endloop
endfacet
facet normal 0.0 0.0 1.0
outer loop
vertex 65.19174194335938 7.0 77.47040557861328
vertex 101.19174194335938 7.0 77.47040557861328
vertex 101.19174194335938 115.0 77.47040557861328
endloop
endfacet
facet normal 0.9992958842710236 0.0 -0.03751980382402356
outer loop
vertex 73.73058319091797 7.0 25.823467254638672
vertex 73.48818969726562 115.0 19.36760139465332
vertex 73.73058319091797 115.0 25.823467254638672
endloop
endfacet
facet normal 0.0 0.0 -1.0
outer loop
vertex 64.99859619140625 137.0 11.823467254638672
vertex 71.16366577148438 139.1999969482422 11.823467254638672
vertex 71.73058319091797 112.0 11.823467254638672
endloop
endfacet
facet normal 0.0 0.0 -1.0
outer loop
vertex 64.99859619140625 137.0 11.823467254638672
vertex 64.99859619140625 139.1999969482422 11.823467254638672
vertex 71.16366577148438 139.1999969482422 11.823467254638672
endloop
endfacet
facet normal 0.8829476040238932 0.0 -0.4694715417876426
outer loop
vertex 62.622764587402344 149.0 7.355183124542236
vertex 72.92070007324219 149.0 26.7227840423584
vertex 62.622764587402344 146.8000030517578 7.355183124542236
endloop
endfacet
facet normal 0.8829475051688688 2.0994215898514176e-06 -0.4694717277021729
outer loop
vertex 72.92070007324219 149.0 26.7227840423584
vertex 68.4442138671875 146.8000030517578 18.30373191833496
vertex 62.622764587402344 146.8000030517578 7.355183124542236
endloop
endfacet
facet normal 0.8829478973096576 0.0 -0.4694709901968965
outer loop
vertex 71.37910461425781 146.0 23.823467254638672
vertex 68.4442138671875 146.0 18.30373191833496
vertex 68.4442138671875 146.8000030517578 18.30373191833496
endloop
endfacet
facet normal 0.0 1.0 0.0
outer loop
vertex 71.73058319091797 146.0 23.823467254638672
vertex 71.73058319091797 146.0 16.556337356567383
vertex 68.4442138671875 146.0 18.30373191833496
endloop
endfacet
facet normal -0.0 1.0 0.0
outer loop
vertex 71.37910461425781 146.0 23.823467254638672
vertex 71.73058319091797 146.0 23.823467254638672
vertex 68.4442138671875 146.0 18.30373191833496
endloop
endfacet
facet normal 0.8829478385383203 -9.782394500836324e-07 -0.469471100728843
outer loop
vertex 71.37910461425781 146.0 23.823467254638672
vertex 68.4442138671875 146.8000030517578 18.30373191833496
vertex 72.92070007324219 149.0 26.7227840423584
endloop
endfacet
facet normal 1.0 0.0 -0.0
outer loop
vertex 71.73058319091797 112.0 11.823467254638672
vertex 71.73058319091797 115.0 19.36760139465332
vertex 71.73058319091797 112.0 19.36760139465332
endloop
endfacet
facet normal 1.0 0.0 -0.0
outer loop
vertex 71.73058319091797 112.0 11.823467254638672
vertex 71.73058319091797 139.1999969482422 16.556337356567383
vertex 71.73058319091797 115.0 19.36760139465332
endloop
endfacet
facet normal 1.0 0.0 0.0
outer loop
vertex 71.73058319091797 112.0 11.823467254638672
vertex 71.73058319091797 139.1999969482422 12.889679908752441
vertex 71.73058319091797 139.1999969482422 16.556337356567383
endloop
endfacet
facet normal 0.0 0.0 -1.0
outer loop
vertex 71.73058319091797 112.0 19.36760139465332
vertex 71.73058319091797 115.0 19.36760139465332
vertex 73.48818969726562 115.0 19.36760139465332
endloop
endfacet
facet normal -0.0 1.0 0.0
outer loop
vertex 71.73058319091797 115.0 19.36760139465332
vertex 71.73058319091797 115.0 23.823467254638672
vertex 73.48818969726562 115.0 19.36760139465332
endloop
endfacet
facet normal 0.0 1.0 -0.0
outer loop
vertex 73.48818969726562 115.0 19.36760139465332
vertex 71.73058319091797 115.0 23.823467254638672
vertex 73.73058319091797 115.0 25.823467254638672
endloop
endfacet
facet normal 1.0 -0.0 -0.0
outer loop
vertex 71.73058319091797 115.0 19.36760139465332
vertex 71.73058319091797 139.1999969482422 16.556337356567383
vertex 71.73058319091797 115.0 23.823467254638672
endloop
endfacet
facet normal 0.0 0.0 -1.0
outer loop
vertex 71.73058319091797 112.0 11.823467254638672
vertex 71.16366577148438 139.1999969482422 11.823467254638672
vertex 71.16366577148438 146.0 11.823467254638672
endloop
endfacet
facet normal 1.0 0.0 -0.0
outer loop
vertex 71.73058319091797 112.0 11.823467254638672
vertex 71.73058319091797 146.0 11.823467254638672
vertex 71.73058319091797 139.1999969482422 12.889679908752441
endloop
endfacet
facet normal 0.0 0.0 -1.0
outer loop
vertex 71.73058319091797 112.0 11.823467254638672
vertex 71.16366577148438 146.0 11.823467254638672
vertex 71.73058319091797 146.0 11.823467254638672
endloop
endfacet
facet normal 0.9999999999999999 0.0 -0.0
outer loop
vertex 71.73058319091797 146.0 11.823467254638672
vertex 71.73058319091797 146.0 12.889679908752441
vertex 71.73058319091797 139.1999969482422 12.889679908752441
endloop
endfacet
facet normal 0.0 0.9999999999999999 -0.0
outer loop
vertex 71.73058319091797 146.0 11.823467254638672
vertex 71.16366577148438 146.0 11.823467254638672
vertex 71.73058319091797 146.0 12.889679908752441
endloop
endfacet
facet normal 0.9999999999999999 -0.0 0.0
outer loop
vertex 71.73058319091797 115.0 23.823467254638672
vertex 71.73058319091797 139.1999969482422 16.556337356567383
vertex 71.73058319091797 146.0 23.823467254638672
endloop
endfacet
facet normal 0.0 -0.0 0.9999999999999999
outer loop
vertex 71.73058319091797 115.0 23.823467254638672
vertex 71.73058319091797 146.0 23.823467254638672
vertex 71.37910461425781 137.0 23.823467254638672
endloop
endfacet
facet normal 1.0 -0.0 0.0
outer loop
vertex 71.73058319091797 146.0 23.823467254638672
vertex 71.73058319091797 139.1999969482422 16.556337356567383
vertex 71.73058319091797 146.0 16.556337356567383
endloop
endfacet
facet normal 0.8829474189586957 0.0 -0.469471889844512
outer loop
vertex 71.37910461425781 137.0 23.823467254638672
vertex 71.37910461425781 146.0 23.823467254638672
vertex 72.92070007324219 137.0 26.7227840423584
endloop
endfacet
facet normal 0.0 -0.0 1.0
outer loop
vertex 71.37910461425781 137.0 23.823467254638672
vertex 71.73058319091797 146.0 23.823467254638672
vertex 71.37910461425781 146.0 23.823467254638672
endloop
endfacet
facet normal 0.8829474189586958 0.0 -0.469471889844512
outer loop
vertex 72.92070007324219 137.0 26.7227840423584
vertex 71.37910461425781 146.0 23.823467254638672
vertex 72.92070007324219 149.0 26.7227840423584
endloop
endfacet
facet normal 0.0 -1.0 0.0
outer loop
vertex 53.91310119628906 137.0 37.83588409423828
vertex 71.37910461425781 137.0 23.823467254638672
vertex 72.92070007324219 137.0 26.7227840423584
endloop
endfacet
facet normal 0.882947608815131 0.0 -0.46947153277663434
outer loop
vertex 72.92070007324219 137.0 26.7227840423584
vertex 72.92070007324219 149.0 26.7227840423584
vertex 83.21863555908203 149.0 46.09038543701172
endloop
endfacet
facet normal 0.0 -1.0 0.0
outer loop
vertex 64.2110366821289 137.0 57.203487396240234
vertex 72.92070007324219 137.0 26.7227840423584
vertex 83.21863555908203 137.0 46.09038543701172
endloop
endfacet
facet normal 0.0 1.0 0.0
outer loop
vertex 64.2110366821289 149.0 57.203487396240234
vertex 83.21863555908203 149.0 46.09038543701172
vertex 72.92070007324219 149.0 26.7227840423584
endloop
endfacet
facet normal 0.882947608815131 0.0 -0.46947153277663434
outer loop
vertex 72.92070007324219 137.0 26.7227840423584
vertex 83.21863555908203 149.0 46.09038543701172
vertex 83.21863555908203 137.0 46.09038543701172
endloop
endfacet
facet normal -0.9992959297947196 -2.6103814016403316e-08 0.03751859133424674
outer loop
vertex 64.95376586914062 7.0 71.13191223144531
vertex 65.19174194335938 115.0 77.47040557861328
vertex 64.94935607910156 115.0 71.01453399658203
endloop
endfacet
facet normal 0.0 0.0 -1.0
outer loop
vertex 64.94935607910156 5.0 71.01453399658203
vertex 64.94935607910156 115.0 71.01453399658203
vertex 67.19174194335938 112.0 71.01453399658203
endloop
endfacet
facet normal 0.0 0.0 -0.9999999999999999
outer loop
vertex 65.52999877929688 6.77419376373291 71.01453399658203
vertex 67.19174194335938 112.0 71.01453399658203
vertex 99.19174194335938 112.0 71.01453399658203
endloop
endfacet
facet normal 0.0 -0.0 1.0
outer loop
vertex 65.19174194335938 7.0 77.47040557861328
vertex 101.19174194335938 115.0 77.47040557861328
vertex 65.19174194335938 115.0 77.47040557861328
endloop
endfacet
facet normal -1.0 0.0 0.0
outer loop
vertex 67.19174194335938 112.0 63.470401763916016
vertex 67.19174194335938 112.0 71.01453399658203
vertex 67.19174194335938 115.0 71.01453399658203
endloop
endfacet
facet normal -1.0 0.0 0.0
outer loop
vertex 67.19174194335938 112.0 63.470401763916016
vertex 67.19174194335938 115.0 71.01453399658203
vertex 67.19174194335938 146.0 75.47040557861328
endloop
endfacet
facet normal -0.8829476669246382 0.0 0.4694714234885209
outer loop
vertex 64.2110366821289 137.0 57.203487396240234
vertex 67.543212890625 137.0 63.470401763916016
vertex 64.2110366821289 149.0 57.203487396240234
endloop
endfacet
facet normal 0.0 0.0 -1.0
outer loop
vertex 67.19174194335938 112.0 63.470401763916016
vertex 67.19174194335938 146.0 63.470401763916016
vertex 67.543212890625 137.0 63.470401763916016
endloop
endfacet
facet normal -1.0 0.0 0.0
outer loop
vertex 67.19174194335938 112.0 63.470401763916016
vertex 67.19174194335938 146.0 75.47040557861328
vertex 67.19174194335938 146.0 63.470401763916016
endloop
endfacet
facet normal -0.8829476669246382 0.0 0.4694714234885209
outer loop
vertex 64.2110366821289 149.0 57.203487396240234
vertex 67.543212890625 137.0 63.470401763916016
vertex 67.543212890625 146.0 63.470401763916016
endloop
endfacet
facet normal 0.0 0.0 -1.0
outer loop
vertex 67.543212890625 137.0 63.470401763916016
vertex 67.19174194335938 146.0 63.470401763916016
vertex 67.543212890625 146.0 63.470401763916016
endloop
endfacet
facet normal -0.0 1.0 0.0
outer loop
vertex 67.19174194335938 146.0 63.470401763916016
vertex 67.19174194335938 146.0 75.47040557861328
vertex 67.543212890625 146.0 63.470401763916016
endloop
endfacet
facet normal -0.8829475513201093 5.825893818190984e-07 0.4694716409086745
outer loop
vertex 64.2110366821289 149.0 57.203487396240234
vertex 67.543212890625 146.0 63.470401763916016
vertex 74.50897216796875 149.0 76.57108306884766
endloop
endfacet
facet normal 0.0 0.0 -0.9999999999999999
outer loop
vertex 67.19174194335938 112.0 63.470401763916016
vertex 67.543212890625 137.0 63.470401763916016
vertex 92.45975494384766 137.0 63.470401763916016
endloop
endfacet
facet normal 0.0 -1.0 0.0
outer loop
vertex 64.2110366821289 137.0 57.203487396240234
vertex 83.21863555908203 137.0 46.09038543701172
vertex 67.543212890625 137.0 63.470401763916016
endloop
endfacet
facet normal -0.0 1.0 0.0
outer loop
vertex 64.2110366821289 149.0 57.203487396240234
vertex 74.50897216796875 149.0 76.57108306884766
vertex 83.21863555908203 149.0 46.09038543701172
endloop
endfacet
facet normal -0.0 1.0 0.0
outer loop
vertex 64.94935607910156 115.0 71.01453399658203
vertex 65.19174194335938 115.0 77.47040557861328
vertex 67.19174194335938 115.0 75.47040557861328
endloop
endfacet
facet normal 0.0 0.0 -1.0
outer loop
vertex 64.94935607910156 115.0 71.01453399658203
vertex 67.19174194335938 115.0 71.01453399658203
vertex 67.19174194335938 112.0 71.01453399658203
endloop
endfacet
facet normal -0.0 1.0 0.0
outer loop
vertex 64.94935607910156 115.0 71.01453399658203
vertex 67.19174194335938 115.0 75.47040557861328
vertex 67.19174194335938 115.0 71.01453399658203
endloop
endfacet
facet normal -1.0 0.0 0.0
outer loop
vertex 67.19174194335938 115.0 71.01453399658203
vertex 67.19174194335938 115.0 75.47040557861328
vertex 67.19174194335938 146.0 75.47040557861328
endloop
endfacet
facet normal 0.0 -0.0 1.0
outer loop
vertex 67.19174194335938 115.0 75.47040557861328
vertex 73.9237289428711 146.0 75.47040557861328
vertex 67.19174194335938 146.0 75.47040557861328
endloop
endfacet
facet normal 0.0 1.0 -0.0
outer loop
vertex 67.543212890625 146.0 63.470401763916016
vertex 67.19174194335938 146.0 75.47040557861328
vertex 73.9237289428711 146.0 75.47040557861328
endloop
endfacet
facet normal 0.0 -0.0 1.0
outer loop
vertex 67.19174194335938 115.0 75.47040557861328
vertex 76.39154815673828 137.0 75.47040557861328
vertex 73.9237289428711 137.0 75.47040557861328
endloop
endfacet
facet normal -0.0 1.0 -0.0
outer loop
vertex 67.19174194335938 115.0 75.47040557861328
vertex 65.19174194335938 115.0 77.47040557861328
vertex 99.19174194335938 115.0 75.47040557861328
endloop
endfacet
facet normal 0.0 0.0 0.9999999999999999
outer loop
vertex 67.19174194335938 115.0 75.47040557861328
vertex 73.9237289428711 137.0 75.47040557861328
vertex 73.9237289428711 146.0 75.47040557861328
endloop
endfacet
facet normal -0.882947567116868 7.490069112119026e-07 0.4694716111990616
outer loop
vertex 67.543212890625 146.0 63.470401763916016
vertex 73.9237289428711 146.0 75.47040557861328
vertex 74.50897216796875 149.0 76.57108306884766
endloop
endfacet
facet normal -0.8829467208809835 0.0 0.46947320273421245
outer loop
vertex 73.9237289428711 137.0 75.47040557861328
vertex 74.50897216796875 137.0 76.57108306884766
vertex 73.9237289428711 146.0 75.47040557861328
endloop
endfacet
facet normal -0.8829467208809834 0.0 0.4694732027342124
outer loop
vertex 73.9237289428711 146.0 75.47040557861328
vertex 74.50897216796875 137.0 76.57108306884766
vertex 74.50897216796875 149.0 76.57108306884766
endloop
endfacet
facet normal 0.0 -1.0 0.0
outer loop
vertex 73.9237289428711 137.0 75.47040557861328
vertex 76.39154815673828 137.0 75.47040557861328
vertex 74.50897216796875 137.0 76.57108306884766
endloop
endfacet
facet normal 0.0 0.0 -1.0
outer loop
vertex 65.52999877929688 6.77419376373291 71.01453399658203
vertex 99.19174194335938 112.0 71.01453399658203
vertex 100.94935607910156 115.0 71.01453399658203
endloop
endfacet
facet normal 0.0 -1.0 0.0
outer loop
vertex 67.19174194335938 112.0 63.470401763916016
vertex 99.19174194335938 112.0 63.470401763916016
vertex 67.19174194335938 112.0 71.01453399658203
endloop
endfacet
facet normal 0.0 -1.0 0.0
outer loop
vertex 83.21863555908203 137.0 46.09038543701172
vertex 92.45975494384766 137.0 63.470401763916016
vertex 67.543212890625 137.0 63.470401763916016
endloop
endfacet
facet normal -0.0 1.0 -0.0
outer loop
vertex 83.21863555908203 149.0 46.09038543701172
vertex 74.50897216796875 149.0 76.57108306884766
vertex 93.51657104492188 149.0 65.4579849243164
endloop
endfacet
facet normal 0.0 0.0 -1.0
outer loop
vertex 67.19174194335938 112.0 63.470401763916016
vertex 92.45975494384766 137.0 63.470401763916016
vertex 99.19174194335938 112.0 63.470401763916016
endloop
endfacet
facet normal 0.0 -1.0 0.0
outer loop
vertex 67.19174194335938 112.0 71.01453399658203
vertex 99.19174194335938 112.0 63.470401763916016
vertex 99.19174194335938 112.0 71.01453399658203
endloop
endfacet
facet normal 0.8829475764054389 0.0 -0.46947159373039976
outer loop
vertex 83.21863555908203 137.0 46.09038543701172
vertex 83.21863555908203 149.0 46.09038543701172
vertex 92.45975494384766 146.0 63.470401763916016
endloop
endfacet
facet normal 0.8829475764054389 0.0 -0.46947159373039976
outer loop
vertex 83.21863555908203 137.0 46.09038543701172
vertex 92.45975494384766 146.0 63.470401763916016
vertex 92.45975494384766 137.0 63.470401763916016
endloop
endfacet
facet normal 0.8829475896501631 1.8510924510706897e-07 -0.4694715688206615
outer loop
vertex 83.21863555908203 149.0 46.09038543701172
vertex 93.51657104492188 149.0 65.4579849243164
vertex 92.45975494384766 146.0 63.470401763916016
endloop
endfacet
facet normal 0.0 -0.0 1.0
outer loop
vertex 67.19174194335938 115.0 75.47040557861328
vertex 99.19174194335938 115.0 75.47040557861328
vertex 76.39154815673828 137.0 75.47040557861328
endloop
endfacet
facet normal -0.0 1.0 0.0
outer loop
vertex 74.50897216796875 149.0 76.57108306884766
vertex 84.8069076538086 149.0 95.93869018554688
vertex 93.51657104492188 149.0 65.4579849243164
endloop
endfacet
facet normal -0.0 -1.0 0.0
outer loop
vertex 76.39154815673828 137.0 75.47040557861328
vertex 84.8069076538086 137.0 95.93869018554688
vertex 74.50897216796875 137.0 76.57108306884766
endloop
endfacet
facet normal -0.882947666309963 0.0 0.4694714246445571
outer loop
vertex 74.50897216796875 137.0 76.57108306884766
vertex 84.8069076538086 149.0 95.93869018554688
vertex 74.50897216796875 149.0 76.57108306884766
endloop
endfacet
facet normal -0.882947666309963 0.0 0.4694714246445571
outer loop
vertex 74.50897216796875 137.0 76.57108306884766
vertex 84.8069076538086 137.0 95.93869018554688
vertex 84.8069076538086 149.0 95.93869018554688
endloop
endfacet
facet normal -0.0 1.0 0.0
outer loop
vertex 65.19174194335938 115.0 77.47040557861328
vertex 101.19174194335938 115.0 77.47040557861328
vertex 99.19174194335938 115.0 75.47040557861328
endloop
endfacet
facet normal 0.0 -1.0 0.0
outer loop
vertex 76.39154815673828 137.0 75.47040557861328
vertex 103.81450653076172 137.0 84.8255844116211
vertex 84.8069076538086 137.0 95.93869018554688
endloop
endfacet
facet normal -0.0 1.0 -0.0
outer loop
vertex 89.85504150390625 7.0 85.00225067138672
vertex 78.92232513427734 7.0 103.29386901855469
vertex 90.25902557373047 7.0 95.76202392578125
endloop
endfacet
facet normal 0.0 1.0 0.0
outer loop
vertex 78.92232513427734 7.0 103.29386901855469
vertex 100.92568969726562 7.0 95.76202392578125
vertex 90.25902557373047 7.0 95.76202392578125
endloop
endfacet
facet normal 0.0 -0.0 1.0
outer loop
vertex 78.92232513427734 -5.0 103.29386901855469
vertex 95.86176300048828 5.0 103.29386901855469
vertex 78.92232513427734 7.0 103.29386901855469
endloop
endfacet
facet normal -0.8829475896501782 0.0 0.46947156882066954
outer loop
vertex 84.8069076538086 137.0 95.93869018554688
vertex 95.10484313964844 149.0 115.30628967285156
vertex 84.8069076538086 149.0 95.93869018554688
endloop
endfacet
facet normal 0.0 1.0 0.0
outer loop
vertex 81.27379608154297 -137.0 89.29386901855469
vertex 103.81450653076172 -137.0 84.8255844116211
vertex 93.51657104492188 -137.0 65.4579849243164
endloop
endfacet
facet normal 0.8829475896501782 0.0 -0.46947156882066954
outer loop
vertex 93.51657104492188 -149.0 65.4579849243164
vertex 93.51657104492188 -137.0 65.4579849243164
vertex 103.81450653076172 -137.0 84.8255844116211
endloop
endfacet
facet normal 0.0 -1.0 0.0
outer loop
vertex 84.8069076538086 -149.0 95.93869018554688
vertex 93.51657104492188 -149.0 65.4579849243164
vertex 103.81450653076172 -149.0 84.8255844116211
endloop
endfacet
facet normal -0.0 1.0 0.0
outer loop
vertex 81.27379608154297 -137.0 89.29386901855469
vertex 96.17205810546875 -137.0 89.29386901855469
vertex 103.81450653076172 -137.0 84.8255844116211
endloop
endfacet
facet normal 0.0 -0.0 -1.0
outer loop
vertex 80.92232513427734 -112.0 89.29386901855469
vertex 112.92232513427734 -112.0 89.29386901855469
vertex 96.17205810546875 -137.0 89.29386901855469
endloop
endfacet
facet normal 0.8829475896501782 0.0 -0.46947156882066954
outer loop
vertex 93.51657104492188 -149.0 65.4579849243164
vertex 103.81450653076172 -137.0 84.8255844116211
vertex 103.81450653076172 -149.0 84.8255844116211
endloop
endfacet
facet normal 0.8829473852041277 0.0 -0.4694719533275588
outer loop
vertex 103.81450653076172 -149.0 84.8255844116211
vertex 103.81450653076172 -137.0 84.8255844116211
vertex 106.19033813476562 -146.0 89.29386901855469
endloop
endfacet
facet normal -0.0 1.0 0.0
outer loop
vertex 96.17205810546875 -137.0 89.29386901855469
vertex 106.19033813476562 -137.0 89.29386901855469
vertex 103.81450653076172 -137.0 84.8255844116211
endloop
endfacet
facet normal -0.0 1.0 0.0
outer loop
vertex 80.92232513427734 -112.0 89.29386901855469
vertex 112.92232513427734 -112.0 96.83800506591797
vertex 112.92232513427734 -112.0 89.29386901855469
endloop
endfacet
facet normal 0.8829473852041279 0.0 -0.46947195332755887
outer loop
vertex 103.81450653076172 -137.0 84.8255844116211
vertex 106.19033813476562 -137.0 89.29386901855469
vertex 106.19033813476562 -146.0 89.29386901855469
endloop
endfacet
facet normal 0.0 0.0 -0.9999999999999999
outer loop
vertex 106.19033813476562 -146.0 89.29386901855469
vertex 106.19033813476562 -137.0 89.29386901855469
vertex 112.92232513427734 -146.0 89.29386901855469
endloop
endfacet
facet normal 0.0 0.0 -1.0
outer loop
vertex 106.19033813476562 -137.0 89.29386901855469
vertex 112.92232513427734 -112.0 89.29386901855469
vertex 112.92232513427734 -146.0 89.29386901855469
endloop
endfacet
facet normal 0.0 -0.0 -1.0
outer loop
vertex 96.17205810546875 -137.0 89.29386901855469
vertex 112.92232513427734 -112.0 89.29386901855469
vertex 106.19033813476562 -137.0 89.29386901855469
endloop
endfacet
facet normal 0.8829476273660181 0.0 -0.46947149788748566
outer loop
vertex 86.52172088623047 -5.0 51.646934509277344
vertex 94.67095184326172 5.0 66.9734115600586
vertex 94.67095184326172 -5.0 66.9734115600586
endloop
endfacet
facet normal 0.0 -1.0 0.0
outer loop
vertex 87.75910186767578 -5.0 71.01453399658203
vertex 94.67095184326172 -5.0 66.9734115600586
vertex 96.81965637207031 -5.0 71.01453399658203
endloop
endfacet
facet normal 0.8829474466079779 0.0 -0.469471837843818
outer loop
vertex 94.67095184326172 -5.0 66.9734115600586
vertex 96.81965637207031 5.0 71.01453399658203
vertex 96.81965637207031 -5.0 71.01453399658203
endloop
endfacet
facet normal 0.0 0.0 -1.0
outer loop
vertex 87.75910186767578 -5.0 71.01453399658203
vertex 96.81965637207031 -5.0 71.01453399658203
vertex 100.94935607910156 -7.0 71.01453399658203
endloop
endfacet
facet normal 0.0 -1.0 0.0
outer loop
vertex 89.85504150390625 -7.0 85.00225067138672
vertex 100.94935607910156 -7.0 71.01453399658203
vertex 100.38704681396484 -7.0 81.41565704345703
endloop
endfacet
facet normal 0.3510927867431485 -0.9362478777526271 -0.013182052216248581
outer loop
vertex 89.85504150390625 -11.0 85.00225067138672
vertex 100.52171325683594 -7.0 85.00225067138672
vertex 90.25902557373047 -11.0 95.76202392578125
endloop
endfacet
facet normal -0.32236287660062435 0.0 -0.9466161713122013
outer loop
vertex 89.85504150390625 -11.0 85.00225067138672
vertex 89.85504150390625 -7.0 85.00225067138672
vertex 100.38704681396484 -7.0 81.41565704345703
endloop
endfacet
facet normal 0.3510927844820417 -0.9362478717230062 -0.013182540680304524
outer loop
vertex 89.85504150390625 -11.0 85.00225067138672
vertex 100.38704681396484 -7.0 81.41565704345703
vertex 100.52171325683594 -7.0 85.00225067138672
endloop
endfacet
facet normal 0.3510930080180858 -0.9362477981626391 -0.013181811575905667
outer loop
vertex 90.25902557373047 -11.0 95.76202392578125
vertex 100.52171325683594 -7.0 85.00225067138672
vertex 100.92568969726562 -7.0 95.76202392578125
endloop
endfacet
facet normal 0.0 0.0 -1.0
outer loop
vertex 96.81965637207031 -5.0 71.01453399658203
vertex 96.81965637207031 5.0 71.01453399658203
vertex 100.94935607910156 -7.0 71.01453399658203
endloop
endfacet
facet normal 0.8829475899616798 0.0 -0.46947156823482006
outer loop
vertex 100.94935607910156 -7.0 71.01453399658203
vertex 100.94935607910156 5.0 71.01453399658203
vertex 105.54566192626953 -5.040786266326904 79.65892791748047
endloop
endfacet
facet normal 0.882967437136374 -0.00021147366478366556 -0.4694341915920833
outer loop
vertex 100.94935607910156 -7.0 71.01453399658203
vertex 105.54566192626953 -5.040786266326904 79.65892791748047
vertex 105.66268920898438 -5.0 79.8790283203125
endloop
endfacet
facet normal 0.35109062510911704 -0.9362487064164516 -0.013180769856513133
outer loop
vertex 105.54566192626953 -5.040786266326904 79.65892791748047
vertex 105.6530532836914 -5.0 79.62236022949219
vertex 105.66268920898438 -5.0 79.8790283203125
endloop
endfacet
facet normal -0.32233432185335853 -0.0 -0.9466258949317493
outer loop
vertex 105.54566192626953 -5.040786266326904 79.65892791748047
vertex 105.6530532836914 5.0 79.62236022949219
vertex 105.6530532836914 -5.0 79.62236022949219
endloop
endfacet
facet normal 0.9992960297461752 0.0 -0.0375159290639504
outer loop
vertex 105.6530532836914 -5.0 79.62236022949219
vertex 105.66268920898438 5.0 79.8790283203125
vertex 105.66268920898438 -5.0 79.8790283203125
endloop
endfacet
facet normal -0.0 -1.0 0.0
outer loop
vertex 100.94935607910156 -7.0 71.01453399658203
vertex 114.67993927001953 -7.0 96.83800506591797
vertex 100.38704681396484 -7.0 81.41565704345703
endloop
endfacet
facet normal 0.8829475919356593 9.409159395575013e-07 -0.46947156452136163
outer loop
vertex 100.94935607910156 -7.0 71.01453399658203
vertex 105.66268920898438 -5.0 79.8790283203125
vertex 114.67993927001953 -7.0 96.83800506591797
endloop
endfacet
facet normal -0.0 -1.0 0.0
outer loop
vertex 100.38704681396484 -7.0 81.41565704345703
vertex 114.67993927001953 -7.0 96.83800506591797
vertex 100.52171325683594 -7.0 85.00225067138672
endloop
endfacet
facet normal 0.8829475459394838 0.0 -0.46947165102851857
outer loop
vertex 105.66268920898438 -5.0 79.8790283203125
vertex 105.66268920898438 5.0 79.8790283203125
vertex 114.67993927001953 -7.0 96.83800506591797
endloop
endfacet
facet normal 0.8829475459394838 0.0 -0.4694716510285185
outer loop
vertex 114.67993927001953 -7.0 96.83800506591797
vertex 105.66268920898438 5.0 79.8790283203125
vertex 114.67993927001953 -5.0 96.83800506591797
endloop
endfacet
facet normal 0.0 -1.0 0.0
outer loop
vertex 84.8069076538086 -149.0 95.93869018554688
vertex 103.81450653076172 -149.0 84.8255844116211
vertex 95.10484313964844 -149.0 115.30628967285156
endloop
endfacet
facet normal -0.882947529833553 0.0 0.4694716813193605
outer loop
vertex 87.65430450439453 -137.0 101.29386901855469
vertex 95.10484313964844 -149.0 115.30628967285156
vertex 95.10484313964844 -137.0 115.30628967285156
endloop
endfacet
facet normal -0.0 0.0 1.0
outer loop
vertex 80.92232513427734 -115.0 101.29386901855469
vertex 87.65430450439453 -137.0 101.29386901855469
vertex 112.57085418701172 -137.0 101.29386901855469
endloop
endfacet
facet normal 0.0 1.0 0.0
outer loop
vertex 80.92232513427734 -112.0 89.29386901855469
vertex 80.92232513427734 -112.0 96.83800506591797
vertex 112.92232513427734 -112.0 96.83800506591797
endloop
endfacet
facet normal 0.0 -1.0 0.0
outer loop
vertex 80.92232513427734 -115.0 101.29386901855469
vertex 114.92232513427734 -115.0 103.29386901855469
vertex 78.92232513427734 -115.0 103.29386901855469
endloop
endfacet
facet normal 0.0 -1.0 0.0
outer loop
vertex 103.81450653076172 -149.0 84.8255844116211
vertex 114.1124496459961 -149.0 104.19318389892578
vertex 95.10484313964844 -149.0 115.30628967285156
endloop
endfacet
facet normal -0.0 1.0 0.0
outer loop
vertex 87.65430450439453 -137.0 101.29386901855469
vertex 95.10484313964844 -137.0 115.30628967285156
vertex 112.57085418701172 -137.0 101.29386901855469
endloop
endfacet
facet normal -0.0 0.0 1.0
outer loop
vertex 80.92232513427734 -115.0 101.29386901855469
vertex 112.57085418701172 -137.0 101.29386901855469
vertex 112.92232513427734 -115.0 101.29386901855469
endloop
endfacet
facet normal 0.0 -1.0 0.0
outer loop
vertex 80.92232513427734 -115.0 101.29386901855469
vertex 112.92232513427734 -115.0 101.29386901855469
vertex 114.92232513427734 -115.0 103.29386901855469
endloop
endfacet
facet normal -0.8829475896501782 0.0 0.46947156882066954
outer loop
vertex 95.10484313964844 -149.0 115.30628967285156
vertex 105.40277862548828 -137.0 134.67388916015625
vertex 95.10484313964844 -137.0 115.30628967285156
endloop
endfacet
facet normal -0.8829475896501782 0.0 0.46947156882066954
outer loop
vertex 95.10484313964844 -149.0 115.30628967285156
vertex 105.40277862548828 -149.0 134.67388916015625
vertex 105.40277862548828 -137.0 134.67388916015625
endloop
endfacet
facet normal 0.0 -0.0 0.9999999999999999
outer loop
vertex 78.92232513427734 -115.0 103.29386901855469
vertex 114.92232513427734 -115.0 103.29386901855469
vertex 114.34168243408203 -6.77419376373291 103.29386901855469
endloop
endfacet
facet normal 0.8829474454739888 -2.1655862667573127e-07 -0.4694718399764893
outer loop
vertex 103.81450653076172 -149.0 84.8255844116211
vertex 106.19033813476562 -146.0 89.29386901855469
vertex 114.1124496459961 -149.0 104.19318389892578
endloop
endfacet
facet normal 0.0 -1.0 0.0
outer loop
vertex 106.19033813476562 -146.0 89.29386901855469
vertex 112.92232513427734 -146.0 89.29386901855469
vertex 112.92232513427734 -146.0 101.29386901855469
endloop
endfacet
facet normal 0.0 -1.0 0.0
outer loop
vertex 106.19033813476562 -146.0 89.29386901855469
vertex 112.92232513427734 -146.0 101.29386901855469
vertex 112.57085418701172 -146.0 101.29386901855469
endloop
endfacet
facet normal 0.882947505253797 4.996768862981855e-07 -0.46947172754687444
outer loop
vertex 106.19033813476562 -146.0 89.29386901855469
vertex 112.57085418701172 -146.0 101.29386901855469
vertex 114.1124496459961 -149.0 104.19318389892578
endloop
endfacet
facet normal 0.0 1.0 0.0
outer loop
vertex 95.10484313964844 -137.0 115.30628967285156
vertex 114.1124496459961 -137.0 104.19318389892578
vertex 112.57085418701172 -137.0 101.29386901855469
endloop
endfacet
facet normal 0.0 -0.0 1.0
outer loop
vertex 112.57085418701172 -146.0 101.29386901855469
vertex 112.92232513427734 -146.0 101.29386901855469
vertex 112.57085418701172 -137.0 101.29386901855469
endloop
endfacet
facet normal 0.8829472909354672 0.0 -0.4694721306208914
outer loop
vertex 112.57085418701172 -146.0 101.29386901855469
vertex 112.57085418701172 -137.0 101.29386901855469
vertex 114.1124496459961 -137.0 104.19318389892578
endloop
endfacet
facet normal 1.0 0.0 -0.0
outer loop
vertex 112.92232513427734 -146.0 89.29386901855469
vertex 112.92232513427734 -112.0 89.29386901855469
vertex 112.92232513427734 -146.0 101.29386901855469
endloop
endfacet
facet normal 0.0 -0.0 1.0
outer loop
vertex 112.92232513427734 -146.0 101.29386901855469
vertex 112.92232513427734 -115.0 101.29386901855469
vertex 112.57085418701172 -137.0 101.29386901855469
endloop
endfacet
facet normal 0.8829472909354672 0.0 -0.4694721306208914
outer loop
vertex 112.57085418701172 -146.0 101.29386901855469
vertex 114.1124496459961 -137.0 104.19318389892578
vertex 114.1124496459961 -149.0 104.19318389892578
endloop
endfacet
facet normal 0.8829475896501782 0.0 -0.46947156882066954
outer loop
vertex 114.1124496459961 -149.0 104.19318389892578
vertex 114.1124496459961 -137.0 104.19318389892578
vertex 124.41038513183594 -137.0 123.56078338623047
endloop
endfacet
facet normal 0.9999999999999999 0.0 0.0
outer loop
vertex 112.92232513427734 -112.0 89.29386901855469
vertex 112.92232513427734 -115.0 96.83800506591797
vertex 112.92232513427734 -146.0 101.29386901855469
endloop
endfacet
facet normal 1.0 -0.0 0.0
outer loop
vertex 112.92232513427734 -146.0 101.29386901855469
vertex 112.92232513427734 -115.0 96.83800506591797
vertex 112.92232513427734 -115.0 101.29386901855469
endloop
endfacet
facet normal 1.0 0.0 -0.0
outer loop
vertex 112.92232513427734 -112.0 89.29386901855469
vertex 112.92232513427734 -112.0 96.83800506591797
vertex 112.92232513427734 -115.0 96.83800506591797
endloop
endfacet
facet normal 0.0 0.0 -1.0
outer loop
vertex 112.92232513427734 -115.0 96.83800506591797
vertex 112.92232513427734 -112.0 96.83800506591797
vertex 114.67993927001953 -115.0 96.83800506591797
endloop
endfacet
facet normal 0.0 -1.0 0.0
outer loop
vertex 112.92232513427734 -115.0 96.83800506591797
vertex 114.67993927001953 -115.0 96.83800506591797
vertex 112.92232513427734 -115.0 101.29386901855469
endloop
endfacet
facet normal -0.0 -0.9999999999999999 0.0
outer loop
vertex 114.67993927001953 -115.0 96.83800506591797
vertex 114.92232513427734 -115.0 103.29386901855469
vertex 112.92232513427734 -115.0 101.29386901855469
endloop
endfacet
facet normal 0.0 -1.0 0.0
outer loop
vertex 95.10484313964844 -149.0 115.30628967285156
vertex 114.1124496459961 -149.0 104.19318389892578
vertex 105.40277862548828 -149.0 134.67388916015625
endloop
endfacet
facet normal -0.0 1.0 0.0
outer loop
vertex 95.10484313964844 -137.0 115.30628967285156
vertex 105.40277862548828 -137.0 134.67388916015625
vertex 114.1124496459961 -137.0 104.19318389892578
endloop
endfacet
facet normal 0.0 -1.0 0.0
outer loop
vertex 114.1124496459961 -149.0 104.19318389892578
vertex 124.41038513183594 -149.0 123.56078338623047
vertex 105.40277862548828 -149.0 134.67388916015625
endloop
endfacet
facet normal -0.0 1.0 -0.0
outer loop
vertex 114.1124496459961 -137.0 104.19318389892578
vertex 105.40277862548828 -137.0 134.67388916015625
vertex 124.41038513183594 -137.0 123.56078338623047
endloop
endfacet
facet normal -0.0 1.0 0.0
outer loop
vertex 105.40277862548828 -137.0 134.67388916015625
vertex 108.7349624633789 -137.0 140.94081115722656
vertex 124.41038513183594 -137.0 123.56078338623047
endloop
endfacet
facet normal 0.0 0.0 -1.0
outer loop
vertex 112.92232513427734 -112.0 96.83800506591797
vertex 114.67993927001953 -7.0 96.83800506591797
vertex 114.67993927001953 -115.0 96.83800506591797
endloop
endfacet
facet normal 0.9992959281323673 0.0 -0.03751863561045933
outer loop
vertex 114.67993927001953 -115.0 96.83800506591797
vertex 114.92232513427734 -5.0 103.29386901855469
vertex 114.92232513427734 -115.0 103.29386901855469
endloop
endfacet
facet normal -0.8829474582687952 0.0 0.4694718159130259
outer loop
vertex 105.40277862548828 -149.0 134.67388916015625
vertex 108.7349624633789 -146.0 140.94081115722656
vertex 105.40277862548828 -137.0 134.67388916015625
endloop
endfacet
facet normal -0.8829474582687953 0.0 0.46947181591302595
outer loop
vertex 105.40277862548828 -137.0 134.67388916015625
vertex 108.7349624633789 -146.0 140.94081115722656
vertex 108.7349624633789 -137.0 140.94081115722656
endloop
endfacet
facet normal 0.0 -1.0 0.0
outer loop
vertex 108.38348388671875 -146.0 140.94081115722656
vertex 108.7349624633789 -146.0 140.94081115722656
vertex 108.38348388671875 -146.0 152.94081115722656
endloop
endfacet
facet normal 0.0 0.0 -1.0
outer loop
vertex 108.38348388671875 -146.0 140.94081115722656
vertex 108.7349624633789 -137.0 140.94081115722656
vertex 108.7349624633789 -146.0 140.94081115722656
endloop
endfacet
facet normal -0.8829475896499847 6.620984814750478e-07 0.4694715688205666
outer loop
vertex 105.40277862548828 -149.0 134.67388916015625
vertex 115.70071411132812 -149.0 154.04148864746094
vertex 108.7349624633789 -146.0 140.94081115722656
endloop
endfacet
facet normal 0.0 0.0 -1.0
outer loop
vertex 108.38348388671875 -146.0 140.94081115722656
vertex 108.38348388671875 -112.0 140.94081115722656
vertex 108.7349624633789 -137.0 140.94081115722656
endloop
endfacet
facet normal 0.0 -1.0 0.0
outer loop
vertex 108.7349624633789 -146.0 140.94081115722656
vertex 115.11547088623047 -146.0 152.94081115722656
vertex 108.38348388671875 -146.0 152.94081115722656
endloop
endfacet
facet normal -1.0 0.0 0.0
outer loop
vertex 108.38348388671875 -146.0 140.94081115722656
vertex 108.38348388671875 -146.0 152.94081115722656
vertex 108.38348388671875 -115.0 148.4849395751953
endloop
endfacet
facet normal 0.0 -0.0 1.0
outer loop
vertex 108.38348388671875 -146.0 152.94081115722656
vertex 115.11547088623047 -137.0 152.94081115722656
vertex 108.38348388671875 -115.0 152.94081115722656
endloop
endfacet
facet normal -1.0 0.0 0.0
outer loop
vertex 108.38348388671875 -146.0 140.94081115722656
vertex 108.38348388671875 -115.0 148.4849395751953
vertex 108.38348388671875 -112.0 140.94081115722656
endloop
endfacet
facet normal 0.0 -1.0 0.0
outer loop
vertex 106.14109802246094 -115.0 148.4849395751953
vertex 108.38348388671875 -115.0 148.4849395751953
vertex 108.38348388671875 -115.0 152.94081115722656
endloop
endfacet
facet normal 0.0 0.0 -1.0
outer loop
vertex 106.14109802246094 -115.0 148.4849395751953
vertex 108.38348388671875 -112.0 148.4849395751953
vertex 108.38348388671875 -115.0 148.4849395751953
endloop
endfacet
facet normal 0.0 -1.0 0.0
outer loop
vertex 106.14109802246094 -115.0 148.4849395751953
vertex 108.38348388671875 -115.0 152.94081115722656
vertex 106.38348388671875 -115.0 154.94081115722656
endloop
endfacet
facet normal -1.0 0.0 0.0
outer loop
vertex 108.38348388671875 -146.0 152.94081115722656
vertex 108.38348388671875 -115.0 152.94081115722656
vertex 108.38348388671875 -115.0 148.4849395751953
endloop
endfacet
facet normal -0.9999999999999999 0.0 0.0
outer loop
vertex 108.38348388671875 -112.0 140.94081115722656
vertex 108.38348388671875 -115.0 148.4849395751953
vertex 108.38348388671875 -112.0 148.4849395751953
endloop
endfacet
facet normal 0.0 -1.0 0.0
outer loop
vertex 105.40277862548828 -149.0 134.67388916015625
vertex 124.41038513183594 -149.0 123.56078338623047
vertex 115.70071411132812 -149.0 154.04148864746094
endloop
endfacet
facet normal -0.8829477379490309 -9.00211532559874e-07 0.4694712899101272
outer loop
vertex 108.7349624633789 -146.0 140.94081115722656
vertex 115.70071411132812 -149.0 154.04148864746094
vertex 115.11547088623047 -146.0 152.94081115722656
endloop
endfacet
facet normal 0.0 0.0 0.9999999999999999
outer loop
vertex 108.38348388671875 -146.0 152.94081115722656
vertex 115.11547088623047 -146.0 152.94081115722656
vertex 115.11547088623047 -137.0 152.94081115722656
endloop
endfacet
facet normal -0.8829467208809834 0.0 0.4694732027342124
outer loop
vertex 115.11547088623047 -146.0 152.94081115722656
vertex 115.70071411132812 -149.0 154.04148864746094
vertex 115.70071411132812 -137.0 154.04148864746094
endloop
endfacet
facet normal -0.8829467208809835 0.0 0.46947320273421245
outer loop
vertex 115.11547088623047 -146.0 152.94081115722656
vertex 115.70071411132812 -137.0 154.04148864746094
vertex 115.11547088623047 -137.0 152.94081115722656
endloop
endfacet
facet normal -0.0 1.0 0.0
outer loop
vertex 115.11547088623047 -137.0 152.94081115722656
vertex 115.70071411132812 -137.0 154.04148864746094
vertex 117.58329010009766 -137.0 152.94081115722656
endloop
endfacet
facet normal -0.0 0.0 1.0
outer loop
vertex 108.38348388671875 -115.0 152.94081115722656
vertex 115.11547088623047 -137.0 152.94081115722656
vertex 117.58329010009766 -137.0 152.94081115722656
endloop
endfacet
facet normal -0.9992959297947198 0.0 0.037518591334246745
outer loop
vertex 106.14109802246094 -115.0 148.4849395751953
vertex 106.38348388671875 -115.0 154.94081115722656
vertex 106.38348388671875 -7.0 154.94081115722656
endloop
endfacet
facet normal 0.0 -0.0 1.0
outer loop
vertex 78.92232513427734 -115.0 103.29386901855469
vertex 113.51932525634766 -6.454387664794922 103.29386901855469
vertex 95.55377197265625 -7.0 103.29386901855469
endloop
endfacet
facet normal 0.0 -0.0 -1.0
outer loop
vertex 78.67993927001953 -7.0 96.83800506591797
vertex 114.67993927001953 -7.0 96.83800506591797
vertex 112.92232513427734 -112.0 96.83800506591797
endloop
endfacet
facet normal 0.0 -0.0 1.0
outer loop
vertex 78.92232513427734 -115.0 103.29386901855469
vertex 114.34168243408203 -6.77419376373291 103.29386901855469
vertex 113.51932525634766 -6.454387664794922 103.29386901855469
endloop
endfacet
facet normal 0.0 -0.0 1.0
outer loop
vertex 90.25902557373047 -11.0 95.76202392578125
vertex 100.92568969726562 -7.0 95.76202392578125
vertex 90.25902557373047 -7.0 95.76202392578125
endloop
endfacet
facet normal 0.0 -1.0 0.0
outer loop
vertex 78.67993927001953 -7.0 96.83800506591797
vertex 100.92568969726562 -7.0 95.76202392578125
vertex 114.67993927001953 -7.0 96.83800506591797
endloop
endfacet
facet normal -0.8829475402053711 0.0 0.4694716618128134
outer loop
vertex 95.86176300048828 -5.0 103.29386901855469
vertex 101.443115234375 -5.0 113.79086303710938
vertex 101.443115234375 5.0 113.79086303710938
endloop
endfacet
facet normal 0.0 -0.0 1.0
outer loop
vertex 95.55377197265625 -7.0 103.29386901855469
vertex 113.98287963867188 -5.0 103.29386901855469
vertex 95.86176300048828 -5.0 103.29386901855469
endloop
endfacet
facet normal 0.0 -1.0 0.0
outer loop
vertex 95.86176300048828 -5.0 103.29386901855469
vertex 113.98287963867188 -5.0 103.29386901855469
vertex 101.443115234375 -5.0 113.79086303710938
endloop
endfacet
facet normal 0.0 0.0 -1.0
outer loop
vertex 92.41051483154297 -7.0 122.66146850585938
vertex 92.41051483154297 5.0 122.66146850585938
vertex 106.15969848632812 -5.0 122.66146850585938
endloop
endfacet
facet normal -0.9992958855178655 0.0 0.03751977061583309
outer loop
vertex 92.41051483154297 -7.0 122.66146850585938
vertex 92.65290832519531 -7.0 129.11734008789062
vertex 92.41051483154297 5.0 122.66146850585938
endloop
endfacet
facet normal -0.882947648160479 0.0 0.4694714587787834
outer loop
vertex 101.443115234375 -5.0 113.79086303710938
vertex 106.15969848632812 -5.0 122.66146850585938
vertex 101.443115234375 5.0 113.79086303710938
endloop
endfacet
facet normal -0.0 -1.0 0.0
outer loop
vertex 92.41051483154297 -7.0 122.66146850585938
vertex 117.31620788574219 -7.0 136.64918518066406
vertex 92.65290832519531 -7.0 129.11734008789062
endloop
endfacet
facet normal 0.9992959281323673 0.0 -0.03751863561045933
outer loop
vertex 114.67993927001953 -115.0 96.83800506591797
vertex 114.67993927001953 -7.0 96.83800506591797
vertex 114.92232513427734 -5.0 103.29386901855469
endloop
endfacet
facet normal 0.0 -0.0 0.9999999999999999
outer loop
vertex 114.92232513427734 -115.0 103.29386901855469
vertex 114.92232513427734 -5.0 103.29386901855469
vertex 114.34168243408203 -6.77419376373291 103.29386901855469
endloop
endfacet
facet normal -0.0 -1.0 0.0
outer loop
vertex 100.52171325683594 -7.0 85.00225067138672
vertex 114.67993927001953 -7.0 96.83800506591797
vertex 100.92568969726562 -7.0 95.76202392578125
endloop
endfacet
facet normal 0.0 0.0 1.0
outer loop
vertex 95.55377197265625 -7.0 103.29386901855469
vertex 113.51932525634766 -6.454387664794922 103.29386901855469
vertex 113.98287963867188 -5.0 103.29386901855469
endloop
endfacet
facet normal 0.0 -1.0 0.0
outer loop
vertex 101.443115234375 -5.0 113.79086303710938
vertex 113.98287963867188 -5.0 103.29386901855469
vertex 115.2668228149414 -5.0 105.70861053466797
endloop
endfacet
facet normal 0.9992959281323673 0.0 -0.03751863561045933
outer loop
vertex 114.67993927001953 -7.0 96.83800506591797
vertex 114.67993927001953 -5.0 96.83800506591797
vertex 114.92232513427734 -5.0 103.29386901855469
endloop
endfacet
facet normal 0.9992959281323673 0.0 -0.03751863561045933
outer loop
vertex 114.67993927001953 -5.0 96.83800506591797
vertex 114.92232513427734 7.0 103.29386901855469
vertex 114.92232513427734 -5.0 103.29386901855469
endloop
endfacet
facet normal -0.0 -0.0 1.0
outer loop
vertex 113.51932525634766 -6.454387664794922 103.29386901855469
vertex 114.34168243408203 -6.77419376373291 103.29386901855469
vertex 113.98287963867188 -5.0 103.29386901855469
endloop
endfacet
facet normal 0.0 -0.0 1.0
outer loop
vertex 114.34168243408203 -6.77419376373291 103.29386901855469
vertex 114.92232513427734 -5.0 103.29386901855469
vertex 113.98287963867188 -5.0 103.29386901855469
endloop
endfacet
facet normal 0.0 0.0 1.0
outer loop
vertex 113.98287963867188 -5.0 103.29386901855469
vertex 114.92232513427734 -5.0 103.29386901855469
vertex 114.92232513427734 7.0 103.29386901855469
endloop
endfacet
facet normal 0.8829472386242716 0.0 -0.4694722290037757
outer loop
vertex 113.98287963867188 -5.0 103.29386901855469
vertex 115.2668228149414 5.0 105.70861053466797
vertex 115.2668228149414 -5.0 105.70861053466797
endloop
endfacet
facet normal 0.0 0.0 -1.0
outer loop
vertex 92.41051483154297 -7.0 122.66146850585938
vertex 106.15969848632812 -5.0 122.66146850585938
vertex 128.4105224609375 -7.0 122.66146850585938
endloop
endfacet
facet normal 0.0 -1.0 0.0
outer loop
vertex 101.443115234375 -5.0 113.79086303710938
vertex 124.28081512451172 -5.0 122.66146850585938
vertex 106.15969848632812 -5.0 122.66146850585938
endloop
endfacet
facet normal 0.0 -1.0 0.0
outer loop
vertex 101.443115234375 -5.0 113.79086303710938
vertex 115.2668228149414 -5.0 105.70861053466797
vertex 124.28081512451172 -5.0 122.66146850585938
endloop
endfacet
facet normal 0.0 -1.0 0.0
outer loop
vertex 92.41051483154297 -7.0 122.66146850585938
vertex 128.4105224609375 -7.0 122.66146850585938
vertex 117.31620788574219 -7.0 136.64918518066406
endloop
endfacet
facet normal 0.0 -1.0 0.0
outer loop
vertex 92.65290832519531 -7.0 129.11734008789062
vertex 106.14109802246094 -7.0 148.4849395751953
vertex 106.38348388671875 -7.0 154.94081115722656
endloop
endfacet
facet normal -0.8829477000681311 0.0 0.4694713611546476
outer loop
vertex 92.65290832519531 -7.0 129.11734008789062
vertex 106.38348388671875 -7.0 154.94081115722656
vertex 106.38348388671875 -5.0 154.94081115722656
endloop
endfacet
facet normal -0.8829477000681311 0.0 0.4694713611546476
outer loop
vertex 92.65290832519531 -7.0 129.11734008789062
vertex 106.38348388671875 -5.0 154.94081115722656
vertex 106.38348388671875 7.0 154.94081115722656
endloop
endfacet
facet normal -0.9992959297947198 0.0 0.037518591334246745
outer loop
vertex 106.14109802246094 -115.0 148.4849395751953
vertex 106.38348388671875 -7.0 154.94081115722656
vertex 106.14109802246094 -7.0 148.4849395751953
endloop
endfacet
facet normal 0.0 -1.0 0.0
outer loop
vertex 92.65290832519531 -7.0 129.11734008789062
vertex 117.72018432617188 -7.0 147.40896606445312
vertex 106.14109802246094 -7.0 148.4849395751953
endloop
endfacet
facet normal 0.0 -1.0 0.0
outer loop
vertex 92.65290832519531 -7.0 129.11734008789062
vertex 117.31620788574219 -7.0 136.64918518066406
vertex 117.72018432617188 -7.0 147.40896606445312
endloop
endfacet
facet normal -0.9992959291297797 0.0 0.03751860904471926
outer loop
vertex 117.31620788574219 -11.0 136.64918518066406
vertex 117.72018432617188 -11.0 147.40896606445312
vertex 117.72018432617188 -7.0 147.40896606445312
endloop
endfacet
facet normal -0.9992959291297797 0.0 0.03751860904471926
outer loop
vertex 117.31620788574219 -11.0 136.64918518066406
vertex 117.72018432617188 -7.0 147.40896606445312
vertex 117.31620788574219 -7.0 136.64918518066406
endloop
endfacet
facet normal 0.0 0.0 1.0
outer loop
vertex 106.38348388671875 -5.0 154.94081115722656
vertex 123.32292938232422 -5.0 154.94081115722656
vertex 123.32292938232422 5.0 154.94081115722656
endloop
endfacet
facet normal 0.8829475896501782 0.0 -0.46947156882066954
outer loop
vertex 114.1124496459961 -149.0 104.19318389892578
vertex 124.41038513183594 -137.0 123.56078338623047
vertex 124.41038513183594 -149.0 123.56078338623047
endloop
endfacet
facet normal 0.8829478104860193 0.0 -0.46947115348862967
outer loop
vertex 124.41038513183594 -149.0 123.56078338623047
vertex 124.41038513183594 -137.0 123.56078338623047
vertex 134.70831298828125 -149.0 142.9283905029297
endloop
endfacet
facet normal -0.0 0.9999999999999999 0.0
outer loop
vertex 108.7349624633789 -137.0 140.94081115722656
vertex 133.65150451660156 -137.0 140.94081115722656
vertex 124.41038513183594 -137.0 123.56078338623047
endloop
endfacet
facet normal 0.0 -1.0 0.0
outer loop
vertex 115.70071411132812 -149.0 154.04148864746094
vertex 134.70831298828125 -149.0 142.9283905029297
vertex 123.48774719238281 -149.0 168.68675231933594
endloop
endfacet
facet normal 0.0 0.0 -1.0
outer loop
vertex 108.7349624633789 -137.0 140.94081115722656
vertex 108.38348388671875 -112.0 140.94081115722656
vertex 140.38348388671875 -112.0 140.94081115722656
endloop
endfacet
facet normal 0.0 1.0 0.0
outer loop
vertex 108.38348388671875 -112.0 140.94081115722656
vertex 108.38348388671875 -112.0 148.4849395751953
vertex 140.38348388671875 -112.0 148.4849395751953
endloop
endfacet
facet normal 0.0 -1.0 0.0
outer loop
vertex 106.38348388671875 -115.0 154.94081115722656
vertex 108.38348388671875 -115.0 152.94081115722656
vertex 142.38348388671875 -115.0 154.94081115722656
endloop
endfacet
facet normal -0.0 0.0 1.0
outer loop
vertex 108.38348388671875 -115.0 152.94081115722656
vertex 117.58329010009766 -137.0 152.94081115722656
vertex 140.03201293945312 -137.0 152.94081115722656
endloop
endfacet
facet normal 0.0 -0.9999999999999999 0.0
outer loop
vertex 115.70071411132812 -149.0 154.04148864746094
vertex 124.41038513183594 -149.0 123.56078338623047
vertex 134.70831298828125 -149.0 142.9283905029297
endloop
endfacet
facet normal 0.8829477045453376 0.0 -0.4694713527342421
outer loop
vertex 124.41038513183594 -137.0 123.56078338623047
vertex 133.65150451660156 -137.0 140.94081115722656
vertex 133.65150451660156 -146.0 140.94081115722656
endloop
endfacet
facet normal 0.8829471654079503 -2.5116586481253795e-06 -0.4694723666966537
outer loop
vertex 124.41038513183594 -137.0 123.56078338623047
vertex 133.65150451660156 -146.0 140.94081115722656
vertex 134.70831298828125 -149.0 142.9283905029297
endloop
endfacet
facet normal -0.0 1.0 0.0
outer loop
vertex 115.70071411132812 -137.0 154.04148864746094
vertex 142.91258239746094 -137.0 158.35838317871094
vertex 117.58329010009766 -137.0 152.94081115722656
endloop
endfacet
facet normal 0.0 -0.0 -0.9999999999999999
outer loop
vertex 108.7349624633789 -137.0 140.94081115722656
vertex 140.38348388671875 -112.0 140.94081115722656
vertex 133.65150451660156 -137.0 140.94081115722656
endloop
endfacet
facet normal -0.0 1.0 0.0
outer loop
vertex 108.38348388671875 -112.0 140.94081115722656
vertex 140.38348388671875 -112.0 148.4849395751953
vertex 140.38348388671875 -112.0 140.94081115722656
endloop
endfacet
facet normal -0.0 0.0 1.0
outer loop
vertex 108.38348388671875 -115.0 152.94081115722656
vertex 140.03201293945312 -137.0 152.94081115722656
vertex 140.38348388671875 -115.0 152.94081115722656
endloop
endfacet
facet normal 0.0 -1.0 0.0
outer loop
vertex 108.38348388671875 -115.0 152.94081115722656
vertex 140.38348388671875 -115.0 152.94081115722656
vertex 142.38348388671875 -115.0 154.94081115722656
endloop
endfacet
facet normal -0.88294738649527 0.0 0.46947195089927574
outer loop
vertex 115.70071411132812 -149.0 154.04148864746094
vertex 123.48774719238281 -137.0 168.68675231933594
vertex 115.70071411132812 -137.0 154.04148864746094
endloop
endfacet
facet normal -0.88294738649527 0.0 0.46947195089927574
outer loop
vertex 115.70071411132812 -149.0 154.04148864746094
vertex 123.48774719238281 -149.0 168.68675231933594
vertex 123.48774719238281 -137.0 168.68675231933594
endloop
endfacet
facet normal 0.4694709703870321 0.0 0.8829479078427326
outer loop
vertex 123.48774719238281 -149.0 168.68675231933594
vertex 127.01953887939453 -139.5 166.80886840820312
vertex 123.48774719238281 -137.0 168.68675231933594
endloop
endfacet
facet normal -0.0 0.9999999999999999 0.0
outer loop
vertex 115.70071411132812 -137.0 154.04148864746094
vertex 123.48774719238281 -137.0 168.68675231933594
vertex 142.91258239746094 -137.0 158.35838317871094
endloop
endfacet
facet normal -0.0 -1.0 -0.0
outer loop
vertex 130.29678344726562 -146.5 166.19891357421875
vertex 127.01953887939453 -146.5 166.80886840820312
vertex 131.3563232421875 -146.5 165.6355438232422
endloop
endfacet
facet normal 0.469471282286118 -5.651960979875877e-07 0.8829477420030636
outer loop
vertex 123.48774719238281 -149.0 168.68675231933594
vertex 139.3808135986328 -146.5 160.23626708984375
vertex 127.01953887939453 -146.5 166.80886840820312
endloop
endfacet
facet normal -0.0 -1.0 -0.0
outer loop
vertex 131.3563232421875 -146.5 165.6355438232422
vertex 127.01953887939453 -146.5 166.80886840820312
vertex 135.98297119140625 -146.5 163.17552185058594
endloop
endfacet
facet normal 0.469471282286118 5.651960979875877e-07 0.8829477420030636
outer loop
vertex 123.48774719238281 -137.0 168.68675231933594
vertex 127.01953887939453 -139.5 166.80886840820312
vertex 139.3808135986328 -139.5 160.23626708984375
endloop
endfacet
facet normal 0.4694709703870321 -0.0 0.8829479078427326
outer loop
vertex 123.48774719238281 -149.0 168.68675231933594
vertex 127.01953887939453 -146.5 166.80886840820312
vertex 127.01953887939453 -139.5 166.80886840820312
endloop
endfacet
facet normal -0.8829476957236007 0.0 0.46947136932552536
outer loop
vertex 127.01953887939453 -146.5 166.80886840820312
vertex 131.71426391601562 -146.5 175.63836669921875
vertex 127.01953887939453 -139.5 166.80886840820312
endloop
endfacet
facet normal -0.0 -1.0 0.0
outer loop
vertex 130.29678344726562 -146.5 166.19891357421875
vertex 134.52203369140625 -146.5 174.14544677734375
vertex 127.01953887939453 -146.5 166.80886840820312
endloop
endfacet
facet normal -0.08092903320616347 -0.9850300588978754 -0.15220471297553095
outer loop
vertex 130.29678344726562 -146.5 166.19891357421875
vertex 131.3563232421875 -146.5 165.6355438232422
vertex 131.23573303222656 -146.85000610351562 167.96481323242188
endloop
endfacet
facet normal 0.0 -1.0 0.0
outer loop
vertex 127.01953887939453 -146.5 166.80886840820312
vertex 134.52203369140625 -146.5 174.14544677734375
vertex 131.71426391601562 -146.5 175.63836669921875
endloop
endfacet
facet normal -0.8829476957236007 0.0 0.46947136932552536
outer loop
vertex 127.01953887939453 -139.5 166.80886840820312
vertex 131.71426391601562 -146.5 175.63836669921875
vertex 131.71426391601562 -139.5 175.63836669921875
endloop
endfacet
facet normal 0.0 1.0 -0.0
outer loop
vertex 130.29678344726562 -139.5 166.19891357421875
vertex 127.01953887939453 -139.5 166.80886840820312
vertex 131.71426391601562 -139.5 175.63836669921875
endloop
endfacet
facet normal -0.08092903320616347 0.9850300588978754 -0.15220471297553095
outer loop
vertex 130.29678344726562 -139.5 166.19891357421875
vertex 131.23573303222656 -139.14999389648438 167.96481323242188
vertex 131.3563232421875 -139.5 165.6355438232422
endloop
endfacet
facet normal 0.0 -0.0 -0.9999999999999999
outer loop
vertex 106.14109802246094 -115.0 148.4849395751953
vertex 142.14109802246094 -7.0 148.4849395751953
vertex 108.38348388671875 -112.0 148.4849395751953
endloop
endfacet
facet normal 0.0 -0.0 -1.0
outer loop
vertex 108.38348388671875 -112.0 148.4849395751953
vertex 142.14109802246094 -7.0 148.4849395751953
vertex 140.38348388671875 -112.0 148.4849395751953
endloop
endfacet
facet normal 0.0 0.0 1.0
outer loop
vertex 106.38348388671875 -115.0 154.94081115722656
vertex 142.38348388671875 -115.0 154.94081115722656
vertex 142.38348388671875 -7.0 154.94081115722656
endloop
endfacet
facet normal 0.8829487368642994 0.0 -0.4694694112183859
outer loop
vertex 133.65150451660156 -146.0 140.94081115722656
vertex 134.70831298828125 -146.0 142.9283905029297
vertex 134.70831298828125 -149.0 142.9283905029297
endloop
endfacet
facet normal 0.0 -1.0 0.0
outer loop
vertex 133.65150451660156 -146.0 140.94081115722656
vertex 140.38348388671875 -146.0 140.94081115722656
vertex 134.70831298828125 -146.0 142.9283905029297
endloop
endfacet
facet normal 0.0 0.0 -1.0
outer loop
vertex 133.65150451660156 -146.0 140.94081115722656
vertex 133.65150451660156 -137.0 140.94081115722656
vertex 140.38348388671875 -146.0 140.94081115722656
endloop
endfacet
facet normal 0.0 0.0 -1.0
outer loop
vertex 133.65150451660156 -137.0 140.94081115722656
vertex 140.38348388671875 -112.0 140.94081115722656
vertex 140.38348388671875 -146.0 140.94081115722656
endloop
endfacet
facet normal -0.0 1.0 0.0
outer loop
vertex 117.58329010009766 -137.0 152.94081115722656
vertex 142.91258239746094 -137.0 158.35838317871094
vertex 140.03201293945312 -137.0 152.94081115722656
endloop
endfacet
facet normal 0.8829475396532144 0.0 -0.46947166285126896
outer loop
vertex 134.70831298828125 -149.0 142.9283905029297
vertex 134.70831298828125 -146.0 142.9283905029297
vertex 140.03201293945312 -146.0 152.94081115722656
endloop
endfacet
facet normal 1.0 0.0 -0.0
outer loop
vertex 140.38348388671875 -146.0 140.94081115722656
vertex 140.38348388671875 -112.0 140.94081115722656
vertex 140.38348388671875 -146.0 152.94081115722656
endloop
endfacet
facet normal 0.0 -1.0 0.0
outer loop
vertex 134.70831298828125 -146.0 142.9283905029297
vertex 140.38348388671875 -146.0 140.94081115722656
vertex 140.03201293945312 -146.0 152.94081115722656
endloop
endfacet
facet normal 0.0 -1.0 0.0
outer loop
vertex 140.38348388671875 -146.0 140.94081115722656
vertex 140.38348388671875 -146.0 152.94081115722656
vertex 140.03201293945312 -146.0 152.94081115722656
endloop
endfacet
facet normal 0.8829473074641221 1.8694431995209057e-06 -0.4694720995313377
outer loop
vertex 134.70831298828125 -149.0 142.9283905029297
vertex 140.03201293945312 -146.0 152.94081115722656
vertex 142.91259765625 -149.0 158.35838317871094
endloop
endfacet
facet normal 0.882947909198879 0.0 -0.46947096783648756
outer loop
vertex 140.03201293945312 -146.0 152.94081115722656
vertex 140.03201293945312 -137.0 152.94081115722656
vertex 142.91258239746094 -147.73728942871094 158.35838317871094
endloop
endfacet
facet normal 0.0 0.0 1.0
outer loop
vertex 140.03201293945312 -146.0 152.94081115722656
vertex 140.38348388671875 -146.0 152.94081115722656
vertex 140.38348388671875 -115.0 152.94081115722656
endloop
endfacet
facet normal 0.0 -0.0 1.0
outer loop
vertex 140.03201293945312 -146.0 152.94081115722656
vertex 140.38348388671875 -115.0 152.94081115722656
vertex 140.03201293945312 -137.0 152.94081115722656
endloop
endfacet
facet normal 1.0 -0.0 -0.0
outer loop
vertex 140.38348388671875 -146.0 152.94081115722656
vertex 140.38348388671875 -112.0 140.94081115722656
vertex 140.38348388671875 -115.0 148.4849395751953
endloop
endfacet
facet normal 1.0 -0.0 0.0
outer loop
vertex 140.38348388671875 -146.0 152.94081115722656
vertex 140.38348388671875 -115.0 148.4849395751953
vertex 140.38348388671875 -115.0 152.94081115722656
endloop
endfacet
facet normal 0.9999999999999999 0.0 -0.0
outer loop
vertex 140.38348388671875 -112.0 140.94081115722656
vertex 140.38348388671875 -112.0 148.4849395751953
vertex 140.38348388671875 -115.0 148.4849395751953
endloop
endfacet
facet normal 0.0 -1.0 0.0
outer loop
vertex 140.38348388671875 -115.0 148.4849395751953
vertex 142.14109802246094 -115.0 148.4849395751953
vertex 140.38348388671875 -115.0 152.94081115722656
endloop
endfacet
facet normal 0.0 0.0 -1.0
outer loop
vertex 140.38348388671875 -115.0 148.4849395751953
vertex 140.38348388671875 -112.0 148.4849395751953
vertex 142.14109802246094 -115.0 148.4849395751953
endloop
endfacet
facet normal 0.0 -1.0 0.0
outer loop
vertex 140.38348388671875 -115.0 152.94081115722656
vertex 142.14109802246094 -115.0 148.4849395751953
vertex 142.38348388671875 -115.0 154.94081115722656
endloop
endfacet
facet normal 0.0 -0.9999999999999999 0.0
outer loop
vertex 123.48774719238281 -149.0 168.68675231933594
vertex 134.70831298828125 -149.0 142.9283905029297
vertex 142.91259765625 -149.0 158.35838317871094
endloop
endfacet
facet normal 0.0 -1.0 0.0
outer loop
vertex 127.01953887939453 -146.5 166.80886840820312
vertex 139.3808135986328 -146.5 160.23626708984375
vertex 137.04251098632812 -146.5 162.61215209960938
endloop
endfacet
facet normal 0.0 -1.0 0.0
outer loop
vertex 127.01953887939453 -146.5 166.80886840820312
vertex 137.04251098632812 -146.5 162.61215209960938
vertex 135.98297119140625 -146.5 163.17552185058594
endloop
endfacet
facet normal 0.0 1.0 0.0
outer loop
vertex 130.29678344726562 -139.5 166.19891357421875
vertex 139.3808135986328 -139.5 160.23626708984375
vertex 127.01953887939453 -139.5 166.80886840820312
endloop
endfacet
facet normal 0.0 1.0 0.0
outer loop
vertex 130.29678344726562 -139.5 166.19891357421875
vertex 131.3563232421875 -139.5 165.6355438232422
vertex 139.3808135986328 -139.5 160.23626708984375
endloop
endfacet
facet normal 0.46947187278520425 -5.380480254136508e-06 0.8829474280129047
outer loop
vertex 123.48774719238281 -149.0 168.68675231933594
vertex 142.91258239746094 -147.73728942871094 158.35838317871094
vertex 139.3808135986328 -146.5 160.23626708984375
endloop
endfacet
facet normal 0.46947131261195124 5.673163663093196e-06 0.8829477258604989
outer loop
vertex 123.48774719238281 -149.0 168.68675231933594
vertex 142.91259765625 -149.0 158.35838317871094
vertex 142.91258239746094 -147.73728942871094 158.35838317871094
endloop
endfacet
facet normal -0.08092903320616347 -0.9850300588978754 -0.15220471297553095
outer loop
vertex 135.98297119140625 -146.5 163.17552185058594
vertex 137.04251098632812 -146.5 162.61215209960938
vertex 136.9219207763672 -146.85000610351562 164.94142150878906
endloop
endfacet
facet normal -0.08092903320616347 -0.9850300588978754 -0.15220471297553095
outer loop
vertex 137.04251098632812 -146.5 162.61215209960938
vertex 137.98146057128906 -146.85000610351562 164.3780517578125
vertex 136.9219207763672 -146.85000610351562 164.94142150878906
endloop
endfacet
facet normal -0.8829474274344342 -8.282706690699916e-06 0.4694718738309154
outer loop
vertex 135.98297119140625 -146.5 163.17552185058594
vertex 136.9219207763672 -146.85000610351562 164.94142150878906
vertex 140.20822143554688 -146.5 171.12205505371094
endloop
endfacet
facet normal 0.469471600119688 3.1569906497875326e-06 0.8829475730025499
outer loop
vertex 123.48774719238281 -137.0 168.68675231933594
vertex 139.3808135986328 -139.5 160.23626708984375
vertex 142.91258239746094 -137.0 158.35838317871094
endloop
endfacet
facet normal 0.0 1.0 0.0
outer loop
vertex 131.3563232421875 -139.5 165.6355438232422
vertex 135.98297119140625 -139.5 163.17552185058594
vertex 139.3808135986328 -139.5 160.23626708984375
endloop
endfacet
facet normal -0.08092903320616347 0.9850300588978754 -0.15220471297553095
outer loop
vertex 135.98297119140625 -139.5 163.17552185058594
vertex 136.9219207763672 -139.14999389648438 164.94142150878906
vertex 137.04251098632812 -139.5 162.61215209960938
endloop
endfacet
facet normal 0.0 1.0 0.0
outer loop
vertex 135.98297119140625 -139.5 163.17552185058594
vertex 137.04251098632812 -139.5 162.61215209960938
vertex 139.3808135986328 -139.5 160.23626708984375
endloop
endfacet
facet normal -0.08092903320616347 0.9850300588978754 -0.15220471297553095
outer loop
vertex 137.04251098632812 -139.5 162.61215209960938
vertex 136.9219207763672 -139.14999389648438 164.94142150878906
vertex 137.98146057128906 -139.14999389648438 164.3780517578125
endloop
endfacet
facet normal -0.8829474274344342 8.282706690699916e-06 0.4694718738309154
outer loop
vertex 135.98297119140625 -139.5 163.17552185058594
vertex 140.20822143554688 -139.5 171.12205505371094
vertex 136.9219207763672 -139.14999389648438 164.94142150878906
endloop
endfacet
facet normal -0.08092903320616347 -0.9850300588978754 -0.15220471297553095
outer loop
vertex 131.3563232421875 -146.5 165.6355438232422
vertex 132.29527282714844 -146.85000610351562 167.4014434814453
vertex 131.23573303222656 -146.85000610351562 167.96481323242188
endloop
endfacet
facet normal 0.8829474274344342 8.282706690699916e-06 -0.4694718738309154
outer loop
vertex 131.3563232421875 -146.5 165.6355438232422
vertex 135.58157348632812 -146.5 173.5820770263672
vertex 132.29527282714844 -146.85000610351562 167.4014434814453
endloop
endfacet
facet normal -0.8829474274344342 -8.282706690699916e-06 0.4694718738309154
outer loop
vertex 130.29678344726562 -146.5 166.19891357421875
vertex 131.23573303222656 -146.85000610351562 167.96481323242188
vertex 134.52203369140625 -146.5 174.14544677734375
endloop
endfacet
facet normal 0.0 -1.0 0.0
outer loop
vertex 131.23573303222656 -146.85000610351562 167.96481323242188
vertex 132.29527282714844 -146.85000610351562 167.4014434814453
vertex 134.0525665283203 -146.85000610351562 173.2624969482422
endloop
endfacet
facet normal 0.0 -1.0 0.0
outer loop
vertex 132.29527282714844 -146.85000610351562 167.4014434814453
vertex 135.1121063232422 -146.85000610351562 172.69912719726562
vertex 134.0525665283203 -146.85000610351562 173.2624969482422
endloop
endfacet
facet normal 0.8829472401601574 3.2484184981423485e-05 -0.46947222499136115
outer loop
vertex 132.29527282714844 -146.85000610351562 167.4014434814453
vertex 136.05104064941406 -146.5 174.46502685546875
vertex 135.1121063232422 -146.85000610351562 172.69912719726562
endloop
endfacet
facet normal -0.6454410140053425 0.0 0.7638101187073626
outer loop
vertex 131.71426391601562 -146.5 175.63836669921875
vertex 133.35955810546875 -140.3000030517578 177.0286865234375
vertex 131.71426391601562 -139.5 175.63836669921875
endloop
endfacet
facet normal -0.6454410140053424 0.0 0.7638101187073626
outer loop
vertex 131.71426391601562 -146.5 175.63836669921875
vertex 133.35955810546875 -145.6999969482422 177.0286865234375
vertex 133.35955810546875 -140.3000030517578 177.0286865234375
endloop
endfacet
facet normal 0.1743584232316205 0.9284761685189891 0.3279194180594996
outer loop
vertex 133.35955810546875 -140.3000030517578 177.0286865234375
vertex 134.639404296875 -139.60000610351562 174.36619567871094
vertex 131.71426391601562 -139.5 175.63836669921875
endloop
endfacet
facet normal -0.8829472401601574 -3.2484184981423485e-05 0.46947222499136115
outer loop
vertex 131.23573303222656 -146.85000610351562 167.96481323242188
vertex 134.0525665283203 -146.85000610351562 173.2624969482422
vertex 134.9915008544922 -146.5 175.0283966064453
endloop
endfacet
facet normal -0.8829499052897953 9.745256840941006e-05 0.46946720359545724
outer loop
vertex 131.23573303222656 -146.85000610351562 167.96481323242188
vertex 134.9915008544922 -146.5 175.0283966064453
vertex 134.52203369140625 -146.5 174.14544677734375
endloop
endfacet
facet normal 0.08092931446367232 -0.9850299540551632 0.15220524194167218
outer loop
vertex 134.0525665283203 -146.85000610351562 173.2624969482422
vertex 135.1121063232422 -146.85000610351562 172.69912719726562
vertex 134.9915008544922 -146.5 175.0283966064453
endloop
endfacet
facet normal 0.8829499052897953 -9.745256840941006e-05 -0.46946720359545724
outer loop
vertex 132.29527282714844 -146.85000610351562 167.4014434814453
vertex 135.58157348632812 -146.5 173.5820770263672
vertex 136.05104064941406 -146.5 174.46502685546875
endloop
endfacet
facet normal 0.17435960187467467 -0.9284749563725584 0.3279222234358022
outer loop
vertex 131.71426391601562 -146.5 175.63836669921875
vertex 134.52203369140625 -146.5 174.14544677734375
vertex 134.639404296875 -146.39999389648438 174.36619567871094
endloop
endfacet
facet normal -0.8829499093051313 -2.004316859498551e-05 0.46946720573042383
outer loop
vertex 134.52203369140625 -146.5 174.14544677734375
vertex 134.9915008544922 -146.5 175.0283966064453
vertex 134.639404296875 -146.39999389648438 174.36619567871094
endloop
endfacet
facet normal -0.8829486547680262 0.0 0.46946956561989506
outer loop
vertex 134.639404296875 -146.39999389648438 174.36619567871094
vertex 134.9915008544922 -146.5 175.0283966064453
vertex 134.9915008544922 -146.39999389648438 175.0283966064453
endloop
endfacet
facet normal 0.1743586536434448 0.9284760931324727 0.32791950899741396
outer loop
vertex 133.35955810546875 -140.3000030517578 177.0286865234375
vertex 135.69894409179688 -139.60000610351562 173.80282592773438
vertex 134.639404296875 -139.60000610351562 174.36619567871094
endloop
endfacet
facet normal -0.08092903320616347 0.9850300588978754 -0.15220471297553095
outer loop
vertex 131.3563232421875 -139.5 165.6355438232422
vertex 131.23573303222656 -139.14999389648438 167.96481323242188
vertex 132.29527282714844 -139.14999389648438 167.4014434814453
endloop
endfacet
facet normal 0.8829474274344342 -8.282706690699916e-06 -0.4694718738309154
outer loop
vertex 131.3563232421875 -139.5 165.6355438232422
vertex 132.29527282714844 -139.14999389648438 167.4014434814453
vertex 135.58157348632812 -139.5 173.5820770263672
endloop
endfacet
facet normal -0.8829474274344342 8.282706690699916e-06 0.4694718738309154
outer loop
vertex 130.29678344726562 -139.5 166.19891357421875
vertex 134.52203369140625 -139.5 174.14544677734375
vertex 131.23573303222656 -139.14999389648438 167.96481323242188
endloop
endfacet
facet normal -0.0 1.0 0.0
outer loop
vertex 131.23573303222656 -139.14999389648438 167.96481323242188
vertex 134.0525665283203 -139.14999389648438 173.2624969482422
vertex 132.29527282714844 -139.14999389648438 167.4014434814453
endloop
endfacet
facet normal -0.0 1.0 0.0
outer loop
vertex 131.3563232421875 -139.5 165.6355438232422
vertex 135.58157348632812 -139.5 173.5820770263672
vertex 135.98297119140625 -139.5 163.17552185058594
endloop
endfacet
facet normal -0.0 1.0 0.0
outer loop
vertex 132.29527282714844 -139.14999389648438 167.4014434814453
vertex 134.0525665283203 -139.14999389648438 173.2624969482422
vertex 135.1121063232422 -139.14999389648438 172.69912719726562
endloop
endfacet
facet normal 0.8829472401601574 -3.2484184981423485e-05 -0.46947222499136115
outer loop
vertex 132.29527282714844 -139.14999389648438 167.4014434814453
vertex 135.1121063232422 -139.14999389648438 172.69912719726562
vertex 136.05104064941406 -139.5 174.46502685546875
endloop
endfacet
facet normal -0.0 1.0 0.0
outer loop
vertex 130.29678344726562 -139.5 166.19891357421875
vertex 131.71426391601562 -139.5 175.63836669921875
vertex 134.52203369140625 -139.5 174.14544677734375
endloop
endfacet
facet normal -0.8829472401601574 3.2484184981423485e-05 0.46947222499136115
outer loop
vertex 131.23573303222656 -139.14999389648438 167.96481323242188
vertex 134.9915008544922 -139.5 175.0283966064453
vertex 134.0525665283203 -139.14999389648438 173.2624969482422
endloop
endfacet
facet normal -0.8829499052897953 -9.745256840941006e-05 0.46946720359545724
outer loop
vertex 131.23573303222656 -139.14999389648438 167.96481323242188
vertex 134.52203369140625 -139.5 174.14544677734375
vertex 134.9915008544922 -139.5 175.0283966064453
endloop
endfacet
facet normal 0.8829499052897953 9.745256840941006e-05 -0.46946720359545724
outer loop
vertex 132.29527282714844 -139.14999389648438 167.4014434814453
vertex 136.05104064941406 -139.5 174.46502685546875
vertex 135.58157348632812 -139.5 173.5820770263672
endloop
endfacet
facet normal 0.08092931446367232 0.9850299540551632 0.15220524194167218
outer loop
vertex 134.0525665283203 -139.14999389648438 173.2624969482422
vertex 134.9915008544922 -139.5 175.0283966064453
vertex 135.1121063232422 -139.14999389648438 172.69912719726562
endloop
endfacet
facet normal 0.17435960187467467 0.9284749563725584 0.3279222234358022
outer loop
vertex 131.71426391601562 -139.5 175.63836669921875
vertex 134.639404296875 -139.60000610351562 174.36619567871094
vertex 134.52203369140625 -139.5 174.14544677734375
endloop
endfacet
facet normal -0.8829499093051313 2.004316859498551e-05 0.46946720573042383
outer loop
vertex 134.52203369140625 -139.5 174.14544677734375
vertex 134.639404296875 -139.60000610351562 174.36619567871094
vertex 134.9915008544922 -139.5 175.0283966064453
endloop
endfacet
facet normal -0.8829486547680262 0.0 0.46946956561989506
outer loop
vertex 134.639404296875 -139.60000610351562 174.36619567871094
vertex 134.9915008544922 -139.60000610351562 175.0283966064453
vertex 134.9915008544922 -139.5 175.0283966064453
endloop
endfacet
facet normal 0.0 -1.0 0.0
outer loop
vertex 131.3563232421875 -146.5 165.6355438232422
vertex 135.98297119140625 -146.5 163.17552185058594
vertex 140.20822143554688 -146.5 171.12205505371094
endloop
endfacet
facet normal 0.0 -1.0 0.0
outer loop
vertex 131.3563232421875 -146.5 165.6355438232422
vertex 140.20822143554688 -146.5 171.12205505371094
vertex 135.58157348632812 -146.5 173.5820770263672
endloop
endfacet
facet normal 0.0 -1.0 0.0
outer loop
vertex 136.9219207763672 -146.85000610351562 164.94142150878906
vertex 137.98146057128906 -146.85000610351562 164.3780517578125
vertex 139.73873901367188 -146.85000610351562 170.23910522460938
endloop
endfacet
facet normal 0.08092931446367232 -0.9850299540551632 0.15220524194167218
outer loop
vertex 135.1121063232422 -146.85000610351562 172.69912719726562
vertex 136.05104064941406 -146.5 174.46502685546875
vertex 134.9915008544922 -146.5 175.0283966064453
endloop
endfacet
facet normal 0.8829499093051313 2.004316859498551e-05 -0.46946720573042383
outer loop
vertex 135.58157348632812 -146.5 173.5820770263672
vertex 135.69894409179688 -146.39999389648438 173.80282592773438
vertex 136.05104064941406 -146.5 174.46502685546875
endloop
endfacet
facet normal 0.8829486547680262 0.0 -0.46946956561989506
outer loop
vertex 135.69894409179688 -146.39999389648438 173.80282592773438
vertex 136.05104064941406 -146.39999389648438 174.46502685546875
vertex 136.05104064941406 -146.5 174.46502685546875
endloop
endfacet
facet normal -0.0 0.9999999999999999 0.0
outer loop
vertex 134.639404296875 -146.39999389648438 174.36619567871094
vertex 134.9915008544922 -146.39999389648438 175.0283966064453
vertex 135.69894409179688 -146.39999389648438 173.80282592773438
endloop
endfacet
facet normal 0.46947315367342546 0.0 0.8829467469671817
outer loop
vertex 134.9915008544922 -146.5 175.0283966064453
vertex 136.05104064941406 -146.39999389648438 174.46502685546875
vertex 134.9915008544922 -146.39999389648438 175.0283966064453
endloop
endfacet
facet normal -0.0 0.9999999999999999 -0.0
outer loop
vertex 135.69894409179688 -146.39999389648438 173.80282592773438
vertex 134.9915008544922 -146.39999389648438 175.0283966064453
vertex 136.05104064941406 -146.39999389648438 174.46502685546875
endloop
endfacet
facet normal 0.46947315367342546 -0.0 0.8829467469671817
outer loop
vertex 134.9915008544922 -146.5 175.0283966064453
vertex 136.05104064941406 -146.5 174.46502685546875
vertex 136.05104064941406 -146.39999389648438 174.46502685546875
endloop
endfacet
facet normal 0.1743582666319778 -0.9284761385634858 0.3279195861416805
outer loop
vertex 131.71426391601562 -146.5 175.63836669921875
vertex 144.30810546875 -145.6999969482422 171.2072296142578
vertex 133.35955810546875 -145.6999969482422 177.0286865234375
endloop
endfacet
facet normal 0.17435639752643556 0.9284770233623416 0.32791807472264967
outer loop
vertex 133.35955810546875 -140.3000030517578 177.0286865234375
vertex 140.32559204101562 -139.60000610351562 171.34280395507812
vertex 135.69894409179688 -139.60000610351562 173.80282592773438
endloop
endfacet
facet normal 0.17435882348306547 -0.9284749563763252 0.32792263730273696
outer loop
vertex 135.58157348632812 -146.5 173.5820770263672
vertex 140.32559204101562 -146.39999389648438 171.34280395507812
vertex 135.69894409179688 -146.39999389648438 173.80282592773438
endloop
endfacet
facet normal 0.17435748479867544 -0.9284771336187483 0.3279171844258741
outer loop
vertex 131.71426391601562 -146.5 175.63836669921875
vertex 134.639404296875 -146.39999389648438 174.36619567871094
vertex 144.30810546875 -145.6999969482422 171.2072296142578
endloop
endfacet
facet normal 0.17435756985082332 -0.9284770165452509 0.3279174706888077
outer loop
vertex 134.639404296875 -146.39999389648438 174.36619567871094
vertex 135.69894409179688 -146.39999389648438 173.80282592773438
vertex 144.30810546875 -145.6999969482422 171.2072296142578
endloop
endfacet
facet normal 0.46947225518866337 0.0 0.8829472247014941
outer loop
vertex 133.35955810546875 -145.6999969482422 177.0286865234375
vertex 144.30810546875 -145.6999969482422 171.2072296142578
vertex 133.35955810546875 -140.3000030517578 177.0286865234375
endloop
endfacet
facet normal -0.0 1.0 0.0
outer loop
vertex 136.9219207763672 -139.14999389648438 164.94142150878906
vertex 139.73873901367188 -139.14999389648438 170.23910522460938
vertex 137.98146057128906 -139.14999389648438 164.3780517578125
endloop
endfacet
facet normal -0.0 1.0 -0.0
outer loop
vertex 135.98297119140625 -139.5 163.17552185058594
vertex 135.58157348632812 -139.5 173.5820770263672
vertex 140.20822143554688 -139.5 171.12205505371094
endloop
endfacet
facet normal 0.0 -0.9999999999999999 0.0
outer loop
vertex 134.639404296875 -139.60000610351562 174.36619567871094
vertex 135.69894409179688 -139.60000610351562 173.80282592773438
vertex 136.05104064941406 -139.60000610351562 174.46502685546875
endloop
endfacet
facet normal 0.08092931446367232 0.9850299540551632 0.15220524194167218
outer loop
vertex 135.1121063232422 -139.14999389648438 172.69912719726562
vertex 134.9915008544922 -139.5 175.0283966064453
vertex 136.05104064941406 -139.5 174.46502685546875
endloop
endfacet
facet normal 0.8829499093051313 -2.004316859498551e-05 -0.46946720573042383
outer loop
vertex 135.58157348632812 -139.5 173.5820770263672
vertex 136.05104064941406 -139.5 174.46502685546875
vertex 135.69894409179688 -139.60000610351562 173.80282592773438
endloop
endfacet
facet normal 0.8829486547680262 0.0 -0.46946956561989506
outer loop
vertex 135.69894409179688 -139.60000610351562 173.80282592773438
vertex 136.05104064941406 -139.5 174.46502685546875
vertex 136.05104064941406 -139.60000610351562 174.46502685546875
endloop
endfacet
facet normal 0.0 -0.9999999999999999 0.0
outer loop
vertex 134.639404296875 -139.60000610351562 174.36619567871094
vertex 136.05104064941406 -139.60000610351562 174.46502685546875
vertex 134.9915008544922 -139.60000610351562 175.0283966064453
endloop
endfacet
facet normal 0.46947315367342546 0.0 0.8829467469671817
outer loop
vertex 134.9915008544922 -139.60000610351562 175.0283966064453
vertex 136.05104064941406 -139.60000610351562 174.46502685546875
vertex 134.9915008544922 -139.5 175.0283966064453
endloop
endfacet
facet normal 0.46947315367342546 -0.0 0.8829467469671817
outer loop
vertex 134.9915008544922 -139.5 175.0283966064453
vertex 136.05104064941406 -139.60000610351562 174.46502685546875
vertex 136.05104064941406 -139.5 174.46502685546875
endloop
endfacet
facet normal 0.17435882348306547 0.9284749563763252 0.32792263730273696
outer loop
vertex 135.58157348632812 -139.5 173.5820770263672
vertex 135.69894409179688 -139.60000610351562 173.80282592773438
vertex 140.20822143554688 -139.5 171.12205505371094
endloop
endfacet
facet normal 0.4694733422906583 0.0 0.8829466466771583
outer loop
vertex 139.3808135986328 -146.5 160.23626708984375
vertex 142.91258239746094 -147.73728942871094 158.35838317871094
vertex 139.3808135986328 -139.5 160.23626708984375
endloop
endfacet
facet normal 0.8829474274344342 8.282706690699916e-06 -0.4694718738309154
outer loop
vertex 137.04251098632812 -146.5 162.61215209960938
vertex 141.26776123046875 -146.5 170.55868530273438
vertex 137.98146057128906 -146.85000610351562 164.3780517578125
endloop
endfacet
facet normal 0.0 -1.0 0.0
outer loop
vertex 137.04251098632812 -146.5 162.61215209960938
vertex 139.3808135986328 -146.5 160.23626708984375
vertex 144.07553100585938 -146.5 169.06576538085938
endloop
endfacet
facet normal 0.8829480119753922 0.0 -0.4694707745416138
outer loop
vertex 139.3808135986328 -146.5 160.23626708984375
vertex 139.3808135986328 -139.5 160.23626708984375
vertex 144.07553100585938 -139.5 169.06576538085938
endloop
endfacet
facet normal 0.8829474274344342 -8.282706690699916e-06 -0.4694718738309154
outer loop
vertex 137.04251098632812 -139.5 162.61215209960938
vertex 137.98146057128906 -139.14999389648438 164.3780517578125
vertex 141.26776123046875 -139.5 170.55868530273438
endloop
endfacet
facet normal -0.0 1.0 0.0
outer loop
vertex 137.04251098632812 -139.5 162.61215209960938
vertex 144.07553100585938 -139.5 169.06576538085938
vertex 139.3808135986328 -139.5 160.23626708984375
endloop
endfacet
facet normal 0.8829493274290358 1.0669695689933123e-05 -0.4694683003981963
outer loop
vertex 140.03201293945312 -146.0 152.94081115722656
vertex 142.91258239746094 -147.73728942871094 158.35838317871094
vertex 142.91259765625 -149.0 158.35838317871094
endloop
endfacet
facet normal 0.882947909198879 0.0 -0.46947096783648756
outer loop
vertex 140.03201293945312 -137.0 152.94081115722656
vertex 142.91258239746094 -137.0 158.35838317871094
vertex 142.91258239746094 -147.73728942871094 158.35838317871094
endloop
endfacet
facet normal 0.46947334229065824 -0.0 0.8829466466771582
outer loop
vertex 139.3808135986328 -139.5 160.23626708984375
vertex 142.91258239746094 -147.73728942871094 158.35838317871094
vertex 142.91258239746094 -137.0 158.35838317871094
endloop
endfacet
facet normal 0.8829480119753922 0.0 -0.4694707745416138
outer loop
vertex 139.3808135986328 -146.5 160.23626708984375
vertex 144.07553100585938 -139.5 169.06576538085938
vertex 144.07553100585938 -146.5 169.06576538085938
endloop
endfacet
facet normal -0.8829482941197649 3.930649392210859e-05 0.46947024225822526
outer loop
vertex 136.9219207763672 -146.85000610351562 164.94142150878906
vertex 139.73873901367188 -146.85000610351562 170.23910522460938
vertex 140.6776885986328 -146.5 172.00498962402344
endloop
endfacet
facet normal 0.0 -1.0 0.0
outer loop
vertex 137.98146057128906 -146.85000610351562 164.3780517578125
vertex 140.79827880859375 -146.85000610351562 169.6757354736328
vertex 139.73873901367188 -146.85000610351562 170.23910522460938
endloop
endfacet
facet normal -0.8829465454586485 -4.58169017173547e-05 0.46947353041832984
outer loop
vertex 136.9219207763672 -146.85000610351562 164.94142150878906
vertex 140.6776885986328 -146.5 172.00498962402344
vertex 140.20822143554688 -146.5 171.12205505371094
endloop
endfacet
facet normal 0.8829482946451505 -1.883957256884826e-05 -0.46947024253757663
outer loop
vertex 137.98146057128906 -146.85000610351562 164.3780517578125
vertex 141.7372283935547 -146.5 171.44163513183594
vertex 140.79827880859375 -146.85000610351562 169.6757354736328
endloop
endfacet
facet normal 0.0 -1.0 0.0
outer loop
vertex 137.04251098632812 -146.5 162.61215209960938
vertex 144.07553100585938 -146.5 169.06576538085938
vertex 141.26776123046875 -146.5 170.55868530273438
endloop
endfacet
facet normal 0.8829499052897953 -9.745256840941006e-05 -0.46946720359545724
outer loop
vertex 137.98146057128906 -146.85000610351562 164.3780517578125
vertex 141.26776123046875 -146.5 170.55868530273438
vertex 141.7372283935547 -146.5 171.44163513183594
endloop
endfacet
facet normal 0.08092956217389898 -0.9850298617173638 0.15220570781482617
outer loop
vertex 139.73873901367188 -146.85000610351562 170.23910522460938
vertex 140.79827880859375 -146.85000610351562 169.6757354736328
vertex 140.6776885986328 -146.5 172.00498962402344
endloop
endfacet
facet normal -0.8829465457495087 -3.795192159530159e-05 0.4694735305729838
outer loop
vertex 140.20822143554688 -146.5 171.12205505371094
vertex 140.6776885986328 -146.5 172.00498962402344
vertex 140.32559204101562 -146.39999389648438 171.34280395507812
endloop
endfacet
facet normal -0.0 1.0 0.0
outer loop
vertex 140.32559204101562 -146.39999389648438 171.34280395507812
vertex 140.6776885986328 -146.39999389648438 172.00498962402344
vertex 141.3851318359375 -146.39999389648438 170.77943420410156
endloop
endfacet
facet normal 0.08092732436164475 -0.9850300588960306 0.1522056215878626
outer loop
vertex 140.79827880859375 -146.85000610351562 169.6757354736328
vertex 141.7372283935547 -146.5 171.44163513183594
vertex 140.6776885986328 -146.5 172.00498962402344
endloop
endfacet
facet normal 0.8829499093051313 2.004316859498551e-05 -0.46946720573042383
outer loop
vertex 141.26776123046875 -146.5 170.55868530273438
vertex 141.3851318359375 -146.39999389648438 170.77943420410156
vertex 141.7372283935547 -146.5 171.44163513183594
endloop
endfacet
facet normal -0.0 1.0 -0.0
outer loop
vertex 141.3851318359375 -146.39999389648438 170.77943420410156
vertex 140.6776885986328 -146.39999389648438 172.00498962402344
vertex 141.7372283935547 -146.39999389648438 171.44163513183594
endloop
endfacet
facet normal 0.4694632405567484 -0.0 0.882952017816346
outer loop
vertex 140.6776885986328 -146.5 172.00498962402344
vertex 141.7372283935547 -146.5 171.44163513183594
vertex 141.7372283935547 -146.39999389648438 171.44163513183594
endloop
endfacet
facet normal 0.8829486547680262 0.0 -0.46946956561989506
outer loop
vertex 141.3851318359375 -146.39999389648438 170.77943420410156
vertex 141.7372283935547 -146.39999389648438 171.44163513183594
vertex 141.7372283935547 -146.5 171.44163513183594
endloop
endfacet
facet normal 0.17435882348306547 -0.9284749563763252 0.32792263730273696
outer loop
vertex 135.58157348632812 -146.5 173.5820770263672
vertex 140.20822143554688 -146.5 171.12205505371094
vertex 140.32559204101562 -146.39999389648438 171.34280395507812
endloop
endfacet
facet normal 0.1743602517077299 0.9284747315379052 0.3279225145061442
outer loop
vertex 133.35955810546875 -140.3000030517578 177.0286865234375
vertex 141.3851318359375 -139.60000610351562 170.77943420410156
vertex 140.32559204101562 -139.60000610351562 171.34280395507812
endloop
endfacet
facet normal 0.1743580058653796 0.9284761171243385 0.3279197854969407
outer loop
vertex 133.35955810546875 -140.3000030517578 177.0286865234375
vertex 144.07553100585938 -139.5 169.06576538085938
vertex 141.3851318359375 -139.60000610351562 170.77943420410156
endloop
endfacet
facet normal 0.17435909536591188 -0.9284747247221076 0.327923148642159
outer loop
vertex 135.69894409179688 -146.39999389648438 173.80282592773438
vertex 140.32559204101562 -146.39999389648438 171.34280395507812
vertex 144.30810546875 -145.6999969482422 171.2072296142578
endloop
endfacet
facet normal -0.882944170492147 0.0 0.46947799926507117
outer loop
vertex 140.32559204101562 -146.39999389648438 171.34280395507812
vertex 140.6776885986328 -146.5 172.00498962402344
vertex 140.6776885986328 -146.39999389648438 172.00498962402344
endloop
endfacet
facet normal 0.4694632405567484 0.0 0.882952017816346
outer loop
vertex 140.6776885986328 -146.5 172.00498962402344
vertex 141.7372283935547 -146.39999389648438 171.44163513183594
vertex 140.6776885986328 -146.39999389648438 172.00498962402344
endloop
endfacet
facet normal 0.46947225518866337 -0.0 0.8829472247014941
outer loop
vertex 133.35955810546875 -140.3000030517578 177.0286865234375
vertex 144.30810546875 -145.6999969482422 171.2072296142578
vertex 144.30810546875 -140.3000030517578 171.2072296142578
endloop
endfacet
facet normal 0.17435915680540712 0.9284753801119313 0.3279212603112405
outer loop
vertex 133.35955810546875 -140.3000030517578 177.0286865234375
vertex 144.30810546875 -140.3000030517578 171.2072296142578
vertex 144.07553100585938 -139.5 169.06576538085938
endloop
endfacet
facet normal -0.8829482941197649 -3.930649392210859e-05 0.46947024225822526
outer loop
vertex 136.9219207763672 -139.14999389648438 164.94142150878906
vertex 140.6776885986328 -139.5 172.00498962402344
vertex 139.73873901367188 -139.14999389648438 170.23910522460938
endloop
endfacet
facet normal -0.0 1.0 0.0
outer loop
vertex 137.98146057128906 -139.14999389648438 164.3780517578125
vertex 139.73873901367188 -139.14999389648438 170.23910522460938
vertex 140.79827880859375 -139.14999389648438 169.6757354736328
endloop
endfacet
facet normal -0.8829465454586485 4.58169017173547e-05 0.46947353041832984
outer loop
vertex 136.9219207763672 -139.14999389648438 164.94142150878906
vertex 140.20822143554688 -139.5 171.12205505371094
vertex 140.6776885986328 -139.5 172.00498962402344
endloop
endfacet
facet normal -0.0 1.0 0.0
outer loop
vertex 137.04251098632812 -139.5 162.61215209960938
vertex 141.26776123046875 -139.5 170.55868530273438
vertex 144.07553100585938 -139.5 169.06576538085938
endloop
endfacet
facet normal 0.8829482946451505 1.883957256884826e-05 -0.46947024253757663
outer loop
vertex 137.98146057128906 -139.14999389648438 164.3780517578125
vertex 140.79827880859375 -139.14999389648438 169.6757354736328
vertex 141.7372283935547 -139.5 171.44163513183594
endloop
endfacet
facet normal 0.8829499052897953 9.745256840941006e-05 -0.46946720359545724
outer loop
vertex 137.98146057128906 -139.14999389648438 164.3780517578125
vertex 141.7372283935547 -139.5 171.44163513183594
vertex 141.26776123046875 -139.5 170.55868530273438
endloop
endfacet
facet normal 0.08092956217389898 0.9850298617173638 0.15220570781482617
outer loop
vertex 139.73873901367188 -139.14999389648438 170.23910522460938
vertex 140.6776885986328 -139.5 172.00498962402344
vertex 140.79827880859375 -139.14999389648438 169.6757354736328
endloop
endfacet
facet normal -0.8829465457495087 3.795192159530159e-05 0.4694735305729838
outer loop
vertex 140.20822143554688 -139.5 171.12205505371094
vertex 140.32559204101562 -139.60000610351562 171.34280395507812
vertex 140.6776885986328 -139.5 172.00498962402344
endloop
endfacet
facet normal 0.08092732436164475 0.9850300588960306 0.1522056215878626
outer loop
vertex 140.79827880859375 -139.14999389648438 169.6757354736328
vertex 140.6776885986328 -139.5 172.00498962402344
vertex 141.7372283935547 -139.5 171.44163513183594
endloop
endfacet
facet normal 0.0 -1.0 0.0
outer loop
vertex 140.32559204101562 -139.60000610351562 171.34280395507812
vertex 141.7372283935547 -139.60000610351562 171.44163513183594
vertex 140.6776885986328 -139.60000610351562 172.00498962402344
endloop
endfacet
facet normal 0.0 -0.9999999999999999 0.0
outer loop
vertex 140.32559204101562 -139.60000610351562 171.34280395507812
vertex 141.3851318359375 -139.60000610351562 170.77943420410156
vertex 141.7372283935547 -139.60000610351562 171.44163513183594
endloop
endfacet
facet normal 0.8829499093051313 -2.004316859498551e-05 -0.46946720573042383
outer loop
vertex 141.26776123046875 -139.5 170.55868530273438
vertex 141.7372283935547 -139.5 171.44163513183594
vertex 141.3851318359375 -139.60000610351562 170.77943420410156
endloop
endfacet
facet normal 0.4694632405567484 -0.0 0.882952017816346
outer loop
vertex 140.6776885986328 -139.5 172.00498962402344
vertex 141.7372283935547 -139.60000610351562 171.44163513183594
vertex 141.7372283935547 -139.5 171.44163513183594
endloop
endfacet
facet normal 0.8829486547680262 0.0 -0.46946956561989506
outer loop
vertex 141.3851318359375 -139.60000610351562 170.77943420410156
vertex 141.7372283935547 -139.5 171.44163513183594
vertex 141.7372283935547 -139.60000610351562 171.44163513183594
endloop
endfacet
facet normal 0.17435882348306547 0.9284749563763252 0.32792263730273696
outer loop
vertex 135.69894409179688 -139.60000610351562 173.80282592773438
vertex 140.32559204101562 -139.60000610351562 171.34280395507812
vertex 140.20822143554688 -139.5 171.12205505371094
endloop
endfacet
facet normal -0.882944170492147 0.0 0.46947799926507117
outer loop
vertex 140.32559204101562 -139.60000610351562 171.34280395507812
vertex 140.6776885986328 -139.60000610351562 172.00498962402344
vertex 140.6776885986328 -139.5 172.00498962402344
endloop
endfacet
facet normal 0.4694632405567484 0.0 0.882952017816346
outer loop
vertex 140.6776885986328 -139.60000610351562 172.00498962402344
vertex 141.7372283935547 -139.60000610351562 171.44163513183594
vertex 140.6776885986328 -139.5 172.00498962402344
endloop
endfacet
facet normal 0.17435960187467467 -0.9284749563725584 0.3279222234358022
outer loop
vertex 141.26776123046875 -146.5 170.55868530273438
vertex 144.07553100585938 -146.5 169.06576538085938
vertex 141.3851318359375 -146.39999389648438 170.77943420410156
endloop
endfacet
facet normal 0.17435916789683095 -0.9284756549760738 0.3279204761631632
outer loop
vertex 140.32559204101562 -146.39999389648438 171.34280395507812
vertex 141.3851318359375 -146.39999389648438 170.77943420410156
vertex 144.30810546875 -145.6999969482422 171.2072296142578
endloop
endfacet
facet normal 0.1743589887360398 -0.9284754022996119 0.3279212868532925
outer loop
vertex 141.3851318359375 -146.39999389648438 170.77943420410156
vertex 144.07553100585938 -146.5 169.06576538085938
vertex 144.30810546875 -145.6999969482422 171.2072296142578
endloop
endfacet
facet normal 0.9941541037236052 0.0 -0.10797044989030583
outer loop
vertex 144.07553100585938 -146.5 169.06576538085938
vertex 144.07553100585938 -139.5 169.06576538085938
vertex 144.30810546875 -145.6999969482422 171.2072296142578
endloop
endfacet
facet normal 0.9941541037236052 0.0 -0.10797044989030584
outer loop
vertex 144.30810546875 -145.6999969482422 171.2072296142578
vertex 144.07553100585938 -139.5 169.06576538085938
vertex 144.30810546875 -140.3000030517578 171.2072296142578
endloop
endfacet
facet normal 0.17435960187467467 0.9284749563725584 0.3279222234358022
outer loop
vertex 141.26776123046875 -139.5 170.55868530273438
vertex 141.3851318359375 -139.60000610351562 170.77943420410156
vertex 144.07553100585938 -139.5 169.06576538085938
endloop
endfacet
facet normal 0.0 0.0 -1.0
outer loop
vertex 140.38348388671875 -112.0 148.4849395751953
vertex 142.14109802246094 -7.0 148.4849395751953
vertex 142.14109802246094 -115.0 148.4849395751953
endloop
endfacet
facet normal 0.9992959297947198 0.0 -0.037518591334246745
outer loop
vertex 142.14109802246094 -115.0 148.4849395751953
vertex 142.14109802246094 -7.0 148.4849395751953
vertex 142.38348388671875 -115.0 154.94081115722656
endloop
endfacet
facet normal 0.8829476396498027 0.0 -0.4694714747850418
outer loop
vertex 115.2668228149414 -5.0 105.70861053466797
vertex 124.28081512451172 5.0 122.66146850585938
vertex 124.28081512451172 -5.0 122.66146850585938
endloop
endfacet
facet normal 0.0 0.0 -1.0
outer loop
vertex 106.15969848632812 -5.0 122.66146850585938
vertex 124.28081512451172 -5.0 122.66146850585938
vertex 128.4105224609375 -7.0 122.66146850585938
endloop
endfacet
facet normal 0.0 -1.0 0.0
outer loop
vertex 117.31620788574219 -7.0 136.64918518066406
vertex 128.4105224609375 -7.0 122.66146850585938
vertex 127.84821319580078 -7.0 133.06259155273438
endloop
endfacet
facet normal 0.0 0.0 -1.0
outer loop
vertex 124.28081512451172 -5.0 122.66146850585938
vertex 128.4105224609375 5.0 122.66146850585938
vertex 128.4105224609375 -7.0 122.66146850585938
endloop
endfacet
facet normal 0.8828590568264867 0.0009414617063669071 -0.4696370933277118
outer loop
vertex 128.4105224609375 -7.0 122.66146850585938
vertex 133.00682067871094 -5.040785789489746 131.3058624267578
vertex 133.1238555908203 -5.0 131.5259552001953
endloop
endfacet
facet normal 0.8829479129855001 0.0 -0.4694709607148768
outer loop
vertex 128.4105224609375 -7.0 122.66146850585938
vertex 128.4105224609375 5.0 122.66146850585938
vertex 133.00682067871094 -5.040785789489746 131.3058624267578
endloop
endfacet
facet normal 0.3510830921819184 -0.9362513882162105 -0.013190922909397326
outer loop
vertex 133.1142120361328 -5.0 131.269287109375
vertex 133.1238555908203 -5.0 131.5259552001953
vertex 133.00682067871094 -5.040785789489746 131.3058624267578
endloop
endfacet
facet normal -0.3223945836063324 0.0 -0.9466053731419971
outer loop
vertex 133.1142120361328 -5.0 131.269287109375
vertex 133.00682067871094 -5.040785789489746 131.3058624267578
vertex 133.1142120361328 5.0 131.269287109375
endloop
endfacet
facet normal 0.9992949157251362 0.0 -0.037545591031346894
outer loop
vertex 133.1142120361328 -5.0 131.269287109375
vertex 133.1238555908203 5.0 131.5259552001953
vertex 133.1238555908203 -5.0 131.5259552001953
endloop
endfacet
facet normal 0.8829477000663543 -2.006178899797509e-06 -0.46947136115370286
outer loop
vertex 128.4105224609375 -7.0 122.66146850585938
vertex 133.1238555908203 -5.0 131.5259552001953
vertex 142.14109802246094 -7.0 148.4849395751953
endloop
endfacet
facet normal 0.0 0.0 -1.0
outer loop
vertex 106.14109802246094 -115.0 148.4849395751953
vertex 106.14109802246094 -7.0 148.4849395751953
vertex 142.14109802246094 -7.0 148.4849395751953
endloop
endfacet
facet normal 0.0 -0.0 1.0
outer loop
vertex 106.38348388671875 -115.0 154.94081115722656
vertex 141.80284118652344 -6.77419376373291 154.94081115722656
vertex 106.38348388671875 -7.0 154.94081115722656
endloop
endfacet
facet normal 0.0 -0.0 1.0
outer loop
vertex 106.38348388671875 -115.0 154.94081115722656
vertex 142.38348388671875 -7.0 154.94081115722656
vertex 141.80284118652344 -6.77419376373291 154.94081115722656
endloop
endfacet
facet normal 0.351093008061343 -0.9362477982779916 -0.013181802230755674
outer loop
vertex 117.31620788574219 -11.0 136.64918518066406
vertex 127.98287200927734 -7.0 136.64918518066406
vertex 117.72018432617188 -11.0 147.40896606445312
endloop
endfacet
facet normal -0.32236287660062435 0.0 -0.9466161713122013
outer loop
vertex 117.31620788574219 -11.0 136.64918518066406
vertex 117.31620788574219 -7.0 136.64918518066406
vertex 127.84821319580078 -7.0 133.06259155273438
endloop
endfacet
facet normal 0.35109300806134297 -0.9362477982779915 -0.013181802230755673
outer loop
vertex 117.31620788574219 -11.0 136.64918518066406
vertex 127.84821319580078 -7.0 133.06259155273438
vertex 127.98287200927734 -7.0 136.64918518066406
endloop
endfacet
facet normal 0.3510927867864073 -0.936247877867984 -0.013182042870928048
outer loop
vertex 117.72018432617188 -11.0 147.40896606445312
vertex 127.98287200927734 -7.0 136.64918518066406
vertex 128.38685607910156 -7.0 147.40896606445312
endloop
endfacet
facet normal 0.0 -0.0 1.0
outer loop
vertex 117.72018432617188 -11.0 147.40896606445312
vertex 128.38685607910156 -7.0 147.40896606445312
vertex 117.72018432617188 -7.0 147.40896606445312
endloop
endfacet
facet normal 0.0 -0.0 1.0
outer loop
vertex 106.38348388671875 -7.0 154.94081115722656
vertex 141.80284118652344 -6.77419376373291 154.94081115722656
vertex 106.38348388671875 -5.0 154.94081115722656
endloop
endfacet
facet normal 0.0 -1.0 0.0
outer loop
vertex 106.14109802246094 -7.0 148.4849395751953
vertex 117.72018432617188 -7.0 147.40896606445312
vertex 142.14109802246094 -7.0 148.4849395751953
endloop
endfacet
facet normal -0.0 -0.0 1.0
outer loop
vertex 106.38348388671875 -5.0 154.94081115722656
vertex 141.80284118652344 -6.77419376373291 154.94081115722656
vertex 123.32292938232422 -5.0 154.94081115722656
endloop
endfacet
facet normal 0.0 -0.9999999999999999 0.0
outer loop
vertex 117.72018432617188 -7.0 147.40896606445312
vertex 128.38685607910156 -7.0 147.40896606445312
vertex 142.14109802246094 -7.0 148.4849395751953
endloop
endfacet
facet normal -0.8829476405569351 0.0 0.46947147307897374
outer loop
vertex 123.32292938232422 -5.0 154.94081115722656
vertex 129.0572052001953 -5.0 165.7254180908203
vertex 129.0572052001953 5.0 165.7254180908203
endloop
endfacet
facet normal 0.0 -0.9999999999999999 0.0
outer loop
vertex 123.32292938232422 -5.0 154.94081115722656
vertex 141.4440460205078 -5.0 154.94081115722656
vertex 129.0572052001953 -5.0 165.7254180908203
endloop
endfacet
facet normal 0.4694714004085824 -0.0 0.8829476791964542
outer loop
vertex 129.0572052001953 -5.0 165.7254180908203
vertex 132.1475372314453 -2.5 164.08226013183594
vertex 132.1475372314453 2.5 164.08226013183594
endloop
endfacet
facet normal 0.9992969367476443 1.6060368942174255e-06 -0.037491761817702036
outer loop
vertex 142.38348388671875 -115.0 154.94081115722656
vertex 142.14109802246094 -7.0 148.4849395751953
vertex 142.14500427246094 -6.77419376373291 148.5890655517578
endloop
endfacet
facet normal 0.9992959111408066 0.0 -0.03751908817209026
outer loop
vertex 142.38348388671875 -115.0 154.94081115722656
vertex 142.14500427246094 -6.77419376373291 148.5890655517578
vertex 142.38348388671875 -7.0 154.94081115722656
endloop
endfacet
facet normal -0.0 -1.0 0.0
outer loop
vertex 128.4105224609375 -7.0 122.66146850585938
vertex 142.14109802246094 -7.0 148.4849395751953
vertex 127.84821319580078 -7.0 133.06259155273438
endloop
endfacet
facet normal -0.0 -1.0 0.0
outer loop
vertex 127.84821319580078 -7.0 133.06259155273438
vertex 142.14109802246094 -7.0 148.4849395751953
vertex 127.98287200927734 -7.0 136.64918518066406
endloop
endfacet
facet normal -0.0 -1.0 0.0
outer loop
vertex 127.98287200927734 -7.0 136.64918518066406
vertex 142.14109802246094 -7.0 148.4849395751953
vertex 128.38685607910156 -7.0 147.40896606445312
endloop
endfacet
facet normal 0.8829477981398666 0.0 -0.46947117670839095
outer loop
vertex 133.1238555908203 -5.0 131.5259552001953
vertex 133.1238555908203 5.0 131.5259552001953
vertex 142.14109802246094 -7.0 148.4849395751953
endloop
endfacet
facet normal -0.0 -0.0 1.0
outer loop
vertex 123.32292938232422 -5.0 154.94081115722656
vertex 141.80284118652344 -6.77419376373291 154.94081115722656
vertex 141.4440460205078 -5.0 154.94081115722656
endloop
endfacet
facet normal 0.8829477981398667 0.0 -0.46947117670839106
outer loop
vertex 142.14109802246094 -7.0 148.4849395751953
vertex 133.1238555908203 5.0 131.5259552001953
vertex 142.14109802246094 -5.0 148.4849395751953
endloop
endfacet
facet normal 0.9992970672285522 0.0 -0.0374882838819621
outer loop
vertex 142.14109802246094 -7.0 148.4849395751953
vertex 142.14109802246094 -5.0 148.4849395751953
vertex 142.14500427246094 -6.77419376373291 148.5890655517578
endloop
endfacet
facet normal 0.999296041711847 -1.6060231563091803e-06 -0.037515610303645135
outer loop
vertex 142.14500427246094 -6.77419376373291 148.5890655517578
vertex 142.14109802246094 -5.0 148.4849395751953
vertex 142.38348388671875 7.0 154.94081115722656
endloop
endfacet
facet normal 0.9992959111408067 0.0 -0.03751908817209026
outer loop
vertex 142.14500427246094 -6.77419376373291 148.5890655517578
vertex 142.38348388671875 7.0 154.94081115722656
vertex 142.38348388671875 -7.0 154.94081115722656
endloop
endfacet
facet normal -0.0 0.0 1.0
outer loop
vertex 141.4440460205078 -5.0 154.94081115722656
vertex 141.80284118652344 -6.77419376373291 154.94081115722656
vertex 142.38348388671875 7.0 154.94081115722656
endloop
endfacet
facet normal 0.0 -0.0 1.0
outer loop
vertex 142.38348388671875 -7.0 154.94081115722656
vertex 142.38348388671875 7.0 154.94081115722656
vertex 141.80284118652344 -6.77419376373291 154.94081115722656
endloop
endfacet
facet normal 0.4694709703869229 6.818445291982378e-07 0.8829479078425273
outer loop
vertex 129.0572052001953 -5.0 165.7254180908203
vertex 143.1843719482422 -5.0 158.21388244628906
vertex 132.1475372314453 -2.5 164.08226013183594
endloop
endfacet
facet normal 0.0 -1.0 0.0
outer loop
vertex 132.1475372314453 -2.5 164.08226013183594
vertex 135.29234313964844 -2.5 163.54273986816406
vertex 134.23280334472656 -2.5 164.10610961914062
endloop
endfacet
facet normal -0.080928452696234 -0.9850302752899702 -0.15220362119988884
outer loop
vertex 134.23280334472656 -2.5 164.10610961914062
vertex 135.29234313964844 -2.5 163.54273986816406
vertex 135.17173767089844 -2.8499999046325684 165.8719940185547
endloop
endfacet
facet normal 0.0 -1.0 0.0
outer loop
vertex 129.0572052001953 -5.0 165.7254180908203
vertex 141.4440460205078 -5.0 154.94081115722656
vertex 143.1843719482422 -5.0 158.21388244628906
endloop
endfacet
facet normal 0.0 -1.0 0.0
outer loop
vertex 132.1475372314453 -2.5 164.08226013183594
vertex 137.88819885253906 -2.5 162.16249084472656
vertex 135.29234313964844 -2.5 163.54273986816406
endloop
endfacet
facet normal 0.0 -1.0 0.0
outer loop
vertex 132.1475372314453 -2.5 164.08226013183594
vertex 138.94773864746094 -2.5 161.59912109375
vertex 137.88819885253906 -2.5 162.16249084472656
endloop
endfacet
facet normal -0.080928452696234 -0.9850302752899702 -0.15220362119988884
outer loop
vertex 135.29234313964844 -2.5 163.54273986816406
vertex 136.2312774658203 -2.8499999046325684 165.30862426757812
vertex 135.17173767089844 -2.8499999046325684 165.8719940185547
endloop
endfacet
facet normal 0.0 -1.0 0.0
outer loop
vertex 132.1475372314453 -2.5 164.08226013183594
vertex 140.09405517578125 -2.5 159.85702514648438
vertex 138.94773864746094 -2.5 161.59912109375
endloop
endfacet
facet normal -0.8829480119753922 0.0 0.46947077454161384
outer loop
vertex 132.1475372314453 -2.5 164.08226013183594
vertex 136.84225463867188 -2.5 172.91175842285156
vertex 132.1475372314453 2.5 164.08226013183594
endloop
endfacet
facet normal 0.0 -1.0 0.0
outer loop
vertex 132.1475372314453 -2.5 164.08226013183594
vertex 134.23280334472656 -2.5 164.10610961914062
vertex 138.4580535888672 -2.5 172.05262756347656
endloop
endfacet
facet normal -0.8829470536967099 1.4291528335623062e-05 0.469472576583608
outer loop
vertex 134.23280334472656 -2.5 164.10610961914062
vertex 135.17173767089844 -2.8499999046325684 165.8719940185547
vertex 138.4580535888672 -2.5 172.05262756347656
endloop
endfacet
facet normal 0.0 -1.0 0.0
outer loop
vertex 135.17173767089844 -2.8499999046325684 165.8719940185547
vertex 136.2312774658203 -2.8499999046325684 165.30862426757812
vertex 137.9885711669922 -2.8499999046325684 171.169677734375
endloop
endfacet
facet normal 0.0 -1.0 0.0
outer loop
vertex 132.1475372314453 -2.5 164.08226013183594
vertex 138.4580535888672 -2.5 172.05262756347656
vertex 136.84225463867188 -2.5 172.91175842285156
endloop
endfacet
facet normal 0.8829470536967099 -1.4291528335623062e-05 -0.469472576583608
outer loop
vertex 135.29234313964844 -2.5 163.54273986816406
vertex 139.51759338378906 -2.5 171.4892578125
vertex 136.2312774658203 -2.8499999046325684 165.30862426757812
endloop
endfacet
facet normal 0.0 -1.0 0.0
outer loop
vertex 136.2312774658203 -2.8499999046325684 165.30862426757812
vertex 139.04811096191406 -2.8499999046325684 170.6063232421875
vertex 137.9885711669922 -2.8499999046325684 171.169677734375
endloop
endfacet
facet normal -0.8829472406100711 6.008695010848528e-06 0.46947222523058496
outer loop
vertex 135.17173767089844 -2.8499999046325684 165.8719940185547
vertex 137.9885711669922 -2.8499999046325684 171.169677734375
vertex 138.92752075195312 -2.5 172.93557739257812
endloop
endfacet
facet normal -0.8829499013232227 0.00013594786530108835 0.46946720148641824
outer loop
vertex 135.17173767089844 -2.8499999046325684 165.8719940185547
vertex 138.92752075195312 -2.5 172.93557739257812
vertex 138.4580535888672 -2.5 172.05262756347656
endloop
endfacet
facet normal 0.17436174618177058 -0.9284723235561838 0.32792853773135533
outer loop
vertex 136.84225463867188 -2.5 172.91175842285156
vertex 138.4580535888672 -2.5 172.05262756347656
vertex 138.57540893554688 -2.4000000953674316 172.2733612060547
endloop
endfacet
facet normal -0.6454410140053424 0.0 0.7638101187073626
outer loop
vertex 136.84225463867188 -2.5 172.91175842285156
vertex 138.487548828125 -1.7000000476837158 174.3020782470703
vertex 138.487548828125 1.7000000476837158 174.3020782470703
endloop
endfacet
facet normal 0.4694712548852315 2.292919602211502e-06 0.8829477565695654
outer loop
vertex 132.1475372314453 -2.5 164.08226013183594
vertex 143.1843719482422 -5.0 158.21388244628906
vertex 140.09405517578125 -2.5 159.85702514648438
endloop
endfacet
facet normal -0.08092764248043977 -0.9850305773050285 -0.15220209741222546
outer loop
vertex 137.88819885253906 -2.5 162.16249084472656
vertex 138.94773864746094 -2.5 161.59912109375
vertex 138.8271484375 -2.8499999046325684 163.9283905029297
endloop
endfacet
facet normal -0.08092764248043977 -0.9850305773050285 -0.15220209741222546
outer loop
vertex 138.94773864746094 -2.5 161.59912109375
vertex 139.88668823242188 -2.8499999046325684 163.36502075195312
vertex 138.8271484375 -2.8499999046325684 163.9283905029297
endloop
endfacet
facet normal 0.0 -1.0 0.0
outer loop
vertex 135.29234313964844 -2.5 163.54273986816406
vertex 137.88819885253906 -2.5 162.16249084472656
vertex 142.1134490966797 -2.5 170.10902404785156
endloop
endfacet
facet normal -0.8829474274344334 -8.28285338654036e-06 0.469471873830915
outer loop
vertex 137.88819885253906 -2.5 162.16249084472656
vertex 138.8271484375 -2.8499999046325684 163.9283905029297
vertex 142.1134490966797 -2.5 170.10902404785156
endloop
endfacet
facet normal -0.0 -1.0 0.0
outer loop
vertex 140.09405517578125 -2.5 159.85702514648438
vertex 144.7887725830078 -2.5 168.6865234375
vertex 138.94773864746094 -2.5 161.59912109375
endloop
endfacet
facet normal 0.8829474274344334 8.28285338654036e-06 -0.469471873830915
outer loop
vertex 138.94773864746094 -2.5 161.59912109375
vertex 143.17298889160156 -2.5 169.545654296875
vertex 139.88668823242188 -2.8499999046325684 163.36502075195312
endloop
endfacet
facet normal -0.0 -1.0 0.0
outer loop
vertex 139.88668823242188 -2.8499999046325684 163.36502075195312
vertex 141.64398193359375 -2.8499999046325684 169.22607421875
vertex 138.8271484375 -2.8499999046325684 163.9283905029297
endloop
endfacet
facet normal 0.882947251487023 0.0 -0.469472204812502
outer loop
vertex 141.4440460205078 -5.0 154.94081115722656
vertex 141.4440460205078 5.0 154.94081115722656
vertex 143.1843719482422 -5.0 158.21388244628906
endloop
endfacet
facet normal 0.46946980879281613 -0.0 0.8829485254713533
outer loop
vertex 140.09405517578125 -2.5 159.85702514648438
vertex 143.1843719482422 -5.0 158.21388244628906
vertex 143.1843719482422 5.0 158.21388244628906
endloop
endfacet
facet normal 0.8829480119753922 0.0 -0.46947077454161384
outer loop
vertex 140.09405517578125 -2.5 159.85702514648438
vertex 144.7887725830078 2.5 168.6865234375
vertex 144.7887725830078 -2.5 168.6865234375
endloop
endfacet
facet normal 0.0 -1.0 0.0
outer loop
vertex 135.29234313964844 -2.5 163.54273986816406
vertex 142.1134490966797 -2.5 170.10902404785156
vertex 139.51759338378906 -2.5 171.4892578125
endloop
endfacet
facet normal 0.8829478006513825 -3.329848425598178e-05 -0.4694711708040203
outer loop
vertex 136.2312774658203 -2.8499999046325684 165.30862426757812
vertex 139.987060546875 -2.5 172.37220764160156
vertex 139.04811096191406 -2.8499999046325684 170.6063232421875
endloop
endfacet
facet normal 0.8829499013232227 -0.00013594786530108835 -0.46946720148641824
outer loop
vertex 136.2312774658203 -2.8499999046325684 165.30862426757812
vertex 139.51759338378906 -2.5 171.4892578125
vertex 139.987060546875 -2.5 172.37220764160156
endloop
endfacet
facet normal 0.0809259336652867 -0.9850305773031837 0.15220300600894307
outer loop
vertex 137.9885711669922 -2.8499999046325684 171.169677734375
vertex 139.04811096191406 -2.8499999046325684 170.6063232421875
vertex 138.92752075195312 -2.5 172.93557739257812
endloop
endfacet
facet normal 0.0 -1.0 0.0
outer loop
vertex 139.88668823242188 -2.8499999046325684 163.36502075195312
vertex 142.70352172851562 -2.8499999046325684 168.66270446777344
vertex 141.64398193359375 -2.8499999046325684 169.22607421875
endloop
endfacet
facet normal -0.8829472405622536 -1.2017390021046233e-05 0.4694722252051599
outer loop
vertex 138.8271484375 -2.8499999046325684 163.9283905029297
vertex 141.64398193359375 -2.8499999046325684 169.22607421875
vertex 142.58291625976562 -2.5 170.99195861816406
endloop
endfacet
facet normal -0.8829465454586155 -4.5817713185047706e-05 0.4694735304183123
outer loop
vertex 138.8271484375 -2.8499999046325684 163.9283905029297
vertex 142.58291625976562 -2.5 170.99195861816406
vertex 142.1134490966797 -2.5 170.10902404785156
endloop
endfacet
facet normal 0.1743609787493443 -0.9284723235666023 0.3279289457495407
outer loop
vertex 139.51759338378906 -2.5 171.4892578125
vertex 142.23081970214844 -2.4000000953674316 170.3297576904297
vertex 139.63494873046875 -2.4000000953674316 171.70999145507812
endloop
endfacet
facet normal 0.17435747071411642 -0.9284759933625963 0.32792042046130027
outer loop
vertex 139.51759338378906 -2.5 171.4892578125
vertex 142.1134490966797 -2.5 170.10902404785156
vertex 142.23081970214844 -2.4000000953674316 170.3297576904297
endloop
endfacet
facet normal 0.17435674304875348 -0.9284777209925122 0.3279159157070324
outer loop
vertex 139.63494873046875 -2.4000000953674316 171.70999145507812
vertex 145.0213623046875 -1.7000000476837158 170.82798767089844
vertex 138.57540893554688 -2.4000000953674316 172.2733612060547
endloop
endfacet
facet normal -0.8829499064311205 -8.313692449623758e-05 0.46946720420230337
outer loop
vertex 138.4580535888672 -2.5 172.05262756347656
vertex 138.92752075195312 -2.5 172.93557739257812
vertex 138.57540893554688 -2.4000000953674316 172.2733612060547
endloop
endfacet
facet normal 0.0 1.0 -0.0
outer loop
vertex 139.63494873046875 -2.4000000953674316 171.70999145507812
vertex 138.57540893554688 -2.4000000953674316 172.2733612060547
vertex 138.92752075195312 -2.4000000953674316 172.93557739257812
endloop
endfacet
facet normal -0.882944705485407 0.0 0.4694769931054
outer loop
vertex 138.57540893554688 -2.4000000953674316 172.2733612060547
vertex 138.92752075195312 -2.5 172.93557739257812
vertex 138.92752075195312 -2.4000000953674316 172.93557739257812
endloop
endfacet
facet normal 0.080928171439642 -0.9850303801311899 0.152203092235472
outer loop
vertex 139.04811096191406 -2.8499999046325684 170.6063232421875
vertex 139.987060546875 -2.5 172.37220764160156
vertex 138.92752075195312 -2.5 172.93557739257812
endloop
endfacet
facet normal -0.0 1.0 -0.0
outer loop
vertex 139.63494873046875 -2.4000000953674316 171.70999145507812
vertex 138.92752075195312 -2.4000000953674316 172.93557739257812
vertex 139.987060546875 -2.4000000953674316 172.37220764160156
endloop
endfacet
facet normal 0.46947315367342546 0.0 0.8829467469671818
outer loop
vertex 138.92752075195312 -2.5 172.93557739257812
vertex 139.987060546875 -2.4000000953674316 172.37220764160156
vertex 138.92752075195312 -2.4000000953674316 172.93557739257812
endloop
endfacet
facet normal 0.8829499064311205 8.313692449623758e-05 -0.46946720420230337
outer loop
vertex 139.51759338378906 -2.5 171.4892578125
vertex 139.63494873046875 -2.4000000953674316 171.70999145507812
vertex 139.987060546875 -2.5 172.37220764160156
endloop
endfacet
facet normal 0.882944705485407 0.0 -0.4694769931054
outer loop
vertex 139.63494873046875 -2.4000000953674316 171.70999145507812
vertex 139.987060546875 -2.4000000953674316 172.37220764160156
vertex 139.987060546875 -2.5 172.37220764160156
endloop
endfacet
facet normal 0.46947315367342546 -0.0 0.8829467469671818
outer loop
vertex 138.92752075195312 -2.5 172.93557739257812
vertex 139.987060546875 -2.5 172.37220764160156
vertex 139.987060546875 -2.4000000953674316 172.37220764160156
endloop
endfacet
facet normal 0.1743560033019501 -0.9284792941203737 0.3279118547754914
outer loop
vertex 136.84225463867188 -2.5 172.91175842285156
vertex 138.57540893554688 -2.4000000953674316 172.2733612060547
vertex 145.0213623046875 -1.7000000476837158 170.82798767089844
endloop
endfacet
facet normal 0.1743574847039402 -0.9284765965510908 0.3279187051459833
outer loop
vertex 136.84225463867188 -2.5 172.91175842285156
vertex 145.0213623046875 -1.7000000476837158 170.82798767089844
vertex 138.487548828125 -1.7000000476837158 174.3020782470703
endloop
endfacet
facet normal 0.4694715971267608 0.0 0.8829475745995615
outer loop
vertex 138.487548828125 -1.7000000476837158 174.3020782470703
vertex 145.0213623046875 -1.7000000476837158 170.82798767089844
vertex 138.487548828125 1.7000000476837158 174.3020782470703
endloop
endfacet
facet normal 0.8829472401601408 3.24847603120479e-05 -0.4694722249913524
outer loop
vertex 139.88668823242188 -2.8499999046325684 163.36502075195312
vertex 143.6424560546875 -2.5 170.42860412597656
vertex 142.70352172851562 -2.8499999046325684 168.66270446777344
endloop
endfacet
facet normal 0.0 -1.0 0.0
outer loop
vertex 138.94773864746094 -2.5 161.59912109375
vertex 144.7887725830078 -2.5 168.6865234375
vertex 143.17298889160156 -2.5 169.545654296875
endloop
endfacet
facet normal 0.8829499052896467 -9.74542944015072e-05 -0.46946720359537825
outer loop
vertex 139.88668823242188 -2.8499999046325684 163.36502075195312
vertex 143.17298889160156 -2.5 169.545654296875
vertex 143.6424560546875 -2.5 170.42860412597656
endloop
endfacet
facet normal 0.080928452696234 -0.9850302752899702 0.15220362119988884
outer loop
vertex 141.64398193359375 -2.8499999046325684 169.22607421875
vertex 142.70352172851562 -2.8499999046325684 168.66270446777344
vertex 142.58291625976562 -2.5 170.99195861816406
endloop
endfacet
facet normal -0.8829465458845495 3.368176986422715e-05 0.46947353064478664
outer loop
vertex 142.1134490966797 -2.5 170.10902404785156
vertex 142.58291625976562 -2.5 170.99195861816406
vertex 142.23081970214844 -2.4000000953674316 170.3297576904297
endloop
endfacet
facet normal -0.8829486547680263 0.0 0.46946956561989506
outer loop
vertex 142.23081970214844 -2.4000000953674316 170.3297576904297
vertex 142.58291625976562 -2.5 170.99195861816406
vertex 142.58291625976562 -2.4000000953674316 170.99195861816406
endloop
endfacet
facet normal 0.17435748642445556 -0.928475299196138 0.3279223775688204
outer loop
vertex 139.63494873046875 -2.4000000953674316 171.70999145507812
vertex 142.23081970214844 -2.4000000953674316 170.3297576904297
vertex 145.0213623046875 -1.7000000476837158 170.82798767089844
endloop
endfacet
facet normal -0.0 1.0 0.0
outer loop
vertex 142.23081970214844 -2.4000000953674316 170.3297576904297
vertex 142.58291625976562 -2.4000000953674316 170.99195861816406
vertex 143.29034423828125 -2.4000000953674316 169.76638793945312
endloop
endfacet
facet normal 0.08092621490638092 -0.9850304724662334 0.15220353495853953
outer loop
vertex 142.70352172851562 -2.8499999046325684 168.66270446777344
vertex 143.6424560546875 -2.5 170.42860412597656
vertex 142.58291625976562 -2.5 170.99195861816406
endloop
endfacet
facet normal -0.0 1.0 -0.0
outer loop
vertex 143.29034423828125 -2.4000000953674316 169.76638793945312
vertex 142.58291625976562 -2.4000000953674316 170.99195861816406
vertex 143.6424560546875 -2.4000000953674316 170.42860412597656
endloop
endfacet
facet normal 0.4694632405567483 0.0 0.8829520178163459
outer loop
vertex 142.58291625976562 -2.5 170.99195861816406
vertex 143.6424560546875 -2.4000000953674316 170.42860412597656
vertex 142.58291625976562 -2.4000000953674316 170.99195861816406
endloop
endfacet
facet normal 0.4694632405567483 -0.0 0.8829520178163459
outer loop
vertex 142.58291625976562 -2.5 170.99195861816406
vertex 143.6424560546875 -2.5 170.42860412597656
vertex 143.6424560546875 -2.4000000953674316 170.42860412597656
endloop
endfacet
facet normal 0.17436302988650293 -0.9284723235371886 0.32792785522772033
outer loop
vertex 143.17298889160156 -2.5 169.545654296875
vertex 144.7887725830078 -2.5 168.6865234375
vertex 143.29034423828125 -2.4000000953674316 169.76638793945312
endloop
endfacet
facet normal 0.8829499064311205 8.313692449623758e-05 -0.46946720420230337
outer loop
vertex 143.17298889160156 -2.5 169.545654296875
vertex 143.29034423828125 -2.4000000953674316 169.76638793945312
vertex 143.6424560546875 -2.5 170.42860412597656
endloop
endfacet
facet normal 0.882944705485407 0.0 -0.4694769931054
outer loop
vertex 143.29034423828125 -2.4000000953674316 169.76638793945312
vertex 143.6424560546875 -2.4000000953674316 170.42860412597656
vertex 143.6424560546875 -2.5 170.42860412597656
endloop
endfacet
facet normal 0.17435917357899575 -0.9284773180187927 0.3279157643564564
outer loop
vertex 142.23081970214844 -2.4000000953674316 170.3297576904297
vertex 143.29034423828125 -2.4000000953674316 169.76638793945312
vertex 145.0213623046875 -1.7000000476837158 170.82798767089844
endloop
endfacet
facet normal 0.17435663733759746 -0.9284765196437544 0.32791937345412564
outer loop
vertex 143.29034423828125 -2.4000000953674316 169.76638793945312
vertex 144.7887725830078 -2.5 168.6865234375
vertex 145.0213623046875 -1.7000000476837158 170.82798767089844
endloop
endfacet
facet normal 0.9941533433354864 0.0 -0.10797745104823768
outer loop
vertex 144.7887725830078 -2.5 168.6865234375
vertex 144.7887725830078 2.5 168.6865234375
vertex 145.0213623046875 -1.7000000476837158 170.82798767089844
endloop
endfacet
facet normal -0.0 1.0 0.0
outer loop
vertex 87.75910186767578 5.0 71.01453399658203
vertex 96.81965637207031 5.0 71.01453399658203
vertex 94.67095184326172 5.0 66.9734115600586
endloop
endfacet
facet normal 0.8829474466079779 0.0 -0.469471837843818
outer loop
vertex 94.67095184326172 -5.0 66.9734115600586
vertex 94.67095184326172 5.0 66.9734115600586
vertex 96.81965637207031 5.0 71.01453399658203
endloop
endfacet
facet normal -0.32236287660062435 0.0 -0.9466161713122013
outer loop
vertex 89.85504150390625 7.0 85.00225067138672
vertex 89.85504150390625 11.0 85.00225067138672
vertex 100.38704681396484 7.0 81.41565704345703
endloop
endfacet
facet normal 0.35109293073674785 0.9362478236789209 -0.013182057622600456
outer loop
vertex 89.85504150390625 11.0 85.00225067138672
vertex 90.25902557373047 11.0 95.76202392578125
vertex 100.79103088378906 7.0 92.17543029785156
endloop
endfacet
facet normal 0.35109293073674785 0.9362478236789209 -0.013182057622600456
outer loop
vertex 89.85504150390625 11.0 85.00225067138672
vertex 100.79103088378906 7.0 92.17543029785156
vertex 100.38704681396484 7.0 81.41565704345703
endloop
endfacet
facet normal 0.0 0.0 -1.0
outer loop
vertex 100.94935607910156 -7.0 71.01453399658203
vertex 96.81965637207031 5.0 71.01453399658203
vertex 100.94935607910156 5.0 71.01453399658203
endloop
endfacet
facet normal 0.8829475899616799 0.0 -0.4694715682348201
outer loop
vertex 105.54566192626953 -5.040786266326904 79.65892791748047
vertex 100.94935607910156 5.0 71.01453399658203
vertex 100.94935607910156 7.0 71.01453399658203
endloop
endfacet
facet normal 0.8829475899616799 0.0 -0.46947156823482017
outer loop
vertex 105.54566192626953 -5.040786266326904 79.65892791748047
vertex 100.94935607910156 7.0 71.01453399658203
vertex 105.54566192626953 5.040786266326904 79.65892791748047
endloop
endfacet
facet normal 0.9992959297947198 0.0 -0.037518591334246745
outer loop
vertex 100.94935607910156 7.0 71.01453399658203
vertex 100.94935607910156 115.0 71.01453399658203
vertex 101.19174194335938 7.0 77.47040557861328
endloop
endfacet
facet normal -0.3223343218533586 0.0 -0.9466258949317495
outer loop
vertex 105.54566192626953 -5.040786266326904 79.65892791748047
vertex 105.54566192626953 5.040786266326904 79.65892791748047
vertex 105.6530532836914 5.0 79.62236022949219
endloop
endfacet
facet normal 0.9992960297461752 0.0 -0.0375159290639504
outer loop
vertex 105.6530532836914 -5.0 79.62236022949219
vertex 105.6530532836914 5.0 79.62236022949219
vertex 105.66268920898438 5.0 79.8790283203125
endloop
endfacet
facet normal 0.35109062510911704 0.9362487064164516 -0.013180769856513133
outer loop
vertex 105.54566192626953 5.040786266326904 79.65892791748047
vertex 105.66268920898438 5.0 79.8790283203125
vertex 105.6530532836914 5.0 79.62236022949219
endloop
endfacet
facet normal 0.0 1.0 0.0
outer loop
vertex 100.94935607910156 7.0 71.01453399658203
vertex 101.19174194335938 7.0 77.47040557861328
vertex 114.67993927001953 7.0 96.83800506591797
endloop
endfacet
facet normal 0.0 1.0 -0.0
outer loop
vertex 101.19174194335938 7.0 77.47040557861328
vertex 100.38704681396484 7.0 81.41565704345703
vertex 114.67993927001953 7.0 96.83800506591797
endloop
endfacet
facet normal 0.8829475919360501 2.101537515958879e-08 -0.4694715645215694
outer loop
vertex 100.94935607910156 7.0 71.01453399658203
vertex 114.67993927001953 7.0 96.83800506591797
vertex 105.54566192626953 5.040786266326904 79.65892791748047
endloop
endfacet
facet normal 0.0 1.0 0.0
outer loop
vertex 100.38704681396484 7.0 81.41565704345703
vertex 100.79103088378906 7.0 92.17543029785156
vertex 114.67993927001953 7.0 96.83800506591797
endloop
endfacet
facet normal 0.8829489719246215 -2.9178036687384217e-05 -0.4694689682246273
outer loop
vertex 105.54566192626953 5.040786266326904 79.65892791748047
vertex 114.67993927001953 7.0 96.83800506591797
vertex 105.66268920898438 5.0 79.8790283203125
endloop
endfacet
facet normal 0.8829475459394839 0.0 -0.46947165102851857
outer loop
vertex 114.67993927001953 -5.0 96.83800506591797
vertex 105.66268920898438 5.0 79.8790283203125
vertex 114.67993927001953 7.0 96.83800506591797
endloop
endfacet
facet normal 0.9992959297947198 0.0 -0.037518591334246745
outer loop
vertex 101.19174194335938 7.0 77.47040557861328
vertex 100.94935607910156 115.0 71.01453399658203
vertex 101.19174194335938 115.0 77.47040557861328
endloop
endfacet
facet normal 0.8829477054660907 0.0 -0.46947135100255616
outer loop
vertex 92.45975494384766 146.0 63.470401763916016
vertex 93.51657104492188 149.0 65.4579849243164
vertex 93.51657104492188 146.0 65.4579849243164
endloop
endfacet
facet normal 0.0 0.0 -0.9999999999999999
outer loop
vertex 92.45975494384766 137.0 63.470401763916016
vertex 92.45975494384766 146.0 63.470401763916016
vertex 99.19174194335938 112.0 63.470401763916016
endloop
endfacet
facet normal 0.0 0.0 -1.0
outer loop
vertex 92.45975494384766 146.0 63.470401763916016
vertex 99.19174194335938 146.0 63.470401763916016
vertex 99.19174194335938 112.0 63.470401763916016
endloop
endfacet
facet normal -0.0 1.0 0.0
outer loop
vertex 92.45975494384766 146.0 63.470401763916016
vertex 93.51657104492188 146.0 65.4579849243164
vertex 99.19174194335938 146.0 63.470401763916016
endloop
endfacet
facet normal 0.8829475396532144 0.0 -0.46947166285126896
outer loop
vertex 93.51657104492188 146.0 65.4579849243164
vertex 93.51657104492188 149.0 65.4579849243164
vertex 98.84027099609375 146.0 75.47040557861328
endloop
endfacet
facet normal -0.0 1.0 0.0
outer loop
vertex 93.51657104492188 146.0 65.4579849243164
vertex 98.84027099609375 146.0 75.47040557861328
vertex 99.19174194335938 146.0 63.470401763916016
endloop
endfacet
facet normal 1.0 0.0 -0.0
outer loop
vertex 99.19174194335938 112.0 63.470401763916016
vertex 99.19174194335938 115.0 71.01453399658203
vertex 99.19174194335938 112.0 71.01453399658203
endloop
endfacet
facet normal 1.0 0.0 -0.0
outer loop
vertex 99.19174194335938 112.0 63.470401763916016
vertex 99.19174194335938 146.0 63.470401763916016
vertex 99.19174194335938 115.0 71.01453399658203
endloop
endfacet
facet normal 1.0 0.0 -0.0
outer loop
vertex 99.19174194335938 146.0 63.470401763916016
vertex 99.19174194335938 146.0 75.47040557861328
vertex 99.19174194335938 115.0 71.01453399658203
endloop
endfacet
facet normal -0.0 -0.0 1.0
outer loop
vertex 76.39154815673828 137.0 75.47040557861328
vertex 99.19174194335938 115.0 75.47040557861328
vertex 98.84027099609375 137.0 75.47040557861328
endloop
endfacet
facet normal 0.0 -1.0 0.0
outer loop
vertex 76.39154815673828 137.0 75.47040557861328
vertex 98.84027099609375 137.0 75.47040557861328
vertex 103.81450653076172 137.0 84.8255844116211
endloop
endfacet
facet normal 0.0 1.0 0.0
outer loop
vertex 84.8069076538086 149.0 95.93869018554688
vertex 103.81450653076172 149.0 84.8255844116211
vertex 93.51657104492188 149.0 65.4579849243164
endloop
endfacet
facet normal 0.0 0.0 -1.0
outer loop
vertex 99.19174194335938 112.0 71.01453399658203
vertex 99.19174194335938 115.0 71.01453399658203
vertex 100.94935607910156 115.0 71.01453399658203
endloop
endfacet
facet normal -0.0 1.0 0.0
outer loop
vertex 99.19174194335938 115.0 71.01453399658203
vertex 99.19174194335938 115.0 75.47040557861328
vertex 100.94935607910156 115.0 71.01453399658203
endloop
endfacet
facet normal -0.0 1.0 0.0
outer loop
vertex 99.19174194335938 115.0 75.47040557861328
vertex 101.19174194335938 115.0 77.47040557861328
vertex 100.94935607910156 115.0 71.01453399658203
endloop
endfacet
facet normal 1.0 0.0 -0.0
outer loop
vertex 99.19174194335938 115.0 71.01453399658203
vertex 99.19174194335938 146.0 75.47040557861328
vertex 99.19174194335938 115.0 75.47040557861328
endloop
endfacet
facet normal 0.0 -0.0 1.0
outer loop
vertex 99.19174194335938 115.0 75.47040557861328
vertex 99.19174194335938 146.0 75.47040557861328
vertex 98.84027099609375 137.0 75.47040557861328
endloop
endfacet
facet normal 0.0 -0.0 1.0
outer loop
vertex 98.84027099609375 137.0 75.47040557861328
vertex 99.19174194335938 146.0 75.47040557861328
vertex 98.84027099609375 146.0 75.47040557861328
endloop
endfacet
facet normal 0.0 1.0 -0.0
outer loop
vertex 99.19174194335938 146.0 63.470401763916016
vertex 98.84027099609375 146.0 75.47040557861328
vertex 99.19174194335938 146.0 75.47040557861328
endloop
endfacet
facet normal 0.8829475896501066 4.025475832794281e-07 -0.46947156882063146
outer loop
vertex 93.51657104492188 149.0 65.4579849243164
vertex 103.81450653076172 149.0 84.8255844116211
vertex 98.84027099609375 146.0 75.47040557861328
endloop
endfacet
facet normal 0.8829476431596402 0.0 -0.4694714681839956
outer loop
vertex 98.84027099609375 137.0 75.47040557861328
vertex 98.84027099609375 146.0 75.47040557861328
vertex 103.81450653076172 149.0 84.8255844116211
endloop
endfacet
facet normal 0.8829476431596404 0.0 -0.4694714681839956
outer loop
vertex 98.84027099609375 137.0 75.47040557861328
vertex 103.81450653076172 149.0 84.8255844116211
vertex 103.81450653076172 137.0 84.8255844116211
endloop
endfacet
facet normal 0.8829474454740097 0.0 -0.4694718399765004
outer loop
vertex 103.81450653076172 137.0 84.8255844116211
vertex 103.81450653076172 149.0 84.8255844116211
vertex 114.1124496459961 137.0 104.19318389892578
endloop
endfacet
facet normal 0.0 -0.0 1.0
outer loop
vertex 90.25902557373047 7.0 95.76202392578125
vertex 100.92568969726562 7.0 95.76202392578125
vertex 90.25902557373047 11.0 95.76202392578125
endloop
endfacet
facet normal 0.35109300806134297 0.9362477982779915 -0.013181802230755673
outer loop
vertex 90.25902557373047 11.0 95.76202392578125
vertex 100.92568969726562 7.0 95.76202392578125
vertex 100.79103088378906 7.0 92.17543029785156
endloop
endfacet
facet normal -0.0 0.0 1.0
outer loop
vertex 78.92232513427734 7.0 103.29386901855469
vertex 95.86176300048828 5.0 103.29386901855469
vertex 113.98287963867188 5.0 103.29386901855469
endloop
endfacet
facet normal -0.8829475402053711 0.0 0.4694716618128134
outer loop
vertex 95.86176300048828 -5.0 103.29386901855469
vertex 101.443115234375 5.0 113.79086303710938
vertex 95.86176300048828 5.0 103.29386901855469
endloop
endfacet
facet normal 0.0 1.0 0.0
outer loop
vertex 78.92232513427734 7.0 103.29386901855469
vertex 114.67993927001953 7.0 96.83800506591797
vertex 100.92568969726562 7.0 95.76202392578125
endloop
endfacet
facet normal -0.0 1.0 0.0
outer loop
vertex 78.92232513427734 7.0 103.29386901855469
vertex 114.92232513427734 7.0 103.29386901855469
vertex 114.67993927001953 7.0 96.83800506591797
endloop
endfacet
facet normal -0.0 0.0 1.0
outer loop
vertex 78.92232513427734 7.0 103.29386901855469
vertex 113.98287963867188 5.0 103.29386901855469
vertex 114.92232513427734 7.0 103.29386901855469
endloop
endfacet
facet normal -0.0 1.0 0.0
outer loop
vertex 95.86176300048828 5.0 103.29386901855469
vertex 101.443115234375 5.0 113.79086303710938
vertex 113.98287963867188 5.0 103.29386901855469
endloop
endfacet
facet normal 0.0 0.0 -1.0
outer loop
vertex 106.15969848632812 -5.0 122.66146850585938
vertex 92.41051483154297 5.0 122.66146850585938
vertex 92.99115753173828 6.77419376373291 122.66146850585938
endloop
endfacet
facet normal -0.9992958855178655 0.0 0.03751977061583309
outer loop
vertex 92.65290832519531 -7.0 129.11734008789062
vertex 92.65290832519531 5.0 129.11734008789062
vertex 92.41051483154297 5.0 122.66146850585938
endloop
endfacet
facet normal -0.9992958855169681 1.3402973355632844e-06 0.0375197706157994
outer loop
vertex 92.41051483154297 5.0 122.66146850585938
vertex 92.65290832519531 5.0 129.11734008789062
vertex 92.41492462158203 7.0 122.77884674072266
endloop
endfacet
facet normal -0.9992959013739865 0.0 0.037519348303932436
outer loop
vertex 92.41492462158203 7.0 122.77884674072266
vertex 92.65290832519531 5.0 129.11734008789062
vertex 92.65290832519531 7.0 129.11734008789062
endloop
endfacet
facet normal 0.0 0.0 -0.9999999999999999
outer loop
vertex 106.15969848632812 -5.0 122.66146850585938
vertex 92.99115753173828 6.77419376373291 122.66146850585938
vertex 106.15969848632812 5.0 122.66146850585938
endloop
endfacet
facet normal -0.882947648160479 0.0 0.4694714587787834
outer loop
vertex 106.15969848632812 -5.0 122.66146850585938
vertex 106.15969848632812 5.0 122.66146850585938
vertex 101.443115234375 5.0 113.79086303710938
endloop
endfacet
facet normal -0.9992950290137731 0.0 0.03754257567565557
outer loop
vertex 92.41051483154297 5.0 122.66146850585938
vertex 92.41492462158203 7.0 122.77884674072266
vertex 92.41051483154297 115.0 122.66146850585938
endloop
endfacet
facet normal -0.9992959013739866 0.0 0.037519348303932436
outer loop
vertex 92.41492462158203 7.0 122.77884674072266
vertex 92.65290832519531 7.0 129.11734008789062
vertex 92.65290832519531 115.0 129.11734008789062
endloop
endfacet
facet normal 0.0 -0.0 -1.0
outer loop
vertex 92.41051483154297 5.0 122.66146850585938
vertex 126.65290832519531 112.0 122.66146850585938
vertex 92.99115753173828 6.77419376373291 122.66146850585938
endloop
endfacet
facet normal 0.0 1.0 0.0
outer loop
vertex 100.79103088378906 7.0 92.17543029785156
vertex 100.92568969726562 7.0 95.76202392578125
vertex 114.67993927001953 7.0 96.83800506591797
endloop
endfacet
facet normal 0.0 1.0 0.0
outer loop
vertex 101.443115234375 5.0 113.79086303710938
vertex 115.2668228149414 5.0 105.70861053466797
vertex 113.98287963867188 5.0 103.29386901855469
endloop
endfacet
facet normal 0.9992959281323673 0.0 -0.03751863561045933
outer loop
vertex 114.67993927001953 -5.0 96.83800506591797
vertex 114.67993927001953 7.0 96.83800506591797
vertex 114.92232513427734 7.0 103.29386901855469
endloop
endfacet
facet normal 0.8829472386242716 0.0 -0.4694722290037757
outer loop
vertex 113.98287963867188 -5.0 103.29386901855469
vertex 113.98287963867188 5.0 103.29386901855469
vertex 115.2668228149414 5.0 105.70861053466797
endloop
endfacet
facet normal 0.0 -0.0 1.0
outer loop
vertex 113.98287963867188 -5.0 103.29386901855469
vertex 114.92232513427734 7.0 103.29386901855469
vertex 113.98287963867188 5.0 103.29386901855469
endloop
endfacet
facet normal -0.0 1.0 0.0
outer loop
vertex 101.443115234375 5.0 113.79086303710938
vertex 106.15969848632812 5.0 122.66146850585938
vertex 115.2668228149414 5.0 105.70861053466797
endloop
endfacet
facet normal -0.0 -0.0 -1.0
outer loop
vertex 92.99115753173828 6.77419376373291 122.66146850585938
vertex 124.28081512451172 5.0 122.66146850585938
vertex 106.15969848632812 5.0 122.66146850585938
endloop
endfacet
facet normal 0.0 1.0 -0.0
outer loop
vertex 115.2668228149414 5.0 105.70861053466797
vertex 106.15969848632812 5.0 122.66146850585938
vertex 124.28081512451172 5.0 122.66146850585938
endloop
endfacet
facet normal -0.0 -0.0 -1.0
outer loop
vertex 92.99115753173828 6.77419376373291 122.66146850585938
vertex 128.4105224609375 5.0 122.66146850585938
vertex 124.28081512451172 5.0 122.66146850585938
endloop
endfacet
facet normal 0.0 0.0 -1.0
outer loop
vertex 92.99115753173828 6.77419376373291 122.66146850585938
vertex 128.4105224609375 7.0 122.66146850585938
vertex 128.4105224609375 5.0 122.66146850585938
endloop
endfacet
facet normal -0.0 1.0 0.0
outer loop
vertex 92.65290832519531 7.0 129.11734008789062
vertex 117.31620788574219 7.0 136.64918518066406
vertex 127.84821319580078 7.0 133.06259155273438
endloop
endfacet
facet normal -0.0 1.0 0.0
outer loop
vertex 92.65290832519531 7.0 129.11734008789062
vertex 127.84821319580078 7.0 133.06259155273438
vertex 128.6529083251953 7.0 129.11734008789062
endloop
endfacet
facet normal 0.0 0.0 -1.0
outer loop
vertex 92.99115753173828 6.77419376373291 122.66146850585938
vertex 128.4105224609375 115.0 122.66146850585938
vertex 128.4105224609375 7.0 122.66146850585938
endloop
endfacet
facet normal 0.0 0.0 1.0
outer loop
vertex 92.65290832519531 7.0 129.11734008789062
vertex 128.6529083251953 7.0 129.11734008789062
vertex 128.6529083251953 115.0 129.11734008789062
endloop
endfacet
facet normal -0.8829477000681311 0.0 0.4694713611546476
outer loop
vertex 92.65290832519531 -7.0 129.11734008789062
vertex 106.38348388671875 7.0 154.94081115722656
vertex 92.65290832519531 5.0 129.11734008789062
endloop
endfacet
facet normal -0.8829477000681311 0.0 0.4694713611546476
outer loop
vertex 92.65290832519531 5.0 129.11734008789062
vertex 106.38348388671875 7.0 154.94081115722656
vertex 92.65290832519531 7.0 129.11734008789062
endloop
endfacet
facet normal -0.0 1.0 0.0
outer loop
vertex 92.65290832519531 7.0 129.11734008789062
vertex 106.38348388671875 7.0 154.94081115722656
vertex 117.31620788574219 7.0 136.64918518066406
endloop
endfacet
facet normal -0.9992959291297797 0.0 0.03751860904471926
outer loop
vertex 117.31620788574219 7.0 136.64918518066406
vertex 117.72018432617188 7.0 147.40896606445312
vertex 117.72018432617188 11.0 147.40896606445312
endloop
endfacet
facet normal -0.9992959291297797 0.0 0.03751860904471926
outer loop
vertex 117.31620788574219 7.0 136.64918518066406
vertex 117.72018432617188 11.0 147.40896606445312
vertex 117.31620788574219 11.0 136.64918518066406
endloop
endfacet
facet normal 0.0 0.9999999999999999 0.0
outer loop
vertex 106.38348388671875 7.0 154.94081115722656
vertex 117.72018432617188 7.0 147.40896606445312
vertex 117.31620788574219 7.0 136.64918518066406
endloop
endfacet
facet normal 0.0 -0.0 0.9999999999999999
outer loop
vertex 106.38348388671875 -5.0 154.94081115722656
vertex 123.32292938232422 5.0 154.94081115722656
vertex 106.38348388671875 7.0 154.94081115722656
endloop
endfacet
facet normal 0.0 1.0 0.0
outer loop
vertex 106.38348388671875 7.0 154.94081115722656
vertex 128.38685607910156 7.0 147.40896606445312
vertex 117.72018432617188 7.0 147.40896606445312
endloop
endfacet
facet normal 0.0 0.0 -1.0
outer loop
vertex 92.41051483154297 5.0 122.66146850585938
vertex 92.41051483154297 115.0 122.66146850585938
vertex 94.65290832519531 112.0 122.66146850585938
endloop
endfacet
facet normal -0.9992958855178654 -2.4820321028971997e-08 0.03751977061583308
outer loop
vertex 92.41492462158203 7.0 122.77884674072266
vertex 92.65290832519531 115.0 129.11734008789062
vertex 92.41051483154297 115.0 122.66146850585938
endloop
endfacet
facet normal 0.0 0.0 -0.9999999999999999
outer loop
vertex 92.41051483154297 5.0 122.66146850585938
vertex 94.65290832519531 112.0 122.66146850585938
vertex 126.65290832519531 112.0 122.66146850585938
endloop
endfacet
facet normal 0.0 -0.0 1.0
outer loop
vertex 92.65290832519531 7.0 129.11734008789062
vertex 128.6529083251953 115.0 129.11734008789062
vertex 92.65290832519531 115.0 129.11734008789062
endloop
endfacet
facet normal -0.0 1.0 0.0
outer loop
vertex 84.8069076538086 149.0 95.93869018554688
vertex 95.10484313964844 149.0 115.30628967285156
vertex 103.81450653076172 149.0 84.8255844116211
endloop
endfacet
facet normal 0.0 -1.0 0.0
outer loop
vertex 84.8069076538086 137.0 95.93869018554688
vertex 103.81450653076172 137.0 84.8255844116211
vertex 95.42801666259766 137.0 115.11734008789062
endloop
endfacet
facet normal 0.0 -1.0 0.0
outer loop
vertex 84.8069076538086 137.0 95.93869018554688
vertex 95.42801666259766 137.0 115.11734008789062
vertex 95.00437927246094 137.0 115.11734008789062
endloop
endfacet
facet normal -0.8829475436414146 0.0 0.4694716553505574
outer loop
vertex 84.8069076538086 137.0 95.93869018554688
vertex 95.00437927246094 137.0 115.11734008789062
vertex 95.00437927246094 146.0 115.11734008789062
endloop
endfacet
facet normal -0.8829474000098109 -7.383808067217345e-07 0.4694719254815669
outer loop
vertex 84.8069076538086 137.0 95.93869018554688
vertex 95.00437927246094 146.0 115.11734008789062
vertex 95.10484313964844 149.0 115.30628967285156
endloop
endfacet
facet normal 0.0 -0.9999999999999999 0.0
outer loop
vertex 103.81450653076172 137.0 84.8255844116211
vertex 114.1124496459961 137.0 104.19318389892578
vertex 95.42801666259766 137.0 115.11734008789062
endloop
endfacet
facet normal -0.0 1.0 -0.0
outer loop
vertex 103.81450653076172 149.0 84.8255844116211
vertex 95.10484313964844 149.0 115.30628967285156
vertex 114.1124496459961 149.0 104.19318389892578
endloop
endfacet
facet normal 0.0 0.0 -1.0
outer loop
vertex 92.41051483154297 115.0 122.66146850585938
vertex 94.65290832519531 115.0 122.66146850585938
vertex 94.65290832519531 112.0 122.66146850585938
endloop
endfacet
facet normal -0.9999999999999999 0.0 0.0
outer loop
vertex 94.65290832519531 112.0 115.11734008789062
vertex 94.65290832519531 112.0 122.66146850585938
vertex 94.65290832519531 115.0 122.66146850585938
endloop
endfacet
facet normal 0.0 0.0 -1.0
outer loop
vertex 94.65290832519531 112.0 115.11734008789062
vertex 95.00437927246094 137.0 115.11734008789062
vertex 95.42801666259766 137.0 115.11734008789062
endloop
endfacet
facet normal -1.0 0.0 0.0
outer loop
vertex 94.65290832519531 112.0 115.11734008789062
vertex 94.65290832519531 115.0 122.66146850585938
vertex 94.65290832519531 146.0 127.11734008789062
endloop
endfacet
facet normal -0.0 0.9999999999999999 0.0
outer loop
vertex 92.41051483154297 115.0 122.66146850585938
vertex 92.65290832519531 115.0 129.11734008789062
vertex 94.65290832519531 115.0 127.11734008789062
endloop
endfacet
facet normal -0.0 1.0 0.0
outer loop
vertex 92.41051483154297 115.0 122.66146850585938
vertex 94.65290832519531 115.0 127.11734008789062
vertex 94.65290832519531 115.0 122.66146850585938
endloop
endfacet
facet normal -1.0 0.0 0.0
outer loop
vertex 94.65290832519531 115.0 122.66146850585938
vertex 94.65290832519531 115.0 127.11734008789062
vertex 94.65290832519531 146.0 127.11734008789062
endloop
endfacet
facet normal 0.0 0.0 -1.0
outer loop
vertex 94.65290832519531 112.0 115.11734008789062
vertex 94.65290832519531 146.0 115.11734008789062
vertex 95.00437927246094 137.0 115.11734008789062
endloop
endfacet
facet normal -1.0 0.0 0.0
outer loop
vertex 94.65290832519531 112.0 115.11734008789062
vertex 94.65290832519531 146.0 127.11734008789062
vertex 94.65290832519531 146.0 115.11734008789062
endloop
endfacet
facet normal 0.0 0.0 -1.0
outer loop
vertex 95.00437927246094 137.0 115.11734008789062
vertex 94.65290832519531 146.0 115.11734008789062
vertex 95.00437927246094 146.0 115.11734008789062
endloop
endfacet
facet normal -0.8829522595855422 0.0 0.4694627858444004
outer loop
vertex 95.00437927246094 146.0 115.11734008789062
vertex 95.10484313964844 146.0 115.30628967285156
vertex 95.10484313964844 149.0 115.30628967285156
endloop
endfacet
facet normal -0.0 1.0 0.0
outer loop
vertex 94.65290832519531 146.0 115.11734008789062
vertex 94.65290832519531 146.0 127.11734008789062
vertex 95.00437927246094 146.0 115.11734008789062
endloop
endfacet
facet normal -0.0 1.0 -0.0
outer loop
vertex 95.00437927246094 146.0 115.11734008789062
vertex 94.65290832519531 146.0 127.11734008789062
vertex 95.10484313964844 146.0 115.30628967285156
endloop
endfacet
facet normal -0.8829476656133425 0.0 0.46947142595471053
outer loop
vertex 95.10484313964844 146.0 115.30628967285156
vertex 101.3848876953125 146.0 127.11734008789062
vertex 95.10484313964844 149.0 115.30628967285156
endloop
endfacet
facet normal 0.0 1.0 -0.0
outer loop
vertex 95.10484313964844 146.0 115.30628967285156
vertex 94.65290832519531 146.0 127.11734008789062
vertex 101.3848876953125 146.0 127.11734008789062
endloop
endfacet
facet normal 0.0 -0.0 1.0
outer loop
vertex 94.65290832519531 115.0 127.11734008789062
vertex 101.3848876953125 146.0 127.11734008789062
vertex 94.65290832519531 146.0 127.11734008789062
endloop
endfacet
facet normal 0.0 0.0 -1.0
outer loop
vertex 94.65290832519531 112.0 115.11734008789062
vertex 95.42801666259766 137.0 115.11734008789062
vertex 119.92092895507812 137.0 115.11734008789062
endloop
endfacet
facet normal 0.0 1.0 0.0
outer loop
vertex 92.65290832519531 115.0 129.11734008789062
vertex 126.65290832519531 115.0 127.11734008789062
vertex 94.65290832519531 115.0 127.11734008789062
endloop
endfacet
facet normal 0.0 0.0 1.0
outer loop
vertex 94.65290832519531 115.0 127.11734008789062
vertex 101.3848876953125 137.0 127.11734008789062
vertex 101.3848876953125 146.0 127.11734008789062
endloop
endfacet
facet normal -0.8829475896499484 7.214830335019577e-07 0.46947156882054736
outer loop
vertex 95.10484313964844 149.0 115.30628967285156
vertex 101.3848876953125 146.0 127.11734008789062
vertex 105.40277862548828 149.0 134.67388916015625
endloop
endfacet
facet normal -0.8829474709180816 0.0 0.4694717921231943
outer loop
vertex 101.3848876953125 137.0 127.11734008789062
vertex 105.40277862548828 137.0 134.67388916015625
vertex 101.3848876953125 146.0 127.11734008789062
endloop
endfacet
facet normal -0.8829474709180815 0.0 0.4694717921231943
outer loop
vertex 101.3848876953125 146.0 127.11734008789062
vertex 105.40277862548828 137.0 134.67388916015625
vertex 105.40277862548828 149.0 134.67388916015625
endloop
endfacet
facet normal 0.0 0.0 -1.0
outer loop
vertex 92.99115753173828 6.77419376373291 122.66146850585938
vertex 126.65290832519531 112.0 122.66146850585938
vertex 128.4105224609375 115.0 122.66146850585938
endloop
endfacet
facet normal 0.8829474454740097 0.0 -0.4694718399765004
outer loop
vertex 103.81450653076172 149.0 84.8255844116211
vertex 114.1124496459961 149.0 104.19318389892578
vertex 114.1124496459961 137.0 104.19318389892578
endloop
endfacet
facet normal 0.0 -1.0 0.0
outer loop
vertex 95.42801666259766 137.0 115.11734008789062
vertex 114.1124496459961 137.0 104.19318389892578
vertex 119.92092895507812 137.0 115.11734008789062
endloop
endfacet
facet normal 0.8829475114295935 0.0 -0.46947171593216125
outer loop
vertex 114.1124496459961 137.0 104.19318389892578
vertex 114.1124496459961 149.0 104.19318389892578
vertex 119.92092895507812 146.0 115.11734008789062
endloop
endfacet
facet normal 0.8829475114295935 0.0 -0.46947171593216125
outer loop
vertex 114.1124496459961 137.0 104.19318389892578
vertex 119.92092895507812 146.0 115.11734008789062
vertex 119.92092895507812 137.0 115.11734008789062
endloop
endfacet
facet normal 0.0 -1.0 0.0
outer loop
vertex 94.65290832519531 112.0 115.11734008789062
vertex 126.65290832519531 112.0 115.11734008789062
vertex 94.65290832519531 112.0 122.66146850585938
endloop
endfacet
facet normal 0.0 -0.0 1.0
outer loop
vertex 94.65290832519531 115.0 127.11734008789062
vertex 126.65290832519531 115.0 127.11734008789062
vertex 101.3848876953125 137.0 127.11734008789062
endloop
endfacet
facet normal -0.0 1.0 0.0
outer loop
vertex 95.10484313964844 149.0 115.30628967285156
vertex 105.40277862548828 149.0 134.67388916015625
vertex 114.1124496459961 149.0 104.19318389892578
endloop
endfacet
facet normal 0.0 -1.0 0.0
outer loop
vertex 101.3848876953125 137.0 127.11734008789062
vertex 118.32733154296875 137.0 127.11734008789062
vertex 105.40277862548828 137.0 134.67388916015625
endloop
endfacet
facet normal 0.0 0.0 -1.0
outer loop
vertex 94.65290832519531 112.0 115.11734008789062
vertex 119.92092895507812 137.0 115.11734008789062
vertex 126.65290832519531 112.0 115.11734008789062
endloop
endfacet
facet normal 0.0 -1.0 0.0
outer loop
vertex 94.65290832519531 112.0 122.66146850585938
vertex 126.65290832519531 112.0 115.11734008789062
vertex 126.65290832519531 112.0 122.66146850585938
endloop
endfacet
facet normal -0.0 1.0 0.0
outer loop
vertex 92.65290832519531 115.0 129.11734008789062
vertex 128.6529083251953 115.0 129.11734008789062
vertex 126.65290832519531 115.0 127.11734008789062
endloop
endfacet
facet normal -0.0 -0.0 0.9999999999999999
outer loop
vertex 101.3848876953125 137.0 127.11734008789062
vertex 126.65290832519531 115.0 127.11734008789062
vertex 118.32733154296875 137.0 127.11734008789062
endloop
endfacet
facet normal -0.0 1.0 -0.0
outer loop
vertex 114.1124496459961 149.0 104.19318389892578
vertex 105.40277862548828 149.0 134.67388916015625
vertex 124.41038513183594 149.0 123.56078338623047
endloop
endfacet
facet normal -0.8829475896501782 0.0 0.46947156882066954
outer loop
vertex 105.40277862548828 137.0 134.67388916015625
vertex 115.70071411132812 149.0 154.04148864746094
vertex 105.40277862548828 149.0 134.67388916015625
endloop
endfacet
facet normal 0.0 -1.0 0.0
outer loop
vertex 105.40277862548828 137.0 134.67388916015625
vertex 118.32733154296875 137.0 127.11734008789062
vertex 115.70071411132812 137.0 154.04148864746094
endloop
endfacet
facet normal -0.0 1.0 0.0
outer loop
vertex 105.40277862548828 149.0 134.67388916015625
vertex 115.70071411132812 149.0 154.04148864746094
vertex 124.41038513183594 149.0 123.56078338623047
endloop
endfacet
facet normal -0.8829475896501782 0.0 0.46947156882066954
outer loop
vertex 105.40277862548828 137.0 134.67388916015625
vertex 115.70071411132812 137.0 154.04148864746094
vertex 115.70071411132812 149.0 154.04148864746094
endloop
endfacet
facet normal -0.8829475156557153 0.0 0.46947170798398535
outer loop
vertex 115.70071411132812 137.0 154.04148864746094
vertex 122.46553802490234 137.0 166.76426696777344
vertex 115.70071411132812 149.0 154.04148864746094
endloop
endfacet
facet normal 0.8829476396498027 0.0 -0.4694714747850418
outer loop
vertex 115.2668228149414 -5.0 105.70861053466797
vertex 115.2668228149414 5.0 105.70861053466797
vertex 124.28081512451172 5.0 122.66146850585938
endloop
endfacet
facet normal 0.0 0.0 -1.0
outer loop
vertex 124.28081512451172 -5.0 122.66146850585938
vertex 124.28081512451172 5.0 122.66146850585938
vertex 128.4105224609375 5.0 122.66146850585938
endloop
endfacet
facet normal 0.8829479129855002 0.0 -0.4694709607148769
outer loop
vertex 133.00682067871094 -5.040785789489746 131.3058624267578
vertex 128.4105224609375 5.0 122.66146850585938
vertex 128.4105224609375 7.0 122.66146850585938
endloop
endfacet
facet normal 0.8829479129855002 0.0 -0.4694709607148769
outer loop
vertex 133.00682067871094 -5.040785789489746 131.3058624267578
vertex 128.4105224609375 7.0 122.66146850585938
vertex 133.00682067871094 5.040785789489746 131.3058624267578
endloop
endfacet
facet normal 0.9992959297947198 0.0 -0.037518591334246745
outer loop
vertex 128.4105224609375 7.0 122.66146850585938
vertex 128.4105224609375 115.0 122.66146850585938
vertex 128.6529083251953 7.0 129.11734008789062
endloop
endfacet
facet normal -0.3223945836063324 0.0 -0.9466053731419971
outer loop
vertex 133.00682067871094 -5.040785789489746 131.3058624267578
vertex 133.00682067871094 5.040785789489746 131.3058624267578
vertex 133.1142120361328 5.0 131.269287109375
endloop
endfacet
facet normal 0.9992949157251362 0.0 -0.037545591031346894
outer loop
vertex 133.1142120361328 -5.0 131.269287109375
vertex 133.1142120361328 5.0 131.269287109375
vertex 133.1238555908203 5.0 131.5259552001953
endloop
endfacet
facet normal 0.3510830921819184 0.9362513882162105 -0.013190922909397326
outer loop
vertex 133.1142120361328 5.0 131.269287109375
vertex 133.00682067871094 5.040785789489746 131.3058624267578
vertex 133.1238555908203 5.0 131.5259552001953
endloop
endfacet
facet normal 0.0 1.0 0.0
outer loop
vertex 128.4105224609375 7.0 122.66146850585938
vertex 128.6529083251953 7.0 129.11734008789062
vertex 142.14109802246094 7.0 148.4849395751953
endloop
endfacet
facet normal 0.8829477000658636 -2.266312085981261e-06 -0.46947136115344207
outer loop
vertex 128.4105224609375 7.0 122.66146850585938
vertex 142.14109802246094 7.0 148.4849395751953
vertex 133.00682067871094 5.040785789489746 131.3058624267578
endloop
endfacet
facet normal -0.32236287660062435 0.0 -0.9466161713122013
outer loop
vertex 117.31620788574219 7.0 136.64918518066406
vertex 117.31620788574219 11.0 136.64918518066406
vertex 127.84821319580078 7.0 133.06259155273438
endloop
endfacet
facet normal 0.35109278793855736 0.9362478809403857 -0.01318179396623613
outer loop
vertex 117.31620788574219 11.0 136.64918518066406
vertex 117.72018432617188 11.0 147.40896606445312
vertex 128.252197265625 7.0 143.82237243652344
endloop
endfacet
facet normal 0.35109293353490106 0.9362478227597361 -0.013182048380710671
outer loop
vertex 117.31620788574219 11.0 136.64918518066406
vertex 128.252197265625 7.0 143.82237243652344
vertex 127.84821319580078 7.0 133.06259155273438
endloop
endfacet
facet normal 0.0 -0.0 1.0
outer loop
vertex 117.72018432617188 7.0 147.40896606445312
vertex 128.38685607910156 7.0 147.40896606445312
vertex 117.72018432617188 11.0 147.40896606445312
endloop
endfacet
facet normal 0.3510927879385574 0.9362478809403858 -0.013181793966236133
outer loop
vertex 117.72018432617188 11.0 147.40896606445312
vertex 128.38685607910156 7.0 147.40896606445312
vertex 128.252197265625 7.0 143.82237243652344
endloop
endfacet
facet normal -0.0 0.0 1.0
outer loop
vertex 106.38348388671875 7.0 154.94081115722656
vertex 123.32292938232422 5.0 154.94081115722656
vertex 141.4440460205078 5.0 154.94081115722656
endloop
endfacet
facet normal 0.0 1.0 0.0
outer loop
vertex 106.38348388671875 7.0 154.94081115722656
vertex 142.14109802246094 7.0 148.4849395751953
vertex 128.38685607910156 7.0 147.40896606445312
endloop
endfacet
facet normal -0.0 1.0 0.0
outer loop
vertex 106.38348388671875 7.0 154.94081115722656
vertex 142.38348388671875 7.0 154.94081115722656
vertex 142.14109802246094 7.0 148.4849395751953
endloop
endfacet
facet normal -0.0 0.0 1.0
outer loop
vertex 106.38348388671875 7.0 154.94081115722656
vertex 141.4440460205078 5.0 154.94081115722656
vertex 142.38348388671875 7.0 154.94081115722656
endloop
endfacet
facet normal -0.8829476405569351 0.0 0.46947147307897374
outer loop
vertex 123.32292938232422 -5.0 154.94081115722656
vertex 129.0572052001953 5.0 165.7254180908203
vertex 123.32292938232422 5.0 154.94081115722656
endloop
endfacet
facet normal 0.4694714004085824 0.0 0.8829476791964542
outer loop
vertex 129.0572052001953 -5.0 165.7254180908203
vertex 132.1475372314453 2.5 164.08226013183594
vertex 129.0572052001953 5.0 165.7254180908203
endloop
endfacet
facet normal -0.0 1.0 0.0
outer loop
vertex 127.84821319580078 7.0 133.06259155273438
vertex 142.14109802246094 7.0 148.4849395751953
vertex 128.6529083251953 7.0 129.11734008789062
endloop
endfacet
facet normal 0.0 1.0 0.0
outer loop
vertex 127.84821319580078 7.0 133.06259155273438
vertex 128.252197265625 7.0 143.82237243652344
vertex 142.14109802246094 7.0 148.4849395751953
endloop
endfacet
facet normal 0.882941561742046 0.00012742504593774535 -0.46948288819868045
outer loop
vertex 133.00682067871094 5.040785789489746 131.3058624267578
vertex 142.14109802246094 7.0 148.4849395751953
vertex 133.1238555908203 5.0 131.5259552001953
endloop
endfacet
facet normal 0.0 0.9999999999999999 0.0
outer loop
vertex 128.252197265625 7.0 143.82237243652344
vertex 128.38685607910156 7.0 147.40896606445312
vertex 142.14109802246094 7.0 148.4849395751953
endloop
endfacet
facet normal 0.8829477981398667 0.0 -0.46947117670839106
outer loop
vertex 142.14109802246094 -5.0 148.4849395751953
vertex 133.1238555908203 5.0 131.5259552001953
vertex 142.14109802246094 7.0 148.4849395751953
endloop
endfacet
facet normal 0.9992959297947199 0.0 -0.037518591334246745
outer loop
vertex 142.14109802246094 -5.0 148.4849395751953
vertex 142.14109802246094 7.0 148.4849395751953
vertex 142.38348388671875 7.0 154.94081115722656
endloop
endfacet
facet normal 0.0 -0.0 1.0
outer loop
vertex 141.4440460205078 -5.0 154.94081115722656
vertex 142.38348388671875 7.0 154.94081115722656
vertex 141.4440460205078 5.0 154.94081115722656
endloop
endfacet
facet normal -0.0 0.9999999999999999 0.0
outer loop
vertex 123.32292938232422 5.0 154.94081115722656
vertex 129.0572052001953 5.0 165.7254180908203
vertex 143.1843719482422 5.0 158.21388244628906
endloop
endfacet
facet normal 0.4694712548864531 -2.3074068638976942e-07 0.882947756571863
outer loop
vertex 129.0572052001953 5.0 165.7254180908203
vertex 132.1475372314453 2.5 164.08226013183594
vertex 140.09405517578125 2.5 159.85702514648438
endloop
endfacet
facet normal -0.080928452696234 0.9850302752899702 -0.15220362119988884
outer loop
vertex 134.23280334472656 2.5 164.10610961914062
vertex 135.17173767089844 2.8499999046325684 165.8719940185547
vertex 135.29234313964844 2.5 163.54273986816406
endloop
endfacet
facet normal -0.0 1.0 0.0
outer loop
vertex 123.32292938232422 5.0 154.94081115722656
vertex 143.1843719482422 5.0 158.21388244628906
vertex 141.4440460205078 5.0 154.94081115722656
endloop
endfacet
facet normal -0.0 1.0 0.0
outer loop
vertex 132.1475372314453 2.5 164.08226013183594
vertex 134.23280334472656 2.5 164.10610961914062
vertex 140.09405517578125 2.5 159.85702514648438
endloop
endfacet
facet normal 0.0 1.0 0.0
outer loop
vertex 134.23280334472656 2.5 164.10610961914062
vertex 135.29234313964844 2.5 163.54273986816406
vertex 140.09405517578125 2.5 159.85702514648438
endloop
endfacet
facet normal -0.080928452696234 0.9850302752899702 -0.15220362119988884
outer loop
vertex 135.29234313964844 2.5 163.54273986816406
vertex 135.17173767089844 2.8499999046325684 165.8719940185547
vertex 136.2312774658203 2.8499999046325684 165.30862426757812
endloop
endfacet
facet normal 0.46947097038623575 -1.841818419136495e-06 0.8829479078412349
outer loop
vertex 129.0572052001953 5.0 165.7254180908203
vertex 140.09405517578125 2.5 159.85702514648438
vertex 143.1843719482422 5.0 158.21388244628906
endloop
endfacet
facet normal 0.0 1.0 0.0
outer loop
vertex 135.29234313964844 2.5 163.54273986816406
vertex 137.88819885253906 2.5 162.16249084472656
vertex 140.09405517578125 2.5 159.85702514648438
endloop
endfacet
facet normal -0.0 1.0 0.0
outer loop
vertex 135.29234313964844 2.5 163.54273986816406
vertex 139.51759338378906 2.5 171.4892578125
vertex 137.88819885253906 2.5 162.16249084472656
endloop
endfacet
facet normal -0.0 1.0 0.0
outer loop
vertex 132.1475372314453 2.5 164.08226013183594
vertex 136.84225463867188 2.5 172.91175842285156
vertex 134.23280334472656 2.5 164.10610961914062
endloop
endfacet
facet normal -0.8829470536967099 -1.4291528335623062e-05 0.469472576583608
outer loop
vertex 134.23280334472656 2.5 164.10610961914062
vertex 138.4580535888672 2.5 172.05262756347656
vertex 135.17173767089844 2.8499999046325684 165.8719940185547
endloop
endfacet
facet normal -0.0 1.0 0.0
outer loop
vertex 135.17173767089844 2.8499999046325684 165.8719940185547
vertex 137.9885711669922 2.8499999046325684 171.169677734375
vertex 136.2312774658203 2.8499999046325684 165.30862426757812
endloop
endfacet
facet normal -0.8829480119753922 0.0 0.46947077454161384
outer loop
vertex 136.84225463867188 -2.5 172.91175842285156
vertex 136.84225463867188 2.5 172.91175842285156
vertex 132.1475372314453 2.5 164.08226013183594
endloop
endfacet
facet normal -0.0 1.0 0.0
outer loop
vertex 134.23280334472656 2.5 164.10610961914062
vertex 136.84225463867188 2.5 172.91175842285156
vertex 138.4580535888672 2.5 172.05262756347656
endloop
endfacet
facet normal 0.8829470536967099 1.4291528335623062e-05 -0.469472576583608
outer loop
vertex 135.29234313964844 2.5 163.54273986816406
vertex 136.2312774658203 2.8499999046325684 165.30862426757812
vertex 139.51759338378906 2.5 171.4892578125
endloop
endfacet
facet normal -0.0 1.0 0.0
outer loop
vertex 136.2312774658203 2.8499999046325684 165.30862426757812
vertex 137.9885711669922 2.8499999046325684 171.169677734375
vertex 139.04811096191406 2.8499999046325684 170.6063232421875
endloop
endfacet
facet normal -0.8829472406100711 -6.008695010848528e-06 0.46947222523058496
outer loop
vertex 135.17173767089844 2.8499999046325684 165.8719940185547
vertex 138.92752075195312 2.5 172.93557739257812
vertex 137.9885711669922 2.8499999046325684 171.169677734375
endloop
endfacet
facet normal -0.8829499013232227 -0.00013594786530108835 0.46946720148641824
outer loop
vertex 135.17173767089844 2.8499999046325684 165.8719940185547
vertex 138.4580535888672 2.5 172.05262756347656
vertex 138.92752075195312 2.5 172.93557739257812
endloop
endfacet
facet normal -0.6454410140053425 0.0 0.7638101187073627
outer loop
vertex 136.84225463867188 -2.5 172.91175842285156
vertex 138.487548828125 1.7000000476837158 174.3020782470703
vertex 136.84225463867188 2.5 172.91175842285156
endloop
endfacet
facet normal 0.17435812490952662 0.928476719013842 0.3279180179973721
outer loop
vertex 136.84225463867188 2.5 172.91175842285156
vertex 138.487548828125 1.7000000476837158 174.3020782470703
vertex 138.57540893554688 2.4000000953674316 172.2733612060547
endloop
endfacet
facet normal 0.17436174618177058 0.9284723235561838 0.32792853773135533
outer loop
vertex 136.84225463867188 2.5 172.91175842285156
vertex 138.57540893554688 2.4000000953674316 172.2733612060547
vertex 138.4580535888672 2.5 172.05262756347656
endloop
endfacet
facet normal 0.46946980879281613 0.0 0.8829485254713533
outer loop
vertex 140.09405517578125 -2.5 159.85702514648438
vertex 143.1843719482422 5.0 158.21388244628906
vertex 140.09405517578125 2.5 159.85702514648438
endloop
endfacet
facet normal 0.0 1.0 0.0
outer loop
vertex 137.88819885253906 2.5 162.16249084472656
vertex 138.94773864746094 2.5 161.59912109375
vertex 140.09405517578125 2.5 159.85702514648438
endloop
endfacet
facet normal -0.08092764248043977 0.9850305773050285 -0.15220209741222546
outer loop
vertex 137.88819885253906 2.5 162.16249084472656
vertex 138.8271484375 2.8499999046325684 163.9283905029297
vertex 138.94773864746094 2.5 161.59912109375
endloop
endfacet
facet normal -0.08092764248043977 0.9850305773050285 -0.15220209741222546
outer loop
vertex 138.94773864746094 2.5 161.59912109375
vertex 138.8271484375 2.8499999046325684 163.9283905029297
vertex 139.88668823242188 2.8499999046325684 163.36502075195312
endloop
endfacet
facet normal -0.8829474274344334 8.28285338654036e-06 0.469471873830915
outer loop
vertex 137.88819885253906 2.5 162.16249084472656
vertex 142.1134490966797 2.5 170.10902404785156
vertex 138.8271484375 2.8499999046325684 163.9283905029297
endloop
endfacet
facet normal 0.0 1.0 -0.0
outer loop
vertex 140.09405517578125 2.5 159.85702514648438
vertex 138.94773864746094 2.5 161.59912109375
vertex 143.17298889160156 2.5 169.545654296875
endloop
endfacet
facet normal 0.8829480119753922 0.0 -0.46947077454161384
outer loop
vertex 140.09405517578125 -2.5 159.85702514648438
vertex 140.09405517578125 2.5 159.85702514648438
vertex 144.7887725830078 2.5 168.6865234375
endloop
endfacet
facet normal 0.8829474274344334 -8.28285338654036e-06 -0.469471873830915
outer loop
vertex 138.94773864746094 2.5 161.59912109375
vertex 139.88668823242188 2.8499999046325684 163.36502075195312
vertex 143.17298889160156 2.5 169.545654296875
endloop
endfacet
facet normal 0.0 1.0 -0.0
outer loop
vertex 139.88668823242188 2.8499999046325684 163.36502075195312
vertex 138.8271484375 2.8499999046325684 163.9283905029297
vertex 141.64398193359375 2.8499999046325684 169.22607421875
endloop
endfacet
facet normal 0.882947251487023 0.0 -0.469472204812502
outer loop
vertex 143.1843719482422 -5.0 158.21388244628906
vertex 141.4440460205078 5.0 154.94081115722656
vertex 143.1843719482422 5.0 158.21388244628906
endloop
endfacet
facet normal -0.0 1.0 0.0
outer loop
vertex 140.09405517578125 2.5 159.85702514648438
vertex 143.17298889160156 2.5 169.545654296875
vertex 144.7887725830078 2.5 168.6865234375
endloop
endfacet
facet normal -0.0 1.0 0.0
outer loop
vertex 137.88819885253906 2.5 162.16249084472656
vertex 139.51759338378906 2.5 171.4892578125
vertex 142.1134490966797 2.5 170.10902404785156
endloop
endfacet
facet normal 0.8829478006513825 3.329848425598178e-05 -0.4694711708040203
outer loop
vertex 136.2312774658203 2.8499999046325684 165.30862426757812
vertex 139.04811096191406 2.8499999046325684 170.6063232421875
vertex 139.987060546875 2.5 172.37220764160156
endloop
endfacet
facet normal 0.8829499013232227 0.00013594786530108835 -0.46946720148641824
outer loop
vertex 136.2312774658203 2.8499999046325684 165.30862426757812
vertex 139.987060546875 2.5 172.37220764160156
vertex 139.51759338378906 2.5 171.4892578125
endloop
endfacet
facet normal 0.0809259336652867 0.9850305773031837 0.15220300600894307
outer loop
vertex 137.9885711669922 2.8499999046325684 171.169677734375
vertex 138.92752075195312 2.5 172.93557739257812
vertex 139.04811096191406 2.8499999046325684 170.6063232421875
endloop
endfacet
facet normal -0.0 1.0 0.0
outer loop
vertex 139.88668823242188 2.8499999046325684 163.36502075195312
vertex 141.64398193359375 2.8499999046325684 169.22607421875
vertex 142.70352172851562 2.8499999046325684 168.66270446777344
endloop
endfacet
facet normal -0.8829472405622536 1.2017390021046233e-05 0.4694722252051599
outer loop
vertex 138.8271484375 2.8499999046325684 163.9283905029297
vertex 142.58291625976562 2.5 170.99195861816406
vertex 141.64398193359375 2.8499999046325684 169.22607421875
endloop
endfacet
facet normal -0.8829465454586155 4.5817713185047706e-05 0.4694735304183123
outer loop
vertex 138.8271484375 2.8499999046325684 163.9283905029297
vertex 142.1134490966797 2.5 170.10902404785156
vertex 142.58291625976562 2.5 170.99195861816406
endloop
endfacet
facet normal 0.17436177778632878 0.9284723235557398 0.32792852092826075
outer loop
vertex 139.51759338378906 2.5 171.4892578125
vertex 139.63494873046875 2.4000000953674316 171.70999145507812
vertex 142.1134490966797 2.5 170.10902404785156
endloop
endfacet
facet normal 0.17436408849498902 0.9284731304165323 0.32792500779574096
outer loop
vertex 138.487548828125 1.7000000476837158 174.3020782470703
vertex 143.29034423828125 2.4000000953674316 169.76638793945312
vertex 142.23081970214844 2.4000000953674316 170.3297576904297
endloop
endfacet
facet normal 0.1743566717166069 0.9284759933566417 0.327920845309207
outer loop
vertex 139.63494873046875 2.4000000953674316 171.70999145507812
vertex 142.23081970214844 2.4000000953674316 170.3297576904297
vertex 142.1134490966797 2.5 170.10902404785156
endloop
endfacet
facet normal 0.17435786352321833 0.9284767663312118 0.3279180230038524
outer loop
vertex 139.63494873046875 2.4000000953674316 171.70999145507812
vertex 138.57540893554688 2.4000000953674316 172.2733612060547
vertex 138.487548828125 1.7000000476837158 174.3020782470703
endloop
endfacet
facet normal -0.8829499064311205 8.313692449623758e-05 0.46946720420230337
outer loop
vertex 138.4580535888672 2.5 172.05262756347656
vertex 138.57540893554688 2.4000000953674316 172.2733612060547
vertex 138.92752075195312 2.5 172.93557739257812
endloop
endfacet
facet normal -0.882944705485407 0.0 0.4694769931054
outer loop
vertex 138.57540893554688 2.4000000953674316 172.2733612060547
vertex 138.92752075195312 2.4000000953674316 172.93557739257812
vertex 138.92752075195312 2.5 172.93557739257812
endloop
endfacet
facet normal 0.080928171439642 0.9850303801311899 0.152203092235472
outer loop
vertex 139.04811096191406 2.8499999046325684 170.6063232421875
vertex 138.92752075195312 2.5 172.93557739257812
vertex 139.987060546875 2.5 172.37220764160156
endloop
endfacet
facet normal -0.0 -1.0 0.0
outer loop
vertex 139.63494873046875 2.4000000953674316 171.70999145507812
vertex 139.987060546875 2.4000000953674316 172.37220764160156
vertex 138.57540893554688 2.4000000953674316 172.2733612060547
endloop
endfacet
facet normal 0.0 -1.0 0.0
outer loop
vertex 138.57540893554688 2.4000000953674316 172.2733612060547
vertex 139.987060546875 2.4000000953674316 172.37220764160156
vertex 138.92752075195312 2.4000000953674316 172.93557739257812
endloop
endfacet
facet normal 0.46947315367342546 0.0 0.8829467469671818
outer loop
vertex 138.92752075195312 2.4000000953674316 172.93557739257812
vertex 139.987060546875 2.4000000953674316 172.37220764160156
vertex 138.92752075195312 2.5 172.93557739257812
endloop
endfacet
facet normal 0.8829499064311205 -8.313692449623758e-05 -0.46946720420230337
outer loop
vertex 139.51759338378906 2.5 171.4892578125
vertex 139.987060546875 2.5 172.37220764160156
vertex 139.63494873046875 2.4000000953674316 171.70999145507812
endloop
endfacet
facet normal 0.882944705485407 0.0 -0.4694769931054
outer loop
vertex 139.63494873046875 2.4000000953674316 171.70999145507812
vertex 139.987060546875 2.5 172.37220764160156
vertex 139.987060546875 2.4000000953674316 172.37220764160156
endloop
endfacet
facet normal 0.46947315367342546 -0.0 0.8829467469671818
outer loop
vertex 138.92752075195312 2.5 172.93557739257812
vertex 139.987060546875 2.4000000953674316 172.37220764160156
vertex 139.987060546875 2.5 172.37220764160156
endloop
endfacet
facet normal 0.1743545384948111 0.9284778109208124 0.327916833258004
outer loop
vertex 139.63494873046875 2.4000000953674316 171.70999145507812
vertex 138.487548828125 1.7000000476837158 174.3020782470703
vertex 142.23081970214844 2.4000000953674316 170.3297576904297
endloop
endfacet
facet normal 0.8829472401601408 -3.24847603120479e-05 -0.4694722249913524
outer loop
vertex 139.88668823242188 2.8499999046325684 163.36502075195312
vertex 142.70352172851562 2.8499999046325684 168.66270446777344
vertex 143.6424560546875 2.5 170.42860412597656
endloop
endfacet
facet normal 0.8829499052896467 9.74542944015072e-05 -0.46946720359537825
outer loop
vertex 139.88668823242188 2.8499999046325684 163.36502075195312
vertex 143.6424560546875 2.5 170.42860412597656
vertex 143.17298889160156 2.5 169.545654296875
endloop
endfacet
facet normal 0.17435194507929305 0.9284795995830479 0.32791314765524404
outer loop
vertex 138.487548828125 1.7000000476837158 174.3020782470703
vertex 144.7887725830078 2.5 168.6865234375
vertex 143.29034423828125 2.4000000953674316 169.76638793945312
endloop
endfacet
facet normal 0.080928452696234 0.9850302752899702 0.15220362119988884
outer loop
vertex 141.64398193359375 2.8499999046325684 169.22607421875
vertex 142.58291625976562 2.5 170.99195861816406
vertex 142.70352172851562 2.8499999046325684 168.66270446777344
endloop
endfacet
facet normal -0.8829465458845495 -3.368176986422715e-05 0.46947353064478664
outer loop
vertex 142.1134490966797 2.5 170.10902404785156
vertex 142.23081970214844 2.4000000953674316 170.3297576904297
vertex 142.58291625976562 2.5 170.99195861816406
endloop
endfacet
facet normal -0.8829486547680263 0.0 0.46946956561989506
outer loop
vertex 142.23081970214844 2.4000000953674316 170.3297576904297
vertex 142.58291625976562 2.4000000953674316 170.99195861816406
vertex 142.58291625976562 2.5 170.99195861816406
endloop
endfacet
facet normal 0.17435774687908032 0.9284763731718163 0.3279191982256617
outer loop
vertex 138.487548828125 1.7000000476837158 174.3020782470703
vertex 145.0213623046875 1.7000000476837158 170.82798767089844
vertex 144.7887725830078 2.5 168.6865234375
endloop
endfacet
facet normal 0.08092621490638092 0.9850304724662334 0.15220353495853953
outer loop
vertex 142.70352172851562 2.8499999046325684 168.66270446777344
vertex 142.58291625976562 2.5 170.99195861816406
vertex 143.6424560546875 2.5 170.42860412597656
endloop
endfacet
facet normal 0.0 -1.0 0.0
outer loop
vertex 142.23081970214844 2.4000000953674316 170.3297576904297
vertex 143.29034423828125 2.4000000953674316 169.76638793945312
vertex 143.6424560546875 2.4000000953674316 170.42860412597656
endloop
endfacet
facet normal 0.0 -1.0 0.0
outer loop
vertex 142.23081970214844 2.4000000953674316 170.3297576904297
vertex 143.6424560546875 2.4000000953674316 170.42860412597656
vertex 142.58291625976562 2.4000000953674316 170.99195861816406
endloop
endfacet
facet normal 0.4694632405567483 0.0 0.8829520178163459
outer loop
vertex 142.58291625976562 2.4000000953674316 170.99195861816406
vertex 143.6424560546875 2.4000000953674316 170.42860412597656
vertex 142.58291625976562 2.5 170.99195861816406
endloop
endfacet
facet normal 0.4694632405567483 -0.0 0.8829520178163459
outer loop
vertex 142.58291625976562 2.5 170.99195861816406
vertex 143.6424560546875 2.4000000953674316 170.42860412597656
vertex 143.6424560546875 2.5 170.42860412597656
endloop
endfacet
facet normal 0.17436302988650293 0.9284723235371886 0.32792785522772033
outer loop
vertex 143.17298889160156 2.5 169.545654296875
vertex 143.29034423828125 2.4000000953674316 169.76638793945312
vertex 144.7887725830078 2.5 168.6865234375
endloop
endfacet
facet normal 0.8829499064311205 -8.313692449623758e-05 -0.46946720420230337
outer loop
vertex 143.17298889160156 2.5 169.545654296875
vertex 143.6424560546875 2.5 170.42860412597656
vertex 143.29034423828125 2.4000000953674316 169.76638793945312
endloop
endfacet
facet normal 0.882944705485407 0.0 -0.4694769931054
outer loop
vertex 143.29034423828125 2.4000000953674316 169.76638793945312
vertex 143.6424560546875 2.5 170.42860412597656
vertex 143.6424560546875 2.4000000953674316 170.42860412597656
endloop
endfacet
facet normal 0.9941533433354863 0.0 -0.10797745104823767
outer loop
vertex 145.0213623046875 -1.7000000476837158 170.82798767089844
vertex 144.7887725830078 2.5 168.6865234375
vertex 145.0213623046875 1.7000000476837158 170.82798767089844
endloop
endfacet
facet normal 0.4694715971267608 -0.0 0.8829475745995615
outer loop
vertex 145.0213623046875 -1.7000000476837158 170.82798767089844
vertex 145.0213623046875 1.7000000476837158 170.82798767089844
vertex 138.487548828125 1.7000000476837158 174.3020782470703
endloop
endfacet
facet normal 0.9992959297947198 0.0 -0.037518591334246745
outer loop
vertex 128.6529083251953 7.0 129.11734008789062
vertex 128.4105224609375 115.0 122.66146850585938
vertex 128.6529083251953 115.0 129.11734008789062
endloop
endfacet
facet normal -0.0 -0.0 1.0
outer loop
vertex 118.32733154296875 137.0 127.11734008789062
vertex 126.65290832519531 115.0 127.11734008789062
vertex 126.30143737792969 137.0 127.11734008789062
endloop
endfacet
facet normal 0.882947690851129 1.5761578398799528e-06 -0.46947137848667075
outer loop
vertex 114.1124496459961 149.0 104.19318389892578
vertex 124.41038513183594 146.0 123.56078338623047
vertex 119.92092895507812 146.0 115.11734008789062
endloop
endfacet
facet normal 0.8829475896501782 0.0 -0.46947156882066954
outer loop
vertex 114.1124496459961 149.0 104.19318389892578
vertex 124.41038513183594 149.0 123.56078338623047
vertex 124.41038513183594 146.0 123.56078338623047
endloop
endfacet
facet normal 0.0 0.0 -1.0
outer loop
vertex 119.92092895507812 137.0 115.11734008789062
vertex 126.65290832519531 146.0 115.11734008789062
vertex 126.65290832519531 112.0 115.11734008789062
endloop
endfacet
facet normal 0.0 0.0 -1.0
outer loop
vertex 119.92092895507812 137.0 115.11734008789062
vertex 119.92092895507812 146.0 115.11734008789062
vertex 126.65290832519531 146.0 115.11734008789062
endloop
endfacet
facet normal -0.0 0.9999999999999999 0.0
outer loop
vertex 119.92092895507812 146.0 115.11734008789062
vertex 124.41038513183594 146.0 123.56078338623047
vertex 126.65290832519531 146.0 115.11734008789062
endloop
endfacet
facet normal 0.9999999999999999 0.0 -0.0
outer loop
vertex 126.65290832519531 112.0 115.11734008789062
vertex 126.65290832519531 115.0 122.66146850585938
vertex 126.65290832519531 112.0 122.66146850585938
endloop
endfacet
facet normal 0.0 0.0 -1.0
outer loop
vertex 126.65290832519531 112.0 122.66146850585938
vertex 126.65290832519531 115.0 122.66146850585938
vertex 128.4105224609375 115.0 122.66146850585938
endloop
endfacet
facet normal 1.0 0.0 -0.0
outer loop
vertex 126.65290832519531 112.0 115.11734008789062
vertex 126.65290832519531 146.0 115.11734008789062
vertex 126.65290832519531 115.0 122.66146850585938
endloop
endfacet
facet normal -0.0 1.0 0.0
outer loop
vertex 126.65290832519531 115.0 122.66146850585938
vertex 126.65290832519531 115.0 127.11734008789062
vertex 128.4105224609375 115.0 122.66146850585938
endloop
endfacet
facet normal 0.0 1.0 -0.0
outer loop
vertex 128.4105224609375 115.0 122.66146850585938
vertex 126.65290832519531 115.0 127.11734008789062
vertex 128.6529083251953 115.0 129.11734008789062
endloop
endfacet
facet normal 1.0 0.0 -0.0
outer loop
vertex 126.65290832519531 115.0 122.66146850585938
vertex 126.65290832519531 146.0 127.11734008789062
vertex 126.65290832519531 115.0 127.11734008789062
endloop
endfacet
facet normal 1.0 -0.0 0.0
outer loop
vertex 126.65290832519531 115.0 122.66146850585938
vertex 126.65290832519531 146.0 115.11734008789062
vertex 126.65290832519531 146.0 127.11734008789062
endloop
endfacet
facet normal -0.0 1.0 0.0
outer loop
vertex 124.41038513183594 146.0 123.56078338623047
vertex 126.65290832519531 146.0 127.11734008789062
vertex 126.65290832519531 146.0 115.11734008789062
endloop
endfacet
facet normal 0.0 -0.0 1.0
outer loop
vertex 126.65290832519531 115.0 127.11734008789062
vertex 126.65290832519531 146.0 127.11734008789062
vertex 126.30143737792969 137.0 127.11734008789062
endloop
endfacet
facet normal 0.0 -1.0 0.0
outer loop
vertex 118.32733154296875 137.0 127.11734008789062
vertex 126.30143737792969 137.0 127.11734008789062
vertex 134.70831298828125 137.0 142.9283905029297
endloop
endfacet
facet normal 0.0 -0.0 1.0
outer loop
vertex 126.30143737792969 137.0 127.11734008789062
vertex 126.65290832519531 146.0 127.11734008789062
vertex 126.30143737792969 146.0 127.11734008789062
endloop
endfacet
facet normal 0.8829478497603915 0.0 -0.46947107962418816
outer loop
vertex 124.41038513183594 146.0 123.56078338623047
vertex 124.41038513183594 149.0 123.56078338623047
vertex 126.30143737792969 146.0 127.11734008789062
endloop
endfacet
facet normal 0.0 1.0 0.0
outer loop
vertex 124.41038513183594 146.0 123.56078338623047
vertex 126.30143737792969 146.0 127.11734008789062
vertex 126.65290832519531 146.0 127.11734008789062
endloop
endfacet
facet normal 0.8829477018135281 -4.231262670548261e-07 -0.4694713578718406
outer loop
vertex 124.41038513183594 149.0 123.56078338623047
vertex 134.70831298828125 137.0 142.9283905029297
vertex 126.30143737792969 146.0 127.11734008789062
endloop
endfacet
facet normal 0.8829478016515945 0.0 -0.46947117010378464
outer loop
vertex 126.30143737792969 137.0 127.11734008789062
vertex 126.30143737792969 146.0 127.11734008789062
vertex 134.70831298828125 137.0 142.9283905029297
endloop
endfacet
facet normal 0.0 -1.0 0.0
outer loop
vertex 115.70071411132812 137.0 154.04148864746094
vertex 118.32733154296875 137.0 127.11734008789062
vertex 134.70831298828125 137.0 142.9283905029297
endloop
endfacet
facet normal 0.0 0.9999999999999999 0.0
outer loop
vertex 115.70071411132812 149.0 154.04148864746094
vertex 134.70831298828125 149.0 142.9283905029297
vertex 124.41038513183594 149.0 123.56078338623047
endloop
endfacet
facet normal 0.8829478104860193 0.0 -0.46947115348862967
outer loop
vertex 124.41038513183594 149.0 123.56078338623047
vertex 134.70831298828125 149.0 142.9283905029297
vertex 134.70831298828125 137.0 142.9283905029297
endloop
endfacet
facet normal 0.0 -0.9999999999999999 0.0
outer loop
vertex 115.70071411132812 137.0 154.04148864746094
vertex 134.70831298828125 137.0 142.9283905029297
vertex 127.1034164428711 137.0 166.76426696777344
endloop
endfacet
facet normal -0.0 1.0 0.0
outer loop
vertex 115.70071411132812 149.0 154.04148864746094
vertex 142.91259765625 149.0 158.35838317871094
vertex 134.70831298828125 149.0 142.9283905029297
endloop
endfacet
facet normal 0.0 -0.9999999999999999 0.0
outer loop
vertex 122.11406707763672 112.0 166.76426696777344
vertex 127.1034164428711 112.0 166.76426696777344
vertex 122.11406707763672 112.0 169.41714477539062
endloop
endfacet
facet normal 0.0 0.0 -1.0
outer loop
vertex 122.11406707763672 112.0 166.76426696777344
vertex 122.46553802490234 137.0 166.76426696777344
vertex 127.1034164428711 112.0 166.76426696777344
endloop
endfacet
facet normal -1.0 0.0 0.0
outer loop
vertex 122.11406707763672 112.0 166.76426696777344
vertex 122.11406707763672 112.0 169.41714477539062
vertex 122.11406707763672 146.0 169.41714477539062
endloop
endfacet
facet normal 0.46947069255509205 0.0 0.8829480555683002
outer loop
vertex 122.11406707763672 112.0 169.41714477539062
vertex 127.1034164428711 112.0 166.76426696777344
vertex 122.11406707763672 146.0 169.41714477539062
endloop
endfacet
facet normal -0.8829475156557153 0.0 0.46947170798398535
outer loop
vertex 115.70071411132812 149.0 154.04148864746094
vertex 122.46553802490234 137.0 166.76426696777344
vertex 122.46553802490234 146.0 166.76426696777344
endloop
endfacet
facet normal -0.8829473864944992 1.3214350196047257e-06 0.46947195089886584
outer loop
vertex 115.70071411132812 149.0 154.04148864746094
vertex 122.46553802490234 146.0 166.76426696777344
vertex 123.48774719238281 149.0 168.68675231933594
endloop
endfacet
facet normal 0.0 -0.9999999999999999 0.0
outer loop
vertex 115.70071411132812 137.0 154.04148864746094
vertex 127.1034164428711 137.0 166.76426696777344
vertex 122.46553802490234 137.0 166.76426696777344
endloop
endfacet
facet normal 0.0 0.0 -1.0
outer loop
vertex 122.11406707763672 112.0 166.76426696777344
vertex 122.11406707763672 146.0 166.76426696777344
vertex 122.46553802490234 137.0 166.76426696777344
endloop
endfacet
facet normal -1.0 0.0 0.0
outer loop
vertex 122.11406707763672 112.0 166.76426696777344
vertex 122.11406707763672 146.0 169.41714477539062
vertex 122.11406707763672 146.0 166.76426696777344
endloop
endfacet
facet normal 0.0 0.0 -1.0
outer loop
vertex 122.46553802490234 137.0 166.76426696777344
vertex 122.11406707763672 146.0 166.76426696777344
vertex 122.46553802490234 146.0 166.76426696777344
endloop
endfacet
facet normal -0.0 1.0 0.0
outer loop
vertex 122.11406707763672 146.0 166.76426696777344
vertex 123.48774719238281 146.0 168.68675231933594
vertex 122.46553802490234 146.0 166.76426696777344
endloop
endfacet
facet normal -0.0 1.0 0.0
outer loop
vertex 122.11406707763672 146.0 166.76426696777344
vertex 122.11406707763672 146.0 169.41714477539062
vertex 123.48774719238281 146.0 168.68675231933594
endloop
endfacet
facet normal -0.8829465317261469 0.0 0.4694735584809525
outer loop
vertex 122.46553802490234 146.0 166.76426696777344
vertex 123.48774719238281 146.0 168.68675231933594
vertex 123.48774719238281 146.8679656982422 168.68675231933594
endloop
endfacet
facet normal -0.8829465317261469 0.0 0.4694735584809525
outer loop
vertex 122.46553802490234 146.0 166.76426696777344
vertex 123.48774719238281 146.8679656982422 168.68675231933594
vertex 123.48774719238281 149.0 168.68675231933594
endloop
endfacet
facet normal 0.4694684474545055 -1.5964910598024004e-06 0.8829492493015143
outer loop
vertex 122.11406707763672 146.0 169.41714477539062
vertex 127.1034164428711 137.0 166.76426696777344
vertex 123.48774719238281 146.0 168.68675231933594
endloop
endfacet
facet normal 0.0 0.0 -0.9999999999999999
outer loop
vertex 122.46553802490234 137.0 166.76426696777344
vertex 127.1034164428711 137.0 166.76426696777344
vertex 127.1034164428711 112.0 166.76426696777344
endloop
endfacet
facet normal -0.0 1.0 0.0
outer loop
vertex 115.70071411132812 149.0 154.04148864746094
vertex 123.48774719238281 149.0 168.68675231933594
vertex 142.91259765625 149.0 158.35838317871094
endloop
endfacet
facet normal -0.0 -1.0 -0.0
outer loop
vertex 130.29678344726562 139.5 166.19891357421875
vertex 127.01953887939453 139.5 166.80886840820312
vertex 131.3563232421875 139.5 165.6355438232422
endloop
endfacet
facet normal -0.0 -1.0 -0.0
outer loop
vertex 131.3563232421875 139.5 165.6355438232422
vertex 127.01953887939453 139.5 166.80886840820312
vertex 135.98297119140625 139.5 163.17552185058594
endloop
endfacet
facet normal 0.4694713126195062 0.0 0.8829477258747076
outer loop
vertex 123.48774719238281 146.0 168.68675231933594
vertex 142.91259765625 149.0 158.35838317871094
vertex 123.48774719238281 146.8679656982422 168.68675231933594
endloop
endfacet
facet normal 0.4694713126195062 0.0 0.8829477258747076
outer loop
vertex 123.48774719238281 146.8679656982422 168.68675231933594
vertex 142.91259765625 149.0 158.35838317871094
vertex 123.48774719238281 149.0 168.68675231933594
endloop
endfacet
facet normal 0.46946720555162835 3.410899388869251e-05 0.8829499089688619
outer loop
vertex 123.48774719238281 146.0 168.68675231933594
vertex 127.01953887939453 146.5 166.80886840820312
vertex 142.91259765625 149.0 158.35838317871094
endloop
endfacet
facet normal 0.469470692555092 -0.0 0.8829480555683001
outer loop
vertex 122.11406707763672 146.0 169.41714477539062
vertex 127.1034164428711 112.0 166.76426696777344
vertex 127.1034164428711 137.0 166.76426696777344
endloop
endfacet
facet normal 0.4694693387743058 -1.137177739246532e-06 0.8829487753825376
outer loop
vertex 123.48774719238281 146.0 168.68675231933594
vertex 127.1034164428711 137.0 166.76426696777344
vertex 127.01953887939453 139.5 166.80886840820312
endloop
endfacet
facet normal 0.4694709703870321 -0.0 0.8829479078427326
outer loop
vertex 123.48774719238281 146.0 168.68675231933594
vertex 127.01953887939453 139.5 166.80886840820312
vertex 127.01953887939453 146.5 166.80886840820312
endloop
endfacet
facet normal -0.0 -1.0 0.0
outer loop
vertex 130.29678344726562 139.5 166.19891357421875
vertex 134.52203369140625 139.5 174.14544677734375
vertex 127.01953887939453 139.5 166.80886840820312
endloop
endfacet
facet normal -0.08092903320616347 -0.9850300588978754 -0.15220471297553095
outer loop
vertex 130.29678344726562 139.5 166.19891357421875
vertex 131.3563232421875 139.5 165.6355438232422
vertex 131.23573303222656 139.14999389648438 167.96481323242188
endloop
endfacet
facet normal 0.0 -1.0 0.0
outer loop
vertex 127.01953887939453 139.5 166.80886840820312
vertex 134.52203369140625 139.5 174.14544677734375
vertex 131.71426391601562 139.5 175.63836669921875
endloop
endfacet
facet normal -0.8829476957236007 0.0 0.46947136932552536
outer loop
vertex 127.01953887939453 139.5 166.80886840820312
vertex 131.71426391601562 139.5 175.63836669921875
vertex 127.01953887939453 146.5 166.80886840820312
endloop
endfacet
facet normal 0.0 1.0 -0.0
outer loop
vertex 130.29678344726562 146.5 166.19891357421875
vertex 127.01953887939453 146.5 166.80886840820312
vertex 131.71426391601562 146.5 175.63836669921875
endloop
endfacet
facet normal -0.08092903320616347 0.9850300588978754 -0.15220471297553095
outer loop
vertex 130.29678344726562 146.5 166.19891357421875
vertex 131.23573303222656 146.85000610351562 167.96481323242188
vertex 131.3563232421875 146.5 165.6355438232422
endloop
endfacet
facet normal -0.8829476957236007 0.0 0.46947136932552536
outer loop
vertex 127.01953887939453 146.5 166.80886840820312
vertex 131.71426391601562 139.5 175.63836669921875
vertex 131.71426391601562 146.5 175.63836669921875
endloop
endfacet
facet normal 0.8829473074656649 0.0 -0.469472099532158
outer loop
vertex 134.70831298828125 137.0 142.9283905029297
vertex 134.70831298828125 149.0 142.9283905029297
vertex 142.91259765625 137.0 158.35838317871094
endloop
endfacet
facet normal 0.8829473074656649 0.0 -0.469472099532158
outer loop
vertex 134.70831298828125 149.0 142.9283905029297
vertex 142.91259765625 149.0 158.35838317871094
vertex 142.91259765625 137.0 158.35838317871094
endloop
endfacet
facet normal 0.0 -1.0 0.0
outer loop
vertex 127.1034164428711 137.0 166.76426696777344
vertex 134.70831298828125 137.0 142.9283905029297
vertex 142.91259765625 137.0 158.35838317871094
endloop
endfacet
facet normal 0.4694712593531747 -1.0545217974148992e-06 0.8829477541962674
outer loop
vertex 127.1034164428711 137.0 166.76426696777344
vertex 142.91259765625 137.0 158.35838317871094
vertex 127.01953887939453 139.5 166.80886840820312
endloop
endfacet
facet normal 0.0 -1.0 0.0
outer loop
vertex 127.01953887939453 139.5 166.80886840820312
vertex 139.3808135986328 139.5 160.23626708984375
vertex 137.04251098632812 139.5 162.61215209960938
endloop
endfacet
facet normal 0.0 -1.0 0.0
outer loop
vertex 127.01953887939453 139.5 166.80886840820312
vertex 137.04251098632812 139.5 162.61215209960938
vertex 135.98297119140625 139.5 163.17552185058594
endloop
endfacet
facet normal 0.0 1.0 0.0
outer loop
vertex 130.29678344726562 146.5 166.19891357421875
vertex 139.3808135986328 146.5 160.23626708984375
vertex 127.01953887939453 146.5 166.80886840820312
endloop
endfacet
facet normal 0.0 1.0 0.0
outer loop
vertex 130.29678344726562 146.5 166.19891357421875
vertex 131.3563232421875 146.5 165.6355438232422
vertex 139.3808135986328 146.5 160.23626708984375
endloop
endfacet
facet normal 0.46947128228601637 -8.675165554732779e-07 0.8829477420028724
outer loop
vertex 127.01953887939453 139.5 166.80886840820312
vertex 142.91259765625 137.0 158.35838317871094
vertex 139.3808135986328 139.5 160.23626708984375
endloop
endfacet
facet normal -0.08092903320616347 -0.9850300588978754 -0.15220471297553095
outer loop
vertex 135.98297119140625 139.5 163.17552185058594
vertex 137.04251098632812 139.5 162.61215209960938
vertex 136.9219207763672 139.14999389648438 164.94142150878906
endloop
endfacet
facet normal -0.08092903320616347 -0.9850300588978754 -0.15220471297553095
outer loop
vertex 137.04251098632812 139.5 162.61215209960938
vertex 137.98146057128906 139.14999389648438 164.3780517578125
vertex 136.9219207763672 139.14999389648438 164.94142150878906
endloop
endfacet
facet normal -0.8829474274344342 -8.282706690699916e-06 0.4694718738309154
outer loop
vertex 135.98297119140625 139.5 163.17552185058594
vertex 136.9219207763672 139.14999389648438 164.94142150878906
vertex 140.20822143554688 139.5 171.12205505371094
endloop
endfacet
facet normal 0.0 1.0 0.0
outer loop
vertex 131.3563232421875 146.5 165.6355438232422
vertex 135.98297119140625 146.5 163.17552185058594
vertex 139.3808135986328 146.5 160.23626708984375
endloop
endfacet
facet normal 0.46947128228601637 8.675165554732779e-07 0.8829477420028724
outer loop
vertex 127.01953887939453 146.5 166.80886840820312
vertex 139.3808135986328 146.5 160.23626708984375
vertex 142.91259765625 149.0 158.35838317871094
endloop
endfacet
facet normal -0.08092903320616347 0.9850300588978754 -0.15220471297553095
outer loop
vertex 135.98297119140625 146.5 163.17552185058594
vertex 136.9219207763672 146.85000610351562 164.94142150878906
vertex 137.04251098632812 146.5 162.61215209960938
endloop
endfacet
facet normal 0.0 1.0 0.0
outer loop
vertex 135.98297119140625 146.5 163.17552185058594
vertex 137.04251098632812 146.5 162.61215209960938
vertex 139.3808135986328 146.5 160.23626708984375
endloop
endfacet
facet normal -0.08092903320616347 0.9850300588978754 -0.15220471297553095
outer loop
vertex 137.04251098632812 146.5 162.61215209960938
vertex 136.9219207763672 146.85000610351562 164.94142150878906
vertex 137.98146057128906 146.85000610351562 164.3780517578125
endloop
endfacet
facet normal -0.8829474274344342 8.282706690699916e-06 0.4694718738309154
outer loop
vertex 135.98297119140625 146.5 163.17552185058594
vertex 140.20822143554688 146.5 171.12205505371094
vertex 136.9219207763672 146.85000610351562 164.94142150878906
endloop
endfacet
facet normal -0.08092903320616347 -0.9850300588978754 -0.15220471297553095
outer loop
vertex 131.3563232421875 139.5 165.6355438232422
vertex 132.29527282714844 139.14999389648438 167.4014434814453
vertex 131.23573303222656 139.14999389648438 167.96481323242188
endloop
endfacet
facet normal 0.8829474274344342 8.282706690699916e-06 -0.4694718738309154
outer loop
vertex 131.3563232421875 139.5 165.6355438232422
vertex 135.58157348632812 139.5 173.5820770263672
vertex 132.29527282714844 139.14999389648438 167.4014434814453
endloop
endfacet
facet normal -0.8829474274344342 -8.282706690699916e-06 0.4694718738309154
outer loop
vertex 130.29678344726562 139.5 166.19891357421875
vertex 131.23573303222656 139.14999389648438 167.96481323242188
vertex 134.52203369140625 139.5 174.14544677734375
endloop
endfacet
facet normal 0.0 -1.0 0.0
outer loop
vertex 131.23573303222656 139.14999389648438 167.96481323242188
vertex 132.29527282714844 139.14999389648438 167.4014434814453
vertex 134.0525665283203 139.14999389648438 173.2624969482422
endloop
endfacet
facet normal 0.0 -1.0 0.0
outer loop
vertex 132.29527282714844 139.14999389648438 167.4014434814453
vertex 135.1121063232422 139.14999389648438 172.69912719726562
vertex 134.0525665283203 139.14999389648438 173.2624969482422
endloop
endfacet
facet normal 0.8829472401601574 3.2484184981423485e-05 -0.46947222499136115
outer loop
vertex 132.29527282714844 139.14999389648438 167.4014434814453
vertex 136.05104064941406 139.5 174.46502685546875
vertex 135.1121063232422 139.14999389648438 172.69912719726562
endloop
endfacet
facet normal -0.8829472401601574 -3.2484184981423485e-05 0.46947222499136115
outer loop
vertex 131.23573303222656 139.14999389648438 167.96481323242188
vertex 134.0525665283203 139.14999389648438 173.2624969482422
vertex 134.9915008544922 139.5 175.0283966064453
endloop
endfacet
facet normal -0.8829499052897953 9.745256840941006e-05 0.46946720359545724
outer loop
vertex 131.23573303222656 139.14999389648438 167.96481323242188
vertex 134.9915008544922 139.5 175.0283966064453
vertex 134.52203369140625 139.5 174.14544677734375
endloop
endfacet
facet normal 0.8829499052897953 -9.745256840941006e-05 -0.46946720359545724
outer loop
vertex 132.29527282714844 139.14999389648438 167.4014434814453
vertex 135.58157348632812 139.5 173.5820770263672
vertex 136.05104064941406 139.5 174.46502685546875
endloop
endfacet
facet normal 0.08092931446367232 -0.9850299540551632 0.15220524194167218
outer loop
vertex 134.0525665283203 139.14999389648438 173.2624969482422
vertex 135.1121063232422 139.14999389648438 172.69912719726562
vertex 134.9915008544922 139.5 175.0283966064453
endloop
endfacet
facet normal 0.17435960187467467 -0.9284749563725584 0.3279222234358022
outer loop
vertex 131.71426391601562 139.5 175.63836669921875
vertex 134.52203369140625 139.5 174.14544677734375
vertex 134.639404296875 139.60000610351562 174.36619567871094
endloop
endfacet
facet normal -0.8829499093051313 -2.004316859498551e-05 0.46946720573042383
outer loop
vertex 134.52203369140625 139.5 174.14544677734375
vertex 134.9915008544922 139.5 175.0283966064453
vertex 134.639404296875 139.60000610351562 174.36619567871094
endloop
endfacet
facet normal -0.8829486547680262 0.0 0.46946956561989506
outer loop
vertex 134.639404296875 139.60000610351562 174.36619567871094
vertex 134.9915008544922 139.5 175.0283966064453
vertex 134.9915008544922 139.60000610351562 175.0283966064453
endloop
endfacet
facet normal -0.08092903320616347 0.9850300588978754 -0.15220471297553095
outer loop
vertex 131.3563232421875 146.5 165.6355438232422
vertex 131.23573303222656 146.85000610351562 167.96481323242188
vertex 132.29527282714844 146.85000610351562 167.4014434814453
endloop
endfacet
facet normal 0.8829474274344342 -8.282706690699916e-06 -0.4694718738309154
outer loop
vertex 131.3563232421875 146.5 165.6355438232422
vertex 132.29527282714844 146.85000610351562 167.4014434814453
vertex 135.58157348632812 146.5 173.5820770263672
endloop
endfacet
facet normal -0.8829474274344342 8.282706690699916e-06 0.4694718738309154
outer loop
vertex 130.29678344726562 146.5 166.19891357421875
vertex 134.52203369140625 146.5 174.14544677734375
vertex 131.23573303222656 146.85000610351562 167.96481323242188
endloop
endfacet
facet normal -0.0 1.0 0.0
outer loop
vertex 131.23573303222656 146.85000610351562 167.96481323242188
vertex 134.0525665283203 146.85000610351562 173.2624969482422
vertex 132.29527282714844 146.85000610351562 167.4014434814453
endloop
endfacet
facet normal -0.0 1.0 0.0
outer loop
vertex 131.3563232421875 146.5 165.6355438232422
vertex 135.58157348632812 146.5 173.5820770263672
vertex 135.98297119140625 146.5 163.17552185058594
endloop
endfacet
facet normal -0.0 1.0 0.0
outer loop
vertex 132.29527282714844 146.85000610351562 167.4014434814453
vertex 134.0525665283203 146.85000610351562 173.2624969482422
vertex 135.1121063232422 146.85000610351562 172.69912719726562
endloop
endfacet
facet normal 0.8829472401601574 -3.2484184981423485e-05 -0.46947222499136115
outer loop
vertex 132.29527282714844 146.85000610351562 167.4014434814453
vertex 135.1121063232422 146.85000610351562 172.69912719726562
vertex 136.05104064941406 146.5 174.46502685546875
endloop
endfacet
facet normal -0.6454410140053425 0.0 0.7638101187073626
outer loop
vertex 131.71426391601562 139.5 175.63836669921875
vertex 133.35955810546875 145.6999969482422 177.0286865234375
vertex 131.71426391601562 146.5 175.63836669921875
endloop
endfacet
facet normal -0.6454410140053424 0.0 0.7638101187073626
outer loop
vertex 131.71426391601562 139.5 175.63836669921875
vertex 133.35955810546875 140.3000030517578 177.0286865234375
vertex 133.35955810546875 145.6999969482422 177.0286865234375
endloop
endfacet
facet normal -0.0 1.0 0.0
outer loop
vertex 130.29678344726562 146.5 166.19891357421875
vertex 131.71426391601562 146.5 175.63836669921875
vertex 134.52203369140625 146.5 174.14544677734375
endloop
endfacet
facet normal 0.1743584232316205 0.9284761685189891 0.3279194180594996
outer loop
vertex 131.71426391601562 146.5 175.63836669921875
vertex 133.35955810546875 145.6999969482422 177.0286865234375
vertex 134.639404296875 146.39999389648438 174.36619567871094
endloop
endfacet
facet normal -0.8829499052897953 -9.745256840941006e-05 0.46946720359545724
outer loop
vertex 131.23573303222656 146.85000610351562 167.96481323242188
vertex 134.52203369140625 146.5 174.14544677734375
vertex 134.9915008544922 146.5 175.0283966064453
endloop
endfacet
facet normal -0.8829472401601574 3.2484184981423485e-05 0.46947222499136115
outer loop
vertex 131.23573303222656 146.85000610351562 167.96481323242188
vertex 134.9915008544922 146.5 175.0283966064453
vertex 134.0525665283203 146.85000610351562 173.2624969482422
endloop
endfacet
facet normal 0.8829499052897953 9.745256840941006e-05 -0.46946720359545724
outer loop
vertex 132.29527282714844 146.85000610351562 167.4014434814453
vertex 136.05104064941406 146.5 174.46502685546875
vertex 135.58157348632812 146.5 173.5820770263672
endloop
endfacet
facet normal 0.08092931446367232 0.9850299540551632 0.15220524194167218
outer loop
vertex 134.0525665283203 146.85000610351562 173.2624969482422
vertex 134.9915008544922 146.5 175.0283966064453
vertex 135.1121063232422 146.85000610351562 172.69912719726562
endloop
endfacet
facet normal 0.17435960187467467 0.9284749563725584 0.3279222234358022
outer loop
vertex 131.71426391601562 146.5 175.63836669921875
vertex 134.639404296875 146.39999389648438 174.36619567871094
vertex 134.52203369140625 146.5 174.14544677734375
endloop
endfacet
facet normal -0.8829499093051313 2.004316859498551e-05 0.46946720573042383
outer loop
vertex 134.52203369140625 146.5 174.14544677734375
vertex 134.639404296875 146.39999389648438 174.36619567871094
vertex 134.9915008544922 146.5 175.0283966064453
endloop
endfacet
facet normal -0.8829486547680262 0.0 0.46946956561989506
outer loop
vertex 134.639404296875 146.39999389648438 174.36619567871094
vertex 134.9915008544922 146.39999389648438 175.0283966064453
vertex 134.9915008544922 146.5 175.0283966064453
endloop
endfacet
facet normal 0.1743586536434448 0.9284760931324727 0.32791950899741396
outer loop
vertex 134.639404296875 146.39999389648438 174.36619567871094
vertex 133.35955810546875 145.6999969482422 177.0286865234375
vertex 135.69894409179688 146.39999389648438 173.80282592773438
endloop
endfacet
facet normal 0.0 -1.0 0.0
outer loop
vertex 131.3563232421875 139.5 165.6355438232422
vertex 135.98297119140625 139.5 163.17552185058594
vertex 140.20822143554688 139.5 171.12205505371094
endloop
endfacet
facet normal 0.0 -1.0 0.0
outer loop
vertex 131.3563232421875 139.5 165.6355438232422
vertex 140.20822143554688 139.5 171.12205505371094
vertex 135.58157348632812 139.5 173.5820770263672
endloop
endfacet
facet normal 0.0 -1.0 0.0
outer loop
vertex 136.9219207763672 139.14999389648438 164.94142150878906
vertex 137.98146057128906 139.14999389648438 164.3780517578125
vertex 139.73873901367188 139.14999389648438 170.23910522460938
endloop
endfacet
facet normal 0.08092931446367232 -0.9850299540551632 0.15220524194167218
outer loop
vertex 135.1121063232422 139.14999389648438 172.69912719726562
vertex 136.05104064941406 139.5 174.46502685546875
vertex 134.9915008544922 139.5 175.0283966064453
endloop
endfacet
facet normal 0.8829499093051313 2.004316859498551e-05 -0.46946720573042383
outer loop
vertex 135.58157348632812 139.5 173.5820770263672
vertex 135.69894409179688 139.60000610351562 173.80282592773438
vertex 136.05104064941406 139.5 174.46502685546875
endloop
endfacet
facet normal 0.8829486547680262 0.0 -0.46946956561989506
outer loop
vertex 135.69894409179688 139.60000610351562 173.80282592773438
vertex 136.05104064941406 139.60000610351562 174.46502685546875
vertex 136.05104064941406 139.5 174.46502685546875
endloop
endfacet
facet normal -0.0 0.9999999999999999 0.0
outer loop
vertex 134.639404296875 139.60000610351562 174.36619567871094
vertex 134.9915008544922 139.60000610351562 175.0283966064453
vertex 135.69894409179688 139.60000610351562 173.80282592773438
endloop
endfacet
facet normal 0.46947315367342546 0.0 0.8829467469671817
outer loop
vertex 134.9915008544922 139.5 175.0283966064453
vertex 136.05104064941406 139.60000610351562 174.46502685546875
vertex 134.9915008544922 139.60000610351562 175.0283966064453
endloop
endfacet
facet normal -0.0 0.9999999999999999 -0.0
outer loop
vertex 135.69894409179688 139.60000610351562 173.80282592773438
vertex 134.9915008544922 139.60000610351562 175.0283966064453
vertex 136.05104064941406 139.60000610351562 174.46502685546875
endloop
endfacet
facet normal 0.46947315367342546 -0.0 0.8829467469671817
outer loop
vertex 134.9915008544922 139.5 175.0283966064453
vertex 136.05104064941406 139.5 174.46502685546875
vertex 136.05104064941406 139.60000610351562 174.46502685546875
endloop
endfacet
facet normal 0.17435882348306547 -0.9284749563763252 0.32792263730273696
outer loop
vertex 135.58157348632812 139.5 173.5820770263672
vertex 140.32559204101562 139.60000610351562 171.34280395507812
vertex 135.69894409179688 139.60000610351562 173.80282592773438
endloop
endfacet
facet normal -0.0 1.0 0.0
outer loop
vertex 136.9219207763672 146.85000610351562 164.94142150878906
vertex 139.73873901367188 146.85000610351562 170.23910522460938
vertex 137.98146057128906 146.85000610351562 164.3780517578125
endloop
endfacet
facet normal -0.0 1.0 -0.0
outer loop
vertex 135.98297119140625 146.5 163.17552185058594
vertex 135.58157348632812 146.5 173.5820770263672
vertex 140.20822143554688 146.5 171.12205505371094
endloop
endfacet
facet normal 0.1743582666319778 -0.9284761385634858 0.3279195861416805
outer loop
vertex 131.71426391601562 139.5 175.63836669921875
vertex 144.30810546875 140.3000030517578 171.2072296142578
vertex 133.35955810546875 140.3000030517578 177.0286865234375
endloop
endfacet
facet normal 0.08092931446367232 0.9850299540551632 0.15220524194167218
outer loop
vertex 135.1121063232422 146.85000610351562 172.69912719726562
vertex 134.9915008544922 146.5 175.0283966064453
vertex 136.05104064941406 146.5 174.46502685546875
endloop
endfacet
facet normal 0.0 -0.9999999999999999 0.0
outer loop
vertex 134.639404296875 146.39999389648438 174.36619567871094
vertex 135.69894409179688 146.39999389648438 173.80282592773438
vertex 136.05104064941406 146.39999389648438 174.46502685546875
endloop
endfacet
facet normal 0.8829499093051313 -2.004316859498551e-05 -0.46946720573042383
outer loop
vertex 135.58157348632812 146.5 173.5820770263672
vertex 136.05104064941406 146.5 174.46502685546875
vertex 135.69894409179688 146.39999389648438 173.80282592773438
endloop
endfacet
facet normal 0.8829486547680262 0.0 -0.46946956561989506
outer loop
vertex 135.69894409179688 146.39999389648438 173.80282592773438
vertex 136.05104064941406 146.5 174.46502685546875
vertex 136.05104064941406 146.39999389648438 174.46502685546875
endloop
endfacet
facet normal 0.17435639752643556 0.9284770233623416 0.32791807472264967
outer loop
vertex 133.35955810546875 145.6999969482422 177.0286865234375
vertex 140.32559204101562 146.39999389648438 171.34280395507812
vertex 135.69894409179688 146.39999389648438 173.80282592773438
endloop
endfacet
facet normal 0.0 -0.9999999999999999 0.0
outer loop
vertex 134.639404296875 146.39999389648438 174.36619567871094
vertex 136.05104064941406 146.39999389648438 174.46502685546875
vertex 134.9915008544922 146.39999389648438 175.0283966064453
endloop
endfacet
facet normal 0.46947315367342546 0.0 0.8829467469671817
outer loop
vertex 134.9915008544922 146.39999389648438 175.0283966064453
vertex 136.05104064941406 146.39999389648438 174.46502685546875
vertex 134.9915008544922 146.5 175.0283966064453
endloop
endfacet
facet normal 0.46947315367342546 -0.0 0.8829467469671817
outer loop
vertex 134.9915008544922 146.5 175.0283966064453
vertex 136.05104064941406 146.39999389648438 174.46502685546875
vertex 136.05104064941406 146.5 174.46502685546875
endloop
endfacet
facet normal 0.17435748479867544 -0.9284771336187483 0.3279171844258741
outer loop
vertex 131.71426391601562 139.5 175.63836669921875
vertex 134.639404296875 139.60000610351562 174.36619567871094
vertex 144.30810546875 140.3000030517578 171.2072296142578
endloop
endfacet
facet normal 0.17435756985082332 -0.9284770165452509 0.3279174706888077
outer loop
vertex 134.639404296875 139.60000610351562 174.36619567871094
vertex 135.69894409179688 139.60000610351562 173.80282592773438
vertex 144.30810546875 140.3000030517578 171.2072296142578
endloop
endfacet
facet normal 0.46947225518866337 0.0 0.8829472247014941
outer loop
vertex 133.35955810546875 140.3000030517578 177.0286865234375
vertex 144.30810546875 140.3000030517578 171.2072296142578
vertex 133.35955810546875 145.6999969482422 177.0286865234375
endloop
endfacet
facet normal 0.17435882348306547 0.9284749563763252 0.32792263730273696
outer loop
vertex 135.58157348632812 146.5 173.5820770263672
vertex 135.69894409179688 146.39999389648438 173.80282592773438
vertex 140.20822143554688 146.5 171.12205505371094
endloop
endfacet
facet normal 0.8829474274344342 8.282706690699916e-06 -0.4694718738309154
outer loop
vertex 137.04251098632812 139.5 162.61215209960938
vertex 141.26776123046875 139.5 170.55868530273438
vertex 137.98146057128906 139.14999389648438 164.3780517578125
endloop
endfacet
facet normal 0.0 -1.0 0.0
outer loop
vertex 137.04251098632812 139.5 162.61215209960938
vertex 139.3808135986328 139.5 160.23626708984375
vertex 144.07553100585938 139.5 169.06576538085938
endloop
endfacet
facet normal 0.4694717610192875 0.0 0.8829474874563316
outer loop
vertex 139.3808135986328 139.5 160.23626708984375
vertex 142.91259765625 149.0 158.35838317871094
vertex 139.3808135986328 146.31918334960938 160.23626708984375
endloop
endfacet
facet normal 0.46947176101928756 0.0 0.8829474874563317
outer loop
vertex 139.3808135986328 146.31918334960938 160.23626708984375
vertex 142.91259765625 149.0 158.35838317871094
vertex 139.3808135986328 146.5 160.23626708984375
endloop
endfacet
facet normal 0.8829474274344342 -8.282706690699916e-06 -0.4694718738309154
outer loop
vertex 137.04251098632812 146.5 162.61215209960938
vertex 137.98146057128906 146.85000610351562 164.3780517578125
vertex 141.26776123046875 146.5 170.55868530273438
endloop
endfacet
facet normal 0.8829480119753921 0.0 -0.4694707745416138
outer loop
vertex 139.3808135986328 139.5 160.23626708984375
vertex 139.3808135986328 146.31918334960938 160.23626708984375
vertex 144.07553100585938 146.5 169.06576538085938
endloop
endfacet
facet normal 0.8829480119753921 0.0 -0.4694707745416138
outer loop
vertex 139.3808135986328 146.31918334960938 160.23626708984375
vertex 139.3808135986328 146.5 160.23626708984375
vertex 144.07553100585938 146.5 169.06576538085938
endloop
endfacet
facet normal -0.0 1.0 0.0
outer loop
vertex 137.04251098632812 146.5 162.61215209960938
vertex 144.07553100585938 146.5 169.06576538085938
vertex 139.3808135986328 146.5 160.23626708984375
endloop
endfacet
facet normal 0.46947176101928756 -0.0 0.8829474874563317
outer loop
vertex 139.3808135986328 139.5 160.23626708984375
vertex 142.91259765625 137.0 158.35838317871094
vertex 142.91259765625 149.0 158.35838317871094
endloop
endfacet
facet normal 0.8829480119753922 0.0 -0.4694707745416138
outer loop
vertex 139.3808135986328 139.5 160.23626708984375
vertex 144.07553100585938 146.5 169.06576538085938
vertex 144.07553100585938 139.5 169.06576538085938
endloop
endfacet
facet normal -0.8829482941197649 3.930649392210859e-05 0.46947024225822526
outer loop
vertex 136.9219207763672 139.14999389648438 164.94142150878906
vertex 139.73873901367188 139.14999389648438 170.23910522460938
vertex 140.6776885986328 139.5 172.00498962402344
endloop
endfacet
facet normal 0.0 -1.0 0.0
outer loop
vertex 137.98146057128906 139.14999389648438 164.3780517578125
vertex 140.79827880859375 139.14999389648438 169.6757354736328
vertex 139.73873901367188 139.14999389648438 170.23910522460938
endloop
endfacet
facet normal -0.8829465454586485 -4.58169017173547e-05 0.46947353041832984
outer loop
vertex 136.9219207763672 139.14999389648438 164.94142150878906
vertex 140.6776885986328 139.5 172.00498962402344
vertex 140.20822143554688 139.5 171.12205505371094
endloop
endfacet
facet normal 0.0 -1.0 0.0
outer loop
vertex 137.04251098632812 139.5 162.61215209960938
vertex 144.07553100585938 139.5 169.06576538085938
vertex 141.26776123046875 139.5 170.55868530273438
endloop
endfacet
facet normal 0.8829482946451505 -1.883957256884826e-05 -0.46947024253757663
outer loop
vertex 137.98146057128906 139.14999389648438 164.3780517578125
vertex 141.7372283935547 139.5 171.44163513183594
vertex 140.79827880859375 139.14999389648438 169.6757354736328
endloop
endfacet
facet normal 0.8829499052897953 -9.745256840941006e-05 -0.46946720359545724
outer loop
vertex 137.98146057128906 139.14999389648438 164.3780517578125
vertex 141.26776123046875 139.5 170.55868530273438
vertex 141.7372283935547 139.5 171.44163513183594
endloop
endfacet
facet normal 0.08092956217389898 -0.9850298617173638 0.15220570781482617
outer loop
vertex 139.73873901367188 139.14999389648438 170.23910522460938
vertex 140.79827880859375 139.14999389648438 169.6757354736328
vertex 140.6776885986328 139.5 172.00498962402344
endloop
endfacet
facet normal -0.8829465457495087 -3.795192159530159e-05 0.4694735305729838
outer loop
vertex 140.20822143554688 139.5 171.12205505371094
vertex 140.6776885986328 139.5 172.00498962402344
vertex 140.32559204101562 139.60000610351562 171.34280395507812
endloop
endfacet
facet normal -0.0 1.0 0.0
outer loop
vertex 140.32559204101562 139.60000610351562 171.34280395507812
vertex 140.6776885986328 139.60000610351562 172.00498962402344
vertex 141.3851318359375 139.60000610351562 170.77943420410156
endloop
endfacet
facet normal 0.08092732436164475 -0.9850300588960306 0.1522056215878626
outer loop
vertex 140.79827880859375 139.14999389648438 169.6757354736328
vertex 141.7372283935547 139.5 171.44163513183594
vertex 140.6776885986328 139.5 172.00498962402344
endloop
endfacet
facet normal 0.8829499093051313 2.004316859498551e-05 -0.46946720573042383
outer loop
vertex 141.26776123046875 139.5 170.55868530273438
vertex 141.3851318359375 139.60000610351562 170.77943420410156
vertex 141.7372283935547 139.5 171.44163513183594
endloop
endfacet
facet normal -0.0 1.0 -0.0
outer loop
vertex 141.3851318359375 139.60000610351562 170.77943420410156
vertex 140.6776885986328 139.60000610351562 172.00498962402344
vertex 141.7372283935547 139.60000610351562 171.44163513183594
endloop
endfacet
facet normal 0.4694632405567484 -0.0 0.882952017816346
outer loop
vertex 140.6776885986328 139.5 172.00498962402344
vertex 141.7372283935547 139.5 171.44163513183594
vertex 141.7372283935547 139.60000610351562 171.44163513183594
endloop
endfacet
facet normal 0.8829486547680262 0.0 -0.46946956561989506
outer loop
vertex 141.3851318359375 139.60000610351562 170.77943420410156
vertex 141.7372283935547 139.60000610351562 171.44163513183594
vertex 141.7372283935547 139.5 171.44163513183594
endloop
endfacet
facet normal 0.17435882348306547 -0.9284749563763252 0.32792263730273696
outer loop
vertex 135.58157348632812 139.5 173.5820770263672
vertex 140.20822143554688 139.5 171.12205505371094
vertex 140.32559204101562 139.60000610351562 171.34280395507812
endloop
endfacet
facet normal -0.882944170492147 0.0 0.46947799926507117
outer loop
vertex 140.32559204101562 139.60000610351562 171.34280395507812
vertex 140.6776885986328 139.5 172.00498962402344
vertex 140.6776885986328 139.60000610351562 172.00498962402344
endloop
endfacet
facet normal 0.4694632405567484 0.0 0.882952017816346
outer loop
vertex 140.6776885986328 139.5 172.00498962402344
vertex 141.7372283935547 139.60000610351562 171.44163513183594
vertex 140.6776885986328 139.60000610351562 172.00498962402344
endloop
endfacet
facet normal -0.8829482941197649 -3.930649392210859e-05 0.46947024225822526
outer loop
vertex 136.9219207763672 146.85000610351562 164.94142150878906
vertex 140.6776885986328 146.5 172.00498962402344
vertex 139.73873901367188 146.85000610351562 170.23910522460938
endloop
endfacet
facet normal -0.0 1.0 0.0
outer loop
vertex 137.98146057128906 146.85000610351562 164.3780517578125
vertex 139.73873901367188 146.85000610351562 170.23910522460938
vertex 140.79827880859375 146.85000610351562 169.6757354736328
endloop
endfacet
facet normal -0.8829465454586485 4.58169017173547e-05 0.46947353041832984
outer loop
vertex 136.9219207763672 146.85000610351562 164.94142150878906
vertex 140.20822143554688 146.5 171.12205505371094
vertex 140.6776885986328 146.5 172.00498962402344
endloop
endfacet
facet normal -0.0 1.0 0.0
outer loop
vertex 137.04251098632812 146.5 162.61215209960938
vertex 141.26776123046875 146.5 170.55868530273438
vertex 144.07553100585938 146.5 169.06576538085938
endloop
endfacet
facet normal 0.8829499052897953 9.745256840941006e-05 -0.46946720359545724
outer loop
vertex 137.98146057128906 146.85000610351562 164.3780517578125
vertex 141.7372283935547 146.5 171.44163513183594
vertex 141.26776123046875 146.5 170.55868530273438
endloop
endfacet
facet normal 0.8829482946451505 1.883957256884826e-05 -0.46947024253757663
outer loop
vertex 137.98146057128906 146.85000610351562 164.3780517578125
vertex 140.79827880859375 146.85000610351562 169.6757354736328
vertex 141.7372283935547 146.5 171.44163513183594
endloop
endfacet
facet normal -0.8829465457495087 3.795192159530159e-05 0.4694735305729838
outer loop
vertex 140.20822143554688 146.5 171.12205505371094
vertex 140.32559204101562 146.39999389648438 171.34280395507812
vertex 140.6776885986328 146.5 172.00498962402344
endloop
endfacet
facet normal 0.08092956217389898 0.9850298617173638 0.15220570781482617
outer loop
vertex 139.73873901367188 146.85000610351562 170.23910522460938
vertex 140.6776885986328 146.5 172.00498962402344
vertex 140.79827880859375 146.85000610351562 169.6757354736328
endloop
endfacet
facet normal 0.08092732436164475 0.9850300588960306 0.1522056215878626
outer loop
vertex 140.79827880859375 146.85000610351562 169.6757354736328
vertex 140.6776885986328 146.5 172.00498962402344
vertex 141.7372283935547 146.5 171.44163513183594
endloop
endfacet
facet normal 0.0 -1.0 0.0
outer loop
vertex 140.32559204101562 146.39999389648438 171.34280395507812
vertex 141.7372283935547 146.39999389648438 171.44163513183594
vertex 140.6776885986328 146.39999389648438 172.00498962402344
endloop
endfacet
facet normal 0.0 -0.9999999999999999 0.0
outer loop
vertex 140.32559204101562 146.39999389648438 171.34280395507812
vertex 141.3851318359375 146.39999389648438 170.77943420410156
vertex 141.7372283935547 146.39999389648438 171.44163513183594
endloop
endfacet
facet normal 0.8829499093051313 -2.004316859498551e-05 -0.46946720573042383
outer loop
vertex 141.26776123046875 146.5 170.55868530273438
vertex 141.7372283935547 146.5 171.44163513183594
vertex 141.3851318359375 146.39999389648438 170.77943420410156
endloop
endfacet
facet normal 0.4694632405567484 -0.0 0.882952017816346
outer loop
vertex 140.6776885986328 146.5 172.00498962402344
vertex 141.7372283935547 146.39999389648438 171.44163513183594
vertex 141.7372283935547 146.5 171.44163513183594
endloop
endfacet
facet normal 0.8829486547680262 0.0 -0.46946956561989506
outer loop
vertex 141.3851318359375 146.39999389648438 170.77943420410156
vertex 141.7372283935547 146.5 171.44163513183594
vertex 141.7372283935547 146.39999389648438 171.44163513183594
endloop
endfacet
facet normal 0.1743602517077299 0.9284747315379052 0.3279225145061442
outer loop
vertex 133.35955810546875 145.6999969482422 177.0286865234375
vertex 141.3851318359375 146.39999389648438 170.77943420410156
vertex 140.32559204101562 146.39999389648438 171.34280395507812
endloop
endfacet
facet normal 0.17435882348306547 0.9284749563763252 0.32792263730273696
outer loop
vertex 135.69894409179688 146.39999389648438 173.80282592773438
vertex 140.32559204101562 146.39999389648438 171.34280395507812
vertex 140.20822143554688 146.5 171.12205505371094
endloop
endfacet
facet normal 0.1743580058653796 0.9284761171243385 0.3279197854969407
outer loop
vertex 133.35955810546875 145.6999969482422 177.0286865234375
vertex 144.07553100585938 146.5 169.06576538085938
vertex 141.3851318359375 146.39999389648438 170.77943420410156
endloop
endfacet
facet normal 0.17435909536591188 -0.9284747247221076 0.327923148642159
outer loop
vertex 135.69894409179688 139.60000610351562 173.80282592773438
vertex 140.32559204101562 139.60000610351562 171.34280395507812
vertex 144.30810546875 140.3000030517578 171.2072296142578
endloop
endfacet
facet normal 0.46947225518866337 -0.0 0.8829472247014941
outer loop
vertex 133.35955810546875 145.6999969482422 177.0286865234375
vertex 144.30810546875 140.3000030517578 171.2072296142578
vertex 144.30810546875 145.6999969482422 171.2072296142578
endloop
endfacet
facet normal -0.882944170492147 0.0 0.46947799926507117
outer loop
vertex 140.32559204101562 146.39999389648438 171.34280395507812
vertex 140.6776885986328 146.39999389648438 172.00498962402344
vertex 140.6776885986328 146.5 172.00498962402344
endloop
endfacet
facet normal 0.17435915680540712 0.9284753801119313 0.3279212603112405
outer loop
vertex 133.35955810546875 145.6999969482422 177.0286865234375
vertex 144.30810546875 145.6999969482422 171.2072296142578
vertex 144.07553100585938 146.5 169.06576538085938
endloop
endfacet
facet normal 0.4694632405567484 0.0 0.882952017816346
outer loop
vertex 140.6776885986328 146.39999389648438 172.00498962402344
vertex 141.7372283935547 146.39999389648438 171.44163513183594
vertex 140.6776885986328 146.5 172.00498962402344
endloop
endfacet
facet normal 0.17435960187467467 -0.9284749563725584 0.3279222234358022
outer loop
vertex 141.26776123046875 139.5 170.55868530273438
vertex 144.07553100585938 139.5 169.06576538085938
vertex 141.3851318359375 139.60000610351562 170.77943420410156
endloop
endfacet
facet normal 0.17435916789683095 -0.9284756549760738 0.3279204761631632
outer loop
vertex 140.32559204101562 139.60000610351562 171.34280395507812
vertex 141.3851318359375 139.60000610351562 170.77943420410156
vertex 144.30810546875 140.3000030517578 171.2072296142578
endloop
endfacet
facet normal 0.1743589887360398 -0.9284754022996119 0.3279212868532925
outer loop
vertex 141.3851318359375 139.60000610351562 170.77943420410156
vertex 144.07553100585938 139.5 169.06576538085938
vertex 144.30810546875 140.3000030517578 171.2072296142578
endloop
endfacet
facet normal 0.17435960187467467 0.9284749563725584 0.3279222234358022
outer loop
vertex 141.26776123046875 146.5 170.55868530273438
vertex 141.3851318359375 146.39999389648438 170.77943420410156
vertex 144.07553100585938 146.5 169.06576538085938
endloop
endfacet
facet normal 0.9941541037236052 0.0 -0.10797044989030583
outer loop
vertex 144.07553100585938 139.5 169.06576538085938
vertex 144.07553100585938 146.5 169.06576538085938
vertex 144.30810546875 140.3000030517578 171.2072296142578
endloop
endfacet
facet normal 0.9941541037236052 0.0 -0.10797044989030584
outer loop
vertex 144.30810546875 140.3000030517578 171.2072296142578
vertex 144.07553100585938 146.5 169.06576538085938
vertex 144.30810546875 145.6999969482422 171.2072296142578
endloop
endfacet
facet normal 0.0 1.0 0.0
outer loop
vertex 60.35944747924805 139.1999969482422 22.60247802734375
vertex 54.98031234741211 139.1999969482422 11.823467254638672
vertex 54.62814712524414 139.1999969482422 11.823467254638672
endloop
endfacet
facet normal 0.8829499819489487 0.0 -0.46946706953347783
outer loop
vertex 54.71166229248047 146.0 11.980538368225098
vertex 54.62814712524414 139.1999969482422 11.823467254638672
vertex 54.62814712524414 146.0 11.823467254638672
endloop
endfacet
facet normal 0.8829475994827456 1.327610423019089e-07 -0.46947155032828064
outer loop
vertex 60.35944747924805 146.8000030517578 22.60247802734375
vertex 54.62814712524414 139.1999969482422 11.823467254638672
vertex 54.71166229248047 146.0 11.980538368225098
endloop
endfacet
facet normal 0.8829476036275448 0.0 -0.4694715425330656
outer loop
vertex 60.35944747924805 146.8000030517578 22.60247802734375
vertex 54.71166229248047 146.0 11.980538368225098
vertex 54.71166229248047 146.07090759277344 11.980538368225098
endloop
endfacet
facet normal 0.8829476036275448 0.0 -0.4694715425330656
outer loop
vertex 60.35944747924805 146.8000030517578 22.60247802734375
vertex 54.71166229248047 146.07090759277344 11.980538368225098
vertex 54.71166229248047 146.8000030517578 11.980538368225098
endloop
endfacet
facet normal 0.0 1.0 0.0
outer loop
vertex 60.35944747924805 139.1999969482422 22.60247802734375
vertex 62.622764587402344 139.1999969482422 7.355183124542236
vertex 54.98031234741211 139.1999969482422 11.823467254638672
endloop
endfacet
facet normal 0.0 -1.0 -0.0
outer loop
vertex 60.35944747924805 146.8000030517578 22.60247802734375
vertex 54.71166229248047 146.8000030517578 11.980538368225098
vertex 62.622764587402344 146.8000030517578 7.355183124542236
endloop
endfacet
facet normal 0.0 1.0 0.0
outer loop
vertex 60.35944747924805 139.1999969482422 22.60247802734375
vertex 64.99859619140625 139.1999969482422 11.823467254638672
vertex 62.622764587402344 139.1999969482422 7.355183124542236
endloop
endfacet
facet normal 0.0 -1.0 0.0
outer loop
vertex 60.35944747924805 146.8000030517578 22.60247802734375
vertex 62.622764587402344 146.8000030517578 7.355183124542236
vertex 68.4442138671875 146.8000030517578 18.30373191833496
endloop
endfacet
facet normal 0.8829476382843758 0.0 -0.4694714773530372
outer loop
vertex 60.35944747924805 139.1999969482422 22.60247802734375
vertex 54.62814712524414 139.1999969482422 11.823467254638672
vertex 60.35944747924805 146.8000030517578 22.60247802734375
endloop
endfacet
facet normal -0.46947152598480846 0.0 -0.8829476124264083
outer loop
vertex 60.35944747924805 139.1999969482422 22.60247802734375
vertex 60.35944747924805 146.8000030517578 22.60247802734375
vertex 68.4442138671875 146.0 18.30373191833496
endloop
endfacet
facet normal 0.0 1.0 0.0
outer loop
vertex 60.35944747924805 139.1999969482422 22.60247802734375
vertex 71.16366577148438 139.1999969482422 11.823467254638672
vertex 64.99859619140625 139.1999969482422 11.823467254638672
endloop
endfacet
facet normal 0.0 1.0 0.0
outer loop
vertex 60.35944747924805 139.1999969482422 22.60247802734375
vertex 71.73058319091797 139.1999969482422 16.556337356567383
vertex 71.16366577148438 139.1999969482422 11.823467254638672
endloop
endfacet
facet normal -0.46947152598480857 -0.0 -0.8829476124264085
outer loop
vertex 60.35944747924805 146.8000030517578 22.60247802734375
vertex 68.4442138671875 146.8000030517578 18.30373191833496
vertex 68.4442138671875 146.0 18.30373191833496
endloop
endfacet
facet normal -0.46947177148925434 3.7441043659996844e-07 -0.8829474818892691
outer loop
vertex 60.35944747924805 139.1999969482422 22.60247802734375
vertex 68.4442138671875 146.0 18.30373191833496
vertex 71.73058319091797 146.0 16.556337356567383
endloop
endfacet
facet normal -0.4694715969380128 -0.0 -0.8829475746999208
outer loop
vertex 60.35944747924805 139.1999969482422 22.60247802734375
vertex 71.73058319091797 146.0 16.556337356567383
vertex 71.73058319091797 139.1999969482422 16.556337356567383
endloop
endfacet
facet normal -0.0 1.0 0.0
outer loop
vertex 71.16366577148438 139.1999969482422 11.823467254638672
vertex 71.73058319091797 139.1999969482422 16.556337356567383
vertex 71.73058319091797 139.1999969482422 12.889679908752441
endloop
endfacet
facet normal -0.8829468736797162 0.0 0.4694729153627662
outer loop
vertex 71.16366577148438 139.1999969482422 11.823467254638672
vertex 71.73058319091797 139.1999969482422 12.889679908752441
vertex 71.16366577148438 146.0 11.823467254638672
endloop
endfacet
facet normal -0.8829468736797162 0.0 0.4694729153627662
outer loop
vertex 71.16366577148438 146.0 11.823467254638672
vertex 71.73058319091797 139.1999969482422 12.889679908752441
vertex 71.73058319091797 146.0 12.889679908752441
endloop
endfacet

endsolid
