solid 
facet normal -0.46946838206479535 0.0 -0.8829492840709842
outer loop
vertex 3.616058349609375 0.0 10.472869873046875
vertex 3.616058349609375 12.0 10.472869873046875
vertex 6.882965087890625 2.1999969482421875 8.73583984375
endloop
endfacet
facet normal -0.46946838206479535 -0.0 -0.882949284070984
outer loop
vertex 3.616058349609375 12.0 10.472869873046875
vertex 6.882965087890625 9.800003051757812 8.73583984375
vertex 6.882965087890625 2.1999969482421875 8.73583984375
endloop
endfacet
facet normal -0.8829470745785954 0.0 0.4694725375281286
outer loop
vertex 3.616058349609375 0.0 10.472869873046875
vertex 6.126983642578125 12.0 15.195220947265625
vertex 3.616058349609375 12.0 10.472869873046875
endloop
endfacet
facet normal -0.8829470745785954 0.0 0.4694725375281286
outer loop
vertex 3.616058349609375 0.0 10.472869873046875
vertex 6.126983642578125 0.0 15.195220947265625
vertex 6.126983642578125 12.0 15.195220947265625
endloop
endfacet
facet normal -0.46947160163135027 6.132564997309086e-06 -0.8829475721831317
outer loop
vertex 3.616058349609375 0.0 10.472869873046875
vertex 6.882965087890625 2.1999969482421875 8.73583984375
vertex 19.77398681640625 2.1999969482421875 1.881561279296875
endloop
endfacet
facet normal 0.0 -1.0 0.0
outer loop
vertex 3.616058349609375 0.0 10.472869873046875
vertex 23.040924072265625 0.0 0.144500732421875
vertex 6.126983642578125 0.0 15.195220947265625
endloop
endfacet
facet normal -0.0 1.0 0.0
outer loop
vertex 6.882965087890625 2.1999969482421875 8.73583984375
vertex 12.657470703125 2.1999969482421875 19.596099853515625
vertex 19.77398681640625 2.1999969482421875 1.881561279296875
endloop
endfacet
facet normal -0.46947102511133776 -5.034418038504879e-06 -0.8829478787309953
outer loop
vertex 3.616058349609375 12.0 10.472869873046875
vertex 23.040924072265625 12.0 0.144500732421875
vertex 6.882965087890625 9.800003051757812 8.73583984375
endloop
endfacet
facet normal -0.0 1.0 0.0
outer loop
vertex 3.616058349609375 12.0 10.472869873046875
vertex 6.126983642578125 12.0 15.195220947265625
vertex 25.13458251953125 12.0 4.082122802734375
endloop
endfacet
facet normal 0.8829474938548215 0.0 -0.4694717489854847
outer loop
vertex 6.882965087890625 2.1999969482421875 8.73583984375
vertex 6.882965087890625 9.800003051757812 8.73583984375
vertex 12.657470703125 9.800003051757812 19.596099853515625
endloop
endfacet
facet normal -0.882947398044799 0.0 0.4694719291777935
outer loop
vertex 6.126983642578125 0.0 15.195220947265625
vertex 16.324462890625 3.0 34.373870849609375
vertex 6.126983642578125 12.0 15.195220947265625
endloop
endfacet
facet normal 0.8829474938548215 0.0 -0.4694717489854847
outer loop
vertex 6.882965087890625 2.1999969482421875 8.73583984375
vertex 12.657470703125 9.800003051757812 19.596099853515625
vertex 12.657470703125 2.1999969482421875 19.596099853515625
endloop
endfacet
facet normal -0.8829472921528985 -1.6330900697837365e-06 0.4694721283283996
outer loop
vertex 6.126983642578125 0.0 15.195220947265625
vertex 16.4249267578125 0.0 34.56280517578125
vertex 16.324462890625 3.0 34.373870849609375
endloop
endfacet
facet normal -0.882947398044799 0.0 0.46947192917779357
outer loop
vertex 6.126983642578125 12.0 15.195220947265625
vertex 16.324462890625 3.0 34.373870849609375
vertex 16.324462890625 12.0 34.373870849609375
endloop
endfacet
facet normal -0.46947102511717187 7.011863646368499e-07 -0.8829478787419677
outer loop
vertex 3.616058349609375 0.0 10.472869873046875
vertex 19.77398681640625 2.1999969482421875 1.881561279296875
vertex 23.040924072265625 0.0 0.144500732421875
endloop
endfacet
facet normal -0.46947160164014134 3.9697284378817753e-07 -0.8829475721996652
outer loop
vertex 6.882965087890625 9.800003051757812 8.73583984375
vertex 23.040924072265625 12.0 0.144500732421875
vertex 19.77398681640625 9.800003051757812 1.881561279296875
endloop
endfacet
facet normal 0.0 -1.0 0.0
outer loop
vertex 6.126983642578125 0.0 15.195220947265625
vertex 23.040924072265625 0.0 0.144500732421875
vertex 25.13458251953125 0.0 4.082122802734375
endloop
endfacet
facet normal 0.0 1.0 0.0
outer loop
vertex 3.616058349609375 12.0 10.472869873046875
vertex 25.13458251953125 12.0 4.082122802734375
vertex 23.040924072265625 12.0 0.144500732421875
endloop
endfacet
facet normal 0.0 -1.0 0.0
outer loop
vertex 6.882965087890625 9.800003051757812 8.73583984375
vertex 19.77398681640625 9.800003051757812 1.881561279296875
vertex 25.54852294921875 9.800003051757812 12.7418212890625
endloop
endfacet
facet normal 0.0 -0.9999999999999999 0.0
outer loop
vertex 6.126983642578125 0.0 15.195220947265625
vertex 25.13458251953125 0.0 4.082122802734375
vertex 16.4249267578125 0.0 34.56280517578125
endloop
endfacet
facet normal 0.0 -1.0 0.0
outer loop
vertex 6.882965087890625 9.800003051757812 8.73583984375
vertex 25.54852294921875 9.800003051757812 12.7418212890625
vertex 12.657470703125 9.800003051757812 19.596099853515625
endloop
endfacet
facet normal -0.0 1.0 0.0
outer loop
vertex 6.126983642578125 12.0 15.195220947265625
vertex 16.324462890625 12.0 34.373870849609375
vertex 25.13458251953125 12.0 4.082122802734375
endloop
endfacet
facet normal 0.0 1.0 0.0
outer loop
vertex 12.657470703125 2.1999969482421875 19.596099853515625
vertex 25.54852294921875 2.1999969482421875 12.7418212890625
vertex 19.77398681640625 2.1999969482421875 1.881561279296875
endloop
endfacet
facet normal -0.46947073519478544 0.0 -0.8829480328964256
outer loop
vertex 12.657470703125 2.1999969482421875 19.596099853515625
vertex 12.657470703125 9.800003051757812 19.596099853515625
vertex 25.54852294921875 9.800003051757812 12.7418212890625
endloop
endfacet
facet normal -0.46947139323332393 0.0 -0.882947683011605
outer loop
vertex 19.77398681640625 2.1999969482421875 1.881561279296875
vertex 19.77398681640625 9.800003051757812 1.881561279296875
vertex 23.040924072265625 1.2627105712890625 0.144500732421875
endloop
endfacet
facet normal -0.4694713932333238 -0.0 -0.8829476830116049
outer loop
vertex 19.77398681640625 2.1999969482421875 1.881561279296875
vertex 23.040924072265625 1.2627105712890625 0.144500732421875
vertex 23.040924072265625 0.0 0.144500732421875
endloop
endfacet
facet normal -0.469471393233324 -0.0 -0.8829476830116051
outer loop
vertex 19.77398681640625 9.800003051757812 1.881561279296875
vertex 23.040924072265625 12.0 0.144500732421875
vertex 23.040924072265625 1.2627105712890625 0.144500732421875
endloop
endfacet
facet normal -0.8829464653899782 0.0 0.4694736832404387
outer loop
vertex 19.77398681640625 2.1999969482421875 1.881561279296875
vertex 25.54852294921875 2.1999969482421875 12.7418212890625
vertex 19.77398681640625 9.800003051757812 1.881561279296875
endloop
endfacet
facet normal -0.8829464653899782 0.0 0.4694736832404387
outer loop
vertex 19.77398681640625 9.800003051757812 1.881561279296875
vertex 25.54852294921875 2.1999969482421875 12.7418212890625
vertex 25.54852294921875 9.800003051757812 12.7418212890625
endloop
endfacet
facet normal 0.8829487403921072 0.0 -0.4694694045835053
outer loop
vertex 23.040924072265625 0.0 0.144500732421875
vertex 23.040924072265625 1.2627105712890625 0.144500732421875
vertex 25.13458251953125 0.0 4.082122802734375
endloop
endfacet
facet normal 0.8829487403921075 0.0 -0.4694694045835054
outer loop
vertex 23.040924072265625 1.2627105712890625 0.144500732421875
vertex 23.040924072265625 12.0 0.144500732421875
vertex 25.13458251953125 0.0 4.082122802734375
endloop
endfacet
facet normal 0.8829487403921074 0.0 -0.46946940458350533
outer loop
vertex 23.040924072265625 12.0 0.144500732421875
vertex 25.13458251953125 12.0 4.082122802734375
vertex 25.13458251953125 0.0 4.082122802734375
endloop
endfacet
facet normal -0.46947073519478544 -0.0 -0.8829480328964256
outer loop
vertex 12.657470703125 2.1999969482421875 19.596099853515625
vertex 25.54852294921875 9.800003051757812 12.7418212890625
vertex 25.54852294921875 2.1999969482421875 12.7418212890625
endloop
endfacet
facet normal 0.0 -0.9999999999999999 0.0
outer loop
vertex 25.13458251953125 0.0 4.082122802734375
vertex 35.432525634765625 0.0 23.44970703125
vertex 16.4249267578125 0.0 34.56280517578125
endloop
endfacet
facet normal -0.0 0.9999999999999999 -0.0
outer loop
vertex 25.13458251953125 12.0 4.082122802734375
vertex 16.324462890625 12.0 34.373870849609375
vertex 35.432525634765625 12.0 23.44970703125
endloop
endfacet
facet normal -0.8829365431264279 0.0 0.46949234372027143
outer loop
vertex 16.4249267578125 0.0 34.56280517578125
vertex 16.4249267578125 3.0 34.56280517578125
vertex 16.324462890625 3.0 34.373870849609375
endloop
endfacet
facet normal 0.0 -1.0 0.0
outer loop
vertex 15.972991943359375 3.0 34.373870849609375
vertex 16.324462890625 3.0 34.373870849609375
vertex 16.4249267578125 3.0 34.56280517578125
endloop
endfacet
facet normal 0.0 0.0 -1.0
outer loop
vertex 15.972991943359375 3.0 34.373870849609375
vertex 15.972991943359375 37.0 34.373870849609375
vertex 16.324462890625 3.0 34.373870849609375
endloop
endfacet
facet normal 0.0 0.0 -1.0
outer loop
vertex 16.324462890625 3.0 34.373870849609375
vertex 15.972991943359375 37.0 34.373870849609375
vertex 16.324462890625 12.0 34.373870849609375
endloop
endfacet
facet normal -1.0 0.0 0.0
outer loop
vertex 15.972991943359375 3.0 34.373870849609375
vertex 15.972991943359375 3.0 46.373870849609375
vertex 15.972991943359375 34.0 41.917999267578125
endloop
endfacet
facet normal -0.8829474441888011 0.0 0.4694718423936243
outer loop
vertex 16.4249267578125 0.0 34.56280517578125
vertex 22.704986572265625 3.0 46.373870849609375
vertex 16.4249267578125 3.0 34.56280517578125
endloop
endfacet
facet normal 0.0 -1.0 0.0
outer loop
vertex 15.972991943359375 3.0 34.373870849609375
vertex 16.4249267578125 3.0 34.56280517578125
vertex 22.704986572265625 3.0 46.373870849609375
endloop
endfacet
facet normal 0.0 -1.0 0.0
outer loop
vertex 15.972991943359375 3.0 34.373870849609375
vertex 22.704986572265625 3.0 46.373870849609375
vertex 15.972991943359375 3.0 46.373870849609375
endloop
endfacet
facet normal 0.0 0.0 -0.9999999999999999
outer loop
vertex 16.324462890625 12.0 34.373870849609375
vertex 15.972991943359375 37.0 34.373870849609375
vertex 16.748077392578125 12.0 34.373870849609375
endloop
endfacet
facet normal -1.0 0.0 0.0
outer loop
vertex 15.972991943359375 3.0 34.373870849609375
vertex 15.972991943359375 34.0 41.917999267578125
vertex 15.972991943359375 37.0 34.373870849609375
endloop
endfacet
facet normal 0.0 0.0 -1.0
outer loop
vertex 13.7305908203125 34.0 41.917999267578125
vertex 15.972991943359375 37.0 41.917999267578125
vertex 15.972991943359375 34.0 41.917999267578125
endloop
endfacet
facet normal -0.9999999999999999 0.0 0.0
outer loop
vertex 15.972991943359375 37.0 34.373870849609375
vertex 15.972991943359375 34.0 41.917999267578125
vertex 15.972991943359375 37.0 41.917999267578125
endloop
endfacet
facet normal -0.0 1.0 0.0
outer loop
vertex 16.324462890625 12.0 34.373870849609375
vertex 16.748077392578125 12.0 34.373870849609375
vertex 35.432525634765625 12.0 23.44970703125
endloop
endfacet
facet normal 0.0 -0.9999999999999999 0.0
outer loop
vertex 16.4249267578125 0.0 34.56280517578125
vertex 35.432525634765625 0.0 23.44970703125
vertex 26.722869873046875 0.0 53.930389404296875
endloop
endfacet
facet normal 0.0 0.0 -1.0
outer loop
vertex 16.748077392578125 12.0 34.373870849609375
vertex 15.972991943359375 37.0 34.373870849609375
vertex 47.972991943359375 37.0 34.373870849609375
endloop
endfacet
facet normal 0.0 1.0 0.0
outer loop
vertex 15.972991943359375 37.0 34.373870849609375
vertex 15.972991943359375 37.0 41.917999267578125
vertex 47.972991943359375 37.0 41.917999267578125
endloop
endfacet
facet normal 0.0 -0.0 -1.0
outer loop
vertex 13.7305908203125 34.0 41.917999267578125
vertex 49.7305908203125 142.0 41.917999267578125
vertex 15.972991943359375 37.0 41.917999267578125
endloop
endfacet
facet normal 0.0 -0.0 0.9999999999999999
outer loop
vertex 15.972991943359375 3.0 46.373870849609375
vertex 22.704986572265625 12.0 46.373870849609375
vertex 15.972991943359375 34.0 46.373870849609375
endloop
endfacet
facet normal -1.0 0.0 0.0
outer loop
vertex 15.972991943359375 34.0 41.917999267578125
vertex 15.972991943359375 3.0 46.373870849609375
vertex 15.972991943359375 34.0 46.373870849609375
endloop
endfacet
facet normal 0.0 -1.0 0.0
outer loop
vertex 13.7305908203125 34.0 41.917999267578125
vertex 15.972991943359375 34.0 41.917999267578125
vertex 15.972991943359375 34.0 46.373870849609375
endloop
endfacet
facet normal 0.0 -1.0 0.0
outer loop
vertex 13.7305908203125 34.0 41.917999267578125
vertex 15.972991943359375 34.0 46.373870849609375
vertex 13.972991943359375 34.0 48.373870849609375
endloop
endfacet
facet normal -0.8829472921531553 -1.44399632397746e-06 0.46947212832853613
outer loop
vertex 16.4249267578125 0.0 34.56280517578125
vertex 26.722869873046875 0.0 53.930389404296875
vertex 22.704986572265625 3.0 46.373870849609375
endloop
endfacet
facet normal 0.0 0.0 1.0
outer loop
vertex 15.972991943359375 3.0 46.373870849609375
vertex 22.704986572265625 3.0 46.373870849609375
vertex 22.704986572265625 12.0 46.373870849609375
endloop
endfacet
facet normal -0.882947054519149 0.0 0.4694725752543581
outer loop
vertex 22.704986572265625 3.0 46.373870849609375
vertex 26.722869873046875 0.0 53.930389404296875
vertex 22.704986572265625 12.0 46.373870849609375
endloop
endfacet
facet normal -0.882947054519149 0.0 0.4694725752543581
outer loop
vertex 22.704986572265625 12.0 46.373870849609375
vertex 26.722869873046875 0.0 53.930389404296875
vertex 26.722869873046875 12.0 53.930389404296875
endloop
endfacet
facet normal -0.0 0.0 0.9999999999999999
outer loop
vertex 15.972991943359375 34.0 46.373870849609375
vertex 22.704986572265625 12.0 46.373870849609375
vertex 39.64739990234375 12.0 46.373870849609375
endloop
endfacet
facet normal 0.0 -1.0 0.0
outer loop
vertex 13.972991943359375 34.0 48.373870849609375
vertex 15.972991943359375 34.0 46.373870849609375
vertex 49.972991943359375 34.0 48.373870849609375
endloop
endfacet
facet normal -0.9992958412396236 0.0 0.03752094989726268
outer loop
vertex 13.7305908203125 34.0 41.917999267578125
vertex 13.972991943359375 34.0 48.373870849609375
vertex 13.972991943359375 142.0 48.373870849609375
endloop
endfacet
facet normal -0.9992958412396237 0.0 0.03752094989726268
outer loop
vertex 0.0 142.0 16.094512939453125
vertex 0.242401123046875 142.0 22.550384521484375
vertex 0.0 154.0 16.094512939453125
endloop
endfacet
facet normal 0.0 0.0 -1.0
outer loop
vertex 0.0 142.0 16.094512939453125
vertex 5.142852783203125 154.0 16.094512939453125
vertex 13.74920654296875 144.0 16.094512939453125
endloop
endfacet
facet normal -0.46947315367342546 0.0 -0.8829467469671818
outer loop
vertex 9.185546875 144.0 7.51153564453125
vertex 9.185546875 154.0 7.51153564453125
vertex 12.010986328125 146.20000004768372 6.00921630859375
endloop
endfacet
facet normal -0.882946944663037 0.0 0.46947278186302555
outer loop
vertex 9.185546875 144.0 7.51153564453125
vertex 12.46527099609375 144.0 13.679779052734375
vertex 12.46527099609375 154.0 13.679779052734375
endloop
endfacet
facet normal -0.8829477801442928 0.0 0.46947121055317703
outer loop
vertex 12.46527099609375 144.0 13.679779052734375
vertex 13.74920654296875 144.0 16.094512939453125
vertex 13.74920654296875 154.0 16.094512939453125
endloop
endfacet
facet normal -0.0 -1.0 0.0
outer loop
vertex 0.0 142.0 16.094512939453125
vertex 24.90570068359375 142.0 30.082244873046875
vertex 0.242401123046875 142.0 22.550384521484375
endloop
endfacet
facet normal 0.0 -1.0 0.0
outer loop
vertex 0.242401123046875 142.0 22.550384521484375
vertex 13.7305908203125 142.0 41.917999267578125
vertex 13.972991943359375 142.0 48.373870849609375
endloop
endfacet
facet normal -0.8829475987936609 0.0 0.4694715516242792
outer loop
vertex 0.242401123046875 142.0 22.550384521484375
vertex 13.972991943359375 142.0 48.373870849609375
vertex 13.972991943359375 144.0 48.373870849609375
endloop
endfacet
facet normal -0.882947598793661 0.0 0.4694715516242793
outer loop
vertex 0.242401123046875 142.0 22.550384521484375
vertex 13.972991943359375 144.0 48.373870849609375
vertex 13.972991943359375 156.0 48.373870849609375
endloop
endfacet
facet normal 0.0 -1.0 0.0
outer loop
vertex 0.242401123046875 142.0 22.550384521484375
vertex 25.3096923828125 142.0 40.842010498046875
vertex 13.7305908203125 142.0 41.917999267578125
endloop
endfacet
facet normal 0.0 0.0 -1.0
outer loop
vertex 13.7305908203125 34.0 41.917999267578125
vertex 13.7305908203125 142.0 41.917999267578125
vertex 49.7305908203125 142.0 41.917999267578125
endloop
endfacet
facet normal -0.46947199312853155 -1.911858585006774e-06 -0.8829473640394817
outer loop
vertex 9.185546875 144.0 7.51153564453125
vertex 12.010986328125 146.20000004768372 6.00921630859375
vertex 20.487274169921875 146.20000004768372 1.502288818359375
endloop
endfacet
facet normal 0.0 -0.9999999999999999 0.0
outer loop
vertex 9.185546875 144.0 7.51153564453125
vertex 23.312713623046875 144.0 0.0
vertex 12.46527099609375 144.0 13.679779052734375
endloop
endfacet
facet normal -0.0 0.9999999999999999 0.0
outer loop
vertex 12.010986328125 146.20000004768372 6.00921630859375
vertex 17.785491943359375 146.20000004768372 16.8695068359375
vertex 20.487274169921875 146.20000004768372 1.502288818359375
endloop
endfacet
facet normal -0.46947097036946367 -8.651219111247357e-06 -0.8829479078096911
outer loop
vertex 9.185546875 144.0 7.51153564453125
vertex 20.487274169921875 146.20000004768372 1.502288818359375
vertex 23.312713623046875 144.0 0.0
endloop
endfacet
facet normal 0.0 0.0 -1.0
outer loop
vertex 0.0 142.0 16.094512939453125
vertex 13.74920654296875 144.0 16.094512939453125
vertex 31.870330810546875 144.0 16.094512939453125
endloop
endfacet
facet normal 0.8829480406972705 0.0 -0.46947072052349686
outer loop
vertex 12.010986328125 146.20000004768372 6.00921630859375
vertex 17.785491943359375 151.79999995231628 16.8695068359375
vertex 17.785491943359375 146.20000004768372 16.8695068359375
endloop
endfacet
facet normal 0.0 -1.0 0.0
outer loop
vertex 12.46527099609375 144.0 13.679779052734375
vertex 31.870330810546875 144.0 16.094512939453125
vertex 13.74920654296875 144.0 16.094512939453125
endloop
endfacet
facet normal 0.0 -0.9999999999999999 0.0
outer loop
vertex 0.0 142.0 16.094512939453125
vertex 36.0 142.0 16.094512939453125
vertex 24.90570068359375 142.0 30.082244873046875
endloop
endfacet
facet normal -0.46946571885256116 0.0 -0.8829507001085893
outer loop
vertex 20.487274169921875 146.20000004768372 1.502288818359375
vertex 20.487274169921875 151.79999995231628 1.502288818359375
vertex 23.312713623046875 144.0 0.0
endloop
endfacet
facet normal -0.8829480406972705 0.0 0.46947072052349686
outer loop
vertex 20.487274169921875 146.20000004768372 1.502288818359375
vertex 26.26177978515625 146.20000004768372 12.362579345703125
vertex 20.487274169921875 151.79999995231628 1.502288818359375
endloop
endfacet
facet normal 0.0 -1.0 0.0
outer loop
vertex 12.46527099609375 144.0 13.679779052734375
vertex 23.312713623046875 144.0 0.0
vertex 26.288970947265625 144.0 5.5975341796875
endloop
endfacet
facet normal 0.0 0.9999999999999999 0.0
outer loop
vertex 17.785491943359375 146.20000004768372 16.8695068359375
vertex 26.26177978515625 146.20000004768372 12.362579345703125
vertex 20.487274169921875 146.20000004768372 1.502288818359375
endloop
endfacet
facet normal 0.8829478801090029 0.0 -0.4694710225466722
outer loop
vertex 23.312713623046875 144.0 0.0
vertex 23.312713623046875 154.0 0.0
vertex 26.288970947265625 144.0 5.5975341796875
endloop
endfacet
facet normal 0.0 -1.0 0.0
outer loop
vertex 12.46527099609375 144.0 13.679779052734375
vertex 26.288970947265625 144.0 5.5975341796875
vertex 31.870330810546875 144.0 16.094512939453125
endloop
endfacet
facet normal 0.0 0.0 -1.0
outer loop
vertex 0.0 142.0 16.094512939453125
vertex 31.870330810546875 144.0 16.094512939453125
vertex 36.0 142.0 16.094512939453125
endloop
endfacet
facet normal -0.4694719931293895 -0.0 -0.8829473640410952
outer loop
vertex 17.785491943359375 146.20000004768372 16.8695068359375
vertex 26.26177978515625 151.79999995231628 12.362579345703125
vertex 26.26177978515625 146.20000004768372 12.362579345703125
endloop
endfacet
facet normal 0.0 -1.0 0.0
outer loop
vertex 0.242401123046875 142.0 22.550384521484375
vertex 24.90570068359375 142.0 30.082244873046875
vertex 25.3096923828125 142.0 40.842010498046875
endloop
endfacet
facet normal -0.9992958740023608 0.0 0.03752007731678632
outer loop
vertex 24.90570068359375 138.0 30.082244873046875
vertex 25.3096923828125 138.0 40.842010498046875
vertex 25.3096923828125 142.0 40.842010498046875
endloop
endfacet
facet normal -0.9992958740023608 0.0 0.03752007731678632
outer loop
vertex 24.90570068359375 138.0 30.082244873046875
vertex 25.3096923828125 142.0 40.842010498046875
vertex 24.90570068359375 142.0 30.082244873046875
endloop
endfacet
facet normal -0.9992958412396236 0.0 0.03752094989726268
outer loop
vertex 13.7305908203125 34.0 41.917999267578125
vertex 13.972991943359375 142.0 48.373870849609375
vertex 13.7305908203125 142.0 41.917999267578125
endloop
endfacet
facet normal 0.0 -0.0 1.0
outer loop
vertex 13.972991943359375 34.0 48.373870849609375
vertex 49.392333984375 142.2258062362671 48.373870849609375
vertex 13.972991943359375 142.0 48.373870849609375
endloop
endfacet
facet normal 0.0 0.0 1.0
outer loop
vertex 13.972991943359375 144.0 48.373870849609375
vertex 30.91241455078125 144.0 48.373870849609375
vertex 30.91241455078125 154.0 48.373870849609375
endloop
endfacet
facet normal 0.0 -0.0 1.0
outer loop
vertex 13.972991943359375 142.0 48.373870849609375
vertex 49.392333984375 142.2258062362671 48.373870849609375
vertex 13.972991943359375 144.0 48.373870849609375
endloop
endfacet
facet normal 0.8829472921540759 0.0 -0.46947212832902563
outer loop
vertex 25.13458251953125 0.0 4.082122802734375
vertex 25.13458251953125 12.0 4.082122802734375
vertex 35.432525634765625 12.0 23.44970703125
endloop
endfacet
facet normal 0.8829472921540759 0.0 -0.46947212832902563
outer loop
vertex 25.13458251953125 0.0 4.082122802734375
vertex 35.432525634765625 12.0 23.44970703125
vertex 35.432525634765625 0.0 23.44970703125
endloop
endfacet
facet normal -0.0 1.0 0.0
outer loop
vertex 16.748077392578125 12.0 34.373870849609375
vertex 41.240997314453125 12.0 34.373870849609375
vertex 35.432525634765625 12.0 23.44970703125
endloop
endfacet
facet normal 0.8829479029526817 0.0 -0.469470979583895
outer loop
vertex 35.432525634765625 0.0 23.44970703125
vertex 35.432525634765625 12.0 23.44970703125
vertex 41.240997314453125 12.0 34.373870849609375
endloop
endfacet
facet normal 0.8829479029526817 0.0 -0.469470979583895
outer loop
vertex 35.432525634765625 0.0 23.44970703125
vertex 41.240997314453125 12.0 34.373870849609375
vertex 41.240997314453125 3.0 34.373870849609375
endloop
endfacet
facet normal 0.0 -0.9999999999999999 0.0
outer loop
vertex 26.722869873046875 0.0 53.930389404296875
vertex 35.432525634765625 0.0 23.44970703125
vertex 45.73046875 0.0 42.81732177734375
endloop
endfacet
facet normal 0.0 -0.0 -1.0
outer loop
vertex 16.748077392578125 12.0 34.373870849609375
vertex 47.972991943359375 37.0 34.373870849609375
vertex 41.240997314453125 12.0 34.373870849609375
endloop
endfacet
facet normal -0.0 1.0 0.0
outer loop
vertex 15.972991943359375 37.0 34.373870849609375
vertex 47.972991943359375 37.0 41.917999267578125
vertex 47.972991943359375 37.0 34.373870849609375
endloop
endfacet
facet normal 0.0 -0.0 -1.0
outer loop
vertex 15.972991943359375 37.0 41.917999267578125
vertex 49.7305908203125 142.0 41.917999267578125
vertex 47.972991943359375 37.0 41.917999267578125
endloop
endfacet
facet normal 0.8829475987905091 2.671920642036599e-06 -0.4694715516226034
outer loop
vertex 35.432525634765625 0.0 23.44970703125
vertex 41.240997314453125 3.0 34.373870849609375
vertex 45.73046875 0.0 42.81732177734375
endloop
endfacet
facet normal 0.0 0.0 -1.0
outer loop
vertex 41.240997314453125 3.0 34.373870849609375
vertex 41.240997314453125 12.0 34.373870849609375
vertex 47.972991943359375 3.0 34.373870849609375
endloop
endfacet
facet normal 0.0 -1.0 0.0
outer loop
vertex 41.240997314453125 3.0 34.373870849609375
vertex 47.972991943359375 3.0 34.373870849609375
vertex 45.73046875 3.0 42.81732177734375
endloop
endfacet
facet normal 0.8829472052715083 0.0 -0.469472291731081
outer loop
vertex 41.240997314453125 3.0 34.373870849609375
vertex 45.73046875 3.0 42.81732177734375
vertex 45.73046875 0.0 42.81732177734375
endloop
endfacet
facet normal 0.0 -1.0 0.0
outer loop
vertex 45.73046875 3.0 42.81732177734375
vertex 47.972991943359375 3.0 34.373870849609375
vertex 47.972991943359375 3.0 46.373870849609375
endloop
endfacet
facet normal 0.0 0.0 -1.0
outer loop
vertex 41.240997314453125 12.0 34.373870849609375
vertex 47.972991943359375 37.0 34.373870849609375
vertex 47.972991943359375 3.0 34.373870849609375
endloop
endfacet
facet normal 1.0 0.0 -0.0
outer loop
vertex 47.972991943359375 3.0 34.373870849609375
vertex 47.972991943359375 37.0 34.373870849609375
vertex 47.972991943359375 3.0 46.373870849609375
endloop
endfacet
facet normal 1.0 0.0 0.0
outer loop
vertex 47.972991943359375 37.0 34.373870849609375
vertex 47.972991943359375 34.0 41.917999267578125
vertex 47.972991943359375 3.0 46.373870849609375
endloop
endfacet
facet normal 0.9999999999999999 0.0 -0.0
outer loop
vertex 47.972991943359375 37.0 34.373870849609375
vertex 47.972991943359375 37.0 41.917999267578125
vertex 47.972991943359375 34.0 41.917999267578125
endloop
endfacet
facet normal 0.0 0.0 -1.0
outer loop
vertex 47.972991943359375 34.0 41.917999267578125
vertex 47.972991943359375 37.0 41.917999267578125
vertex 49.7305908203125 34.0 41.917999267578125
endloop
endfacet
facet normal 0.0 0.0 -1.0
outer loop
vertex 47.972991943359375 37.0 41.917999267578125
vertex 49.7305908203125 142.0 41.917999267578125
vertex 49.7305908203125 34.0 41.917999267578125
endloop
endfacet
facet normal -0.0 1.0 0.0
outer loop
vertex 22.704986572265625 12.0 46.373870849609375
vertex 26.722869873046875 12.0 53.930389404296875
vertex 39.64739990234375 12.0 46.373870849609375
endloop
endfacet
facet normal -0.8829481754975095 0.0 0.4694704670004484
outer loop
vertex 26.722869873046875 0.0 53.930389404296875
vertex 37.020782470703125 12.0 73.29800415039062
vertex 26.722869873046875 12.0 53.930389404296875
endloop
endfacet
facet normal 0.0 1.0 0.0
outer loop
vertex 26.722869873046875 12.0 53.930389404296875
vertex 47.62152099609375 12.0 46.373870849609375
vertex 39.64739990234375 12.0 46.373870849609375
endloop
endfacet
facet normal 0.0 -1.0 0.0
outer loop
vertex 26.722869873046875 0.0 53.930389404296875
vertex 45.73046875 0.0 42.81732177734375
vertex 37.020782470703125 0.0 73.29800415039062
endloop
endfacet
facet normal -0.0 0.9999999999999999 0.0
outer loop
vertex 26.722869873046875 12.0 53.930389404296875
vertex 37.020782470703125 12.0 73.29800415039062
vertex 47.62152099609375 12.0 46.373870849609375
endloop
endfacet
facet normal -0.0 0.0 1.0
outer loop
vertex 15.972991943359375 34.0 46.373870849609375
vertex 39.64739990234375 12.0 46.373870849609375
vertex 47.972991943359375 34.0 46.373870849609375
endloop
endfacet
facet normal 0.0 -1.0 0.0
outer loop
vertex 15.972991943359375 34.0 46.373870849609375
vertex 47.972991943359375 34.0 46.373870849609375
vertex 49.972991943359375 34.0 48.373870849609375
endloop
endfacet
facet normal -0.8829481754975095 0.0 0.4694704670004484
outer loop
vertex 26.722869873046875 0.0 53.930389404296875
vertex 37.020782470703125 0.0 73.29800415039062
vertex 37.020782470703125 12.0 73.29800415039062
endloop
endfacet
facet normal -0.8829472961795317 0.0 0.46947212075825573
outer loop
vertex 37.020782470703125 0.0 73.29800415039062
vertex 43.785614013671875 3.0 86.02078247070312
vertex 37.020782470703125 12.0 73.29800415039062
endloop
endfacet
facet normal 0.0 -0.0 0.9999999999999999
outer loop
vertex 13.972991943359375 34.0 48.373870849609375
vertex 49.972991943359375 34.0 48.373870849609375
vertex 49.392333984375 142.2258062362671 48.373870849609375
endloop
endfacet
facet normal 0.8829474323010658 0.0 -0.4694718647511849
outer loop
vertex 45.73046875 0.0 42.81732177734375
vertex 45.73046875 3.0 42.81732177734375
vertex 47.62152099609375 3.0 46.373870849609375
endloop
endfacet
facet normal 0.0 -1.0 0.0
outer loop
vertex 45.73046875 3.0 42.81732177734375
vertex 47.972991943359375 3.0 46.373870849609375
vertex 47.62152099609375 3.0 46.373870849609375
endloop
endfacet
facet normal 0.0 -0.9999999999999999 0.0
outer loop
vertex 45.73046875 0.0 42.81732177734375
vertex 56.02838134765625 0.0 62.184906005859375
vertex 37.020782470703125 0.0 73.29800415039062
endloop
endfacet
facet normal 0.0 1.0 0.0
outer loop
vertex 37.020782470703125 12.0 73.29800415039062
vertex 56.02838134765625 12.0 62.184906005859375
vertex 47.62152099609375 12.0 46.373870849609375
endloop
endfacet
facet normal 0.0 0.0 1.0
outer loop
vertex 39.64739990234375 12.0 46.373870849609375
vertex 47.62152099609375 12.0 46.373870849609375
vertex 47.972991943359375 34.0 46.373870849609375
endloop
endfacet
facet normal 0.8829478688584528 -1.2485488474648917e-06 -0.46947104370424986
outer loop
vertex 45.73046875 0.0 42.81732177734375
vertex 47.62152099609375 3.0 46.373870849609375
vertex 56.02838134765625 0.0 62.184906005859375
endloop
endfacet
facet normal 0.8829479670588779 0.0 -0.4694708590174629
outer loop
vertex 47.62152099609375 3.0 46.373870849609375
vertex 47.62152099609375 12.0 46.373870849609375
vertex 56.02838134765625 12.0 62.184906005859375
endloop
endfacet
facet normal 0.0 0.0 1.0
outer loop
vertex 47.62152099609375 3.0 46.373870849609375
vertex 47.972991943359375 3.0 46.373870849609375
vertex 47.972991943359375 34.0 46.373870849609375
endloop
endfacet
facet normal 0.0 -0.0 1.0
outer loop
vertex 47.62152099609375 3.0 46.373870849609375
vertex 47.972991943359375 34.0 46.373870849609375
vertex 47.62152099609375 12.0 46.373870849609375
endloop
endfacet
facet normal 0.8829479670588779 0.0 -0.4694708590174629
outer loop
vertex 47.62152099609375 3.0 46.373870849609375
vertex 56.02838134765625 12.0 62.184906005859375
vertex 56.02838134765625 0.0 62.184906005859375
endloop
endfacet
facet normal 1.0 0.0 -0.0
outer loop
vertex 47.972991943359375 34.0 41.917999267578125
vertex 47.972991943359375 34.0 46.373870849609375
vertex 47.972991943359375 3.0 46.373870849609375
endloop
endfacet
facet normal 0.0 -1.0 0.0
outer loop
vertex 47.972991943359375 34.0 41.917999267578125
vertex 49.7305908203125 34.0 41.917999267578125
vertex 47.972991943359375 34.0 46.373870849609375
endloop
endfacet
facet normal -0.0 -1.0 0.0
outer loop
vertex 49.7305908203125 34.0 41.917999267578125
vertex 49.972991943359375 34.0 48.373870849609375
vertex 47.972991943359375 34.0 46.373870849609375
endloop
endfacet
facet normal -0.8829472961795317 0.0 0.4694721207582557
outer loop
vertex 37.020782470703125 12.0 73.29800415039062
vertex 43.785614013671875 3.0 86.02078247070312
vertex 43.785614013671875 12.0 86.02078247070312
endloop
endfacet
facet normal -0.8829475987894294 3.096033007850988e-06 0.46947155162202925
outer loop
vertex 37.020782470703125 0.0 73.29800415039062
vertex 47.3187255859375 0.0 92.66561889648438
vertex 43.785614013671875 3.0 86.02078247070312
endloop
endfacet
facet normal 0.0 0.0 -1.0
outer loop
vertex 43.43414306640625 3.0 86.02078247070312
vertex 43.43414306640625 37.0 86.02078247070312
vertex 43.785614013671875 3.0 86.02078247070312
endloop
endfacet
facet normal 0.0 0.0 -1.0
outer loop
vertex 43.785614013671875 3.0 86.02078247070312
vertex 43.43414306640625 37.0 86.02078247070312
vertex 43.785614013671875 12.0 86.02078247070312
endloop
endfacet
facet normal 0.0 -1.0 0.0
outer loop
vertex 37.020782470703125 0.0 73.29800415039062
vertex 56.02838134765625 0.0 62.184906005859375
vertex 47.3187255859375 0.0 92.66561889648438
endloop
endfacet
facet normal -0.0 1.0 0.0
outer loop
vertex 37.020782470703125 12.0 73.29800415039062
vertex 66.32632446289062 12.0 81.55252075195312
vertex 56.02838134765625 12.0 62.184906005859375
endloop
endfacet
facet normal -0.0 1.0 0.0
outer loop
vertex 37.020782470703125 12.0 73.29800415039062
vertex 43.785614013671875 12.0 86.02078247070312
vertex 66.32632446289062 12.0 81.55252075195312
endloop
endfacet
facet normal 0.0 0.0 -0.9999999999999999
outer loop
vertex 43.785614013671875 12.0 86.02078247070312
vertex 43.43414306640625 37.0 86.02078247070312
vertex 58.68389892578125 12.0 86.02078247070312
endloop
endfacet
facet normal 0.9992958412396236 0.0 -0.03752094989726268
outer loop
vertex 49.7305908203125 34.0 41.917999267578125
vertex 49.7305908203125 142.0 41.917999267578125
vertex 49.972991943359375 34.0 48.373870849609375
endloop
endfacet
facet normal 0.8829469913061627 0.0 -0.469472694140346
outer loop
vertex 26.288970947265625 144.0 5.5975341796875
vertex 31.870330810546875 154.0 16.094512939453125
vertex 31.870330810546875 144.0 16.094512939453125
endloop
endfacet
facet normal 0.0 0.0 -1.0
outer loop
vertex 31.870330810546875 144.0 16.094512939453125
vertex 31.870330810546875 154.0 16.094512939453125
vertex 36.0 142.0 16.094512939453125
endloop
endfacet
facet normal 0.8829476104474577 0.0 -0.4694715297066741
outer loop
vertex 36.0 142.0 16.094512939453125
vertex 36.0 154.0 16.094512939453125
vertex 40.5963134765625 143.95921516418457 24.738922119140625
endloop
endfacet
facet normal -0.32236143840724596 0.0 -0.946616661076706
outer loop
vertex 24.90570068359375 138.0 30.082244873046875
vertex 24.90570068359375 142.0 30.082244873046875
vertex 35.437713623046875 142.0 26.49566650390625
endloop
endfacet
facet normal 0.0 -1.0 0.0
outer loop
vertex 24.90570068359375 142.0 30.082244873046875
vertex 36.0 142.0 16.094512939453125
vertex 35.437713623046875 142.0 26.49566650390625
endloop
endfacet
facet normal 0.35109264981911253 -0.9362479255347448 -0.013182305370488666
outer loop
vertex 24.90570068359375 138.0 30.082244873046875
vertex 35.437713623046875 142.0 26.49566650390625
vertex 25.3096923828125 138.0 40.842010498046875
endloop
endfacet
facet normal 0.0 -0.0 1.0
outer loop
vertex 25.3096923828125 138.0 40.842010498046875
vertex 35.976348876953125 142.0 40.842010498046875
vertex 25.3096923828125 142.0 40.842010498046875
endloop
endfacet
facet normal 0.0 -1.0 0.0
outer loop
vertex 13.7305908203125 142.0 41.917999267578125
vertex 25.3096923828125 142.0 40.842010498046875
vertex 49.7305908203125 142.0 41.917999267578125
endloop
endfacet
facet normal 0.3510932280546129 -0.936247715269383 -0.013181838530792144
outer loop
vertex 25.3096923828125 138.0 40.842010498046875
vertex 35.437713623046875 142.0 26.49566650390625
vertex 35.976348876953125 142.0 40.842010498046875
endloop
endfacet
facet normal 0.8828604366123673 0.0009237170219730336 -0.46963453473044675
outer loop
vertex 36.0 142.0 16.094512939453125
vertex 40.5963134765625 143.95921516418457 24.738922119140625
vertex 40.713348388671875 144.0 24.959014892578125
endloop
endfacet
facet normal -0.0 -1.0 0.0
outer loop
vertex 36.0 142.0 16.094512939453125
vertex 49.7305908203125 142.0 41.917999267578125
vertex 35.437713623046875 142.0 26.49566650390625
endloop
endfacet
facet normal 0.0 -1.0 0.0
outer loop
vertex 25.3096923828125 142.0 40.842010498046875
vertex 35.976348876953125 142.0 40.842010498046875
vertex 49.7305908203125 142.0 41.917999267578125
endloop
endfacet
facet normal -0.0 -1.0 0.0
outer loop
vertex 35.437713623046875 142.0 26.49566650390625
vertex 49.7305908203125 142.0 41.917999267578125
vertex 35.976348876953125 142.0 40.842010498046875
endloop
endfacet
facet normal 0.35107728365611696 -0.9362535583490651 -0.013191488898374907
outer loop
vertex 40.5963134765625 143.95921516418457 24.738922119140625
vertex 40.703704833984375 144.0 24.702362060546875
vertex 40.713348388671875 144.0 24.959014892578125
endloop
endfacet
facet normal -0.32227405618131666 -0.0 -0.9466464137746688
outer loop
vertex 40.5963134765625 143.95921516418457 24.738922119140625
vertex 40.703704833984375 154.0 24.702362060546875
vertex 40.703704833984375 144.0 24.702362060546875
endloop
endfacet
facet normal 0.9992948319725102 0.0 -0.037547820083628204
outer loop
vertex 40.703704833984375 144.0 24.702362060546875
vertex 40.713348388671875 154.0 24.959014892578125
vertex 40.713348388671875 144.0 24.959014892578125
endloop
endfacet
facet normal 0.8829475987863197 -4.077872877646748e-06 -0.4694715516203758
outer loop
vertex 36.0 142.0 16.094512939453125
vertex 40.713348388671875 144.0 24.959014892578125
vertex 49.7305908203125 142.0 41.917999267578125
endloop
endfacet
facet normal 0.8829477981398666 0.0 -0.46947117670839095
outer loop
vertex 40.713348388671875 144.0 24.959014892578125
vertex 40.713348388671875 154.0 24.959014892578125
vertex 49.7305908203125 142.0 41.917999267578125
endloop
endfacet
facet normal 0.8829477981398667 0.0 -0.46947117670839106
outer loop
vertex 49.7305908203125 142.0 41.917999267578125
vertex 40.713348388671875 154.0 24.959014892578125
vertex 49.7305908203125 144.0 41.917999267578125
endloop
endfacet
facet normal 0.9992970672285522 0.0 -0.0374882838819621
outer loop
vertex 49.7305908203125 142.0 41.917999267578125
vertex 49.7305908203125 144.0 41.917999267578125
vertex 49.7344970703125 142.2258062362671 42.022125244140625
endloop
endfacet
facet normal -0.0 -0.0 1.0
outer loop
vertex 13.972991943359375 144.0 48.373870849609375
vertex 49.392333984375 142.2258062362671 48.373870849609375
vertex 30.91241455078125 144.0 48.373870849609375
endloop
endfacet
facet normal -0.8829474904297151 0.0 0.4694717554271697
outer loop
vertex 30.91241455078125 144.0 48.373870849609375
vertex 33.061126708984375 144.0 52.415008544921875
vertex 30.91241455078125 154.0 48.373870849609375
endloop
endfacet
facet normal 0.0 -1.0 0.0
outer loop
vertex 30.91241455078125 144.0 48.373870849609375
vertex 39.972991943359375 144.0 48.373870849609375
vertex 33.061126708984375 144.0 52.415008544921875
endloop
endfacet
facet normal -0.0 -0.0 1.0
outer loop
vertex 30.91241455078125 144.0 48.373870849609375
vertex 49.392333984375 142.2258062362671 48.373870849609375
vertex 39.972991943359375 144.0 48.373870849609375
endloop
endfacet
facet normal -0.8829468986016673 0.0 0.46947286849156383
outer loop
vertex 33.061126708984375 144.0 52.415008544921875
vertex 41.21038818359375 144.0 67.74148559570312
vertex 33.061126708984375 154.0 52.415008544921875
endloop
endfacet
facet normal 0.0 -1.0 0.0
outer loop
vertex 33.061126708984375 144.0 52.415008544921875
vertex 39.972991943359375 144.0 48.373870849609375
vertex 41.21038818359375 144.0 67.74148559570312
endloop
endfacet
facet normal -0.9992960183442652 0.0 0.03751623277060381
outer loop
vertex 27.461181640625 142.0 67.74148559570312
vertex 27.70355224609375 142.0 74.19735717773438
vertex 27.461181640625 154.0 67.74148559570312
endloop
endfacet
facet normal 0.0 0.0 -1.0
outer loop
vertex 27.461181640625 142.0 67.74148559570312
vertex 27.461181640625 154.0 67.74148559570312
vertex 41.21038818359375 144.0 67.74148559570312
endloop
endfacet
facet normal -0.0 -1.0 0.0
outer loop
vertex 27.461181640625 142.0 67.74148559570312
vertex 52.366851806640625 142.0 81.72915649414062
vertex 27.70355224609375 142.0 74.19735717773438
endloop
endfacet
facet normal 0.9992969265928274 1.7310208626470628e-06 -0.03749203247535329
outer loop
vertex 49.972991943359375 34.0 48.373870849609375
vertex 49.7305908203125 142.0 41.917999267578125
vertex 49.7344970703125 142.2258062362671 42.022125244140625
endloop
endfacet
facet normal 0.9992958211327666 0.0 -0.03752148539956264
outer loop
vertex 49.972991943359375 34.0 48.373870849609375
vertex 49.7344970703125 142.2258062362671 42.022125244140625
vertex 49.972991943359375 142.2258062362671 48.373870849609375
endloop
endfacet
facet normal 0.0 -0.0 1.0
outer loop
vertex 49.972991943359375 34.0 48.373870849609375
vertex 49.972991943359375 142.2258062362671 48.373870849609375
vertex 49.392333984375 142.2258062362671 48.373870849609375
endloop
endfacet
facet normal -0.0 -0.0 1.0
outer loop
vertex 39.972991943359375 144.0 48.373870849609375
vertex 49.392333984375 142.2258062362671 48.373870849609375
vertex 49.033538818359375 144.0 48.373870849609375
endloop
endfacet
facet normal 0.0 -1.0 0.0
outer loop
vertex 39.972991943359375 144.0 48.373870849609375
vertex 50.2708740234375 144.0 67.74148559570312
vertex 41.21038818359375 144.0 67.74148559570312
endloop
endfacet
facet normal 0.0 -1.0 0.0
outer loop
vertex 39.972991943359375 144.0 48.373870849609375
vertex 49.033538818359375 144.0 48.373870849609375
vertex 50.2708740234375 144.0 67.74148559570312
endloop
endfacet
facet normal 0.9992959618733768 -1.7310059349283572e-06 -0.03751773687959367
outer loop
vertex 49.7305908203125 144.0 41.917999267578125
vertex 49.972991943359375 156.0 48.373870849609375
vertex 49.7344970703125 142.2258062362671 42.022125244140625
endloop
endfacet
facet normal 0.9992958211327666 0.0 -0.03752148539956264
outer loop
vertex 49.7344970703125 142.2258062362671 42.022125244140625
vertex 49.972991943359375 156.0 48.373870849609375
vertex 49.972991943359375 142.2258062362671 48.373870849609375
endloop
endfacet
facet normal -0.0 0.0 1.0
outer loop
vertex 49.033538818359375 144.0 48.373870849609375
vertex 49.392333984375 142.2258062362671 48.373870849609375
vertex 49.972991943359375 156.0 48.373870849609375
endloop
endfacet
facet normal 0.0 0.0 0.9999999999999999
outer loop
vertex 49.392333984375 142.2258062362671 48.373870849609375
vertex 49.972991943359375 142.2258062362671 48.373870849609375
vertex 49.972991943359375 156.0 48.373870849609375
endloop
endfacet
facet normal 0.0 -1.0 0.0
outer loop
vertex 49.033538818359375 144.0 48.373870849609375
vertex 57.182769775390625 144.0 63.700347900390625
vertex 50.2708740234375 144.0 67.74148559570312
endloop
endfacet
facet normal 0.0 0.0 -1.0
outer loop
vertex 27.461181640625 142.0 67.74148559570312
vertex 41.21038818359375 144.0 67.74148559570312
vertex 63.461181640625 142.0 67.74148559570312
endloop
endfacet
facet normal 0.0 -1.0 0.0
outer loop
vertex 27.70355224609375 142.0 74.19735717773438
vertex 52.366851806640625 142.0 81.72915649414062
vertex 52.770843505859375 142.0 92.48892211914062
endloop
endfacet
facet normal 0.0 -1.0 0.0
outer loop
vertex 27.461181640625 142.0 67.74148559570312
vertex 63.461181640625 142.0 67.74148559570312
vertex 52.366851806640625 142.0 81.72915649414062
endloop
endfacet
facet normal 0.0 0.0 -1.0
outer loop
vertex 41.21038818359375 144.0 67.74148559570312
vertex 50.2708740234375 144.0 67.74148559570312
vertex 63.461181640625 142.0 67.74148559570312
endloop
endfacet
facet normal -0.9992958740023608 0.0 0.03752007731678632
outer loop
vertex 52.366851806640625 138.0 81.72915649414062
vertex 52.770843505859375 142.0 92.48892211914062
vertex 52.366851806640625 142.0 81.72915649414062
endloop
endfacet
facet normal -1.0 0.0 0.0
outer loop
vertex 43.43414306640625 3.0 86.02078247070312
vertex 43.43414306640625 3.0 98.02078247070312
vertex 43.43414306640625 34.0 93.56491088867188
endloop
endfacet
facet normal 0.0 -1.0 0.0
outer loop
vertex 43.43414306640625 3.0 86.02078247070312
vertex 43.785614013671875 3.0 86.02078247070312
vertex 47.3187255859375 3.0 92.66561889648438
endloop
endfacet
facet normal -0.8829481782043912 0.0 0.46947046190952885
outer loop
vertex 43.785614013671875 3.0 86.02078247070312
vertex 47.3187255859375 0.0 92.66561889648438
vertex 47.3187255859375 3.0 92.66561889648438
endloop
endfacet
facet normal 0.0 -1.0 0.0
outer loop
vertex 43.43414306640625 3.0 86.02078247070312
vertex 47.3187255859375 3.0 92.66561889648438
vertex 43.43414306640625 3.0 98.02078247070312
endloop
endfacet
facet normal 0.0 -1.0 0.0
outer loop
vertex 47.3187255859375 3.0 92.66561889648438
vertex 50.166107177734375 3.0 98.02078247070312
vertex 43.43414306640625 3.0 98.02078247070312
endloop
endfacet
facet normal 0.0 -0.0 1.0
outer loop
vertex 43.43414306640625 3.0 98.02078247070312
vertex 50.166107177734375 12.0 98.02078247070312
vertex 43.43414306640625 34.0 98.02078247070312
endloop
endfacet
facet normal -1.0 0.0 0.0
outer loop
vertex 43.43414306640625 3.0 86.02078247070312
vertex 43.43414306640625 34.0 93.56491088867188
vertex 43.43414306640625 37.0 86.02078247070312
endloop
endfacet
facet normal -1.0 0.0 0.0
outer loop
vertex 43.43414306640625 3.0 98.02078247070312
vertex 43.43414306640625 34.0 98.02078247070312
vertex 43.43414306640625 34.0 93.56491088867188
endloop
endfacet
facet normal -0.9999999999999999 0.0 0.0
outer loop
vertex 43.43414306640625 37.0 86.02078247070312
vertex 43.43414306640625 34.0 93.56491088867188
vertex 43.43414306640625 37.0 93.56491088867188
endloop
endfacet
facet normal 0.0 -1.0 0.0
outer loop
vertex 41.1917724609375 34.0 93.56491088867188
vertex 43.43414306640625 34.0 98.02078247070312
vertex 41.43414306640625 34.0 100.02078247070312
endloop
endfacet
facet normal 0.0 0.0 -1.0
outer loop
vertex 41.1917724609375 34.0 93.56491088867188
vertex 43.43414306640625 37.0 93.56491088867188
vertex 43.43414306640625 34.0 93.56491088867188
endloop
endfacet
facet normal 0.0 -1.0 0.0
outer loop
vertex 41.1917724609375 34.0 93.56491088867188
vertex 43.43414306640625 34.0 93.56491088867188
vertex 43.43414306640625 34.0 98.02078247070312
endloop
endfacet
facet normal -0.8829482345291191 0.0 0.4694703559777887
outer loop
vertex 47.3187255859375 0.0 92.66561889648438
vertex 50.166107177734375 3.0 98.02078247070312
vertex 47.3187255859375 3.0 92.66561889648438
endloop
endfacet
facet normal 0.0 0.0 1.0
outer loop
vertex 43.43414306640625 3.0 98.02078247070312
vertex 50.166107177734375 3.0 98.02078247070312
vertex 50.166107177734375 12.0 98.02078247070312
endloop
endfacet
facet normal -0.8829475987903522 -2.7376879915858523e-06 0.46947155162251997
outer loop
vertex 47.3187255859375 0.0 92.66561889648438
vertex 57.616668701171875 0.0 112.03323364257812
vertex 50.166107177734375 3.0 98.02078247070312
endloop
endfacet
facet normal -0.882947355833316 0.0 0.46947200856595905
outer loop
vertex 50.166107177734375 3.0 98.02078247070312
vertex 57.616668701171875 0.0 112.03323364257812
vertex 50.166107177734375 12.0 98.02078247070312
endloop
endfacet
facet normal 0.0 1.0 0.0
outer loop
vertex 43.43414306640625 37.0 86.02078247070312
vertex 43.43414306640625 37.0 93.56491088867188
vertex 75.43414306640625 37.0 93.56491088867188
endloop
endfacet
facet normal 0.0 -1.0 0.0
outer loop
vertex 41.43414306640625 34.0 100.02078247070312
vertex 43.43414306640625 34.0 98.02078247070312
vertex 77.43414306640625 34.0 100.02078247070312
endloop
endfacet
facet normal 0.0 0.0 -0.9999999999999999
outer loop
vertex 41.1917724609375 34.0 93.56491088867188
vertex 41.1917724609375 142.0 93.56491088867188
vertex 43.43414306640625 37.0 93.56491088867188
endloop
endfacet
facet normal -0.9992960183442651 0.0 0.037516232770603807
outer loop
vertex 41.1917724609375 34.0 93.56491088867188
vertex 41.43414306640625 34.0 100.02078247070312
vertex 41.43414306640625 142.0 100.02078247070312
endloop
endfacet
facet normal 0.0 0.0 -1.0
outer loop
vertex 43.43414306640625 37.0 93.56491088867188
vertex 41.1917724609375 142.0 93.56491088867188
vertex 75.43414306640625 37.0 93.56491088867188
endloop
endfacet
facet normal 0.0 -1.0 0.0
outer loop
vertex 27.70355224609375 142.0 74.19735717773438
vertex 41.1917724609375 142.0 93.56491088867188
vertex 41.43414306640625 142.0 100.02078247070312
endloop
endfacet
facet normal -0.8829471388338594 0.0 0.4694724166818549
outer loop
vertex 27.70355224609375 142.0 74.19735717773438
vertex 41.43414306640625 142.0 100.02078247070312
vertex 41.43414306640625 144.0 100.02078247070312
endloop
endfacet
facet normal -0.8829471388338594 0.0 0.46947241668185496
outer loop
vertex 27.70355224609375 142.0 74.19735717773438
vertex 41.43414306640625 144.0 100.02078247070312
vertex 41.43414306640625 156.0 100.02078247070312
endloop
endfacet
facet normal 0.0 -1.0 0.0
outer loop
vertex 27.70355224609375 142.0 74.19735717773438
vertex 52.770843505859375 142.0 92.48892211914062
vertex 41.1917724609375 142.0 93.56491088867188
endloop
endfacet
facet normal -0.9992960183442651 0.0 0.037516232770603807
outer loop
vertex 41.1917724609375 34.0 93.56491088867188
vertex 41.43414306640625 142.0 100.02078247070312
vertex 41.1917724609375 142.0 93.56491088867188
endloop
endfacet
facet normal 0.0 -0.0 1.0
outer loop
vertex 41.43414306640625 34.0 100.02078247070312
vertex 58.065582275390625 142.0 100.02078247070312
vertex 41.43414306640625 142.0 100.02078247070312
endloop
endfacet
facet normal 0.0 -0.0 1.0
outer loop
vertex 41.43414306640625 142.0 100.02078247070312
vertex 58.065582275390625 142.0 100.02078247070312
vertex 41.43414306640625 144.0 100.02078247070312
endloop
endfacet
facet normal -0.9992958740023608 0.0 0.03752007731678632
outer loop
vertex 52.366851806640625 138.0 81.72915649414062
vertex 52.770843505859375 138.0 92.48892211914062
vertex 52.770843505859375 142.0 92.48892211914062
endloop
endfacet
facet normal 0.0 -1.0 0.0
outer loop
vertex 41.1917724609375 142.0 93.56491088867188
vertex 52.770843505859375 142.0 92.48892211914062
vertex 63.4375 142.0 92.48892211914062
endloop
endfacet
facet normal -0.0 0.0 1.0
outer loop
vertex 41.43414306640625 144.0 100.02078247070312
vertex 58.065582275390625 142.0 100.02078247070312
vertex 58.37359619140625 144.0 100.02078247070312
endloop
endfacet
facet normal 0.0 0.0 1.0
outer loop
vertex 41.43414306640625 144.0 100.02078247070312
vertex 58.37359619140625 144.0 100.02078247070312
vertex 58.37359619140625 154.0 100.02078247070312
endloop
endfacet
facet normal 0.0 0.0 -0.9999999999999999
outer loop
vertex 0.0 142.0 16.094512939453125
vertex 0.0 154.0 16.094512939453125
vertex 5.142852783203125 154.0 16.094512939453125
endloop
endfacet
facet normal -0.9992959618733768 -1.7310059349283572e-06 0.03751773687959367
outer loop
vertex 0.242401123046875 142.0 22.550384521484375
vertex 0.00390625 155.7741937637329 16.198638916015625
vertex 0.0 154.0 16.094512939453125
endloop
endfacet
facet normal -0.9992958211327667 0.0 0.03752148539956265
outer loop
vertex 0.242401123046875 142.0 22.550384521484375
vertex 0.242401123046875 154.0 22.550384521484375
vertex 0.00390625 155.7741937637329 16.198638916015625
endloop
endfacet
facet normal -0.9992958211327666 0.0 0.03752148539956264
outer loop
vertex 0.00390625 155.7741937637329 16.198638916015625
vertex 0.242401123046875 154.0 22.550384521484375
vertex 0.242401123046875 156.0 22.550384521484375
endloop
endfacet
facet normal -0.4694731536734254 0.0 -0.8829467469671816
outer loop
vertex 12.010986328125 146.20000004768372 6.00921630859375
vertex 9.185546875 154.0 7.51153564453125
vertex 12.010986328125 151.79999995231628 6.00921630859375
endloop
endfacet
facet normal -0.882946944663037 0.0 0.46947278186302555
outer loop
vertex 9.185546875 144.0 7.51153564453125
vertex 12.46527099609375 154.0 13.679779052734375
vertex 9.185546875 154.0 7.51153564453125
endloop
endfacet
facet normal 0.0 0.0 -1.0
outer loop
vertex 13.74920654296875 144.0 16.094512939453125
vertex 5.142852783203125 154.0 16.094512939453125
vertex 13.74920654296875 154.0 16.094512939453125
endloop
endfacet
facet normal 0.0 -0.0 -1.0
outer loop
vertex 5.142852783203125 154.0 16.094512939453125
vertex 14.153778076171875 156.0 16.094512939453125
vertex 13.74920654296875 154.0 16.094512939453125
endloop
endfacet
facet normal -0.8829477801442928 0.0 0.46947121055317703
outer loop
vertex 12.46527099609375 144.0 13.679779052734375
vertex 13.74920654296875 154.0 16.094512939453125
vertex 12.46527099609375 154.0 13.679779052734375
endloop
endfacet
facet normal -0.882947598793661 0.0 0.4694715516242793
outer loop
vertex 0.242401123046875 142.0 22.550384521484375
vertex 13.972991943359375 156.0 48.373870849609375
vertex 0.242401123046875 154.0 22.550384521484375
endloop
endfacet
facet normal -0.8829475987936609 0.0 0.4694715516242792
outer loop
vertex 0.242401123046875 154.0 22.550384521484375
vertex 13.972991943359375 156.0 48.373870849609375
vertex 0.242401123046875 156.0 22.550384521484375
endloop
endfacet
facet normal -0.0 1.0 0.0
outer loop
vertex 0.242401123046875 156.0 22.550384521484375
vertex 13.972991943359375 156.0 48.373870849609375
vertex 24.90570068359375 156.0 30.082244873046875
endloop
endfacet
facet normal -0.999297067228552 0.0 0.0374882838819621
outer loop
vertex 0.0 154.0 16.094512939453125
vertex 0.00390625 155.7741937637329 16.198638916015625
vertex 0.0 264.0 16.094512939453125
endloop
endfacet
facet normal -0.9992958211327667 0.0 0.03752148539956265
outer loop
vertex 0.00390625 155.7741937637329 16.198638916015625
vertex 0.242401123046875 156.0 22.550384521484375
vertex 0.242401123046875 264.0 22.550384521484375
endloop
endfacet
facet normal -0.4694709703839955 3.596704149255361e-06 -0.8829479078370215
outer loop
vertex 9.185546875 154.0 7.51153564453125
vertex 23.312713623046875 154.0 0.0
vertex 12.010986328125 151.79999995231628 6.00921630859375
endloop
endfacet
facet normal 0.8829480406972705 0.0 -0.46947072052349686
outer loop
vertex 12.010986328125 146.20000004768372 6.00921630859375
vertex 12.010986328125 151.79999995231628 6.00921630859375
vertex 17.785491943359375 151.79999995231628 16.8695068359375
endloop
endfacet
facet normal -0.0 1.0 0.0
outer loop
vertex 9.185546875 154.0 7.51153564453125
vertex 12.46527099609375 154.0 13.679779052734375
vertex 26.288970947265625 154.0 5.5975341796875
endloop
endfacet
facet normal -0.46947199310431176 1.0336057131874343e-05 -0.8829473639939309
outer loop
vertex 12.010986328125 151.79999995231628 6.00921630859375
vertex 23.312713623046875 154.0 0.0
vertex 20.487274169921875 151.79999995231628 1.502288818359375
endloop
endfacet
facet normal 0.0 1.0 0.0
outer loop
vertex 9.185546875 154.0 7.51153564453125
vertex 26.288970947265625 154.0 5.5975341796875
vertex 23.312713623046875 154.0 0.0
endloop
endfacet
facet normal 0.0 -0.9999999999999999 0.0
outer loop
vertex 12.010986328125 151.79999995231628 6.00921630859375
vertex 20.487274169921875 151.79999995231628 1.502288818359375
vertex 26.26177978515625 151.79999995231628 12.362579345703125
endloop
endfacet
facet normal -0.0 1.0 0.0
outer loop
vertex 12.46527099609375 154.0 13.679779052734375
vertex 13.74920654296875 154.0 16.094512939453125
vertex 26.288970947265625 154.0 5.5975341796875
endloop
endfacet
facet normal 0.0 -0.9999999999999999 0.0
outer loop
vertex 12.010986328125 151.79999995231628 6.00921630859375
vertex 26.26177978515625 151.79999995231628 12.362579345703125
vertex 17.785491943359375 151.79999995231628 16.8695068359375
endloop
endfacet
facet normal 0.0 0.0 -1.0
outer loop
vertex 13.74920654296875 154.0 16.094512939453125
vertex 14.153778076171875 156.0 16.094512939453125
vertex 31.870330810546875 154.0 16.094512939453125
endloop
endfacet
facet normal -0.4694657188525612 0.0 -0.8829507001085893
outer loop
vertex 23.312713623046875 144.0 0.0
vertex 20.487274169921875 151.79999995231628 1.502288818359375
vertex 23.312713623046875 154.0 0.0
endloop
endfacet
facet normal 0.8829478801090029 0.0 -0.4694710225466722
outer loop
vertex 26.288970947265625 144.0 5.5975341796875
vertex 23.312713623046875 154.0 0.0
vertex 26.288970947265625 154.0 5.5975341796875
endloop
endfacet
facet normal -0.8829480406972705 0.0 0.46947072052349686
outer loop
vertex 26.26177978515625 146.20000004768372 12.362579345703125
vertex 26.26177978515625 151.79999995231628 12.362579345703125
vertex 20.487274169921875 151.79999995231628 1.502288818359375
endloop
endfacet
facet normal -0.4694719931293895 0.0 -0.8829473640410952
outer loop
vertex 17.785491943359375 146.20000004768372 16.8695068359375
vertex 17.785491943359375 151.79999995231628 16.8695068359375
vertex 26.26177978515625 151.79999995231628 12.362579345703125
endloop
endfacet
facet normal -0.0 0.9999999999999999 0.0
outer loop
vertex 13.74920654296875 154.0 16.094512939453125
vertex 31.870330810546875 154.0 16.094512939453125
vertex 26.288970947265625 154.0 5.5975341796875
endloop
endfacet
facet normal 0.0 -0.0 -1.0
outer loop
vertex 14.153778076171875 156.0 16.094512939453125
vertex 31.945404052734375 156.0 16.094512939453125
vertex 31.870330810546875 154.0 16.094512939453125
endloop
endfacet
facet normal -0.0 1.0 0.0
outer loop
vertex 0.242401123046875 156.0 22.550384521484375
vertex 24.90570068359375 156.0 30.082244873046875
vertex 35.437713623046875 156.0 26.49566650390625
endloop
endfacet
facet normal -0.0 1.0 0.0
outer loop
vertex 0.242401123046875 156.0 22.550384521484375
vertex 35.437713623046875 156.0 26.49566650390625
vertex 36.242401123046875 156.0 22.550384521484375
endloop
endfacet
facet normal -0.0 1.0 -0.0
outer loop
vertex 24.90570068359375 156.0 30.082244873046875
vertex 13.972991943359375 156.0 48.373870849609375
vertex 25.3096923828125 156.0 40.842010498046875
endloop
endfacet
facet normal -0.9992958740023608 0.0 0.03752007731678632
outer loop
vertex 24.90570068359375 156.0 30.082244873046875
vertex 25.3096923828125 156.0 40.842010498046875
vertex 25.3096923828125 160.0 40.842010498046875
endloop
endfacet
facet normal -0.9992958740023608 0.0 0.03752007731678632
outer loop
vertex 24.90570068359375 156.0 30.082244873046875
vertex 25.3096923828125 160.0 40.842010498046875
vertex 24.90570068359375 160.0 30.082244873046875
endloop
endfacet
facet normal 0.0 -0.0 -0.9999999999999999
outer loop
vertex 0.0 154.0 16.094512939453125
vertex 36.0 264.0 16.094512939453125
vertex 5.142852783203125 154.0 16.094512939453125
endloop
endfacet
facet normal 0.0 -0.0 -1.0
outer loop
vertex 5.142852783203125 154.0 16.094512939453125
vertex 36.0 264.0 16.094512939453125
vertex 14.153778076171875 156.0 16.094512939453125
endloop
endfacet
facet normal 0.0 0.0 1.0
outer loop
vertex 0.242401123046875 156.0 22.550384521484375
vertex 36.242401123046875 156.0 22.550384521484375
vertex 36.242401123046875 264.0 22.550384521484375
endloop
endfacet
facet normal 0.0 -0.0 1.0
outer loop
vertex 13.972991943359375 144.0 48.373870849609375
vertex 30.91241455078125 154.0 48.373870849609375
vertex 13.972991943359375 156.0 48.373870849609375
endloop
endfacet
facet normal 0.0 0.0 -0.9999999999999999
outer loop
vertex 0.0 154.0 16.094512939453125
vertex 0.0 264.0 16.094512939453125
vertex 2.242401123046875 261.0 16.094512939453125
endloop
endfacet
facet normal -0.999295841239623 3.1472805620820266e-08 0.03752094989726266
outer loop
vertex 0.00390625 155.7741937637329 16.198638916015625
vertex 0.242401123046875 264.0 22.550384521484375
vertex 0.0 264.0 16.094512939453125
endloop
endfacet
facet normal 0.0 0.0 -0.9999999999999999
outer loop
vertex 0.0 154.0 16.094512939453125
vertex 2.242401123046875 261.0 16.094512939453125
vertex 34.242401123046875 261.0 16.094512939453125
endloop
endfacet
facet normal 0.0 -0.0 1.0
outer loop
vertex 0.242401123046875 156.0 22.550384521484375
vertex 36.242401123046875 264.0 22.550384521484375
vertex 0.242401123046875 264.0 22.550384521484375
endloop
endfacet
facet normal -0.46947279769416306 -0.0 -0.8829469362454435
outer loop
vertex 2.242401123046875 261.0 11.203277587890625
vertex 7.23175048828125 286.0 8.550384521484375
vertex 7.23175048828125 261.0 8.550384521484375
endloop
endfacet
facet normal 0.0 0.0 -1.0
outer loop
vertex 0.0 264.0 16.094512939453125
vertex 2.242401123046875 264.0 16.094512939453125
vertex 2.242401123046875 261.0 16.094512939453125
endloop
endfacet
facet normal -1.0 0.0 0.0
outer loop
vertex 2.242401123046875 261.0 11.203277587890625
vertex 2.242401123046875 261.0 16.094512939453125
vertex 2.242401123046875 264.0 16.094512939453125
endloop
endfacet
facet normal -0.0 1.0 0.0
outer loop
vertex 0.0 264.0 16.094512939453125
vertex 2.242401123046875 264.0 20.550384521484375
vertex 2.242401123046875 264.0 16.094512939453125
endloop
endfacet
facet normal -0.0 1.0 0.0
outer loop
vertex 0.0 264.0 16.094512939453125
vertex 0.242401123046875 264.0 22.550384521484375
vertex 2.242401123046875 264.0 20.550384521484375
endloop
endfacet
facet normal -1.0 0.0 0.0
outer loop
vertex 2.242401123046875 261.0 11.203277587890625
vertex 2.242401123046875 264.0 16.094512939453125
vertex 2.242401123046875 295.0 20.550384521484375
endloop
endfacet
facet normal -1.0 0.0 0.0
outer loop
vertex 2.242401123046875 264.0 16.094512939453125
vertex 2.242401123046875 264.0 20.550384521484375
vertex 2.242401123046875 295.0 20.550384521484375
endloop
endfacet
facet normal 0.0 -1.0 0.0
outer loop
vertex 2.242401123046875 261.0 11.203277587890625
vertex 7.23175048828125 261.0 8.550384521484375
vertex 2.242401123046875 261.0 16.094512939453125
endloop
endfacet
facet normal -0.46947279769416306 0.0 -0.8829469362454436
outer loop
vertex 2.242401123046875 261.0 11.203277587890625
vertex 2.242401123046875 295.0 11.203277587890625
vertex 7.23175048828125 286.0 8.550384521484375
endloop
endfacet
facet normal -0.46948219186040835 -6.680241331480596e-06 -0.8829419411724201
outer loop
vertex 3.616058349609375 295.0 10.472869873046875
vertex 7.23175048828125 286.0 8.550384521484375
vertex 2.242401123046875 295.0 11.203277587890625
endloop
endfacet
facet normal -0.4694683820647953 0.0 -0.882949284070984
outer loop
vertex 3.616058349609375 295.0 10.472869873046875
vertex 3.616058349609375 295.8679656982422 10.472869873046875
vertex 6.882965087890625 293.4863586425781 8.73583984375
endloop
endfacet
facet normal -0.46946405949369246 2.6637749147821533e-06 -0.8829515823852445
outer loop
vertex 3.616058349609375 295.0 10.472869873046875
vertex 6.882965087890625 288.1999969482422 8.73583984375
vertex 7.23175048828125 286.0 8.550384521484375
endloop
endfacet
facet normal -0.46946838206479535 -0.0 -0.882949284070984
outer loop
vertex 3.616058349609375 295.0 10.472869873046875
vertex 6.882965087890625 293.4863586425781 8.73583984375
vertex 6.882965087890625 288.1999969482422 8.73583984375
endloop
endfacet
facet normal -0.46946838206479535 -0.0 -0.8829492840709842
outer loop
vertex 3.616058349609375 295.8679656982422 10.472869873046875
vertex 6.882965087890625 295.8000030517578 8.73583984375
vertex 6.882965087890625 293.4863586425781 8.73583984375
endloop
endfacet
facet normal -1.0 0.0 0.0
outer loop
vertex 2.242401123046875 261.0 11.203277587890625
vertex 2.242401123046875 295.0 20.550384521484375
vertex 2.242401123046875 295.0 11.203277587890625
endloop
endfacet
facet normal 0.0 -0.0 1.0
outer loop
vertex 2.242401123046875 264.0 20.550384521484375
vertex 8.974365234375 295.0 20.550384521484375
vertex 2.242401123046875 295.0 20.550384521484375
endloop
endfacet
facet normal 0.0 0.0 1.0
outer loop
vertex 2.242401123046875 264.0 20.550384521484375
vertex 8.974365234375 286.0 20.550384521484375
vertex 8.974365234375 295.0 20.550384521484375
endloop
endfacet
facet normal 0.0 1.0 -0.0
outer loop
vertex 3.616058349609375 295.0 10.472869873046875
vertex 2.242401123046875 295.0 11.203277587890625
vertex 6.126983642578125 295.0 15.195220947265625
endloop
endfacet
facet normal -0.8829470745785956 0.0 0.4694725375281287
outer loop
vertex 3.616058349609375 295.0 10.472869873046875
vertex 6.126983642578125 295.0 15.195220947265625
vertex 3.616058349609375 295.8679656982422 10.472869873046875
endloop
endfacet
facet normal -0.8829470745785954 0.0 0.4694725375281286
outer loop
vertex 3.616058349609375 295.8679656982422 10.472869873046875
vertex 6.126983642578125 298.0 15.195220947265625
vertex 3.616058349609375 298.0 10.472869873046875
endloop
endfacet
facet normal -0.0 1.0 0.0
outer loop
vertex 2.242401123046875 295.0 11.203277587890625
vertex 2.242401123046875 295.0 20.550384521484375
vertex 6.126983642578125 295.0 15.195220947265625
endloop
endfacet
facet normal -0.8829470745785954 0.0 0.4694725375281286
outer loop
vertex 3.616058349609375 295.8679656982422 10.472869873046875
vertex 6.126983642578125 295.0 15.195220947265625
vertex 6.126983642578125 298.0 15.195220947265625
endloop
endfacet
facet normal -0.0 1.0 0.0
outer loop
vertex 2.242401123046875 295.0 20.550384521484375
vertex 8.974365234375 295.0 20.550384521484375
vertex 6.126983642578125 295.0 15.195220947265625
endloop
endfacet
facet normal 0.0 0.0 -1.0
outer loop
vertex 7.23175048828125 261.0 8.550384521484375
vertex 7.23175048828125 286.0 8.550384521484375
vertex 17.492156982421875 286.0 8.550384521484375
endloop
endfacet
facet normal -0.0 1.0 -0.0
outer loop
vertex 2.242401123046875 264.0 20.550384521484375
vertex 0.242401123046875 264.0 22.550384521484375
vertex 34.242401123046875 264.0 20.550384521484375
endloop
endfacet
facet normal -0.4694710251172871 0.0 -0.8829478787421844
outer loop
vertex 3.616058349609375 295.8679656982422 10.472869873046875
vertex 3.616058349609375 298.0 10.472869873046875
vertex 23.040924072265625 298.0 0.144500732421875
endloop
endfacet
facet normal -0.4694716016398786 1.1299996835953689e-06 -0.8829475721991712
outer loop
vertex 7.23175048828125 286.0 8.550384521484375
vertex 6.882965087890625 288.1999969482422 8.73583984375
vertex 19.77398681640625 288.1999969482422 1.881561279296875
endloop
endfacet
facet normal -0.0 1.0 0.0
outer loop
vertex 6.882965087890625 288.1999969482422 8.73583984375
vertex 12.657470703125 288.1999969482422 19.596099853515625
vertex 19.77398681640625 288.1999969482422 1.881561279296875
endloop
endfacet
facet normal -0.4694688030456035 -2.596692606566627e-05 -0.8829490598514996
outer loop
vertex 3.616058349609375 295.8679656982422 10.472869873046875
vertex 23.040924072265625 298.0 0.144500732421875
vertex 6.882965087890625 295.8000030517578 8.73583984375
endloop
endfacet
facet normal -0.0 1.0 0.0
outer loop
vertex 3.616058349609375 298.0 10.472869873046875
vertex 6.126983642578125 298.0 15.195220947265625
vertex 23.040924072265625 298.0 0.144500732421875
endloop
endfacet
facet normal 0.8829474938548215 0.0 -0.4694717489854847
outer loop
vertex 6.882965087890625 288.1999969482422 8.73583984375
vertex 6.882965087890625 293.4863586425781 8.73583984375
vertex 12.657470703125 295.8000030517578 19.596099853515625
endloop
endfacet
facet normal 0.8829474938548215 0.0 -0.4694717489854847
outer loop
vertex 6.882965087890625 293.4863586425781 8.73583984375
vertex 6.882965087890625 295.8000030517578 8.73583984375
vertex 12.657470703125 295.8000030517578 19.596099853515625
endloop
endfacet
facet normal -0.8829482345291191 0.0 0.4694703559777887
outer loop
vertex 6.126983642578125 295.0 15.195220947265625
vertex 8.974365234375 295.0 20.550384521484375
vertex 6.126983642578125 298.0 15.195220947265625
endloop
endfacet
facet normal 0.8829474938548215 0.0 -0.4694717489854847
outer loop
vertex 6.882965087890625 288.1999969482422 8.73583984375
vertex 12.657470703125 295.8000030517578 19.596099853515625
vertex 12.657470703125 288.1999969482422 19.596099853515625
endloop
endfacet
facet normal -0.8829469320037241 0.0 0.4694728056716501
outer loop
vertex 8.974365234375 286.0 20.550384521484375
vertex 16.4249267578125 286.0 34.56280517578125
vertex 8.974365234375 295.0 20.550384521484375
endloop
endfacet
facet normal -0.8829472921468052 4.058177378450368e-06 0.4694721283251598
outer loop
vertex 6.126983642578125 298.0 15.195220947265625
vertex 8.974365234375 295.0 20.550384521484375
vertex 16.4249267578125 298.0 34.56280517578125
endloop
endfacet
facet normal 0.0 0.0 -1.0
outer loop
vertex 0.0 154.0 16.094512939453125
vertex 34.242401123046875 261.0 16.094512939453125
vertex 36.0 264.0 16.094512939453125
endloop
endfacet
facet normal 0.0 0.0 -1.0
outer loop
vertex 7.23175048828125 261.0 8.550384521484375
vertex 17.492156982421875 286.0 8.550384521484375
vertex 34.242401123046875 261.0 8.550384521484375
endloop
endfacet
facet normal 0.0 -1.0 0.0
outer loop
vertex 2.242401123046875 261.0 16.094512939453125
vertex 7.23175048828125 261.0 8.550384521484375
vertex 34.242401123046875 261.0 8.550384521484375
endloop
endfacet
facet normal 0.0 -0.0 1.0
outer loop
vertex 2.242401123046875 264.0 20.550384521484375
vertex 34.242401123046875 264.0 20.550384521484375
vertex 8.974365234375 286.0 20.550384521484375
endloop
endfacet
facet normal -0.4694714359815593 -8.142672852383381e-08 -0.8829476602819705
outer loop
vertex 7.23175048828125 286.0 8.550384521484375
vertex 19.77398681640625 288.1999969482422 1.881561279296875
vertex 23.040924072265625 286.0 0.144500732421875
endloop
endfacet
facet normal 0.0 -1.0 0.0
outer loop
vertex 7.23175048828125 286.0 8.550384521484375
vertex 23.040924072265625 286.0 0.144500732421875
vertex 17.492156982421875 286.0 8.550384521484375
endloop
endfacet
facet normal -0.46947160164014134 3.9697284378817753e-07 -0.8829475721996652
outer loop
vertex 6.882965087890625 295.8000030517578 8.73583984375
vertex 23.040924072265625 298.0 0.144500732421875
vertex 19.77398681640625 295.8000030517578 1.881561279296875
endloop
endfacet
facet normal 0.0 -1.0 0.0
outer loop
vertex 6.882965087890625 295.8000030517578 8.73583984375
vertex 19.77398681640625 295.8000030517578 1.881561279296875
vertex 25.54852294921875 295.8000030517578 12.7418212890625
endloop
endfacet
facet normal 0.0 1.0 0.0
outer loop
vertex 6.126983642578125 298.0 15.195220947265625
vertex 25.13458251953125 298.0 4.082122802734375
vertex 23.040924072265625 298.0 0.144500732421875
endloop
endfacet
facet normal 0.0 -1.0 0.0
outer loop
vertex 6.882965087890625 295.8000030517578 8.73583984375
vertex 25.54852294921875 295.8000030517578 12.7418212890625
vertex 12.657470703125 295.8000030517578 19.596099853515625
endloop
endfacet
facet normal -0.0 0.9999999999999999 0.0
outer loop
vertex 6.126983642578125 298.0 15.195220947265625
vertex 16.4249267578125 298.0 34.56280517578125
vertex 25.13458251953125 298.0 4.082122802734375
endloop
endfacet
facet normal 0.0 1.0 0.0
outer loop
vertex 12.657470703125 288.1999969482422 19.596099853515625
vertex 25.54852294921875 288.1999969482422 12.7418212890625
vertex 19.77398681640625 288.1999969482422 1.881561279296875
endloop
endfacet
facet normal -0.46947073519478544 0.0 -0.8829480328964256
outer loop
vertex 12.657470703125 288.1999969482422 19.596099853515625
vertex 12.657470703125 295.8000030517578 19.596099853515625
vertex 25.54852294921875 295.8000030517578 12.7418212890625
endloop
endfacet
facet normal 0.0 0.0 -0.9999999999999999
outer loop
vertex 17.492156982421875 286.0 8.550384521484375
vertex 27.510406494140625 286.0 8.550384521484375
vertex 34.242401123046875 261.0 8.550384521484375
endloop
endfacet
facet normal 0.0 -1.0 0.0
outer loop
vertex 2.242401123046875 261.0 16.094512939453125
vertex 34.242401123046875 261.0 8.550384521484375
vertex 34.242401123046875 261.0 16.094512939453125
endloop
endfacet
facet normal -0.0 -0.0 1.0
outer loop
vertex 8.974365234375 286.0 20.550384521484375
vertex 34.242401123046875 264.0 20.550384521484375
vertex 33.89093017578125 286.0 20.550384521484375
endloop
endfacet
facet normal 0.0 -1.0 0.0
outer loop
vertex 17.492156982421875 286.0 8.550384521484375
vertex 23.040924072265625 286.0 0.144500732421875
vertex 25.13458251953125 286.0 4.082122802734375
endloop
endfacet
facet normal 0.0 -1.0 0.0
outer loop
vertex 17.492156982421875 286.0 8.550384521484375
vertex 25.13458251953125 286.0 4.082122802734375
vertex 27.510406494140625 286.0 8.550384521484375
endloop
endfacet
facet normal -0.46947139323332393 0.0 -0.882947683011605
outer loop
vertex 19.77398681640625 288.1999969482422 1.881561279296875
vertex 19.77398681640625 295.8000030517578 1.881561279296875
vertex 23.040924072265625 286.0 0.144500732421875
endloop
endfacet
facet normal -0.46947139323332393 -0.0 -0.8829476830116051
outer loop
vertex 19.77398681640625 295.8000030517578 1.881561279296875
vertex 23.040924072265625 298.0 0.144500732421875
vertex 23.040924072265625 286.0 0.144500732421875
endloop
endfacet
facet normal -0.8829464653899782 0.0 0.4694736832404387
outer loop
vertex 19.77398681640625 288.1999969482422 1.881561279296875
vertex 25.54852294921875 288.1999969482422 12.7418212890625
vertex 19.77398681640625 295.8000030517578 1.881561279296875
endloop
endfacet
facet normal -0.8829464653899782 0.0 0.4694736832404387
outer loop
vertex 19.77398681640625 295.8000030517578 1.881561279296875
vertex 25.54852294921875 288.1999969482422 12.7418212890625
vertex 25.54852294921875 295.8000030517578 12.7418212890625
endloop
endfacet
facet normal 0.8829487403921074 0.0 -0.46946940458350533
outer loop
vertex 23.040924072265625 286.0 0.144500732421875
vertex 23.040924072265625 298.0 0.144500732421875
vertex 25.13458251953125 286.0 4.082122802734375
endloop
endfacet
facet normal 0.8829487403921074 0.0 -0.46946940458350533
outer loop
vertex 23.040924072265625 298.0 0.144500732421875
vertex 25.13458251953125 298.0 4.082122802734375
vertex 25.13458251953125 286.0 4.082122802734375
endloop
endfacet
facet normal 0.8829470132899332 0.0 -0.46947265279501277
outer loop
vertex 25.13458251953125 286.0 4.082122802734375
vertex 25.13458251953125 298.0 4.082122802734375
vertex 27.510406494140625 295.0 8.550384521484375
endloop
endfacet
facet normal 0.8829470132899332 0.0 -0.46947265279501277
outer loop
vertex 25.13458251953125 286.0 4.082122802734375
vertex 27.510406494140625 295.0 8.550384521484375
vertex 27.510406494140625 286.0 8.550384521484375
endloop
endfacet
facet normal -0.46947073519478544 -0.0 -0.8829480328964256
outer loop
vertex 12.657470703125 288.1999969482422 19.596099853515625
vertex 25.54852294921875 295.8000030517578 12.7418212890625
vertex 25.54852294921875 288.1999969482422 12.7418212890625
endloop
endfacet
facet normal 0.0 -1.0 0.0
outer loop
vertex 8.974365234375 286.0 20.550384521484375
vertex 33.89093017578125 286.0 20.550384521484375
vertex 35.432525634765625 286.0 23.44970703125
endloop
endfacet
facet normal -0.0 0.9999999999999999 -0.0
outer loop
vertex 25.13458251953125 298.0 4.082122802734375
vertex 16.4249267578125 298.0 34.56280517578125
vertex 35.432525634765625 298.0 23.44970703125
endloop
endfacet
facet normal -0.8829469320037241 0.0 0.4694728056716501
outer loop
vertex 8.974365234375 295.0 20.550384521484375
vertex 16.4249267578125 286.0 34.56280517578125
vertex 16.4249267578125 298.0 34.56280517578125
endloop
endfacet
facet normal 0.0 -1.0 0.0
outer loop
vertex 8.974365234375 286.0 20.550384521484375
vertex 35.432525634765625 286.0 23.44970703125
vertex 16.4249267578125 286.0 34.56280517578125
endloop
endfacet
facet normal -0.8829472921540759 0.0 0.46947212832902563
outer loop
vertex 16.4249267578125 286.0 34.56280517578125
vertex 26.722869873046875 298.0 53.930389404296875
vertex 16.4249267578125 298.0 34.56280517578125
endloop
endfacet
facet normal -0.0 1.0 0.0
outer loop
vertex 0.242401123046875 264.0 22.550384521484375
vertex 36.242401123046875 264.0 22.550384521484375
vertex 34.242401123046875 264.0 20.550384521484375
endloop
endfacet
facet normal 0.0 -0.9999999999999999 0.0
outer loop
vertex 16.4249267578125 286.0 34.56280517578125
vertex 35.432525634765625 286.0 23.44970703125
vertex 26.722869873046875 286.0 53.930389404296875
endloop
endfacet
facet normal -0.8829472921540759 0.0 0.46947212832902563
outer loop
vertex 16.4249267578125 286.0 34.56280517578125
vertex 26.722869873046875 286.0 53.930389404296875
vertex 26.722869873046875 298.0 53.930389404296875
endloop
endfacet
facet normal 0.8829469913061627 0.0 -0.469472694140346
outer loop
vertex 26.288970947265625 144.0 5.5975341796875
vertex 26.288970947265625 154.0 5.5975341796875
vertex 31.870330810546875 154.0 16.094512939453125
endloop
endfacet
facet normal 0.0 0.0 -1.0
outer loop
vertex 31.870330810546875 154.0 16.094512939453125
vertex 31.945404052734375 156.0 16.094512939453125
vertex 36.0 154.0 16.094512939453125
endloop
endfacet
facet normal 0.0 0.0 -1.0
outer loop
vertex 36.0 142.0 16.094512939453125
vertex 31.870330810546875 154.0 16.094512939453125
vertex 36.0 154.0 16.094512939453125
endloop
endfacet
facet normal 0.0 0.0 -1.0
outer loop
vertex 31.945404052734375 156.0 16.094512939453125
vertex 36.0 156.0 16.094512939453125
vertex 36.0 154.0 16.094512939453125
endloop
endfacet
facet normal 0.8829476104474576 0.0 -0.469471529706674
outer loop
vertex 40.5963134765625 143.95921516418457 24.738922119140625
vertex 36.0 154.0 16.094512939453125
vertex 36.0 156.0 16.094512939453125
endloop
endfacet
facet normal -0.32236143840724596 0.0 -0.946616661076706
outer loop
vertex 24.90570068359375 156.0 30.082244873046875
vertex 24.90570068359375 160.0 30.082244873046875
vertex 35.437713623046875 156.0 26.49566650390625
endloop
endfacet
facet normal 0.0 -0.0 1.0
outer loop
vertex 25.3096923828125 156.0 40.842010498046875
vertex 35.976348876953125 156.0 40.842010498046875
vertex 25.3096923828125 160.0 40.842010498046875
endloop
endfacet
facet normal 0.35109322579353314 0.9362477092398428 -0.01318232699632077
outer loop
vertex 24.90570068359375 160.0 30.082244873046875
vertex 25.3096923828125 160.0 40.842010498046875
vertex 35.976348876953125 156.0 40.842010498046875
endloop
endfacet
facet normal 0.35109279607331817 0.9362478774907608 -0.013181822312001178
outer loop
vertex 24.90570068359375 160.0 30.082244873046875
vertex 35.976348876953125 156.0 40.842010498046875
vertex 35.437713623046875 156.0 26.49566650390625
endloop
endfacet
facet normal 0.8829476104474577 0.0 -0.4694715297066741
outer loop
vertex 40.5963134765625 143.95921516418457 24.738922119140625
vertex 36.0 156.0 16.094512939453125
vertex 40.5963134765625 154.04078483581543 24.738922119140625
endloop
endfacet
facet normal -0.3222740561813167 0.0 -0.946646413774669
outer loop
vertex 40.5963134765625 143.95921516418457 24.738922119140625
vertex 40.5963134765625 154.04078483581543 24.738922119140625
vertex 40.703704833984375 154.0 24.702362060546875
endloop
endfacet
facet normal 0.0 1.0 0.0
outer loop
vertex 36.0 156.0 16.094512939453125
vertex 36.242401123046875 156.0 22.550384521484375
vertex 49.7305908203125 156.0 41.917999267578125
endloop
endfacet
facet normal -0.0 1.0 0.0
outer loop
vertex 35.437713623046875 156.0 26.49566650390625
vertex 49.7305908203125 156.0 41.917999267578125
vertex 36.242401123046875 156.0 22.550384521484375
endloop
endfacet
facet normal -0.0 1.0 0.0
outer loop
vertex 25.3096923828125 156.0 40.842010498046875
vertex 49.7305908203125 156.0 41.917999267578125
vertex 35.976348876953125 156.0 40.842010498046875
endloop
endfacet
facet normal 0.0 1.0 0.0
outer loop
vertex 35.437713623046875 156.0 26.49566650390625
vertex 35.976348876953125 156.0 40.842010498046875
vertex 49.7305908203125 156.0 41.917999267578125
endloop
endfacet
facet normal 0.0 -0.0 -0.9999999999999999
outer loop
vertex 14.153778076171875 156.0 16.094512939453125
vertex 36.0 264.0 16.094512939453125
vertex 31.945404052734375 156.0 16.094512939453125
endloop
endfacet
facet normal 0.0 0.0 -1.0
outer loop
vertex 31.945404052734375 156.0 16.094512939453125
vertex 36.0 264.0 16.094512939453125
vertex 36.0 156.0 16.094512939453125
endloop
endfacet
facet normal 0.9992958412396236 0.0 -0.03752094989726268
outer loop
vertex 36.0 156.0 16.094512939453125
vertex 36.0 264.0 16.094512939453125
vertex 36.242401123046875 156.0 22.550384521484375
endloop
endfacet
facet normal 0.9992948319725102 0.0 -0.037547820083628204
outer loop
vertex 40.703704833984375 144.0 24.702362060546875
vertex 40.703704833984375 154.0 24.702362060546875
vertex 40.713348388671875 154.0 24.959014892578125
endloop
endfacet
facet normal 0.35107728365611696 0.9362535583490651 -0.013191488898374907
outer loop
vertex 40.5963134765625 154.04078483581543 24.738922119140625
vertex 40.713348388671875 154.0 24.959014892578125
vertex 40.703704833984375 154.0 24.702362060546875
endloop
endfacet
facet normal 0.8829475987936543 -1.240441860665902e-07 -0.46947155162427573
outer loop
vertex 36.0 156.0 16.094512939453125
vertex 49.7305908203125 156.0 41.917999267578125
vertex 40.5963134765625 154.04078483581543 24.738922119140625
endloop
endfacet
facet normal 0.8829415616528296 0.00012742686673203937 -0.4694828883659724
outer loop
vertex 40.5963134765625 154.04078483581543 24.738922119140625
vertex 49.7305908203125 156.0 41.917999267578125
vertex 40.713348388671875 154.0 24.959014892578125
endloop
endfacet
facet normal 0.8829477981398667 0.0 -0.46947117670839106
outer loop
vertex 49.7305908203125 144.0 41.917999267578125
vertex 40.713348388671875 154.0 24.959014892578125
vertex 49.7305908203125 156.0 41.917999267578125
endloop
endfacet
facet normal -0.0 0.0 1.0
outer loop
vertex 13.972991943359375 156.0 48.373870849609375
vertex 30.91241455078125 154.0 48.373870849609375
vertex 39.972991943359375 154.0 48.373870849609375
endloop
endfacet
facet normal -0.0 1.0 -0.0
outer loop
vertex 25.3096923828125 156.0 40.842010498046875
vertex 13.972991943359375 156.0 48.373870849609375
vertex 49.7305908203125 156.0 41.917999267578125
endloop
endfacet
facet normal -0.8829474904297151 0.0 0.4694717554271697
outer loop
vertex 33.061126708984375 144.0 52.415008544921875
vertex 33.061126708984375 154.0 52.415008544921875
vertex 30.91241455078125 154.0 48.373870849609375
endloop
endfacet
facet normal -0.0 0.0 1.0
outer loop
vertex 13.972991943359375 156.0 48.373870849609375
vertex 39.972991943359375 154.0 48.373870849609375
vertex 49.972991943359375 156.0 48.373870849609375
endloop
endfacet
facet normal -0.0 1.0 0.0
outer loop
vertex 30.91241455078125 154.0 48.373870849609375
vertex 33.061126708984375 154.0 52.415008544921875
vertex 39.972991943359375 154.0 48.373870849609375
endloop
endfacet
facet normal -0.0 1.0 0.0
outer loop
vertex 13.972991943359375 156.0 48.373870849609375
vertex 49.972991943359375 156.0 48.373870849609375
vertex 49.7305908203125 156.0 41.917999267578125
endloop
endfacet
facet normal -0.0 1.0 0.0
outer loop
vertex 33.061126708984375 154.0 52.415008544921875
vertex 41.21038818359375 154.0 67.74148559570312
vertex 39.972991943359375 154.0 48.373870849609375
endloop
endfacet
facet normal -0.8829468986016673 0.0 0.46947286849156383
outer loop
vertex 41.21038818359375 144.0 67.74148559570312
vertex 41.21038818359375 154.0 67.74148559570312
vertex 33.061126708984375 154.0 52.415008544921875
endloop
endfacet
facet normal -0.9992961215457893 -1.481040357712344e-06 0.03751348372718633
outer loop
vertex 27.70355224609375 142.0 74.19735717773438
vertex 27.465087890625 155.7741937637329 67.84561157226562
vertex 27.461181640625 154.0 67.74148559570312
endloop
endfacet
facet normal -0.999296001143112 0.0 0.03751669094397012
outer loop
vertex 27.70355224609375 142.0 74.19735717773438
vertex 27.70355224609375 154.0 74.19735717773438
vertex 27.465087890625 155.7741937637329 67.84561157226562
endloop
endfacet
facet normal -0.999296001143112 0.0 0.03751669094397012
outer loop
vertex 27.465087890625 155.7741937637329 67.84561157226562
vertex 27.70355224609375 154.0 74.19735717773438
vertex 27.70355224609375 156.0 74.19735717773438
endloop
endfacet
facet normal 0.0 0.0 -0.9999999999999999
outer loop
vertex 41.21038818359375 144.0 67.74148559570312
vertex 27.461181640625 154.0 67.74148559570312
vertex 28.041839599609375 155.7741937637329 67.74148559570312
endloop
endfacet
facet normal -0.8829471388338594 0.0 0.46947241668185496
outer loop
vertex 27.70355224609375 142.0 74.19735717773438
vertex 41.43414306640625 156.0 100.02078247070312
vertex 27.70355224609375 154.0 74.19735717773438
endloop
endfacet
facet normal -0.8829471388338594 0.0 0.4694724166818549
outer loop
vertex 27.70355224609375 154.0 74.19735717773438
vertex 41.43414306640625 156.0 100.02078247070312
vertex 27.70355224609375 156.0 74.19735717773438
endloop
endfacet
facet normal 0.0 0.0 -1.0
outer loop
vertex 41.21038818359375 144.0 67.74148559570312
vertex 28.041839599609375 155.7741937637329 67.74148559570312
vertex 41.21038818359375 154.0 67.74148559570312
endloop
endfacet
facet normal -0.0 -0.0 -1.0
outer loop
vertex 28.041839599609375 155.7741937637329 67.74148559570312
vertex 50.2708740234375 154.0 67.74148559570312
vertex 41.21038818359375 154.0 67.74148559570312
endloop
endfacet
facet normal -0.0 1.0 0.0
outer loop
vertex 27.70355224609375 156.0 74.19735717773438
vertex 41.43414306640625 156.0 100.02078247070312
vertex 52.366851806640625 156.0 81.72915649414062
endloop
endfacet
facet normal 0.0 -0.0 -1.0
outer loop
vertex 27.461181640625 154.0 67.74148559570312
vertex 29.70355224609375 261.0 67.74148559570312
vertex 28.041839599609375 155.7741937637329 67.74148559570312
endloop
endfacet
facet normal -0.999297067228552 0.0 0.0374882838819621
outer loop
vertex 27.461181640625 154.0 67.74148559570312
vertex 27.465087890625 155.7741937637329 67.84561157226562
vertex 27.461181640625 264.0 67.74148559570312
endloop
endfacet
facet normal -0.9992960011431121 0.0 0.03751669094397013
outer loop
vertex 27.465087890625 155.7741937637329 67.84561157226562
vertex 27.70355224609375 156.0 74.19735717773438
vertex 27.70355224609375 264.0 74.19735717773438
endloop
endfacet
facet normal 0.0 0.0 1.0
outer loop
vertex 39.972991943359375 154.0 48.373870849609375
vertex 49.033538818359375 154.0 48.373870849609375
vertex 49.972991943359375 156.0 48.373870849609375
endloop
endfacet
facet normal -0.0 1.0 0.0
outer loop
vertex 39.972991943359375 154.0 48.373870849609375
vertex 41.21038818359375 154.0 67.74148559570312
vertex 49.033538818359375 154.0 48.373870849609375
endloop
endfacet
facet normal 0.0 1.0 -0.0
outer loop
vertex 49.033538818359375 154.0 48.373870849609375
vertex 41.21038818359375 154.0 67.74148559570312
vertex 50.2708740234375 154.0 67.74148559570312
endloop
endfacet
facet normal 0.9992958412396237 0.0 -0.03752094989726268
outer loop
vertex 49.7305908203125 144.0 41.917999267578125
vertex 49.7305908203125 156.0 41.917999267578125
vertex 49.972991943359375 156.0 48.373870849609375
endloop
endfacet
facet normal 0.0 -0.0 1.0
outer loop
vertex 49.033538818359375 144.0 48.373870849609375
vertex 49.972991943359375 156.0 48.373870849609375
vertex 49.033538818359375 154.0 48.373870849609375
endloop
endfacet
facet normal 0.8829476273660181 0.0 -0.46947149788748566
outer loop
vertex 49.033538818359375 144.0 48.373870849609375
vertex 49.033538818359375 154.0 48.373870849609375
vertex 57.182769775390625 154.0 63.700347900390625
endloop
endfacet
facet normal -0.0 1.0 0.0
outer loop
vertex 49.033538818359375 154.0 48.373870849609375
vertex 50.2708740234375 154.0 67.74148559570312
vertex 57.182769775390625 154.0 63.700347900390625
endloop
endfacet
facet normal -0.0 -0.0 -1.0
outer loop
vertex 28.041839599609375 155.7741937637329 67.74148559570312
vertex 59.33148193359375 154.0 67.74148559570312
vertex 50.2708740234375 154.0 67.74148559570312
endloop
endfacet
facet normal -0.0 -0.0 -1.0
outer loop
vertex 28.041839599609375 155.7741937637329 67.74148559570312
vertex 63.461181640625 154.0 67.74148559570312
vertex 59.33148193359375 154.0 67.74148559570312
endloop
endfacet
facet normal 0.0 0.0 -1.0
outer loop
vertex 28.041839599609375 155.7741937637329 67.74148559570312
vertex 63.461181640625 156.0 67.74148559570312
vertex 63.461181640625 154.0 67.74148559570312
endloop
endfacet
facet normal -0.0 1.0 0.0
outer loop
vertex 27.70355224609375 156.0 74.19735717773438
vertex 62.89886474609375 156.0 78.14254760742188
vertex 63.70355224609375 156.0 74.19735717773438
endloop
endfacet
facet normal -0.0 1.0 0.0
outer loop
vertex 27.70355224609375 156.0 74.19735717773438
vertex 52.366851806640625 156.0 81.72915649414062
vertex 62.89886474609375 156.0 78.14254760742188
endloop
endfacet
facet normal -0.9992958740023608 0.0 0.03752007731678632
outer loop
vertex 52.366851806640625 156.0 81.72915649414062
vertex 52.770843505859375 160.0 92.48892211914062
vertex 52.366851806640625 160.0 81.72915649414062
endloop
endfacet
facet normal 0.0 0.0 -1.0
outer loop
vertex 28.041839599609375 155.7741937637329 67.74148559570312
vertex 63.461181640625 264.0 67.74148559570312
vertex 63.461181640625 156.0 67.74148559570312
endloop
endfacet
facet normal 0.0 0.0 1.0
outer loop
vertex 27.70355224609375 156.0 74.19735717773438
vertex 63.70355224609375 156.0 74.19735717773438
vertex 63.70355224609375 264.0 74.19735717773438
endloop
endfacet
facet normal 0.9992958412396236 0.0 -0.03752094989726268
outer loop
vertex 36.242401123046875 156.0 22.550384521484375
vertex 36.0 264.0 16.094512939453125
vertex 36.242401123046875 264.0 22.550384521484375
endloop
endfacet
facet normal 0.0 0.0 -1.0
outer loop
vertex 27.510406494140625 286.0 8.550384521484375
vertex 27.510406494140625 295.0 8.550384521484375
vertex 34.242401123046875 261.0 8.550384521484375
endloop
endfacet
facet normal 0.0 0.0 -1.0
outer loop
vertex 27.510406494140625 295.0 8.550384521484375
vertex 34.242401123046875 295.0 8.550384521484375
vertex 34.242401123046875 261.0 8.550384521484375
endloop
endfacet
facet normal 0.8829472725579479 9.3158442020011e-07 -0.46947216518299884
outer loop
vertex 25.13458251953125 298.0 4.082122802734375
vertex 33.89093017578125 295.0 20.550384521484375
vertex 27.510406494140625 295.0 8.550384521484375
endloop
endfacet
facet normal -0.0 1.0 0.0
outer loop
vertex 27.510406494140625 295.0 8.550384521484375
vertex 33.89093017578125 295.0 20.550384521484375
vertex 34.242401123046875 295.0 8.550384521484375
endloop
endfacet
facet normal 0.8829472921534495 1.1910882154854802e-06 -0.46947212832869256
outer loop
vertex 25.13458251953125 298.0 4.082122802734375
vertex 35.432525634765625 298.0 23.44970703125
vertex 33.89093017578125 295.0 20.550384521484375
endloop
endfacet
facet normal 0.9999999999999999 0.0 -0.0
outer loop
vertex 34.242401123046875 261.0 8.550384521484375
vertex 34.242401123046875 264.0 16.094512939453125
vertex 34.242401123046875 261.0 16.094512939453125
endloop
endfacet
facet normal 0.0 0.0 -1.0
outer loop
vertex 34.242401123046875 261.0 16.094512939453125
vertex 34.242401123046875 264.0 16.094512939453125
vertex 36.0 264.0 16.094512939453125
endloop
endfacet
facet normal -0.0 1.0 0.0
outer loop
vertex 34.242401123046875 264.0 16.094512939453125
vertex 34.242401123046875 264.0 20.550384521484375
vertex 36.0 264.0 16.094512939453125
endloop
endfacet
facet normal 0.0 1.0 -0.0
outer loop
vertex 36.0 264.0 16.094512939453125
vertex 34.242401123046875 264.0 20.550384521484375
vertex 36.242401123046875 264.0 22.550384521484375
endloop
endfacet
facet normal 1.0 0.0 -0.0
outer loop
vertex 34.242401123046875 261.0 8.550384521484375
vertex 34.242401123046875 295.0 8.550384521484375
vertex 34.242401123046875 264.0 16.094512939453125
endloop
endfacet
facet normal 1.0 0.0 -0.0
outer loop
vertex 34.242401123046875 264.0 16.094512939453125
vertex 34.242401123046875 295.0 20.550384521484375
vertex 34.242401123046875 264.0 20.550384521484375
endloop
endfacet
facet normal 1.0 -0.0 0.0
outer loop
vertex 34.242401123046875 264.0 16.094512939453125
vertex 34.242401123046875 295.0 8.550384521484375
vertex 34.242401123046875 295.0 20.550384521484375
endloop
endfacet
facet normal 0.0 -0.0 1.0
outer loop
vertex 34.242401123046875 264.0 20.550384521484375
vertex 34.242401123046875 295.0 20.550384521484375
vertex 33.89093017578125 286.0 20.550384521484375
endloop
endfacet
facet normal 0.882947803027199 0.0 -0.469471167516646
outer loop
vertex 33.89093017578125 286.0 20.550384521484375
vertex 33.89093017578125 295.0 20.550384521484375
vertex 35.432525634765625 286.0 23.44970703125
endloop
endfacet
facet normal 0.0 -0.0 1.0
outer loop
vertex 33.89093017578125 286.0 20.550384521484375
vertex 34.242401123046875 295.0 20.550384521484375
vertex 33.89093017578125 295.0 20.550384521484375
endloop
endfacet
facet normal 0.0 1.0 -0.0
outer loop
vertex 34.242401123046875 295.0 8.550384521484375
vertex 33.89093017578125 295.0 20.550384521484375
vertex 34.242401123046875 295.0 20.550384521484375
endloop
endfacet
facet normal -0.0 1.0 0.0
outer loop
vertex 16.4249267578125 298.0 34.56280517578125
vertex 45.73046875 298.0 42.81732177734375
vertex 35.432525634765625 298.0 23.44970703125
endloop
endfacet
facet normal 0.882947803027199 0.0 -0.4694711675166461
outer loop
vertex 33.89093017578125 295.0 20.550384521484375
vertex 35.432525634765625 298.0 23.44970703125
vertex 35.432525634765625 286.0 23.44970703125
endloop
endfacet
facet normal 0.8829475987936609 0.0 -0.4694715516242792
outer loop
vertex 35.432525634765625 286.0 23.44970703125
vertex 35.432525634765625 298.0 23.44970703125
vertex 45.73046875 298.0 42.81732177734375
endloop
endfacet
facet normal 0.0 -0.9999999999999999 0.0
outer loop
vertex 26.722869873046875 286.0 53.930389404296875
vertex 35.432525634765625 286.0 23.44970703125
vertex 45.73046875 286.0 42.81732177734375
endloop
endfacet
facet normal 0.8829475987936609 0.0 -0.4694715516242792
outer loop
vertex 35.432525634765625 286.0 23.44970703125
vertex 45.73046875 298.0 42.81732177734375
vertex 45.73046875 286.0 42.81732177734375
endloop
endfacet
facet normal -0.9992960183442648 2.692798168247353e-08 0.0375162327706038
outer loop
vertex 27.465087890625 155.7741937637329 67.84561157226562
vertex 27.70355224609375 264.0 74.19735717773438
vertex 27.461181640625 264.0 67.74148559570312
endloop
endfacet
facet normal 0.0 0.0 -0.9999999999999999
outer loop
vertex 27.461181640625 154.0 67.74148559570312
vertex 27.461181640625 264.0 67.74148559570312
vertex 29.70355224609375 261.0 67.74148559570312
endloop
endfacet
facet normal 0.0 0.0 -0.9999999999999999
outer loop
vertex 28.041839599609375 155.7741937637329 67.74148559570312
vertex 29.70355224609375 261.0 67.74148559570312
vertex 61.70355224609375 261.0 67.74148559570312
endloop
endfacet
facet normal 0.0 -0.0 1.0
outer loop
vertex 27.70355224609375 156.0 74.19735717773438
vertex 63.70355224609375 264.0 74.19735717773438
vertex 27.70355224609375 264.0 74.19735717773438
endloop
endfacet
facet normal -0.0 0.9999999999999999 0.0
outer loop
vertex 16.4249267578125 298.0 34.56280517578125
vertex 26.722869873046875 298.0 53.930389404296875
vertex 45.73046875 298.0 42.81732177734375
endloop
endfacet
facet normal 0.0 0.0 -1.0
outer loop
vertex 29.70355224609375 261.0 60.197357177734375
vertex 29.70355224609375 295.0 60.197357177734375
vertex 30.0550537109375 286.0 60.197357177734375
endloop
endfacet
facet normal -1.0 0.0 0.0
outer loop
vertex 29.70355224609375 261.0 60.197357177734375
vertex 29.70355224609375 295.0 72.19735717773438
vertex 29.70355224609375 295.0 60.197357177734375
endloop
endfacet
facet normal -0.8829488797372826 0.0 0.46946914251170724
outer loop
vertex 26.722869873046875 286.0 53.930389404296875
vertex 30.0550537109375 286.0 60.197357177734375
vertex 26.722869873046875 298.0 53.930389404296875
endloop
endfacet
facet normal -0.8829488797372826 0.0 0.46946914251170724
outer loop
vertex 26.722869873046875 298.0 53.930389404296875
vertex 30.0550537109375 286.0 60.197357177734375
vertex 30.0550537109375 295.0 60.197357177734375
endloop
endfacet
facet normal 0.0 0.0 -1.0
outer loop
vertex 30.0550537109375 286.0 60.197357177734375
vertex 29.70355224609375 295.0 60.197357177734375
vertex 30.0550537109375 295.0 60.197357177734375
endloop
endfacet
facet normal -0.0 1.0 0.0
outer loop
vertex 29.70355224609375 295.0 60.197357177734375
vertex 29.70355224609375 295.0 72.19735717773438
vertex 30.0550537109375 295.0 60.197357177734375
endloop
endfacet
facet normal -0.8829481754919488 3.549061549113239e-06 0.4694704669974918
outer loop
vertex 26.722869873046875 298.0 53.930389404296875
vertex 30.0550537109375 295.0 60.197357177734375
vertex 37.020782470703125 298.0 73.29800415039062
endloop
endfacet
facet normal 0.0 -1.0 0.0
outer loop
vertex 29.70355224609375 261.0 60.197357177734375
vertex 61.70355224609375 261.0 60.197357177734375
vertex 29.70355224609375 261.0 67.74148559570312
endloop
endfacet
facet normal 0.0 0.0 -1.0
outer loop
vertex 29.70355224609375 261.0 60.197357177734375
vertex 30.0550537109375 286.0 60.197357177734375
vertex 54.971588134765625 286.0 60.197357177734375
endloop
endfacet
facet normal 0.0 -1.0 0.0
outer loop
vertex 26.722869873046875 286.0 53.930389404296875
vertex 45.73046875 286.0 42.81732177734375
vertex 30.0550537109375 286.0 60.197357177734375
endloop
endfacet
facet normal -0.0 1.0 0.0
outer loop
vertex 26.722869873046875 298.0 53.930389404296875
vertex 37.020782470703125 298.0 73.29800415039062
vertex 45.73046875 298.0 42.81732177734375
endloop
endfacet
facet normal -0.9999999999999999 0.0 0.0
outer loop
vertex 29.70355224609375 261.0 60.197357177734375
vertex 29.70355224609375 261.0 67.74148559570312
vertex 29.70355224609375 264.0 67.74148559570312
endloop
endfacet
facet normal 0.0 0.0 -1.0
outer loop
vertex 27.461181640625 264.0 67.74148559570312
vertex 29.70355224609375 264.0 67.74148559570312
vertex 29.70355224609375 261.0 67.74148559570312
endloop
endfacet
facet normal -0.0 1.0 0.0
outer loop
vertex 27.461181640625 264.0 67.74148559570312
vertex 29.70355224609375 264.0 72.19735717773438
vertex 29.70355224609375 264.0 67.74148559570312
endloop
endfacet
facet normal -0.0 1.0 0.0
outer loop
vertex 27.461181640625 264.0 67.74148559570312
vertex 27.70355224609375 264.0 74.19735717773438
vertex 29.70355224609375 264.0 72.19735717773438
endloop
endfacet
facet normal -1.0 0.0 0.0
outer loop
vertex 29.70355224609375 261.0 60.197357177734375
vertex 29.70355224609375 264.0 67.74148559570312
vertex 29.70355224609375 295.0 72.19735717773438
endloop
endfacet
facet normal -1.0 0.0 0.0
outer loop
vertex 29.70355224609375 264.0 67.74148559570312
vertex 29.70355224609375 264.0 72.19735717773438
vertex 29.70355224609375 295.0 72.19735717773438
endloop
endfacet
facet normal 0.0 -0.0 0.9999999999999999
outer loop
vertex 29.70355224609375 264.0 72.19735717773438
vertex 36.435546875 295.0 72.19735717773438
vertex 29.70355224609375 295.0 72.19735717773438
endloop
endfacet
facet normal 0.0 1.0 -0.0
outer loop
vertex 30.0550537109375 295.0 60.197357177734375
vertex 29.70355224609375 295.0 72.19735717773438
vertex 36.435546875 295.0 72.19735717773438
endloop
endfacet
facet normal 0.0 -0.0 1.0
outer loop
vertex 29.70355224609375 264.0 72.19735717773438
vertex 38.903289794921875 286.0 72.19735717773438
vertex 36.435546875 286.0 72.19735717773438
endloop
endfacet
facet normal 0.0 1.0 0.0
outer loop
vertex 27.70355224609375 264.0 74.19735717773438
vertex 61.70355224609375 264.0 72.19735717773438
vertex 29.70355224609375 264.0 72.19735717773438
endloop
endfacet
facet normal 0.0 0.0 1.0
outer loop
vertex 29.70355224609375 264.0 72.19735717773438
vertex 36.435546875 286.0 72.19735717773438
vertex 36.435546875 295.0 72.19735717773438
endloop
endfacet
facet normal -0.8829482033335517 3.842378629473885e-06 0.46947041463258277
outer loop
vertex 30.0550537109375 295.0 60.197357177734375
vertex 36.435546875 295.0 72.19735717773438
vertex 37.020782470703125 298.0 73.29800415039062
endloop
endfacet
facet normal -0.8829438620533805 0.0 0.46947857934336157
outer loop
vertex 36.435546875 286.0 72.19735717773438
vertex 37.020782470703125 286.0 73.29800415039062
vertex 36.435546875 295.0 72.19735717773438
endloop
endfacet
facet normal -0.8829438620533805 0.0 0.46947857934336157
outer loop
vertex 37.020782470703125 286.0 73.29800415039062
vertex 37.020782470703125 298.0 73.29800415039062
vertex 36.435546875 295.0 72.19735717773438
endloop
endfacet
facet normal 0.0 -1.0 0.0
outer loop
vertex 36.435546875 286.0 72.19735717773438
vertex 38.903289794921875 286.0 72.19735717773438
vertex 37.020782470703125 286.0 73.29800415039062
endloop
endfacet
facet normal -0.8829475987936609 0.0 0.4694715516242792
outer loop
vertex 37.020782470703125 286.0 73.29800415039062
vertex 47.3187255859375 298.0 92.66561889648438
vertex 37.020782470703125 298.0 73.29800415039062
endloop
endfacet
facet normal 0.0 0.0 -1.0
outer loop
vertex 28.041839599609375 155.7741937637329 67.74148559570312
vertex 61.70355224609375 261.0 67.74148559570312
vertex 63.461181640625 264.0 67.74148559570312
endloop
endfacet
facet normal 0.0 -1.0 0.0
outer loop
vertex 45.73046875 286.0 42.81732177734375
vertex 54.971588134765625 286.0 60.197357177734375
vertex 30.0550537109375 286.0 60.197357177734375
endloop
endfacet
facet normal -0.0 0.9999999999999999 -0.0
outer loop
vertex 45.73046875 298.0 42.81732177734375
vertex 37.020782470703125 298.0 73.29800415039062
vertex 56.02838134765625 298.0 62.184906005859375
endloop
endfacet
facet normal 0.0 0.0 -1.0
outer loop
vertex 29.70355224609375 261.0 60.197357177734375
vertex 54.971588134765625 286.0 60.197357177734375
vertex 61.70355224609375 261.0 60.197357177734375
endloop
endfacet
facet normal 0.8829477899718271 0.0 -0.46947119207025506
outer loop
vertex 45.73046875 286.0 42.81732177734375
vertex 45.73046875 298.0 42.81732177734375
vertex 54.971588134765625 295.0 60.197357177734375
endloop
endfacet
facet normal 0.8829477899718271 0.0 -0.46947119207025506
outer loop
vertex 45.73046875 286.0 42.81732177734375
vertex 54.971588134765625 295.0 60.197357177734375
vertex 54.971588134765625 286.0 60.197357177734375
endloop
endfacet
facet normal 0.8829478688586043 1.102535715983611e-06 -0.46947104370433046
outer loop
vertex 45.73046875 298.0 42.81732177734375
vertex 56.02838134765625 298.0 62.184906005859375
vertex 54.971588134765625 295.0 60.197357177734375
endloop
endfacet
facet normal 0.0 -0.0 1.0
outer loop
vertex 29.70355224609375 264.0 72.19735717773438
vertex 61.70355224609375 264.0 72.19735717773438
vertex 38.903289794921875 286.0 72.19735717773438
endloop
endfacet
facet normal 0.0 -0.9999999999999999 0.0
outer loop
vertex 37.020782470703125 286.0 73.29800415039062
vertex 38.903289794921875 286.0 72.19735717773438
vertex 47.3187255859375 286.0 92.66561889648438
endloop
endfacet
facet normal -0.8829475987936609 0.0 0.4694715516242792
outer loop
vertex 37.020782470703125 286.0 73.29800415039062
vertex 47.3187255859375 286.0 92.66561889648438
vertex 47.3187255859375 298.0 92.66561889648438
endloop
endfacet
facet normal 0.0 -1.0 0.0
outer loop
vertex 29.70355224609375 261.0 67.74148559570312
vertex 61.70355224609375 261.0 60.197357177734375
vertex 61.70355224609375 261.0 67.74148559570312
endloop
endfacet
facet normal -0.0 1.0 0.0
outer loop
vertex 27.70355224609375 264.0 74.19735717773438
vertex 63.70355224609375 264.0 74.19735717773438
vertex 61.70355224609375 264.0 72.19735717773438
endloop
endfacet
facet normal -0.0 -0.0 0.9999999999999999
outer loop
vertex 38.903289794921875 286.0 72.19735717773438
vertex 61.70355224609375 264.0 72.19735717773438
vertex 61.352081298828125 286.0 72.19735717773438
endloop
endfacet
facet normal -0.0 1.0 0.0
outer loop
vertex 37.020782470703125 298.0 73.29800415039062
vertex 66.32632446289062 298.0 81.55252075195312
vertex 56.02838134765625 298.0 62.184906005859375
endloop
endfacet
facet normal -0.0 1.0 0.0
outer loop
vertex 37.020782470703125 298.0 73.29800415039062
vertex 47.3187255859375 298.0 92.66561889648438
vertex 66.32632446289062 298.0 81.55252075195312
endloop
endfacet
facet normal 0.0 -0.9999999999999999 0.0
outer loop
vertex 38.903289794921875 286.0 72.19735717773438
vertex 66.32632446289062 286.0 81.55252075195312
vertex 47.3187255859375 286.0 92.66561889648438
endloop
endfacet
facet normal 0.0 -0.0 1.0
outer loop
vertex 41.43414306640625 144.0 100.02078247070312
vertex 58.37359619140625 154.0 100.02078247070312
vertex 41.43414306640625 156.0 100.02078247070312
endloop
endfacet
facet normal -0.0 1.0 -0.0
outer loop
vertex 52.366851806640625 156.0 81.72915649414062
vertex 41.43414306640625 156.0 100.02078247070312
vertex 52.770843505859375 156.0 92.48892211914062
endloop
endfacet
facet normal -0.9992958740023608 0.0 0.03752007731678632
outer loop
vertex 52.366851806640625 156.0 81.72915649414062
vertex 52.770843505859375 156.0 92.48892211914062
vertex 52.770843505859375 160.0 92.48892211914062
endloop
endfacet
facet normal -0.8829475987936609 0.0 0.4694715516242792
outer loop
vertex 47.3187255859375 286.0 92.66561889648438
vertex 57.616668701171875 298.0 112.03323364257812
vertex 47.3187255859375 298.0 92.66561889648438
endloop
endfacet
facet normal -0.882947398044799 0.0 0.46947192917779357
outer loop
vertex 47.3187255859375 286.0 92.66561889648438
vertex 57.516204833984375 286.0 111.84426879882812
vertex 57.516204833984375 295.0 111.84426879882812
endloop
endfacet
facet normal -0.882946771334781 -3.221765875788482e-06 0.4694731078337779
outer loop
vertex 47.3187255859375 286.0 92.66561889648438
vertex 57.516204833984375 295.0 111.84426879882812
vertex 57.616668701171875 298.0 112.03323364257812
endloop
endfacet
facet normal 0.8829475987936609 0.0 -0.4694715516242792
outer loop
vertex 56.02838134765625 0.0 62.184906005859375
vertex 56.02838134765625 12.0 62.184906005859375
vertex 66.32632446289062 12.0 81.55252075195312
endloop
endfacet
facet normal 0.0 -1.0 0.0
outer loop
vertex 47.3187255859375 0.0 92.66561889648438
vertex 56.02838134765625 0.0 62.184906005859375
vertex 66.32632446289062 0.0 81.55252075195312
endloop
endfacet
facet normal -0.0 1.0 0.0
outer loop
vertex 43.785614013671875 12.0 86.02078247070312
vertex 58.68389892578125 12.0 86.02078247070312
vertex 66.32632446289062 12.0 81.55252075195312
endloop
endfacet
facet normal 0.0 -0.0 -1.0
outer loop
vertex 43.43414306640625 37.0 86.02078247070312
vertex 75.43414306640625 37.0 86.02078247070312
vertex 58.68389892578125 12.0 86.02078247070312
endloop
endfacet
facet normal 0.8829475987936609 0.0 -0.4694715516242792
outer loop
vertex 56.02838134765625 0.0 62.184906005859375
vertex 66.32632446289062 12.0 81.55252075195312
vertex 66.32632446289062 0.0 81.55252075195312
endloop
endfacet
facet normal 0.8829470132899332 0.0 -0.46947265279501277
outer loop
vertex 66.32632446289062 0.0 81.55252075195312
vertex 66.32632446289062 12.0 81.55252075195312
vertex 68.7021484375 3.0 86.02078247070312
endloop
endfacet
facet normal -0.0 1.0 0.0
outer loop
vertex 58.68389892578125 12.0 86.02078247070312
vertex 68.7021484375 12.0 86.02078247070312
vertex 66.32632446289062 12.0 81.55252075195312
endloop
endfacet
facet normal 0.0 -0.0 -0.9999999999999999
outer loop
vertex 58.68389892578125 12.0 86.02078247070312
vertex 75.43414306640625 37.0 86.02078247070312
vertex 68.7021484375 12.0 86.02078247070312
endloop
endfacet
facet normal 0.8829470132899332 0.0 -0.46947265279501277
outer loop
vertex 66.32632446289062 12.0 81.55252075195312
vertex 68.7021484375 12.0 86.02078247070312
vertex 68.7021484375 3.0 86.02078247070312
endloop
endfacet
facet normal 0.0 0.0 -1.0
outer loop
vertex 68.7021484375 3.0 86.02078247070312
vertex 68.7021484375 12.0 86.02078247070312
vertex 75.43414306640625 3.0 86.02078247070312
endloop
endfacet
facet normal 0.0 0.0 -1.0
outer loop
vertex 68.7021484375 12.0 86.02078247070312
vertex 75.43414306640625 37.0 86.02078247070312
vertex 75.43414306640625 3.0 86.02078247070312
endloop
endfacet
facet normal 0.8829476273660181 0.0 -0.46947149788748566
outer loop
vertex 49.033538818359375 144.0 48.373870849609375
vertex 57.182769775390625 154.0 63.700347900390625
vertex 57.182769775390625 144.0 63.700347900390625
endloop
endfacet
facet normal 0.0 -1.0 0.0
outer loop
vertex 50.2708740234375 144.0 67.74148559570312
vertex 57.182769775390625 144.0 63.700347900390625
vertex 59.33148193359375 144.0 67.74148559570312
endloop
endfacet
facet normal 0.0 0.0 -0.9999999999999999
outer loop
vertex 50.2708740234375 144.0 67.74148559570312
vertex 59.33148193359375 144.0 67.74148559570312
vertex 63.461181640625 142.0 67.74148559570312
endloop
endfacet
facet normal 0.8829474904297151 0.0 -0.4694717554271697
outer loop
vertex 57.182769775390625 144.0 63.700347900390625
vertex 59.33148193359375 154.0 67.74148559570312
vertex 59.33148193359375 144.0 67.74148559570312
endloop
endfacet
facet normal 0.0 0.0 -1.0
outer loop
vertex 59.33148193359375 144.0 67.74148559570312
vertex 59.33148193359375 154.0 67.74148559570312
vertex 63.461181640625 142.0 67.74148559570312
endloop
endfacet
facet normal 0.35109234530292194 -0.936248039889138 -0.01318229393696701
outer loop
vertex 52.366851806640625 138.0 81.72915649414062
vertex 63.033538818359375 142.0 81.72915649414062
vertex 52.770843505859375 138.0 92.48892211914062
endloop
endfacet
facet normal -0.3223638962864623 0.0 -0.946615824065397
outer loop
vertex 52.366851806640625 138.0 81.72915649414062
vertex 52.366851806640625 142.0 81.72915649414062
vertex 62.89886474609375 142.0 78.14254760742188
endloop
endfacet
facet normal 0.0 -0.9999999999999999 0.0
outer loop
vertex 52.366851806640625 142.0 81.72915649414062
vertex 63.461181640625 142.0 67.74148559570312
vertex 62.89886474609375 142.0 78.14254760742188
endloop
endfacet
facet normal 0.35109234104015374 -0.9362480285217345 -0.013183214786602102
outer loop
vertex 52.366851806640625 138.0 81.72915649414062
vertex 62.89886474609375 142.0 78.14254760742188
vertex 63.033538818359375 142.0 81.72915649414062
endloop
endfacet
facet normal 0.8829462363998289 0.0 -0.46947411390552446
outer loop
vertex 63.461181640625 142.0 67.74148559570312
vertex 63.461181640625 154.0 67.74148559570312
vertex 68.0574951171875 143.95920848846436 76.38583374023438
endloop
endfacet
facet normal 0.8831603093578497 -0.0023045527971416796 -0.4690656212209037
outer loop
vertex 63.461181640625 142.0 67.74148559570312
vertex 68.0574951171875 143.95920848846436 76.38583374023438
vertex 68.17453002929688 144.0 76.60598754882812
endloop
endfacet
facet normal -0.0 -0.9999999999999999 0.0
outer loop
vertex 62.89886474609375 142.0 78.14254760742188
vertex 77.1917724609375 142.0 93.56491088867188
vertex 63.033538818359375 142.0 81.72915649414062
endloop
endfacet
facet normal 0.35112859286714243 -0.9362343337993465 -0.013190279998337733
outer loop
vertex 68.0574951171875 143.95920848846436 76.38583374023438
vertex 68.16488647460938 144.0 76.34927368164062
vertex 68.17453002929688 144.0 76.60598754882812
endloop
endfacet
facet normal -0.0 -1.0 0.0
outer loop
vertex 63.461181640625 142.0 67.74148559570312
vertex 77.1917724609375 142.0 93.56491088867188
vertex 62.89886474609375 142.0 78.14254760742188
endloop
endfacet
facet normal -0.32227405618131666 -0.0 -0.9466464137746688
outer loop
vertex 68.0574951171875 143.95920848846436 76.38583374023438
vertex 68.16488647460938 154.0 76.34927368164062
vertex 68.16488647460938 144.0 76.34927368164062
endloop
endfacet
facet normal 0.9992951668935391 0.0 -0.03753890546105069
outer loop
vertex 68.16488647460938 144.0 76.34927368164062
vertex 68.17453002929688 154.0 76.60598754882812
vertex 68.17453002929688 144.0 76.60598754882812
endloop
endfacet
facet normal 0.8829471388335478 8.402548016119733e-07 -0.4694724166816892
outer loop
vertex 63.461181640625 142.0 67.74148559570312
vertex 68.17453002929688 144.0 76.60598754882812
vertex 77.1917724609375 142.0 93.56491088867188
endloop
endfacet
facet normal 0.8829470977579185 0.0 -0.4694724939342759
outer loop
vertex 68.17453002929688 144.0 76.60598754882812
vertex 68.17453002929688 154.0 76.60598754882812
vertex 77.1917724609375 142.0 93.56491088867188
endloop
endfacet
facet normal 0.0 -1.0 0.0
outer loop
vertex 47.3187255859375 0.0 92.66561889648438
vertex 66.32632446289062 0.0 81.55252075195312
vertex 57.616668701171875 0.0 112.03323364257812
endloop
endfacet
facet normal -0.8829473558333159 0.0 0.469472008565959
outer loop
vertex 50.166107177734375 12.0 98.02078247070312
vertex 57.616668701171875 0.0 112.03323364257812
vertex 57.616668701171875 12.0 112.03323364257812
endloop
endfacet
facet normal -0.0 1.0 0.0
outer loop
vertex 50.166107177734375 12.0 98.02078247070312
vertex 57.616668701171875 12.0 112.03323364257812
vertex 75.0826416015625 12.0 98.02078247070312
endloop
endfacet
facet normal -0.0 0.0 1.0
outer loop
vertex 43.43414306640625 34.0 98.02078247070312
vertex 50.166107177734375 12.0 98.02078247070312
vertex 75.0826416015625 12.0 98.02078247070312
endloop
endfacet
facet normal 0.0 -1.0 0.0
outer loop
vertex 66.32632446289062 0.0 81.55252075195312
vertex 76.624267578125 0.0 100.92013549804688
vertex 57.616668701171875 0.0 112.03323364257812
endloop
endfacet
facet normal -0.0 1.0 0.0
outer loop
vertex 43.43414306640625 37.0 86.02078247070312
vertex 75.43414306640625 37.0 93.56491088867188
vertex 75.43414306640625 37.0 86.02078247070312
endloop
endfacet
facet normal -0.0 0.0 1.0
outer loop
vertex 43.43414306640625 34.0 98.02078247070312
vertex 75.0826416015625 12.0 98.02078247070312
vertex 75.43414306640625 34.0 98.02078247070312
endloop
endfacet
facet normal 0.0 -1.0 0.0
outer loop
vertex 43.43414306640625 34.0 98.02078247070312
vertex 75.43414306640625 34.0 98.02078247070312
vertex 77.43414306640625 34.0 100.02078247070312
endloop
endfacet
facet normal -0.8829469855133607 0.0 0.4694727050349885
outer loop
vertex 57.616668701171875 0.0 112.03323364257812
vertex 67.91461181640625 12.0 131.40078735351562
vertex 57.616668701171875 12.0 112.03323364257812
endloop
endfacet
facet normal 0.0 -0.9999999999999999 0.0
outer loop
vertex 57.616668701171875 0.0 112.03323364257812
vertex 76.624267578125 0.0 100.92013549804688
vertex 67.91461181640625 0.0 131.40078735351562
endloop
endfacet
facet normal -0.0 0.9999999999999999 0.0
outer loop
vertex 57.616668701171875 12.0 112.03323364257812
vertex 67.91461181640625 12.0 131.40078735351562
vertex 76.624267578125 12.0 100.92013549804688
endloop
endfacet
facet normal -0.8829469855133607 0.0 0.4694727050349885
outer loop
vertex 57.616668701171875 0.0 112.03323364257812
vertex 67.91461181640625 0.0 131.40078735351562
vertex 67.91461181640625 12.0 131.40078735351562
endloop
endfacet
facet normal 0.0 -0.0 1.0
outer loop
vertex 41.43414306640625 34.0 100.02078247070312
vertex 77.43414306640625 34.0 100.02078247070312
vertex 76.77960205078125 142.0 100.02078247070312
endloop
endfacet
facet normal 0.882947598791707 -2.1037909426688452e-06 -0.46947155162324034
outer loop
vertex 66.32632446289062 0.0 81.55252075195312
vertex 68.7021484375 3.0 86.02078247070312
vertex 76.624267578125 0.0 100.92013549804688
endloop
endfacet
facet normal 0.0 -1.0 0.0
outer loop
vertex 68.7021484375 3.0 86.02078247070312
vertex 75.43414306640625 3.0 86.02078247070312
vertex 75.0826416015625 3.0 98.02078247070312
endloop
endfacet
facet normal 0.8829482033284086 5.139434962349528e-06 -0.4694704146298481
outer loop
vertex 68.7021484375 3.0 86.02078247070312
vertex 75.0826416015625 3.0 98.02078247070312
vertex 76.624267578125 0.0 100.92013549804688
endloop
endfacet
facet normal 0.0 1.0 0.0
outer loop
vertex 57.616668701171875 12.0 112.03323364257812
vertex 76.624267578125 12.0 100.92013549804688
vertex 75.0826416015625 12.0 98.02078247070312
endloop
endfacet
facet normal 0.0 -1.0 0.0
outer loop
vertex 75.43414306640625 3.0 86.02078247070312
vertex 75.43414306640625 3.0 98.02078247070312
vertex 75.0826416015625 3.0 98.02078247070312
endloop
endfacet
facet normal 1.0 0.0 -0.0
outer loop
vertex 75.43414306640625 3.0 86.02078247070312
vertex 75.43414306640625 37.0 86.02078247070312
vertex 75.43414306640625 3.0 98.02078247070312
endloop
endfacet
facet normal 0.8829459989937827 0.0 -0.4694745603979741
outer loop
vertex 75.0826416015625 3.0 98.02078247070312
vertex 76.624267578125 12.0 100.92013549804688
vertex 76.624267578125 0.0 100.92013549804688
endloop
endfacet
facet normal 0.8829459989937828 0.0 -0.46947456039797414
outer loop
vertex 75.0826416015625 3.0 98.02078247070312
vertex 75.0826416015625 12.0 98.02078247070312
vertex 76.624267578125 12.0 100.92013549804688
endloop
endfacet
facet normal 0.0 0.0 1.0
outer loop
vertex 75.0826416015625 3.0 98.02078247070312
vertex 75.43414306640625 3.0 98.02078247070312
vertex 75.43414306640625 34.0 98.02078247070312
endloop
endfacet
facet normal 0.0 -0.0 1.0
outer loop
vertex 75.0826416015625 3.0 98.02078247070312
vertex 75.43414306640625 34.0 98.02078247070312
vertex 75.0826416015625 12.0 98.02078247070312
endloop
endfacet
facet normal 0.8829469855133607 0.0 -0.4694727050349885
outer loop
vertex 76.624267578125 0.0 100.92013549804688
vertex 76.624267578125 12.0 100.92013549804688
vertex 86.92221069335938 12.0 120.28768920898438
endloop
endfacet
facet normal 1.0 0.0 0.0
outer loop
vertex 75.43414306640625 37.0 86.02078247070312
vertex 75.43414306640625 34.0 93.56491088867188
vertex 75.43414306640625 3.0 98.02078247070312
endloop
endfacet
facet normal 1.0 -0.0 0.0
outer loop
vertex 75.43414306640625 3.0 98.02078247070312
vertex 75.43414306640625 34.0 93.56491088867188
vertex 75.43414306640625 34.0 98.02078247070312
endloop
endfacet
facet normal 0.9999999999999999 0.0 -0.0
outer loop
vertex 75.43414306640625 37.0 86.02078247070312
vertex 75.43414306640625 37.0 93.56491088867188
vertex 75.43414306640625 34.0 93.56491088867188
endloop
endfacet
facet normal 0.0 0.0 -1.0
outer loop
vertex 75.43414306640625 34.0 93.56491088867188
vertex 75.43414306640625 37.0 93.56491088867188
vertex 77.1917724609375 34.0 93.56491088867188
endloop
endfacet
facet normal 0.0 -1.0 0.0
outer loop
vertex 75.43414306640625 34.0 93.56491088867188
vertex 77.1917724609375 34.0 93.56491088867188
vertex 75.43414306640625 34.0 98.02078247070312
endloop
endfacet
facet normal -0.0 -0.9999999999999999 0.0
outer loop
vertex 77.1917724609375 34.0 93.56491088867188
vertex 77.43414306640625 34.0 100.02078247070312
vertex 75.43414306640625 34.0 98.02078247070312
endloop
endfacet
facet normal 0.0 -0.9999999999999999 0.0
outer loop
vertex 76.624267578125 0.0 100.92013549804688
vertex 86.92221069335938 0.0 120.28768920898438
vertex 67.91461181640625 0.0 131.40078735351562
endloop
endfacet
facet normal -0.0 0.9999999999999999 -0.0
outer loop
vertex 76.624267578125 12.0 100.92013549804688
vertex 67.91461181640625 12.0 131.40078735351562
vertex 86.92221069335938 12.0 120.28768920898438
endloop
endfacet
facet normal -0.0 1.0 0.0
outer loop
vertex 67.91461181640625 12.0 131.40078735351562
vertex 71.24679565429688 12.0 137.66775512695312
vertex 86.92221069335938 12.0 120.28768920898438
endloop
endfacet
facet normal 0.0 0.0 -1.0
outer loop
vertex 75.43414306640625 37.0 93.56491088867188
vertex 77.1917724609375 142.0 93.56491088867188
vertex 77.1917724609375 34.0 93.56491088867188
endloop
endfacet
facet normal 0.9992960183442591 -1.0986457942484354e-07 -0.037516232770603584
outer loop
vertex 77.1917724609375 34.0 93.56491088867188
vertex 77.42974853515625 142.0 99.90341186523438
vertex 77.43414306640625 34.0 100.02078247070312
endloop
endfacet
facet normal -0.8829488797372826 0.0 0.46946914251170724
outer loop
vertex 67.91461181640625 0.0 131.40078735351562
vertex 71.24679565429688 3.0 137.66775512695312
vertex 67.91461181640625 12.0 131.40078735351562
endloop
endfacet
facet normal -0.8829488797372826 0.0 0.46946914251170724
outer loop
vertex 67.91461181640625 12.0 131.40078735351562
vertex 71.24679565429688 3.0 137.66775512695312
vertex 71.24679565429688 12.0 137.66775512695312
endloop
endfacet
facet normal 0.0 0.0 -1.0
outer loop
vertex 70.89529418945312 3.0 137.66775512695312
vertex 71.24679565429688 12.0 137.66775512695312
vertex 71.24679565429688 3.0 137.66775512695312
endloop
endfacet
facet normal 0.0 0.0 -1.0
outer loop
vertex 70.89529418945312 3.0 137.66775512695312
vertex 70.89529418945312 37.0 137.66775512695312
vertex 71.24679565429688 12.0 137.66775512695312
endloop
endfacet
facet normal -0.8829481754919488 -3.549061549113239e-06 0.4694704669974918
outer loop
vertex 67.91461181640625 0.0 131.40078735351562
vertex 78.2125244140625 0.0 150.76840209960938
vertex 71.24679565429688 3.0 137.66775512695312
endloop
endfacet
facet normal 0.0 -1.0 0.0
outer loop
vertex 70.89529418945312 3.0 137.66775512695312
vertex 71.24679565429688 3.0 137.66775512695312
vertex 70.89529418945312 3.0 149.66775512695312
endloop
endfacet
facet normal -1.0 0.0 0.0
outer loop
vertex 70.89529418945312 3.0 137.66775512695312
vertex 70.89529418945312 3.0 149.66775512695312
vertex 70.89529418945312 34.0 145.21188354492188
endloop
endfacet
facet normal 0.0 -1.0 0.0
outer loop
vertex 71.24679565429688 3.0 137.66775512695312
vertex 77.62728881835938 3.0 149.66775512695312
vertex 70.89529418945312 3.0 149.66775512695312
endloop
endfacet
facet normal 0.0 -0.0 0.9999999999999999
outer loop
vertex 70.89529418945312 3.0 149.66775512695312
vertex 77.62728881835938 12.0 149.66775512695312
vertex 70.89529418945312 34.0 149.66775512695312
endloop
endfacet
facet normal -1.0 0.0 0.0
outer loop
vertex 70.89529418945312 3.0 137.66775512695312
vertex 70.89529418945312 34.0 145.21188354492188
vertex 70.89529418945312 37.0 137.66775512695312
endloop
endfacet
facet normal -1.0 0.0 0.0
outer loop
vertex 70.89529418945312 3.0 149.66775512695312
vertex 70.89529418945312 34.0 149.66775512695312
vertex 70.89529418945312 34.0 145.21188354492188
endloop
endfacet
facet normal -0.9999999999999999 0.0 0.0
outer loop
vertex 70.89529418945312 37.0 137.66775512695312
vertex 70.89529418945312 34.0 145.21188354492188
vertex 70.89529418945312 37.0 145.21188354492188
endloop
endfacet
facet normal 0.0 0.0 -1.0
outer loop
vertex 68.65292358398438 34.0 145.21188354492188
vertex 70.89529418945312 37.0 145.21188354492188
vertex 70.89529418945312 34.0 145.21188354492188
endloop
endfacet
facet normal 0.0 -1.0 0.0
outer loop
vertex 68.65292358398438 34.0 145.21188354492188
vertex 70.89529418945312 34.0 145.21188354492188
vertex 70.89529418945312 34.0 149.66775512695312
endloop
endfacet
facet normal 0.0 -1.0 0.0
outer loop
vertex 68.65292358398438 34.0 145.21188354492188
vertex 70.89529418945312 34.0 149.66775512695312
vertex 68.89529418945312 34.0 151.66775512695312
endloop
endfacet
facet normal 0.0 -0.9999999999999999 0.0
outer loop
vertex 67.91461181640625 0.0 131.40078735351562
vertex 86.92221069335938 0.0 120.28768920898438
vertex 78.2125244140625 0.0 150.76840209960938
endloop
endfacet
facet normal -0.8829482033335517 -3.842378629473885e-06 0.46947041463258277
outer loop
vertex 71.24679565429688 3.0 137.66775512695312
vertex 78.2125244140625 0.0 150.76840209960938
vertex 77.62728881835938 3.0 149.66775512695312
endloop
endfacet
facet normal 0.0 0.0 1.0
outer loop
vertex 70.89529418945312 3.0 149.66775512695312
vertex 77.62728881835938 3.0 149.66775512695312
vertex 77.62728881835938 12.0 149.66775512695312
endloop
endfacet
facet normal -0.8829438620533805 0.0 0.46947857934336157
outer loop
vertex 77.62728881835938 3.0 149.66775512695312
vertex 78.2125244140625 12.0 150.76840209960938
vertex 77.62728881835938 12.0 149.66775512695312
endloop
endfacet
facet normal -0.8829438620533805 0.0 0.46947857934336157
outer loop
vertex 77.62728881835938 3.0 149.66775512695312
vertex 78.2125244140625 0.0 150.76840209960938
vertex 78.2125244140625 12.0 150.76840209960938
endloop
endfacet
facet normal -0.0 1.0 0.0
outer loop
vertex 77.62728881835938 12.0 149.66775512695312
vertex 78.2125244140625 12.0 150.76840209960938
vertex 80.09506225585938 12.0 149.66775512695312
endloop
endfacet
facet normal -0.0 0.0 1.0
outer loop
vertex 70.89529418945312 34.0 149.66775512695312
vertex 77.62728881835938 12.0 149.66775512695312
vertex 80.09506225585938 12.0 149.66775512695312
endloop
endfacet
facet normal -0.8317417725679875 0.0 0.5551627002649423
outer loop
vertex 78.2125244140625 0.0 150.76840209960938
vertex 87.43350219726562 12.0 164.58322143554688
vertex 78.2125244140625 12.0 150.76840209960938
endloop
endfacet
facet normal -0.9992960183442651 0.0 0.037516232770603807
outer loop
vertex 68.65292358398438 34.0 145.21188354492188
vertex 68.89529418945312 34.0 151.66775512695312
vertex 68.89529418945312 142.0 151.66775512695312
endloop
endfacet
facet normal 0.0 -0.0 1.0
outer loop
vertex 41.43414306640625 34.0 100.02078247070312
vertex 76.03115844726562 142.54560708999634 100.02078247070312
vertex 58.065582275390625 142.0 100.02078247070312
endloop
endfacet
facet normal 0.0 -0.0 -1.0
outer loop
vertex 41.1917724609375 142.0 93.56491088867188
vertex 77.1917724609375 142.0 93.56491088867188
vertex 75.43414306640625 37.0 93.56491088867188
endloop
endfacet
facet normal 0.0 -0.0 1.0
outer loop
vertex 41.43414306640625 34.0 100.02078247070312
vertex 76.77960205078125 142.0 100.02078247070312
vertex 76.03115844726562 142.54560708999634 100.02078247070312
endloop
endfacet
facet normal 0.0 -0.0 1.0
outer loop
vertex 52.770843505859375 138.0 92.48892211914062
vertex 63.4375 142.0 92.48892211914062
vertex 52.770843505859375 142.0 92.48892211914062
endloop
endfacet
facet normal 0.3510932304021207 -0.9362477215293978 -0.013181331374889022
outer loop
vertex 52.770843505859375 138.0 92.48892211914062
vertex 63.033538818359375 142.0 81.72915649414062
vertex 63.4375 142.0 92.48892211914062
endloop
endfacet
facet normal 0.0 -1.0 0.0
outer loop
vertex 41.1917724609375 142.0 93.56491088867188
vertex 63.4375 142.0 92.48892211914062
vertex 77.1917724609375 142.0 93.56491088867188
endloop
endfacet
facet normal 0.0 -0.0 1.0
outer loop
vertex 58.065582275390625 142.0 100.02078247070312
vertex 76.49472045898438 144.0 100.02078247070312
vertex 58.37359619140625 144.0 100.02078247070312
endloop
endfacet
facet normal -0.8829486211287041 0.0 0.469469628886598
outer loop
vertex 58.37359619140625 144.0 100.02078247070312
vertex 63.954925537109375 144.0 110.51779174804688
vertex 63.954925537109375 154.0 110.51779174804688
endloop
endfacet
facet normal 0.0 -1.0 0.0
outer loop
vertex 58.37359619140625 144.0 100.02078247070312
vertex 76.49472045898438 144.0 100.02078247070312
vertex 63.954925537109375 144.0 110.51779174804688
endloop
endfacet
facet normal -0.9992958412396237 0.0 0.03752094989726268
outer loop
vertex 54.922332763671875 142.0 119.38839721679688
vertex 55.16473388671875 142.0 125.84426879882812
vertex 54.922332763671875 154.0 119.38839721679688
endloop
endfacet
facet normal 0.0 0.0 -1.0
outer loop
vertex 54.922332763671875 142.0 119.38839721679688
vertex 54.922332763671875 154.0 119.38839721679688
vertex 68.6715087890625 144.0 119.38839721679688
endloop
endfacet
facet normal -0.882947648160479 0.0 0.4694714587787834
outer loop
vertex 63.954925537109375 144.0 110.51779174804688
vertex 68.6715087890625 144.0 119.38839721679688
vertex 63.954925537109375 154.0 110.51779174804688
endloop
endfacet
facet normal -0.0 -1.0 0.0
outer loop
vertex 54.922332763671875 142.0 119.38839721679688
vertex 79.82803344726562 142.0 133.37612915039062
vertex 55.16473388671875 142.0 125.84426879882812
endloop
endfacet
facet normal 0.9992959481633447 0.0 -0.03751810208848224
outer loop
vertex 77.1917724609375 34.0 93.56491088867188
vertex 77.1917724609375 142.0 93.56491088867188
vertex 77.42974853515625 142.0 99.90341186523438
endloop
endfacet
facet normal 0.0 -0.0 1.0
outer loop
vertex 77.43414306640625 34.0 100.02078247070312
vertex 77.43414306640625 142.0 100.02078247070312
vertex 76.77960205078125 142.0 100.02078247070312
endloop
endfacet
facet normal 0.9992998032269532 0.0 -0.03741528124406689
outer loop
vertex 77.43414306640625 34.0 100.02078247070312
vertex 77.42974853515625 142.0 99.90341186523438
vertex 77.43414306640625 142.0 100.02078247070312
endloop
endfacet
facet normal -0.0 -1.0 0.0
outer loop
vertex 63.033538818359375 142.0 81.72915649414062
vertex 77.1917724609375 142.0 93.56491088867188
vertex 63.4375 142.0 92.48892211914062
endloop
endfacet
facet normal 0.8829470977579186 0.0 -0.469472493934276
outer loop
vertex 77.1917724609375 142.0 93.56491088867188
vertex 68.17453002929688 154.0 76.60598754882812
vertex 77.1917724609375 144.0 93.56491088867188
endloop
endfacet
facet normal 0.0 0.0 1.0
outer loop
vertex 58.065582275390625 142.0 100.02078247070312
vertex 76.03115844726562 142.54560708999634 100.02078247070312
vertex 76.49472045898438 144.0 100.02078247070312
endloop
endfacet
facet normal 0.0 -1.0 0.0
outer loop
vertex 63.954925537109375 144.0 110.51779174804688
vertex 76.49472045898438 144.0 100.02078247070312
vertex 77.77865600585938 144.0 102.43551635742188
endloop
endfacet
facet normal 0.9992954470405755 0.0 -0.03753144713405206
outer loop
vertex 77.1917724609375 142.0 93.56491088867188
vertex 77.1917724609375 144.0 93.56491088867188
vertex 77.22640991210938 144.0 94.48715209960938
endloop
endfacet
facet normal 0.9992959481443707 -6.162354300768561e-06 -0.03751810208776987
outer loop
vertex 77.1917724609375 142.0 93.56491088867188
vertex 77.22640991210938 144.0 94.48715209960938
vertex 77.42974853515625 142.0 99.90341186523438
endloop
endfacet
facet normal 0.9992954470405756 0.0 -0.037531447134052064
outer loop
vertex 77.1917724609375 144.0 93.56491088867188
vertex 77.1917724609375 156.0 93.56491088867188
vertex 77.22640991210938 144.0 94.48715209960938
endloop
endfacet
facet normal -0.0 0.0 1.0
outer loop
vertex 76.03115844726562 142.54560708999634 100.02078247070312
vertex 76.77960205078125 142.0 100.02078247070312
vertex 76.85348510742188 142.2258062362671 100.02078247070312
endloop
endfacet
facet normal -0.0 -0.0 1.0
outer loop
vertex 76.03115844726562 142.54560708999634 100.02078247070312
vertex 76.85348510742188 142.2258062362671 100.02078247070312
vertex 76.49472045898438 144.0 100.02078247070312
endloop
endfacet
facet normal 0.0 -0.0 1.0
outer loop
vertex 76.77960205078125 142.0 100.02078247070312
vertex 77.43414306640625 142.0 100.02078247070312
vertex 76.85348510742188 142.2258062362671 100.02078247070312
endloop
endfacet
facet normal 0.0 0.0 1.0
outer loop
vertex 76.49472045898438 144.0 100.02078247070312
vertex 76.85348510742188 142.2258062362671 100.02078247070312
vertex 77.43414306640625 142.0 100.02078247070312
endloop
endfacet
facet normal -0.0 -0.0 1.0
outer loop
vertex 76.49472045898438 144.0 100.02078247070312
vertex 77.43414306640625 142.0 100.02078247070312
vertex 76.49472045898438 154.0 100.02078247070312
endloop
endfacet
facet normal 0.9992998032269532 0.0 -0.03741528124406689
outer loop
vertex 77.42974853515625 142.0 99.90341186523438
vertex 77.43414306640625 156.0 100.02078247070312
vertex 77.43414306640625 142.0 100.02078247070312
endloop
endfacet
facet normal 0.9992960451224249 8.415384096396069e-07 -0.03751551948157259
outer loop
vertex 77.22640991210938 144.0 94.48715209960938
vertex 77.43414306640625 156.0 100.02078247070312
vertex 77.42974853515625 142.0 99.90341186523438
endloop
endfacet
facet normal 0.8829477801442928 0.0 -0.46947121055317703
outer loop
vertex 76.49472045898438 144.0 100.02078247070312
vertex 77.77865600585938 154.0 102.43551635742188
vertex 77.77865600585938 144.0 102.43551635742188
endloop
endfacet
facet normal 0.0 -1.0 0.0
outer loop
vertex 63.954925537109375 144.0 110.51779174804688
vertex 86.79263305664062 144.0 119.38839721679688
vertex 68.6715087890625 144.0 119.38839721679688
endloop
endfacet
facet normal 0.0 0.0 -1.0
outer loop
vertex 54.922332763671875 142.0 119.38839721679688
vertex 68.6715087890625 144.0 119.38839721679688
vertex 90.92233276367188 142.0 119.38839721679688
endloop
endfacet
facet normal 0.0 -1.0 0.0
outer loop
vertex 63.954925537109375 144.0 110.51779174804688
vertex 77.77865600585938 144.0 102.43551635742188
vertex 86.79263305664062 144.0 119.38839721679688
endloop
endfacet
facet normal 0.0 -0.9999999999999999 0.0
outer loop
vertex 54.922332763671875 142.0 119.38839721679688
vertex 90.92233276367188 142.0 119.38839721679688
vertex 79.82803344726562 142.0 133.37612915039062
endloop
endfacet
facet normal 0.0 -1.0 0.0
outer loop
vertex 55.16473388671875 142.0 125.84426879882812
vertex 68.65292358398438 142.0 145.21188354492188
vertex 68.89529418945312 142.0 151.66775512695312
endloop
endfacet
facet normal -0.8829480313216017 0.0 0.4694707381566054
outer loop
vertex 55.16473388671875 142.0 125.84426879882812
vertex 68.89529418945312 142.0 151.66775512695312
vertex 68.89529418945312 144.0 151.66775512695312
endloop
endfacet
facet normal -0.8829480313216016 0.0 0.4694707381566054
outer loop
vertex 55.16473388671875 142.0 125.84426879882812
vertex 68.89529418945312 144.0 151.66775512695312
vertex 68.89529418945312 156.0 151.66775512695312
endloop
endfacet
facet normal -0.9992960183442651 0.0 0.037516232770603807
outer loop
vertex 68.65292358398438 34.0 145.21188354492188
vertex 68.89529418945312 142.0 151.66775512695312
vertex 68.65292358398438 142.0 145.21188354492188
endloop
endfacet
facet normal 0.0 0.0 -1.0
outer loop
vertex 68.65292358398438 34.0 145.21188354492188
vertex 68.65292358398438 142.0 145.21188354492188
vertex 104.65292358398438 142.0 145.21188354492188
endloop
endfacet
facet normal 0.0 -0.0 1.0
outer loop
vertex 68.89529418945312 34.0 151.66775512695312
vertex 104.31463623046875 142.2258062362671 151.66775512695312
vertex 68.89529418945312 142.0 151.66775512695312
endloop
endfacet
facet normal 0.0 -1.0 0.0
outer loop
vertex 55.16473388671875 142.0 125.84426879882812
vertex 80.23199462890625 142.0 144.13589477539062
vertex 68.65292358398438 142.0 145.21188354492188
endloop
endfacet
facet normal 0.0 -1.0 0.0
outer loop
vertex 55.16473388671875 142.0 125.84426879882812
vertex 79.82803344726562 142.0 133.37612915039062
vertex 80.23199462890625 142.0 144.13589477539062
endloop
endfacet
facet normal -0.9992959802655469 0.0 0.037517247035461984
outer loop
vertex 79.82803344726562 138.0 133.37612915039062
vertex 80.23199462890625 138.0 144.13589477539062
vertex 80.23199462890625 142.0 144.13589477539062
endloop
endfacet
facet normal -0.9992959802655469 0.0 0.037517247035461984
outer loop
vertex 79.82803344726562 138.0 133.37612915039062
vertex 80.23199462890625 142.0 144.13589477539062
vertex 79.82803344726562 142.0 133.37612915039062
endloop
endfacet
facet normal 0.0 -0.0 1.0
outer loop
vertex 68.89529418945312 142.0 151.66775512695312
vertex 104.31463623046875 142.2258062362671 151.66775512695312
vertex 68.89529418945312 144.0 151.66775512695312
endloop
endfacet
facet normal 0.0 0.0 1.0
outer loop
vertex 68.89529418945312 144.0 151.66775512695312
vertex 86.1341552734375 144.0 151.66775512695312
vertex 86.1341552734375 154.0 151.66775512695312
endloop
endfacet
facet normal 0.8829469855133607 0.0 -0.4694727050349885
outer loop
vertex 76.624267578125 0.0 100.92013549804688
vertex 86.92221069335938 12.0 120.28768920898438
vertex 86.92221069335938 0.0 120.28768920898438
endloop
endfacet
facet normal 0.8829474890222998 0.0 -0.4694717580741316
outer loop
vertex 86.92221069335938 0.0 120.28768920898438
vertex 86.92221069335938 12.0 120.28768920898438
vertex 96.16336059570312 12.0 137.66775512695312
endloop
endfacet
facet normal 0.0 -1.0 0.0
outer loop
vertex 78.2125244140625 0.0 150.76840209960938
vertex 86.92221069335938 0.0 120.28768920898438
vertex 97.22015380859375 0.0 139.65530395507812
endloop
endfacet
facet normal -0.0 1.0 0.0
outer loop
vertex 71.24679565429688 12.0 137.66775512695312
vertex 96.16336059570312 12.0 137.66775512695312
vertex 86.92221069335938 12.0 120.28768920898438
endloop
endfacet
facet normal 0.0 0.0 -1.0
outer loop
vertex 71.24679565429688 12.0 137.66775512695312
vertex 70.89529418945312 37.0 137.66775512695312
vertex 102.89529418945312 37.0 137.66775512695312
endloop
endfacet
facet normal -0.0 0.0 0.9999999999999999
outer loop
vertex 70.89529418945312 34.0 149.66775512695312
vertex 80.09506225585938 12.0 149.66775512695312
vertex 102.89529418945312 12.0 149.66775512695312
endloop
endfacet
facet normal 0.0 1.0 0.0
outer loop
vertex 70.89529418945312 37.0 137.66775512695312
vertex 70.89529418945312 37.0 145.21188354492188
vertex 102.89529418945312 37.0 145.21188354492188
endloop
endfacet
facet normal 0.0 -1.0 0.0
outer loop
vertex 70.89529418945312 34.0 149.66775512695312
vertex 104.89529418945312 34.0 151.66775512695312
vertex 68.89529418945312 34.0 151.66775512695312
endloop
endfacet
facet normal 0.8829474890222998 0.0 -0.4694717580741316
outer loop
vertex 86.92221069335938 0.0 120.28768920898438
vertex 96.16336059570312 12.0 137.66775512695312
vertex 96.16336059570312 3.0 137.66775512695312
endloop
endfacet
facet normal 0.882947598792622 -1.5341752153879884e-06 -0.4694715516237268
outer loop
vertex 86.92221069335938 0.0 120.28768920898438
vertex 96.16336059570312 3.0 137.66775512695312
vertex 97.22015380859375 0.0 139.65530395507812
endloop
endfacet
facet normal 0.0 -0.0 -1.0
outer loop
vertex 71.24679565429688 12.0 137.66775512695312
vertex 102.89529418945312 37.0 137.66775512695312
vertex 96.16336059570312 12.0 137.66775512695312
endloop
endfacet
facet normal -0.0 1.0 0.0
outer loop
vertex 70.89529418945312 37.0 137.66775512695312
vertex 102.89529418945312 37.0 145.21188354492188
vertex 102.89529418945312 37.0 137.66775512695312
endloop
endfacet
facet normal -0.0 0.0 1.0
outer loop
vertex 70.89529418945312 34.0 149.66775512695312
vertex 102.89529418945312 12.0 149.66775512695312
vertex 102.89529418945312 34.0 149.66775512695312
endloop
endfacet
facet normal 0.0 -1.0 0.0
outer loop
vertex 70.89529418945312 34.0 149.66775512695312
vertex 102.89529418945312 34.0 149.66775512695312
vertex 104.89529418945312 34.0 151.66775512695312
endloop
endfacet
facet normal -0.8317417725679875 0.0 0.5551627002649423
outer loop
vertex 78.2125244140625 0.0 150.76840209960938
vertex 87.43350219726562 0.0 164.58322143554688
vertex 87.43350219726562 12.0 164.58322143554688
endloop
endfacet
facet normal -0.0 1.0 0.0
outer loop
vertex 78.2125244140625 12.0 150.76840209960938
vertex 87.43350219726562 12.0 164.58322143554688
vertex 80.09506225585938 12.0 149.66775512695312
endloop
endfacet
facet normal 0.0 -0.9999999999999999 0.0
outer loop
vertex 78.2125244140625 0.0 150.76840209960938
vertex 97.22015380859375 0.0 139.65530395507812
vertex 87.43350219726562 0.0 164.58322143554688
endloop
endfacet
facet normal -0.0 0.9999999999999999 0.0
outer loop
vertex 80.09506225585938 12.0 149.66775512695312
vertex 87.43350219726562 12.0 164.58322143554688
vertex 106.00790405273438 12.0 154.70706176757812
endloop
endfacet
facet normal 0.4694689052116287 4.5964717585316896e-06 0.882949005899133
outer loop
vertex 87.43350219726562 0.0 164.58322143554688
vertex 102.89999389648438 2.5 156.35958862304688
vertex 90.5386962890625 2.5 162.93215942382812
endloop
endfacet
facet normal 0.4694689052116287 -4.5964717585316896e-06 0.882949005899133
outer loop
vertex 87.43350219726562 12.0 164.58322143554688
vertex 90.5386962890625 9.5 162.93215942382812
vertex 102.89999389648438 9.5 156.35958862304688
endloop
endfacet
facet normal 0.46947179021757257 -0.0 0.8829474719313191
outer loop
vertex 87.43350219726562 0.0 164.58322143554688
vertex 90.5386962890625 2.5 162.93215942382812
vertex 90.5386962890625 9.5 162.93215942382812
endloop
endfacet
facet normal 0.46947179021757257 0.0 0.8829474719313191
outer loop
vertex 87.43350219726562 0.0 164.58322143554688
vertex 90.5386962890625 9.5 162.93215942382812
vertex 87.43350219726562 12.0 164.58322143554688
endloop
endfacet
facet normal -0.0 -1.0 -0.0
outer loop
vertex 93.81597900390625 2.5 162.32217407226562
vertex 90.5386962890625 2.5 162.93215942382812
vertex 94.87551879882812 2.5 161.75881958007812
endloop
endfacet
facet normal -0.8829467068513824 0.0 0.46947322911993516
outer loop
vertex 90.5386962890625 2.5 162.93215942382812
vertex 95.23342895507812 2.5 171.76162719726562
vertex 90.5386962890625 9.5 162.93215942382812
endloop
endfacet
facet normal -0.08092866354077341 -0.9850295596841765 -0.1522081402747623
outer loop
vertex 93.81597900390625 2.5 162.32217407226562
vertex 94.87551879882812 2.5 161.75881958007812
vertex 94.75491333007812 2.149993896484375 164.08804321289062
endloop
endfacet
facet normal -0.0 -1.0 0.0
outer loop
vertex 93.81597900390625 2.5 162.32217407226562
vertex 98.04119873046875 2.5 170.26870727539062
vertex 90.5386962890625 2.5 162.93215942382812
endloop
endfacet
facet normal 0.0 -1.0 0.0
outer loop
vertex 90.5386962890625 2.5 162.93215942382812
vertex 98.04119873046875 2.5 170.26870727539062
vertex 95.23342895507812 2.5 171.76162719726562
endloop
endfacet
facet normal -0.8829467068513824 0.0 0.46947322911993516
outer loop
vertex 90.5386962890625 9.5 162.93215942382812
vertex 95.23342895507812 2.5 171.76162719726562
vertex 95.23342895507812 9.5 171.76162719726562
endloop
endfacet
facet normal -0.08092866354077341 0.9850295596841765 -0.1522081402747623
outer loop
vertex 93.81597900390625 9.5 162.32217407226562
vertex 94.75491333007812 9.850006103515625 164.08804321289062
vertex 94.87551879882812 9.5 161.75881958007812
endloop
endfacet
facet normal 0.0 1.0 -0.0
outer loop
vertex 93.81597900390625 9.5 162.32217407226562
vertex 90.5386962890625 9.5 162.93215942382812
vertex 95.23342895507812 9.5 171.76162719726562
endloop
endfacet
facet normal 0.0 -0.0 -1.0
outer loop
vertex 68.65292358398438 34.0 145.21188354492188
vertex 104.65292358398438 142.0 145.21188354492188
vertex 70.89529418945312 37.0 145.21188354492188
endloop
endfacet
facet normal 0.0 -0.0 -1.0
outer loop
vertex 70.89529418945312 37.0 145.21188354492188
vertex 104.65292358398438 142.0 145.21188354492188
vertex 102.89529418945312 37.0 145.21188354492188
endloop
endfacet
facet normal 0.0 0.0 1.0
outer loop
vertex 68.89529418945312 34.0 151.66775512695312
vertex 104.89529418945312 34.0 151.66775512695312
vertex 104.89529418945312 142.0 151.66775512695312
endloop
endfacet
facet normal 0.8829485586854086 0.0 -0.46946974632595834
outer loop
vertex 96.16336059570312 3.0 137.66775512695312
vertex 97.22015380859375 3.0 139.65530395507812
vertex 97.22015380859375 0.0 139.65530395507812
endloop
endfacet
facet normal 0.0 -0.9999999999999999 0.0
outer loop
vertex 96.16336059570312 3.0 137.66775512695312
vertex 102.89529418945312 3.0 137.66775512695312
vertex 97.22015380859375 3.0 139.65530395507812
endloop
endfacet
facet normal 0.0 0.0 -1.0
outer loop
vertex 96.16336059570312 3.0 137.66775512695312
vertex 96.16336059570312 12.0 137.66775512695312
vertex 102.89529418945312 3.0 137.66775512695312
endloop
endfacet
facet normal 0.0 0.0 -0.9999999999999999
outer loop
vertex 96.16336059570312 12.0 137.66775512695312
vertex 102.89529418945312 37.0 137.66775512695312
vertex 102.89529418945312 3.0 137.66775512695312
endloop
endfacet
facet normal -0.0 1.0 0.0
outer loop
vertex 80.09506225585938 12.0 149.66775512695312
vertex 106.00790405273438 12.0 154.70706176757812
vertex 102.89529418945312 12.0 149.66775512695312
endloop
endfacet
facet normal 0.8635904290358576 0.0 -0.5041939813976993
outer loop
vertex 97.22015380859375 0.0 139.65530395507812
vertex 97.22015380859375 3.0 139.65530395507812
vertex 102.89529418945312 3.0 149.37576293945312
endloop
endfacet
facet normal 0.0 -1.0 0.0
outer loop
vertex 97.22015380859375 3.0 139.65530395507812
vertex 102.89529418945312 3.0 137.66775512695312
vertex 102.89529418945312 3.0 149.37576293945312
endloop
endfacet
facet normal 0.8635901020000303 2.4336142244210523e-06 -0.5041945415428996
outer loop
vertex 97.22015380859375 0.0 139.65530395507812
vertex 102.89529418945312 3.0 149.37576293945312
vertex 106.00790405273438 0.0 154.70706176757812
endloop
endfacet
facet normal 0.863589505728551 0.0 -0.5041955628479062
outer loop
vertex 102.89529418945312 3.0 149.37576293945312
vertex 102.89529418945312 12.0 149.37576293945312
vertex 106.00790405273438 1.26116943359375 154.70706176757812
endloop
endfacet
facet normal 1.0 0.0 -0.0
outer loop
vertex 102.89529418945312 3.0 137.66775512695312
vertex 102.89529418945312 37.0 137.66775512695312
vertex 102.89529418945312 3.0 149.37576293945312
endloop
endfacet
facet normal 1.0 -0.0 -0.0
outer loop
vertex 102.89529418945312 3.0 149.37576293945312
vertex 102.89529418945312 34.0 145.21188354492188
vertex 102.89529418945312 12.0 149.37576293945312
endloop
endfacet
facet normal 0.0 1.0 0.0
outer loop
vertex 102.89529418945312 12.0 149.37576293945312
vertex 102.89529418945312 12.0 149.66775512695312
vertex 106.00790405273438 12.0 154.70706176757812
endloop
endfacet
facet normal 1.0 -0.0 -0.0
outer loop
vertex 102.89529418945312 3.0 149.37576293945312
vertex 102.89529418945312 37.0 137.66775512695312
vertex 102.89529418945312 34.0 145.21188354492188
endloop
endfacet
facet normal 1.0 0.0 -0.0
outer loop
vertex 102.89529418945312 12.0 149.37576293945312
vertex 102.89529418945312 34.0 149.66775512695312
vertex 102.89529418945312 12.0 149.66775512695312
endloop
endfacet
facet normal 1.0 -0.0 0.0
outer loop
vertex 102.89529418945312 12.0 149.37576293945312
vertex 102.89529418945312 34.0 145.21188354492188
vertex 102.89529418945312 34.0 149.66775512695312
endloop
endfacet
facet normal 0.9999999999999999 0.0 -0.0
outer loop
vertex 102.89529418945312 37.0 137.66775512695312
vertex 102.89529418945312 37.0 145.21188354492188
vertex 102.89529418945312 34.0 145.21188354492188
endloop
endfacet
facet normal 0.0 0.0 -1.0
outer loop
vertex 102.89529418945312 34.0 145.21188354492188
vertex 102.89529418945312 37.0 145.21188354492188
vertex 104.65292358398438 34.0 145.21188354492188
endloop
endfacet
facet normal 0.0 -1.0 0.0
outer loop
vertex 102.89529418945312 34.0 145.21188354492188
vertex 104.65292358398438 34.0 145.21188354492188
vertex 102.89529418945312 34.0 149.66775512695312
endloop
endfacet
facet normal -0.0 -0.9999999999999999 0.0
outer loop
vertex 104.65292358398438 34.0 145.21188354492188
vertex 104.89529418945312 34.0 151.66775512695312
vertex 102.89529418945312 34.0 149.66775512695312
endloop
endfacet
facet normal 0.0 -1.0 0.0
outer loop
vertex 87.43350219726562 0.0 164.58322143554688
vertex 97.22015380859375 0.0 139.65530395507812
vertex 106.00790405273438 0.0 154.70706176757812
endloop
endfacet
facet normal -0.0 -1.0 -0.0
outer loop
vertex 94.87551879882812 2.5 161.75881958007812
vertex 90.5386962890625 2.5 162.93215942382812
vertex 99.50216674804688 2.5 159.29879760742188
endloop
endfacet
facet normal 0.0 -1.0 0.0
outer loop
vertex 90.5386962890625 2.5 162.93215942382812
vertex 102.89999389648438 2.5 156.35958862304688
vertex 100.56170654296875 2.5 158.73538208007812
endloop
endfacet
facet normal 0.0 -1.0 0.0
outer loop
vertex 90.5386962890625 2.5 162.93215942382812
vertex 100.56170654296875 2.5 158.73538208007812
vertex 99.50216674804688 2.5 159.29879760742188
endloop
endfacet
facet normal 0.0 0.9999999999999999 0.0
outer loop
vertex 93.81597900390625 9.5 162.32217407226562
vertex 102.89999389648438 9.5 156.35958862304688
vertex 90.5386962890625 9.5 162.93215942382812
endloop
endfacet
facet normal 0.0 1.0 0.0
outer loop
vertex 93.81597900390625 9.5 162.32217407226562
vertex 94.87551879882812 9.5 161.75881958007812
vertex 102.89999389648438 9.5 156.35958862304688
endloop
endfacet
facet normal 0.4694714714726531 -1.57688330155848e-05 0.8829476412702203
outer loop
vertex 87.43350219726562 0.0 164.58322143554688
vertex 106.00790405273438 1.26116943359375 154.70706176757812
vertex 102.89999389648438 2.5 156.35958862304688
endloop
endfacet
facet normal 0.4694706368349253 -0.0 0.8829480851951658
outer loop
vertex 87.43350219726562 0.0 164.58322143554688
vertex 106.00790405273438 0.0 154.70706176757812
vertex 106.00790405273438 1.26116943359375 154.70706176757812
endloop
endfacet
facet normal -0.08093549890621987 -0.9850295596699797 -0.1522045058241278
outer loop
vertex 99.50216674804688 2.5 159.29879760742188
vertex 100.56170654296875 2.5 158.73538208007812
vertex 100.44110107421875 2.149993896484375 161.06466674804688
endloop
endfacet
facet normal -0.08092654770101423 -0.9850303484114221 -0.152204160868446
outer loop
vertex 100.56170654296875 2.5 158.73538208007812
vertex 101.50064086914062 2.149993896484375 160.50131225585938
vertex 100.44110107421875 2.149993896484375 161.06466674804688
endloop
endfacet
facet normal 0.0 1.0 0.0
outer loop
vertex 94.87551879882812 9.5 161.75881958007812
vertex 99.50216674804688 9.5 159.29879760742188
vertex 102.89999389648438 9.5 156.35958862304688
endloop
endfacet
facet normal 0.46947063681529416 9.144995720261142e-06 0.882948085158245
outer loop
vertex 87.43350219726562 12.0 164.58322143554688
vertex 102.89999389648438 9.5 156.35958862304688
vertex 106.00790405273438 12.0 154.70706176757812
endloop
endfacet
facet normal 0.0 1.0 0.0
outer loop
vertex 99.50216674804688 9.5 159.29879760742188
vertex 100.56170654296875 9.5 158.73538208007812
vertex 102.89999389648438 9.5 156.35958862304688
endloop
endfacet
facet normal -0.08093549890621987 0.9850295596699797 -0.1522045058241278
outer loop
vertex 99.50216674804688 9.5 159.29879760742188
vertex 100.44110107421875 9.850006103515625 161.06466674804688
vertex 100.56170654296875 9.5 158.73538208007812
endloop
endfacet
facet normal -0.08092654770101423 0.9850303484114221 -0.152204160868446
outer loop
vertex 100.56170654296875 9.5 158.73538208007812
vertex 100.44110107421875 9.850006103515625 161.06466674804688
vertex 101.50064086914062 9.850006103515625 160.50131225585938
endloop
endfacet
facet normal -0.08092866354077341 -0.9850295596841765 -0.1522081402747623
outer loop
vertex 94.87551879882812 2.5 161.75881958007812
vertex 95.814453125 2.149993896484375 163.52468872070312
vertex 94.75491333007812 2.149993896484375 164.08804321289062
endloop
endfacet
facet normal -0.882948832688296 -2.783159443040058e-05 0.4694692301735843
outer loop
vertex 93.81597900390625 2.5 162.32217407226562
vertex 94.75491333007812 2.149993896484375 164.08804321289062
vertex 98.04119873046875 2.5 170.26870727539062
endloop
endfacet
facet normal 0.0 -1.0 0.0
outer loop
vertex 94.75491333007812 2.149993896484375 164.08804321289062
vertex 95.814453125 2.149993896484375 163.52468872070312
vertex 97.57174682617188 2.149993896484375 169.38577270507812
endloop
endfacet
facet normal 0.882948832688296 2.783159443040058e-05 -0.4694692301735843
outer loop
vertex 94.87551879882812 2.5 161.75881958007812
vertex 99.10073852539062 2.5 169.70535278320312
vertex 95.814453125 2.149993896484375 163.52468872070312
endloop
endfacet
facet normal 0.0 -1.0 0.0
outer loop
vertex 95.814453125 2.149993896484375 163.52468872070312
vertex 98.63128662109375 2.149993896484375 168.82241821289062
vertex 97.57174682617188 2.149993896484375 169.38577270507812
endloop
endfacet
facet normal 0.8829489217901609 -2.8916421900559413e-05 -0.46946906253067716
outer loop
vertex 95.814453125 2.149993896484375 163.52468872070312
vertex 99.57022094726562 2.5 170.58828735351562
vertex 98.63128662109375 2.149993896484375 168.82241821289062
endloop
endfacet
facet normal -0.6454340295772067 0.0 0.7638160206906697
outer loop
vertex 95.23342895507812 2.5 171.76162719726562
vertex 96.87875366210938 8.699996948242188 173.15194702148438
vertex 95.23342895507812 9.5 171.76162719726562
endloop
endfacet
facet normal -0.6454340295772069 0.0 0.7638160206906697
outer loop
vertex 95.23342895507812 2.5 171.76162719726562
vertex 96.87875366210938 3.3000030517578125 173.15194702148438
vertex 96.87875366210938 8.699996948242188 173.15194702148438
endloop
endfacet
facet normal -0.8829489217901609 2.8916421900559413e-05 0.46946906253067716
outer loop
vertex 94.75491333007812 2.149993896484375 164.08804321289062
vertex 97.57174682617188 2.149993896484375 169.38577270507812
vertex 98.51068115234375 2.5 171.15164184570312
endloop
endfacet
facet normal -0.8829401524168273 -0.00039469544140119264 0.4694853900449492
outer loop
vertex 94.75491333007812 2.149993896484375 164.08804321289062
vertex 98.51068115234375 2.5 171.15164184570312
vertex 98.04119873046875 2.5 170.26870727539062
endloop
endfacet
facet normal 0.08092866354077341 -0.9850295596841765 0.1522081402747623
outer loop
vertex 97.57174682617188 2.149993896484375 169.38577270507812
vertex 98.63128662109375 2.149993896484375 168.82241821289062
vertex 98.51068115234375 2.5 171.15164184570312
endloop
endfacet
facet normal 0.8829401524168273 0.00039469544140119264 -0.4694853900449492
outer loop
vertex 95.814453125 2.149993896484375 163.52468872070312
vertex 99.10073852539062 2.5 169.70535278320312
vertex 99.57022094726562 2.5 170.58828735351562
endloop
endfacet
facet normal 0.17434288981755425 -0.9284891947938775 0.32789079267506294
outer loop
vertex 95.23342895507812 2.5 171.76162719726562
vertex 98.04119873046875 2.5 170.26870727539062
vertex 98.15859985351562 2.600006103515625 170.48947143554688
endloop
endfacet
facet normal -0.8829402141634679 0.00012616868821666277 0.4694854228774641
outer loop
vertex 98.04119873046875 2.5 170.26870727539062
vertex 98.51068115234375 2.5 171.15164184570312
vertex 98.15859985351562 2.600006103515625 170.48947143554688
endloop
endfacet
facet normal 0.17435508511977005 0.928476653339416 0.3279198202251819
outer loop
vertex 96.87875366210938 8.699996948242188 173.15194702148438
vertex 98.15859985351562 9.399993896484375 170.48947143554688
vertex 95.23342895507812 9.5 171.76162719726562
endloop
endfacet
facet normal 0.174384098292979 0.9284671603166919 0.3279312709639067
outer loop
vertex 96.87875366210938 8.699996948242188 173.15194702148438
vertex 99.21810913085938 9.399993896484375 169.92605590820312
vertex 98.15859985351562 9.399993896484375 170.48947143554688
endloop
endfacet
facet normal -0.08092866354077341 0.9850295596841765 -0.1522081402747623
outer loop
vertex 94.87551879882812 9.5 161.75881958007812
vertex 94.75491333007812 9.850006103515625 164.08804321289062
vertex 95.814453125 9.850006103515625 163.52468872070312
endloop
endfacet
facet normal -0.882948832688296 2.783159443040058e-05 0.4694692301735843
outer loop
vertex 93.81597900390625 9.5 162.32217407226562
vertex 98.04119873046875 9.5 170.26870727539062
vertex 94.75491333007812 9.850006103515625 164.08804321289062
endloop
endfacet
facet normal -0.0 1.0 0.0
outer loop
vertex 94.75491333007812 9.850006103515625 164.08804321289062
vertex 97.57174682617188 9.850006103515625 169.38577270507812
vertex 95.814453125 9.850006103515625 163.52468872070312
endloop
endfacet
facet normal 0.882948832688296 -2.783159443040058e-05 -0.4694692301735843
outer loop
vertex 94.87551879882812 9.5 161.75881958007812
vertex 95.814453125 9.850006103515625 163.52468872070312
vertex 99.10073852539062 9.5 169.70535278320312
endloop
endfacet
facet normal -0.0 1.0 0.0
outer loop
vertex 94.87551879882812 9.5 161.75881958007812
vertex 99.10073852539062 9.5 169.70535278320312
vertex 99.50216674804688 9.5 159.29879760742188
endloop
endfacet
facet normal -0.0 1.0 0.0
outer loop
vertex 95.814453125 9.850006103515625 163.52468872070312
vertex 97.57174682617188 9.850006103515625 169.38577270507812
vertex 98.63128662109375 9.850006103515625 168.82241821289062
endloop
endfacet
facet normal 0.8829489217901609 2.8916421900559413e-05 -0.46946906253067716
outer loop
vertex 95.814453125 9.850006103515625 163.52468872070312
vertex 98.63128662109375 9.850006103515625 168.82241821289062
vertex 99.57022094726562 9.5 170.58828735351562
endloop
endfacet
facet normal -0.0 0.9999999999999999 0.0
outer loop
vertex 93.81597900390625 9.5 162.32217407226562
vertex 95.23342895507812 9.5 171.76162719726562
vertex 98.04119873046875 9.5 170.26870727539062
endloop
endfacet
facet normal -0.8829489217901609 -2.8916421900559413e-05 0.46946906253067716
outer loop
vertex 94.75491333007812 9.850006103515625 164.08804321289062
vertex 98.51068115234375 9.5 171.15164184570312
vertex 97.57174682617188 9.850006103515625 169.38577270507812
endloop
endfacet
facet normal -0.8829401524168273 0.00039469544140119264 0.4694853900449492
outer loop
vertex 94.75491333007812 9.850006103515625 164.08804321289062
vertex 98.04119873046875 9.5 170.26870727539062
vertex 98.51068115234375 9.5 171.15164184570312
endloop
endfacet
facet normal 0.8829401524168273 -0.00039469544140119264 -0.4694853900449492
outer loop
vertex 95.814453125 9.850006103515625 163.52468872070312
vertex 99.57022094726562 9.5 170.58828735351562
vertex 99.10073852539062 9.5 169.70535278320312
endloop
endfacet
facet normal 0.08092866354077341 0.9850295596841765 0.1522081402747623
outer loop
vertex 97.57174682617188 9.850006103515625 169.38577270507812
vertex 98.51068115234375 9.5 171.15164184570312
vertex 98.63128662109375 9.850006103515625 168.82241821289062
endloop
endfacet
facet normal 0.17434288981755425 0.9284891947938775 0.32789079267506294
outer loop
vertex 95.23342895507812 9.5 171.76162719726562
vertex 98.15859985351562 9.399993896484375 170.48947143554688
vertex 98.04119873046875 9.5 170.26870727539062
endloop
endfacet
facet normal -0.8829402141634679 -0.00012616868821666277 0.4694854228774641
outer loop
vertex 98.04119873046875 9.5 170.26870727539062
vertex 98.15859985351562 9.399993896484375 170.48947143554688
vertex 98.51068115234375 9.5 171.15164184570312
endloop
endfacet
facet normal 0.0 -1.0 0.0
outer loop
vertex 94.87551879882812 2.5 161.75881958007812
vertex 99.50216674804688 2.5 159.29879760742188
vertex 103.72738647460938 2.5 167.24526977539062
endloop
endfacet
facet normal 0.0 -1.0 0.0
outer loop
vertex 94.87551879882812 2.5 161.75881958007812
vertex 103.72738647460938 2.5 167.24526977539062
vertex 99.10073852539062 2.5 169.70535278320312
endloop
endfacet
facet normal -0.882947338282264 -9.638938080628098e-06 0.4694720414756942
outer loop
vertex 99.50216674804688 2.5 159.29879760742188
vertex 100.44110107421875 2.149993896484375 161.06466674804688
vertex 103.72738647460938 2.5 167.24526977539062
endloop
endfacet
facet normal 0.08092866354077341 -0.9850295596841765 0.1522081402747623
outer loop
vertex 98.63128662109375 2.149993896484375 168.82241821289062
vertex 99.57022094726562 2.5 170.58828735351562
vertex 98.51068115234375 2.5 171.15164184570312
endloop
endfacet
facet normal 0.8829402121296821 -0.00014326683606836742 -0.46948542179604
outer loop
vertex 99.10073852539062 2.5 169.70535278320312
vertex 99.21810913085938 2.600006103515625 169.92605590820312
vertex 99.57022094726562 2.5 170.58828735351562
endloop
endfacet
facet normal 0.882949189538135 0.0 -0.46946855985672814
outer loop
vertex 99.21810913085938 2.600006103515625 169.92605590820312
vertex 99.57022094726562 2.600006103515625 170.58828735351562
vertex 99.57022094726562 2.5 170.58828735351562
endloop
endfacet
facet normal -0.8829481199481272 0.0 0.4694705714739397
outer loop
vertex 98.15859985351562 2.600006103515625 170.48947143554688
vertex 98.51068115234375 2.5 171.15164184570312
vertex 98.51068115234375 2.600006103515625 171.15164184570312
endloop
endfacet
facet normal -0.0 1.0 0.0
outer loop
vertex 98.15859985351562 2.600006103515625 170.48947143554688
vertex 98.51068115234375 2.600006103515625 171.15164184570312
vertex 99.21810913085938 2.600006103515625 169.92605590820312
endloop
endfacet
facet normal 0.4694632405567484 0.0 0.882952017816346
outer loop
vertex 98.51068115234375 2.5 171.15164184570312
vertex 99.57022094726562 2.600006103515625 170.58828735351562
vertex 98.51068115234375 2.600006103515625 171.15164184570312
endloop
endfacet
facet normal -0.0 1.0 -0.0
outer loop
vertex 99.21810913085938 2.600006103515625 169.92605590820312
vertex 98.51068115234375 2.600006103515625 171.15164184570312
vertex 99.57022094726562 2.600006103515625 170.58828735351562
endloop
endfacet
facet normal 0.4694632405567484 -0.0 0.882952017816346
outer loop
vertex 98.51068115234375 2.5 171.15164184570312
vertex 99.57022094726562 2.5 170.58828735351562
vertex 99.57022094726562 2.600006103515625 170.58828735351562
endloop
endfacet
facet normal 0.1743831262670235 -0.9284542478523098 0.3279683443845474
outer loop
vertex 99.10073852539062 2.5 169.70535278320312
vertex 103.84475708007812 2.600006103515625 167.46603393554688
vertex 99.21810913085938 2.600006103515625 169.92605590820312
endloop
endfacet
facet normal 0.17436944278443353 -0.9284618865149957 0.3279539948103412
outer loop
vertex 95.23342895507812 2.5 171.76162719726562
vertex 98.15859985351562 2.600006103515625 170.48947143554688
vertex 107.82730102539062 3.3000030517578125 167.33047485351562
endloop
endfacet
facet normal 0.17435748084908184 -0.9284771116290409 0.32791724878840367
outer loop
vertex 95.23342895507812 2.5 171.76162719726562
vertex 107.82730102539062 3.3000030517578125 167.33047485351562
vertex 96.87875366210938 3.3000030517578125 173.15194702148438
endloop
endfacet
facet normal 0.17435285269205475 0.9284800436049445 0.3279114078306867
outer loop
vertex 96.87875366210938 8.699996948242188 173.15194702148438
vertex 103.84475708007812 9.399993896484375 167.46603393554688
vertex 99.21810913085938 9.399993896484375 169.92605590820312
endloop
endfacet
facet normal 0.46947321451734497 0.0 0.8829467146157525
outer loop
vertex 96.87875366210938 3.3000030517578125 173.15194702148438
vertex 107.82730102539062 3.3000030517578125 167.33047485351562
vertex 96.87875366210938 8.699996948242188 173.15194702148438
endloop
endfacet
facet normal -0.882947338282264 9.638938080628098e-06 0.4694720414756942
outer loop
vertex 99.50216674804688 9.5 159.29879760742188
vertex 103.72738647460938 9.5 167.24526977539062
vertex 100.44110107421875 9.850006103515625 161.06466674804688
endloop
endfacet
facet normal -0.0 0.9999999999999999 -0.0
outer loop
vertex 99.50216674804688 9.5 159.29879760742188
vertex 99.10073852539062 9.5 169.70535278320312
vertex 103.72738647460938 9.5 167.24526977539062
endloop
endfacet
facet normal 0.08092866354077341 0.9850295596841765 0.1522081402747623
outer loop
vertex 98.63128662109375 9.850006103515625 168.82241821289062
vertex 98.51068115234375 9.5 171.15164184570312
vertex 99.57022094726562 9.5 170.58828735351562
endloop
endfacet
facet normal 0.0 -1.0 0.0
outer loop
vertex 98.15859985351562 9.399993896484375 170.48947143554688
vertex 99.21810913085938 9.399993896484375 169.92605590820312
vertex 99.57022094726562 9.399993896484375 170.58828735351562
endloop
endfacet
facet normal 0.8829402121296821 0.00014326683606836742 -0.46948542179604
outer loop
vertex 99.10073852539062 9.5 169.70535278320312
vertex 99.57022094726562 9.5 170.58828735351562
vertex 99.21810913085938 9.399993896484375 169.92605590820312
endloop
endfacet
facet normal 0.882949189538135 0.0 -0.46946855985672814
outer loop
vertex 99.21810913085938 9.399993896484375 169.92605590820312
vertex 99.57022094726562 9.5 170.58828735351562
vertex 99.57022094726562 9.399993896484375 170.58828735351562
endloop
endfacet
facet normal -0.8829481199481272 0.0 0.4694705714739397
outer loop
vertex 98.15859985351562 9.399993896484375 170.48947143554688
vertex 98.51068115234375 9.399993896484375 171.15164184570312
vertex 98.51068115234375 9.5 171.15164184570312
endloop
endfacet
facet normal 0.0 -1.0 0.0
outer loop
vertex 98.15859985351562 9.399993896484375 170.48947143554688
vertex 99.57022094726562 9.399993896484375 170.58828735351562
vertex 98.51068115234375 9.399993896484375 171.15164184570312
endloop
endfacet
facet normal 0.4694632405567484 0.0 0.882952017816346
outer loop
vertex 98.51068115234375 9.399993896484375 171.15164184570312
vertex 99.57022094726562 9.399993896484375 170.58828735351562
vertex 98.51068115234375 9.5 171.15164184570312
endloop
endfacet
facet normal 0.4694632405567484 -0.0 0.882952017816346
outer loop
vertex 98.51068115234375 9.5 171.15164184570312
vertex 99.57022094726562 9.399993896484375 170.58828735351562
vertex 99.57022094726562 9.5 170.58828735351562
endloop
endfacet
facet normal 0.17438649913058069 0.9284542479440377 0.327966550726825
outer loop
vertex 99.10073852539062 9.5 169.70535278320312
vertex 99.21810913085938 9.399993896484375 169.92605590820312
vertex 103.72738647460938 9.5 167.24526977539062
endloop
endfacet
facet normal 0.8635895057285509 0.0 -0.5041955628479062
outer loop
vertex 102.89529418945312 3.0 149.37576293945312
vertex 106.00790405273438 1.26116943359375 154.70706176757812
vertex 106.00790405273438 0.0 154.70706176757812
endloop
endfacet
facet normal 0.4694763716992511 0.0 0.8829450358975389
outer loop
vertex 102.89999389648438 2.5 156.35958862304688
vertex 106.00790405273438 1.26116943359375 154.70706176757812
vertex 102.89999389648438 9.5 156.35958862304688
endloop
endfacet
facet normal 0.863589505728551 0.0 -0.5041955628479062
outer loop
vertex 102.89529418945312 12.0 149.37576293945312
vertex 106.00790405273438 12.0 154.70706176757812
vertex 106.00790405273438 1.26116943359375 154.70706176757812
endloop
endfacet
facet normal 0.4694763716992512 -0.0 0.8829450358975391
outer loop
vertex 102.89999389648438 9.5 156.35958862304688
vertex 106.00790405273438 1.26116943359375 154.70706176757812
vertex 106.00790405273438 12.0 154.70706176757812
endloop
endfacet
facet normal 0.8829488317412085 -5.403591447904332e-05 -0.4694692296700122
outer loop
vertex 100.56170654296875 2.5 158.73538208007812
vertex 104.78692626953125 2.5 166.68191528320312
vertex 101.50064086914062 2.149993896484375 160.50131225585938
endloop
endfacet
facet normal 0.0 -1.0 0.0
outer loop
vertex 100.56170654296875 2.5 158.73538208007812
vertex 102.89999389648438 2.5 156.35958862304688
vertex 107.59469604492188 2.5 165.18899536132812
endloop
endfacet
facet normal 0.8829466266189434 0.0 -0.4694733800144883
outer loop
vertex 102.89999389648438 2.5 156.35958862304688
vertex 102.89999389648438 9.5 156.35958862304688
vertex 107.59469604492188 9.5 165.18899536132812
endloop
endfacet
facet normal 0.8829488317412085 5.403591447904332e-05 -0.4694692296700122
outer loop
vertex 100.56170654296875 9.5 158.73538208007812
vertex 101.50064086914062 9.850006103515625 160.50131225585938
vertex 104.78692626953125 9.5 166.68191528320312
endloop
endfacet
facet normal -0.0 1.0 0.0
outer loop
vertex 100.56170654296875 9.5 158.73538208007812
vertex 107.59469604492188 9.5 165.18899536132812
vertex 102.89999389648438 9.5 156.35958862304688
endloop
endfacet
facet normal 0.8829466266189434 0.0 -0.4694733800144883
outer loop
vertex 102.89999389648438 2.5 156.35958862304688
vertex 107.59469604492188 9.5 165.18899536132812
vertex 107.59469604492188 2.5 165.18899536132812
endloop
endfacet
facet normal 0.0 -1.0 0.0
outer loop
vertex 100.44110107421875 2.149993896484375 161.06466674804688
vertex 101.50064086914062 2.149993896484375 160.50131225585938
vertex 103.2579345703125 2.149993896484375 166.36233520507812
endloop
endfacet
facet normal 0.0 -1.0 0.0
outer loop
vertex 101.50064086914062 2.149993896484375 160.50131225585938
vertex 104.31747436523438 2.149993896484375 165.79898071289062
vertex 103.2579345703125 2.149993896484375 166.36233520507812
endloop
endfacet
facet normal -0.8829466772649076 -8.02406425695647e-05 0.4694732779065262
outer loop
vertex 100.44110107421875 2.149993896484375 161.06466674804688
vertex 103.2579345703125 2.149993896484375 166.36233520507812
vertex 104.19686889648438 2.5 168.12826538085938
endloop
endfacet
facet normal -0.8829536434509149 0.0002602371960332239 0.4694601109714825
outer loop
vertex 100.44110107421875 2.149993896484375 161.06466674804688
vertex 104.19686889648438 2.5 168.12826538085938
vertex 103.72738647460938 2.5 167.24526977539062
endloop
endfacet
facet normal 0.8829466772649076 8.02406425695647e-05 -0.4694732779065262
outer loop
vertex 101.50064086914062 2.149993896484375 160.50131225585938
vertex 105.25640869140625 2.5 167.56491088867188
vertex 104.31747436523438 2.149993896484375 165.79898071289062
endloop
endfacet
facet normal 0.8829536434509149 -0.0002602371960332239 -0.4694601109714825
outer loop
vertex 101.50064086914062 2.149993896484375 160.50131225585938
vertex 104.78692626953125 2.5 166.68191528320312
vertex 105.25640869140625 2.5 167.56491088867188
endloop
endfacet
facet normal 0.0 -0.9999999999999999 0.0
outer loop
vertex 100.56170654296875 2.5 158.73538208007812
vertex 107.59469604492188 2.5 165.18899536132812
vertex 104.78692626953125 2.5 166.68191528320312
endloop
endfacet
facet normal 0.08092654770101423 -0.9850303484114221 0.152204160868446
outer loop
vertex 103.2579345703125 2.149993896484375 166.36233520507812
vertex 104.31747436523438 2.149993896484375 165.79898071289062
vertex 104.19686889648438 2.5 168.12826538085938
endloop
endfacet
facet normal -0.8829536710841003 -7.162955838630588e-05 0.46946012566384876
outer loop
vertex 103.72738647460938 2.5 167.24526977539062
vertex 104.19686889648438 2.5 168.12826538085938
vertex 103.84475708007812 2.600006103515625 167.46603393554688
endloop
endfacet
facet normal -0.0 1.0 0.0
outer loop
vertex 103.84475708007812 2.600006103515625 167.46603393554688
vertex 104.19686889648438 2.600006103515625 168.12826538085938
vertex 104.904296875 2.600006103515625 166.90267944335938
endloop
endfacet
facet normal 0.08092654770101423 -0.9850303484114221 0.152204160868446
outer loop
vertex 104.31747436523438 2.149993896484375 165.79898071289062
vertex 105.25640869140625 2.5 167.56491088867188
vertex 104.19686889648438 2.5 168.12826538085938
endloop
endfacet
facet normal 0.8829536710841003 7.162955838630588e-05 -0.46946012566384876
outer loop
vertex 104.78692626953125 2.5 166.68191528320312
vertex 104.904296875 2.600006103515625 166.90267944335938
vertex 105.25640869140625 2.5 167.56491088867188
endloop
endfacet
facet normal -0.0 1.0 -0.0
outer loop
vertex 104.904296875 2.600006103515625 166.90267944335938
vertex 104.19686889648438 2.600006103515625 168.12826538085938
vertex 105.25640869140625 2.600006103515625 167.56491088867188
endloop
endfacet
facet normal 0.17435409635392254 -0.9284818572345364 0.327905611222061
outer loop
vertex 99.10073852539062 2.5 169.70535278320312
vertex 103.72738647460938 2.5 167.24526977539062
vertex 103.84475708007812 2.600006103515625 167.46603393554688
endloop
endfacet
facet normal 0.17433558549070874 -0.9285084870016045 0.32784004209004586
outer loop
vertex 98.15859985351562 2.600006103515625 170.48947143554688
vertex 99.21810913085938 2.600006103515625 169.92605590820312
vertex 107.82730102539062 3.3000030517578125 167.33047485351562
endloop
endfacet
facet normal 0.17434452050199775 0.9284849979173727 0.3279018097133727
outer loop
vertex 96.87875366210938 8.699996948242188 173.15194702148438
vertex 104.904296875 9.399993896484375 166.90267944335938
vertex 103.84475708007812 9.399993896484375 167.46603393554688
endloop
endfacet
facet normal 0.17436207657100966 0.9284741669824275 0.32792314267238404
outer loop
vertex 96.87875366210938 8.699996948242188 173.15194702148438
vertex 107.59469604492188 9.5 165.18899536132812
vertex 104.904296875 9.399993896484375 166.90267944335938
endloop
endfacet
facet normal 0.17435670760042077 -0.928476759172095 0.3279186578894603
outer loop
vertex 99.21810913085938 2.600006103515625 169.92605590820312
vertex 103.84475708007812 2.600006103515625 167.46603393554688
vertex 107.82730102539062 3.3000030517578125 167.33047485351562
endloop
endfacet
facet normal -0.882949189538135 0.0 0.46946855985672814
outer loop
vertex 103.84475708007812 2.600006103515625 167.46603393554688
vertex 104.19686889648438 2.5 168.12826538085938
vertex 104.19686889648438 2.600006103515625 168.12826538085938
endloop
endfacet
facet normal 0.4694632405567484 0.0 0.882952017816346
outer loop
vertex 104.19686889648438 2.5 168.12826538085938
vertex 105.25640869140625 2.600006103515625 167.56491088867188
vertex 104.19686889648438 2.600006103515625 168.12826538085938
endloop
endfacet
facet normal 0.4694632405567484 -0.0 0.882952017816346
outer loop
vertex 104.19686889648438 2.5 168.12826538085938
vertex 105.25640869140625 2.5 167.56491088867188
vertex 105.25640869140625 2.600006103515625 167.56491088867188
endloop
endfacet
facet normal 0.46947321451734497 -0.0 0.8829467146157525
outer loop
vertex 96.87875366210938 8.699996948242188 173.15194702148438
vertex 107.82730102539062 3.3000030517578125 167.33047485351562
vertex 107.82730102539062 8.699996948242188 167.33047485351562
endloop
endfacet
facet normal 0.17435748913525698 0.9284771045690868 0.3279172643723622
outer loop
vertex 96.87875366210938 8.699996948242188 173.15194702148438
vertex 107.82730102539062 8.699996948242188 167.33047485351562
vertex 107.59469604492188 9.5 165.18899536132812
endloop
endfacet
facet normal -0.0 1.0 0.0
outer loop
vertex 100.44110107421875 9.850006103515625 161.06466674804688
vertex 103.2579345703125 9.850006103515625 166.36233520507812
vertex 101.50064086914062 9.850006103515625 160.50131225585938
endloop
endfacet
facet normal -0.0 1.0 0.0
outer loop
vertex 101.50064086914062 9.850006103515625 160.50131225585938
vertex 103.2579345703125 9.850006103515625 166.36233520507812
vertex 104.31747436523438 9.850006103515625 165.79898071289062
endloop
endfacet
facet normal -0.8829466772649076 8.02406425695647e-05 0.4694732779065262
outer loop
vertex 100.44110107421875 9.850006103515625 161.06466674804688
vertex 104.19686889648438 9.5 168.12826538085938
vertex 103.2579345703125 9.850006103515625 166.36233520507812
endloop
endfacet
facet normal -0.8829536434509149 -0.0002602371960332239 0.4694601109714825
outer loop
vertex 100.44110107421875 9.850006103515625 161.06466674804688
vertex 103.72738647460938 9.5 167.24526977539062
vertex 104.19686889648438 9.5 168.12826538085938
endloop
endfacet
facet normal 0.8829466772649076 -8.02406425695647e-05 -0.4694732779065262
outer loop
vertex 101.50064086914062 9.850006103515625 160.50131225585938
vertex 104.31747436523438 9.850006103515625 165.79898071289062
vertex 105.25640869140625 9.5 167.56491088867188
endloop
endfacet
facet normal 0.8829536434509149 0.0002602371960332239 -0.4694601109714825
outer loop
vertex 101.50064086914062 9.850006103515625 160.50131225585938
vertex 105.25640869140625 9.5 167.56491088867188
vertex 104.78692626953125 9.5 166.68191528320312
endloop
endfacet
facet normal -0.0 0.9999999999999999 0.0
outer loop
vertex 100.56170654296875 9.5 158.73538208007812
vertex 104.78692626953125 9.5 166.68191528320312
vertex 107.59469604492188 9.5 165.18899536132812
endloop
endfacet
facet normal 0.08092654770101423 0.9850303484114221 0.152204160868446
outer loop
vertex 103.2579345703125 9.850006103515625 166.36233520507812
vertex 104.19686889648438 9.5 168.12826538085938
vertex 104.31747436523438 9.850006103515625 165.79898071289062
endloop
endfacet
facet normal -0.8829536710841003 7.162955838630588e-05 0.46946012566384876
outer loop
vertex 103.72738647460938 9.5 167.24526977539062
vertex 103.84475708007812 9.399993896484375 167.46603393554688
vertex 104.19686889648438 9.5 168.12826538085938
endloop
endfacet
facet normal 0.08092654770101423 0.9850303484114221 0.152204160868446
outer loop
vertex 104.31747436523438 9.850006103515625 165.79898071289062
vertex 104.19686889648438 9.5 168.12826538085938
vertex 105.25640869140625 9.5 167.56491088867188
endloop
endfacet
facet normal 0.0 -1.0 0.0
outer loop
vertex 103.84475708007812 9.399993896484375 167.46603393554688
vertex 105.25640869140625 9.399993896484375 167.56491088867188
vertex 104.19686889648438 9.399993896484375 168.12826538085938
endloop
endfacet
facet normal 0.8829536710841003 -7.162955838630588e-05 -0.46946012566384876
outer loop
vertex 104.78692626953125 9.5 166.68191528320312
vertex 105.25640869140625 9.5 167.56491088867188
vertex 104.904296875 9.399993896484375 166.90267944335938
endloop
endfacet
facet normal 0.0 -1.0 0.0
outer loop
vertex 103.84475708007812 9.399993896484375 167.46603393554688
vertex 104.904296875 9.399993896484375 166.90267944335938
vertex 105.25640869140625 9.399993896484375 167.56491088867188
endloop
endfacet
facet normal 0.1743507239399028 0.9284818572937962 0.327907404213285
outer loop
vertex 99.21810913085938 9.399993896484375 169.92605590820312
vertex 103.84475708007812 9.399993896484375 167.46603393554688
vertex 103.72738647460938 9.5 167.24526977539062
endloop
endfacet
facet normal -0.882949189538135 0.0 0.46946855985672814
outer loop
vertex 103.84475708007812 9.399993896484375 167.46603393554688
vertex 104.19686889648438 9.399993896484375 168.12826538085938
vertex 104.19686889648438 9.5 168.12826538085938
endloop
endfacet
facet normal 0.4694632405567484 0.0 0.882952017816346
outer loop
vertex 104.19686889648438 9.399993896484375 168.12826538085938
vertex 105.25640869140625 9.399993896484375 167.56491088867188
vertex 104.19686889648438 9.5 168.12826538085938
endloop
endfacet
facet normal 0.4694632405567484 -0.0 0.882952017816346
outer loop
vertex 104.19686889648438 9.5 168.12826538085938
vertex 105.25640869140625 9.399993896484375 167.56491088867188
vertex 105.25640869140625 9.5 167.56491088867188
endloop
endfacet
facet normal 0.17435150230557514 -0.928481857281321 0.32790699038480053
outer loop
vertex 104.78692626953125 2.5 166.68191528320312
vertex 107.59469604492188 2.5 165.18899536132812
vertex 104.904296875 2.600006103515625 166.90267944335938
endloop
endfacet
facet normal 0.882949189538135 0.0 -0.46946855985672814
outer loop
vertex 104.904296875 2.600006103515625 166.90267944335938
vertex 105.25640869140625 2.600006103515625 167.56491088867188
vertex 105.25640869140625 2.5 167.56491088867188
endloop
endfacet
facet normal 0.1743565507666624 -0.928474747942764 0.327924435864992
outer loop
vertex 103.84475708007812 2.600006103515625 167.46603393554688
vertex 104.904296875 2.600006103515625 166.90267944335938
vertex 107.82730102539062 3.3000030517578125 167.33047485351562
endloop
endfacet
facet normal 0.17435815901651006 -0.9284770161379715 0.32791715857500164
outer loop
vertex 104.904296875 2.600006103515625 166.90267944335938
vertex 107.59469604492188 2.5 165.18899536132812
vertex 107.82730102539062 3.3000030517578125 167.33047485351562
endloop
endfacet
facet normal 0.9941526654992479 0.0 -0.10798369173509757
outer loop
vertex 107.59469604492188 2.5 165.18899536132812
vertex 107.59469604492188 9.5 165.18899536132812
vertex 107.82730102539062 3.3000030517578125 167.33047485351562
endloop
endfacet
facet normal 0.9941526654992479 0.0 -0.10798369173509759
outer loop
vertex 107.82730102539062 3.3000030517578125 167.33047485351562
vertex 107.59469604492188 9.5 165.18899536132812
vertex 107.82730102539062 8.699996948242188 167.33047485351562
endloop
endfacet
facet normal 0.17435150230557514 0.928481857281321 0.32790699038480053
outer loop
vertex 104.78692626953125 9.5 166.68191528320312
vertex 104.904296875 9.399993896484375 166.90267944335938
vertex 107.59469604492188 9.5 165.18899536132812
endloop
endfacet
facet normal 0.882949189538135 0.0 -0.46946855985672814
outer loop
vertex 104.904296875 9.399993896484375 166.90267944335938
vertex 105.25640869140625 9.5 167.56491088867188
vertex 105.25640869140625 9.399993896484375 167.56491088867188
endloop
endfacet
facet normal 0.0 0.0 -1.0
outer loop
vertex 102.89529418945312 37.0 145.21188354492188
vertex 104.65292358398438 142.0 145.21188354492188
vertex 104.65292358398438 34.0 145.21188354492188
endloop
endfacet
facet normal 0.9992960183442591 -1.0986457942484354e-07 -0.037516232770603584
outer loop
vertex 104.65292358398438 34.0 145.21188354492188
vertex 104.89089965820312 142.0 151.55038452148438
vertex 104.89529418945312 34.0 151.66775512695312
endloop
endfacet
facet normal 0.882948231810796 0.0 -0.4694703610902281
outer loop
vertex 77.77865600585938 144.0 102.43551635742188
vertex 86.79263305664062 154.0 119.38839721679688
vertex 86.79263305664062 144.0 119.38839721679688
endloop
endfacet
facet normal 0.0 0.0 -1.0
outer loop
vertex 68.6715087890625 144.0 119.38839721679688
vertex 86.79263305664062 144.0 119.38839721679688
vertex 90.92233276367188 142.0 119.38839721679688
endloop
endfacet
facet normal 0.0 -1.0 0.0
outer loop
vertex 79.82803344726562 142.0 133.37612915039062
vertex 90.92233276367188 142.0 119.38839721679688
vertex 90.36004638671875 142.0 129.78952026367188
endloop
endfacet
facet normal 0.0 0.0 -1.0
outer loop
vertex 86.79263305664062 144.0 119.38839721679688
vertex 90.92233276367188 154.0 119.38839721679688
vertex 90.92233276367188 142.0 119.38839721679688
endloop
endfacet
facet normal 0.8829476104474577 0.0 -0.4694715297066741
outer loop
vertex 90.92233276367188 142.0 119.38839721679688
vertex 90.92233276367188 154.0 119.38839721679688
vertex 95.51864624023438 143.95921516418457 128.03280639648438
endloop
endfacet
facet normal 0.8828604366123673 0.0009237170219730336 -0.46963453473044675
outer loop
vertex 90.92233276367188 142.0 119.38839721679688
vertex 95.51864624023438 143.95921516418457 128.03280639648438
vertex 95.63568115234375 144.0 128.25289916992188
endloop
endfacet
facet normal 0.35107728365611696 -0.9362535583490651 -0.013191488898374907
outer loop
vertex 95.51864624023438 143.95921516418457 128.03280639648438
vertex 95.62603759765625 144.0 127.99624633789062
vertex 95.63568115234375 144.0 128.25289916992188
endloop
endfacet
facet normal -0.32227405618131666 -0.0 -0.9466464137746688
outer loop
vertex 95.51864624023438 143.95921516418457 128.03280639648438
vertex 95.62603759765625 154.0 127.99624633789062
vertex 95.62603759765625 144.0 127.99624633789062
endloop
endfacet
facet normal 0.9992948319725102 0.0 -0.037547820083628204
outer loop
vertex 95.62603759765625 144.0 127.99624633789062
vertex 95.63568115234375 154.0 128.25289916992188
vertex 95.63568115234375 144.0 128.25289916992188
endloop
endfacet
facet normal 0.0 -0.0 1.0
outer loop
vertex 68.89529418945312 34.0 151.66775512695312
vertex 104.89529418945312 142.0 151.66775512695312
vertex 104.31463623046875 142.2258062362671 151.66775512695312
endloop
endfacet
facet normal 0.3510932304021207 -0.9362477215293978 -0.013181331374889022
outer loop
vertex 79.82803344726562 138.0 133.37612915039062
vertex 90.49468994140625 142.0 133.37612915039062
vertex 80.23199462890625 138.0 144.13589477539062
endloop
endfacet
facet normal -0.3223638962864623 0.0 -0.946615824065397
outer loop
vertex 79.82803344726562 138.0 133.37612915039062
vertex 79.82803344726562 142.0 133.37612915039062
vertex 90.36004638671875 142.0 129.78952026367188
endloop
endfacet
facet normal 0.3510932353563386 -0.936247734740633 -0.01318026100090334
outer loop
vertex 79.82803344726562 138.0 133.37612915039062
vertex 90.36004638671875 142.0 129.78952026367188
vertex 90.49468994140625 142.0 133.37612915039062
endloop
endfacet
facet normal 0.3510932304021207 -0.9362477215293978 -0.013181331374889022
outer loop
vertex 80.23199462890625 138.0 144.13589477539062
vertex 90.49468994140625 142.0 133.37612915039062
vertex 90.89865112304688 142.0 144.13589477539062
endloop
endfacet
facet normal 0.0 -0.0 1.0
outer loop
vertex 80.23199462890625 138.0 144.13589477539062
vertex 90.89865112304688 142.0 144.13589477539062
vertex 80.23199462890625 142.0 144.13589477539062
endloop
endfacet
facet normal 0.0 -1.0 0.0
outer loop
vertex 68.65292358398438 142.0 145.21188354492188
vertex 80.23199462890625 142.0 144.13589477539062
vertex 104.65292358398438 142.0 145.21188354492188
endloop
endfacet
facet normal 0.0 -1.0 0.0
outer loop
vertex 80.23199462890625 142.0 144.13589477539062
vertex 90.89865112304688 142.0 144.13589477539062
vertex 104.65292358398438 142.0 145.21188354492188
endloop
endfacet
facet normal -0.0 -0.0 1.0
outer loop
vertex 68.89529418945312 144.0 151.66775512695312
vertex 104.31463623046875 142.2258062362671 151.66775512695312
vertex 86.1341552734375 144.0 151.66775512695312
endloop
endfacet
facet normal -0.8362582295592529 0.0 0.5483358218231087
outer loop
vertex 86.1341552734375 144.0 151.66775512695312
vertex 92.74948120117188 144.0 161.75668334960938
vertex 92.74948120117188 154.0 161.75668334960938
endloop
endfacet
facet normal 0.0 -1.0 0.0
outer loop
vertex 86.1341552734375 144.0 151.66775512695312
vertex 104.61904907226562 144.0 151.66775512695312
vertex 92.74948120117188 144.0 161.75668334960938
endloop
endfacet
facet normal 0.4694706898156849 -0.0 0.8829480570248655
outer loop
vertex 92.74948120117188 144.0 161.75668334960938
vertex 95.56369018554688 146.5 160.26034545898438
vertex 95.56369018554688 151.5 160.26034545898438
endloop
endfacet
facet normal 0.9992959481633447 0.0 -0.03751810208848224
outer loop
vertex 104.65292358398438 34.0 145.21188354492188
vertex 104.65292358398438 142.0 145.21188354492188
vertex 104.89089965820312 142.0 151.55038452148438
endloop
endfacet
facet normal 0.9992998032269532 0.0 -0.03741528124406689
outer loop
vertex 104.89529418945312 34.0 151.66775512695312
vertex 104.89089965820312 142.0 151.55038452148438
vertex 104.89529418945312 142.0 151.66775512695312
endloop
endfacet
facet normal -0.0 -1.0 0.0
outer loop
vertex 90.92233276367188 142.0 119.38839721679688
vertex 104.65292358398438 142.0 145.21188354492188
vertex 90.36004638671875 142.0 129.78952026367188
endloop
endfacet
facet normal 0.8829475987863197 -4.077872877646748e-06 -0.4694715516203758
outer loop
vertex 90.92233276367188 142.0 119.38839721679688
vertex 95.63568115234375 144.0 128.25289916992188
vertex 104.65292358398438 142.0 145.21188354492188
endloop
endfacet
facet normal -0.0 -1.0 0.0
outer loop
vertex 90.36004638671875 142.0 129.78952026367188
vertex 104.65292358398438 142.0 145.21188354492188
vertex 90.49468994140625 142.0 133.37612915039062
endloop
endfacet
facet normal 0.8829477981398666 0.0 -0.46947117670839095
outer loop
vertex 95.63568115234375 144.0 128.25289916992188
vertex 95.63568115234375 154.0 128.25289916992188
vertex 104.65292358398438 142.0 145.21188354492188
endloop
endfacet
facet normal 0.8829477981398667 0.0 -0.46947117670839106
outer loop
vertex 104.65292358398438 142.0 145.21188354492188
vertex 95.63568115234375 154.0 128.25289916992188
vertex 104.65292358398438 144.0 145.21188354492188
endloop
endfacet
facet normal -0.0 -1.0 0.0
outer loop
vertex 90.49468994140625 142.0 133.37612915039062
vertex 104.65292358398438 142.0 145.21188354492188
vertex 90.89865112304688 142.0 144.13589477539062
endloop
endfacet
facet normal 0.9992954470405755 0.0 -0.03753144713405206
outer loop
vertex 104.65292358398438 142.0 145.21188354492188
vertex 104.65292358398438 144.0 145.21188354492188
vertex 104.68756103515625 144.0 146.13412475585938
endloop
endfacet
facet normal 0.9992954470405756 0.0 -0.037531447134052064
outer loop
vertex 104.65292358398438 144.0 145.21188354492188
vertex 104.65292358398438 156.0 145.21188354492188
vertex 104.68756103515625 144.0 146.13412475585938
endloop
endfacet
facet normal 0.9992959481443707 -6.162354300768561e-06 -0.03751810208776987
outer loop
vertex 104.65292358398438 142.0 145.21188354492188
vertex 104.68756103515625 144.0 146.13412475585938
vertex 104.89089965820312 142.0 151.55038452148438
endloop
endfacet
facet normal 0.9992960451224249 8.415384096396069e-07 -0.03751551948157259
outer loop
vertex 104.68756103515625 144.0 146.13412475585938
vertex 104.89529418945312 156.0 151.66775512695312
vertex 104.89089965820312 142.0 151.55038452148438
endloop
endfacet
facet normal 0.46947061290368125 1.1105551366395242e-07 0.8829480979195944
outer loop
vertex 92.74948120117188 144.0 161.75668334960938
vertex 106.32635498046875 144.0 154.53775024414062
vertex 95.56369018554688 146.5 160.26034545898438
endloop
endfacet
facet normal 0.0 -1.0 0.0
outer loop
vertex 95.56369018554688 146.5 160.26034545898438
vertex 98.70846557617188 146.5 159.72079467773438
vertex 97.64892578125 146.5 160.28414916992188
endloop
endfacet
facet normal -0.0 0.0 1.0
outer loop
vertex 86.1341552734375 144.0 151.66775512695312
vertex 104.31463623046875 142.2258062362671 151.66775512695312
vertex 104.61904907226562 144.0 151.66775512695312
endloop
endfacet
facet normal 0.0 -1.0 0.0
outer loop
vertex 92.74948120117188 144.0 161.75668334960938
vertex 104.61904907226562 144.0 151.66775512695312
vertex 106.32635498046875 144.0 154.53775024414062
endloop
endfacet
facet normal 0.0 -1.0 0.0
outer loop
vertex 95.56369018554688 146.5 160.26034545898438
vertex 101.3043212890625 146.5 158.34054565429688
vertex 98.70846557617188 146.5 159.72079467773438
endloop
endfacet
facet normal 0.0 -0.9999999999999999 0.0
outer loop
vertex 95.56369018554688 146.5 160.26034545898438
vertex 102.36386108398438 146.5 157.77719116210938
vertex 101.3043212890625 146.5 158.34054565429688
endloop
endfacet
facet normal -0.0809267103280672 -0.9850302877892548 -0.1522044667324033
outer loop
vertex 97.64892578125 146.5 160.28414916992188
vertex 98.70846557617188 146.5 159.72079467773438
vertex 98.587890625 146.15000009536743 162.05001831054688
endloop
endfacet
facet normal -0.08092909004907205 -0.9850300781102109 -0.15220455841406735
outer loop
vertex 98.70846557617188 146.5 159.72079467773438
vertex 99.64739990234375 146.15000009536743 161.48666381835938
vertex 98.587890625 146.15000009536743 162.05001831054688
endloop
endfacet
facet normal 0.0 -1.0 0.0
outer loop
vertex 95.56369018554688 146.5 160.26034545898438
vertex 103.51019287109375 146.5 156.03512573242188
vertex 102.36386108398438 146.5 157.77719116210938
endloop
endfacet
facet normal -0.8829479718640534 0.0 0.4694708499802247
outer loop
vertex 95.56369018554688 146.5 160.26034545898438
vertex 100.25839233398438 146.5 169.08981323242188
vertex 95.56369018554688 151.5 160.26034545898438
endloop
endfacet
facet normal 0.0 -1.0 0.0
outer loop
vertex 95.56369018554688 146.5 160.26034545898438
vertex 97.64892578125 146.5 160.28414916992188
vertex 101.87420654296875 146.5 168.23068237304688
endloop
endfacet
facet normal -0.8829460196950958 -7.06029710919681e-05 0.4694745161558911
outer loop
vertex 97.64892578125 146.5 160.28414916992188
vertex 98.587890625 146.15000009536743 162.05001831054688
vertex 101.87420654296875 146.5 168.23068237304688
endloop
endfacet
facet normal 0.0 -1.0 0.0
outer loop
vertex 98.587890625 146.15000009536743 162.05001831054688
vertex 99.64739990234375 146.15000009536743 161.48666381835938
vertex 101.40469360351562 146.15000009536743 167.34774780273438
endloop
endfacet
facet normal 0.0 -1.0 0.0
outer loop
vertex 95.56369018554688 146.5 160.26034545898438
vertex 101.87420654296875 146.5 168.23068237304688
vertex 100.25839233398438 146.5 169.08981323242188
endloop
endfacet
facet normal 0.8829474274139486 1.0724099876124279e-05 -0.46947187382002303
outer loop
vertex 98.70846557617188 146.5 159.72079467773438
vertex 102.9337158203125 146.5 167.66732788085938
vertex 99.64739990234375 146.15000009536743 161.48666381835938
endloop
endfacet
facet normal -0.8829510228428669 0.00013156606549038604 0.4694650934319884
outer loop
vertex 98.587890625 146.15000009536743 162.05001831054688
vertex 101.40469360351562 146.15000009536743 167.34774780273438
vertex 102.34365844726562 146.5 169.11361694335938
endloop
endfacet
facet normal 0.0 -1.0 0.0
outer loop
vertex 99.64739990234375 146.15000009536743 161.48666381835938
vertex 102.4642333984375 146.15000009536743 166.78439331054688
vertex 101.40469360351562 146.15000009536743 167.34774780273438
endloop
endfacet
facet normal -0.8829528499085595 0.0002212017340027511 0.46946162346686615
outer loop
vertex 98.587890625 146.15000009536743 162.05001831054688
vertex 102.34365844726562 146.5 169.11361694335938
vertex 101.87420654296875 146.5 168.23068237304688
endloop
endfacet
facet normal 0.17438097303454766 -0.9284548461558992 0.3279677955122263
outer loop
vertex 100.25839233398438 146.5 169.08981323242188
vertex 101.87420654296875 146.5 168.23068237304688
vertex 101.99154663085938 146.59999990463257 168.45138549804688
endloop
endfacet
facet normal -0.6454410140053424 0.0 0.7638101187073626
outer loop
vertex 100.25839233398438 146.5 169.08981323242188
vertex 101.9036865234375 147.29999995231628 170.48013305664062
vertex 101.9036865234375 150.70000004768372 170.48013305664062
endloop
endfacet
facet normal 0.0 0.0 0.9999999999999999
outer loop
vertex 104.89529418945312 142.0 151.66775512695312
vertex 104.61904907226562 144.0 151.66775512695312
vertex 104.31463623046875 142.2258062362671 151.66775512695312
endloop
endfacet
facet normal 0.9992998032269532 0.0 -0.03741528124406689
outer loop
vertex 104.89089965820312 142.0 151.55038452148438
vertex 104.89529418945312 156.0 151.66775512695312
vertex 104.89529418945312 142.0 151.66775512695312
endloop
endfacet
facet normal 0.0 -0.0 0.9999999999999999
outer loop
vertex 104.89529418945312 142.0 151.66775512695312
vertex 104.89529418945312 156.0 151.66775512695312
vertex 104.61904907226562 144.0 151.66775512695312
endloop
endfacet
facet normal 0.4694706359228296 2.381711281309187e-07 0.8829480856801023
outer loop
vertex 95.56369018554688 146.5 160.26034545898438
vertex 106.32635498046875 144.0 154.53775024414062
vertex 103.51019287109375 146.5 156.03512573242188
endloop
endfacet
facet normal -0.0809267103280672 -0.9850302877892548 -0.1522044667324033
outer loop
vertex 101.3043212890625 146.5 158.34054565429688
vertex 102.36386108398438 146.5 157.77719116210938
vertex 102.2432861328125 146.15000009536743 160.10641479492188
endloop
endfacet
facet normal -0.0809267103280672 -0.9850302877892548 -0.1522044667324033
outer loop
vertex 102.36386108398438 146.5 157.77719116210938
vertex 103.30282592773438 146.15000009536743 159.54306030273438
vertex 102.2432861328125 146.15000009536743 160.10641479492188
endloop
endfacet
facet normal 0.0 -1.0 0.0
outer loop
vertex 98.70846557617188 146.5 159.72079467773438
vertex 101.3043212890625 146.5 158.34054565429688
vertex 105.52960205078125 146.5 166.28707885742188
endloop
endfacet
facet normal -0.8829460196950958 -7.06029710919681e-05 0.4694745161558911
outer loop
vertex 101.3043212890625 146.5 158.34054565429688
vertex 102.2432861328125 146.15000009536743 160.10641479492188
vertex 105.52960205078125 146.5 166.28707885742188
endloop
endfacet
facet normal -0.0 -1.0 0.0
outer loop
vertex 103.51019287109375 146.5 156.03512573242188
vertex 108.20492553710938 146.5 164.86459350585938
vertex 102.36386108398438 146.5 157.77719116210938
endloop
endfacet
facet normal -0.0 -1.0 0.0
outer loop
vertex 103.30282592773438 146.15000009536743 159.54306030273438
vertex 105.06011962890625 146.15000009536743 165.40414428710938
vertex 102.2432861328125 146.15000009536743 160.10641479492188
endloop
endfacet
facet normal 0.8829474240683647 8.771102651068747e-05 -0.469471872041143
outer loop
vertex 102.36386108398438 146.5 157.77719116210938
vertex 106.589111328125 146.5 165.72372436523438
vertex 103.30282592773438 146.15000009536743 159.54306030273438
endloop
endfacet
facet normal 0.8594276953196255 0.0 -0.5112573095004088
outer loop
vertex 104.61904907226562 144.0 151.66775512695312
vertex 104.61904907226562 154.0 151.66775512695312
vertex 106.32635498046875 144.0 154.53775024414062
endloop
endfacet
facet normal 0.4694704710907113 -0.0 0.8829481733226846
outer loop
vertex 103.51019287109375 146.5 156.03512573242188
vertex 106.32635498046875 144.0 154.53775024414062
vertex 106.32635498046875 154.0 154.53775024414062
endloop
endfacet
facet normal 0.8829467068513822 0.0 -0.46947322911993505
outer loop
vertex 103.51019287109375 146.5 156.03512573242188
vertex 108.20492553710938 151.5 164.86459350585938
vertex 108.20492553710938 146.5 164.86459350585938
endloop
endfacet
facet normal 0.0 -1.0 0.0
outer loop
vertex 98.70846557617188 146.5 159.72079467773438
vertex 105.52960205078125 146.5 166.28707885742188
vertex 102.9337158203125 146.5 167.66732788085938
endloop
endfacet
facet normal 0.8829489172078787 -0.00010590399075877382 -0.46946906009425116
outer loop
vertex 99.64739990234375 146.15000009536743 161.48666381835938
vertex 103.4031982421875 146.5 168.55026245117188
vertex 102.4642333984375 146.15000009536743 166.78439331054688
endloop
endfacet
facet normal 0.8829401766274652 0.000317716147965937 -0.46948540291846136
outer loop
vertex 99.64739990234375 146.15000009536743 161.48666381835938
vertex 102.9337158203125 146.5 167.66732788085938
vertex 103.4031982421875 146.5 168.55026245117188
endloop
endfacet
facet normal 0.0 -1.0 0.0
outer loop
vertex 103.30282592773438 146.15000009536743 159.54306030273438
vertex 106.11965942382812 146.15000009536743 164.84072875976562
vertex 105.06011962890625 146.15000009536743 165.40414428710938
endloop
endfacet
facet normal -0.882948921790148 2.89169340421779e-05 0.4694690625306702
outer loop
vertex 102.2432861328125 146.15000009536743 160.10641479492188
vertex 105.06011962890625 146.15000009536743 165.40414428710938
vertex 105.99905395507812 146.5 167.17001342773438
endloop
endfacet
facet normal -0.8829528499085595 0.0002212017340027511 0.46946162346686615
outer loop
vertex 102.2432861328125 146.15000009536743 160.10641479492188
vertex 105.99905395507812 146.5 167.17001342773438
vertex 105.52960205078125 146.5 166.28707885742188
endloop
endfacet
facet normal 0.17436916419806786 -0.9284621879277433 0.3279532896088942
outer loop
vertex 102.9337158203125 146.5 167.66732788085938
vertex 105.64694213867188 146.59999990463257 166.50784301757812
vertex 103.05108642578125 146.59999990463257 167.88803100585938
endloop
endfacet
facet normal 0.17434978910691862 -0.928482456970743 0.3279062032593241
outer loop
vertex 102.9337158203125 146.5 167.66732788085938
vertex 105.52960205078125 146.5 166.28707885742188
vertex 105.64694213867188 146.59999990463257 166.50784301757812
endloop
endfacet
facet normal 0.0809267103280672 -0.9850302877892548 0.1522044667324033
outer loop
vertex 101.40469360351562 146.15000009536743 167.34774780273438
vertex 102.4642333984375 146.15000009536743 166.78439331054688
vertex 102.34365844726562 146.5 169.11361694335938
endloop
endfacet
facet normal -0.882952869982489 -5.8823609060843144e-05 0.46946163414007425
outer loop
vertex 101.87420654296875 146.5 168.23068237304688
vertex 102.34365844726562 146.5 169.11361694335938
vertex 101.99154663085938 146.59999990463257 168.45138549804688
endloop
endfacet
facet normal -0.8829491895381352 0.0 0.46946855985672825
outer loop
vertex 101.99154663085938 146.59999990463257 168.45138549804688
vertex 102.34365844726562 146.5 169.11361694335938
vertex 102.34365844726562 146.59999990463257 169.11361694335938
endloop
endfacet
facet normal -0.0 1.0 0.0
outer loop
vertex 101.99154663085938 146.59999990463257 168.45138549804688
vertex 102.34365844726562 146.59999990463257 169.11361694335938
vertex 103.05108642578125 146.59999990463257 167.88803100585938
endloop
endfacet
facet normal 0.0809267103280672 -0.9850302877892548 0.1522044667324033
outer loop
vertex 102.4642333984375 146.15000009536743 166.78439331054688
vertex 103.4031982421875 146.5 168.55026245117188
vertex 102.34365844726562 146.5 169.11361694335938
endloop
endfacet
facet normal 0.4694632405567483 0.0 0.8829520178163459
outer loop
vertex 102.34365844726562 146.5 169.11361694335938
vertex 103.4031982421875 146.59999990463257 168.55026245117188
vertex 102.34365844726562 146.59999990463257 169.11361694335938
endloop
endfacet
facet normal 0.8829402121285587 -0.00014327571702028147 -0.4694854217954426
outer loop
vertex 102.9337158203125 146.5 167.66732788085938
vertex 103.05108642578125 146.59999990463257 167.88803100585938
vertex 103.4031982421875 146.5 168.55026245117188
endloop
endfacet
facet normal 0.8829491895381352 0.0 -0.46946855985672825
outer loop
vertex 103.05108642578125 146.59999990463257 167.88803100585938
vertex 103.4031982421875 146.59999990463257 168.55026245117188
vertex 103.4031982421875 146.5 168.55026245117188
endloop
endfacet
facet normal 0.0 1.0 0.0
outer loop
vertex 102.34365844726562 146.59999990463257 169.11361694335938
vertex 103.4031982421875 146.59999990463257 168.55026245117188
vertex 103.05108642578125 146.59999990463257 167.88803100585938
endloop
endfacet
facet normal 0.4694632405567483 -0.0 0.8829520178163459
outer loop
vertex 102.34365844726562 146.5 169.11361694335938
vertex 103.4031982421875 146.5 168.55026245117188
vertex 103.4031982421875 146.59999990463257 168.55026245117188
endloop
endfacet
facet normal 0.1743495839076197 -0.9284929443862976 0.32787661523216866
outer loop
vertex 100.25839233398438 146.5 169.08981323242188
vertex 101.99154663085938 146.59999990463257 168.45138549804688
vertex 108.4375 147.29999995231628 167.00601196289062
endloop
endfacet
facet normal 0.17435845981859746 -0.9284767830771403 0.3279176585309357
outer loop
vertex 100.25839233398438 146.5 169.08981323242188
vertex 108.4375 147.29999995231628 167.00601196289062
vertex 101.9036865234375 147.29999995231628 170.48013305664062
endloop
endfacet
facet normal 0.4694748121700523 0.0 0.8829458651230517
outer loop
vertex 101.9036865234375 147.29999995231628 170.48013305664062
vertex 108.4375 147.29999995231628 167.00601196289062
vertex 101.9036865234375 150.70000004768372 170.48013305664062
endloop
endfacet
facet normal 0.174359204136625 -0.9284724871194158 0.3279294262415755
outer loop
vertex 101.99154663085938 146.59999990463257 168.45138549804688
vertex 103.05108642578125 146.59999990463257 167.88803100585938
vertex 108.4375 147.29999995231628 167.00601196289062
endloop
endfacet
facet normal 0.0 -1.0 0.0
outer loop
vertex 102.36386108398438 146.5 157.77719116210938
vertex 108.20492553710938 146.5 164.86459350585938
vertex 106.589111328125 146.5 165.72372436523438
endloop
endfacet
facet normal 0.8829466772648069 8.024206371954186e-05 -0.46947327790647264
outer loop
vertex 103.30282592773438 146.15000009536743 159.54306030273438
vertex 107.05859375 146.5 166.60665893554688
vertex 106.11965942382812 146.15000009536743 164.84072875976562
endloop
endfacet
facet normal 0.8829401524143913 0.0003947024318902491 -0.46948539004365397
outer loop
vertex 103.30282592773438 146.15000009536743 159.54306030273438
vertex 106.589111328125 146.5 165.72372436523438
vertex 107.05859375 146.5 166.60665893554688
endloop
endfacet
facet normal 0.08093410807079603 -0.9850300780940278 0.15220189026703324
outer loop
vertex 106.11965942382812 146.15000009536743 164.84072875976562
vertex 105.99905395507812 146.5 167.17001342773438
vertex 105.06011962890625 146.15000009536743 165.40414428710938
endloop
endfacet
facet normal -0.8829528188534852 -0.00034536050425620354 0.4694616069550381
outer loop
vertex 105.52960205078125 146.5 166.28707885742188
vertex 105.99905395507812 146.5 167.17001342773438
vertex 105.64694213867188 146.59999990463257 166.50784301757812
endloop
endfacet
facet normal -0.8829312518772446 0.0 0.469502294412372
outer loop
vertex 105.64694213867188 146.59999990463257 166.50784301757812
vertex 105.99905395507812 146.5 167.17001342773438
vertex 105.99905395507812 146.59999990463257 167.17001342773438
endloop
endfacet
facet normal 0.17435995732029674 -0.9284700332710163 0.3279359733255596
outer loop
vertex 103.05108642578125 146.59999990463257 167.88803100585938
vertex 105.64694213867188 146.59999990463257 166.50784301757812
vertex 108.4375 147.29999995231628 167.00601196289062
endloop
endfacet
facet normal 0.08092515701718526 -0.9850308668087774 0.15220154531309074
outer loop
vertex 106.11965942382812 146.15000009536743 164.84072875976562
vertex 107.05859375 146.5 166.60665893554688
vertex 105.99905395507812 146.5 167.17001342773438
endloop
endfacet
facet normal -0.0 0.9999999999999999 0.0
outer loop
vertex 105.64694213867188 146.59999990463257 166.50784301757812
vertex 105.99905395507812 146.59999990463257 167.17001342773438
vertex 106.70648193359375 146.59999990463257 165.94442749023438
endloop
endfacet
facet normal 0.4694632405567483 0.0 0.8829520178163459
outer loop
vertex 105.99905395507812 146.5 167.17001342773438
vertex 107.05859375 146.59999990463257 166.60665893554688
vertex 105.99905395507812 146.59999990463257 167.17001342773438
endloop
endfacet
facet normal -0.0 1.0 -0.0
outer loop
vertex 106.70648193359375 146.59999990463257 165.94442749023438
vertex 105.99905395507812 146.59999990463257 167.17001342773438
vertex 107.05859375 146.59999990463257 166.60665893554688
endloop
endfacet
facet normal 0.4694632405567483 -0.0 0.8829520178163459
outer loop
vertex 105.99905395507812 146.5 167.17001342773438
vertex 107.05859375 146.5 166.60665893554688
vertex 107.05859375 146.59999990463257 166.60665893554688
endloop
endfacet
facet normal 0.8829402121285587 -0.00014327571702028147 -0.4694854217954426
outer loop
vertex 106.589111328125 146.5 165.72372436523438
vertex 106.70648193359375 146.59999990463257 165.94442749023438
vertex 107.05859375 146.5 166.60665893554688
endloop
endfacet
facet normal 0.8829491895381352 0.0 -0.46946855985672825
outer loop
vertex 106.70648193359375 146.59999990463257 165.94442749023438
vertex 107.05859375 146.59999990463257 166.60665893554688
vertex 107.05859375 146.5 166.60665893554688
endloop
endfacet
facet normal 0.1743723573513916 -0.9284621880325837 0.32795159152756925
outer loop
vertex 106.589111328125 146.5 165.72372436523438
vertex 108.20492553710938 146.5 164.86459350585938
vertex 106.70648193359375 146.59999990463257 165.94442749023438
endloop
endfacet
facet normal 0.17436696611096972 -0.9284784207744171 0.3279084983429074
outer loop
vertex 105.64694213867188 146.59999990463257 166.50784301757812
vertex 106.70648193359375 146.59999990463257 165.94442749023438
vertex 108.4375 147.29999995231628 167.00601196289062
endloop
endfacet
facet normal 0.1743538966353943 -0.9284743066239953 0.3279270965735303
outer loop
vertex 106.70648193359375 146.59999990463257 165.94442749023438
vertex 108.20492553710938 146.5 164.86459350585938
vertex 108.4375 147.29999995231628 167.00601196289062
endloop
endfacet
facet normal 0.9941538559769536 0.0 -0.10797273103036004
outer loop
vertex 108.20492553710938 146.5 164.86459350585938
vertex 108.20492553710938 151.5 164.86459350585938
vertex 108.4375 147.29999995231628 167.00601196289062
endloop
endfacet
facet normal -0.0 1.0 0.0
outer loop
vertex 50.2708740234375 154.0 67.74148559570312
vertex 59.33148193359375 154.0 67.74148559570312
vertex 57.182769775390625 154.0 63.700347900390625
endloop
endfacet
facet normal 0.8829474904297151 0.0 -0.4694717554271697
outer loop
vertex 57.182769775390625 144.0 63.700347900390625
vertex 57.182769775390625 154.0 63.700347900390625
vertex 59.33148193359375 154.0 67.74148559570312
endloop
endfacet
facet normal -0.3223638962864623 0.0 -0.946615824065397
outer loop
vertex 52.366851806640625 156.0 81.72915649414062
vertex 52.366851806640625 160.0 81.72915649414062
vertex 62.89886474609375 156.0 78.14254760742188
endloop
endfacet
facet normal 0.35109234530292194 0.936248039889138 -0.01318229393696701
outer loop
vertex 52.366851806640625 160.0 81.72915649414062
vertex 52.770843505859375 160.0 92.48892211914062
vertex 63.033538818359375 156.0 81.72915649414062
endloop
endfacet
facet normal 0.35109234104015374 0.9362480285217345 -0.013183214786602102
outer loop
vertex 52.366851806640625 160.0 81.72915649414062
vertex 63.033538818359375 156.0 81.72915649414062
vertex 62.89886474609375 156.0 78.14254760742188
endloop
endfacet
facet normal 0.0 0.0 -1.0
outer loop
vertex 63.461181640625 142.0 67.74148559570312
vertex 59.33148193359375 154.0 67.74148559570312
vertex 63.461181640625 154.0 67.74148559570312
endloop
endfacet
facet normal 0.8829462363998289 0.0 -0.46947411390552446
outer loop
vertex 68.0574951171875 143.95920848846436 76.38583374023438
vertex 63.461181640625 154.0 67.74148559570312
vertex 63.461181640625 156.0 67.74148559570312
endloop
endfacet
facet normal 0.882946236399829 0.0 -0.46947411390552446
outer loop
vertex 68.0574951171875 143.95920848846436 76.38583374023438
vertex 63.461181640625 156.0 67.74148559570312
vertex 68.0574951171875 154.04079151153564 76.38583374023438
endloop
endfacet
facet normal 0.0 0.9999999999999999 0.0
outer loop
vertex 62.89886474609375 156.0 78.14254760742188
vertex 63.033538818359375 156.0 81.72915649414062
vertex 77.1917724609375 156.0 93.56491088867188
endloop
endfacet
facet normal 0.9992960183442651 0.0 -0.037516232770603807
outer loop
vertex 63.461181640625 156.0 67.74148559570312
vertex 63.461181640625 264.0 67.74148559570312
vertex 63.70355224609375 156.0 74.19735717773438
endloop
endfacet
facet normal -0.32227405618131666 0.0 -0.9466464137746688
outer loop
vertex 68.0574951171875 143.95920848846436 76.38583374023438
vertex 68.0574951171875 154.04079151153564 76.38583374023438
vertex 68.16488647460938 154.0 76.34927368164062
endloop
endfacet
facet normal 0.9992951668935391 0.0 -0.03753890546105069
outer loop
vertex 68.16488647460938 144.0 76.34927368164062
vertex 68.16488647460938 154.0 76.34927368164062
vertex 68.17453002929688 154.0 76.60598754882812
endloop
endfacet
facet normal 0.35112859286714243 0.9362343337993465 -0.013190279998337733
outer loop
vertex 68.0574951171875 154.04079151153564 76.38583374023438
vertex 68.17453002929688 154.0 76.60598754882812
vertex 68.16488647460938 154.0 76.34927368164062
endloop
endfacet
facet normal 0.0 1.0 0.0
outer loop
vertex 63.461181640625 156.0 67.74148559570312
vertex 63.70355224609375 156.0 74.19735717773438
vertex 77.1917724609375 156.0 93.56491088867188
endloop
endfacet
facet normal 0.8829471387931261 9.605543301891706e-06 -0.4694724166601966
outer loop
vertex 63.461181640625 156.0 67.74148559570312
vertex 77.1917724609375 156.0 93.56491088867188
vertex 68.0574951171875 154.04079151153564 76.38583374023438
endloop
endfacet
facet normal 0.0 1.0 -0.0
outer loop
vertex 63.70355224609375 156.0 74.19735717773438
vertex 62.89886474609375 156.0 78.14254760742188
vertex 77.1917724609375 156.0 93.56491088867188
endloop
endfacet
facet normal 0.8829620839927153 -0.00030742309587988885 -0.46944420725181113
outer loop
vertex 68.0574951171875 154.04079151153564 76.38583374023438
vertex 77.1917724609375 156.0 93.56491088867188
vertex 68.17453002929688 154.0 76.60598754882812
endloop
endfacet
facet normal 0.9992960183442651 0.0 -0.037516232770603807
outer loop
vertex 63.70355224609375 156.0 74.19735717773438
vertex 63.461181640625 264.0 67.74148559570312
vertex 63.70355224609375 264.0 74.19735717773438
endloop
endfacet
facet normal 0.0 0.0 -1.0
outer loop
vertex 54.971588134765625 286.0 60.197357177734375
vertex 54.971588134765625 295.0 60.197357177734375
vertex 61.70355224609375 261.0 60.197357177734375
endloop
endfacet
facet normal 0.8829485586854086 0.0 -0.46946974632595834
outer loop
vertex 54.971588134765625 295.0 60.197357177734375
vertex 56.02838134765625 298.0 62.184906005859375
vertex 56.02838134765625 295.0 62.184906005859375
endloop
endfacet
facet normal -0.0 0.9999999999999999 0.0
outer loop
vertex 54.971588134765625 295.0 60.197357177734375
vertex 56.02838134765625 295.0 62.184906005859375
vertex 61.70355224609375 295.0 60.197357177734375
endloop
endfacet
facet normal 0.0 0.0 -1.0
outer loop
vertex 54.971588134765625 295.0 60.197357177734375
vertex 61.70355224609375 295.0 60.197357177734375
vertex 61.70355224609375 261.0 60.197357177734375
endloop
endfacet
facet normal -0.0 1.0 0.0
outer loop
vertex 56.02838134765625 295.0 62.184906005859375
vertex 61.352081298828125 295.0 72.19735717773438
vertex 61.70355224609375 295.0 60.197357177734375
endloop
endfacet
facet normal 1.0 0.0 -0.0
outer loop
vertex 61.70355224609375 261.0 60.197357177734375
vertex 61.70355224609375 295.0 60.197357177734375
vertex 61.70355224609375 264.0 67.74148559570312
endloop
endfacet
facet normal 0.0 -1.0 0.0
outer loop
vertex 38.903289794921875 286.0 72.19735717773438
vertex 61.352081298828125 286.0 72.19735717773438
vertex 66.32632446289062 286.0 81.55252075195312
endloop
endfacet
facet normal 0.8829481328012512 0.0 -0.46947054730066284
outer loop
vertex 56.02838134765625 295.0 62.184906005859375
vertex 56.02838134765625 298.0 62.184906005859375
vertex 61.352081298828125 295.0 72.19735717773438
endloop
endfacet
facet normal 0.9999999999999999 0.0 -0.0
outer loop
vertex 61.70355224609375 261.0 60.197357177734375
vertex 61.70355224609375 264.0 67.74148559570312
vertex 61.70355224609375 261.0 67.74148559570312
endloop
endfacet
facet normal 0.0 0.0 -1.0
outer loop
vertex 61.70355224609375 261.0 67.74148559570312
vertex 61.70355224609375 264.0 67.74148559570312
vertex 63.461181640625 264.0 67.74148559570312
endloop
endfacet
facet normal -0.0 1.0 0.0
outer loop
vertex 61.70355224609375 264.0 67.74148559570312
vertex 61.70355224609375 264.0 72.19735717773438
vertex 63.461181640625 264.0 67.74148559570312
endloop
endfacet
facet normal 0.0 0.9999999999999999 -0.0
outer loop
vertex 63.461181640625 264.0 67.74148559570312
vertex 61.70355224609375 264.0 72.19735717773438
vertex 63.70355224609375 264.0 74.19735717773438
endloop
endfacet
facet normal 1.0 0.0 -0.0
outer loop
vertex 61.70355224609375 264.0 67.74148559570312
vertex 61.70355224609375 295.0 72.19735717773438
vertex 61.70355224609375 264.0 72.19735717773438
endloop
endfacet
facet normal 1.0 0.0 -0.0
outer loop
vertex 61.70355224609375 295.0 60.197357177734375
vertex 61.70355224609375 295.0 72.19735717773438
vertex 61.70355224609375 264.0 67.74148559570312
endloop
endfacet
facet normal 0.0 -0.0 1.0
outer loop
vertex 61.70355224609375 264.0 72.19735717773438
vertex 61.70355224609375 295.0 72.19735717773438
vertex 61.352081298828125 286.0 72.19735717773438
endloop
endfacet
facet normal 0.0 1.0 -0.0
outer loop
vertex 61.70355224609375 295.0 60.197357177734375
vertex 61.352081298828125 295.0 72.19735717773438
vertex 61.70355224609375 295.0 72.19735717773438
endloop
endfacet
facet normal 0.0 -0.0 1.0
outer loop
vertex 61.352081298828125 286.0 72.19735717773438
vertex 61.70355224609375 295.0 72.19735717773438
vertex 61.352081298828125 295.0 72.19735717773438
endloop
endfacet
facet normal 0.8829475987854999 -4.299545784032403e-06 -0.4694715516199399
outer loop
vertex 56.02838134765625 298.0 62.184906005859375
vertex 66.32632446289062 298.0 81.55252075195312
vertex 61.352081298828125 295.0 72.19735717773438
endloop
endfacet
facet normal 0.882947027266501 0.0 -0.4694726265089891
outer loop
vertex 61.352081298828125 286.0 72.19735717773438
vertex 61.352081298828125 295.0 72.19735717773438
vertex 66.32632446289062 298.0 81.55252075195312
endloop
endfacet
facet normal 0.8829470272665011 0.0 -0.4694726265089891
outer loop
vertex 61.352081298828125 286.0 72.19735717773438
vertex 66.32632446289062 298.0 81.55252075195312
vertex 66.32632446289062 286.0 81.55252075195312
endloop
endfacet
facet normal 0.0 -0.0 1.0
outer loop
vertex 52.770843505859375 156.0 92.48892211914062
vertex 63.4375 156.0 92.48892211914062
vertex 52.770843505859375 160.0 92.48892211914062
endloop
endfacet
facet normal 0.3510932304021207 0.9362477215293978 -0.013181331374889022
outer loop
vertex 52.770843505859375 160.0 92.48892211914062
vertex 63.4375 156.0 92.48892211914062
vertex 63.033538818359375 156.0 81.72915649414062
endloop
endfacet
facet normal -0.0 1.0 0.0
outer loop
vertex 41.43414306640625 156.0 100.02078247070312
vertex 77.43414306640625 156.0 100.02078247070312
vertex 52.770843505859375 156.0 92.48892211914062
endloop
endfacet
facet normal -0.0 0.0 1.0
outer loop
vertex 41.43414306640625 156.0 100.02078247070312
vertex 58.37359619140625 154.0 100.02078247070312
vertex 77.43414306640625 156.0 100.02078247070312
endloop
endfacet
facet normal -0.8829486211287041 0.0 0.469469628886598
outer loop
vertex 58.37359619140625 144.0 100.02078247070312
vertex 63.954925537109375 154.0 110.51779174804688
vertex 58.37359619140625 154.0 100.02078247070312
endloop
endfacet
facet normal -0.0 1.0 0.0
outer loop
vertex 52.770843505859375 156.0 92.48892211914062
vertex 77.43414306640625 156.0 100.02078247070312
vertex 63.4375 156.0 92.48892211914062
endloop
endfacet
facet normal -0.0 1.0 0.0
outer loop
vertex 58.37359619140625 154.0 100.02078247070312
vertex 63.954925537109375 154.0 110.51779174804688
vertex 76.49472045898438 154.0 100.02078247070312
endloop
endfacet
facet normal -0.9992958412396237 0.0 0.03752094989726268
outer loop
vertex 55.16473388671875 142.0 125.84426879882812
vertex 55.16473388671875 154.0 125.84426879882812
vertex 54.922332763671875 154.0 119.38839721679688
endloop
endfacet
facet normal -0.9992958412203558 -6.20990244077469e-06 0.03752094989653922
outer loop
vertex 54.922332763671875 154.0 119.38839721679688
vertex 55.16473388671875 154.0 125.84426879882812
vertex 54.926727294921875 156.0 119.50576782226562
endloop
endfacet
facet normal -0.9992957677700688 0.0 0.03752290656157326
outer loop
vertex 54.926727294921875 156.0 119.50576782226562
vertex 55.16473388671875 154.0 125.84426879882812
vertex 55.16473388671875 156.0 125.84426879882812
endloop
endfacet
facet normal 0.0 0.0 -1.0
outer loop
vertex 68.6715087890625 144.0 119.38839721679688
vertex 54.922332763671875 154.0 119.38839721679688
vertex 55.50299072265625 155.7741937637329 119.38839721679688
endloop
endfacet
facet normal -0.882947648160479 0.0 0.4694714587787834
outer loop
vertex 68.6715087890625 144.0 119.38839721679688
vertex 68.6715087890625 154.0 119.38839721679688
vertex 63.954925537109375 154.0 110.51779174804688
endloop
endfacet
facet normal 0.0 0.0 -1.0
outer loop
vertex 68.6715087890625 144.0 119.38839721679688
vertex 55.50299072265625 155.7741937637329 119.38839721679688
vertex 68.6715087890625 154.0 119.38839721679688
endloop
endfacet
facet normal -0.9992998032269532 0.0 0.037415281244066886
outer loop
vertex 54.922332763671875 154.0 119.38839721679688
vertex 54.926727294921875 156.0 119.50576782226562
vertex 54.922332763671875 264.0 119.38839721679688
endloop
endfacet
facet normal -0.9992957677700689 0.0 0.03752290656157327
outer loop
vertex 54.926727294921875 156.0 119.50576782226562
vertex 55.16473388671875 156.0 125.84426879882812
vertex 55.16473388671875 264.0 125.84426879882812
endloop
endfacet
facet normal 0.0 -0.0 -1.0
outer loop
vertex 54.922332763671875 154.0 119.38839721679688
vertex 89.16473388671875 261.0 119.38839721679688
vertex 55.50299072265625 155.7741937637329 119.38839721679688
endloop
endfacet
facet normal 0.0 1.0 0.0
outer loop
vertex 63.033538818359375 156.0 81.72915649414062
vertex 63.4375 156.0 92.48892211914062
vertex 77.1917724609375 156.0 93.56491088867188
endloop
endfacet
facet normal 0.8829470977579186 0.0 -0.469472493934276
outer loop
vertex 77.1917724609375 144.0 93.56491088867188
vertex 68.17453002929688 154.0 76.60598754882812
vertex 77.1917724609375 156.0 93.56491088867188
endloop
endfacet
facet normal -0.0 1.0 0.0
outer loop
vertex 63.4375 156.0 92.48892211914062
vertex 77.43414306640625 156.0 100.02078247070312
vertex 77.1917724609375 156.0 93.56491088867188
endloop
endfacet
facet normal 0.0 0.0 1.0
outer loop
vertex 58.37359619140625 154.0 100.02078247070312
vertex 76.49472045898438 154.0 100.02078247070312
vertex 77.43414306640625 156.0 100.02078247070312
endloop
endfacet
facet normal 0.0 1.0 0.0
outer loop
vertex 63.954925537109375 154.0 110.51779174804688
vertex 77.77865600585938 154.0 102.43551635742188
vertex 76.49472045898438 154.0 100.02078247070312
endloop
endfacet
facet normal 0.9992960183435801 1.1709251228166157e-06 -0.03751623277057809
outer loop
vertex 77.22640991210938 144.0 94.48715209960938
vertex 77.1917724609375 156.0 93.56491088867188
vertex 77.43414306640625 156.0 100.02078247070312
endloop
endfacet
facet normal 0.0 -0.0 1.0
outer loop
vertex 77.43414306640625 142.0 100.02078247070312
vertex 77.43414306640625 156.0 100.02078247070312
vertex 76.49472045898438 154.0 100.02078247070312
endloop
endfacet
facet normal 0.8829477801442928 0.0 -0.46947121055317703
outer loop
vertex 76.49472045898438 144.0 100.02078247070312
vertex 76.49472045898438 154.0 100.02078247070312
vertex 77.77865600585938 154.0 102.43551635742188
endloop
endfacet
facet normal 0.882948231810796 0.0 -0.4694703610902281
outer loop
vertex 77.77865600585938 144.0 102.43551635742188
vertex 77.77865600585938 154.0 102.43551635742188
vertex 86.79263305664062 154.0 119.38839721679688
endloop
endfacet
facet normal -0.0 1.0 0.0
outer loop
vertex 63.954925537109375 154.0 110.51779174804688
vertex 68.6715087890625 154.0 119.38839721679688
vertex 77.77865600585938 154.0 102.43551635742188
endloop
endfacet
facet normal -0.0 -0.0 -1.0
outer loop
vertex 55.50299072265625 155.7741937637329 119.38839721679688
vertex 86.79263305664062 154.0 119.38839721679688
vertex 68.6715087890625 154.0 119.38839721679688
endloop
endfacet
facet normal 0.0 1.0 -0.0
outer loop
vertex 77.77865600585938 154.0 102.43551635742188
vertex 68.6715087890625 154.0 119.38839721679688
vertex 86.79263305664062 154.0 119.38839721679688
endloop
endfacet
facet normal -0.0 -0.0 -1.0
outer loop
vertex 55.50299072265625 155.7741937637329 119.38839721679688
vertex 90.92233276367188 154.0 119.38839721679688
vertex 86.79263305664062 154.0 119.38839721679688
endloop
endfacet
facet normal -0.0 1.0 0.0
outer loop
vertex 55.16473388671875 156.0 125.84426879882812
vertex 79.82803344726562 156.0 133.37612915039062
vertex 90.36004638671875 156.0 129.78952026367188
endloop
endfacet
facet normal 0.0 0.0 -1.0
outer loop
vertex 55.50299072265625 155.7741937637329 119.38839721679688
vertex 90.92233276367188 156.0 119.38839721679688
vertex 90.92233276367188 154.0 119.38839721679688
endloop
endfacet
facet normal -0.0 1.0 0.0
outer loop
vertex 55.16473388671875 156.0 125.84426879882812
vertex 90.36004638671875 156.0 129.78952026367188
vertex 91.16473388671875 156.0 125.84426879882812
endloop
endfacet
facet normal 0.0 0.0 -1.0
outer loop
vertex 55.50299072265625 155.7741937637329 119.38839721679688
vertex 90.92233276367188 264.0 119.38839721679688
vertex 90.92233276367188 156.0 119.38839721679688
endloop
endfacet
facet normal 0.0 0.0 1.0
outer loop
vertex 55.16473388671875 156.0 125.84426879882812
vertex 91.16473388671875 156.0 125.84426879882812
vertex 91.16473388671875 264.0 125.84426879882812
endloop
endfacet
facet normal -0.8829480313216016 0.0 0.4694707381566054
outer loop
vertex 55.16473388671875 142.0 125.84426879882812
vertex 68.89529418945312 156.0 151.66775512695312
vertex 55.16473388671875 154.0 125.84426879882812
endloop
endfacet
facet normal -0.8829480313216017 0.0 0.4694707381566054
outer loop
vertex 55.16473388671875 154.0 125.84426879882812
vertex 68.89529418945312 156.0 151.66775512695312
vertex 55.16473388671875 156.0 125.84426879882812
endloop
endfacet
facet normal -0.0 1.0 0.0
outer loop
vertex 55.16473388671875 156.0 125.84426879882812
vertex 68.89529418945312 156.0 151.66775512695312
vertex 79.82803344726562 156.0 133.37612915039062
endloop
endfacet
facet normal -0.9992959802655469 0.0 0.037517247035461984
outer loop
vertex 79.82803344726562 156.0 133.37612915039062
vertex 80.23199462890625 156.0 144.13589477539062
vertex 80.23199462890625 160.0 144.13589477539062
endloop
endfacet
facet normal -0.9992959802655469 0.0 0.037517247035461984
outer loop
vertex 79.82803344726562 156.0 133.37612915039062
vertex 80.23199462890625 160.0 144.13589477539062
vertex 79.82803344726562 160.0 133.37612915039062
endloop
endfacet
facet normal -0.0 1.0 -0.0
outer loop
vertex 79.82803344726562 156.0 133.37612915039062
vertex 68.89529418945312 156.0 151.66775512695312
vertex 80.23199462890625 156.0 144.13589477539062
endloop
endfacet
facet normal 0.0 -0.0 1.0
outer loop
vertex 68.89529418945312 144.0 151.66775512695312
vertex 86.1341552734375 154.0 151.66775512695312
vertex 68.89529418945312 156.0 151.66775512695312
endloop
endfacet
facet normal -0.999295841239617 1.1499819334989602e-07 0.03752094989726243
outer loop
vertex 54.926727294921875 156.0 119.50576782226562
vertex 55.16473388671875 264.0 125.84426879882812
vertex 54.922332763671875 264.0 119.38839721679688
endloop
endfacet
facet normal 0.0 0.0 -0.9999999999999999
outer loop
vertex 54.922332763671875 154.0 119.38839721679688
vertex 54.922332763671875 264.0 119.38839721679688
vertex 57.16473388671875 261.0 119.38839721679688
endloop
endfacet
facet normal 0.0 0.0 -0.9999999999999999
outer loop
vertex 54.922332763671875 154.0 119.38839721679688
vertex 57.16473388671875 261.0 119.38839721679688
vertex 89.16473388671875 261.0 119.38839721679688
endloop
endfacet
facet normal 0.0 -0.0 1.0
outer loop
vertex 55.16473388671875 156.0 125.84426879882812
vertex 91.16473388671875 264.0 125.84426879882812
vertex 55.16473388671875 264.0 125.84426879882812
endloop
endfacet
facet normal 0.0 -1.0 0.0
outer loop
vertex 47.3187255859375 286.0 92.66561889648438
vertex 66.32632446289062 286.0 81.55252075195312
vertex 57.93988037109375 286.0 111.84426879882812
endloop
endfacet
facet normal -0.0 1.0 0.0
outer loop
vertex 47.3187255859375 298.0 92.66561889648438
vertex 57.616668701171875 298.0 112.03323364257812
vertex 66.32632446289062 298.0 81.55252075195312
endloop
endfacet
facet normal 0.0 -1.0 0.0
outer loop
vertex 47.3187255859375 286.0 92.66561889648438
vertex 57.93988037109375 286.0 111.84426879882812
vertex 57.516204833984375 286.0 111.84426879882812
endloop
endfacet
facet normal 0.0 -1.0 0.0
outer loop
vertex 66.32632446289062 286.0 81.55252075195312
vertex 76.624267578125 286.0 100.92013549804688
vertex 57.93988037109375 286.0 111.84426879882812
endloop
endfacet
facet normal -0.0 1.0 -0.0
outer loop
vertex 66.32632446289062 298.0 81.55252075195312
vertex 57.616668701171875 298.0 112.03323364257812
vertex 76.624267578125 298.0 100.92013549804688
endloop
endfacet
facet normal -0.9999999999999999 0.0 0.0
outer loop
vertex 57.16473388671875 261.0 111.84426879882812
vertex 57.16473388671875 261.0 119.38839721679688
vertex 57.16473388671875 264.0 119.38839721679688
endloop
endfacet
facet normal 0.0 0.0 -1.0
outer loop
vertex 57.16473388671875 261.0 111.84426879882812
vertex 57.516204833984375 286.0 111.84426879882812
vertex 57.93988037109375 286.0 111.84426879882812
endloop
endfacet
facet normal -1.0 0.0 0.0
outer loop
vertex 57.16473388671875 261.0 111.84426879882812
vertex 57.16473388671875 264.0 119.38839721679688
vertex 57.16473388671875 295.0 123.84426879882812
endloop
endfacet
facet normal -0.0 1.0 0.0
outer loop
vertex 54.922332763671875 264.0 119.38839721679688
vertex 55.16473388671875 264.0 125.84426879882812
vertex 57.16473388671875 264.0 123.84426879882812
endloop
endfacet
facet normal 0.0 0.0 -1.0
outer loop
vertex 54.922332763671875 264.0 119.38839721679688
vertex 57.16473388671875 264.0 119.38839721679688
vertex 57.16473388671875 261.0 119.38839721679688
endloop
endfacet
facet normal -0.0 1.0 0.0
outer loop
vertex 54.922332763671875 264.0 119.38839721679688
vertex 57.16473388671875 264.0 123.84426879882812
vertex 57.16473388671875 264.0 119.38839721679688
endloop
endfacet
facet normal -1.0 0.0 0.0
outer loop
vertex 57.16473388671875 264.0 119.38839721679688
vertex 57.16473388671875 264.0 123.84426879882812
vertex 57.16473388671875 295.0 123.84426879882812
endloop
endfacet
facet normal 0.0 0.0 -1.0
outer loop
vertex 57.16473388671875 261.0 111.84426879882812
vertex 57.16473388671875 295.0 111.84426879882812
vertex 57.516204833984375 286.0 111.84426879882812
endloop
endfacet
facet normal -1.0 0.0 0.0
outer loop
vertex 57.16473388671875 261.0 111.84426879882812
vertex 57.16473388671875 295.0 123.84426879882812
vertex 57.16473388671875 295.0 111.84426879882812
endloop
endfacet
facet normal 0.0 0.0 -1.0
outer loop
vertex 57.516204833984375 286.0 111.84426879882812
vertex 57.16473388671875 295.0 111.84426879882812
vertex 57.516204833984375 295.0 111.84426879882812
endloop
endfacet
facet normal -0.8829679730765223 0.0 0.4694332311640684
outer loop
vertex 57.516204833984375 295.0 111.84426879882812
vertex 57.616668701171875 295.0 112.03323364257812
vertex 57.616668701171875 298.0 112.03323364257812
endloop
endfacet
facet normal -0.0 1.0 0.0
outer loop
vertex 57.16473388671875 295.0 111.84426879882812
vertex 57.16473388671875 295.0 123.84426879882812
vertex 57.516204833984375 295.0 111.84426879882812
endloop
endfacet
facet normal -0.0 1.0 -0.0
outer loop
vertex 57.516204833984375 295.0 111.84426879882812
vertex 57.16473388671875 295.0 123.84426879882812
vertex 57.616668701171875 295.0 112.03323364257812
endloop
endfacet
facet normal -0.8829469413645147 0.0 0.4694727880666229
outer loop
vertex 57.616668701171875 295.0 112.03323364257812
vertex 63.896728515625 295.0 123.84426879882812
vertex 57.616668701171875 298.0 112.03323364257812
endloop
endfacet
facet normal 0.0 -0.0 0.9999999999999999
outer loop
vertex 57.16473388671875 264.0 123.84426879882812
vertex 63.896728515625 295.0 123.84426879882812
vertex 57.16473388671875 295.0 123.84426879882812
endloop
endfacet
facet normal 0.0 0.9999999999999999 -0.0
outer loop
vertex 57.616668701171875 295.0 112.03323364257812
vertex 57.16473388671875 295.0 123.84426879882812
vertex 63.896728515625 295.0 123.84426879882812
endloop
endfacet
facet normal 0.0 0.0 -1.0
outer loop
vertex 57.16473388671875 261.0 111.84426879882812
vertex 57.93988037109375 286.0 111.84426879882812
vertex 82.4327392578125 286.0 111.84426879882812
endloop
endfacet
facet normal -0.0 1.0 -0.0
outer loop
vertex 57.16473388671875 264.0 123.84426879882812
vertex 55.16473388671875 264.0 125.84426879882812
vertex 89.16473388671875 264.0 123.84426879882812
endloop
endfacet
facet normal -0.0 0.9999999999999999 0.0
outer loop
vertex 57.616668701171875 298.0 112.03323364257812
vertex 67.91461181640625 298.0 131.40078735351562
vertex 76.624267578125 298.0 100.92013549804688
endloop
endfacet
facet normal 0.0 0.0 1.0
outer loop
vertex 57.16473388671875 264.0 123.84426879882812
vertex 63.896728515625 286.0 123.84426879882812
vertex 63.896728515625 295.0 123.84426879882812
endloop
endfacet
facet normal -0.8829469855132831 -4.193156487476756e-07 0.46947270503494726
outer loop
vertex 57.616668701171875 298.0 112.03323364257812
vertex 63.896728515625 295.0 123.84426879882812
vertex 67.91461181640625 298.0 131.40078735351562
endloop
endfacet
facet normal -0.882947054519149 0.0 0.4694725752543581
outer loop
vertex 63.896728515625 286.0 123.84426879882812
vertex 67.91461181640625 286.0 131.40078735351562
vertex 63.896728515625 295.0 123.84426879882812
endloop
endfacet
facet normal -0.882947054519149 0.0 0.4694725752543581
outer loop
vertex 63.896728515625 295.0 123.84426879882812
vertex 67.91461181640625 286.0 131.40078735351562
vertex 67.91461181640625 298.0 131.40078735351562
endloop
endfacet
facet normal 0.0 0.0 -0.9999999999999999
outer loop
vertex 55.50299072265625 155.7741937637329 119.38839721679688
vertex 89.16473388671875 261.0 119.38839721679688
vertex 90.92233276367188 264.0 119.38839721679688
endloop
endfacet
facet normal 0.8829475987936609 0.0 -0.4694715516242792
outer loop
vertex 66.32632446289062 286.0 81.55252075195312
vertex 66.32632446289062 298.0 81.55252075195312
vertex 76.624267578125 298.0 100.92013549804688
endloop
endfacet
facet normal 0.8829475987936609 0.0 -0.4694715516242792
outer loop
vertex 66.32632446289062 286.0 81.55252075195312
vertex 76.624267578125 298.0 100.92013549804688
vertex 76.624267578125 286.0 100.92013549804688
endloop
endfacet
facet normal 0.0 -1.0 0.0
outer loop
vertex 57.93988037109375 286.0 111.84426879882812
vertex 76.624267578125 286.0 100.92013549804688
vertex 82.4327392578125 286.0 111.84426879882812
endloop
endfacet
facet normal 0.8829473593071009 0.0 -0.4694720020327273
outer loop
vertex 76.624267578125 286.0 100.92013549804688
vertex 76.624267578125 298.0 100.92013549804688
vertex 82.4327392578125 295.0 111.84426879882812
endloop
endfacet
facet normal 0.882947359307101 0.0 -0.4694720020327273
outer loop
vertex 76.624267578125 286.0 100.92013549804688
vertex 82.4327392578125 295.0 111.84426879882812
vertex 82.4327392578125 286.0 111.84426879882812
endloop
endfacet
facet normal 0.0 -1.0 0.0
outer loop
vertex 57.16473388671875 261.0 111.84426879882812
vertex 89.16473388671875 261.0 111.84426879882812
vertex 57.16473388671875 261.0 119.38839721679688
endloop
endfacet
facet normal 0.0 -0.0 1.0
outer loop
vertex 57.16473388671875 264.0 123.84426879882812
vertex 89.16473388671875 264.0 123.84426879882812
vertex 63.896728515625 286.0 123.84426879882812
endloop
endfacet
facet normal 0.0 -1.0 0.0
outer loop
vertex 63.896728515625 286.0 123.84426879882812
vertex 80.839111328125 286.0 123.84426879882812
vertex 67.91461181640625 286.0 131.40078735351562
endloop
endfacet
facet normal 0.0 0.0 -1.0
outer loop
vertex 57.16473388671875 261.0 111.84426879882812
vertex 82.4327392578125 286.0 111.84426879882812
vertex 89.16473388671875 261.0 111.84426879882812
endloop
endfacet
facet normal 0.0 -1.0 0.0
outer loop
vertex 57.16473388671875 261.0 119.38839721679688
vertex 89.16473388671875 261.0 111.84426879882812
vertex 89.16473388671875 261.0 119.38839721679688
endloop
endfacet
facet normal -0.0 1.0 0.0
outer loop
vertex 55.16473388671875 264.0 125.84426879882812
vertex 91.16473388671875 264.0 125.84426879882812
vertex 89.16473388671875 264.0 123.84426879882812
endloop
endfacet
facet normal -0.0 -0.0 0.9999999999999999
outer loop
vertex 63.896728515625 286.0 123.84426879882812
vertex 89.16473388671875 264.0 123.84426879882812
vertex 80.839111328125 286.0 123.84426879882812
endloop
endfacet
facet normal -0.0 0.9999999999999999 -0.0
outer loop
vertex 76.624267578125 298.0 100.92013549804688
vertex 67.91461181640625 298.0 131.40078735351562
vertex 86.92221069335938 298.0 120.28768920898438
endloop
endfacet
facet normal -0.8829481754975095 0.0 0.4694704670004484
outer loop
vertex 67.91461181640625 286.0 131.40078735351562
vertex 78.2125244140625 298.0 150.76840209960938
vertex 67.91461181640625 298.0 131.40078735351562
endloop
endfacet
facet normal -0.0 -1.0 0.0
outer loop
vertex 80.839111328125 286.0 123.84426879882812
vertex 78.2125244140625 286.0 150.76840209960938
vertex 67.91461181640625 286.0 131.40078735351562
endloop
endfacet
facet normal -0.0 0.9999999999999999 0.0
outer loop
vertex 67.91461181640625 298.0 131.40078735351562
vertex 78.2125244140625 298.0 150.76840209960938
vertex 86.92221069335938 298.0 120.28768920898438
endloop
endfacet
facet normal -0.8829481754975095 0.0 0.4694704670004484
outer loop
vertex 67.91461181640625 286.0 131.40078735351562
vertex 78.2125244140625 286.0 150.76840209960938
vertex 78.2125244140625 298.0 150.76840209960938
endloop
endfacet
facet normal -0.8317424623328711 0.0 0.5551616668615119
outer loop
vertex 78.2125244140625 286.0 150.76840209960938
vertex 86.76800537109375 286.0 163.58621215820312
vertex 78.2125244140625 298.0 150.76840209960938
endloop
endfacet
facet normal 0.0 0.0 -1.0
outer loop
vertex 86.79263305664062 144.0 119.38839721679688
vertex 86.79263305664062 154.0 119.38839721679688
vertex 90.92233276367188 154.0 119.38839721679688
endloop
endfacet
facet normal 0.8829476104474576 0.0 -0.469471529706674
outer loop
vertex 95.51864624023438 143.95921516418457 128.03280639648438
vertex 90.92233276367188 154.0 119.38839721679688
vertex 90.92233276367188 156.0 119.38839721679688
endloop
endfacet
facet normal 0.8829476104474577 0.0 -0.4694715297066741
outer loop
vertex 95.51864624023438 143.95921516418457 128.03280639648438
vertex 90.92233276367188 156.0 119.38839721679688
vertex 95.51864624023438 154.04078483581543 128.03280639648438
endloop
endfacet
facet normal 0.9992958412396236 0.0 -0.03752094989726268
outer loop
vertex 90.92233276367188 156.0 119.38839721679688
vertex 90.92233276367188 264.0 119.38839721679688
vertex 91.16473388671875 156.0 125.84426879882812
endloop
endfacet
facet normal -0.3222740561813167 0.0 -0.946646413774669
outer loop
vertex 95.51864624023438 143.95921516418457 128.03280639648438
vertex 95.51864624023438 154.04078483581543 128.03280639648438
vertex 95.62603759765625 154.0 127.99624633789062
endloop
endfacet
facet normal 0.9992948319725102 0.0 -0.037547820083628204
outer loop
vertex 95.62603759765625 144.0 127.99624633789062
vertex 95.62603759765625 154.0 127.99624633789062
vertex 95.63568115234375 154.0 128.25289916992188
endloop
endfacet
facet normal 0.35107728365611696 0.9362535583490651 -0.013191488898374907
outer loop
vertex 95.51864624023438 154.04078483581543 128.03280639648438
vertex 95.63568115234375 154.0 128.25289916992188
vertex 95.62603759765625 154.0 127.99624633789062
endloop
endfacet
facet normal -0.3223638962864623 0.0 -0.946615824065397
outer loop
vertex 79.82803344726562 156.0 133.37612915039062
vertex 79.82803344726562 160.0 133.37612915039062
vertex 90.36004638671875 156.0 129.78952026367188
endloop
endfacet
facet normal 0.3510932304021207 0.9362477215293978 -0.013181331374889022
outer loop
vertex 79.82803344726562 160.0 133.37612915039062
vertex 80.23199462890625 160.0 144.13589477539062
vertex 90.49468994140625 156.0 133.37612915039062
endloop
endfacet
facet normal 0.3510932353563386 0.936247734740633 -0.01318026100090334
outer loop
vertex 79.82803344726562 160.0 133.37612915039062
vertex 90.49468994140625 156.0 133.37612915039062
vertex 90.36004638671875 156.0 129.78952026367188
endloop
endfacet
facet normal 0.3510932304021207 0.9362477215293978 -0.013181331374889022
outer loop
vertex 80.23199462890625 160.0 144.13589477539062
vertex 90.89865112304688 156.0 144.13589477539062
vertex 90.49468994140625 156.0 133.37612915039062
endloop
endfacet
facet normal 0.0 -0.0 1.0
outer loop
vertex 80.23199462890625 156.0 144.13589477539062
vertex 90.89865112304688 156.0 144.13589477539062
vertex 80.23199462890625 160.0 144.13589477539062
endloop
endfacet
facet normal -0.0 1.0 -0.0
outer loop
vertex 80.23199462890625 156.0 144.13589477539062
vertex 68.89529418945312 156.0 151.66775512695312
vertex 104.65292358398438 156.0 145.21188354492188
endloop
endfacet
facet normal -0.0 1.0 0.0
outer loop
vertex 80.23199462890625 156.0 144.13589477539062
vertex 104.65292358398438 156.0 145.21188354492188
vertex 90.89865112304688 156.0 144.13589477539062
endloop
endfacet
facet normal -0.0 1.0 0.0
outer loop
vertex 68.89529418945312 156.0 151.66775512695312
vertex 104.89529418945312 156.0 151.66775512695312
vertex 104.65292358398438 156.0 145.21188354492188
endloop
endfacet
facet normal -0.0 0.0 1.0
outer loop
vertex 68.89529418945312 156.0 151.66775512695312
vertex 86.1341552734375 154.0 151.66775512695312
vertex 104.89529418945312 156.0 151.66775512695312
endloop
endfacet
facet normal -0.8362582295592529 0.0 0.5483358218231087
outer loop
vertex 86.1341552734375 144.0 151.66775512695312
vertex 92.74948120117188 154.0 161.75668334960938
vertex 86.1341552734375 154.0 151.66775512695312
endloop
endfacet
facet normal -0.0 1.0 0.0
outer loop
vertex 86.1341552734375 154.0 151.66775512695312
vertex 92.74948120117188 154.0 161.75668334960938
vertex 104.61904907226562 154.0 151.66775512695312
endloop
endfacet
facet normal 0.4694706898156849 0.0 0.8829480570248655
outer loop
vertex 92.74948120117188 144.0 161.75668334960938
vertex 95.56369018554688 151.5 160.26034545898438
vertex 92.74948120117188 154.0 161.75668334960938
endloop
endfacet
facet normal 0.0 1.0 0.0
outer loop
vertex 90.92233276367188 156.0 119.38839721679688
vertex 91.16473388671875 156.0 125.84426879882812
vertex 104.65292358398438 156.0 145.21188354492188
endloop
endfacet
facet normal 0.0 1.0 -0.0
outer loop
vertex 91.16473388671875 156.0 125.84426879882812
vertex 90.36004638671875 156.0 129.78952026367188
vertex 104.65292358398438 156.0 145.21188354492188
endloop
endfacet
facet normal 0.8829475987936543 -1.240441860665902e-07 -0.46947155162427573
outer loop
vertex 90.92233276367188 156.0 119.38839721679688
vertex 104.65292358398438 156.0 145.21188354492188
vertex 95.51864624023438 154.04078483581543 128.03280639648438
endloop
endfacet
facet normal 0.0 1.0 0.0
outer loop
vertex 90.36004638671875 156.0 129.78952026367188
vertex 90.49468994140625 156.0 133.37612915039062
vertex 104.65292358398438 156.0 145.21188354492188
endloop
endfacet
facet normal 0.8829415616528296 0.00012742686673203937 -0.4694828883659724
outer loop
vertex 95.51864624023438 154.04078483581543 128.03280639648438
vertex 104.65292358398438 156.0 145.21188354492188
vertex 95.63568115234375 154.0 128.25289916992188
endloop
endfacet
facet normal 0.8829477981398667 0.0 -0.46947117670839106
outer loop
vertex 104.65292358398438 144.0 145.21188354492188
vertex 95.63568115234375 154.0 128.25289916992188
vertex 104.65292358398438 156.0 145.21188354492188
endloop
endfacet
facet normal 0.0 1.0 0.0
outer loop
vertex 90.49468994140625 156.0 133.37612915039062
vertex 90.89865112304688 156.0 144.13589477539062
vertex 104.65292358398438 156.0 145.21188354492188
endloop
endfacet
facet normal 0.9992960183435801 1.1709251228166157e-06 -0.03751623277057809
outer loop
vertex 104.68756103515625 144.0 146.13412475585938
vertex 104.65292358398438 156.0 145.21188354492188
vertex 104.89529418945312 156.0 151.66775512695312
endloop
endfacet
facet normal 0.4694706359228415 -7.78174697403786e-08 0.8829480856801247
outer loop
vertex 92.74948120117188 154.0 161.75668334960938
vertex 95.56369018554688 151.5 160.26034545898438
vertex 103.51019287109375 151.5 156.03512573242188
endloop
endfacet
facet normal 0.0 0.0 1.0
outer loop
vertex 86.1341552734375 154.0 151.66775512695312
vertex 104.61904907226562 154.0 151.66775512695312
vertex 104.89529418945312 156.0 151.66775512695312
endloop
endfacet
facet normal 0.0 1.0 0.0
outer loop
vertex 92.74948120117188 154.0 161.75668334960938
vertex 106.32635498046875 154.0 154.53775024414062
vertex 104.61904907226562 154.0 151.66775512695312
endloop
endfacet
facet normal -0.0 1.0 0.0
outer loop
vertex 95.56369018554688 151.5 160.26034545898438
vertex 97.64892578125 151.5 160.28414916992188
vertex 103.51019287109375 151.5 156.03512573242188
endloop
endfacet
facet normal 0.0 1.0 0.0
outer loop
vertex 97.64892578125 151.5 160.28414916992188
vertex 98.70846557617188 151.5 159.72079467773438
vertex 103.51019287109375 151.5 156.03512573242188
endloop
endfacet
facet normal -0.0809267103280672 0.9850302877892548 -0.1522044667324033
outer loop
vertex 97.64892578125 151.5 160.28414916992188
vertex 98.587890625 151.84999990463257 162.05001831054688
vertex 98.70846557617188 151.5 159.72079467773438
endloop
endfacet
facet normal -0.08092909004907205 0.9850300781102109 -0.15220455841406735
outer loop
vertex 98.70846557617188 151.5 159.72079467773438
vertex 98.587890625 151.84999990463257 162.05001831054688
vertex 99.64739990234375 151.84999990463257 161.48666381835938
endloop
endfacet
facet normal 0.0 1.0 0.0
outer loop
vertex 98.70846557617188 151.5 159.72079467773438
vertex 101.3043212890625 151.5 158.34054565429688
vertex 103.51019287109375 151.5 156.03512573242188
endloop
endfacet
facet normal 0.4694706129036743 -2.0491002063038738e-07 0.8829480979195813
outer loop
vertex 92.74948120117188 154.0 161.75668334960938
vertex 103.51019287109375 151.5 156.03512573242188
vertex 106.32635498046875 154.0 154.53775024414062
endloop
endfacet
facet normal -0.0 1.0 0.0
outer loop
vertex 98.70846557617188 151.5 159.72079467773438
vertex 102.9337158203125 151.5 167.66732788085938
vertex 101.3043212890625 151.5 158.34054565429688
endloop
endfacet
facet normal -0.0 1.0 0.0
outer loop
vertex 95.56369018554688 151.5 160.26034545898438
vertex 100.25839233398438 151.5 169.08981323242188
vertex 97.64892578125 151.5 160.28414916992188
endloop
endfacet
facet normal -0.8829460196950958 7.06029710919681e-05 0.4694745161558911
outer loop
vertex 97.64892578125 151.5 160.28414916992188
vertex 101.87420654296875 151.5 168.23068237304688
vertex 98.587890625 151.84999990463257 162.05001831054688
endloop
endfacet
facet normal -0.0 1.0 0.0
outer loop
vertex 98.587890625 151.84999990463257 162.05001831054688
vertex 101.40469360351562 151.84999990463257 167.34774780273438
vertex 99.64739990234375 151.84999990463257 161.48666381835938
endloop
endfacet
facet normal -0.8829479718640534 0.0 0.4694708499802247
outer loop
vertex 100.25839233398438 146.5 169.08981323242188
vertex 100.25839233398438 151.5 169.08981323242188
vertex 95.56369018554688 151.5 160.26034545898438
endloop
endfacet
facet normal -0.0 1.0 0.0
outer loop
vertex 97.64892578125 151.5 160.28414916992188
vertex 100.25839233398438 151.5 169.08981323242188
vertex 101.87420654296875 151.5 168.23068237304688
endloop
endfacet
facet normal 0.8829474274139486 -1.0724099876124279e-05 -0.46947187382002303
outer loop
vertex 98.70846557617188 151.5 159.72079467773438
vertex 99.64739990234375 151.84999990463257 161.48666381835938
vertex 102.9337158203125 151.5 167.66732788085938
endloop
endfacet
facet normal -0.8829510228428669 -0.00013156606549038604 0.4694650934319884
outer loop
vertex 98.587890625 151.84999990463257 162.05001831054688
vertex 102.34365844726562 151.5 169.11361694335938
vertex 101.40469360351562 151.84999990463257 167.34774780273438
endloop
endfacet
facet normal -0.0 1.0 0.0
outer loop
vertex 99.64739990234375 151.84999990463257 161.48666381835938
vertex 101.40469360351562 151.84999990463257 167.34774780273438
vertex 102.4642333984375 151.84999990463257 166.78439331054688
endloop
endfacet
facet normal -0.8829528499085595 -0.0002212017340027511 0.46946162346686615
outer loop
vertex 98.587890625 151.84999990463257 162.05001831054688
vertex 101.87420654296875 151.5 168.23068237304688
vertex 102.34365844726562 151.5 169.11361694335938
endloop
endfacet
facet normal -0.6454410140053425 0.0 0.7638101187073627
outer loop
vertex 100.25839233398438 146.5 169.08981323242188
vertex 101.9036865234375 150.70000004768372 170.48013305664062
vertex 100.25839233398438 151.5 169.08981323242188
endloop
endfacet
facet normal 0.1743539538240767 0.9284759211266529 0.3279224949190363
outer loop
vertex 100.25839233398438 151.5 169.08981323242188
vertex 101.9036865234375 150.70000004768372 170.48013305664062
vertex 101.99154663085938 151.40000009536743 168.45144653320312
endloop
endfacet
facet normal 0.17434856913265265 0.9284824570398541 0.327906851728707
outer loop
vertex 100.25839233398438 151.5 169.08981323242188
vertex 101.99154663085938 151.40000009536743 168.45144653320312
vertex 101.87420654296875 151.5 168.23068237304688
endloop
endfacet
facet normal 0.0 -0.0 1.0
outer loop
vertex 104.61904907226562 144.0 151.66775512695312
vertex 104.89529418945312 156.0 151.66775512695312
vertex 104.61904907226562 154.0 151.66775512695312
endloop
endfacet
facet normal 0.4694704710907113 0.0 0.8829481733226846
outer loop
vertex 103.51019287109375 146.5 156.03512573242188
vertex 106.32635498046875 154.0 154.53775024414062
vertex 103.51019287109375 151.5 156.03512573242188
endloop
endfacet
facet normal 0.0 1.0 0.0
outer loop
vertex 101.3043212890625 151.5 158.34054565429688
vertex 102.36386108398438 151.5 157.77719116210938
vertex 103.51019287109375 151.5 156.03512573242188
endloop
endfacet
facet normal -0.0809267103280672 0.9850302877892548 -0.1522044667324033
outer loop
vertex 101.3043212890625 151.5 158.34054565429688
vertex 102.2432861328125 151.84999990463257 160.10641479492188
vertex 102.36386108398438 151.5 157.77719116210938
endloop
endfacet
facet normal -0.0809267103280672 0.9850302877892548 -0.1522044667324033
outer loop
vertex 102.36386108398438 151.5 157.77719116210938
vertex 102.2432861328125 151.84999990463257 160.10641479492188
vertex 103.30282592773438 151.84999990463257 159.54306030273438
endloop
endfacet
facet normal -0.8829460196950958 7.06029710919681e-05 0.4694745161558911
outer loop
vertex 101.3043212890625 151.5 158.34054565429688
vertex 105.52960205078125 151.5 166.28707885742188
vertex 102.2432861328125 151.84999990463257 160.10641479492188
endloop
endfacet
facet normal 0.0 1.0 -0.0
outer loop
vertex 103.51019287109375 151.5 156.03512573242188
vertex 102.36386108398438 151.5 157.77719116210938
vertex 106.589111328125 151.5 165.72372436523438
endloop
endfacet
facet normal 0.0 1.0 -0.0
outer loop
vertex 103.30282592773438 151.84999990463257 159.54306030273438
vertex 102.2432861328125 151.84999990463257 160.10641479492188
vertex 105.06011962890625 151.84999990463257 165.40414428710938
endloop
endfacet
facet normal 0.8829474240683647 -8.771102651068747e-05 -0.469471872041143
outer loop
vertex 102.36386108398438 151.5 157.77719116210938
vertex 103.30282592773438 151.84999990463257 159.54306030273438
vertex 106.589111328125 151.5 165.72372436523438
endloop
endfacet
facet normal 0.8594276953196255 0.0 -0.5112573095004088
outer loop
vertex 106.32635498046875 144.0 154.53775024414062
vertex 104.61904907226562 154.0 151.66775512695312
vertex 106.32635498046875 154.0 154.53775024414062
endloop
endfacet
facet normal 0.8829467068513822 0.0 -0.46947322911993505
outer loop
vertex 103.51019287109375 146.5 156.03512573242188
vertex 103.51019287109375 151.5 156.03512573242188
vertex 108.20492553710938 151.5 164.86459350585938
endloop
endfacet
facet normal -0.0 1.0 0.0
outer loop
vertex 103.51019287109375 151.5 156.03512573242188
vertex 106.589111328125 151.5 165.72372436523438
vertex 108.20492553710938 151.5 164.86459350585938
endloop
endfacet
facet normal -0.0 1.0 0.0
outer loop
vertex 101.3043212890625 151.5 158.34054565429688
vertex 102.9337158203125 151.5 167.66732788085938
vertex 105.52960205078125 151.5 166.28707885742188
endloop
endfacet
facet normal 0.8829489172078787 0.00010590399075877382 -0.46946906009425116
outer loop
vertex 99.64739990234375 151.84999990463257 161.48666381835938
vertex 102.4642333984375 151.84999990463257 166.78439331054688
vertex 103.4031982421875 151.5 168.55026245117188
endloop
endfacet
facet normal 0.8829401766274652 -0.000317716147965937 -0.46948540291846136
outer loop
vertex 99.64739990234375 151.84999990463257 161.48666381835938
vertex 103.4031982421875 151.5 168.55026245117188
vertex 102.9337158203125 151.5 167.66732788085938
endloop
endfacet
facet normal -0.0 1.0 0.0
outer loop
vertex 103.30282592773438 151.84999990463257 159.54306030273438
vertex 105.06011962890625 151.84999990463257 165.40414428710938
vertex 106.11965942382812 151.84999990463257 164.84072875976562
endloop
endfacet
facet normal -0.882948921790148 -2.89169340421779e-05 0.4694690625306702
outer loop
vertex 102.2432861328125 151.84999990463257 160.10641479492188
vertex 105.99905395507812 151.5 167.17001342773438
vertex 105.06011962890625 151.84999990463257 165.40414428710938
endloop
endfacet
facet normal -0.8829528499085595 -0.0002212017340027511 0.46946162346686615
outer loop
vertex 102.2432861328125 151.84999990463257 160.10641479492188
vertex 105.52960205078125 151.5 166.28707885742188
vertex 105.99905395507812 151.5 167.17001342773438
endloop
endfacet
facet normal 0.17437357736773776 0.9284621880694343 0.3279509427357944
outer loop
vertex 102.9337158203125 151.5 167.66732788085938
vertex 103.05108642578125 151.40000009536743 167.88803100585938
vertex 105.52960205078125 151.5 166.28707885742188
endloop
endfacet
facet normal 0.17436295938519053 0.9284726234536602 0.3279270435501108
outer loop
vertex 101.9036865234375 150.70000004768372 170.48013305664062
vertex 106.70648193359375 151.40000009536743 165.94448852539062
vertex 105.64697265625 151.40000009536743 166.50784301757812
endloop
endfacet
facet normal 0.1743351658139669 0.92848979487714 0.32789320024914104
outer loop
vertex 103.05108642578125 151.40000009536743 167.88803100585938
vertex 105.64697265625 151.40000009536743 166.50784301757812
vertex 105.52960205078125 151.5 166.28707885742188
endloop
endfacet
facet normal 0.17437420259980982 0.9284722554745638 0.327922107034059
outer loop
vertex 101.99154663085938 151.40000009536743 168.45144653320312
vertex 101.9036865234375 150.70000004768372 170.48013305664062
vertex 103.05108642578125 151.40000009536743 167.88803100585938
endloop
endfacet
facet normal 0.0809267103280672 0.9850302877892548 0.1522044667324033
outer loop
vertex 101.40469360351562 151.84999990463257 167.34774780273438
vertex 102.34365844726562 151.5 169.11361694335938
vertex 102.4642333984375 151.84999990463257 166.78439331054688
endloop
endfacet
facet normal -0.8829528188534852 0.00034536050425620354 0.4694616069550381
outer loop
vertex 101.87420654296875 151.5 168.23068237304688
vertex 101.99154663085938 151.40000009536743 168.45144653320312
vertex 102.34365844726562 151.5 169.11361694335938
endloop
endfacet
facet normal -0.8829312518772446 0.0 0.469502294412372
outer loop
vertex 101.99154663085938 151.40000009536743 168.45144653320312
vertex 102.34365844726562 151.40000009536743 169.11361694335938
vertex 102.34365844726562 151.5 169.11361694335938
endloop
endfacet
facet normal 0.0809267103280672 0.9850302877892548 0.1522044667324033
outer loop
vertex 102.4642333984375 151.84999990463257 166.78439331054688
vertex 102.34365844726562 151.5 169.11361694335938
vertex 103.4031982421875 151.5 168.55026245117188
endloop
endfacet
facet normal 0.0 -0.9999999999999999 0.0
outer loop
vertex 101.99154663085938 151.40000009536743 168.45144653320312
vertex 103.05108642578125 151.40000009536743 167.88803100585938
vertex 103.4031982421875 151.40000009536743 168.55026245117188
endloop
endfacet
facet normal 0.0 -1.0 0.0
outer loop
vertex 101.99154663085938 151.40000009536743 168.45144653320312
vertex 103.4031982421875 151.40000009536743 168.55026245117188
vertex 102.34365844726562 151.40000009536743 169.11361694335938
endloop
endfacet
facet normal 0.4694632405567483 0.0 0.8829520178163459
outer loop
vertex 102.34365844726562 151.40000009536743 169.11361694335938
vertex 103.4031982421875 151.40000009536743 168.55026245117188
vertex 102.34365844726562 151.5 169.11361694335938
endloop
endfacet
facet normal 0.8829402121285587 0.00014327571702028147 -0.4694854217954426
outer loop
vertex 102.9337158203125 151.5 167.66732788085938
vertex 103.4031982421875 151.5 168.55026245117188
vertex 103.05108642578125 151.40000009536743 167.88803100585938
endloop
endfacet
facet normal 0.8829491895381352 0.0 -0.46946855985672825
outer loop
vertex 103.05108642578125 151.40000009536743 167.88803100585938
vertex 103.4031982421875 151.5 168.55026245117188
vertex 103.4031982421875 151.40000009536743 168.55026245117188
endloop
endfacet
facet normal 0.4694632405567483 -0.0 0.8829520178163459
outer loop
vertex 102.34365844726562 151.5 169.11361694335938
vertex 103.4031982421875 151.40000009536743 168.55026245117188
vertex 103.4031982421875 151.5 168.55026245117188
endloop
endfacet
facet normal 0.17434497464900267 0.9284814377917909 0.3279116489097746
outer loop
vertex 103.05108642578125 151.40000009536743 167.88803100585938
vertex 101.9036865234375 150.70000004768372 170.48013305664062
vertex 105.64697265625 151.40000009536743 166.50784301757812
endloop
endfacet
facet normal 0.8829466772648069 -8.024206371954186e-05 -0.46947327790647264
outer loop
vertex 103.30282592773438 151.84999990463257 159.54306030273438
vertex 106.11965942382812 151.84999990463257 164.84072875976562
vertex 107.05859375 151.5 166.60665893554688
endloop
endfacet
facet normal 0.8829401524143913 -0.0003947024318902491 -0.46948539004365397
outer loop
vertex 103.30282592773438 151.84999990463257 159.54306030273438
vertex 107.05859375 151.5 166.60665893554688
vertex 106.589111328125 151.5 165.72372436523438
endloop
endfacet
facet normal 0.17437972458909556 0.928463691491597 0.3279434177324312
outer loop
vertex 101.9036865234375 150.70000004768372 170.48013305664062
vertex 108.20492553710938 151.5 164.86459350585938
vertex 106.70648193359375 151.40000009536743 165.94448852539062
endloop
endfacet
facet normal 0.08093410807079603 0.9850300780940278 0.15220189026703324
outer loop
vertex 106.11965942382812 151.84999990463257 164.84072875976562
vertex 105.06011962890625 151.84999990463257 165.40414428710938
vertex 105.99905395507812 151.5 167.17001342773438
endloop
endfacet
facet normal -0.8829528689665341 7.590443529041226e-05 0.4694616335998961
outer loop
vertex 105.52960205078125 151.5 166.28707885742188
vertex 105.64697265625 151.40000009536743 166.50784301757812
vertex 105.99905395507812 151.5 167.17001342773438
endloop
endfacet
facet normal -0.8829481199481273 0.0 0.4694705714739397
outer loop
vertex 105.64697265625 151.40000009536743 166.50784301757812
vertex 105.99905395507812 151.40000009536743 167.17001342773438
vertex 105.99905395507812 151.5 167.17001342773438
endloop
endfacet
facet normal 0.17436273591420165 0.9284731397265368 0.32792570062570775
outer loop
vertex 101.9036865234375 150.70000004768372 170.48013305664062
vertex 108.4375 150.70000004768372 167.00601196289062
vertex 108.20492553710938 151.5 164.86459350585938
endloop
endfacet
facet normal 0.08092515701718526 0.9850308668087774 0.15220154531309074
outer loop
vertex 106.11965942382812 151.84999990463257 164.84072875976562
vertex 105.99905395507812 151.5 167.17001342773438
vertex 107.05859375 151.5 166.60665893554688
endloop
endfacet
facet normal 0.0 -1.0 0.0
outer loop
vertex 105.64697265625 151.40000009536743 166.50784301757812
vertex 106.70648193359375 151.40000009536743 165.94448852539062
vertex 107.05859375 151.40000009536743 166.60665893554688
endloop
endfacet
facet normal 0.0 -1.0 0.0
outer loop
vertex 105.64697265625 151.40000009536743 166.50784301757812
vertex 107.05859375 151.40000009536743 166.60665893554688
vertex 105.99905395507812 151.40000009536743 167.17001342773438
endloop
endfacet
facet normal 0.4694632405567483 0.0 0.8829520178163459
outer loop
vertex 105.99905395507812 151.40000009536743 167.17001342773438
vertex 107.05859375 151.40000009536743 166.60665893554688
vertex 105.99905395507812 151.5 167.17001342773438
endloop
endfacet
facet normal 0.4694632405567483 -0.0 0.8829520178163459
outer loop
vertex 105.99905395507812 151.5 167.17001342773438
vertex 107.05859375 151.40000009536743 166.60665893554688
vertex 107.05859375 151.5 166.60665893554688
endloop
endfacet
facet normal 0.8829402121285587 -0.00014327571702028147 -0.4694854217954426
outer loop
vertex 106.589111328125 151.5 165.72372436523438
vertex 107.05859375 151.5 166.60665893554688
vertex 106.70648193359375 151.40000009536743 165.94448852539062
endloop
endfacet
facet normal 0.8829312518772446 0.0 -0.469502294412372
outer loop
vertex 106.70648193359375 151.40000009536743 165.94448852539062
vertex 107.05859375 151.5 166.60665893554688
vertex 107.05859375 151.40000009536743 166.60665893554688
endloop
endfacet
facet normal 0.17433995639500496 0.928489794824527 0.32789065328382805
outer loop
vertex 106.589111328125 151.5 165.72372436523438
vertex 106.70648193359375 151.40000009536743 165.94448852539062
vertex 108.20492553710938 151.5 164.86459350585938
endloop
endfacet
facet normal 0.9941538559769537 0.0 -0.10797273103036004
outer loop
vertex 108.4375 147.29999995231628 167.00601196289062
vertex 108.20492553710938 151.5 164.86459350585938
vertex 108.4375 150.70000004768372 167.00601196289062
endloop
endfacet
facet normal 0.4694748121700523 -0.0 0.8829458651230517
outer loop
vertex 108.4375 147.29999995231628 167.00601196289062
vertex 108.4375 150.70000004768372 167.00601196289062
vertex 101.9036865234375 150.70000004768372 170.48013305664062
endloop
endfacet
facet normal 0.9992958412396236 0.0 -0.03752094989726268
outer loop
vertex 91.16473388671875 156.0 125.84426879882812
vertex 90.92233276367188 264.0 119.38839721679688
vertex 91.16473388671875 264.0 125.84426879882812
endloop
endfacet
facet normal -0.0 -0.0 1.0
outer loop
vertex 80.839111328125 286.0 123.84426879882812
vertex 89.16473388671875 264.0 123.84426879882812
vertex 88.81326293945312 286.0 123.84426879882812
endloop
endfacet
facet normal 0.8829465018720208 -7.5319780064784805e-06 -0.46947361456766756
outer loop
vertex 76.624267578125 298.0 100.92013549804688
vertex 86.92221069335938 295.0 120.28768920898438
vertex 82.4327392578125 295.0 111.84426879882812
endloop
endfacet
facet normal 0.0 0.0 -1.0
outer loop
vertex 82.4327392578125 286.0 111.84426879882812
vertex 82.4327392578125 295.0 111.84426879882812
vertex 89.16473388671875 295.0 111.84426879882812
endloop
endfacet
facet normal 0.8829469855133607 0.0 -0.4694727050349885
outer loop
vertex 76.624267578125 298.0 100.92013549804688
vertex 86.92221069335938 298.0 120.28768920898438
vertex 86.92221069335938 295.0 120.28768920898438
endloop
endfacet
facet normal 0.0 0.0 -1.0
outer loop
vertex 82.4327392578125 286.0 111.84426879882812
vertex 89.16473388671875 295.0 111.84426879882812
vertex 89.16473388671875 261.0 111.84426879882812
endloop
endfacet
facet normal -0.0 1.0 0.0
outer loop
vertex 82.4327392578125 295.0 111.84426879882812
vertex 86.92221069335938 295.0 120.28768920898438
vertex 89.16473388671875 295.0 111.84426879882812
endloop
endfacet
facet normal 0.8829491021258026 0.0 -0.46946872425672703
outer loop
vertex 86.92221069335938 295.0 120.28768920898438
vertex 86.92221069335938 298.0 120.28768920898438
vertex 88.81326293945312 295.0 123.84426879882812
endloop
endfacet
facet normal 0.9999999999999999 0.0 -0.0
outer loop
vertex 89.16473388671875 261.0 111.84426879882812
vertex 89.16473388671875 264.0 119.38839721679688
vertex 89.16473388671875 261.0 119.38839721679688
endloop
endfacet
facet normal 1.0 0.0 -0.0
outer loop
vertex 89.16473388671875 261.0 111.84426879882812
vertex 89.16473388671875 295.0 111.84426879882812
vertex 89.16473388671875 264.0 119.38839721679688
endloop
endfacet
facet normal 0.0 0.0 -1.0
outer loop
vertex 89.16473388671875 261.0 119.38839721679688
vertex 89.16473388671875 264.0 119.38839721679688
vertex 90.92233276367188 264.0 119.38839721679688
endloop
endfacet
facet normal -0.0 1.0 0.0
outer loop
vertex 89.16473388671875 264.0 119.38839721679688
vertex 89.16473388671875 264.0 123.84426879882812
vertex 90.92233276367188 264.0 119.38839721679688
endloop
endfacet
facet normal -0.0 1.0 0.0
outer loop
vertex 89.16473388671875 264.0 123.84426879882812
vertex 91.16473388671875 264.0 125.84426879882812
vertex 90.92233276367188 264.0 119.38839721679688
endloop
endfacet
facet normal 1.0 0.0 -0.0
outer loop
vertex 89.16473388671875 264.0 119.38839721679688
vertex 89.16473388671875 295.0 123.84426879882812
vertex 89.16473388671875 264.0 123.84426879882812
endloop
endfacet
facet normal 1.0 -0.0 0.0
outer loop
vertex 89.16473388671875 264.0 119.38839721679688
vertex 89.16473388671875 295.0 111.84426879882812
vertex 89.16473388671875 295.0 123.84426879882812
endloop
endfacet
facet normal -0.0 1.0 0.0
outer loop
vertex 86.92221069335938 295.0 120.28768920898438
vertex 89.16473388671875 295.0 123.84426879882812
vertex 89.16473388671875 295.0 111.84426879882812
endloop
endfacet
facet normal 0.0 -0.0 1.0
outer loop
vertex 89.16473388671875 264.0 123.84426879882812
vertex 89.16473388671875 295.0 123.84426879882812
vertex 88.81326293945312 286.0 123.84426879882812
endloop
endfacet
facet normal 0.0 -1.0 0.0
outer loop
vertex 80.839111328125 286.0 123.84426879882812
vertex 88.81326293945312 286.0 123.84426879882812
vertex 97.22015380859375 286.0 139.65530395507812
endloop
endfacet
facet normal 0.0 -0.0 1.0
outer loop
vertex 88.81326293945312 286.0 123.84426879882812
vertex 89.16473388671875 295.0 123.84426879882812
vertex 88.81326293945312 295.0 123.84426879882812
endloop
endfacet
facet normal 0.0 1.0 0.0
outer loop
vertex 86.92221069335938 295.0 120.28768920898438
vertex 88.81326293945312 295.0 123.84426879882812
vertex 89.16473388671875 295.0 123.84426879882812
endloop
endfacet
facet normal 0.8829475987854999 -4.299545784032403e-06 -0.4694715516199399
outer loop
vertex 86.92221069335938 298.0 120.28768920898438
vertex 97.22015380859375 298.0 139.65530395507812
vertex 88.81326293945312 295.0 123.84426879882812
endloop
endfacet
facet normal 0.8829472606292758 0.0 -0.4694721876184549
outer loop
vertex 88.81326293945312 286.0 123.84426879882812
vertex 88.81326293945312 295.0 123.84426879882812
vertex 97.22015380859375 298.0 139.65530395507812
endloop
endfacet
facet normal 0.0 -0.9999999999999999 0.0
outer loop
vertex 80.839111328125 286.0 123.84426879882812
vertex 97.22015380859375 286.0 139.65530395507812
vertex 78.2125244140625 286.0 150.76840209960938
endloop
endfacet
facet normal 0.0 1.0 0.0
outer loop
vertex 78.2125244140625 298.0 150.76840209960938
vertex 97.22015380859375 298.0 139.65530395507812
vertex 86.92221069335938 298.0 120.28768920898438
endloop
endfacet
facet normal 0.8829472606292759 0.0 -0.46947218761845494
outer loop
vertex 88.81326293945312 286.0 123.84426879882812
vertex 97.22015380859375 298.0 139.65530395507812
vertex 97.22015380859375 286.0 139.65530395507812
endloop
endfacet
facet normal 0.0 -0.9999999999999999 0.0
outer loop
vertex 78.2125244140625 286.0 150.76840209960938
vertex 97.22015380859375 286.0 139.65530395507812
vertex 89.9345703125 286.0 163.25338745117188
endloop
endfacet
facet normal -0.0 1.0 0.0
outer loop
vertex 78.2125244140625 298.0 150.76840209960938
vertex 106.00790405273438 298.0 154.70706176757812
vertex 97.22015380859375 298.0 139.65530395507812
endloop
endfacet
facet normal -0.9945231260123588 0.0 0.10451675380820956
outer loop
vertex 86.18780517578125 261.0 163.64718627929688
vertex 86.34689331054688 261.0 165.16098022460938
vertex 86.34689331054688 261.73181915283203 165.16098022460938
endloop
endfacet
facet normal -0.9945235518702736 8.47562560584181e-06 0.10451270115875336
outer loop
vertex 86.18780517578125 261.0 163.64718627929688
vertex 86.34689331054688 261.73181915283203 165.16098022460938
vertex 86.346923828125 265.31272888183594 165.16098022460938
endloop
endfacet
facet normal 0.0 -1.0 0.0
outer loop
vertex 86.18780517578125 261.0 163.64718627929688
vertex 89.93460083007812 261.0 163.25338745117188
vertex 86.34689331054688 261.0 165.16098022460938
endloop
endfacet
facet normal 0.4694667369233663 0.0 0.8829501587986305
outer loop
vertex 86.34689331054688 261.0 165.16098022460938
vertex 89.93460083007812 261.0 163.25338745117188
vertex 86.34689331054688 261.73181915283203 165.16098022460938
endloop
endfacet
facet normal 0.46946610068083583 -4.000929788462393e-06 0.8829504970809654
outer loop
vertex 86.34689331054688 261.73181915283203 165.16098022460938
vertex 89.93460083007812 261.0 163.25338745117188
vertex 86.346923828125 265.31272888183594 165.16098022460938
endloop
endfacet
facet normal -0.9945210418129222 0.0 0.10453658398541603
outer loop
vertex 86.18780517578125 261.0 163.64718627929688
vertex 86.346923828125 265.31272888183594 165.16098022460938
vertex 86.18780517578125 295.0 163.64718627929688
endloop
endfacet
facet normal -0.10452749128308741 2.7064601344144466e-07 -0.9945219975274507
outer loop
vertex 86.18780517578125 261.0 163.64718627929688
vertex 86.76800537109375 286.0 163.58621215820312
vertex 89.93460083007812 266.7378387451172 163.25338745117188
endloop
endfacet
facet normal -0.8317424623328712 0.0 0.555161666861512
outer loop
vertex 78.2125244140625 298.0 150.76840209960938
vertex 86.76800537109375 286.0 163.58621215820312
vertex 86.76800537109375 295.0 163.58621215820312
endloop
endfacet
facet normal -0.831741772551047 6.382413069932394e-06 0.555162700253635
outer loop
vertex 78.2125244140625 298.0 150.76840209960938
vertex 86.76800537109375 295.0 163.58621215820312
vertex 87.43350219726562 298.0 164.58322143554688
endloop
endfacet
facet normal 0.0 -1.0 0.0
outer loop
vertex 78.2125244140625 286.0 150.76840209960938
vertex 89.9345703125 286.0 163.25338745117188
vertex 86.76800537109375 286.0 163.58621215820312
endloop
endfacet
facet normal -0.10451595692703329 0.0 -0.9945232097581366
outer loop
vertex 86.18780517578125 261.0 163.64718627929688
vertex 86.18780517578125 295.0 163.64718627929688
vertex 86.76800537109375 286.0 163.58621215820312
endloop
endfacet
facet normal -0.9945210418129221 0.0 0.10453658398541602
outer loop
vertex 86.346923828125 265.31272888183594 165.16098022460938
vertex 86.346923828125 295.0 165.16098022460938
vertex 86.18780517578125 295.0 163.64718627929688
endloop
endfacet
facet normal 0.4694729634403971 0.0 0.8829468481162904
outer loop
vertex 86.346923828125 265.31272888183594 165.16098022460938
vertex 89.9345703125 286.0 163.25338745117188
vertex 86.346923828125 295.0 165.16098022460938
endloop
endfacet
facet normal -0.10451595692703329 0.0 -0.9945232097581366
outer loop
vertex 86.76800537109375 286.0 163.58621215820312
vertex 86.18780517578125 295.0 163.64718627929688
vertex 86.76800537109375 295.0 163.58621215820312
endloop
endfacet
facet normal 0.4694809523457819 4.084948138013154e-06 0.8829426002678832
outer loop
vertex 86.346923828125 295.0 165.16098022460938
vertex 89.9345703125 286.0 163.25338745117188
vertex 87.43350219726562 295.0 164.58322143554688
endloop
endfacet
facet normal -0.0 1.0 0.0
outer loop
vertex 86.18780517578125 295.0 163.64718627929688
vertex 87.43350219726562 295.0 164.58322143554688
vertex 86.76800537109375 295.0 163.58621215820312
endloop
endfacet
facet normal -0.0 1.0 0.0
outer loop
vertex 86.18780517578125 295.0 163.64718627929688
vertex 86.346923828125 295.0 165.16098022460938
vertex 87.43350219726562 295.0 164.58322143554688
endloop
endfacet
facet normal -0.8317329047591451 0.0 0.55517598573868
outer loop
vertex 86.76800537109375 295.0 163.58621215820312
vertex 87.43350219726562 295.0 164.58322143554688
vertex 87.43350219726562 295.5516357421875 164.58322143554688
endloop
endfacet
facet normal -0.8317329047591451 0.0 0.55517598573868
outer loop
vertex 86.76800537109375 295.0 163.58621215820312
vertex 87.43350219726562 295.5516357421875 164.58322143554688
vertex 87.43350219726562 298.0 164.58322143554688
endloop
endfacet
facet normal -0.10452708134452227 -0.0 -0.9945220406132765
outer loop
vertex 86.18780517578125 261.0 163.64718627929688
vertex 89.93460083007812 266.7378387451172 163.25338745117188
vertex 89.93460083007812 261.0 163.25338745117188
endloop
endfacet
facet normal 0.46946985016415466 -0.0 0.8829485034739263
outer loop
vertex 86.346923828125 265.31272888183594 165.16098022460938
vertex 89.93460083007812 261.0 163.25338745117188
vertex 89.93460083007812 266.7378387451172 163.25338745117188
endloop
endfacet
facet normal 0.4694696198298744 7.437937836202277e-07 0.8829486259439107
outer loop
vertex 86.346923828125 265.31272888183594 165.16098022460938
vertex 89.93460083007812 266.7378387451172 163.25338745117188
vertex 89.9345703125 286.0 163.25338745117188
endloop
endfacet
facet normal -0.0 1.0 0.0
outer loop
vertex 78.2125244140625 298.0 150.76840209960938
vertex 87.43350219726562 298.0 164.58322143554688
vertex 106.00790405273438 298.0 154.70706176757812
endloop
endfacet
facet normal 0.4694688935912609 -0.00022254311887627993 0.882948984044241
outer loop
vertex 87.43350219726562 295.5516357421875 164.58322143554688
vertex 90.5386962890625 295.5 162.93215942382812
vertex 102.89999389648438 295.5 156.35958862304688
endloop
endfacet
facet normal 0.4694706368349253 0.0 0.8829480851951658
outer loop
vertex 87.43350219726562 295.5516357421875 164.58322143554688
vertex 106.00790405273438 298.0 154.70706176757812
vertex 87.43350219726562 298.0 164.58322143554688
endloop
endfacet
facet normal -0.10453011600006573 -1.6560997175946058e-07 -0.9945217216576948
outer loop
vertex 86.76800537109375 286.0 163.58621215820312
vertex 89.9345703125 286.0 163.25338745117188
vertex 89.93460083007812 266.7378387451172 163.25338745117188
endloop
endfacet
facet normal 0.4694694926569161 0.0 0.8829486935629145
outer loop
vertex 87.43350219726562 295.0 164.58322143554688
vertex 89.9345703125 286.0 163.25338745117188
vertex 87.43350219726562 295.5516357421875 164.58322143554688
endloop
endfacet
facet normal 0.4694751604897251 1.9036831604107548e-06 0.8829456799144118
outer loop
vertex 87.43350219726562 295.5516357421875 164.58322143554688
vertex 89.9345703125 286.0 163.25338745117188
vertex 90.5386962890625 288.5 162.93215942382812
endloop
endfacet
facet normal 0.46947179021757257 -0.0 0.8829474719313191
outer loop
vertex 87.43350219726562 295.5516357421875 164.58322143554688
vertex 90.5386962890625 288.5 162.93215942382812
vertex 90.5386962890625 295.5 162.93215942382812
endloop
endfacet
facet normal 0.8635901020025877 0.0 -0.5041945415443926
outer loop
vertex 97.22015380859375 286.0 139.65530395507812
vertex 97.22015380859375 298.0 139.65530395507812
vertex 106.00790405273438 286.0 154.70706176757812
endloop
endfacet
facet normal 0.8635901020025877 0.0 -0.5041945415443926
outer loop
vertex 97.22015380859375 298.0 139.65530395507812
vertex 106.00790405273438 298.0 154.70706176757812
vertex 106.00790405273438 286.0 154.70706176757812
endloop
endfacet
facet normal 0.0 -1.0 0.0
outer loop
vertex 89.9345703125 286.0 163.25338745117188
vertex 97.22015380859375 286.0 139.65530395507812
vertex 106.00790405273438 286.0 154.70706176757812
endloop
endfacet
facet normal 0.46947081487041536 3.250697077085482e-06 0.8829479905262491
outer loop
vertex 89.9345703125 286.0 163.25338745117188
vertex 106.00790405273438 286.0 154.70706176757812
vertex 90.5386962890625 288.5 162.93215942382812
endloop
endfacet
facet normal 0.46946890518331225 -1.1906282784710856e-05 0.8829490058458771
outer loop
vertex 106.00790405273438 286.0 154.70706176757812
vertex 102.89999389648438 288.5 156.35958862304688
vertex 90.5386962890625 288.5 162.93215942382812
endloop
endfacet
facet normal 0.46946951287558664 1.0937248289950097e-05 0.8829486827447767
outer loop
vertex 87.43350219726562 295.5516357421875 164.58322143554688
vertex 102.89999389648438 295.5 156.35958862304688
vertex 106.00790405273438 298.0 154.70706176757812
endloop
endfacet
facet normal 0.46947637169925116 -0.0 0.882945035897539
outer loop
vertex 106.00790405273438 286.0 154.70706176757812
vertex 106.00790405273438 298.0 154.70706176757812
vertex 102.89999389648438 288.5 156.35958862304688
endloop
endfacet
facet normal 0.4694763716992511 0.0 0.8829450358975389
outer loop
vertex 106.00790405273438 298.0 154.70706176757812
vertex 102.89999389648438 295.5 156.35958862304688
vertex 102.89999389648438 288.5 156.35958862304688
endloop
endfacet
facet normal -0.0 -1.0 -0.0
outer loop
vertex 93.81597900390625 288.5 162.32217407226562
vertex 90.5386962890625 288.5 162.93215942382812
vertex 94.87551879882812 288.5 161.75881958007812
endloop
endfacet
facet normal -0.08092866354077341 -0.9850295596841765 -0.1522081402747623
outer loop
vertex 93.81597900390625 288.5 162.32217407226562
vertex 94.87551879882812 288.5 161.75881958007812
vertex 94.75491333007812 288.1499938964844 164.08804321289062
endloop
endfacet
facet normal -0.0 -1.0 0.0
outer loop
vertex 93.81597900390625 288.5 162.32217407226562
vertex 98.04119873046875 288.5 170.26870727539062
vertex 90.5386962890625 288.5 162.93215942382812
endloop
endfacet
facet normal 0.0 -1.0 -0.0
outer loop
vertex 95.23342895507812 288.5 171.76162719726562
vertex 90.5386962890625 288.5 162.93215942382812
vertex 98.04119873046875 288.5 170.26870727539062
endloop
endfacet
facet normal -0.8829467068513824 0.0 0.46947322911993516
outer loop
vertex 95.23342895507812 288.5 171.76162719726562
vertex 90.5386962890625 295.5 162.93215942382812
vertex 90.5386962890625 288.5 162.93215942382812
endloop
endfacet
facet normal -0.08092866354077341 0.9850295596841765 -0.1522081402747623
outer loop
vertex 93.81597900390625 295.5 162.32217407226562
vertex 94.75491333007812 295.8500061035156 164.08804321289062
vertex 94.87551879882812 295.5 161.75881958007812
endloop
endfacet
facet normal 0.0 1.0 -0.0
outer loop
vertex 93.81597900390625 295.5 162.32217407226562
vertex 90.5386962890625 295.5 162.93215942382812
vertex 95.23342895507812 295.5 171.76162719726562
endloop
endfacet
facet normal -0.8829467068513824 0.0 0.46947322911993516
outer loop
vertex 95.23342895507812 288.5 171.76162719726562
vertex 95.23342895507812 295.5 171.76162719726562
vertex 90.5386962890625 295.5 162.93215942382812
endloop
endfacet
facet normal -0.0 -1.0 -0.0
outer loop
vertex 94.87551879882812 288.5 161.75881958007812
vertex 90.5386962890625 288.5 162.93215942382812
vertex 99.50216674804688 288.5 159.29879760742188
endloop
endfacet
facet normal -0.0 -1.0 -0.0
outer loop
vertex 100.56170654296875 288.5 158.73538208007812
vertex 90.5386962890625 288.5 162.93215942382812
vertex 102.89999389648438 288.5 156.35958862304688
endloop
endfacet
facet normal -0.0 -1.0 -0.0
outer loop
vertex 99.50216674804688 288.5 159.29879760742188
vertex 90.5386962890625 288.5 162.93215942382812
vertex 100.56170654296875 288.5 158.73538208007812
endloop
endfacet
facet normal 0.0 0.9999999999999999 0.0
outer loop
vertex 93.81597900390625 295.5 162.32217407226562
vertex 102.89999389648438 295.5 156.35958862304688
vertex 90.5386962890625 295.5 162.93215942382812
endloop
endfacet
facet normal 0.0 1.0 0.0
outer loop
vertex 93.81597900390625 295.5 162.32217407226562
vertex 94.87551879882812 295.5 161.75881958007812
vertex 102.89999389648438 295.5 156.35958862304688
endloop
endfacet
facet normal -0.08093549890621987 -0.9850295596699797 -0.1522045058241278
outer loop
vertex 99.50216674804688 288.5 159.29879760742188
vertex 100.56170654296875 288.5 158.73538208007812
vertex 100.44110107421875 288.1499938964844 161.06466674804688
endloop
endfacet
facet normal -0.08092654770101423 -0.9850303484114221 -0.152204160868446
outer loop
vertex 100.56170654296875 288.5 158.73538208007812
vertex 101.50064086914062 288.1499938964844 160.50131225585938
vertex 100.44110107421875 288.1499938964844 161.06466674804688
endloop
endfacet
facet normal 0.0 1.0 0.0
outer loop
vertex 94.87551879882812 295.5 161.75881958007812
vertex 99.50216674804688 295.5 159.29879760742188
vertex 102.89999389648438 295.5 156.35958862304688
endloop
endfacet
facet normal 0.0 1.0 0.0
outer loop
vertex 99.50216674804688 295.5 159.29879760742188
vertex 100.56170654296875 295.5 158.73538208007812
vertex 102.89999389648438 295.5 156.35958862304688
endloop
endfacet
facet normal -0.08093549890621987 0.9850295596699797 -0.1522045058241278
outer loop
vertex 99.50216674804688 295.5 159.29879760742188
vertex 100.44110107421875 295.8500061035156 161.06466674804688
vertex 100.56170654296875 295.5 158.73538208007812
endloop
endfacet
facet normal -0.08092654770101423 0.9850303484114221 -0.152204160868446
outer loop
vertex 100.56170654296875 295.5 158.73538208007812
vertex 100.44110107421875 295.8500061035156 161.06466674804688
vertex 101.50064086914062 295.8500061035156 160.50131225585938
endloop
endfacet
facet normal -0.08092866354077341 -0.9850295596841765 -0.1522081402747623
outer loop
vertex 94.87551879882812 288.5 161.75881958007812
vertex 95.814453125 288.1499938964844 163.52468872070312
vertex 94.75491333007812 288.1499938964844 164.08804321289062
endloop
endfacet
facet normal -0.882948832688296 -2.783159443040058e-05 0.4694692301735843
outer loop
vertex 93.81597900390625 288.5 162.32217407226562
vertex 94.75491333007812 288.1499938964844 164.08804321289062
vertex 98.04119873046875 288.5 170.26870727539062
endloop
endfacet
facet normal 0.0 -1.0 0.0
outer loop
vertex 94.75491333007812 288.1499938964844 164.08804321289062
vertex 95.814453125 288.1499938964844 163.52468872070312
vertex 97.57174682617188 288.1499938964844 169.38577270507812
endloop
endfacet
facet normal 0.882948832688296 2.783159443040058e-05 -0.4694692301735843
outer loop
vertex 94.87551879882812 288.5 161.75881958007812
vertex 99.10073852539062 288.5 169.70535278320312
vertex 95.814453125 288.1499938964844 163.52468872070312
endloop
endfacet
facet normal 0.0 -1.0 0.0
outer loop
vertex 95.814453125 288.1499938964844 163.52468872070312
vertex 98.63128662109375 288.1499938964844 168.82241821289062
vertex 97.57174682617188 288.1499938964844 169.38577270507812
endloop
endfacet
facet normal 0.8829489217901609 -2.8916421900559413e-05 -0.46946906253067716
outer loop
vertex 95.814453125 288.1499938964844 163.52468872070312
vertex 99.57022094726562 288.5 170.58828735351562
vertex 98.63128662109375 288.1499938964844 168.82241821289062
endloop
endfacet
facet normal -0.8829489217901609 2.8916421900559413e-05 0.46946906253067716
outer loop
vertex 94.75491333007812 288.1499938964844 164.08804321289062
vertex 97.57174682617188 288.1499938964844 169.38577270507812
vertex 98.51068115234375 288.5 171.15164184570312
endloop
endfacet
facet normal -0.8829401524168273 -0.00039469544140119264 0.4694853900449492
outer loop
vertex 94.75491333007812 288.1499938964844 164.08804321289062
vertex 98.51068115234375 288.5 171.15164184570312
vertex 98.04119873046875 288.5 170.26870727539062
endloop
endfacet
facet normal 0.8829401524168273 0.00039469544140119264 -0.4694853900449492
outer loop
vertex 95.814453125 288.1499938964844 163.52468872070312
vertex 99.10073852539062 288.5 169.70535278320312
vertex 99.57022094726562 288.5 170.58828735351562
endloop
endfacet
facet normal 0.08092866354077341 -0.9850295596841765 0.1522081402747623
outer loop
vertex 97.57174682617188 288.1499938964844 169.38577270507812
vertex 98.63128662109375 288.1499938964844 168.82241821289062
vertex 98.51068115234375 288.5 171.15164184570312
endloop
endfacet
facet normal 0.17434288981755425 -0.9284891947938775 0.32789079267506294
outer loop
vertex 95.23342895507812 288.5 171.76162719726562
vertex 98.04119873046875 288.5 170.26870727539062
vertex 98.15859985351562 288.6000061035156 170.48947143554688
endloop
endfacet
facet normal -0.8829402141634679 0.00012616868821666277 0.4694854228774641
outer loop
vertex 98.04119873046875 288.5 170.26870727539062
vertex 98.51068115234375 288.5 171.15164184570312
vertex 98.15859985351562 288.6000061035156 170.48947143554688
endloop
endfacet
facet normal -0.08092866354077341 0.9850295596841765 -0.1522081402747623
outer loop
vertex 94.87551879882812 295.5 161.75881958007812
vertex 94.75491333007812 295.8500061035156 164.08804321289062
vertex 95.814453125 295.8500061035156 163.52468872070312
endloop
endfacet
facet normal -0.882948832688296 2.783159443040058e-05 0.4694692301735843
outer loop
vertex 93.81597900390625 295.5 162.32217407226562
vertex 98.04119873046875 295.5 170.26870727539062
vertex 94.75491333007812 295.8500061035156 164.08804321289062
endloop
endfacet
facet normal -0.0 1.0 0.0
outer loop
vertex 94.75491333007812 295.8500061035156 164.08804321289062
vertex 97.57174682617188 295.8500061035156 169.38577270507812
vertex 95.814453125 295.8500061035156 163.52468872070312
endloop
endfacet
facet normal 0.882948832688296 -2.783159443040058e-05 -0.4694692301735843
outer loop
vertex 94.87551879882812 295.5 161.75881958007812
vertex 95.814453125 295.8500061035156 163.52468872070312
vertex 99.10073852539062 295.5 169.70535278320312
endloop
endfacet
facet normal -0.0 1.0 0.0
outer loop
vertex 94.87551879882812 295.5 161.75881958007812
vertex 99.10073852539062 295.5 169.70535278320312
vertex 99.50216674804688 295.5 159.29879760742188
endloop
endfacet
facet normal -0.0 1.0 0.0
outer loop
vertex 95.814453125 295.8500061035156 163.52468872070312
vertex 97.57174682617188 295.8500061035156 169.38577270507812
vertex 98.63128662109375 295.8500061035156 168.82241821289062
endloop
endfacet
facet normal 0.8829489217901609 2.8916421900559413e-05 -0.46946906253067716
outer loop
vertex 95.814453125 295.8500061035156 163.52468872070312
vertex 98.63128662109375 295.8500061035156 168.82241821289062
vertex 99.57022094726562 295.5 170.58828735351562
endloop
endfacet
facet normal -0.6454340295772069 0.0 0.7638160206906697
outer loop
vertex 95.23342895507812 288.5 171.76162719726562
vertex 96.87875366210938 289.3000030517578 173.15194702148438
vertex 96.87875366210938 294.6999969482422 173.15194702148438
endloop
endfacet
facet normal -0.6454340295772067 0.0 0.7638160206906697
outer loop
vertex 95.23342895507812 288.5 171.76162719726562
vertex 96.87875366210938 294.6999969482422 173.15194702148438
vertex 95.23342895507812 295.5 171.76162719726562
endloop
endfacet
facet normal -0.0 0.9999999999999999 0.0
outer loop
vertex 93.81597900390625 295.5 162.32217407226562
vertex 95.23342895507812 295.5 171.76162719726562
vertex 98.04119873046875 295.5 170.26870727539062
endloop
endfacet
facet normal -0.8829401524168273 0.00039469544140119264 0.4694853900449492
outer loop
vertex 94.75491333007812 295.8500061035156 164.08804321289062
vertex 98.04119873046875 295.5 170.26870727539062
vertex 98.51068115234375 295.5 171.15164184570312
endloop
endfacet
facet normal -0.8829489217901609 -2.8916421900559413e-05 0.46946906253067716
outer loop
vertex 94.75491333007812 295.8500061035156 164.08804321289062
vertex 98.51068115234375 295.5 171.15164184570312
vertex 97.57174682617188 295.8500061035156 169.38577270507812
endloop
endfacet
facet normal 0.8829401524168273 -0.00039469544140119264 -0.4694853900449492
outer loop
vertex 95.814453125 295.8500061035156 163.52468872070312
vertex 99.57022094726562 295.5 170.58828735351562
vertex 99.10073852539062 295.5 169.70535278320312
endloop
endfacet
facet normal 0.08092866354077341 0.9850295596841765 0.1522081402747623
outer loop
vertex 97.57174682617188 295.8500061035156 169.38577270507812
vertex 98.51068115234375 295.5 171.15164184570312
vertex 98.63128662109375 295.8500061035156 168.82241821289062
endloop
endfacet
facet normal 0.17434288981755425 0.9284891947938775 0.32789079267506294
outer loop
vertex 95.23342895507812 295.5 171.76162719726562
vertex 98.15859985351562 295.3999938964844 170.48947143554688
vertex 98.04119873046875 295.5 170.26870727539062
endloop
endfacet
facet normal 0.17435508511977005 0.928476653339416 0.3279198202251819
outer loop
vertex 95.23342895507812 295.5 171.76162719726562
vertex 96.87875366210938 294.6999969482422 173.15194702148438
vertex 98.15859985351562 295.3999938964844 170.48947143554688
endloop
endfacet
facet normal -0.8829402141634679 -0.00012616868821666277 0.4694854228774641
outer loop
vertex 98.04119873046875 295.5 170.26870727539062
vertex 98.15859985351562 295.3999938964844 170.48947143554688
vertex 98.51068115234375 295.5 171.15164184570312
endloop
endfacet
facet normal 0.174384098292979 0.9284671603166919 0.3279312709639067
outer loop
vertex 96.87875366210938 294.6999969482422 173.15194702148438
vertex 99.21810913085938 295.3999938964844 169.92605590820312
vertex 98.15859985351562 295.3999938964844 170.48947143554688
endloop
endfacet
facet normal 0.0 -1.0 0.0
outer loop
vertex 94.87551879882812 288.5 161.75881958007812
vertex 99.50216674804688 288.5 159.29879760742188
vertex 103.72738647460938 288.5 167.24526977539062
endloop
endfacet
facet normal 0.0 -1.0 0.0
outer loop
vertex 94.87551879882812 288.5 161.75881958007812
vertex 103.72738647460938 288.5 167.24526977539062
vertex 99.10073852539062 288.5 169.70535278320312
endloop
endfacet
facet normal -0.882947338282264 -9.638938080628098e-06 0.4694720414756942
outer loop
vertex 99.50216674804688 288.5 159.29879760742188
vertex 100.44110107421875 288.1499938964844 161.06466674804688
vertex 103.72738647460938 288.5 167.24526977539062
endloop
endfacet
facet normal 0.08092866354077341 -0.9850295596841765 0.1522081402747623
outer loop
vertex 98.63128662109375 288.1499938964844 168.82241821289062
vertex 99.57022094726562 288.5 170.58828735351562
vertex 98.51068115234375 288.5 171.15164184570312
endloop
endfacet
facet normal 0.8829402121296821 -0.00014326683606836742 -0.46948542179604
outer loop
vertex 99.10073852539062 288.5 169.70535278320312
vertex 99.21810913085938 288.6000061035156 169.92605590820312
vertex 99.57022094726562 288.5 170.58828735351562
endloop
endfacet
facet normal 0.882949189538135 0.0 -0.46946855985672814
outer loop
vertex 99.21810913085938 288.6000061035156 169.92605590820312
vertex 99.57022094726562 288.6000061035156 170.58828735351562
vertex 99.57022094726562 288.5 170.58828735351562
endloop
endfacet
facet normal -0.8829481199481272 0.0 0.4694705714739397
outer loop
vertex 98.15859985351562 288.6000061035156 170.48947143554688
vertex 98.51068115234375 288.5 171.15164184570312
vertex 98.51068115234375 288.6000061035156 171.15164184570312
endloop
endfacet
facet normal -0.0 1.0 0.0
outer loop
vertex 98.15859985351562 288.6000061035156 170.48947143554688
vertex 98.51068115234375 288.6000061035156 171.15164184570312
vertex 99.21810913085938 288.6000061035156 169.92605590820312
endloop
endfacet
facet normal 0.4694632405567484 0.0 0.882952017816346
outer loop
vertex 98.51068115234375 288.5 171.15164184570312
vertex 99.57022094726562 288.6000061035156 170.58828735351562
vertex 98.51068115234375 288.6000061035156 171.15164184570312
endloop
endfacet
facet normal 0.0 1.0 0.0
outer loop
vertex 98.51068115234375 288.6000061035156 171.15164184570312
vertex 99.57022094726562 288.6000061035156 170.58828735351562
vertex 99.21810913085938 288.6000061035156 169.92605590820312
endloop
endfacet
facet normal 0.4694632405567484 -0.0 0.882952017816346
outer loop
vertex 98.51068115234375 288.5 171.15164184570312
vertex 99.57022094726562 288.5 170.58828735351562
vertex 99.57022094726562 288.6000061035156 170.58828735351562
endloop
endfacet
facet normal 0.1743831262670235 -0.9284542478523098 0.3279683443845474
outer loop
vertex 99.10073852539062 288.5 169.70535278320312
vertex 103.84475708007812 288.6000061035156 167.46603393554688
vertex 99.21810913085938 288.6000061035156 169.92605590820312
endloop
endfacet
facet normal -0.882947338282264 9.638938080628098e-06 0.4694720414756942
outer loop
vertex 99.50216674804688 295.5 159.29879760742188
vertex 103.72738647460938 295.5 167.24526977539062
vertex 100.44110107421875 295.8500061035156 161.06466674804688
endloop
endfacet
facet normal -0.0 0.9999999999999999 -0.0
outer loop
vertex 99.50216674804688 295.5 159.29879760742188
vertex 99.10073852539062 295.5 169.70535278320312
vertex 103.72738647460938 295.5 167.24526977539062
endloop
endfacet
facet normal 0.08092866354077341 0.9850295596841765 0.1522081402747623
outer loop
vertex 98.63128662109375 295.8500061035156 168.82241821289062
vertex 98.51068115234375 295.5 171.15164184570312
vertex 99.57022094726562 295.5 170.58828735351562
endloop
endfacet
facet normal 0.0 -1.0 0.0
outer loop
vertex 98.15859985351562 295.3999938964844 170.48947143554688
vertex 99.21810913085938 295.3999938964844 169.92605590820312
vertex 99.57022094726562 295.3999938964844 170.58828735351562
endloop
endfacet
facet normal 0.8829402121296821 0.00014326683606836742 -0.46948542179604
outer loop
vertex 99.10073852539062 295.5 169.70535278320312
vertex 99.57022094726562 295.5 170.58828735351562
vertex 99.21810913085938 295.3999938964844 169.92605590820312
endloop
endfacet
facet normal 0.882949189538135 0.0 -0.46946855985672814
outer loop
vertex 99.21810913085938 295.3999938964844 169.92605590820312
vertex 99.57022094726562 295.5 170.58828735351562
vertex 99.57022094726562 295.3999938964844 170.58828735351562
endloop
endfacet
facet normal -0.8829481199481272 0.0 0.4694705714739397
outer loop
vertex 98.15859985351562 295.3999938964844 170.48947143554688
vertex 98.51068115234375 295.3999938964844 171.15164184570312
vertex 98.51068115234375 295.5 171.15164184570312
endloop
endfacet
facet normal 0.0 -1.0 0.0
outer loop
vertex 98.15859985351562 295.3999938964844 170.48947143554688
vertex 99.57022094726562 295.3999938964844 170.58828735351562
vertex 98.51068115234375 295.3999938964844 171.15164184570312
endloop
endfacet
facet normal 0.4694632405567484 0.0 0.882952017816346
outer loop
vertex 98.51068115234375 295.3999938964844 171.15164184570312
vertex 99.57022094726562 295.3999938964844 170.58828735351562
vertex 98.51068115234375 295.5 171.15164184570312
endloop
endfacet
facet normal 0.4694632405567484 -0.0 0.882952017816346
outer loop
vertex 98.51068115234375 295.5 171.15164184570312
vertex 99.57022094726562 295.3999938964844 170.58828735351562
vertex 99.57022094726562 295.5 170.58828735351562
endloop
endfacet
facet normal 0.17436944278443353 -0.9284618865149957 0.3279539948103412
outer loop
vertex 95.23342895507812 288.5 171.76162719726562
vertex 98.15859985351562 288.6000061035156 170.48947143554688
vertex 107.82730102539062 289.3000030517578 167.33047485351562
endloop
endfacet
facet normal 0.17435748084908184 -0.9284771116290409 0.32791724878840367
outer loop
vertex 95.23342895507812 288.5 171.76162719726562
vertex 107.82730102539062 289.3000030517578 167.33047485351562
vertex 96.87875366210938 289.3000030517578 173.15194702148438
endloop
endfacet
facet normal 0.46947321451734497 0.0 0.8829467146157525
outer loop
vertex 96.87875366210938 289.3000030517578 173.15194702148438
vertex 107.82730102539062 289.3000030517578 167.33047485351562
vertex 96.87875366210938 294.6999969482422 173.15194702148438
endloop
endfacet
facet normal 0.17438649913058069 0.9284542479440377 0.327966550726825
outer loop
vertex 99.10073852539062 295.5 169.70535278320312
vertex 99.21810913085938 295.3999938964844 169.92605590820312
vertex 103.72738647460938 295.5 167.24526977539062
endloop
endfacet
facet normal 0.17435285269205475 0.9284800436049445 0.3279114078306867
outer loop
vertex 96.87875366210938 294.6999969482422 173.15194702148438
vertex 103.84475708007812 295.3999938964844 167.46603393554688
vertex 99.21810913085938 295.3999938964844 169.92605590820312
endloop
endfacet
facet normal 0.8829488317412085 -5.403591447904332e-05 -0.4694692296700122
outer loop
vertex 100.56170654296875 288.5 158.73538208007812
vertex 104.78692626953125 288.5 166.68191528320312
vertex 101.50064086914062 288.1499938964844 160.50131225585938
endloop
endfacet
facet normal 0.0 -1.0 0.0
outer loop
vertex 100.56170654296875 288.5 158.73538208007812
vertex 102.89999389648438 288.5 156.35958862304688
vertex 107.59469604492188 288.5 165.18899536132812
endloop
endfacet
facet normal 0.8829488317412085 5.403591447904332e-05 -0.4694692296700122
outer loop
vertex 100.56170654296875 295.5 158.73538208007812
vertex 101.50064086914062 295.8500061035156 160.50131225585938
vertex 104.78692626953125 295.5 166.68191528320312
endloop
endfacet
facet normal 0.8829466266189434 0.0 -0.4694733800144883
outer loop
vertex 107.59469604492188 295.5 165.18899536132812
vertex 102.89999389648438 288.5 156.35958862304688
vertex 102.89999389648438 295.5 156.35958862304688
endloop
endfacet
facet normal -0.0 1.0 0.0
outer loop
vertex 100.56170654296875 295.5 158.73538208007812
vertex 107.59469604492188 295.5 165.18899536132812
vertex 102.89999389648438 295.5 156.35958862304688
endloop
endfacet
facet normal 0.8829466266189434 0.0 -0.4694733800144883
outer loop
vertex 107.59469604492188 288.5 165.18899536132812
vertex 102.89999389648438 288.5 156.35958862304688
vertex 107.59469604492188 295.5 165.18899536132812
endloop
endfacet
facet normal 0.0 -1.0 0.0
outer loop
vertex 100.44110107421875 288.1499938964844 161.06466674804688
vertex 101.50064086914062 288.1499938964844 160.50131225585938
vertex 103.2579345703125 288.1499938964844 166.36233520507812
endloop
endfacet
facet normal 0.0 -1.0 0.0
outer loop
vertex 101.50064086914062 288.1499938964844 160.50131225585938
vertex 104.31747436523438 288.1499938964844 165.79898071289062
vertex 103.2579345703125 288.1499938964844 166.36233520507812
endloop
endfacet
facet normal -0.8829466772649076 -8.02406425695647e-05 0.4694732779065262
outer loop
vertex 100.44110107421875 288.1499938964844 161.06466674804688
vertex 103.2579345703125 288.1499938964844 166.36233520507812
vertex 104.19686889648438 288.5 168.12826538085938
endloop
endfacet
facet normal -0.8829536434509149 0.0002602371960332239 0.4694601109714825
outer loop
vertex 100.44110107421875 288.1499938964844 161.06466674804688
vertex 104.19686889648438 288.5 168.12826538085938
vertex 103.72738647460938 288.5 167.24526977539062
endloop
endfacet
facet normal 0.8829466772649076 8.02406425695647e-05 -0.4694732779065262
outer loop
vertex 101.50064086914062 288.1499938964844 160.50131225585938
vertex 105.25640869140625 288.5 167.56491088867188
vertex 104.31747436523438 288.1499938964844 165.79898071289062
endloop
endfacet
facet normal 0.8829536434509149 -0.0002602371960332239 -0.4694601109714825
outer loop
vertex 101.50064086914062 288.1499938964844 160.50131225585938
vertex 104.78692626953125 288.5 166.68191528320312
vertex 105.25640869140625 288.5 167.56491088867188
endloop
endfacet
facet normal 0.0 -0.9999999999999999 0.0
outer loop
vertex 100.56170654296875 288.5 158.73538208007812
vertex 107.59469604492188 288.5 165.18899536132812
vertex 104.78692626953125 288.5 166.68191528320312
endloop
endfacet
facet normal 0.08092654770101423 -0.9850303484114221 0.152204160868446
outer loop
vertex 103.2579345703125 288.1499938964844 166.36233520507812
vertex 104.31747436523438 288.1499938964844 165.79898071289062
vertex 104.19686889648438 288.5 168.12826538085938
endloop
endfacet
facet normal -0.8829536710841003 -7.162955838630588e-05 0.46946012566384876
outer loop
vertex 103.72738647460938 288.5 167.24526977539062
vertex 104.19686889648438 288.5 168.12826538085938
vertex 103.84475708007812 288.6000061035156 167.46603393554688
endloop
endfacet
facet normal -0.0 1.0 0.0
outer loop
vertex 103.84475708007812 288.6000061035156 167.46603393554688
vertex 104.19686889648438 288.6000061035156 168.12826538085938
vertex 104.904296875 288.6000061035156 166.90267944335938
endloop
endfacet
facet normal 0.08092654770101423 -0.9850303484114221 0.152204160868446
outer loop
vertex 104.31747436523438 288.1499938964844 165.79898071289062
vertex 105.25640869140625 288.5 167.56491088867188
vertex 104.19686889648438 288.5 168.12826538085938
endloop
endfacet
facet normal 0.8829536710841003 7.162955838630588e-05 -0.46946012566384876
outer loop
vertex 104.78692626953125 288.5 166.68191528320312
vertex 104.904296875 288.6000061035156 166.90267944335938
vertex 105.25640869140625 288.5 167.56491088867188
endloop
endfacet
facet normal 0.0 1.0 0.0
outer loop
vertex 104.19686889648438 288.6000061035156 168.12826538085938
vertex 105.25640869140625 288.6000061035156 167.56491088867188
vertex 104.904296875 288.6000061035156 166.90267944335938
endloop
endfacet
facet normal 0.17435409635392254 -0.9284818572345364 0.327905611222061
outer loop
vertex 99.10073852539062 288.5 169.70535278320312
vertex 103.72738647460938 288.5 167.24526977539062
vertex 103.84475708007812 288.6000061035156 167.46603393554688
endloop
endfacet
facet normal -0.882949189538135 0.0 0.46946855985672814
outer loop
vertex 103.84475708007812 288.6000061035156 167.46603393554688
vertex 104.19686889648438 288.5 168.12826538085938
vertex 104.19686889648438 288.6000061035156 168.12826538085938
endloop
endfacet
facet normal 0.4694632405567484 0.0 0.882952017816346
outer loop
vertex 104.19686889648438 288.5 168.12826538085938
vertex 105.25640869140625 288.6000061035156 167.56491088867188
vertex 104.19686889648438 288.6000061035156 168.12826538085938
endloop
endfacet
facet normal 0.4694632405567484 -0.0 0.882952017816346
outer loop
vertex 104.19686889648438 288.5 168.12826538085938
vertex 105.25640869140625 288.5 167.56491088867188
vertex 105.25640869140625 288.6000061035156 167.56491088867188
endloop
endfacet
facet normal -0.0 1.0 0.0
outer loop
vertex 100.44110107421875 295.8500061035156 161.06466674804688
vertex 103.2579345703125 295.8500061035156 166.36233520507812
vertex 101.50064086914062 295.8500061035156 160.50131225585938
endloop
endfacet
facet normal -0.0 1.0 0.0
outer loop
vertex 101.50064086914062 295.8500061035156 160.50131225585938
vertex 103.2579345703125 295.8500061035156 166.36233520507812
vertex 104.31747436523438 295.8500061035156 165.79898071289062
endloop
endfacet
facet normal -0.8829536434509149 -0.0002602371960332239 0.4694601109714825
outer loop
vertex 100.44110107421875 295.8500061035156 161.06466674804688
vertex 103.72738647460938 295.5 167.24526977539062
vertex 104.19686889648438 295.5 168.12826538085938
endloop
endfacet
facet normal -0.8829466772649076 8.02406425695647e-05 0.4694732779065262
outer loop
vertex 100.44110107421875 295.8500061035156 161.06466674804688
vertex 104.19686889648438 295.5 168.12826538085938
vertex 103.2579345703125 295.8500061035156 166.36233520507812
endloop
endfacet
facet normal 0.8829536434509149 0.0002602371960332239 -0.4694601109714825
outer loop
vertex 101.50064086914062 295.8500061035156 160.50131225585938
vertex 105.25640869140625 295.5 167.56491088867188
vertex 104.78692626953125 295.5 166.68191528320312
endloop
endfacet
facet normal 0.8829466772649076 -8.02406425695647e-05 -0.4694732779065262
outer loop
vertex 101.50064086914062 295.8500061035156 160.50131225585938
vertex 104.31747436523438 295.8500061035156 165.79898071289062
vertex 105.25640869140625 295.5 167.56491088867188
endloop
endfacet
facet normal -0.0 0.9999999999999999 0.0
outer loop
vertex 100.56170654296875 295.5 158.73538208007812
vertex 104.78692626953125 295.5 166.68191528320312
vertex 107.59469604492188 295.5 165.18899536132812
endloop
endfacet
facet normal -0.8829536710841003 7.162955838630588e-05 0.46946012566384876
outer loop
vertex 103.84475708007812 295.3999938964844 167.46603393554688
vertex 104.19686889648438 295.5 168.12826538085938
vertex 103.72738647460938 295.5 167.24526977539062
endloop
endfacet
facet normal 0.08092654770101423 0.9850303484114221 0.152204160868446
outer loop
vertex 103.2579345703125 295.8500061035156 166.36233520507812
vertex 104.19686889648438 295.5 168.12826538085938
vertex 104.31747436523438 295.8500061035156 165.79898071289062
endloop
endfacet
facet normal 0.08092654770101423 0.9850303484114221 0.152204160868446
outer loop
vertex 104.31747436523438 295.8500061035156 165.79898071289062
vertex 104.19686889648438 295.5 168.12826538085938
vertex 105.25640869140625 295.5 167.56491088867188
endloop
endfacet
facet normal 0.0 -1.0 0.0
outer loop
vertex 103.84475708007812 295.3999938964844 167.46603393554688
vertex 105.25640869140625 295.3999938964844 167.56491088867188
vertex 104.19686889648438 295.3999938964844 168.12826538085938
endloop
endfacet
facet normal 0.8829536710841003 -7.162955838630588e-05 -0.46946012566384876
outer loop
vertex 104.904296875 295.3999938964844 166.90267944335938
vertex 104.78692626953125 295.5 166.68191528320312
vertex 105.25640869140625 295.5 167.56491088867188
endloop
endfacet
facet normal 0.0 -1.0 0.0
outer loop
vertex 103.84475708007812 295.3999938964844 167.46603393554688
vertex 104.904296875 295.3999938964844 166.90267944335938
vertex 105.25640869140625 295.3999938964844 167.56491088867188
endloop
endfacet
facet normal 0.17433558549070874 -0.9285084870016045 0.32784004209004586
outer loop
vertex 98.15859985351562 288.6000061035156 170.48947143554688
vertex 99.21810913085938 288.6000061035156 169.92605590820312
vertex 107.82730102539062 289.3000030517578 167.33047485351562
endloop
endfacet
facet normal 0.1743507239399028 0.9284818572937962 0.327907404213285
outer loop
vertex 99.21810913085938 295.3999938964844 169.92605590820312
vertex 103.84475708007812 295.3999938964844 167.46603393554688
vertex 103.72738647460938 295.5 167.24526977539062
endloop
endfacet
facet normal 0.17434452050199775 0.9284849979173727 0.3279018097133727
outer loop
vertex 96.87875366210938 294.6999969482422 173.15194702148438
vertex 104.904296875 295.3999938964844 166.90267944335938
vertex 103.84475708007812 295.3999938964844 167.46603393554688
endloop
endfacet
facet normal 0.17436207657100966 0.9284741669824275 0.32792314267238404
outer loop
vertex 96.87875366210938 294.6999969482422 173.15194702148438
vertex 107.59469604492188 295.5 165.18899536132812
vertex 104.904296875 295.3999938964844 166.90267944335938
endloop
endfacet
facet normal 0.17435670760042077 -0.928476759172095 0.3279186578894603
outer loop
vertex 99.21810913085938 288.6000061035156 169.92605590820312
vertex 103.84475708007812 288.6000061035156 167.46603393554688
vertex 107.82730102539062 289.3000030517578 167.33047485351562
endloop
endfacet
facet normal 0.46947321451734497 -0.0 0.8829467146157525
outer loop
vertex 96.87875366210938 294.6999969482422 173.15194702148438
vertex 107.82730102539062 289.3000030517578 167.33047485351562
vertex 107.82730102539062 294.6999969482422 167.33047485351562
endloop
endfacet
facet normal -0.882949189538135 0.0 0.46946855985672814
outer loop
vertex 103.84475708007812 295.3999938964844 167.46603393554688
vertex 104.19686889648438 295.3999938964844 168.12826538085938
vertex 104.19686889648438 295.5 168.12826538085938
endloop
endfacet
facet normal 0.17435748913525698 0.9284771045690868 0.3279172643723622
outer loop
vertex 96.87875366210938 294.6999969482422 173.15194702148438
vertex 107.82730102539062 294.6999969482422 167.33047485351562
vertex 107.59469604492188 295.5 165.18899536132812
endloop
endfacet
facet normal 0.4694632405567484 0.0 0.882952017816346
outer loop
vertex 104.19686889648438 295.3999938964844 168.12826538085938
vertex 105.25640869140625 295.3999938964844 167.56491088867188
vertex 104.19686889648438 295.5 168.12826538085938
endloop
endfacet
facet normal 0.4694632405567484 -0.0 0.882952017816346
outer loop
vertex 104.19686889648438 295.5 168.12826538085938
vertex 105.25640869140625 295.3999938964844 167.56491088867188
vertex 105.25640869140625 295.5 167.56491088867188
endloop
endfacet
facet normal 0.17435150230557514 -0.928481857281321 0.32790699038480053
outer loop
vertex 104.78692626953125 288.5 166.68191528320312
vertex 107.59469604492188 288.5 165.18899536132812
vertex 104.904296875 288.6000061035156 166.90267944335938
endloop
endfacet
facet normal 0.882949189538135 0.0 -0.46946855985672814
outer loop
vertex 104.904296875 288.6000061035156 166.90267944335938
vertex 105.25640869140625 288.6000061035156 167.56491088867188
vertex 105.25640869140625 288.5 167.56491088867188
endloop
endfacet
facet normal 0.1743565507666624 -0.928474747942764 0.327924435864992
outer loop
vertex 103.84475708007812 288.6000061035156 167.46603393554688
vertex 104.904296875 288.6000061035156 166.90267944335938
vertex 107.82730102539062 289.3000030517578 167.33047485351562
endloop
endfacet
facet normal 0.17435150230557514 0.928481857281321 0.32790699038480053
outer loop
vertex 104.904296875 295.3999938964844 166.90267944335938
vertex 107.59469604492188 295.5 165.18899536132812
vertex 104.78692626953125 295.5 166.68191528320312
endloop
endfacet
facet normal 0.882949189538135 0.0 -0.46946855985672814
outer loop
vertex 104.904296875 295.3999938964844 166.90267944335938
vertex 105.25640869140625 295.5 167.56491088867188
vertex 105.25640869140625 295.3999938964844 167.56491088867188
endloop
endfacet
facet normal 0.17435815901651006 -0.9284770161379715 0.32791715857500164
outer loop
vertex 104.904296875 288.6000061035156 166.90267944335938
vertex 107.59469604492188 288.5 165.18899536132812
vertex 107.82730102539062 289.3000030517578 167.33047485351562
endloop
endfacet
facet normal 0.9941526654992479 0.0 -0.10798369173509757
outer loop
vertex 107.59469604492188 288.5 165.18899536132812
vertex 107.59469604492188 295.5 165.18899536132812
vertex 107.82730102539062 289.3000030517578 167.33047485351562
endloop
endfacet
facet normal 0.9941526654992479 0.0 -0.10798369173509759
outer loop
vertex 107.82730102539062 289.3000030517578 167.33047485351562
vertex 107.59469604492188 295.5 165.18899536132812
vertex 107.82730102539062 294.6999969482422 167.33047485351562
endloop
endfacet

endsolid
