solid 
facet normal -0.469477034004427 0.0 -0.8829446837386847
outer loop
vertex 374.9124755859375 -146.8000030517578 631.16845703125
vertex 372.0721435546875 -149.0 632.6787109375
vertex 372.0721435546875 -137.0 632.6787109375
endloop
endfacet
facet normal -0.469477034004427 0.0 -0.8829446837386847
outer loop
vertex 374.9124755859375 -146.8000030517578 631.16845703125
vertex 372.0721435546875 -137.0 632.6787109375
vertex 374.9124755859375 -139.1999969482422 631.16845703125
endloop
endfacet
facet normal -0.4694691056040364 -1.3129928523837402e-05 -0.882948899263684
outer loop
vertex 374.9124755859375 -146.8000030517578 631.16845703125
vertex 387.80352783203125 -146.8000030517578 624.314208984375
vertex 372.0721435546875 -149.0 632.6787109375
endloop
endfacet
facet normal 0.0 -1.0 0.0
outer loop
vertex 372.0721435546875 -149.0 632.6787109375
vertex 392.90411376953125 -149.0 626.6693115234375
vertex 375.0257873535156 -149.0 637.1038818359375
endloop
endfacet
facet normal -0.4694706368085794 1.059417305092094e-05 -0.8829480851456163
outer loop
vertex 374.9124755859375 -139.1999969482422 631.16845703125
vertex 372.0721435546875 -137.0 632.6787109375
vertex 390.64654541015625 -137.0 622.8025512695312
endloop
endfacet
facet normal -0.0 1.0 0.0
outer loop
vertex 372.0721435546875 -137.0 632.6787109375
vertex 375.0257873535156 -137.0 637.1038818359375
vertex 392.90411376953125 -137.0 626.6693115234375
endloop
endfacet
facet normal -0.8317439530314021 0.0 0.5551594334924848
outer loop
vertex 372.0721435546875 -149.0 632.6787109375
vertex 375.0257873535156 -137.0 637.1038818359375
vertex 372.0721435546875 -137.0 632.6787109375
endloop
endfacet
facet normal -0.8317439530314021 0.0 0.5551594334924848
outer loop
vertex 372.0721435546875 -149.0 632.6787109375
vertex 375.0257873535156 -149.0 637.1038818359375
vertex 375.0257873535156 -137.0 637.1038818359375
endloop
endfacet
facet normal 0.8829480406972704 0.0 -0.4694707205234968
outer loop
vertex 374.9124755859375 -146.8000030517578 631.16845703125
vertex 374.9124755859375 -139.1999969482422 631.16845703125
vertex 380.6869812011719 -139.1999969482422 642.0287475585938
endloop
endfacet
facet normal 0.8829480406972704 0.0 -0.4694707205234968
outer loop
vertex 374.9124755859375 -146.8000030517578 631.16845703125
vertex 380.6869812011719 -139.1999969482422 642.0287475585938
vertex 380.6869812011719 -146.8000030517578 642.0287475585938
endloop
endfacet
facet normal -0.4694707309216733 1.777472768702812e-06 -0.8829480351666856
outer loop
vertex 372.0721435546875 -149.0 632.6787109375
vertex 387.80352783203125 -146.8000030517578 624.314208984375
vertex 390.64654541015625 -147.73883056640625 622.8025512695312
endloop
endfacet
facet normal -0.4694706368349253 -0.0 -0.8829480851951658
outer loop
vertex 372.0721435546875 -149.0 632.6787109375
vertex 390.64654541015625 -147.73883056640625 622.8025512695312
vertex 390.64654541015625 -149.0 622.8025512695312
endloop
endfacet
facet normal 0.0 -1.0 0.0
outer loop
vertex 372.0721435546875 -149.0 632.6787109375
vertex 390.64654541015625 -149.0 622.8025512695312
vertex 392.90411376953125 -149.0 626.6693115234375
endloop
endfacet
facet normal -0.4694691056417052 -3.452625629438533e-06 -0.8829488993345292
outer loop
vertex 374.9124755859375 -139.1999969482422 631.16845703125
vertex 390.64654541015625 -137.0 622.8025512695312
vertex 387.80352783203125 -139.1999969482422 624.314208984375
endloop
endfacet
facet normal 0.0 1.0 0.0
outer loop
vertex 372.0721435546875 -137.0 632.6787109375
vertex 392.90411376953125 -137.0 626.6693115234375
vertex 390.64654541015625 -137.0 622.8025512695312
endloop
endfacet
facet normal 0.0 -1.0 0.0
outer loop
vertex 374.9124755859375 -139.1999969482422 631.16845703125
vertex 387.80352783203125 -139.1999969482422 624.314208984375
vertex 393.5780334472656 -139.1999969482422 635.1744384765625
endloop
endfacet
facet normal -0.46947118851537 0.0 -0.8829477918619911
outer loop
vertex 387.80352783203125 -146.8000030517578 624.314208984375
vertex 387.80352783203125 -139.1999969482422 624.314208984375
vertex 390.64654541015625 -147.73883056640625 622.8025512695312
endloop
endfacet
facet normal -0.46947118851536995 -0.0 -0.882947791861991
outer loop
vertex 387.80352783203125 -139.1999969482422 624.314208984375
vertex 390.64654541015625 -137.0 622.8025512695312
vertex 390.64654541015625 -147.73883056640625 622.8025512695312
endloop
endfacet
facet normal -0.8829469470087787 0.0 0.46947277745134175
outer loop
vertex 387.80352783203125 -146.8000030517578 624.314208984375
vertex 393.5780334472656 -146.8000030517578 635.1744384765625
vertex 387.80352783203125 -139.1999969482422 624.314208984375
endloop
endfacet
facet normal -0.0 1.0 0.0
outer loop
vertex 374.9124755859375 -146.8000030517578 631.16845703125
vertex 380.6869812011719 -146.8000030517578 642.0287475585938
vertex 387.80352783203125 -146.8000030517578 624.314208984375
endloop
endfacet
facet normal 0.0 -1.0 0.0
outer loop
vertex 374.9124755859375 -139.1999969482422 631.16845703125
vertex 393.5780334472656 -139.1999969482422 635.1744384765625
vertex 380.6869812011719 -139.1999969482422 642.0287475585938
endloop
endfacet
facet normal 0.0 -0.9999999999999999 0.0
outer loop
vertex 375.0257873535156 -149.0 637.1038818359375
vertex 392.90411376953125 -149.0 626.6693115234375
vertex 388.7874755859375 -149.0 654.1204223632812
endloop
endfacet
facet normal -0.4694723647402702 0.0 -0.8829471664517524
outer loop
vertex 380.6869812011719 -146.8000030517578 642.0287475585938
vertex 380.6869812011719 -139.1999969482422 642.0287475585938
vertex 393.5780334472656 -139.1999969482422 635.1744384765625
endloop
endfacet
facet normal -0.0 0.9999999999999999 0.0
outer loop
vertex 375.0257873535156 -137.0 637.1038818359375
vertex 388.7874755859375 -137.0 654.1204223632812
vertex 392.90411376953125 -137.0 626.6693115234375
endloop
endfacet
facet normal -0.0 1.0 -0.0
outer loop
vertex 387.80352783203125 -146.8000030517578 624.314208984375
vertex 380.6869812011719 -146.8000030517578 642.0287475585938
vertex 393.5780334472656 -146.8000030517578 635.1744384765625
endloop
endfacet
facet normal -0.4694723647402702 -0.0 -0.8829471664517524
outer loop
vertex 380.6869812011719 -146.8000030517578 642.0287475585938
vertex 393.5780334472656 -139.1999969482422 635.1744384765625
vertex 393.5780334472656 -146.8000030517578 635.1744384765625
endloop
endfacet
facet normal -0.7775488317373611 0.0 0.6288225618279492
outer loop
vertex 375.0257873535156 -149.0 637.1038818359375
vertex 388.7874755859375 -137.0 654.1204223632812
vertex 375.0257873535156 -137.0 637.1038818359375
endloop
endfacet
facet normal -0.7775488317373611 0.0 0.6288225618279492
outer loop
vertex 375.0257873535156 -149.0 637.1038818359375
vertex 388.7874755859375 -149.0 654.1204223632812
vertex 388.7874755859375 -137.0 654.1204223632812
endloop
endfacet
facet normal -0.715782800497416 0.0 0.6983229786510511
outer loop
vertex 388.7874755859375 -149.0 654.1204223632812
vertex 390.3119812011719 -146.0 655.6830444335938
vertex 388.7874755859375 -137.0 654.1204223632812
endloop
endfacet
facet normal -0.715782800497416 0.0 0.6983229786510511
outer loop
vertex 390.3119812011719 -146.0 655.6830444335938
vertex 390.3119812011719 -137.0 655.6830444335938
vertex 388.7874755859375 -137.0 654.1204223632812
endloop
endfacet
facet normal -0.24189868853814148 -0.0 -0.9703015121515204
outer loop
vertex 389.272705078125 -146.0 655.942138671875
vertex 390.3119812011719 -137.0 655.6830444335938
vertex 390.3119812011719 -146.0 655.6830444335938
endloop
endfacet
facet normal -0.24189868853814148 0.0 -0.9703015121515204
outer loop
vertex 389.272705078125 -146.0 655.942138671875
vertex 389.272705078125 -112.0 655.942138671875
vertex 390.3119812011719 -137.0 655.6830444335938
endloop
endfacet
facet normal -0.9702962007573123 0.0 0.2419199925511026
outer loop
vertex 389.272705078125 -146.0 655.942138671875
vertex 390.3619689941406 -115.0 660.3109741210938
vertex 389.272705078125 -112.0 655.942138671875
endloop
endfacet
facet normal -0.9702948942343098 -7.84404650500421e-07 0.24192523271088193
outer loop
vertex 389.272705078125 -146.0 655.942138671875
vertex 391.7167663574219 -115.0 665.7446899414062
vertex 390.3619689941406 -115.0 660.3109741210938
endloop
endfacet
facet normal -0.9702962007573123 0.0 0.24191999255110258
outer loop
vertex 389.272705078125 -112.0 655.942138671875
vertex 390.3619689941406 -115.0 660.3109741210938
vertex 390.3619689941406 -112.0 660.3109741210938
endloop
endfacet
facet normal 0.0 0.0 -1.0
outer loop
vertex 387.75634765625 -115.0 660.3109741210938
vertex 390.3619689941406 -112.0 660.3109741210938
vertex 390.3619689941406 -115.0 660.3109741210938
endloop
endfacet
facet normal 0.0 0.0 -1.0
outer loop
vertex 387.75634765625 -115.0 660.3109741210938
vertex 387.75634765625 -7.0 660.3109741210938
vertex 390.3619689941406 -112.0 660.3109741210938
endloop
endfacet
facet normal -0.46946431902738733 0.0 -0.8829514443955293
outer loop
vertex 377.38812255859375 -5.0 629.8521728515625
vertex 377.38812255859375 5.0 629.8521728515625
vertex 379.93743896484375 -2.799999952316284 628.4967041015625
endloop
endfacet
facet normal -0.989194556534679 0.0 0.14660876277412482
outer loop
vertex 368.9902038574219 -7.0 637.9483032226562
vertex 369.88861083984375 -7.0 644.010009765625
vertex 368.9902038574219 5.0 637.9483032226562
endloop
endfacet
facet normal -0.8362596061876643 0.0 0.5483337223432941
outer loop
vertex 377.38812255859375 -5.0 629.8521728515625
vertex 381.2100524902344 -5.0 635.6809692382812
vertex 381.2100524902344 5.0 635.6809692382812
endloop
endfacet
facet normal 0.0 0.0 -1.0
outer loop
vertex 368.9902038574219 -7.0 637.9483032226562
vertex 374.133056640625 5.0 637.9483032226562
vertex 383.0030212402344 -5.0 637.9483032226562
endloop
endfacet
facet normal -0.46947447134148484 1.5090237249003322e-05 -0.8829460462173881
outer loop
vertex 377.38812255859375 -5.0 629.8521728515625
vertex 379.93743896484375 -2.799999952316284 628.4967041015625
vertex 388.4137268066406 -2.799999952316284 623.98974609375
endloop
endfacet
facet normal -0.4694706128815336 -9.714108644976764e-06 -0.8829480978779405
outer loop
vertex 377.38812255859375 -5.0 629.8521728515625
vertex 388.4137268066406 -2.799999952316284 623.98974609375
vertex 390.9649963378906 -5.0 622.6332397460938
endloop
endfacet
facet normal 0.0 -1.0 0.0
outer loop
vertex 377.38812255859375 -5.0 629.8521728515625
vertex 390.9649963378906 -5.0 622.6332397460938
vertex 381.2100524902344 -5.0 635.6809692382812
endloop
endfacet
facet normal -0.0 1.0 0.0
outer loop
vertex 379.93743896484375 -2.799999952316284 628.4967041015625
vertex 385.7119140625 -2.799999952316284 639.35693359375
vertex 388.4137268066406 -2.799999952316284 623.98974609375
endloop
endfacet
facet normal -0.46946408246709664 0.0 -0.882951570174337
outer loop
vertex 388.4137268066406 -2.799999952316284 623.98974609375
vertex 388.4137268066406 2.799999952316284 623.98974609375
vertex 390.9649963378906 -5.0 622.6332397460938
endloop
endfacet
facet normal 0.0 -1.0 0.0
outer loop
vertex 390.9649963378906 -5.0 622.6332397460938
vertex 394.2124938964844 -5.0 628.0922241210938
vertex 381.2100524902344 -5.0 635.6809692382812
endloop
endfacet
facet normal -0.8829469470087786 0.0 0.46947277745134175
outer loop
vertex 388.4137268066406 -2.799999952316284 623.98974609375
vertex 394.188232421875 -2.799999952316284 634.8499755859375
vertex 388.4137268066406 2.799999952316284 623.98974609375
endloop
endfacet
facet normal -0.7843830992655313 0.0 0.620276675030264
outer loop
vertex 381.2100524902344 -5.0 635.6809692382812
vertex 383.0030212402344 -5.0 637.9483032226562
vertex 383.0030212402344 5.0 637.9483032226562
endloop
endfacet
facet normal 0.8829479754756494 0.0 -0.4694708431877871
outer loop
vertex 379.93743896484375 -2.799999952316284 628.4967041015625
vertex 385.7119140625 2.799999952316284 639.35693359375
vertex 385.7119140625 -2.799999952316284 639.35693359375
endloop
endfacet
facet normal -0.0 1.0 -0.0
outer loop
vertex 388.4137268066406 -2.799999952316284 623.98974609375
vertex 385.7119140625 -2.799999952316284 639.35693359375
vertex 394.188232421875 -2.799999952316284 634.8499755859375
endloop
endfacet
facet normal 0.0 -1.0 0.0
outer loop
vertex 381.2100524902344 -5.0 635.6809692382812
vertex 401.11260986328125 -5.0 637.9483032226562
vertex 383.0030212402344 -5.0 637.9483032226562
endloop
endfacet
facet normal 0.0 0.0 -1.0
outer loop
vertex 368.9902038574219 -7.0 637.9483032226562
vertex 383.0030212402344 -5.0 637.9483032226562
vertex 404.9902038574219 -7.0 637.9483032226562
endloop
endfacet
facet normal 0.0 -1.0 0.0
outer loop
vertex 368.9902038574219 -7.0 637.9483032226562
vertex 404.9902038574219 -7.0 637.9483032226562
vertex 396.25506591796875 -7.0 650.3492431640625
endloop
endfacet
facet normal -0.0 -1.0 0.0
outer loop
vertex 368.9902038574219 -7.0 637.9483032226562
vertex 396.25506591796875 -7.0 650.3492431640625
vertex 369.88861083984375 -7.0 644.010009765625
endloop
endfacet
facet normal 0.0 -0.9999999999999999 0.0
outer loop
vertex 369.88861083984375 -7.0 644.010009765625
vertex 396.25506591796875 -7.0 650.3492431640625
vertex 399.0921325683594 -7.0 659.4053955078125
endloop
endfacet
facet normal 0.0 -1.0 0.0
outer loop
vertex 369.88861083984375 -7.0 644.010009765625
vertex 387.75634765625 -7.0 660.3109741210938
vertex 389.4585876464844 -7.0 665.7446899414062
endloop
endfacet
facet normal 0.0 -1.0 0.0
outer loop
vertex 369.88861083984375 -7.0 644.010009765625
vertex 399.0921325683594 -7.0 659.4053955078125
vertex 387.75634765625 -7.0 660.3109741210938
endloop
endfacet
facet normal -0.7431451166423351 0.0 0.6691302829872896
outer loop
vertex 369.88861083984375 -7.0 644.010009765625
vertex 389.4585876464844 -7.0 665.7446899414062
vertex 389.4585876464844 -5.0 665.7446899414062
endloop
endfacet
facet normal -0.7431451166423351 0.0 0.6691302829872895
outer loop
vertex 369.88861083984375 -7.0 644.010009765625
vertex 389.4585876464844 -5.0 665.7446899414062
vertex 389.4585876464844 7.0 665.7446899414062
endloop
endfacet
facet normal 0.863588494418554 0.0 -0.5041972950223901
outer loop
vertex 390.64654541015625 -149.0 622.8025512695312
vertex 390.64654541015625 -147.73883056640625 622.8025512695312
vertex 392.90411376953125 -149.0 626.6693115234375
endloop
endfacet
facet normal 0.8635884944185541 0.0 -0.5041972950223901
outer loop
vertex 390.64654541015625 -147.73883056640625 622.8025512695312
vertex 390.64654541015625 -137.0 622.8025512695312
vertex 392.90411376953125 -149.0 626.6693115234375
endloop
endfacet
facet normal 0.8635884944185541 0.0 -0.5041972950223901
outer loop
vertex 390.64654541015625 -137.0 622.8025512695312
vertex 392.90411376953125 -137.0 626.6693115234375
vertex 392.90411376953125 -149.0 626.6693115234375
endloop
endfacet
facet normal -0.8829469470087787 0.0 0.46947277745134175
outer loop
vertex 387.80352783203125 -139.1999969482422 624.314208984375
vertex 393.5780334472656 -146.8000030517578 635.1744384765625
vertex 393.5780334472656 -139.1999969482422 635.1744384765625
endloop
endfacet
facet normal 0.0 -1.0 0.0
outer loop
vertex 388.7874755859375 -149.0 654.1204223632812
vertex 392.90411376953125 -149.0 626.6693115234375
vertex 405.2820739746094 -149.0 644.7669067382812
endloop
endfacet
facet normal 0.0 1.0 0.0
outer loop
vertex 388.7874755859375 -137.0 654.1204223632812
vertex 405.2820739746094 -137.0 644.7669067382812
vertex 392.90411376953125 -137.0 626.6693115234375
endloop
endfacet
facet normal 0.8254051283045867 0.0 -0.5645408525239681
outer loop
vertex 392.90411376953125 -149.0 626.6693115234375
vertex 392.90411376953125 -137.0 626.6693115234375
vertex 405.2820739746094 -137.0 644.7669067382812
endloop
endfacet
facet normal 0.8254051283045867 0.0 -0.5645408525239681
outer loop
vertex 392.90411376953125 -149.0 626.6693115234375
vertex 405.2820739746094 -137.0 644.7669067382812
vertex 405.2820739746094 -149.0 644.7669067382812
endloop
endfacet
facet normal -0.0 1.0 0.0
outer loop
vertex 388.7874755859375 -137.0 654.1204223632812
vertex 390.3119812011719 -137.0 655.6830444335938
vertex 405.2820739746094 -137.0 644.7669067382812
endloop
endfacet
facet normal 0.0 1.0 0.0
outer loop
vertex 390.3119812011719 -137.0 655.6830444335938
vertex 410.5644226074219 -137.0 650.633544921875
vertex 405.2820739746094 -137.0 644.7669067382812
endloop
endfacet
facet normal -0.7157772366520656 -5.797856276673246e-06 0.6983286815369377
outer loop
vertex 388.7874755859375 -149.0 654.1204223632812
vertex 400.0170593261719 -146.0 665.630615234375
vertex 390.3119812011719 -146.0 655.6830444335938
endloop
endfacet
facet normal 0.0 -1.0 0.0
outer loop
vertex 389.272705078125 -146.0 655.942138671875
vertex 390.3119812011719 -146.0 655.6830444335938
vertex 400.0170593261719 -146.0 665.630615234375
endloop
endfacet
facet normal 0.0 -1.0 0.0
outer loop
vertex 388.7874755859375 -149.0 654.1204223632812
vertex 405.2820739746094 -149.0 644.7669067382812
vertex 404.0748596191406 -149.0 669.7898559570312
endloop
endfacet
facet normal -0.24192183891022914 -1.0222021598214596e-06 -0.9702957404097207
outer loop
vertex 390.3119812011719 -137.0 655.6830444335938
vertex 389.272705078125 -112.0 655.942138671875
vertex 410.5644226074219 -137.0 650.633544921875
endloop
endfacet
facet normal 0.0 1.0 0.0
outer loop
vertex 389.272705078125 -112.0 655.942138671875
vertex 390.3619689941406 -112.0 660.3109741210938
vertex 421.35302734375 -112.0 660.3109741210938
endloop
endfacet
facet normal 0.0 0.0 -1.0
outer loop
vertex 390.3619689941406 -112.0 660.3109741210938
vertex 387.75634765625 -7.0 660.3109741210938
vertex 421.35302734375 -112.0 660.3109741210938
endloop
endfacet
facet normal 0.743144580708061 0.0 -0.669130878202643
outer loop
vertex 405.2820739746094 -149.0 644.7669067382812
vertex 405.2820739746094 -137.0 644.7669067382812
vertex 410.5644226074219 -137.0 650.633544921875
endloop
endfacet
facet normal -0.24191779248009854 2.638244264392015e-06 -0.9702967492858025
outer loop
vertex 389.272705078125 -112.0 655.942138671875
vertex 420.3221740722656 -146.0 648.20068359375
vertex 410.5644226074219 -137.0 650.633544921875
endloop
endfacet
facet normal 0.743144580708061 0.0 -0.669130878202643
outer loop
vertex 405.2820739746094 -149.0 644.7669067382812
vertex 410.5644226074219 -137.0 650.633544921875
vertex 410.5644226074219 -146.0 650.633544921875
endloop
endfacet
facet normal -0.241920512352776 -0.0 -0.9702960711571341
outer loop
vertex 389.272705078125 -112.0 655.942138671875
vertex 420.3221740722656 -112.0 648.20068359375
vertex 420.3221740722656 -146.0 648.20068359375
endloop
endfacet
facet normal 0.743145255143212 -2.6523191848914142e-06 -0.6691301291610592
outer loop
vertex 405.2820739746094 -149.0 644.7669067382812
vertex 410.5644226074219 -146.0 650.633544921875
vertex 419.9595642089844 -149.0 661.0679321289062
endloop
endfacet
facet normal 0.0 -0.9999999999999999 0.0
outer loop
vertex 405.2820739746094 -149.0 644.7669067382812
vertex 419.9595642089844 -149.0 661.0679321289062
vertex 404.0748596191406 -149.0 669.7898559570312
endloop
endfacet
facet normal -0.0 1.0 0.0
outer loop
vertex 389.272705078125 -112.0 655.942138671875
vertex 423.2252502441406 -112.0 659.8441772460938
vertex 420.3221740722656 -112.0 648.20068359375
endloop
endfacet
facet normal -0.0 1.0 0.0
outer loop
vertex 389.272705078125 -112.0 655.942138671875
vertex 421.35302734375 -112.0 660.3109741210938
vertex 423.2252502441406 -112.0 659.8441772460938
endloop
endfacet
facet normal 0.8594241796973934 0.0 -0.51126321924373
outer loop
vertex 390.9649963378906 -5.0 622.6332397460938
vertex 390.9649963378906 5.0 622.6332397460938
vertex 394.2124938964844 -5.0 628.0922241210938
endloop
endfacet
facet normal 0.0 -1.0 0.0
outer loop
vertex 381.2100524902344 -5.0 635.6809692382812
vertex 394.2124938964844 -5.0 628.0922241210938
vertex 401.11260986328125 -5.0 637.9483032226562
endloop
endfacet
facet normal -0.4694731536734254 -0.0 -0.8829467469671817
outer loop
vertex 385.7119140625 -2.799999952316284 639.35693359375
vertex 394.188232421875 2.799999952316284 634.8499755859375
vertex 394.188232421875 -2.799999952316284 634.8499755859375
endloop
endfacet
facet normal 0.0 0.0 -1.0
outer loop
vertex 383.0030212402344 -5.0 637.9483032226562
vertex 401.11260986328125 -5.0 637.9483032226562
vertex 404.9902038574219 -7.0 637.9483032226562
endloop
endfacet
facet normal 0.8191983147380705 0.0 -0.5735103496278903
outer loop
vertex 394.2124938964844 -5.0 628.0922241210938
vertex 401.11260986328125 5.0 637.9483032226562
vertex 401.11260986328125 -5.0 637.9483032226562
endloop
endfacet
facet normal 0.0 0.0 -1.0
outer loop
vertex 401.11260986328125 -5.0 637.9483032226562
vertex 401.11260986328125 5.0 637.9483032226562
vertex 404.9902038574219 -7.0 637.9483032226562
endloop
endfacet
facet normal -0.296562445719845 0.0 -0.9550134636687925
outer loop
vertex 396.25506591796875 -11.0 650.3492431640625
vertex 396.25506591796875 -7.0 650.3492431640625
vertex 405.9760437011719 -7.0 647.33056640625
endloop
endfacet
facet normal -0.9542691739567486 0.0 0.29894873078155876
outer loop
vertex 396.25506591796875 -11.0 650.3492431640625
vertex 399.0921325683594 -11.0 659.4053955078125
vertex 399.0921325683594 -7.0 659.4053955078125
endloop
endfacet
facet normal -0.9542691739567486 0.0 0.29894873078155876
outer loop
vertex 396.25506591796875 -11.0 650.3492431640625
vertex 399.0921325683594 -7.0 659.4053955078125
vertex 396.25506591796875 -7.0 650.3492431640625
endloop
endfacet
facet normal 0.34901912833904003 -0.9307151195886814 -0.10933898765986028
outer loop
vertex 396.25506591796875 -11.0 650.3492431640625
vertex 406.9217224121094 -7.0 650.3493041992188
vertex 399.0921325683594 -11.0 659.4053955078125
endloop
endfacet
facet normal 0.0 -1.0 0.0
outer loop
vertex 387.75634765625 -7.0 660.3109741210938
vertex 399.0921325683594 -7.0 659.4053955078125
vertex 409.7587890625 -7.0 659.4053955078125
endloop
endfacet
facet normal 0.0 -0.0 -1.0
outer loop
vertex 387.75634765625 -7.0 660.3109741210938
vertex 423.75634765625 -7.0 660.3109741210938
vertex 421.35302734375 -112.0 660.3109741210938
endloop
endfacet
facet normal 0.0 -1.0 0.0
outer loop
vertex 404.9902038574219 -7.0 637.9483032226562
vertex 405.9760437011719 -7.0 647.33056640625
vertex 396.25506591796875 -7.0 650.3492431640625
endloop
endfacet
facet normal 0.3490192013325587 -0.9307153142667204 -0.10933709750392577
outer loop
vertex 396.25506591796875 -11.0 650.3492431640625
vertex 405.9760437011719 -7.0 647.33056640625
vertex 406.9217224121094 -7.0 650.3493041992188
endloop
endfacet
facet normal 0.7660168667357484 0.0 -0.6428204725087299
outer loop
vertex 404.9902038574219 -7.0 637.9483032226562
vertex 404.9902038574219 5.0 637.9483032226562
vertex 423.75634765625 -7.0 660.3109741210938
endloop
endfacet
facet normal -0.0 -1.0 0.0
outer loop
vertex 404.9902038574219 -7.0 637.9483032226562
vertex 423.75634765625 -7.0 660.3109741210938
vertex 405.9760437011719 -7.0 647.33056640625
endloop
endfacet
facet normal 0.349018558265983 -0.9307152677758613 -0.10933954597876026
outer loop
vertex 399.0921325683594 -11.0 659.4053955078125
vertex 406.9217224121094 -7.0 650.3493041992188
vertex 409.7587890625 -7.0 659.4053955078125
endloop
endfacet
facet normal 0.0 -0.0 1.0
outer loop
vertex 399.0921325683594 -11.0 659.4053955078125
vertex 409.7587890625 -7.0 659.4053955078125
vertex 399.0921325683594 -7.0 659.4053955078125
endloop
endfacet
facet normal 0.0 -1.0 0.0
outer loop
vertex 387.75634765625 -7.0 660.3109741210938
vertex 409.7587890625 -7.0 659.4053955078125
vertex 423.75634765625 -7.0 660.3109741210938
endloop
endfacet
facet normal -0.0 -1.0 0.0
outer loop
vertex 405.9760437011719 -7.0 647.33056640625
vertex 423.75634765625 -7.0 660.3109741210938
vertex 406.9217224121094 -7.0 650.3493041992188
endloop
endfacet
facet normal -0.9702956887638303 2.8589408203110735e-07 0.24192204605253012
outer loop
vertex 389.272705078125 -146.0 655.942138671875
vertex 392.17578125 -112.0 667.585693359375
vertex 391.7167663574219 -115.0 665.7446899414062
endloop
endfacet
facet normal 0.0 -0.9999999999999999 0.0
outer loop
vertex 387.75634765625 -115.0 660.3109741210938
vertex 390.3619689941406 -115.0 660.3109741210938
vertex 389.4585876464844 -115.0 665.7446899414062
endloop
endfacet
facet normal 0.0 -1.0 0.0
outer loop
vertex 390.3619689941406 -115.0 660.3109741210938
vertex 391.7167663574219 -115.0 665.7446899414062
vertex 389.4585876464844 -115.0 665.7446899414062
endloop
endfacet
facet normal 0.0 0.0 0.9999999999999999
outer loop
vertex 389.4585876464844 -115.0 665.7446899414062
vertex 391.7167663574219 -115.0 665.7446899414062
vertex 391.7167663574219 -112.0 665.7446899414062
endloop
endfacet
facet normal -0.954269557140195 0.0 0.2989475076254293
outer loop
vertex 387.75634765625 -115.0 660.3109741210938
vertex 389.4585876464844 -115.0 665.7446899414062
vertex 389.4585876464844 -7.0 665.7446899414062
endloop
endfacet
facet normal -0.954269557140195 0.0 0.2989475076254293
outer loop
vertex 387.75634765625 -115.0 660.3109741210938
vertex 389.4585876464844 -7.0 665.7446899414062
vertex 387.75634765625 -7.0 660.3109741210938
endloop
endfacet
facet normal 0.0 -0.9999999999999999 0.0
outer loop
vertex 389.272705078125 -146.0 655.942138671875
vertex 400.0170593261719 -146.0 665.630615234375
vertex 392.17578125 -146.0 667.585693359375
endloop
endfacet
facet normal -0.9702954927988022 0.0 0.24192283202362153
outer loop
vertex 389.272705078125 -146.0 655.942138671875
vertex 392.17578125 -146.0 667.585693359375
vertex 392.17578125 -112.0 667.585693359375
endloop
endfacet
facet normal -0.9702955794055779 0.0 0.24192248466398064
outer loop
vertex 391.7167663574219 -115.0 665.7446899414062
vertex 392.17578125 -112.0 667.585693359375
vertex 391.7167663574219 -112.0 665.7446899414062
endloop
endfacet
facet normal -0.0 1.0 0.0
outer loop
vertex 391.7167663574219 -112.0 665.7446899414062
vertex 392.17578125 -112.0 667.585693359375
vertex 399.55963134765625 -112.0 665.7446899414062
endloop
endfacet
facet normal 0.24192224446020316 0.0 0.9702956392952292
outer loop
vertex 392.17578125 -146.0 667.585693359375
vertex 399.55963134765625 -115.0 665.7446899414062
vertex 392.17578125 -112.0 667.585693359375
endloop
endfacet
facet normal -0.7157789401792938 7.2781317441837085e-06 0.698326935426979
outer loop
vertex 388.7874755859375 -149.0 654.1204223632812
vertex 404.0748596191406 -149.0 669.7898559570312
vertex 400.0170593261719 -146.0 665.630615234375
endloop
endfacet
facet normal 0.2419251485671533 -0.0 0.9702949152143181
outer loop
vertex 392.17578125 -146.0 667.585693359375
vertex 400.0170593261719 -146.0 665.630615234375
vertex 400.0170593261719 -137.0 665.630615234375
endloop
endfacet
facet normal 0.24192624122746573 -1.0111651990027757e-06 0.9702946427784334
outer loop
vertex 392.17578125 -146.0 667.585693359375
vertex 400.0170593261719 -137.0 665.630615234375
vertex 399.55963134765625 -115.0 665.7446899414062
endloop
endfacet
facet normal -0.7157815642088002 0.0 0.6983242458477316
outer loop
vertex 400.0170593261719 -146.0 665.630615234375
vertex 404.0748596191406 -137.0 669.7898559570312
vertex 400.0170593261719 -137.0 665.630615234375
endloop
endfacet
facet normal 0.24192224446020316 -0.0 0.9702956392952292
outer loop
vertex 392.17578125 -112.0 667.585693359375
vertex 399.55963134765625 -115.0 665.7446899414062
vertex 399.55963134765625 -112.0 665.7446899414062
endloop
endfacet
facet normal 0.0 0.0 1.0
outer loop
vertex 389.4585876464844 -115.0 665.7446899414062
vertex 391.7167663574219 -112.0 665.7446899414062
vertex 424.8779296875 -6.77419376373291 665.7446899414062
endloop
endfacet
facet normal -0.7157815642088003 0.0 0.6983242458477316
outer loop
vertex 400.0170593261719 -146.0 665.630615234375
vertex 404.0748596191406 -149.0 669.7898559570312
vertex 404.0748596191406 -137.0 669.7898559570312
endloop
endfacet
facet normal 0.24192260917434585 -1.0913791434247515e-06 0.9702955483609546
outer loop
vertex 400.0170593261719 -137.0 665.630615234375
vertex 419.6584167480469 -137.0 660.7334594726562
vertex 399.55963134765625 -115.0 665.7446899414062
endloop
endfacet
facet normal -0.0 1.0 0.0
outer loop
vertex 400.0170593261719 -137.0 665.630615234375
vertex 404.0748596191406 -137.0 669.7898559570312
vertex 419.6584167480469 -137.0 660.7334594726562
endloop
endfacet
facet normal 0.0 -0.0 1.0
outer loop
vertex 399.55963134765625 -115.0 665.7446899414062
vertex 425.4585876464844 -115.0 665.7446899414062
vertex 399.55963134765625 -112.0 665.7446899414062
endloop
endfacet
facet normal -0.6427863956400397 0.0 0.7660454618233089
outer loop
vertex 404.0748596191406 -149.0 669.7898559570312
vertex 420.878173828125 -137.0 683.8894653320312
vertex 404.0748596191406 -137.0 669.7898559570312
endloop
endfacet
facet normal 0.0 0.0 0.9999999999999999
outer loop
vertex 391.7167663574219 -112.0 665.7446899414062
vertex 399.55963134765625 -112.0 665.7446899414062
vertex 424.8779296875 -6.77419376373291 665.7446899414062
endloop
endfacet
facet normal 0.0 -0.0 1.0
outer loop
vertex 389.4585876464844 -115.0 665.7446899414062
vertex 424.8779296875 -6.77419376373291 665.7446899414062
vertex 389.4585876464844 -7.0 665.7446899414062
endloop
endfacet
facet normal 0.0 -0.0 1.0
outer loop
vertex 389.4585876464844 -7.0 665.7446899414062
vertex 424.8779296875 -6.77419376373291 665.7446899414062
vertex 389.4585876464844 -5.0 665.7446899414062
endloop
endfacet
facet normal 0.0 0.0 1.0
outer loop
vertex 389.4585876464844 -5.0 665.7446899414062
vertex 407.0960388183594 -5.0 665.7446899414062
vertex 407.0960388183594 5.0 665.7446899414062
endloop
endfacet
facet normal -0.0 -0.0 1.0
outer loop
vertex 389.4585876464844 -5.0 665.7446899414062
vertex 424.8779296875 -6.77419376373291 665.7446899414062
vertex 407.0960388183594 -5.0 665.7446899414062
endloop
endfacet
facet normal -0.7233674690124722 0.0 0.6904632537467077
outer loop
vertex 407.0960388183594 -5.0 665.7446899414062
vertex 409.90411376953125 -5.0 668.6865844726562
vertex 407.0960388183594 5.0 665.7446899414062
endloop
endfacet
facet normal 0.0 -1.0 0.0
outer loop
vertex 407.0960388183594 -5.0 665.7446899414062
vertex 415.26202392578125 -5.0 665.7446899414062
vertex 409.90411376953125 -5.0 668.6865844726562
endloop
endfacet
facet normal -0.46946431902738733 0.0 -0.8829514443955293
outer loop
vertex 379.93743896484375 -2.799999952316284 628.4967041015625
vertex 377.38812255859375 5.0 629.8521728515625
vertex 379.93743896484375 2.799999952316284 628.4967041015625
endloop
endfacet
facet normal -0.8362596061876643 0.0 0.5483337223432941
outer loop
vertex 377.38812255859375 -5.0 629.8521728515625
vertex 381.2100524902344 5.0 635.6809692382812
vertex 377.38812255859375 5.0 629.8521728515625
endloop
endfacet
facet normal 0.0 0.0 -0.9999999999999999
outer loop
vertex 368.9902038574219 -7.0 637.9483032226562
vertex 368.9902038574219 5.0 637.9483032226562
vertex 374.133056640625 5.0 637.9483032226562
endloop
endfacet
facet normal 0.0 0.0 -1.0
outer loop
vertex 368.9902038574219 5.0 637.9483032226562
vertex 369.57086181640625 6.77419376373291 637.9483032226562
vertex 374.133056640625 5.0 637.9483032226562
endloop
endfacet
facet normal -0.989193964613718 2.0617133198251603e-06 0.14661275649664207
outer loop
vertex 369.88861083984375 -7.0 644.010009765625
vertex 369.00469970703125 6.77419376373291 638.0460815429688
vertex 368.9902038574219 5.0 637.9483032226562
endloop
endfacet
facet normal -0.98919465518736 0.0 0.14660809714596162
outer loop
vertex 369.88861083984375 -7.0 644.010009765625
vertex 369.88861083984375 5.0 644.010009765625
vertex 369.00469970703125 6.77419376373291 638.0460815429688
endloop
endfacet
facet normal -0.98919465518736 0.0 0.14660809714596162
outer loop
vertex 369.00469970703125 6.77419376373291 638.0460815429688
vertex 369.88861083984375 5.0 644.010009765625
vertex 369.88861083984375 7.0 644.010009765625
endloop
endfacet
facet normal 0.0 -0.0 -1.0
outer loop
vertex 369.57086181640625 6.77419376373291 637.9483032226562
vertex 383.4028015136719 7.0 637.9483032226562
vertex 374.133056640625 5.0 637.9483032226562
endloop
endfacet
facet normal 0.0 0.0 -1.0
outer loop
vertex 383.0030212402344 -5.0 637.9483032226562
vertex 374.133056640625 5.0 637.9483032226562
vertex 383.0030212402344 5.0 637.9483032226562
endloop
endfacet
facet normal 0.0 -0.0 -1.0
outer loop
vertex 368.9902038574219 5.0 637.9483032226562
vertex 371.4786682128906 112.0 637.9483032226562
vertex 369.57086181640625 6.77419376373291 637.9483032226562
endloop
endfacet
facet normal -0.9891885384657569 0.0 0.14664936197604075
outer loop
vertex 368.9902038574219 5.0 637.9483032226562
vertex 369.00469970703125 6.77419376373291 638.0460815429688
vertex 368.9902038574219 115.0 637.9483032226562
endloop
endfacet
facet normal -0.9891946551873602 0.0 0.14660809714596165
outer loop
vertex 369.00469970703125 6.77419376373291 638.0460815429688
vertex 369.88861083984375 7.0 644.010009765625
vertex 369.88861083984375 115.0 644.010009765625
endloop
endfacet
facet normal -0.4694706128831408 -9.355056909291667e-06 -0.8829480978809633
outer loop
vertex 377.38812255859375 5.0 629.8521728515625
vertex 390.9649963378906 5.0 622.6332397460938
vertex 379.93743896484375 2.799999952316284 628.4967041015625
endloop
endfacet
facet normal 0.8829479754756494 0.0 -0.4694708431877871
outer loop
vertex 379.93743896484375 -2.799999952316284 628.4967041015625
vertex 379.93743896484375 2.799999952316284 628.4967041015625
vertex 385.7119140625 2.799999952316284 639.35693359375
endloop
endfacet
facet normal -0.0 1.0 0.0
outer loop
vertex 377.38812255859375 5.0 629.8521728515625
vertex 381.2100524902344 5.0 635.6809692382812
vertex 394.2124938964844 5.0 628.0922241210938
endloop
endfacet
facet normal -0.469474471338879 1.545368209943619e-05 -0.8829460462124873
outer loop
vertex 379.93743896484375 2.799999952316284 628.4967041015625
vertex 390.9649963378906 5.0 622.6332397460938
vertex 388.4137268066406 2.799999952316284 623.98974609375
endloop
endfacet
facet normal 0.0 1.0 0.0
outer loop
vertex 377.38812255859375 5.0 629.8521728515625
vertex 394.2124938964844 5.0 628.0922241210938
vertex 390.9649963378906 5.0 622.6332397460938
endloop
endfacet
facet normal -0.46946408246709664 0.0 -0.882951570174337
outer loop
vertex 390.9649963378906 -5.0 622.6332397460938
vertex 388.4137268066406 2.799999952316284 623.98974609375
vertex 390.9649963378906 5.0 622.6332397460938
endloop
endfacet
facet normal 0.0 -1.0 0.0
outer loop
vertex 379.93743896484375 2.799999952316284 628.4967041015625
vertex 388.4137268066406 2.799999952316284 623.98974609375
vertex 394.188232421875 2.799999952316284 634.8499755859375
endloop
endfacet
facet normal -0.7843830992655313 0.0 0.620276675030264
outer loop
vertex 381.2100524902344 -5.0 635.6809692382812
vertex 383.0030212402344 5.0 637.9483032226562
vertex 381.2100524902344 5.0 635.6809692382812
endloop
endfacet
facet normal 0.0 -0.0 -1.0
outer loop
vertex 374.133056640625 5.0 637.9483032226562
vertex 383.4028015136719 7.0 637.9483032226562
vertex 383.0030212402344 5.0 637.9483032226562
endloop
endfacet
facet normal 0.0 -1.0 0.0
outer loop
vertex 379.93743896484375 2.799999952316284 628.4967041015625
vertex 394.188232421875 2.799999952316284 634.8499755859375
vertex 385.7119140625 2.799999952316284 639.35693359375
endloop
endfacet
facet normal -0.0 1.0 0.0
outer loop
vertex 381.2100524902344 5.0 635.6809692382812
vertex 383.0030212402344 5.0 637.9483032226562
vertex 394.2124938964844 5.0 628.0922241210938
endloop
endfacet
facet normal -0.4694731536734254 0.0 -0.8829467469671817
outer loop
vertex 385.7119140625 -2.799999952316284 639.35693359375
vertex 385.7119140625 2.799999952316284 639.35693359375
vertex 394.188232421875 2.799999952316284 634.8499755859375
endloop
endfacet
facet normal 0.0 0.0 -1.0
outer loop
vertex 383.0030212402344 5.0 637.9483032226562
vertex 383.4028015136719 7.0 637.9483032226562
vertex 401.11260986328125 5.0 637.9483032226562
endloop
endfacet
facet normal 0.0 -0.0 -1.0
outer loop
vertex 369.57086181640625 6.77419376373291 637.9483032226562
vertex 404.9902038574219 115.0 637.9483032226562
vertex 383.4028015136719 7.0 637.9483032226562
endloop
endfacet
facet normal -0.7431451166423351 0.0 0.6691302829872895
outer loop
vertex 369.88861083984375 -7.0 644.010009765625
vertex 389.4585876464844 7.0 665.7446899414062
vertex 369.88861083984375 5.0 644.010009765625
endloop
endfacet
facet normal -0.7431451166423351 0.0 0.6691302829872896
outer loop
vertex 369.88861083984375 5.0 644.010009765625
vertex 389.4585876464844 7.0 665.7446899414062
vertex 369.88861083984375 7.0 644.010009765625
endloop
endfacet
facet normal -0.0 1.0 0.0
outer loop
vertex 369.88861083984375 7.0 644.010009765625
vertex 396.25506591796875 7.0 650.3492431640625
vertex 405.9760437011719 7.0 647.33056640625
endloop
endfacet
facet normal -0.0 1.0 0.0
outer loop
vertex 369.88861083984375 7.0 644.010009765625
vertex 389.4585876464844 7.0 665.7446899414062
vertex 396.25506591796875 7.0 650.3492431640625
endloop
endfacet
facet normal 0.0 0.0 -1.0
outer loop
vertex 368.9902038574219 5.0 637.9483032226562
vertex 368.9902038574219 115.0 637.9483032226562
vertex 371.4786682128906 112.0 637.9483032226562
endloop
endfacet
facet normal -0.9891945565346784 -3.7486057461585904e-08 0.14660876277412474
outer loop
vertex 369.00469970703125 6.77419376373291 638.0460815429688
vertex 369.88861083984375 115.0 644.010009765625
vertex 368.9902038574219 115.0 637.9483032226562
endloop
endfacet
facet normal -0.46946985016415466 0.0 -0.8829485034739263
outer loop
vertex 374.5732421875 112.0 631.348876953125
vertex 370.9855651855469 116.31272888183594 633.2564697265625
vertex 374.5732421875 117.73783874511719 631.348876953125
endloop
endfacet
facet normal -0.4694696198298744 -7.437937836202277e-07 -0.8829486259439107
outer loop
vertex 374.5732421875 117.73783874511719 631.348876953125
vertex 370.9855651855469 116.31272888183594 633.2564697265625
vertex 374.5732116699219 137.0 631.348876953125
endloop
endfacet
facet normal -0.46947703400442703 0.0 -0.8829446837386847
outer loop
vertex 372.0721435546875 146.0 632.6787109375
vertex 372.0721435546875 146.5516357421875 632.6787109375
vertex 374.9124755859375 144.62374877929688 631.16845703125
endloop
endfacet
facet normal -0.46947703400442703 0.0 -0.8829446837386847
outer loop
vertex 372.0721435546875 146.5516357421875 632.6787109375
vertex 372.0721435546875 149.0 632.6787109375
vertex 374.9124755859375 146.8000030517578 631.16845703125
endloop
endfacet
facet normal -0.4694802752173946 -3.843576470182687e-06 -0.8829429603134202
outer loop
vertex 374.5732116699219 137.0 631.348876953125
vertex 372.0721435546875 146.0 632.6787109375
vertex 374.9125061035156 139.1999969482422 631.16845703125
endloop
endfacet
facet normal -0.4694780318429922 -2.6415907218884863e-06 -0.8829441531659025
outer loop
vertex 372.0721435546875 146.0 632.6787109375
vertex 374.9124755859375 144.62374877929688 631.16845703125
vertex 374.9125061035156 139.1999969482422 631.16845703125
endloop
endfacet
facet normal -0.469477034004427 -0.0 -0.8829446837386847
outer loop
vertex 372.0721435546875 146.5516357421875 632.6787109375
vertex 374.9124755859375 146.8000030517578 631.16845703125
vertex 374.9124755859375 144.62374877929688 631.16845703125
endloop
endfacet
facet normal -0.1045290322129101 0.0 -0.9945218355695528
outer loop
vertex 374.5732421875 112.0 631.348876953125
vertex 374.5732421875 117.73783874511719 631.348876953125
vertex 387.1513671875 137.0 630.02685546875
endloop
endfacet
facet normal -0.46946997208046837 -5.881849552365237e-06 -0.8829484386305738
outer loop
vertex 374.5732116699219 137.0 631.348876953125
vertex 374.9125061035156 139.1999969482422 631.16845703125
vertex 387.80352783203125 139.1999969482422 624.314208984375
endloop
endfacet
facet normal -0.10452878137180817 -1.656078572707706e-07 -0.9945218619341142
outer loop
vertex 374.5732421875 117.73783874511719 631.348876953125
vertex 374.5732116699219 137.0 631.348876953125
vertex 387.1513671875 137.0 630.02685546875
endloop
endfacet
facet normal -0.4694706368085794 1.059417305092094e-05 -0.8829480851456163
outer loop
vertex 372.0721435546875 149.0 632.6787109375
vertex 390.64654541015625 149.0 622.8025512695312
vertex 374.9124755859375 146.8000030517578 631.16845703125
endloop
endfacet
facet normal -0.0 1.0 0.0
outer loop
vertex 372.0721435546875 149.0 632.6787109375
vertex 375.0257873535156 149.0 637.1038818359375
vertex 392.90411376953125 149.0 626.6693115234375
endloop
endfacet
facet normal -0.9945218518852971 0.0 0.10452887697970961
outer loop
vertex 370.98553466796875 112.0 633.2564697265625
vertex 371.4786682128906 112.0 637.9483032226562
vertex 370.98553466796875 112.73181915283203 633.2564697265625
endloop
endfacet
facet normal -0.994522277789639 8.47561474774757e-06 0.10452482436374685
outer loop
vertex 370.98553466796875 112.73181915283203 633.2564697265625
vertex 371.4786682128906 115.0 637.9483032226562
vertex 370.9855651855469 116.31272888183594 633.2564697265625
endloop
endfacet
facet normal -0.994521851885297 0.0 0.10452887697970961
outer loop
vertex 370.98553466796875 112.73181915283203 633.2564697265625
vertex 371.4786682128906 112.0 637.9483032226562
vertex 371.4786682128906 115.0 637.9483032226562
endloop
endfacet
facet normal -0.4694667369233663 0.0 -0.8829501587986305
outer loop
vertex 374.5732421875 112.0 631.348876953125
vertex 370.98553466796875 112.0 633.2564697265625
vertex 370.98553466796875 112.73181915283203 633.2564697265625
endloop
endfacet
facet normal -0.46946610068083583 4.000929788462393e-06 -0.8829504970809654
outer loop
vertex 374.5732421875 112.0 631.348876953125
vertex 370.98553466796875 112.73181915283203 633.2564697265625
vertex 370.9855651855469 116.31272888183594 633.2564697265625
endloop
endfacet
facet normal -0.0 -1.0 0.0
outer loop
vertex 374.5732421875 112.0 631.348876953125
vertex 371.4786682128906 112.0 637.9483032226562
vertex 370.98553466796875 112.0 633.2564697265625
endloop
endfacet
facet normal 0.0 0.0 -1.0
outer loop
vertex 368.9902038574219 115.0 637.9483032226562
vertex 371.4786682128906 115.0 637.9483032226562
vertex 371.4786682128906 112.0 637.9483032226562
endloop
endfacet
facet normal -0.0 1.0 0.0
outer loop
vertex 368.9902038574219 115.0 637.9483032226562
vertex 369.88861083984375 115.0 644.010009765625
vertex 372.0807800292969 115.0 643.6769409179688
endloop
endfacet
facet normal -0.0 1.0 0.0
outer loop
vertex 368.9902038574219 115.0 637.9483032226562
vertex 372.0807800292969 115.0 643.6769409179688
vertex 371.4786682128906 115.0 637.9483032226562
endloop
endfacet
facet normal -0.9945224865531567 1.2989998700868962e-06 0.10452283835812476
outer loop
vertex 370.9855651855469 116.31272888183594 633.2564697265625
vertex 371.4786682128906 115.0 637.9483032226562
vertex 372.0807800292969 146.0 643.6769409179688
endloop
endfacet
facet normal -0.9945217558199004 0.0 0.10452979097320758
outer loop
vertex 371.4786682128906 115.0 637.9483032226562
vertex 372.0807800292969 115.0 643.6769409179688
vertex 372.0807800292969 146.0 643.6769409179688
endloop
endfacet
facet normal -0.9945221018512669 0.0 0.10452649869453422
outer loop
vertex 370.9855651855469 116.31272888183594 633.2564697265625
vertex 372.0807800292969 146.0 643.6769409179688
vertex 370.9855651855469 146.0 633.2564697265625
endloop
endfacet
facet normal -0.4694729634403971 0.0 -0.8829468481162904
outer loop
vertex 374.5732116699219 137.0 631.348876953125
vertex 370.9855651855469 116.31272888183594 633.2564697265625
vertex 370.9855651855469 146.0 633.2564697265625
endloop
endfacet
facet normal -0.4694809523457819 -4.084948138013154e-06 -0.8829426002678832
outer loop
vertex 374.5732116699219 137.0 631.348876953125
vertex 370.9855651855469 146.0 633.2564697265625
vertex 372.0721435546875 146.0 632.6787109375
endloop
endfacet
facet normal -0.8317439530314022 0.0 0.5551594334924849
outer loop
vertex 372.0721435546875 146.0 632.6787109375
vertex 375.0257873535156 146.0 637.1038818359375
vertex 372.0721435546875 146.5516357421875 632.6787109375
endloop
endfacet
facet normal -0.0 1.0 0.0
outer loop
vertex 370.9855651855469 146.0 633.2564697265625
vertex 375.0257873535156 146.0 637.1038818359375
vertex 372.0721435546875 146.0 632.6787109375
endloop
endfacet
facet normal -0.8317439530314022 0.0 0.5551594334924848
outer loop
vertex 372.0721435546875 146.5516357421875 632.6787109375
vertex 375.0257873535156 149.0 637.1038818359375
vertex 372.0721435546875 149.0 632.6787109375
endloop
endfacet
facet normal -0.8317439530314021 0.0 0.5551594334924848
outer loop
vertex 372.0721435546875 146.5516357421875 632.6787109375
vertex 375.0257873535156 146.0 637.1038818359375
vertex 375.0257873535156 149.0 637.1038818359375
endloop
endfacet
facet normal -0.0 1.0 0.0
outer loop
vertex 370.9855651855469 146.0 633.2564697265625
vertex 372.0807800292969 146.0 643.6769409179688
vertex 375.0257873535156 146.0 637.1038818359375
endloop
endfacet
facet normal -0.7775478384437673 0.0 0.6288237900488698
outer loop
vertex 375.0257873535156 146.0 637.1038818359375
vertex 379.6944274902344 146.0 642.876708984375
vertex 375.0257873535156 149.0 637.1038818359375
endloop
endfacet
facet normal -0.0 1.0 -0.0
outer loop
vertex 375.0257873535156 146.0 637.1038818359375
vertex 372.0807800292969 146.0 643.6769409179688
vertex 379.6944274902344 146.0 642.876708984375
endloop
endfacet
facet normal 0.0 0.0 -1.0
outer loop
vertex 369.57086181640625 6.77419376373291 637.9483032226562
vertex 371.4786682128906 112.0 637.9483032226562
vertex 403.6549377441406 112.0 637.9483032226562
endloop
endfacet
facet normal -0.46947081487280573 6.193606464857358e-07 -0.8829479905307447
outer loop
vertex 374.5732116699219 137.0 631.348876953125
vertex 387.80352783203125 139.1999969482422 624.314208984375
vertex 390.64654541015625 137.0 622.8025512695312
endloop
endfacet
facet normal -0.4694691056417052 -3.452625629438533e-06 -0.8829488993345292
outer loop
vertex 390.64654541015625 149.0 622.8025512695312
vertex 387.80352783203125 146.8000030517578 624.314208984375
vertex 374.9124755859375 146.8000030517578 631.16845703125
endloop
endfacet
facet normal 0.0 1.0 0.0
outer loop
vertex 372.0721435546875 149.0 632.6787109375
vertex 392.90411376953125 149.0 626.6693115234375
vertex 390.64654541015625 149.0 622.8025512695312
endloop
endfacet
facet normal 0.0 -1.0 0.0
outer loop
vertex 374.5732116699219 137.0 631.348876953125
vertex 390.64654541015625 137.0 622.8025512695312
vertex 387.1513671875 137.0 630.02685546875
endloop
endfacet
facet normal -0.10452858366622263 -2.2816808257680105e-07 -0.9945218827138403
outer loop
vertex 374.5732421875 112.0 631.348876953125
vertex 387.1513671875 137.0 630.02685546875
vertex 402.6511535644531 112.0 628.3977661132812
endloop
endfacet
facet normal 0.0 -1.0 0.0
outer loop
vertex 390.64654541015625 137.0 622.8025512695312
vertex 392.90411376953125 137.0 626.6693115234375
vertex 387.1513671875 137.0 630.02685546875
endloop
endfacet
facet normal -0.46947118851537 0.0 -0.8829477918619911
outer loop
vertex 390.64654541015625 137.0 622.8025512695312
vertex 387.80352783203125 139.1999969482422 624.314208984375
vertex 387.80352783203125 146.8000030517578 624.314208984375
endloop
endfacet
facet normal -0.46947118851536995 0.0 -0.882947791861991
outer loop
vertex 390.64654541015625 137.0 622.8025512695312
vertex 387.80352783203125 146.8000030517578 624.314208984375
vertex 390.64654541015625 149.0 622.8025512695312
endloop
endfacet
facet normal 0.0 -1.0 0.0
outer loop
vertex 374.5732421875 112.0 631.348876953125
vertex 402.6511535644531 112.0 628.3977661132812
vertex 371.4786682128906 112.0 637.9483032226562
endloop
endfacet
facet normal -0.0 0.9999999999999999 0.0
outer loop
vertex 375.0257873535156 149.0 637.1038818359375
vertex 388.7874755859375 149.0 654.1204223632812
vertex 392.90411376953125 149.0 626.6693115234375
endloop
endfacet
facet normal 0.10452915312827597 0.0 0.9945218228607582
outer loop
vertex 372.0807800292969 115.0 643.6769409179688
vertex 379.6944274902344 146.0 642.876708984375
vertex 372.0807800292969 146.0 643.6769409179688
endloop
endfacet
facet normal 0.10452915312827599 -0.0 0.9945218228607583
outer loop
vertex 372.0807800292969 115.0 643.6769409179688
vertex 379.6944274902344 137.0 642.876708984375
vertex 379.6944274902344 146.0 642.876708984375
endloop
endfacet
facet normal 0.0 -0.0 1.0
outer loop
vertex 369.88861083984375 7.0 644.010009765625
vertex 405.88861083984375 115.0 644.010009765625
vertex 369.88861083984375 115.0 644.010009765625
endloop
endfacet
facet normal 0.0 0.9999999999999999 0.0
outer loop
vertex 369.88861083984375 115.0 644.010009765625
vertex 403.9054870605469 115.0 640.33203125
vertex 372.0807800292969 115.0 643.6769409179688
endloop
endfacet
facet normal 0.10452840679448372 2.611406824911888e-07 0.9945219013038068
outer loop
vertex 372.0807800292969 115.0 643.6769409179688
vertex 403.9054870605469 115.0 640.33203125
vertex 379.6944274902344 137.0 642.876708984375
endloop
endfacet
facet normal -0.77754883173142 -3.909212471389902e-06 0.6288225618231444
outer loop
vertex 375.0257873535156 149.0 637.1038818359375
vertex 379.6944274902344 146.0 642.876708984375
vertex 388.7874755859375 149.0 654.1204223632812
endloop
endfacet
facet normal -0.7775493417214422 0.0 0.6288219312242155
outer loop
vertex 379.6944274902344 137.0 642.876708984375
vertex 388.7874755859375 137.0 654.1204223632812
vertex 379.6944274902344 146.0 642.876708984375
endloop
endfacet
facet normal -0.7775493417214422 0.0 0.6288219312242156
outer loop
vertex 379.6944274902344 146.0 642.876708984375
vertex 388.7874755859375 137.0 654.1204223632812
vertex 388.7874755859375 149.0 654.1204223632812
endloop
endfacet
facet normal 0.8594241796973934 0.0 -0.51126321924373
outer loop
vertex 394.2124938964844 -5.0 628.0922241210938
vertex 390.9649963378906 5.0 622.6332397460938
vertex 394.2124938964844 5.0 628.0922241210938
endloop
endfacet
facet normal -0.8829469470087786 0.0 0.46947277745134175
outer loop
vertex 394.188232421875 -2.799999952316284 634.8499755859375
vertex 394.188232421875 2.799999952316284 634.8499755859375
vertex 388.4137268066406 2.799999952316284 623.98974609375
endloop
endfacet
facet normal 0.8191983147380705 0.0 -0.5735103496278903
outer loop
vertex 394.2124938964844 -5.0 628.0922241210938
vertex 394.2124938964844 5.0 628.0922241210938
vertex 401.11260986328125 5.0 637.9483032226562
endloop
endfacet
facet normal -0.0 1.0 0.0
outer loop
vertex 383.0030212402344 5.0 637.9483032226562
vertex 401.11260986328125 5.0 637.9483032226562
vertex 394.2124938964844 5.0 628.0922241210938
endloop
endfacet
facet normal 0.0 -0.0 -1.0
outer loop
vertex 383.4028015136719 7.0 637.9483032226562
vertex 401.18310546875 7.0 637.9483032226562
vertex 401.11260986328125 5.0 637.9483032226562
endloop
endfacet
facet normal 0.0 -0.0 -1.0
outer loop
vertex 383.4028015136719 7.0 637.9483032226562
vertex 404.9902038574219 115.0 637.9483032226562
vertex 401.18310546875 7.0 637.9483032226562
endloop
endfacet
facet normal 0.0 0.0 -1.0
outer loop
vertex 401.11260986328125 5.0 637.9483032226562
vertex 401.18310546875 7.0 637.9483032226562
vertex 404.9902038574219 5.0 637.9483032226562
endloop
endfacet
facet normal 0.0 0.0 -1.0
outer loop
vertex 404.9902038574219 -7.0 637.9483032226562
vertex 401.11260986328125 5.0 637.9483032226562
vertex 404.9902038574219 5.0 637.9483032226562
endloop
endfacet
facet normal 0.0 0.0 -0.9999999999999999
outer loop
vertex 401.18310546875 7.0 637.9483032226562
vertex 404.9902038574219 7.0 637.9483032226562
vertex 404.9902038574219 5.0 637.9483032226562
endloop
endfacet
facet normal 0.0 0.0 -1.0
outer loop
vertex 401.18310546875 7.0 637.9483032226562
vertex 404.9902038574219 115.0 637.9483032226562
vertex 404.9902038574219 7.0 637.9483032226562
endloop
endfacet
facet normal 0.989194556534679 0.0 -0.14660876277412482
outer loop
vertex 404.9902038574219 7.0 637.9483032226562
vertex 404.9902038574219 115.0 637.9483032226562
vertex 405.88861083984375 7.0 644.010009765625
endloop
endfacet
facet normal -0.0 1.0 0.0
outer loop
vertex 369.88861083984375 7.0 644.010009765625
vertex 405.9760437011719 7.0 647.33056640625
vertex 405.88861083984375 7.0 644.010009765625
endloop
endfacet
facet normal -0.296562445719845 0.0 -0.9550134636687925
outer loop
vertex 396.25506591796875 7.0 650.3492431640625
vertex 396.25506591796875 11.0 650.3492431640625
vertex 405.9760437011719 7.0 647.33056640625
endloop
endfacet
facet normal -0.0 1.0 -0.0
outer loop
vertex 396.25506591796875 7.0 650.3492431640625
vertex 389.4585876464844 7.0 665.7446899414062
vertex 399.0921325683594 7.0 659.4053955078125
endloop
endfacet
facet normal -0.9542691739567486 0.0 0.29894873078155876
outer loop
vertex 396.25506591796875 7.0 650.3492431640625
vertex 399.0921325683594 7.0 659.4053955078125
vertex 399.0921325683594 11.0 659.4053955078125
endloop
endfacet
facet normal -0.9542691739567486 0.0 0.29894873078155876
outer loop
vertex 396.25506591796875 7.0 650.3492431640625
vertex 399.0921325683594 11.0 659.4053955078125
vertex 396.25506591796875 11.0 650.3492431640625
endloop
endfacet
facet normal 0.34901811741242794 0.9307155358917133 -0.10933867096176728
outer loop
vertex 396.25506591796875 11.0 650.3492431640625
vertex 399.0921325683594 11.0 659.4053955078125
vertex 408.8131103515625 7.0 656.3866577148438
endloop
endfacet
facet normal -0.0 1.0 -0.0
outer loop
vertex 399.0921325683594 7.0 659.4053955078125
vertex 389.4585876464844 7.0 665.7446899414062
vertex 409.7587890625 7.0 659.4053955078125
endloop
endfacet
facet normal 0.0 0.0 1.0
outer loop
vertex 369.88861083984375 7.0 644.010009765625
vertex 405.88861083984375 7.0 644.010009765625
vertex 405.88861083984375 115.0 644.010009765625
endloop
endfacet
facet normal 0.34901845059219483 0.9307153121163351 -0.1093395122470207
outer loop
vertex 396.25506591796875 11.0 650.3492431640625
vertex 408.8131103515625 7.0 656.3866577148438
vertex 405.9760437011719 7.0 647.33056640625
endloop
endfacet
facet normal 0.7660168667357484 0.0 -0.6428204725087298
outer loop
vertex 404.9902038574219 5.0 637.9483032226562
vertex 404.9902038574219 7.0 637.9483032226562
vertex 423.75634765625 -7.0 660.3109741210938
endloop
endfacet
facet normal 0.0 1.0 0.0
outer loop
vertex 404.9902038574219 7.0 637.9483032226562
vertex 405.88861083984375 7.0 644.010009765625
vertex 423.75634765625 7.0 660.3109741210938
endloop
endfacet
facet normal 0.0 1.0 0.0
outer loop
vertex 405.88861083984375 7.0 644.010009765625
vertex 405.9760437011719 7.0 647.33056640625
vertex 423.75634765625 7.0 660.3109741210938
endloop
endfacet
facet normal 0.0 -0.0 1.0
outer loop
vertex 399.0921325683594 7.0 659.4053955078125
vertex 409.7587890625 7.0 659.4053955078125
vertex 399.0921325683594 11.0 659.4053955078125
endloop
endfacet
facet normal 0.3490186593901113 0.9307155374399464 -0.1093369277298446
outer loop
vertex 399.0921325683594 11.0 659.4053955078125
vertex 409.7587890625 7.0 659.4053955078125
vertex 408.8131103515625 7.0 656.3866577148438
endloop
endfacet
facet normal 0.0 1.0 0.0
outer loop
vertex 405.9760437011719 7.0 647.33056640625
vertex 408.8131103515625 7.0 656.3866577148438
vertex 423.75634765625 7.0 660.3109741210938
endloop
endfacet
facet normal 0.0 0.0 -1.0
outer loop
vertex 369.57086181640625 6.77419376373291 637.9483032226562
vertex 403.6549377441406 112.0 637.9483032226562
vertex 404.9902038574219 115.0 637.9483032226562
endloop
endfacet
facet normal -0.10452614967827309 1.297553722316937e-06 -0.9945221385327486
outer loop
vertex 387.1513671875 137.0 630.02685546875
vertex 394.66070556640625 137.0 629.2376098632812
vertex 402.6511535644531 112.0 628.3977661132812
endloop
endfacet
facet normal 0.8635884944185541 0.0 -0.5041972950223901
outer loop
vertex 390.64654541015625 137.0 622.8025512695312
vertex 390.64654541015625 149.0 622.8025512695312
vertex 392.90411376953125 137.0 626.6693115234375
endloop
endfacet
facet normal 0.8635884944185541 0.0 -0.5041972950223901
outer loop
vertex 390.64654541015625 149.0 622.8025512695312
vertex 392.90411376953125 149.0 626.6693115234375
vertex 392.90411376953125 137.0 626.6693115234375
endloop
endfacet
facet normal 0.0 -1.0 0.0
outer loop
vertex 387.1513671875 137.0 630.02685546875
vertex 392.90411376953125 137.0 626.6693115234375
vertex 394.66070556640625 137.0 629.2376098632812
endloop
endfacet
facet normal 0.8254068440890036 0.0 -0.5645383438979424
outer loop
vertex 392.90411376953125 137.0 626.6693115234375
vertex 392.90411376953125 149.0 626.6693115234375
vertex 394.66070556640625 146.0 629.2376098632812
endloop
endfacet
facet normal 0.8254068440890036 0.0 -0.5645383438979424
outer loop
vertex 392.90411376953125 137.0 626.6693115234375
vertex 394.66070556640625 146.0 629.2376098632812
vertex 394.66070556640625 137.0 629.2376098632812
endloop
endfacet
facet normal 0.8254052762260176 -2.88050731840736e-06 -0.5645406362432686
outer loop
vertex 392.90411376953125 149.0 626.6693115234375
vertex 402.35992431640625 146.0 640.4945068359375
vertex 394.66070556640625 146.0 629.2376098632812
endloop
endfacet
facet normal -0.10453016502331518 0.0 -0.9945217165050739
outer loop
vertex 394.66070556640625 137.0 629.2376098632812
vertex 394.66070556640625 146.0 629.2376098632812
vertex 402.6511535644531 112.0 628.3977661132812
endloop
endfacet
facet normal -0.10453016502331516 -0.0 -0.9945217165050738
outer loop
vertex 394.66070556640625 146.0 629.2376098632812
vertex 402.6511535644531 146.0 628.3977661132812
vertex 402.6511535644531 112.0 628.3977661132812
endloop
endfacet
facet normal 0.0 -1.0 0.0
outer loop
vertex 371.4786682128906 112.0 637.9483032226562
vertex 402.6511535644531 112.0 628.3977661132812
vertex 403.6549377441406 112.0 637.9483032226562
endloop
endfacet
facet normal 0.10452683310398549 -1.4898412183727317e-06 0.9945220667029123
outer loop
vertex 379.6944274902344 137.0 642.876708984375
vertex 403.9054870605469 115.0 640.33203125
vertex 402.35992431640625 137.0 640.4945068359375
endloop
endfacet
facet normal 0.0 1.0 0.0
outer loop
vertex 388.7874755859375 149.0 654.1204223632812
vertex 405.2820739746094 149.0 644.7669067382812
vertex 392.90411376953125 149.0 626.6693115234375
endloop
endfacet
facet normal -0.0 1.0 0.0
outer loop
vertex 394.66070556640625 146.0 629.2376098632812
vertex 402.35992431640625 146.0 640.4945068359375
vertex 402.6511535644531 146.0 628.3977661132812
endloop
endfacet
facet normal 0.8254051282968009 -4.3434539651097126e-06 -0.564540852518643
outer loop
vertex 392.90411376953125 149.0 626.6693115234375
vertex 405.2820739746094 149.0 644.7669067382812
vertex 402.35992431640625 146.0 640.4945068359375
endloop
endfacet
facet normal 0.989194556534679 0.0 -0.14660876277412482
outer loop
vertex 405.88861083984375 7.0 644.010009765625
vertex 404.9902038574219 115.0 637.9483032226562
vertex 405.88861083984375 115.0 644.010009765625
endloop
endfacet
facet normal 0.9945220871843192 0.0 -0.1045266382437774
outer loop
vertex 402.6511535644531 112.0 628.3977661132812
vertex 402.6511535644531 146.0 628.3977661132812
vertex 403.6549377441406 115.0 637.9483032226562
endloop
endfacet
facet normal 0.9945220871843192 0.0 -0.1045266382437774
outer loop
vertex 402.6511535644531 112.0 628.3977661132812
vertex 403.6549377441406 115.0 637.9483032226562
vertex 403.6549377441406 112.0 637.9483032226562
endloop
endfacet
facet normal 0.0 0.0 -1.0
outer loop
vertex 403.6549377441406 112.0 637.9483032226562
vertex 403.6549377441406 115.0 637.9483032226562
vertex 404.9902038574219 115.0 637.9483032226562
endloop
endfacet
facet normal -0.0 1.0 0.0
outer loop
vertex 403.6549377441406 115.0 637.9483032226562
vertex 405.88861083984375 115.0 644.010009765625
vertex 404.9902038574219 115.0 637.9483032226562
endloop
endfacet
facet normal 0.0 1.0 0.0
outer loop
vertex 403.6549377441406 115.0 637.9483032226562
vertex 403.9054870605469 115.0 640.33203125
vertex 405.88861083984375 115.0 644.010009765625
endloop
endfacet
facet normal 0.994521487449447 0.0 -0.10453234428318986
outer loop
vertex 403.6549377441406 115.0 637.9483032226562
vertex 403.9054870605469 146.0 640.33203125
vertex 403.9054870605469 115.0 640.33203125
endloop
endfacet
facet normal 0.9945219673968819 -3.550040972379052e-07 -0.10452777795834584
outer loop
vertex 402.6511535644531 146.0 628.3977661132812
vertex 403.9054870605469 146.0 640.33203125
vertex 403.6549377441406 115.0 637.9483032226562
endloop
endfacet
facet normal -0.0 1.0 -0.0
outer loop
vertex 402.6511535644531 146.0 628.3977661132812
vertex 402.35992431640625 146.0 640.4945068359375
vertex 403.9054870605469 146.0 640.33203125
endloop
endfacet
facet normal 0.10454780817460037 -0.0 0.9945198619464003
outer loop
vertex 403.9054870605469 115.0 640.33203125
vertex 403.9054870605469 146.0 640.33203125
vertex 402.35992431640625 137.0 640.4945068359375
endloop
endfacet
facet normal 0.10454780817460037 0.0 0.9945198619464003
outer loop
vertex 402.35992431640625 137.0 640.4945068359375
vertex 403.9054870605469 146.0 640.33203125
vertex 402.35992431640625 146.0 640.4945068359375
endloop
endfacet
facet normal 0.8254037071308593 0.0 -0.5645429303911569
outer loop
vertex 402.35992431640625 137.0 640.4945068359375
vertex 402.35992431640625 146.0 640.4945068359375
vertex 405.2820739746094 137.0 644.7669067382812
endloop
endfacet
facet normal -0.0 1.0 0.0
outer loop
vertex 369.88861083984375 115.0 644.010009765625
vertex 405.88861083984375 115.0 644.010009765625
vertex 403.9054870605469 115.0 640.33203125
endloop
endfacet
facet normal 0.0 -0.9999999999999999 0.0
outer loop
vertex 379.6944274902344 137.0 642.876708984375
vertex 402.35992431640625 137.0 640.4945068359375
vertex 405.2820739746094 137.0 644.7669067382812
endloop
endfacet
facet normal 0.0 -1.0 0.0
outer loop
vertex 379.6944274902344 137.0 642.876708984375
vertex 405.2820739746094 137.0 644.7669067382812
vertex 388.7874755859375 137.0 654.1204223632812
endloop
endfacet
facet normal -0.7157789401982515 0.0 0.6983269354454744
outer loop
vertex 388.7874755859375 137.0 654.1204223632812
vertex 404.0748596191406 149.0 669.7898559570312
vertex 388.7874755859375 149.0 654.1204223632812
endloop
endfacet
facet normal 0.0 -1.0 0.0
outer loop
vertex 388.7874755859375 137.0 654.1204223632812
vertex 405.2820739746094 137.0 644.7669067382812
vertex 404.0748596191406 137.0 669.7898559570312
endloop
endfacet
facet normal -0.0 1.0 0.0
outer loop
vertex 388.7874755859375 149.0 654.1204223632812
vertex 404.0748596191406 149.0 669.7898559570312
vertex 405.2820739746094 149.0 644.7669067382812
endloop
endfacet
facet normal 0.8254037071308593 0.0 -0.5645429303911569
outer loop
vertex 402.35992431640625 146.0 640.4945068359375
vertex 405.2820739746094 149.0 644.7669067382812
vertex 405.2820739746094 137.0 644.7669067382812
endloop
endfacet
facet normal 0.743145255145826 0.0 -0.6691301291634127
outer loop
vertex 405.2820739746094 137.0 644.7669067382812
vertex 405.2820739746094 149.0 644.7669067382812
vertex 419.9595642089844 149.0 661.0679321289062
endloop
endfacet
facet normal 0.0 -0.9999999999999999 0.0
outer loop
vertex 405.2820739746094 137.0 644.7669067382812
vertex 419.9595642089844 137.0 661.0679321289062
vertex 404.0748596191406 137.0 669.7898559570312
endloop
endfacet
facet normal -0.0 0.9999999999999999 -0.0
outer loop
vertex 405.2820739746094 149.0 644.7669067382812
vertex 404.0748596191406 149.0 669.7898559570312
vertex 419.9595642089844 149.0 661.0679321289062
endloop
endfacet
facet normal 0.0 -0.0 1.0
outer loop
vertex 389.4585876464844 -5.0 665.7446899414062
vertex 407.0960388183594 5.0 665.7446899414062
vertex 389.4585876464844 7.0 665.7446899414062
endloop
endfacet
facet normal -0.0 0.0 1.0
outer loop
vertex 389.4585876464844 7.0 665.7446899414062
vertex 407.0960388183594 5.0 665.7446899414062
vertex 415.26202392578125 5.0 665.7446899414062
endloop
endfacet
facet normal -0.0 0.9999999999999999 -0.0
outer loop
vertex 409.7587890625 7.0 659.4053955078125
vertex 389.4585876464844 7.0 665.7446899414062
vertex 423.75634765625 7.0 660.3109741210938
endloop
endfacet
facet normal -0.0 0.0 1.0
outer loop
vertex 389.4585876464844 7.0 665.7446899414062
vertex 415.26202392578125 5.0 665.7446899414062
vertex 425.4585876464844 7.0 665.7446899414062
endloop
endfacet
facet normal -0.0 1.0 0.0
outer loop
vertex 389.4585876464844 7.0 665.7446899414062
vertex 425.4585876464844 7.0 665.7446899414062
vertex 423.75634765625 7.0 660.3109741210938
endloop
endfacet
facet normal -0.7233674690124722 0.0 0.6904632537467077
outer loop
vertex 409.90411376953125 -5.0 668.6865844726562
vertex 409.90411376953125 5.0 668.6865844726562
vertex 407.0960388183594 5.0 665.7446899414062
endloop
endfacet
facet normal -0.0 1.0 0.0
outer loop
vertex 407.0960388183594 5.0 665.7446899414062
vertex 409.90411376953125 5.0 668.6865844726562
vertex 415.26202392578125 5.0 665.7446899414062
endloop
endfacet
facet normal -0.8897668705438948 0.0 0.456415289054304
outer loop
vertex 409.4521484375 5.0 679.8442993164062
vertex 411.8630065917969 5.0 684.544189453125
vertex 411.8630065917969 115.0 684.544189453125
endloop
endfacet
facet normal -0.7157789401982515 0.0 0.6983269354454744
outer loop
vertex 388.7874755859375 137.0 654.1204223632812
vertex 404.0748596191406 137.0 669.7898559570312
vertex 404.0748596191406 149.0 669.7898559570312
endloop
endfacet
facet normal 0.0 0.0 -1.0
outer loop
vertex 409.4521484375 5.0 679.8442993164062
vertex 409.4521484375 115.0 679.8442993164062
vertex 411.9196472167969 112.0 679.8442993164062
endloop
endfacet
facet normal 0.0 -1.0 0.0
outer loop
vertex 404.0748596191406 137.0 669.7898559570312
vertex 419.9595642089844 137.0 661.0679321289062
vertex 412.36810302734375 137.0 676.7487182617188
endloop
endfacet
facet normal -0.6427878709317716 0.0 0.7660442239081242
outer loop
vertex 404.0748596191406 137.0 669.7898559570312
vertex 412.36810302734375 137.0 676.7487182617188
vertex 404.0748596191406 149.0 669.7898559570312
endloop
endfacet
facet normal 0.0 0.0 -1.0
outer loop
vertex 409.4521484375 115.0 679.8442993164062
vertex 411.9196472167969 115.0 679.8442993164062
vertex 411.9196472167969 112.0 679.8442993164062
endloop
endfacet
facet normal -0.9271828546479272 0.0 0.3746090682924279
outer loop
vertex 410.9073791503906 112.0 677.3388671875
vertex 411.9196472167969 112.0 679.8442993164062
vertex 411.9196472167969 115.0 679.8442993164062
endloop
endfacet
facet normal -0.6427878709317716 0.0 0.7660442239081241
outer loop
vertex 404.0748596191406 149.0 669.7898559570312
vertex 412.36810302734375 137.0 676.7487182617188
vertex 412.36810302734375 146.0 676.7487182617188
endloop
endfacet
facet normal -0.3745946817945063 0.0 -0.9271886670852231
outer loop
vertex 410.9073791503906 112.0 677.3388671875
vertex 410.9073791503906 146.0 677.3388671875
vertex 412.36810302734375 137.0 676.7487182617188
endloop
endfacet
facet normal -0.9271834107243324 0.0 0.37460769196266325
outer loop
vertex 410.9073791503906 112.0 677.3388671875
vertex 415.4026794433594 146.0 688.465087890625
vertex 410.9073791503906 146.0 677.3388671875
endloop
endfacet
facet normal -0.3745946817945062 0.0 -0.927188667085223
outer loop
vertex 412.36810302734375 137.0 676.7487182617188
vertex 410.9073791503906 146.0 677.3388671875
vertex 412.36810302734375 146.0 676.7487182617188
endloop
endfacet
facet normal -0.6427863956245163 6.949811582071121e-06 0.7660454618048089
outer loop
vertex 404.0748596191406 149.0 669.7898559570312
vertex 412.36810302734375 146.0 676.7487182617188
vertex 420.878173828125 149.0 683.8894653320312
endloop
endfacet
facet normal -0.0 1.0 0.0
outer loop
vertex 410.9073791503906 146.0 677.3388671875
vertex 415.4026794433594 146.0 688.465087890625
vertex 412.36810302734375 146.0 676.7487182617188
endloop
endfacet
facet normal -0.8897668705438948 0.0 0.456415289054304
outer loop
vertex 409.4521484375 5.0 679.8442993164062
vertex 411.8630065917969 115.0 684.544189453125
vertex 409.4521484375 115.0 679.8442993164062
endloop
endfacet
facet normal 0.0 -0.0 1.0
outer loop
vertex 411.8630065917969 5.0 684.544189453125
vertex 413.81854248046875 112.0 684.544189453125
vertex 411.8630065917969 115.0 684.544189453125
endloop
endfacet
facet normal -0.0 1.0 0.0
outer loop
vertex 409.4521484375 115.0 679.8442993164062
vertex 411.8630065917969 115.0 684.544189453125
vertex 411.9196472167969 115.0 679.8442993164062
endloop
endfacet
facet normal 0.0 1.0 -0.0
outer loop
vertex 411.9196472167969 115.0 679.8442993164062
vertex 411.8630065917969 115.0 684.544189453125
vertex 413.81854248046875 115.0 684.544189453125
endloop
endfacet
facet normal -0.0 0.0 1.0
outer loop
vertex 411.8630065917969 115.0 684.544189453125
vertex 413.81854248046875 112.0 684.544189453125
vertex 413.81854248046875 115.0 684.544189453125
endloop
endfacet
facet normal -0.9271824963664311 -8.614719818086584e-07 0.3746099550612222
outer loop
vertex 410.9073791503906 112.0 677.3388671875
vertex 411.9196472167969 115.0 679.8442993164062
vertex 415.4026794433594 146.0 688.465087890625
endloop
endfacet
facet normal -0.24192008343578508 0.0 -0.9702961780974009
outer loop
vertex 410.5644226074219 -146.0 650.633544921875
vertex 410.5644226074219 -137.0 650.633544921875
vertex 420.3221740722656 -146.0 648.20068359375
endloop
endfacet
facet normal 0.0 -1.0 0.0
outer loop
vertex 410.5644226074219 -146.0 650.633544921875
vertex 420.3221740722656 -146.0 648.20068359375
vertex 419.6584167480469 -146.0 660.7334594726562
endloop
endfacet
facet normal 0.7431451828650996 -3.1578660197908157e-06 -0.6691302094319354
outer loop
vertex 410.5644226074219 -146.0 650.633544921875
vertex 419.6584167480469 -146.0 660.7334594726562
vertex 419.9595642089844 -149.0 661.0679321289062
endloop
endfacet
facet normal 0.0 -1.0 0.0
outer loop
vertex 420.3221740722656 -146.0 648.20068359375
vertex 423.2252502441406 -146.0 659.8441772460938
vertex 419.6584167480469 -146.0 660.7334594726562
endloop
endfacet
facet normal 0.9702951951148534 0.0 -0.24192402596068965
outer loop
vertex 420.3221740722656 -146.0 648.20068359375
vertex 420.3221740722656 -112.0 648.20068359375
vertex 423.2252502441406 -146.0 659.8441772460938
endloop
endfacet
facet normal 0.7431592673804971 0.0 -0.6691145666524403
outer loop
vertex 419.9595642089844 -149.0 661.0679321289062
vertex 419.6584167480469 -146.0 660.7334594726562
vertex 419.9595642089844 -137.0 661.0679321289062
endloop
endfacet
facet normal 0.7431592673804971 0.0 -0.6691145666524402
outer loop
vertex 419.6584167480469 -146.0 660.7334594726562
vertex 419.6584167480469 -137.0 660.7334594726562
vertex 419.9595642089844 -137.0 661.0679321289062
endloop
endfacet
facet normal 0.24191440546343387 -4.5789476054855907e-07 0.9702975937458896
outer loop
vertex 419.6584167480469 -146.0 660.7334594726562
vertex 423.2252502441406 -146.0 659.8441772460938
vertex 421.35302734375 -115.0 660.3109741210938
endloop
endfacet
facet normal 0.24190651924725598 0.0 0.9702995599018258
outer loop
vertex 419.6584167480469 -146.0 660.7334594726562
vertex 421.35302734375 -115.0 660.3109741210938
vertex 419.6584167480469 -137.0 660.7334594726562
endloop
endfacet
facet normal 0.9702951951148534 0.0 -0.24192402596068965
outer loop
vertex 420.3221740722656 -112.0 648.20068359375
vertex 423.2252502441406 -112.0 659.8441772460938
vertex 423.2252502441406 -146.0 659.8441772460938
endloop
endfacet
facet normal 0.2419215434960874 -0.0 0.970295814065211
outer loop
vertex 423.2252502441406 -146.0 659.8441772460938
vertex 423.2252502441406 -112.0 659.8441772460938
vertex 421.35302734375 -115.0 660.3109741210938
endloop
endfacet
facet normal 0.24192154349608747 0.0 0.9702958140652111
outer loop
vertex 421.35302734375 -115.0 660.3109741210938
vertex 423.2252502441406 -112.0 659.8441772460938
vertex 421.35302734375 -112.0 660.3109741210938
endloop
endfacet
facet normal 0.0 0.0 -1.0
outer loop
vertex 421.35302734375 -115.0 660.3109741210938
vertex 421.35302734375 -112.0 660.3109741210938
vertex 423.75634765625 -7.0 660.3109741210938
endloop
endfacet
facet normal 0.0 0.0 -1.0
outer loop
vertex 421.35302734375 -115.0 660.3109741210938
vertex 423.75634765625 -7.0 660.3109741210938
vertex 423.75634765625 -115.0 660.3109741210938
endloop
endfacet
facet normal -0.0 -1.0 0.0
outer loop
vertex 406.9217224121094 -7.0 650.3493041992188
vertex 423.75634765625 -7.0 660.3109741210938
vertex 409.7587890625 -7.0 659.4053955078125
endloop
endfacet
facet normal 0.7660168667357484 0.0 -0.6428204725087298
outer loop
vertex 404.9902038574219 7.0 637.9483032226562
vertex 423.75634765625 -5.0 660.3109741210938
vertex 423.75634765625 -7.0 660.3109741210938
endloop
endfacet
facet normal 0.9542431959286911 0.0 -0.299031642178211
outer loop
vertex 423.75634765625 -7.0 660.3109741210938
vertex 423.75634765625 -5.0 660.3109741210938
vertex 423.7838134765625 -6.77419376373291 660.3986206054688
endloop
endfacet
facet normal 0.0 0.9999999999999999 0.0
outer loop
vertex 404.0748596191406 -137.0 669.7898559570312
vertex 419.9595642089844 -137.0 661.0679321289062
vertex 419.6584167480469 -137.0 660.7334594726562
endloop
endfacet
facet normal 0.24192239530703377 -1.2989103721814265e-06 0.9702956016839508
outer loop
vertex 399.55963134765625 -115.0 665.7446899414062
vertex 419.6584167480469 -137.0 660.7334594726562
vertex 421.35302734375 -115.0 660.3109741210938
endloop
endfacet
facet normal 0.0 -1.0 0.0
outer loop
vertex 399.55963134765625 -115.0 665.7446899414062
vertex 421.35302734375 -115.0 660.3109741210938
vertex 423.75634765625 -115.0 660.3109741210938
endloop
endfacet
facet normal 0.0 -0.9999999999999999 0.0
outer loop
vertex 399.55963134765625 -115.0 665.7446899414062
vertex 423.75634765625 -115.0 660.3109741210938
vertex 425.4585876464844 -115.0 665.7446899414062
endloop
endfacet
facet normal 0.0 -1.0 0.0
outer loop
vertex 404.0748596191406 -149.0 669.7898559570312
vertex 419.9595642089844 -149.0 661.0679321289062
vertex 420.878173828125 -149.0 683.8894653320312
endloop
endfacet
facet normal -0.0 1.0 0.0
outer loop
vertex 404.0748596191406 -137.0 669.7898559570312
vertex 420.878173828125 -137.0 683.8894653320312
vertex 419.9595642089844 -137.0 661.0679321289062
endloop
endfacet
facet normal -0.6427863956400397 0.0 0.7660454618233089
outer loop
vertex 404.0748596191406 -149.0 669.7898559570312
vertex 420.878173828125 -149.0 683.8894653320312
vertex 420.878173828125 -137.0 683.8894653320312
endloop
endfacet
facet normal -0.0 0.0 1.0
outer loop
vertex 399.55963134765625 -112.0 665.7446899414062
vertex 425.4585876464844 -115.0 665.7446899414062
vertex 425.4585876464844 -7.0 665.7446899414062
endloop
endfacet
facet normal 0.954269557140195 0.0 -0.2989475076254293
outer loop
vertex 423.75634765625 -115.0 660.3109741210938
vertex 423.75634765625 -7.0 660.3109741210938
vertex 425.4585876464844 -115.0 665.7446899414062
endloop
endfacet
facet normal 0.6729206055013762 0.0 -0.7397147143944489
outer loop
vertex 419.9595642089844 -149.0 661.0679321289062
vertex 419.9595642089844 -137.0 661.0679321289062
vertex 436.1529846191406 -137.0 675.7991333007812
endloop
endfacet
facet normal 0.6729206055013762 0.0 -0.7397147143944489
outer loop
vertex 419.9595642089844 -149.0 661.0679321289062
vertex 436.1529846191406 -137.0 675.7991333007812
vertex 436.1529846191406 -149.0 675.7991333007812
endloop
endfacet
facet normal 0.0 -1.0 0.0
outer loop
vertex 419.9595642089844 -149.0 661.0679321289062
vertex 436.1529846191406 -149.0 675.7991333007812
vertex 420.878173828125 -149.0 683.8894653320312
endloop
endfacet
facet normal -0.0 1.0 0.0
outer loop
vertex 419.9595642089844 -137.0 661.0679321289062
vertex 420.878173828125 -137.0 683.8894653320312
vertex 436.1529846191406 -137.0 675.7991333007812
endloop
endfacet
facet normal -0.5353916152441843 0.0 0.8446039416946995
outer loop
vertex 420.878173828125 -149.0 683.8894653320312
vertex 439.3966979980469 -137.0 695.6282958984375
vertex 420.878173828125 -137.0 683.8894653320312
endloop
endfacet
facet normal 0.0 -1.0 0.0
outer loop
vertex 420.878173828125 -149.0 683.8894653320312
vertex 436.1529846191406 -149.0 675.7991333007812
vertex 439.3966979980469 -149.0 695.6282958984375
endloop
endfacet
facet normal -0.0 1.0 0.0
outer loop
vertex 420.878173828125 -137.0 683.8894653320312
vertex 439.3966979980469 -137.0 695.6282958984375
vertex 436.1529846191406 -137.0 675.7991333007812
endloop
endfacet
facet normal -0.5353916152441843 0.0 0.8446039416946995
outer loop
vertex 420.878173828125 -149.0 683.8894653320312
vertex 439.3966979980469 -149.0 695.6282958984375
vertex 439.3966979980469 -137.0 695.6282958984375
endloop
endfacet
facet normal 0.0 -0.0 1.0
outer loop
vertex 399.55963134765625 -112.0 665.7446899414062
vertex 425.4585876464844 -7.0 665.7446899414062
vertex 424.8779296875 -6.77419376373291 665.7446899414062
endloop
endfacet
facet normal 0.954246221097419 -4.115097441989152e-06 -0.2990219883292222
outer loop
vertex 423.75634765625 -7.0 660.3109741210938
vertex 423.7838134765625 -6.77419376373291 660.3986206054688
vertex 425.4585876464844 -115.0 665.7446899414062
endloop
endfacet
facet normal -0.0 -0.0 0.9999999999999999
outer loop
vertex 407.0960388183594 -5.0 665.7446899414062
vertex 424.8779296875 -6.77419376373291 665.7446899414062
vertex 415.26202392578125 -5.0 665.7446899414062
endloop
endfacet
facet normal 0.9542669643331609 4.115404233573761e-06 -0.29895578396384476
outer loop
vertex 423.7838134765625 -6.77419376373291 660.3986206054688
vertex 423.75634765625 -5.0 660.3109741210938
vertex 425.4585876464844 7.0 665.7446899414062
endloop
endfacet
facet normal -0.0 0.0 1.0
outer loop
vertex 415.26202392578125 -5.0 665.7446899414062
vertex 424.8779296875 -6.77419376373291 665.7446899414062
vertex 425.2786560058594 -5.0 665.7446899414062
endloop
endfacet
facet normal 0.0 -1.0 0.0
outer loop
vertex 415.26202392578125 -5.0 665.7446899414062
vertex 425.2786560058594 -5.0 665.7446899414062
vertex 426.7074279785156 -5.0 682.7862548828125
endloop
endfacet
facet normal 0.0 -0.9999999999999999 0.0
outer loop
vertex 409.90411376953125 -5.0 668.6865844726562
vertex 415.26202392578125 -5.0 665.7446899414062
vertex 426.7074279785156 -5.0 682.7862548828125
endloop
endfacet
facet normal -0.6427880284948853 0.0 0.7660440916968544
outer loop
vertex 409.90411376953125 -5.0 668.6865844726562
vertex 426.7074279785156 -5.0 682.7862548828125
vertex 426.7074279785156 5.0 682.7862548828125
endloop
endfacet
facet normal 0.9542699892711343 0.0 -0.29894612821789346
outer loop
vertex 423.7838134765625 -6.77419376373291 660.3986206054688
vertex 425.4585876464844 -7.0 665.7446899414062
vertex 425.4585876464844 -115.0 665.7446899414062
endloop
endfacet
facet normal 0.9542699892711343 0.0 -0.29894612821789346
outer loop
vertex 423.7838134765625 -6.77419376373291 660.3986206054688
vertex 425.4585876464844 7.0 665.7446899414062
vertex 425.4585876464844 -7.0 665.7446899414062
endloop
endfacet
facet normal -0.0 -0.0 1.0
outer loop
vertex 424.8779296875 -6.77419376373291 665.7446899414062
vertex 425.4585876464844 -7.0 665.7446899414062
vertex 425.2786560058594 -5.0 665.7446899414062
endloop
endfacet
facet normal 0.0 -0.0 0.9999999999999999
outer loop
vertex 425.4585876464844 -7.0 665.7446899414062
vertex 425.4585876464844 7.0 665.7446899414062
vertex 425.2786560058594 -5.0 665.7446899414062
endloop
endfacet
facet normal 0.0 -1.0 0.0
outer loop
vertex 425.2786560058594 -5.0 665.7446899414062
vertex 437.8163757324219 -5.0 676.90234375
vertex 426.7074279785156 -5.0 682.7862548828125
endloop
endfacet
facet normal 0.6647968845571026 0.0 -0.7470241644573289
outer loop
vertex 425.2786560058594 -5.0 665.7446899414062
vertex 437.8163757324219 5.0 676.90234375
vertex 437.8163757324219 -5.0 676.90234375
endloop
endfacet
facet normal 0.6013037506086526 0.0 -0.7990205250830339
outer loop
vertex 436.1529846191406 -149.0 675.7991333007812
vertex 436.1529846191406 -137.0 675.7991333007812
vertex 453.639404296875 -137.0 688.9585571289062
endloop
endfacet
facet normal 0.0 -1.0 0.0
outer loop
vertex 436.1529846191406 -149.0 675.7991333007812
vertex 453.639404296875 -149.0 688.9585571289062
vertex 439.3966979980469 -149.0 695.6282958984375
endloop
endfacet
facet normal -0.0 1.0 0.0
outer loop
vertex 436.1529846191406 -137.0 675.7991333007812
vertex 439.3966979980469 -137.0 695.6282958984375
vertex 453.639404296875 -137.0 688.9585571289062
endloop
endfacet
facet normal -0.4545632473647805 0.0 0.8907144627461626
outer loop
vertex 439.3966979980469 -149.0 695.6282958984375
vertex 449.4594421386719 -137.0 700.763671875
vertex 439.3966979980469 -137.0 695.6282958984375
endloop
endfacet
facet normal -0.4545632473647805 0.0 0.8907144627461626
outer loop
vertex 439.3966979980469 -149.0 695.6282958984375
vertex 449.4594421386719 -149.0 700.763671875
vertex 449.4594421386719 -137.0 700.763671875
endloop
endfacet
facet normal 0.6013037506086526 0.0 -0.7990205250830339
outer loop
vertex 436.1529846191406 -149.0 675.7991333007812
vertex 453.639404296875 -137.0 688.9585571289062
vertex 453.639404296875 -149.0 688.9585571289062
endloop
endfacet
facet normal 0.5244230750026305 0.0 -0.8514578312545991
outer loop
vertex 453.639404296875 -149.0 688.9585571289062
vertex 457.4142150878906 -137.0 691.2835083007812
vertex 457.4142150878906 -149.0 691.2835083007812
endloop
endfacet
facet normal 0.5244230750026305 0.0 -0.8514578312545991
outer loop
vertex 453.639404296875 -149.0 688.9585571289062
vertex 453.639404296875 -137.0 688.9585571289062
vertex 457.4142150878906 -137.0 691.2835083007812
endloop
endfacet
facet normal 0.0 -1.0 0.0
outer loop
vertex 439.3966979980469 -149.0 695.6282958984375
vertex 453.639404296875 -149.0 688.9585571289062
vertex 455.20562744140625 -149.0 693.9156494140625
endloop
endfacet
facet normal 0.0 0.9999999999999999 0.0
outer loop
vertex 439.3966979980469 -137.0 695.6282958984375
vertex 457.4142150878906 -137.0 691.2835083007812
vertex 453.639404296875 -137.0 688.9585571289062
endloop
endfacet
facet normal 0.0 1.0 0.0
outer loop
vertex 439.3966979980469 -137.0 695.6282958984375
vertex 455.20562744140625 -137.0 693.9156494140625
vertex 457.4142150878906 -137.0 691.2835083007812
endloop
endfacet
facet normal 0.0 -0.9999999999999999 0.0
outer loop
vertex 439.3966979980469 -149.0 695.6282958984375
vertex 455.20562744140625 -149.0 693.9156494140625
vertex 449.4594421386719 -149.0 700.763671875
endloop
endfacet
facet normal -0.0 0.9999999999999999 0.0
outer loop
vertex 439.3966979980469 -137.0 695.6282958984375
vertex 449.4594421386719 -137.0 700.763671875
vertex 455.20562744140625 -137.0 693.9156494140625
endloop
endfacet
facet normal 0.7660437721386744 0.0 0.642788409328879
outer loop
vertex 449.4594421386719 -149.0 700.763671875
vertex 455.20562744140625 -149.0 693.9156494140625
vertex 449.4594421386719 -137.0 700.763671875
endloop
endfacet
facet normal 0.0 -0.9999999999999999 0.0
outer loop
vertex 453.639404296875 -149.0 688.9585571289062
vertex 457.4142150878906 -149.0 691.2835083007812
vertex 455.20562744140625 -149.0 693.9156494140625
endloop
endfacet
facet normal 0.7660503173961033 0.0 0.642780608930706
outer loop
vertex 455.20562744140625 -149.0 693.9156494140625
vertex 457.4142150878906 -137.0 691.2835083007812
vertex 455.20562744140625 -137.0 693.9156494140625
endloop
endfacet
facet normal 0.7660503173961033 -0.0 0.642780608930706
outer loop
vertex 457.4142150878906 -149.0 691.2835083007812
vertex 457.4142150878906 -137.0 691.2835083007812
vertex 455.20562744140625 -149.0 693.9156494140625
endloop
endfacet
facet normal 0.7660437721386744 -0.0 0.642788409328879
outer loop
vertex 449.4594421386719 -137.0 700.763671875
vertex 455.20562744140625 -149.0 693.9156494140625
vertex 455.20562744140625 -137.0 693.9156494140625
endloop
endfacet
facet normal 0.0 -0.9999999999999999 0.0
outer loop
vertex 426.7074279785156 -5.0 682.7862548828125
vertex 437.8163757324219 -5.0 676.90234375
vertex 445.0852355957031 -5.0 694.7188110351562
endloop
endfacet
facet normal -0.5445706071367553 0.0 0.8387150015605453
outer loop
vertex 426.7074279785156 -5.0 682.7862548828125
vertex 445.0852355957031 -5.0 694.7188110351562
vertex 445.0852355957031 5.0 694.7188110351562
endloop
endfacet
facet normal 0.0 -1.0 0.0
outer loop
vertex 437.8163757324219 -5.0 676.90234375
vertex 455.44354248046875 -5.0 689.8681030273438
vertex 445.0852355957031 -5.0 694.7188110351562
endloop
endfacet
facet normal 0.5925271035838984 0.0 -0.8055505145665763
outer loop
vertex 437.8163757324219 -5.0 676.90234375
vertex 455.44354248046875 5.0 689.8681030273438
vertex 455.44354248046875 -5.0 689.8681030273438
endloop
endfacet
facet normal 0.5151002207496345 0.0 -0.8571299566481607
outer loop
vertex 455.44354248046875 -5.0 689.8681030273438
vertex 457.54315185546875 5.0 691.1298828125
vertex 457.54315185546875 -5.0 691.1298828125
endloop
endfacet
facet normal 0.0 -1.0 0.0
outer loop
vertex 445.0852355957031 -5.0 694.7188110351562
vertex 456.7617492675781 -5.0 692.0610961914062
vertex 451.6459045410156 -5.0 698.157958984375
endloop
endfacet
facet normal -0.4642831491433167 0.0 0.8856868280727477
outer loop
vertex 445.0852355957031 -5.0 694.7188110351562
vertex 451.6459045410156 -5.0 698.157958984375
vertex 451.6459045410156 5.0 698.157958984375
endloop
endfacet
facet normal 0.0 -1.0 0.0
outer loop
vertex 445.0852355957031 -5.0 694.7188110351562
vertex 455.44354248046875 -5.0 689.8681030273438
vertex 456.7617492675781 -5.0 692.0610961914062
endloop
endfacet
facet normal 0.0 -1.0 0.0
outer loop
vertex 455.44354248046875 -5.0 689.8681030273438
vertex 457.54315185546875 -5.0 691.1298828125
vertex 456.7617492675781 -5.0 692.0610961914062
endloop
endfacet
facet normal 0.7660356187351268 -0.0 0.642798126031098
outer loop
vertex 456.7617492675781 -5.0 692.0610961914062
vertex 457.54315185546875 -5.0 691.1298828125
vertex 457.54315185546875 5.0 691.1298828125
endloop
endfacet
facet normal 0.7660463359447309 0.0 0.6427853538979033
outer loop
vertex 451.6459045410156 -5.0 698.157958984375
vertex 456.7617492675781 -5.0 692.0610961914062
vertex 451.6459045410156 5.0 698.157958984375
endloop
endfacet
facet normal 0.7660168667357484 0.0 -0.6428204725087299
outer loop
vertex 404.9902038574219 7.0 637.9483032226562
vertex 423.75634765625 7.0 660.3109741210938
vertex 423.75634765625 -5.0 660.3109741210938
endloop
endfacet
facet normal 0.0 1.0 0.0
outer loop
vertex 408.8131103515625 7.0 656.3866577148438
vertex 409.7587890625 7.0 659.4053955078125
vertex 423.75634765625 7.0 660.3109741210938
endloop
endfacet
facet normal 0.743145255145826 0.0 -0.6691301291634127
outer loop
vertex 405.2820739746094 137.0 644.7669067382812
vertex 419.9595642089844 149.0 661.0679321289062
vertex 419.9595642089844 137.0 661.0679321289062
endloop
endfacet
facet normal -0.0 1.0 0.0
outer loop
vertex 409.90411376953125 5.0 668.6865844726562
vertex 423.20135498046875 5.0 679.8442993164062
vertex 415.26202392578125 5.0 665.7446899414062
endloop
endfacet
facet normal 0.9542695571401949 0.0 -0.29894750762542927
outer loop
vertex 423.75634765625 -5.0 660.3109741210938
vertex 423.75634765625 7.0 660.3109741210938
vertex 425.4585876464844 7.0 665.7446899414062
endloop
endfacet
facet normal 0.0 0.0 1.0
outer loop
vertex 415.26202392578125 5.0 665.7446899414062
vertex 425.2786560058594 5.0 665.7446899414062
vertex 425.4585876464844 7.0 665.7446899414062
endloop
endfacet
facet normal -0.0 1.0 0.0
outer loop
vertex 415.26202392578125 5.0 665.7446899414062
vertex 423.20135498046875 5.0 679.8442993164062
vertex 425.2786560058594 5.0 665.7446899414062
endloop
endfacet
facet normal -0.6427877668183852 0.0 0.7660443112696766
outer loop
vertex 409.90411376953125 -5.0 668.6865844726562
vertex 423.20135498046875 5.0 679.8442993164062
vertex 409.90411376953125 5.0 668.6865844726562
endloop
endfacet
facet normal -0.6427890209326559 2.8417905787391916e-06 0.7660432589353959
outer loop
vertex 409.90411376953125 -5.0 668.6865844726562
vertex 426.7074279785156 5.0 682.7862548828125
vertex 423.20135498046875 5.0 679.8442993164062
endloop
endfacet
facet normal 0.0 -0.0 1.0
outer loop
vertex 425.2786560058594 -5.0 665.7446899414062
vertex 425.4585876464844 7.0 665.7446899414062
vertex 425.2786560058594 5.0 665.7446899414062
endloop
endfacet
facet normal 0.6647968845571026 0.0 -0.7470241644573289
outer loop
vertex 425.2786560058594 -5.0 665.7446899414062
vertex 425.2786560058594 5.0 665.7446899414062
vertex 437.8163757324219 5.0 676.90234375
endloop
endfacet
facet normal -0.0 0.9999999999999999 0.0
outer loop
vertex 423.20135498046875 5.0 679.8442993164062
vertex 432.26190185546875 5.0 679.8442993164062
vertex 425.2786560058594 5.0 665.7446899414062
endloop
endfacet
facet normal -0.0 1.0 0.0
outer loop
vertex 425.2786560058594 5.0 665.7446899414062
vertex 432.26190185546875 5.0 679.8442993164062
vertex 437.8163757324219 5.0 676.90234375
endloop
endfacet
facet normal 0.0 -0.0 -0.9999999999999999
outer loop
vertex 409.4521484375 5.0 679.8442993164062
vertex 445.4521484375 115.0 679.8442993164062
vertex 423.20135498046875 5.0 679.8442993164062
endloop
endfacet
facet normal 0.0 -0.0 -1.0
outer loop
vertex 423.20135498046875 5.0 679.8442993164062
vertex 445.4521484375 115.0 679.8442993164062
vertex 432.26190185546875 5.0 679.8442993164062
endloop
endfacet
facet normal 0.0 -1.0 0.0
outer loop
vertex 409.4521484375 5.0 679.8442993164062
vertex 423.20135498046875 5.0 679.8442993164062
vertex 411.8630065917969 5.0 684.544189453125
endloop
endfacet
facet normal 0.0 -1.0 0.0
outer loop
vertex 411.8630065917969 5.0 684.544189453125
vertex 423.20135498046875 5.0 679.8442993164062
vertex 426.7074279785156 5.0 682.7862548828125
endloop
endfacet
facet normal 0.0 -1.0 0.0
outer loop
vertex 411.8630065917969 5.0 684.544189453125
vertex 426.7074279785156 5.0 682.7862548828125
vertex 429.4148864746094 5.0 684.544189453125
endloop
endfacet
facet normal -0.5445715889484484 0.0 0.8387143640776412
outer loop
vertex 426.7074279785156 -5.0 682.7862548828125
vertex 429.4148864746094 5.0 684.544189453125
vertex 426.7074279785156 5.0 682.7862548828125
endloop
endfacet
facet normal -0.5445704375030872 -4.431765442932935e-07 0.8387151117021201
outer loop
vertex 426.7074279785156 -5.0 682.7862548828125
vertex 445.0852355957031 5.0 694.7188110351562
vertex 429.4148864746094 5.0 684.544189453125
endloop
endfacet
facet normal 0.0 0.0 1.0
outer loop
vertex 411.8630065917969 5.0 684.544189453125
vertex 429.4148864746094 5.0 684.544189453125
vertex 447.8630065917969 115.0 684.544189453125
endloop
endfacet
facet normal 0.0 0.0 -1.0
outer loop
vertex 409.4521484375 5.0 679.8442993164062
vertex 411.9196472167969 112.0 679.8442993164062
vertex 436.7398376464844 112.0 679.8442993164062
endloop
endfacet
facet normal 0.6729194470574248 0.0 -0.7397157682325891
outer loop
vertex 419.9595642089844 137.0 661.0679321289062
vertex 419.9595642089844 149.0 661.0679321289062
vertex 429.5609436035156 146.0 669.8023071289062
endloop
endfacet
facet normal 0.0 -1.0 0.0
outer loop
vertex 412.36810302734375 137.0 676.7487182617188
vertex 419.9595642089844 137.0 661.0679321289062
vertex 429.5609436035156 137.0 669.8023071289062
endloop
endfacet
facet normal -0.37460903399817297 9.754653390770963e-07 -0.9271828685032981
outer loop
vertex 410.9073791503906 112.0 677.3388671875
vertex 412.36810302734375 137.0 676.7487182617188
vertex 429.5609436035156 137.0 669.8023071289062
endloop
endfacet
facet normal -0.0 1.0 0.0
outer loop
vertex 404.0748596191406 149.0 669.7898559570312
vertex 420.878173828125 149.0 683.8894653320312
vertex 419.9595642089844 149.0 661.0679321289062
endloop
endfacet
facet normal 0.0 -1.0 0.0
outer loop
vertex 410.9073791503906 112.0 677.3388671875
vertex 436.7398376464844 112.0 679.8442993164062
vertex 411.9196472167969 112.0 679.8442993164062
endloop
endfacet
facet normal 0.0 0.0 -1.0
outer loop
vertex 409.4521484375 5.0 679.8442993164062
vertex 436.7398376464844 112.0 679.8442993164062
vertex 445.4521484375 115.0 679.8442993164062
endloop
endfacet
facet normal -0.37460693007669554 -8.506161341398316e-07 -0.9271837185465402
outer loop
vertex 410.9073791503906 112.0 677.3388671875
vertex 429.5609436035156 137.0 669.8023071289062
vertex 440.5772705078125 112.0 665.3514404296875
endloop
endfacet
facet normal 0.6729194470574249 0.0 -0.7397157682325892
outer loop
vertex 419.9595642089844 137.0 661.0679321289062
vertex 429.5609436035156 146.0 669.8023071289062
vertex 429.5609436035156 137.0 669.8023071289062
endloop
endfacet
facet normal 0.6729222926855112 1.664469141497297e-05 -0.7397131793674017
outer loop
vertex 419.9595642089844 149.0 661.0679321289062
vertex 436.1529846191406 146.0 675.7991333007812
vertex 429.5609436035156 146.0 669.8023071289062
endloop
endfacet
facet normal 0.6729206055013762 0.0 -0.7397147143944489
outer loop
vertex 419.9595642089844 149.0 661.0679321289062
vertex 436.1529846191406 149.0 675.7991333007812
vertex 436.1529846191406 146.0 675.7991333007812
endloop
endfacet
facet normal -0.3746052706088612 0.0 -0.9271843890144299
outer loop
vertex 429.5609436035156 137.0 669.8023071289062
vertex 429.5609436035156 146.0 669.8023071289062
vertex 440.5772705078125 146.0 665.3514404296875
endloop
endfacet
facet normal 0.0 -1.0 0.0
outer loop
vertex 410.9073791503906 112.0 677.3388671875
vertex 440.5772705078125 112.0 665.3514404296875
vertex 436.7398376464844 112.0 679.8442993164062
endloop
endfacet
facet normal -0.0 1.0 0.0
outer loop
vertex 419.9595642089844 149.0 661.0679321289062
vertex 420.878173828125 149.0 683.8894653320312
vertex 436.1529846191406 149.0 675.7991333007812
endloop
endfacet
facet normal 0.0 -0.0 1.0
outer loop
vertex 411.8630065917969 5.0 684.544189453125
vertex 425.1072082519531 112.0 684.544189453125
vertex 413.81854248046875 112.0 684.544189453125
endloop
endfacet
facet normal -0.9271845801921057 0.0 0.3746047974252181
outer loop
vertex 413.81854248046875 112.0 684.544189453125
vertex 415.4026794433594 112.0 688.465087890625
vertex 413.81854248046875 115.0 684.544189453125
endloop
endfacet
facet normal -0.9271827315228945 -6.731949825577175e-07 0.3746093730344861
outer loop
vertex 411.9196472167969 115.0 679.8442993164062
vertex 413.81854248046875 115.0 684.544189453125
vertex 415.4026794433594 146.0 688.465087890625
endloop
endfacet
facet normal 0.0 -1.0 0.0
outer loop
vertex 413.81854248046875 112.0 684.544189453125
vertex 425.1072082519531 112.0 684.544189453125
vertex 415.4026794433594 112.0 688.465087890625
endloop
endfacet
facet normal -0.9271845801921057 0.0 0.3746047974252181
outer loop
vertex 413.81854248046875 115.0 684.544189453125
vertex 415.4026794433594 112.0 688.465087890625
vertex 415.4026794433594 146.0 688.465087890625
endloop
endfacet
facet normal -0.0 1.0 0.0
outer loop
vertex 412.36810302734375 146.0 676.7487182617188
vertex 415.4026794433594 146.0 688.465087890625
vertex 420.878173828125 146.0 683.8894653320312
endloop
endfacet
facet normal -0.6427849579302629 0.0 0.7660466681988702
outer loop
vertex 412.36810302734375 146.0 676.7487182617188
vertex 420.878173828125 146.0 683.8894653320312
vertex 420.878173828125 149.0 683.8894653320312
endloop
endfacet
facet normal 0.37460534383026883 0.0 0.9271843594311793
outer loop
vertex 415.4026794433594 112.0 688.465087890625
vertex 423.1551818847656 146.0 685.3328857421875
vertex 415.4026794433594 146.0 688.465087890625
endloop
endfacet
facet normal 0.37460802399195775 -9.667874096827604e-07 0.9271832765747591
outer loop
vertex 415.4026794433594 112.0 688.465087890625
vertex 425.1072082519531 115.0 684.544189453125
vertex 423.1551818847656 137.0 685.3328857421875
endloop
endfacet
facet normal 0.37460776706555066 -0.0 0.9271833803806894
outer loop
vertex 415.4026794433594 112.0 688.465087890625
vertex 425.1072082519531 112.0 684.544189453125
vertex 425.1072082519531 115.0 684.544189453125
endloop
endfacet
facet normal 0.0 1.0 0.0
outer loop
vertex 415.4026794433594 146.0 688.465087890625
vertex 423.1551818847656 146.0 685.3328857421875
vertex 420.878173828125 146.0 683.8894653320312
endloop
endfacet
facet normal -0.5354002451285749 0.0 0.8445984711780278
outer loop
vertex 420.878173828125 146.0 683.8894653320312
vertex 423.1551818847656 146.0 685.3328857421875
vertex 420.878173828125 149.0 683.8894653320312
endloop
endfacet
facet normal 0.3746053438302688 -0.0 0.927184359431179
outer loop
vertex 415.4026794433594 112.0 688.465087890625
vertex 423.1551818847656 137.0 685.3328857421875
vertex 423.1551818847656 146.0 685.3328857421875
endloop
endfacet
facet normal 0.0 -0.0 1.0
outer loop
vertex 411.8630065917969 5.0 684.544189453125
vertex 447.8630065917969 115.0 684.544189453125
vertex 425.1072082519531 112.0 684.544189453125
endloop
endfacet
facet normal 0.3746067843070503 -1.0947387298820464e-06 0.927183777441092
outer loop
vertex 423.1551818847656 137.0 685.3328857421875
vertex 425.1072082519531 115.0 684.544189453125
vertex 436.7398376464844 115.0 679.8442993164062
endloop
endfacet
facet normal -0.5353916152216142 9.18219056734964e-06 0.844603941659094
outer loop
vertex 420.878173828125 149.0 683.8894653320312
vertex 423.1551818847656 146.0 685.3328857421875
vertex 439.3966979980469 149.0 695.6282958984375
endloop
endfacet
facet normal -0.5353904053488872 0.0 0.844604708642069
outer loop
vertex 423.1551818847656 137.0 685.3328857421875
vertex 439.3966979980469 137.0 695.6282958984375
vertex 423.1551818847656 146.0 685.3328857421875
endloop
endfacet
facet normal 0.0 -0.0 1.0
outer loop
vertex 425.1072082519531 112.0 684.544189453125
vertex 447.8630065917969 115.0 684.544189453125
vertex 425.1072082519531 115.0 684.544189453125
endloop
endfacet
facet normal 0.37460936120295263 7.56198520060771e-07 0.9271827363031216
outer loop
vertex 423.1551818847656 137.0 685.3328857421875
vertex 436.7398376464844 115.0 679.8442993164062
vertex 439.85552978515625 137.0 678.58544921875
endloop
endfacet
facet normal -0.0 1.0 0.0
outer loop
vertex 420.878173828125 149.0 683.8894653320312
vertex 439.3966979980469 149.0 695.6282958984375
vertex 436.1529846191406 149.0 675.7991333007812
endloop
endfacet
facet normal 0.0 -1.0 0.0
outer loop
vertex 423.1551818847656 137.0 685.3328857421875
vertex 439.85552978515625 137.0 678.58544921875
vertex 439.3966979980469 137.0 695.6282958984375
endloop
endfacet
facet normal -0.5353904053488872 0.0 0.844604708642069
outer loop
vertex 423.1551818847656 146.0 685.3328857421875
vertex 439.3966979980469 137.0 695.6282958984375
vertex 439.3966979980469 149.0 695.6282958984375
endloop
endfacet
facet normal -0.0 0.9999999999999999 0.0
outer loop
vertex 432.26190185546875 5.0 679.8442993164062
vertex 441.8160095214844 5.0 679.8442993164062
vertex 437.8163757324219 5.0 676.90234375
endloop
endfacet
facet normal 0.5925274923045413 0.0 -0.8055502286408289
outer loop
vertex 437.8163757324219 -5.0 676.90234375
vertex 437.8163757324219 5.0 676.90234375
vertex 441.8160095214844 5.0 679.8442993164062
endloop
endfacet
facet normal 0.5925281940913344 -4.325540100609162e-07 -0.8055497124365913
outer loop
vertex 437.8163757324219 -5.0 676.90234375
vertex 441.8160095214844 5.0 679.8442993164062
vertex 447.6554260253906 5.0 684.1395263671875
endloop
endfacet
facet normal 0.0 -0.0 -1.0
outer loop
vertex 432.26190185546875 5.0 679.8442993164062
vertex 445.4521484375 115.0 679.8442993164062
vertex 441.8160095214844 5.0 679.8442993164062
endloop
endfacet
facet normal 0.0 0.0 -1.0
outer loop
vertex 441.8160095214844 5.0 679.8442993164062
vertex 445.4521484375 115.0 679.8442993164062
vertex 445.4521484375 5.0 679.8442993164062
endloop
endfacet
facet normal -0.0 1.0 0.0
outer loop
vertex 429.4148864746094 5.0 684.544189453125
vertex 445.0852355957031 5.0 694.7188110351562
vertex 447.8630065917969 5.0 684.544189453125
endloop
endfacet
facet normal 0.0 -0.9999999999999999 0.0
outer loop
vertex 441.8160095214844 5.0 679.8442993164062
vertex 445.4521484375 5.0 679.8442993164062
vertex 447.6554260253906 5.0 684.1395263671875
endloop
endfacet
facet normal 0.0 0.0 1.0
outer loop
vertex 429.4148864746094 5.0 684.544189453125
vertex 447.8630065917969 5.0 684.544189453125
vertex 447.8630065917969 115.0 684.544189453125
endloop
endfacet
facet normal 0.8897672384868314 0.0 -0.45641457176071626
outer loop
vertex 445.4521484375 5.0 679.8442993164062
vertex 445.4521484375 115.0 679.8442993164062
vertex 447.6554260253906 5.0 684.1395263671875
endloop
endfacet
facet normal 0.5925260863024152 2.7633565581410173e-06 -0.8055512628278267
outer loop
vertex 437.8163757324219 -5.0 676.90234375
vertex 447.6554260253906 5.0 684.1395263671875
vertex 455.44354248046875 5.0 689.8681030273438
endloop
endfacet
facet normal 0.0 1.0 0.0
outer loop
vertex 447.6554260253906 5.0 684.1395263671875
vertex 447.8630065917969 5.0 684.544189453125
vertex 455.44354248046875 5.0 689.8681030273438
endloop
endfacet
facet normal 0.0 1.0 0.0
outer loop
vertex 445.0852355957031 5.0 694.7188110351562
vertex 455.44354248046875 5.0 689.8681030273438
vertex 447.8630065917969 5.0 684.544189453125
endloop
endfacet
facet normal 0.5151002207496345 0.0 -0.8571299566481607
outer loop
vertex 455.44354248046875 -5.0 689.8681030273438
vertex 455.44354248046875 5.0 689.8681030273438
vertex 457.54315185546875 5.0 691.1298828125
endloop
endfacet
facet normal -0.4642831491433167 0.0 0.8856868280727477
outer loop
vertex 445.0852355957031 -5.0 694.7188110351562
vertex 451.6459045410156 5.0 698.157958984375
vertex 445.0852355957031 5.0 694.7188110351562
endloop
endfacet
facet normal -0.0 1.0 0.0
outer loop
vertex 445.0852355957031 5.0 694.7188110351562
vertex 451.6459045410156 5.0 698.157958984375
vertex 456.7617492675781 5.0 692.0610961914062
endloop
endfacet
facet normal 0.0 1.0 0.0
outer loop
vertex 445.0852355957031 5.0 694.7188110351562
vertex 457.54315185546875 5.0 691.1298828125
vertex 455.44354248046875 5.0 689.8681030273438
endloop
endfacet
facet normal 0.0 1.0 0.0
outer loop
vertex 445.0852355957031 5.0 694.7188110351562
vertex 456.7617492675781 5.0 692.0610961914062
vertex 457.54315185546875 5.0 691.1298828125
endloop
endfacet
facet normal 0.7660356187351268 0.0 0.642798126031098
outer loop
vertex 456.7617492675781 -5.0 692.0610961914062
vertex 457.54315185546875 5.0 691.1298828125
vertex 456.7617492675781 5.0 692.0610961914062
endloop
endfacet
facet normal 0.7660463359447309 -0.0 0.6427853538979033
outer loop
vertex 456.7617492675781 -5.0 692.0610961914062
vertex 456.7617492675781 5.0 692.0610961914062
vertex 451.6459045410156 5.0 698.157958984375
endloop
endfacet
facet normal 0.8897629650596225 -4.108940649624122e-07 -0.45642290258940815
outer loop
vertex 447.6554260253906 5.0 684.1395263671875
vertex 445.4521484375 115.0 679.8442993164062
vertex 447.8630065917969 5.0 684.544189453125
endloop
endfacet
facet normal -0.37460527060886123 -0.0 -0.92718438901443
outer loop
vertex 429.5609436035156 137.0 669.8023071289062
vertex 440.5772705078125 146.0 665.3514404296875
vertex 440.5772705078125 112.0 665.3514404296875
endloop
endfacet
facet normal -0.0 1.0 0.0
outer loop
vertex 429.5609436035156 146.0 669.8023071289062
vertex 436.1529846191406 146.0 675.7991333007812
vertex 440.5772705078125 146.0 665.3514404296875
endloop
endfacet
facet normal 0.9271842940269895 0.0 -0.37460550571190615
outer loop
vertex 440.5772705078125 112.0 665.3514404296875
vertex 440.5772705078125 146.0 665.3514404296875
vertex 445.0725402832031 112.0 676.4776611328125
endloop
endfacet
facet normal 0.0 -0.9999999999999999 0.0
outer loop
vertex 440.5772705078125 112.0 665.3514404296875
vertex 445.0725402832031 112.0 676.4776611328125
vertex 436.7398376464844 112.0 679.8442993164062
endloop
endfacet
facet normal 0.3746073382184489 0.0 0.9271835536466814
outer loop
vertex 436.7398376464844 112.0 679.8442993164062
vertex 445.0725402832031 112.0 676.4776611328125
vertex 436.7398376464844 115.0 679.8442993164062
endloop
endfacet
facet normal 0.0 0.0 -1.0
outer loop
vertex 436.7398376464844 112.0 679.8442993164062
vertex 436.7398376464844 115.0 679.8442993164062
vertex 445.4521484375 115.0 679.8442993164062
endloop
endfacet
facet normal 0.0 1.0 -0.0
outer loop
vertex 440.5772705078125 146.0 665.3514404296875
vertex 436.1529846191406 146.0 675.7991333007812
vertex 439.85552978515625 146.0 678.58544921875
endloop
endfacet
facet normal 0.6012984591252399 0.0 -0.7990245071670908
outer loop
vertex 436.1529846191406 146.0 675.7991333007812
vertex 436.1529846191406 149.0 675.7991333007812
vertex 439.85552978515625 146.0 678.58544921875
endloop
endfacet
facet normal 0.37459997364281 2.3027125210116437e-06 0.9271865290983814
outer loop
vertex 436.7398376464844 115.0 679.8442993164062
vertex 445.0725402832031 146.0 676.4776611328125
vertex 439.85552978515625 137.0 678.58544921875
endloop
endfacet
facet normal 0.374607338218449 -0.0 0.9271835536466816
outer loop
vertex 436.7398376464844 115.0 679.8442993164062
vertex 445.0725402832031 112.0 676.4776611328125
vertex 445.0725402832031 146.0 676.4776611328125
endloop
endfacet
facet normal 0.9271842940269895 0.0 -0.37460550571190615
outer loop
vertex 440.5772705078125 146.0 665.3514404296875
vertex 445.0725402832031 146.0 676.4776611328125
vertex 445.0725402832031 112.0 676.4776611328125
endloop
endfacet
facet normal -0.0 1.0 -0.0
outer loop
vertex 440.5772705078125 146.0 665.3514404296875
vertex 439.85552978515625 146.0 678.58544921875
vertex 445.0725402832031 146.0 676.4776611328125
endloop
endfacet
facet normal 0.37460338866794585 0.0 0.9271851493625703
outer loop
vertex 439.85552978515625 137.0 678.58544921875
vertex 445.0725402832031 146.0 676.4776611328125
vertex 439.85552978515625 146.0 678.58544921875
endloop
endfacet
facet normal 0.6013037505771941 1.022910017455913e-05 -0.7990205250412314
outer loop
vertex 436.1529846191406 149.0 675.7991333007812
vertex 453.639404296875 149.0 688.9585571289062
vertex 439.85552978515625 146.0 678.58544921875
endloop
endfacet
facet normal 0.0 1.0 0.0
outer loop
vertex 425.1072082519531 115.0 684.544189453125
vertex 445.4521484375 115.0 679.8442993164062
vertex 436.7398376464844 115.0 679.8442993164062
endloop
endfacet
facet normal -0.0 0.9999999999999999 0.0
outer loop
vertex 425.1072082519531 115.0 684.544189453125
vertex 447.8630065917969 115.0 684.544189453125
vertex 445.4521484375 115.0 679.8442993164062
endloop
endfacet
facet normal 0.6013051719630412 0.0 -0.7990194554392887
outer loop
vertex 439.85552978515625 137.0 678.58544921875
vertex 439.85552978515625 146.0 678.58544921875
vertex 453.639404296875 149.0 688.9585571289062
endloop
endfacet
facet normal -0.0 1.0 0.0
outer loop
vertex 436.1529846191406 149.0 675.7991333007812
vertex 439.3966979980469 149.0 695.6282958984375
vertex 453.639404296875 149.0 688.9585571289062
endloop
endfacet
facet normal 0.0 -0.9999999999999999 0.0
outer loop
vertex 439.85552978515625 137.0 678.58544921875
vertex 453.639404296875 137.0 688.9585571289062
vertex 439.3966979980469 137.0 695.6282958984375
endloop
endfacet
facet normal -0.4545632473647805 0.0 0.8907144627461626
outer loop
vertex 439.3966979980469 137.0 695.6282958984375
vertex 449.4594421386719 149.0 700.763671875
vertex 439.3966979980469 149.0 695.6282958984375
endloop
endfacet
facet normal -0.4545632473647805 0.0 0.8907144627461626
outer loop
vertex 439.3966979980469 137.0 695.6282958984375
vertex 449.4594421386719 137.0 700.763671875
vertex 449.4594421386719 149.0 700.763671875
endloop
endfacet
facet normal 0.8897668705438948 0.0 -0.456415289054304
outer loop
vertex 447.8630065917969 5.0 684.544189453125
vertex 445.4521484375 115.0 679.8442993164062
vertex 447.8630065917969 115.0 684.544189453125
endloop
endfacet
facet normal 0.6013051719630412 0.0 -0.7990194554392885
outer loop
vertex 439.85552978515625 137.0 678.58544921875
vertex 453.639404296875 149.0 688.9585571289062
vertex 453.639404296875 137.0 688.9585571289062
endloop
endfacet
facet normal 0.5244230750026305 0.0 -0.8514578312545991
outer loop
vertex 453.639404296875 137.0 688.9585571289062
vertex 457.4142150878906 149.0 691.2835083007812
vertex 457.4142150878906 137.0 691.2835083007812
endloop
endfacet
facet normal 0.5244230750026305 0.0 -0.8514578312545991
outer loop
vertex 453.639404296875 137.0 688.9585571289062
vertex 453.639404296875 149.0 688.9585571289062
vertex 457.4142150878906 149.0 691.2835083007812
endloop
endfacet
facet normal 0.0 -1.0 0.0
outer loop
vertex 439.3966979980469 137.0 695.6282958984375
vertex 453.639404296875 137.0 688.9585571289062
vertex 455.20562744140625 137.0 693.9156494140625
endloop
endfacet
facet normal 0.0 0.9999999999999999 0.0
outer loop
vertex 439.3966979980469 149.0 695.6282958984375
vertex 457.4142150878906 149.0 691.2835083007812
vertex 453.639404296875 149.0 688.9585571289062
endloop
endfacet
facet normal 0.0 1.0 0.0
outer loop
vertex 439.3966979980469 149.0 695.6282958984375
vertex 455.20562744140625 149.0 693.9156494140625
vertex 457.4142150878906 149.0 691.2835083007812
endloop
endfacet
facet normal 0.0 -0.9999999999999999 0.0
outer loop
vertex 439.3966979980469 137.0 695.6282958984375
vertex 455.20562744140625 137.0 693.9156494140625
vertex 449.4594421386719 137.0 700.763671875
endloop
endfacet
facet normal -0.0 0.9999999999999999 0.0
outer loop
vertex 439.3966979980469 149.0 695.6282958984375
vertex 449.4594421386719 149.0 700.763671875
vertex 455.20562744140625 149.0 693.9156494140625
endloop
endfacet
facet normal 0.7660437721386744 0.0 0.642788409328879
outer loop
vertex 449.4594421386719 137.0 700.763671875
vertex 455.20562744140625 137.0 693.9156494140625
vertex 449.4594421386719 149.0 700.763671875
endloop
endfacet
facet normal 0.0 -0.9999999999999999 0.0
outer loop
vertex 453.639404296875 137.0 688.9585571289062
vertex 457.4142150878906 137.0 691.2835083007812
vertex 455.20562744140625 137.0 693.9156494140625
endloop
endfacet
facet normal 0.7660503173961033 0.0 0.642780608930706
outer loop
vertex 455.20562744140625 137.0 693.9156494140625
vertex 457.4142150878906 149.0 691.2835083007812
vertex 455.20562744140625 149.0 693.9156494140625
endloop
endfacet
facet normal 0.7660503173961033 -0.0 0.642780608930706
outer loop
vertex 457.4142150878906 137.0 691.2835083007812
vertex 457.4142150878906 149.0 691.2835083007812
vertex 455.20562744140625 137.0 693.9156494140625
endloop
endfacet
facet normal 0.7660437721386744 -0.0 0.642788409328879
outer loop
vertex 449.4594421386719 149.0 700.763671875
vertex 455.20562744140625 137.0 693.9156494140625
vertex 455.20562744140625 149.0 693.9156494140625
endloop
endfacet
facet normal 0.8829476280215881 4.968041322272764e-06 -0.4694714966282509
outer loop
vertex 380.6869812011719 146.8000030517578 642.0287475585938
vertex 374.9125061035156 139.1999969482422 631.16845703125
vertex 374.9124755859375 144.62374877929688 631.16845703125
endloop
endfacet
facet normal 0.8829480406972705 0.0 -0.46947072052349686
outer loop
vertex 380.6869812011719 146.8000030517578 642.0287475585938
vertex 374.9124755859375 144.62374877929688 631.16845703125
vertex 374.9124755859375 146.8000030517578 631.16845703125
endloop
endfacet
facet normal 0.8829490691564029 0.0 -0.46946878626362504
outer loop
vertex 380.6869812011719 139.1999969482422 642.0287475585938
vertex 374.9125061035156 139.1999969482422 631.16845703125
vertex 380.6869812011719 146.8000030517578 642.0287475585938
endloop
endfacet
facet normal 0.0 -1.0 -0.0
outer loop
vertex 393.5780334472656 146.8000030517578 635.1744384765625
vertex 374.9124755859375 146.8000030517578 631.16845703125
vertex 387.80352783203125 146.8000030517578 624.314208984375
endloop
endfacet
facet normal -0.8829469470087787 0.0 0.46947277745134175
outer loop
vertex 393.5780334472656 139.1999969482422 635.1744384765625
vertex 387.80352783203125 146.8000030517578 624.314208984375
vertex 387.80352783203125 139.1999969482422 624.314208984375
endloop
endfacet
facet normal 0.0 1.0 0.0
outer loop
vertex 380.6869812011719 139.1999969482422 642.0287475585938
vertex 387.80352783203125 139.1999969482422 624.314208984375
vertex 374.9125061035156 139.1999969482422 631.16845703125
endloop
endfacet
facet normal 0.0 -1.0 -0.0
outer loop
vertex 380.6869812011719 146.8000030517578 642.0287475585938
vertex 374.9124755859375 146.8000030517578 631.16845703125
vertex 393.5780334472656 146.8000030517578 635.1744384765625
endloop
endfacet
facet normal -0.4694723647402702 0.0 -0.8829471664517524
outer loop
vertex 380.6869812011719 139.1999969482422 642.0287475585938
vertex 380.6869812011719 146.8000030517578 642.0287475585938
vertex 393.5780334472656 146.8000030517578 635.1744384765625
endloop
endfacet
facet normal 0.0 1.0 0.0
outer loop
vertex 380.6869812011719 139.1999969482422 642.0287475585938
vertex 393.5780334472656 139.1999969482422 635.1744384765625
vertex 387.80352783203125 139.1999969482422 624.314208984375
endloop
endfacet
facet normal -0.4694723647402702 -0.0 -0.8829471664517524
outer loop
vertex 380.6869812011719 139.1999969482422 642.0287475585938
vertex 393.5780334472656 146.8000030517578 635.1744384765625
vertex 393.5780334472656 139.1999969482422 635.1744384765625
endloop
endfacet
facet normal -0.8829469470087787 0.0 0.46947277745134175
outer loop
vertex 393.5780334472656 139.1999969482422 635.1744384765625
vertex 393.5780334472656 146.8000030517578 635.1744384765625
vertex 387.80352783203125 146.8000030517578 624.314208984375
endloop
endfacet

endsolid
